# FeiLunQieGe visualization export
# units: normalized
# radius: 0.01
# delta: 0.0005
# local display proxy for sampled target point 214
mtllib local_feasible_centers.mtl
o target_point_000214
usemtl target_point
g target_point
v -0.0555879996884 0.0733026697271 0.294312450801
v -0.0596379996884 0.0733026697271 0.294312450801
v -0.0576129996884 0.0753276697271 0.294312450801
v -0.0576129996884 0.0712776697271 0.294312450801
v -0.0576129996884 0.0733026697271 0.296337450801
v -0.0576129996884 0.0733026697271 0.292287450801
f 1 3 5
f 1 5 4
f 1 4 6
f 1 6 3
f 2 5 3
f 2 4 5
f 2 6 4
f 2 3 6
o feasible_candidates
usemtl feasible_marker
g feasible_candidates
v -0.0497335456391 0.0677882088349 0.294242272787
v -0.0518133317123 0.0656307125835 0.294382628815
v -0.0496935079895 0.0656684277064 0.294312450801
v -0.0518533693619 0.067750493712 0.294312450801
v -0.0508221437615 0.066658935782 0.292814093351
v -0.05072473359 0.0667599856364 0.29581080825
f 7 9 11
f 7 11 10
f 7 10 12
f 7 12 9
f 8 11 9
f 8 10 11
f 8 12 10
f 8 9 12
v -0.0497484774071 0.0677810577077 0.293911090621
v -0.0518282634803 0.0656235614562 0.294051446649
v -0.0497107974051 0.0656601474538 0.293928976714
v -0.0518659434823 0.0677444717102 0.294033560556
v -0.0508747348971 0.066688146961 0.292483823945
v -0.0507020059903 0.0667164722029 0.295478713326
f 13 15 17
f 13 17 16
f 13 16 18
f 13 18 15
f 14 17 15
f 14 16 17
f 14 18 16
f 14 15 18
v -0.0497717239345 0.0677819481026 0.29358031195
v -0.0518515100078 0.0656244518511 0.293720667978
v -0.0497377144369 0.0656611784374 0.293545969832
v -0.0518855195055 0.0677452215164 0.293755010096
v -0.0509355355703 0.0667254169172 0.292155782438
v -0.050687698372 0.0666809830366 0.29514519749
f 19 21 23
f 19 23 22
f 19 22 24
f 19 24 21
f 20 23 21
f 20 22 23
f 20 24 22
f 20 21 24
v -0.0498032568992 0.0677908789348 0.293250339776
v -0.0518830429724 0.0656333826834 0.293390695804
v -0.0497742262906 0.065671519401 0.293163896789
v -0.0519120735809 0.0677527422172 0.293477138792
v -0.0510044717051 0.0667707002427 0.2918303685
v -0.0506818281665 0.0666535613755 0.294810667081
f 25 27 29
f 25 29 28
f 25 28 30
f 25 30 27
f 26 29 27
f 26 28 29
f 26 30 28
f 26 27 30
v -0.0498430378829 0.0678078393235 0.29292157612
v -0.0519228239561 0.065650343072 0.293061932148
v -0.0498202884823 0.0656911577458 0.292783223082
v -0.0519455733567 0.0677670246498 0.293200285187
v -0.0510814593132 0.0668239417669 0.291507978596
v -0.0506844025259 0.0666342406287 0.294475529672
f 31 33 35
f 31 35 34
f 31 34 36
f 31 36 33
f 32 35 33
f 32 34 35
f 32 36 34
f 32 33 36
v -0.0498910184188 0.067832808605 0.29259442153
v -0.051970804492 0.0656753123536 0.292734777558
v -0.0498758448922 0.0657200695455 0.292404412503
v -0.0519859780185 0.0677880514132 0.292924786584
v -0.0511664045971 0.0668850766231 0.291189005511
v -0.0506954183136 0.0666230443355 0.294140193577
f 37 39 41
f 37 41 40
f 37 40 42
f 37 42 39
f 38 41 39
f 38 40 41
f 38 42 40
f 38 39 42
v -0.0499471400498 0.0678657563582 0.292269274592
v -0.052026926123 0.0657082601068 0.29240963062
v -0.0499408278335 0.0657582195755 0.292027926575
v -0.0520332383394 0.0678157968895 0.292650978637
v -0.0512592040641 0.066954030328 0.290873837862
v -0.0507148621087 0.066619986137 0.29380506735
f 43 45 47
f 43 47 46
f 43 46 48
f 43 48 45
f 44 47 45
f 44 46 47
f 44 48 46
f 44 45 48
v -0.0500113344005 0.0679066424413 0.291946531448
v -0.0520911204737 0.0657491461898 0.292086887476
v -0.0500151581343 0.0658055613558 0.291654223988
v -0.05208729674 0.0678502272753 0.292379194937
v -0.0513597446524 0.067030718872 0.290562859633
v -0.0507427102218 0.0666250697591 0.293470559292
f 49 51 53
f 49 53 52
f 49 52 54
f 49 54 51
f 50 53 51
f 50 52 53
f 50 54 52
f 50 51 54
v -0.05008352326 0.0679554170408 0.291626585312
v -0.0521633093332 0.0657979207893 0.29176694134
v -0.0500987452347 0.0658620372079 0.291283760041
v -0.0521480873584 0.0678913006222 0.292109766612
v -0.0514679038687 0.0671150488221 0.290256449703
v -0.0507789287244 0.0666382890081 0.293137076949
f 55 57 59
f 55 59 58
f 55 58 60
f 55 60 57
f 56 59 57
f 56 58 59
f 56 60 58
f 56 57 60
v -0.0501636186771 0.0680120207325 0.291309825988
v -0.0522434047503 0.065854524481 0.291450182016
v -0.0501914872967 0.0659275783246 0.290916986087
v -0.0522155361308 0.0679389668889 0.291843021918
v -0.0515835499377 0.0672069174351 0.289954981386
v -0.0508234734897 0.0666596277784 0.292805026618
f 61 63 65
f 61 65 64
f 61 64 66
f 61 66 63
f 62 65 63
f 62 64 65
f 62 66 64
f 62 63 66
v -0.0502515230681 0.0680763845534 0.290996639399
v -0.0523313091413 0.0659188883019 0.291136995427
v -0.0502932713283 0.0660021048541 0.290554348983
v -0.052289560881 0.0679931680013 0.291579285843
v -0.0517065419624 0.0673062127832 0.289658821974
v -0.0508762902469 0.0666890600721 0.292474812852
f 67 69 71
f 67 71 70
f 67 70 72
f 67 72 69
f 68 71 69
f 68 70 71
f 68 72 70
f 68 69 72
v -0.0503471293348 0.0681484300862 0.290687407114
v -0.052426915408 0.0659909338347 0.290827763142
v -0.0504039733214 0.0660855259973 0.290196290548
v -0.0523700714215 0.0680538379236 0.291318879708
v -0.0518367300961 0.0674128138905 0.289368332293
v -0.0509373146468 0.0667265500304 0.292146837964
f 73 75 77
f 73 77 76
f 73 76 78
f 73 78 75
f 74 77 75
f 74 76 77
f 74 78 76
f 74 75 78
v -0.0504503209959 0.0682280695544 0.290382505886
v -0.0525301070691 0.066070573303 0.290522861914
v -0.0505234584027 0.0661777401184 0.28984324702
v -0.0524569696624 0.068120902739 0.291062120779
v -0.0519739557245 0.0675265908799 0.289083866258
v -0.0510064723406 0.0667720519776 0.291821501541
f 79 81 83
f 79 83 82
f 79 82 84
f 79 84 81
f 80 83 81
f 80 82 83
f 80 84 82
f 80 81 84
v -0.0505609723282 0.0683152059297 0.290082307188
v -0.0526407584014 0.0661577096783 0.290222663216
v -0.0506515809979 0.0662786348688 0.289495648529
v -0.0525501497317 0.0681942807392 0.290809321876
v -0.0521180516593 0.0676474051315 0.288805770447
v -0.0510836790703 0.0668255104765 0.291499199957
f 85 87 89
f 85 89 88
f 85 88 90
f 85 90 87
f 86 89 87
f 86 88 89
f 86 90 88
f 86 87 90
v -0.0506789485201 0.0684097330499 0.289787176768
v -0.0527587345933 0.0662522367984 0.289927532796
v -0.0507881850095 0.0663880873237 0.289153918569
v -0.0526494981038 0.0682738825246 0.290560790996
v -0.0522688423419 0.067775109452 0.288534383679
v -0.0511688407715 0.0668868603962 0.291180325886
f 91 93 95
f 91 95 94
f 91 94 96
f 91 96 93
f 92 95 93
f 92 94 95
f 92 96 94
f 92 93 96
v -0.0508041058357 0.068511535748 0.289497474197
v -0.0528838919089 0.0663540394966 0.289637830225
v -0.0509331040066 0.0665059641321 0.288818473486
v -0.052754893738 0.0683596111125 0.290316830935
v -0.052426144057 0.0679095482532 0.288270036595
v -0.0512618536876 0.0669560269914 0.290865267826
f 97 99 101
f 97 101 100
f 97 100 102
f 97 102 99
f 98 101 99
f 98 100 101
f 98 102 100
f 98 99 102
v -0.0509362917901 0.0686204899934 0.289213552431
v -0.0530160778633 0.0664629937419 0.289353908459
v -0.0510861614275 0.0666321216793 0.288489721968
v -0.052866208226 0.068451362056 0.290077738922
v -0.0525897651567 0.0680505577422 0.288013051263
v -0.0513626044968 0.0670329259931 0.290554409628
f 103 105 107
f 103 107 106
f 103 106 108
f 103 108 105
f 104 107 105
f 104 106 107
f 104 108 106
f 104 105 108
v -0.0510753453352 0.0687364630419 0.288935757387
v -0.0531551314084 0.0665789667904 0.289076113415
v -0.0512471707955 0.0667664062618 0.288168064548
v -0.0529833059481 0.0685490235705 0.289843806253
v -0.0527595062939 0.0681979661206 0.287763740778
v -0.0514709704498 0.0671174637117 0.290248130024
f 109 111 113
f 109 113 112
f 109 112 114
f 109 114 111
f 110 113 111
f 110 112 113
f 110 114 112
f 110 111 114
v -0.0512210970556 0.0688593135983 0.288664427514
v -0.0533008831288 0.0667018173469 0.288804783542
v -0.0514159359454 0.0669086542745 0.287853893117
v -0.053106044239 0.0686524766707 0.28961531794
v -0.0529351606652 0.0683515937941 0.287522408888
v -0.0515868195193 0.0672095371511 0.289946802168
f 115 117 119
f 115 119 118
f 115 118 120
f 115 120 117
f 116 119 117
f 116 118 119
f 116 120 118
f 116 117 120
v -0.0513733693753 0.0689888919882 0.288399893387
v -0.0534531554485 0.0668313957367 0.288540249415
v -0.0515922512629 0.0670586924101 0.287547590443
v -0.0532342735608 0.0687615953148 0.289392552358
v -0.0531165142627 0.0685112535909 0.287289349618
v -0.051710010561 0.067309034134 0.289650793184
f 121 123 125
f 121 125 124
f 121 124 126
f 121 126 123
f 122 125 123
f 122 124 125
f 122 126 124
f 122 123 126
v -0.0515319767738 0.0691250403401 0.288142477298
v -0.0536117628471 0.0669675440887 0.288282833326
v -0.051775901935 0.0672163378703 0.287249529709
v -0.0533678376859 0.0688762465585 0.289175780916
v -0.0533033461352 0.0686767509902 0.287064846914
v -0.0518403934857 0.0674158334386 0.28936046371
f 127 129 131
f 127 131 130
f 127 130 132
f 127 132 129
f 128 131 129
f 128 130 131
f 128 132 130
f 128 129 132
v -0.0516967260126 0.0692675927784 0.287892492872
v -0.0537765120859 0.067110096527 0.2880328489
v -0.0519666642115 0.0673813985883 0.286960074057
v -0.053506573887 0.0689962907171 0.288965267714
v -0.0534954286566 0.0688478843589 0.2868491743
v -0.0519778094419 0.0675298049465 0.289076167471
f 133 135 137
f 133 137 136
f 133 136 138
f 133 138 135
f 134 137 135
f 134 136 137
f 134 138 136
f 134 135 138
v -0.0518674163701 0.0694163756248 0.287650244673
v -0.0539472024433 0.0672588793734 0.287790600701
v -0.052164305678 0.0675536734631 0.286679576143
v -0.0536503131354 0.0691215815351 0.288761269232
v -0.0536925278041 0.0690244451974 0.286642594539
v -0.0521220910093 0.0676508098008 0.288798250836
f 139 141 143
f 139 143 142
f 139 142 144
f 139 144 141
f 140 143 141
f 140 142 143
f 140 144 142
f 140 141 144
v -0.0520438398863 0.0695712076104 0.287416027846
v -0.0541236259595 0.0674137113589 0.287556383874
v -0.0523685855389 0.0677329526042 0.286408377711
v -0.053798880307 0.069251966365 0.288564034008
v -0.0538944034426 0.0692062183934 0.286445359316
v -0.0522730624032 0.0677787005758 0.288527052404
f 145 147 149
f 145 149 148
f 145 148 150
f 145 150 147
f 146 149 147
f 146 148 149
f 146 150 148
f 146 147 150
v -0.0522257816164 0.0697319000961 0.287190127746
v -0.0543055676896 0.0675744038447 0.287330483774
v -0.0525792549106 0.0679190175878 0.286146809175
v -0.0539520943954 0.069387286353 0.288373802346
v -0.0541008096179 0.0693929824844 0.286257708932
v -0.0524305396881 0.0679133214564 0.288262902589
f 151 153 155
f 151 155 154
f 151 154 156
f 151 156 153
f 152 155 153
f 152 154 155
f 152 156 154
f 152 153 156
v -0.0524130198924 0.0698982573031 0.2869728196
v -0.0544928059656 0.0677407610516 0.287113175628
v -0.0527960571249 0.0681116417222 0.285895189216
v -0.0541097687331 0.0695273766326 0.288190806011
v -0.0543114948558 0.0695845099271 0.28607987201
v -0.0525943310022 0.0680545084276 0.288006123217
f 157 159 161
f 157 161 160
f 157 160 162
f 157 162 159
f 158 161 159
f 158 160 161
f 158 162 160
f 158 159 162
v -0.0526053265933 0.0700700765506 0.286764368161
v -0.0546851126665 0.0679125802992 0.286904724189
v -0.0530187280417 0.0683105903245 0.285653824393
v -0.0542717112181 0.0696720665252 0.288015267958
v -0.0545262024688 0.0697805673747 0.285912065218
v -0.0527642367911 0.068202089475 0.287757027133
f 163 165 167
f 163 167 166
f 163 166 168
f 163 168 165
f 164 167 165
f 164 166 167
f 164 168 166
f 164 165 168
v -0.052802467423 0.0702471485034 0.286565027398
v -0.0548822534962 0.0680896522519 0.286705383426
v -0.0532469963709 0.0685156210067 0.285423008772
v -0.0544377245484 0.0698211797486 0.287847402053
v -0.0547446708686 0.0699809159616 0.285754493001
v -0.0529400500506 0.0683558847938 0.287515917824
f 169 171 173
f 169 173 172
f 169 172 174
f 169 174 171
f 170 173 171
f 170 172 173
f 170 174 172
f 170 171 174
v -0.0532975934534 0.0717787514452 0.302771466234
v -0.0553773795267 0.0696212551937 0.302911822262
v -0.0538203001956 0.0702890559919 0.304188359002
v -0.0548546727845 0.071110950647 0.301494929493
v -0.0533882021232 0.0697421803842 0.302184807574
v -0.0552867708569 0.0716578262547 0.303498480921
f 175 177 179
f 175 179 178
f 175 178 180
f 175 180 177
f 176 179 177
f 176 178 179
f 176 180 178
f 176 177 180
v -0.0530897683456 0.0715686291762 0.302621089774
v -0.0551695544188 0.0694111329248 0.302761445802
v -0.053579660597 0.0700457565226 0.304014238891
v -0.0546796621674 0.0709340055784 0.301368296685
v -0.0531990048351 0.06954698345 0.301987831574
v -0.0550603179293 0.071432778651 0.303394704001
f 181 183 185
f 181 185 184
f 181 184 186
f 181 186 183
f 182 185 183
f 182 184 185
f 182 186 184
f 182 183 186
v -0.0528861871489 0.071361933857 0.302460505016
v -0.0549659732221 0.0692044376055 0.302600861044
v -0.0533439350008 0.0698064251003 0.303828298645
v -0.0545082253702 0.0707599463622 0.301233067415
v -0.0530151853198 0.069356362241 0.301781504305
v -0.0548369750512 0.0712100092215 0.303279861755
f 187 189 191
f 187 191 190
f 187 190 192
f 187 192 189
f 188 191 189
f 188 190 191
f 188 192 190
f 188 189 192
v -0.0526870978957 0.0711589173139 0.302289907608
v -0.0547668839689 0.0690014210624 0.302430263636
v -0.0531134106024 0.0695713533136 0.303630764805
v -0.0543405712622 0.0705889850627 0.30108940644
v -0.0528369675331 0.0691705489998 0.301566077145
v -0.0546170143315 0.0709897893765 0.3031540941
f 193 195 197
f 193 197 196
f 193 196 198
f 193 198 195
f 194 197 195
f 194 196 197
f 194 198 196
f 194 195 198
v -0.0524927431455 0.0709598268913 0.302109505397
v -0.0545725292187 0.0688023306399 0.302249861425
v -0.0528883682601 0.0693408275611 0.303421878034
v -0.0541769041042 0.07042132997 0.300937488788
v -0.0526645686058 0.0689897701112 0.301341812559
v -0.0544007037584 0.0707723874199 0.303017554264
f 199 201 203
f 199 203 202
f 199 202 204
f 199 204 201
f 200 203 201
f 200 202 203
f 200 204 202
f 200 201 204
v -0.0523033596898 0.0707649051503 0.301919518175
v -0.054383145763 0.0686074088988 0.302059874203
v -0.0526690821534 0.0691151287031 0.303201892829
v -0.0540174232993 0.070257185346 0.300777499549
v -0.0524981985796 0.0688142458265 0.301108983777
v -0.0541883068732 0.0705580682226 0.3028704086
f 205 207 209
f 205 209 208
f 205 208 210
f 205 210 207
f 206 209 207
f 206 208 209
f 206 210 208
f 206 207 210
v -0.052119178263 0.0705743895729 0.301720177412
v -0.0541989643362 0.0684168933214 0.30186053344
v -0.0524558194488 0.0688945317187 0.302971077209
v -0.0538623231505 0.0700967511756 0.300609633643
v -0.0523380601507 0.0686441899948 0.300867874468
v -0.0539800824485 0.0703470928995 0.302712836384
f 211 213 215
f 211 215 214
f 211 214 216
f 211 216 213
f 212 215 213
f 212 214 215
f 212 216 214
f 212 213 216
v -0.0519404232619 0.070388512273 0.301511725974
v -0.0540202093351 0.0682310160216 0.301652082002
v -0.0522488399738 0.0686793053715 0.302729712386
v -0.0537117926232 0.069940222923 0.30043409559
v -0.052184348423 0.0684798098032 0.300618778384
v -0.053776284174 0.0701397184914 0.302545029591
f 217 219 221
f 217 221 220
f 217 220 222
f 217 222 219
f 218 221 219
f 218 220 221
f 218 222 220
f 218 219 222
v -0.0517673124719 0.0702074997135 0.301294417827
v -0.0538470985451 0.0680500034621 0.301434773855
v -0.0520483959012 0.0684697118816 0.302478092426
v -0.0535660151159 0.069787791294 0.300251099255
v -0.0520372506707 0.0683213055234 0.300361999012
v -0.0535771603463 0.0699361976522 0.302367192669
f 223 225 227
f 223 227 226
f 223 226 228
f 223 228 225
f 224 227 225
f 224 226 227
f 224 228 226
f 224 225 228
v -0.0516000568018 0.0700315724304 0.301068517727
v -0.0536798428751 0.0678740761789 0.301208873755
v -0.0518547314411 0.0682660066064 0.30221652389
v -0.0534251682358 0.0696396420029 0.300060867593
v -0.0518969461098 0.0681688702686 0.300097849197
v -0.0533829535671 0.0697367783406 0.302179542286
f 229 231 233
f 229 233 232
f 229 232 234
f 229 234 231
f 230 233 231
f 230 232 233
f 230 234 232
f 230 231 234
v -0.051438860027 0.0698609447638 0.3008343009
v -0.0535186461002 0.0677034485123 0.300974656928
v -0.0516680825439 0.0680684377293 0.301945325458
v -0.0532894235833 0.0694959555469 0.29986363237
v -0.0517636056795 0.0680226897577 0.299826650765
v -0.0531939004476 0.0695417035185 0.301982307062
f 235 237 239
f 235 239 238
f 235 238 240
f 235 240 237
f 236 239 237
f 236 238 239
f 236 240 238
f 236 237 240
v -0.0512839185407 0.0696958245974 0.300592052702
v -0.053363704614 0.0675383283459 0.30073240873
v -0.0514886766124 0.0678772459576 0.301664827544
v -0.0531589465423 0.0693569069857 0.299659633887
v -0.0516373918349 0.067882942089 0.29954873413
v -0.0530102313198 0.0693512108543 0.301775727301
f 241 243 245
f 241 245 244
f 241 244 246
f 241 246 243
f 242 245 243
f 242 244 245
f 242 246 244
f 242 243 246
v -0.0511354211155 0.0695364131046 0.300342068275
v -0.0532152071887 0.0673789168531 0.300482424303
v -0.0513167322253 0.0676926642291 0.301375371892
v -0.0530338960789 0.0692226657286 0.299449120685
v -0.051518458348 0.0677497975236 0.299264437891
v -0.0528321699562 0.0691655324341 0.301560054687
f 247 249 251
f 247 251 250
f 247 250 252
f 247 252 249
f 248 251 249
f 248 250 251
f 248 252 250
f 248 249 252
v -0.0509935486725 0.0693829045037 0.300084652187
v -0.0530733347457 0.0672254082523 0.300225008215
v -0.0511524588702 0.0675149174281 0.301077311159
v -0.0529144245479 0.0690933953279 0.299232349243
v -0.0514069501209 0.0676234182777 0.298974108418
v -0.0526599332972 0.0689848944784 0.301335551984
f 253 255 257
f 253 257 256
f 253 256 258
f 253 258 255
f 254 257 255
f 254 256 257
f 254 258 256
f 254 255 258
v -0.0508584740614 0.0692354858214 0.299820118059
v -0.0529382601346 0.06707798957 0.299960474087
v -0.0509960566889 0.0673442221118 0.300771008485
v -0.052800677507 0.0689692532796 0.299009583662
v -0.0513030030092 0.0675039583248 0.298678099433
v -0.0524937311867 0.0688095170667 0.301102492713
f 259 261 263
f 259 263 262
f 259 262 264
f 259 264 261
f 260 263 261
f 260 262 263
f 260 264 262
f 260 261 264
v -0.0507303618498 0.0690943366647 0.299548788186
v -0.052810147923 0.0669368404132 0.299689144214
v -0.0508477162334 0.0671807862461 0.300456837053
v -0.0526927935393 0.0688503908318 0.298781095348
v -0.0512067436565 0.0673915632085 0.298376771578
v -0.0523337661163 0.0686396138694 0.300861160823
f 265 267 269
f 265 269 268
f 265 268 270
f 265 270 267
f 266 269 267
f 266 268 269
f 266 270 268
f 266 267 270
v -0.0506093681228 0.0689596290019 0.299270993142
v -0.052689154196 0.0668021327505 0.29941134917
v -0.0507076182337 0.0670248089524 0.300135179633
v -0.052590904085 0.0687369528 0.298547162679
v -0.05111828934 0.067286369865 0.298070491974
v -0.0521802329788 0.0684753918874 0.300611850338
f 271 273 275
f 271 275 274
f 271 274 276
f 271 276 273
f 272 275 273
f 272 274 275
f 272 276 274
f 272 273 276
v -0.0504956402925 0.0688315269537 0.298987071377
v -0.0525754263657 0.0666740307023 0.299127427405
v -0.0505759333776 0.066876480265 0.299806428115
v -0.0524951332806 0.068629077391 0.298308070666
v -0.0510377478276 0.0671885064561 0.297759633775
v -0.0520333188306 0.0683170511999 0.300354865006
f 277 279 281
f 277 281 280
f 277 280 282
f 277 282 279
f 278 281 279
f 278 280 281
f 278 282 280
f 278 279 282
v -0.0503893169188 0.0687101865927 0.298697368805
v -0.052469102992 0.0665526903412 0.298837724833
v -0.0504528221028 0.0667359808996 0.299470983032
v -0.052405597808 0.0685268960343 0.298064110605
v -0.0509652172467 0.0670980922133 0.297444575716
v -0.0518932026641 0.0681647847206 0.300090517922
f 283 285 287
f 283 287 286
f 283 286 288
f 283 288 285
f 284 287 285
f 284 286 287
f 284 288 286
f 284 285 288
v -0.0502905275404 0.0685957557533 0.298402238385
v -0.0523703136136 0.0664382595019 0.298542594413
v -0.0503384344015 0.066603482033 0.299129253072
v -0.0523224067525 0.0684305332223 0.297815579726
v -0.0509007859647 0.0670152372925 0.297125701644
v -0.0517600551893 0.0680187779627 0.299819131154
f 289 291 293
f 289 293 292
f 289 292 294
f 289 294 291
f 290 293 291
f 290 292 293
f 290 294 292
f 290 291 294
v -0.0501993925169 0.0684883738521 0.298102039688
v -0.0522791785901 0.0663308776006 0.298242395716
v -0.0502329096374 0.0664791450946 0.298781654581
v -0.0522456614695 0.068340106358 0.297562780823
v -0.0508445324813 0.0669400426397 0.29680340006
v -0.0516340386257 0.067879208813 0.299541035344
f 295 297 299
f 295 299 298
f 295 298 300
f 295 300 297
f 296 299 297
f 296 298 299
f 296 300 298
f 296 297 300
v -0.0501160228822 0.0683881717171 0.297797138459
v -0.0521958089554 0.0662306754657 0.297937494487
v -0.0501363763762 0.06636312157 0.298428611053
v -0.0521754554614 0.0682557256128 0.297306021893
v -0.0507965253325 0.0668725998678 0.296478063638
v -0.0515153065051 0.067746247315 0.299256569309
f 301 303 305
f 301 305 304
f 301 304 306
f 301 306 303
f 302 305 303
f 302 304 305
f 302 306 304
f 302 303 306
v -0.0500405202095 0.0682952714294 0.297487906174
v -0.0521203062827 0.066137775178 0.297628262202
v -0.0500489522289 0.0662555528158 0.298070552618
v -0.0521118742633 0.0681774937916 0.297045615759
v -0.0507568230077 0.0668129911456 0.29615008875
v -0.0514040034845 0.0676200554618 0.298966079627
f 307 309 311
f 307 311 310
f 307 310 312
f 307 312 309
f 308 311 309
f 308 310 311
f 308 312 310
f 308 309 312
v -0.0499729764871 0.0682097861737 0.297174719585
v -0.0520527625603 0.0660522899222 0.297315075613
v -0.0499707437082 0.0661565698881 0.297707915515
v -0.0520549953392 0.0681055062078 0.296781879683
v -0.0507254738781 0.0667612890971 0.295819874983
v -0.0513002651693 0.0675007869988 0.298669920215
f 313 315 317
f 313 317 316
f 313 316 318
f 313 318 315
f 314 317 315
f 314 316 317
f 314 318 316
f 314 315 318
v -0.0499134740066 0.0681318201004 0.296857960261
v -0.0519932600798 0.065974323849 0.296998316289
v -0.0499018460992 0.0660662933822 0.29734114156
v -0.0520048879872 0.0680398505672 0.29651513499
v -0.0507025161377 0.0667175567133 0.295487824652
v -0.0512042179487 0.0673885872361 0.298368451898
f 319 321 323
f 319 323 322
f 319 322 324
f 319 324 321
f 320 323 321
f 320 322 323
f 320 324 322
f 320 321 324
v -0.0498620852627 0.0680614681994 0.296538014125
v -0.0519418713359 0.0659039719479 0.296678370153
v -0.0498423433431 0.0659848332863 0.296970677613
v -0.0519616132554 0.067980606861 0.296245706664
v -0.0506879777571 0.0666818472753 0.295154342309
v -0.0511159788414 0.067283592872 0.298062041968
f 325 327 329
f 325 329 328
f 325 328 330
f 325 330 327
f 326 329 327
f 326 328 329
f 326 330 328
f 326 327 330
v -0.0498188728645 0.0679988161835 0.296215270981
v -0.0518986589377 0.065841319932 0.296355627009
v -0.0497923079347 0.0659122888468 0.296596975026
v -0.0519252238675 0.0679278472687 0.295973922965
v -0.050681876449 0.0666542042896 0.294819834251
v -0.0510356553533 0.0671859318259 0.29775106374
f 331 333 335
f 331 335 334
f 331 334 336
f 331 336 333
f 332 335 333
f 332 334 335
f 332 336 334
f 332 333 336
v -0.0497838894599 0.0679439403845 0.295890124044
v -0.0518636755331 0.0657864441331 0.296030480072
v -0.0497518008346 0.065848748448 0.296220489098
v -0.0518957641584 0.0678816360696 0.295700115017
v -0.0506842196469 0.0666346614349 0.294484708025
v -0.0509633453461 0.0670957230827 0.297435896091
f 337 339 341
f 337 341 340
f 337 340 342
f 337 342 339
f 338 341 339
f 338 340 341
f 338 342 340
f 338 339 342
v -0.0497571776705 0.0678969076602 0.295562969453
v -0.0518369637438 0.0657394114088 0.295703325481
v -0.0497208713943 0.0657942895041 0.29584167852
v -0.05187327002 0.0678420295649 0.295424616414
v -0.0506950044959 0.0666232425212 0.294149371929
v -0.0508991369184 0.0670130765478 0.297116923005
f 343 345 347
f 343 347 346
f 343 346 348
f 343 348 345
f 344 347 345
f 344 346 347
f 344 348 346
f 344 345 348
v -0.0497387700408 0.0678577753128 0.295234205797
v -0.051818556114 0.0657002790613 0.295374561825
v -0.0496995572967 0.0657489783649 0.295461004812
v -0.0518577688581 0.0678090760092 0.295147762809
v -0.0507142178565 0.0666199614607 0.29381423452
v -0.0508431082982 0.0669380929134 0.296794533101
f 349 351 353
f 349 353 352
f 349 352 354
f 349 354 351
f 350 353 351
f 350 352 353
f 350 354 352
f 350 351 354
v -0.0497286889974 0.0678265910189 0.294904233623
v -0.0518084750706 0.0656690947674 0.295044589651
v -0.0496878845097 0.0657128702351 0.295078931769
v -0.0518492795584 0.0677828155511 0.294869891505
v -0.0507418363201 0.0666248222508 0.293479704111
v -0.050795327748 0.0668708635355 0.296469119163
f 355 357 359
f 355 359 358
f 355 358 360
f 355 360 357
f 356 359 357
f 356 358 359
f 356 360 358
f 356 357 360
v -0.0497269468227 0.0678033927718 0.294573454952
v -0.0518067328959 0.0656458965203 0.29471381098
v -0.0496858672547 0.0656860091069 0.294695924887
v -0.0518478124639 0.0677632801851 0.294591341045
v -0.0507778262378 0.0666378189694 0.293146188276
v -0.0507558534808 0.0668114703227 0.296141077657
f 361 363 365
f 361 365 364
f 361 364 366
f 361 366 363
f 362 365 363
f 362 364 365
f 362 366 364
f 362 363 366
v -0.0495535571914 0.0676147033345 0.294242272787
v -0.0516333432646 0.065457207083 0.294382628815
v -0.0495135195418 0.0654949222059 0.294312450801
v -0.0516733809142 0.0675769882116 0.294312450801
v -0.0506421553138 0.0664854302815 0.292814093351
v -0.0505447451423 0.066586480136 0.29581080825
f 367 369 371
f 367 371 370
f 367 370 372
f 367 372 369
f 368 371 369
f 368 370 371
f 368 372 370
f 368 369 372
v -0.0495688819006 0.0676073640197 0.293902375301
v -0.0516486679739 0.0654498677682 0.294042731329
v -0.0495312018986 0.0654864537658 0.293920261394
v -0.0516863479759 0.0675707780221 0.294024845236
v -0.0506951393906 0.066514453273 0.292475108624
v -0.0505224104839 0.0665427785149 0.295469998006
f 373 375 377
f 373 377 376
f 373 376 378
f 373 378 375
f 374 377 375
f 374 376 377
f 374 378 376
f 374 375 378
v -0.0495927401788 0.067608277846 0.293562891928
v -0.0516725262521 0.0654507815946 0.293703247956
v -0.0495587306811 0.0654875081808 0.29352854981
v -0.0517065357497 0.0675715512598 0.293737590074
v -0.0507565518146 0.0665517466606 0.292138362416
v -0.0505087146163 0.06650731278 0.295127777468
f 379 381 383
f 379 383 382
f 379 382 384
f 379 384 381
f 380 383 381
f 380 382 383
f 380 384 382
f 380 381 384
v -0.0496251029583 0.0676174437001 0.293224236276
v -0.0517048890315 0.0654599474487 0.293364592304
v -0.0495960723498 0.0654980841663 0.293137793288
v -0.0517339196401 0.0675793069825 0.293451035292
v -0.0508263177642 0.066597265008 0.291804265
v -0.0505036742257 0.0664801261408 0.294784563581
f 385 387 389
f 385 389 388
f 385 388 390
f 385 390 387
f 386 389 387
f 386 388 389
f 386 390 388
f 386 387 390
v -0.04966593081 0.0676348504148 0.292886820945
v -0.0517457168833 0.0654773541634 0.293027176973
v -0.0496431814095 0.0655181688371 0.292748467906
v -0.0517684662838 0.0675940357411 0.293165530011
v -0.0509043522403 0.0666509528582 0.291473223421
v -0.050507295453 0.06646125172 0.294440774497
f 391 393 395
f 391 395 394
f 391 394 396
f 391 396 393
f 392 395 393
f 392 394 395
f 392 396 394
f 392 393 396
v -0.0497151739916 0.0676604767827 0.292551057023
v -0.0517949600648 0.0655029805313 0.292691413051
v -0.0497000004651 0.0655477377231 0.292361047996
v -0.0518101335913 0.0676157195909 0.292881422077
v -0.0509905601699 0.0667127448008 0.291145641004
v -0.0505195738864 0.0664507125132 0.29409682907
f 397 399 401
f 397 401 400
f 397 400 402
f 397 402 399
f 398 401 399
f 398 400 401
f 398 402 400
f 398 399 402
v -0.0497727725076 0.067694291582 0.292217353587
v -0.0518525585809 0.0655367953306 0.292357709615
v -0.0497664602913 0.0655867547993 0.29197600557
v -0.0518588707972 0.0676443321134 0.292599057631
v -0.051084836522 0.0667825655518 0.290821916856
v -0.0505404945665 0.0664485213608 0.293753146345
f 403 405 407
f 403 407 406
f 403 406 408
f 403 408 405
f 404 407 405
f 404 406 407
f 404 408 406
f 404 405 408
v -0.0498386561834 0.0677362536147 0.291886117203
v -0.0519184422566 0.0655787573632 0.292026473231
v -0.0498424799172 0.0656351725292 0.291593809742
v -0.0519146185228 0.0676798384486 0.292318780691
v -0.0511870664353 0.0668603300454 0.290502445387
v -0.0505700320047 0.0664546809324 0.293410145046
f 409 411 413
f 409 413 412
f 409 412 414
f 409 414 411
f 410 413 411
f 410 412 413
f 410 414 412
f 410 411 414
v -0.0499127447496 0.0677863117563 0.291557751431
v -0.0519925308229 0.0656288155048 0.291698107459
v -0.0499279667244 0.0656929319234 0.29121492616
v -0.0519773088481 0.0677221953377 0.292040932731
v -0.0512971253584 0.0669459435375 0.290187615822
v -0.0506081502141 0.0664691837235 0.293068243068
f 415 417 419
f 415 419 418
f 415 418 420
f 415 420 417
f 416 419 417
f 416 418 419
f 416 420 418
f 416 417 420
v -0.0499949479409 0.0678444050188 0.291232656336
v -0.0520747340142 0.0656869087673 0.291373012364
v -0.0500228165605 0.0657599626109 0.290839816434
v -0.0520468653946 0.0677713511752 0.291765852265
v -0.0514148792015 0.0670393017214 0.289877811734
v -0.0506548027536 0.0664920120647 0.292727856966
f 421 423 425
f 421 425 424
f 421 424 426
f 421 426 423
f 422 425 423
f 422 424 425
f 422 426 424
f 422 423 426
v -0.0500851656053 0.0679104626245 0.290911227994
v -0.0521649516785 0.065752966373 0.291051584022
v -0.0501269138655 0.0658361829251 0.290468937578
v -0.0521232034183 0.0678272460723 0.291493874438
v -0.0515401844997 0.0671402908543 0.28957341057
v -0.0507099327842 0.0665231381432 0.292389401447
f 427 429 431
f 427 431 430
f 427 430 432
f 427 432 429
f 428 431 429
f 428 430 431
f 428 432 430
f 428 429 432
v -0.0501832878265 0.0679844040923 0.290593858018
v -0.0522630738997 0.0658269078409 0.290734214046
v -0.050240131813 0.0659215000034 0.290102741452
v -0.0522062299131 0.0678898119297 0.291225330611
v -0.0516728885877 0.0672487878966 0.289274783196
v -0.0507734731385 0.0665625240365 0.292053288867
f 433 435 437
f 433 437 436
f 433 436 438
f 433 438 435
f 434 437 435
f 434 436 437
f 434 438 436
f 434 435 438
v -0.0502891950576 0.0680661393361 0.290280933072
v -0.0523689811308 0.0659086430846 0.2904212891
v -0.0503623324643 0.0660158099001 0.289741674207
v -0.0522958437241 0.0679589725206 0.290960547965
v -0.0518128297862 0.0673646606615 0.288982293444
v -0.0508453464023 0.0666101217592 0.291719928728
f 439 441 443
f 439 443 442
f 439 442 444
f 439 444 441
f 440 443 441
f 440 442 443
f 440 444 442
f 440 441 444
v -0.0504027582671 0.0681555687739 0.289972834409
v -0.0524825443403 0.0659980725224 0.290113190437
v -0.0504933669368 0.0661189977129 0.28938617575
v -0.0523919356706 0.0680346435834 0.290699849097
v -0.0519598375981 0.0674877679757 0.288696297669
v -0.0509254650092 0.0666658733206 0.291389727178
f 445 447 449
f 445 449 448
f 445 448 450
f 445 450 447
f 446 449 447
f 446 448 449
f 446 450 448
f 446 447 450
v -0.0505238390955 0.0682525834498 0.289669937399
v -0.0526036251688 0.0660950871983 0.289810293427
v -0.050633075585 0.0662309377236 0.2890366792
v -0.0524943886793 0.0681167329245 0.290443551627
v -0.0521137329173 0.0676179598519 0.28841714431
v -0.051013731347 0.0667297107962 0.291063086517
f 451 453 455
f 451 455 454
f 451 454 456
f 451 456 453
f 452 455 453
f 452 454 455
f 452 456 454
f 452 453 456
v -0.0506522900247 0.0683570651663 0.289372611076
v -0.0527320760979 0.0661995689149 0.289512967104
v -0.0507812881956 0.0663514935504 0.288693610365
v -0.052603077927 0.0682051405308 0.290191967815
v -0.052274328246 0.0677550776715 0.288145173475
v -0.0511100378767 0.0668015564097 0.290740404705
f 457 459 461
f 457 461 460
f 457 460 462
f 457 462 459
f 458 461 459
f 458 460 461
f 458 462 460
f 458 459 462
v -0.0507879545569 0.0684688866286 0.289081217685
v -0.0528677406301 0.0663113903772 0.289221573713
v -0.0509378241943 0.0664805183146 0.288357387222
v -0.0527178709927 0.0682997586913 0.289945404176
v -0.0524414279235 0.0678989543775 0.287880716517
v -0.0512142672636 0.0668813226284 0.290422074881
f 463 465 467
f 463 467 466
f 463 466 468
f 463 468 465
f 464 467 465
f 464 466 467
f 464 468 466
f 464 465 468
v -0.0509306674058 0.0685879115995 0.288796112245
v -0.053010453479 0.0664304153481 0.288936468273
v -0.0511024928661 0.0666178548194 0.288028419406
v -0.0528386280187 0.0684004721281 0.289704161111
v -0.0526148283645 0.0680494146782 0.287624095636
v -0.0513262925204 0.0669689122693 0.290108484881
f 469 471 473
f 469 473 472
f 469 472 474
f 469 474 471
f 470 473 471
f 470 472 473
f 470 474 472
f 470 471 474
v -0.0510802546978 0.0687139950653 0.288517642112
v -0.053160040771 0.0665564988139 0.28865799814
v -0.0512750935876 0.0667633357415 0.287707107715
v -0.0529652018812 0.0685071581377 0.289468532538
v -0.0527943183074 0.068206275261 0.287375623486
v -0.0514459771615 0.0670642186181 0.289800016766
f 475 477 479
f 475 479 478
f 475 478 480
f 475 480 477
f 476 479 477
f 476 478 479
f 476 480 478
f 476 477 480
v -0.0512365341838 0.0688469834128 0.28824614656
v -0.053316320257 0.0666894871613 0.288386502588
v -0.0514554160714 0.0669167838348 0.287393843616
v -0.0530974383693 0.0686196867394 0.289238805532
v -0.0529796790712 0.0683693450155 0.287135602791
v -0.0515731753695 0.0671671255587 0.289497046357
f 481 483 485
f 481 485 484
f 481 484 486
f 481 486 483
f 482 485 483
f 482 484 485
f 482 486 484
f 482 483 486
v -0.0513993154613 0.0689867146161 0.287981956365
v -0.0534791015345 0.0668292183647 0.288122312393
v -0.0516432406224 0.0670780121463 0.287089008775
v -0.0532351763733 0.0687379208345 0.289015259982
v -0.0531706848226 0.0685384252662 0.286904325981
v -0.0517077321731 0.0672775077146 0.289199942777
f 487 489 491
f 487 491 490
f 487 490 492
f 487 492 489
f 488 491 489
f 488 490 491
f 488 492 490
f 488 489 492
v -0.0515684002063 0.0691330184343 0.2877253934
v -0.0536481862796 0.0669755221829 0.287865749428
v -0.0518383384052 0.0672468242442 0.286792974585
v -0.0533782480807 0.068861716373 0.288798168243
v -0.0533671028503 0.0687133100148 0.286682074829
v -0.0518494836356 0.0673952306024 0.288909067999
f 493 495 497
f 493 497 496
f 493 496 498
f 493 498 495
f 494 497 495
f 494 496 497
f 494 498 496
f 494 495 498
v -0.0517435824153 0.0692857166188 0.287476770249
v -0.0538233684885 0.0671282203674 0.287617126277
v -0.0520404717232 0.0674230144571 0.286506101719
v -0.0535264791806 0.0689909225291 0.288587794807
v -0.0535686938493 0.0688937861914 0.286469120115
v -0.0519982570546 0.0675201507948 0.288624776412
f 499 501 503
f 499 503 502
f 499 502 504
f 499 504 501
f 500 503 501
f 500 502 503
f 500 504 502
f 500 501 504
v -0.0519246486556 0.0694446231303 0.287236389821
v -0.0540044347289 0.0672871268788 0.287376745849
v -0.0522493943082 0.0676063681242 0.286228739687
v -0.0536796890763 0.069125381885 0.288384395984
v -0.053775212212 0.0690796339134 0.286265721291
v -0.0521538711725 0.0676521160958 0.288347414379
f 505 507 509
f 505 509 508
f 505 508 510
f 505 510 507
f 506 509 507
f 506 508 509
f 506 510 508
f 506 507 510
v -0.052111378326 0.0696095443657 0.287004544982
v -0.0541911643992 0.0674520481142 0.28714490101
v -0.0524648516202 0.0677966618573 0.285961226411
v -0.053837691105 0.0692649306226 0.288188219582
v -0.0539864063275 0.069270626754 0.286072126168
v -0.0523161363977 0.067790965726 0.288077319825
f 511 513 515
f 511 515 514
f 511 514 516
f 511 516 513
f 512 515 513
f 512 514 515
f 512 516 514
f 512 513 516
v -0.052303543925 0.0697802793939 0.2867815182
v -0.0543833299983 0.0676227831424 0.286921874228
v -0.0526865811575 0.067993663813 0.285703887816
v -0.0540002927658 0.0694093987234 0.287999504612
v -0.0542020188884 0.0694665320179 0.28588857061
v -0.0524848550349 0.0679365305184 0.287814821817
f 517 519 521
f 517 521 520
f 517 520 522
f 517 522 519
f 518 521 519
f 518 520 521
f 518 522 520
f 518 519 522
v -0.0525009113286 0.0699566202006 0.286567581198
v -0.0545806974018 0.0677991239491 0.286707937226
v -0.052914312777 0.0681971339745 0.285457037429
v -0.0541672959534 0.0695586101752 0.287818480995
v -0.0544217872041 0.0696671110247 0.285715278254
v -0.0526598215264 0.068088633125 0.28756024017
f 523 525 527
f 523 527 526
f 523 526 528
f 523 528 525
f 524 527 525
f 524 526 527
f 524 528 526
f 524 525 528
v -0.0532113957377 0.0717102602239 0.302995918693
v -0.0552911818109 0.0695527639725 0.303136274721
v -0.0537341024798 0.0702205647707 0.304412811462
v -0.0547684750688 0.0710424594257 0.301719381952
v -0.0533020044074 0.069673689163 0.302409260033
v -0.0552005731412 0.0715893350334 0.30372293338
f 529 531 533
f 529 533 532
f 529 532 534
f 529 534 531
f 530 533 531
f 530 532 533
f 530 534 532
f 530 531 534
v -0.052998101548 0.0714946084216 0.302841584958
v -0.0550778876213 0.0693371121701 0.302981940986
v -0.0534879937995 0.0699717357679 0.304234734075
v -0.0545879953699 0.0708599848237 0.301588791868
v -0.0531073380375 0.0694729626954 0.302208326758
v -0.0549686511318 0.0713587578963 0.303615199185
f 535 537 539
f 535 539 538
f 535 538 540
f 535 540 537
f 536 539 537
f 536 538 539
f 536 540 538
f 536 537 540
v -0.0527891629514 0.0712824737518 0.302676774285
v -0.0548689490246 0.0691249775004 0.302817130313
v -0.0532469108034 0.0697269649952 0.304044567914
v -0.0544112011727 0.070680486257 0.301449336684
v -0.0529181611223 0.0692769021359 0.301997773575
v -0.0547399508537 0.0711305491163 0.303496131024
f 541 543 545
f 541 545 544
f 541 544 546
f 541 546 543
f 542 545 543
f 542 544 545
f 542 546 544
f 542 543 546
v -0.0525848345073 0.0710741146681 0.302501687472
v -0.0546646205806 0.0689166184167 0.3026420435
v -0.053011147214 0.0694865506678 0.303842544668
v -0.0542383078739 0.070504182417 0.301301186304
v -0.0527347041447 0.0690857463541 0.301777857009
v -0.0545147509432 0.0709049867307 0.303365873963
f 547 549 551
f 547 551 550
f 547 550 552
f 547 552 549
f 548 551 549
f 548 550 551
f 548 552 550
f 548 549 552
v -0.0523853651585 0.0708697850239 0.302316537834
v -0.0544651512317 0.0687122887725 0.302456893862
v -0.0527809902731 0.0692507856937 0.303628910471
v -0.0540695261172 0.0703312881026 0.301144521226
v -0.0525571906188 0.0688997282438 0.301548844996
v -0.0542933257714 0.0706823455525 0.303224586701
f 553 555 557
f 553 557 556
f 553 556 558
f 553 558 555
f 554 557 555
f 554 556 557
f 554 558 556
f 554 555 558
v -0.0521909979276 0.0706697337634 0.302121550948
v -0.0542707840008 0.0685122375119 0.302261906976
v -0.0525567203913 0.0690199573162 0.303403925603
v -0.0539050615372 0.0701620139591 0.300979532322
v -0.0523858368175 0.0687190744396 0.301311016551
v -0.054075945111 0.0704628968357 0.303072441374
f 559 561 563
f 559 563 562
f 559 562 564
f 559 564 561
f 560 563 561
f 560 562 563
f 560 564 562
f 560 561 564
v -0.0520019696212 0.0704742046181 0.301916964376
v -0.0540817556944 0.0683167083667 0.302057320404
v -0.0523386108069 0.068794346764 0.303167864173
v -0.0537451145087 0.0699965662208 0.300806420607
v -0.0522208515089 0.0685440050401 0.301064661432
v -0.0538628738067 0.0702469079447 0.302909623347
f 565 567 569
f 565 569 568
f 565 568 570
f 565 570 567
f 566 569 567
f 566 568 569
f 566 570 568
f 566 567 570
v -0.0518185105411 0.0702834358104 0.301703027373
v -0.0538982966143 0.0681259395589 0.301843383401
v -0.052126927253 0.0685742289089 0.302921013785
v -0.0535898799025 0.0698351464604 0.300625396989
v -0.0520624357023 0.0683747333405 0.300810079784
v -0.0536543714532 0.0700346420288 0.302736330991
f 571 573 575
f 571 575 574
f 571 574 576
f 571 576 573
f 572 575 573
f 572 574 575
f 572 576 574
f 572 573 576
v -0.051640844204 0.0700976597625 0.301480000591
v -0.0537206302772 0.067940163511 0.301620356619
v -0.0519219276333 0.0683598719306 0.30266367519
v -0.053439546848 0.069677951343 0.30043668202
v -0.0519107824029 0.0682114655724 0.300547581776
v -0.0534506920784 0.0698263577012 0.302552775434
f 577 579 581
f 577 581 580
f 577 580 582
f 577 582 579
f 578 581 579
f 578 580 581
f 578 582 580
f 578 579 582
v -0.0514691870689 0.069917102814 0.301248155752
v -0.0535489731422 0.0677596065625 0.30138851178
v -0.0517238617082 0.06815153699 0.302396161915
v -0.0532942985029 0.0695251723865 0.300240505618
v -0.0517660763769 0.0680544006523 0.300277487222
v -0.0532520838342 0.0696223087243 0.30235918031
f 583 585 587
f 583 587 586
f 583 586 588
f 583 588 585
f 584 587 585
f 584 586 587
f 584 588 586
f 584 585 588
v -0.0513037482737 0.0697419849457 0.301007775324
v -0.0533835343469 0.0675844886942 0.301148131352
v -0.0515329707906 0.0679494779111 0.302118799882
v -0.05315431183 0.0693769957287 0.300037106794
v -0.0516284939263 0.0679037299396 0.300000125189
v -0.0530587886943 0.0694227437003 0.302155781486
f 589 591 593
f 589 593 592
f 589 592 594
f 589 594 591
f 590 593 591
f 590 592 593
f 590 594 592
f 590 591 594
v -0.0511447293799 0.0695725195117 0.300759152173
v -0.0532245154531 0.0674150232602 0.300899508201
v -0.0513494874516 0.067753940872 0.301831927016
v -0.0530197573814 0.0692336019 0.299826733358
v -0.0514982026741 0.0677596370033 0.299715833602
v -0.052871042159 0.0692279057686 0.301942826772
f 595 597 599
f 595 599 598
f 595 598 600
f 595 600 597
f 596 599 597
f 596 598 599
f 596 600 598
f 596 597 600
v -0.0509923241277 0.0694089129796 0.300502589209
v -0.0530721102009 0.0672514167282 0.300642945237
v -0.0511736352375 0.0675651641042 0.301535892826
v -0.0528907990911 0.0690951656036 0.299609641619
v -0.0513753613602 0.0676222973987 0.299424958825
v -0.0526890729684 0.0690380323091 0.301720575621
f 601 603 605
f 601 605 604
f 601 604 606
f 601 606 603
f 602 605 603
f 602 604 605
f 602 606 604
f 602 603 606
v -0.0508467181993 0.0692513646788 0.300238399013
v -0.0529265042725 0.0670938684273 0.300378755041
v -0.0510056283971 0.0673833776032 0.301231057985
v -0.0527675940748 0.0689618555029 0.299386096069
v -0.0512601196477 0.0674918784527 0.299127855244
v -0.0525131028241 0.0688533546534 0.30148929881
f 607 609 611
f 607 611 610
f 607 610 612
f 607 612 609
f 608 611 609
f 608 610 611
f 608 612 610
f 608 609 612
v -0.0507080889932 0.0691000665575 0.299966903461
v -0.0527878750664 0.066942570306 0.300107259489
v -0.0508456716208 0.0672088028478 0.300917793887
v -0.0526502924388 0.0688338340156 0.299156369064
v -0.051152617941 0.0673685390608 0.298824884835
v -0.0523433461186 0.0686740978027 0.301249278115
f 613 615 617
f 613 617 616
f 613 616 618
f 613 618 615
f 614 617 615
f 614 616 617
f 614 618 616
f 614 615 618
v -0.0505766054076 0.0689552029492 0.299688433329
v -0.0526563914809 0.0667977066977 0.299828789357
v -0.0506939597913 0.0670416525306 0.300596482195
v -0.0525390370972 0.0687112571163 0.29892074049
v -0.0510529872143 0.067252429493 0.29851641672
v -0.0521800096741 0.0685004801539 0.301000805965
f 619 621 623
f 619 623 622
f 619 622 624
f 619 624 621
f 620 623 621
f 620 622 623
f 620 624 622
f 620 621 624
v -0.0504524276352 0.0688169503479 0.299403327888
v -0.0525322137084 0.0666594540965 0.299543683916
v -0.0505506777461 0.0668821302984 0.300267514379
v -0.0524339635974 0.068594274146 0.298679497425
v -0.0509613488524 0.067143691211 0.29820282672
v -0.0520232924912 0.0683327132334 0.300744185085
f 625 627 629
f 625 629 628
f 625 628 630
f 625 630 627
f 626 629 627
f 626 628 629
f 626 630 628
f 626 627 630
v -0.0503357069672 0.0686854771932 0.299111934497
v -0.0524154930405 0.0665279809418 0.299252290525
v -0.0504160000524 0.0667304305045 0.299931291236
v -0.0523351999553 0.0684830276305 0.298432933787
v -0.0508778145023 0.0670424566956 0.297884496896
v -0.0518733855054 0.0681710014394 0.300479728127
f 631 633 635
f 631 635 634
f 631 634 636
f 631 636 633
f 632 635 633
f 632 634 635
f 632 636 634
f 632 633 636
v -0.0502265856101 0.0685609436648 0.298814608174
v -0.0523063716833 0.0664034474133 0.298954964202
v -0.0502900907941 0.0665867379717 0.299588222401
v -0.0522428664992 0.0683776531064 0.298181349974
v -0.0508024859379 0.0669488492854 0.297561815085
v -0.0517304713554 0.0680155417927 0.300207757291
f 637 639 641
f 637 641 640
f 637 640 642
f 637 642 639
f 638 641 639
f 638 640 641
f 638 642 640
f 638 639 642
v -0.0501251965111 0.0684435014876 0.298511711164
v -0.0522049825844 0.0662860052361 0.298652067192
v -0.0501731033723 0.0664512277672 0.299238725851
v -0.0521570757232 0.0682782789565 0.297925052504
v -0.0507354549355 0.0668629830268 0.297235174423
v -0.05159472416 0.0678665236969 0.299928603933
f 643 645 647
f 643 647 646
f 643 646 648
f 643 648 645
f 644 647 645
f 644 646 647
f 644 648 646
f 644 645 648
v -0.0500316631975 0.0683332937468 0.298203612501
v -0.0521114492707 0.0661757974953 0.298343968529
v -0.0500651803181 0.0663240649893 0.298883227394
v -0.0520779321502 0.0681850262527 0.297664353636
v -0.0506768031619 0.0667849625344 0.296904972873
v -0.0514663093063 0.0677241287077 0.299642608157
f 649 651 653
f 649 653 652
f 649 652 654
f 649 654 651
f 650 653 651
f 650 652 653
f 650 654 652
f 650 651 654
v -0.0499460996251 0.0682304547136 0.297890687556
v -0.0520258856983 0.0660729584621 0.298031043584
v -0.0499664531191 0.0662054045664 0.29852216015
v -0.0520055322043 0.0680980086093 0.29739957099
v -0.0506266020754 0.0667148828643 0.296571612734
v -0.051345383248 0.0675885303114 0.299350118405
f 655 657 659
f 655 659 658
f 655 658 660
f 655 660 657
f 656 659 657
f 656 658 659
f 656 660 658
f 656 657 660
v -0.0498686100399 0.0681351096815 0.297573317579
v -0.0519483961132 0.06597761343 0.297713673607
v -0.0498770420593 0.0660953910678 0.298155964023
v -0.0519399640938 0.0680173320436 0.297131027164
v -0.0505849128382 0.0666528293976 0.296235500155
v -0.0512320933149 0.0674598937138 0.299051491032
f 661 663 665
f 661 665 664
f 661 664 666
f 661 666 663
f 662 665 663
f 662 664 665
f 662 666 664
f 662 663 666
v -0.0497992888511 0.0680473748137 0.297251889238
v -0.0518790749244 0.0658898785622 0.297392245266
v -0.0497970560723 0.0659941585281 0.297785085167
v -0.0518813077032 0.0679430948478 0.296859049336
v -0.0505517862422 0.0665988777371 0.295897044636
v -0.0511265775334 0.0673383756388 0.298747089868
f 667 669 671
f 667 671 670
f 667 670 672
f 667 672 669
f 668 671 669
f 668 670 671
f 668 672 670
f 668 669 672
v -0.0497382205159 0.0679673570017 0.296926794142
v -0.0518180065891 0.0658098607502 0.29706715017
v -0.0497265926086 0.0659018302835 0.297409975441
v -0.0518296344965 0.0678753874684 0.296583968871
v -0.0505272626471 0.0665530936145 0.295556658533
v -0.051028964458 0.0672241241374 0.298437285779
f 673 675 677
f 673 677 676
f 673 676 678
f 673 678 675
f 674 677 675
f 674 676 677
f 674 678 676
f 674 675 678
v -0.0496854794366 0.0678951537348 0.296598428371
v -0.0517652655098 0.0657376574834 0.296738784399
v -0.049665737517 0.0658185188217 0.297031091859
v -0.0517850074294 0.0678142923965 0.29630612091
v -0.0505113719311 0.0665155328107 0.295214756555
v -0.0509393730154 0.0671172784075 0.298122456214
f 679 681 683
f 679 683 682
f 679 682 684
f 679 684 681
f 680 683 681
f 680 682 683
f 680 684 682
f 680 681 684
v -0.0496411298701 0.0678308529816 0.296267191987
v -0.0517209159433 0.0656733567302 0.296407548015
v -0.0496145649403 0.065744325645 0.296648896031
v -0.0517474808731 0.0677598840669 0.29602584397
v -0.0505041334546 0.0664862410878 0.294871755256
v -0.0508579123589 0.0670179686241 0.297802984745
f 685 687 689
f 685 689 688
f 685 688 690
f 685 690 687
f 686 689 687
f 686 688 689
f 686 690 688
f 686 687 690
v -0.0496052258495 0.0677745330827 0.29593348855
v -0.0516850119228 0.0656170368313 0.296073844578
v -0.0495731372243 0.0656793411462 0.296263853605
v -0.051717100548 0.0677122287678 0.295743479524
v -0.0505055560366 0.0664652541331 0.294528072531
v -0.0507846817357 0.0669263157809 0.297479260597
f 691 693 695
f 691 695 694
f 691 694 696
f 691 696 693
f 692 695 693
f 692 694 695
f 692 696 694
f 692 693 696
v -0.0495778111184 0.0677262626552 0.295597724628
v -0.0516575971916 0.0655687664037 0.295738080656
v -0.0495415048422 0.065623644499 0.295876433695
v -0.0516939034678 0.0676713845599 0.29545937159
v -0.0505156379438 0.0664525975162 0.294184127105
v -0.0507197703662 0.0668424315427 0.29715167818
f 697 699 701
f 697 701 700
f 697 700 702
f 697 702 699
f 698 701 699
f 698 700 701
f 698 702 700
f 698 699 702
v -0.0495589190773 0.0676861005091 0.295260309297
v -0.0516387051505 0.0655286042576 0.295400665325
v -0.0495197063332 0.0655773035613 0.295487108313
v -0.0516779178946 0.0676374012055 0.29517386631
v -0.0505343668931 0.066448286657 0.293840338021
v -0.0506632573348 0.0667664181097 0.296820636602
f 703 705 707
f 703 707 706
f 703 706 708
f 703 708 705
f 704 707 705
f 704 706 707
f 704 708 706
f 704 705 708
v -0.0495485727434 0.0676540955759 0.294921653645
v -0.0516283588166 0.0654965993244 0.295062009673
v -0.0495077682556 0.0655403747921 0.295096351791
v -0.0516691633043 0.0676103201081 0.294887311527
v -0.050561720066 0.0664523268078 0.293497124133
v -0.0506152114939 0.0666983680925 0.296486539185
f 709 711 713
f 709 713 712
f 709 712 714
f 709 714 711
f 710 713 711
f 710 712 713
f 710 714 712
f 710 711 714
v -0.0495467847219 0.0676302868486 0.294582170272
v -0.0516265707951 0.0654727905971 0.2947225263
v -0.0495057051539 0.0655129031837 0.294704640207
v -0.0516676503631 0.067590174262 0.294600056365
v -0.050597664137 0.0664647130462 0.293154903596
v -0.05057569138 0.0666383643995 0.296149792977
f 715 717 719
f 715 719 718
f 715 718 720
f 715 720 717
f 716 719 717
f 716 718 719
f 716 720 718
f 716 717 720
v -0.0493735687437 0.067441197834 0.294242272787
v -0.0514533548169 0.0652837015825 0.294382628815
v -0.0493335310941 0.0653214167054 0.294312450801
v -0.0514933924665 0.0674034827111 0.294312450801
v -0.0504621668661 0.0663119247811 0.292814093351
v -0.0503647566946 0.0664129746355 0.29581080825
f 721 723 725
f 721 725 724
f 721 724 726
f 721 726 723
f 722 725 723
f 722 724 725
f 722 726 724
f 722 723 726
v -0.0493892863942 0.0674336703316 0.293893659981
v -0.0514690724674 0.0652761740802 0.294034016009
v -0.0493516063922 0.0653127600777 0.293911546074
v -0.0515067524695 0.0673970843341 0.294016129916
v -0.0505155438842 0.066340759585 0.292466393304
v -0.0503428149775 0.0663690848269 0.295461282685
f 727 729 731
f 727 731 730
f 727 730 732
f 727 732 729
f 728 731 729
f 728 730 731
f 728 732 730
f 728 729 732
v -0.0494137564231 0.0674346075894 0.293545471906
v -0.0514935424963 0.065277111338 0.293685827934
v -0.0493797469254 0.0653138379242 0.293511129788
v -0.051527551994 0.0673978810032 0.293720170052
v -0.0505775680589 0.066378076404 0.292120942394
v -0.0503297308605 0.0663336425234 0.295110357446
f 733 735 737
f 733 737 736
f 733 736 738
f 733 738 735
f 734 737 735
f 734 736 737
f 734 738 736
f 734 735 738
v -0.0494469490175 0.0674440084654 0.293198132776
v -0.0515267350907 0.065286512214 0.293338488804
v -0.0494179184089 0.0653246489316 0.293111689788
v -0.0515557656992 0.0674058717478 0.293424931791
v -0.0506481638233 0.0664238297733 0.291778161499
v -0.0503255202848 0.0663066909061 0.29475846008
f 739 741 743
f 739 743 742
f 739 742 744
f 739 744 741
f 740 743 741
f 740 742 743
f 740 744 742
f 740 741 744
v -0.0494888237372 0.0674618615062 0.292852065769
v -0.0515686098104 0.0653043652547 0.292992421797
v -0.0494660743366 0.0653451799284 0.292713712731
v -0.051591359211 0.0674210468324 0.293130774836
v -0.0507272451674 0.0664779639495 0.291438468246
v -0.0503301883801 0.0662882628113 0.294406019321
f 745 747 749
f 745 749 748
f 745 748 750
f 745 750 747
f 746 749 747
f 746 748 749
f 746 750 748
f 746 747 750
v -0.0495393295644 0.0674881449604 0.292507692516
v -0.0516191156376 0.065330648709 0.292648048544
v -0.0495241560379 0.0653754059008 0.292317683489
v -0.0516342891641 0.0674433877686 0.292838057571
v -0.0508147157427 0.0665404129785 0.291102276497
v -0.0503437294592 0.0662783806909 0.294053464563
f 751 753 755
f 751 755 754
f 751 754 756
f 751 756 753
f 752 755 753
f 752 754 755
f 752 756 754
f 752 753 756
v -0.0495984049655 0.0675228268059 0.292165432582
v -0.0516781910387 0.0653653305544 0.29230578861
v -0.0495920927492 0.0654152900231 0.291924084565
v -0.051684503255 0.0674728673372 0.292547136626
v -0.0509104689798 0.0666111007756 0.290769995851
v -0.0503661270244 0.0662770565847 0.29370122534
f 757 759 761
f 757 761 760
f 757 760 762
f 757 762 759
f 758 761 759
f 758 760 761
f 758 762 760
f 758 759 762
v -0.0496659779662 0.067565864788 0.291825702957
v -0.0517457640395 0.0654083685366 0.291966058985
v -0.0496698017 0.0654647837026 0.291533395496
v -0.0517419403057 0.067509449622 0.292258366445
v -0.0510143882181 0.0666899412188 0.290442031141
v -0.0503973537876 0.0662842921058 0.293349730801
f 763 765 767
f 763 767 766
f 763 766 768
f 763 768 765
f 764 767 765
f 764 766 767
f 764 768 766
f 764 765 768
v -0.0497419662393 0.0676172064717 0.29148891755
v -0.0518217523125 0.0654597102203 0.291629273578
v -0.0497571882141 0.0655238266389 0.291146092279
v -0.0518065303378 0.0675530900532 0.29197209885
v -0.0511263468481 0.066776838253 0.290118781941
v -0.0504373717038 0.066300078439 0.292999409187
f 769 771 773
f 769 773 772
f 769 772 774
f 769 774 771
f 770 773 771
f 770 772 773
f 770 774 772
f 770 771 774
v -0.0498262772048 0.0676767893051 0.291155486683
v -0.051906063278 0.0655192930536 0.291295842711
v -0.0498541458243 0.0655923468972 0.290762646782
v -0.0518781946584 0.0676037354615 0.291688682613
v -0.0512462084653 0.0668716860077 0.289800642081
v -0.0504861320174 0.066324396351 0.292650687313
f 775 777 779
f 775 779 778
f 775 778 780
f 775 780 777
f 776 779 777
f 776 778 779
f 776 780 778
f 776 777 780
v -0.0499188081426 0.0677445406955 0.290825816589
v -0.0519985942158 0.0655870444441 0.290966172617
v -0.0499605564028 0.0656702609962 0.290383526174
v -0.0519568459556 0.0676613241434 0.291408463033
v -0.051373827037 0.0669743689254 0.289487999165
v -0.0505435753214 0.0663572162142 0.292303990042
f 781 783 785
f 781 785 784
f 781 784 786
f 781 786 783
f 782 785 783
f 782 784 785
f 782 786 784
f 782 783 786
v -0.0500194463181 0.0678203780985 0.290500308921
v -0.0520992323914 0.065662881847 0.290640664949
v -0.0500762903047 0.0657574740096 0.290009192355
v -0.0520423884048 0.0677257859359 0.291131781515
v -0.0515090470794 0.0670847619028 0.289181234099
v -0.0506096316301 0.0663984980427 0.29195973977
f 787 789 791
f 787 791 790
f 787 790 792
f 787 792 789
f 788 791 789
f 788 790 791
f 788 792 790
f 788 789 792
v -0.0501280691193 0.0679042091177 0.290179360259
v -0.0522078551925 0.0657467128662 0.290319716287
v -0.050201206526 0.0658538796817 0.289640101394
v -0.0521347177858 0.0677970423022 0.290858975152
v -0.0516517038478 0.0672027304431 0.288880720631
v -0.050684220464 0.0664481915408 0.291618355915
f 793 795 797
f 793 797 796
f 793 796 798
f 793 798 795
f 794 797 795
f 794 796 797
f 794 798 796
f 794 795 798
v -0.0502445442059 0.067995931618 0.28986336163
v -0.0523243302791 0.0658384353666 0.290003717658
v -0.0503351528756 0.0659593605571 0.289276702971
v -0.0522337216094 0.0678750064275 0.290590376318
v -0.051801623537 0.0673281308198 0.28858682489
v -0.050767250948 0.0665062361648 0.291280254399
f 799 801 803
f 799 803 802
f 799 802 804
f 799 804 801
f 800 803 801
f 800 802 803
f 800 804 802
f 800 801 804
v -0.050368729671 0.0680954338497 0.289552698031
v -0.0524485157442 0.0659379375982 0.289693054059
v -0.0504779661605 0.0660737881235 0.288919439831
v -0.0523392792547 0.0679595833244 0.290326312258
v -0.0519586234928 0.0674608102519 0.288299904941
v -0.0508586219224 0.0665725611961 0.290945847148
f 805 807 809
f 805 809 808
f 805 808 810
f 805 810 807
f 806 809 807
f 806 808 809
f 806 810 808
f 806 807 810
v -0.0505004742138 0.0682025945846 0.289247747955
v -0.052580260287 0.0660450983332 0.289388103983
v -0.0506294723847 0.0661970229687 0.288568747244
v -0.0524512621161 0.0680506699491 0.290067104694
v -0.0521225124351 0.0676006070898 0.288020310354
v -0.0509582220657 0.066647085828 0.290615541584
f 811 813 815
f 811 815 814
f 811 814 816
f 811 816 813
f 812 815 813
f 812 814 815
f 812 816 814
f 812 813 816
v -0.0506396173237 0.0683172832639 0.288948882939
v -0.0527194033969 0.0661597870125 0.289089238967
v -0.0507894869611 0.0663289149499 0.288225052476
v -0.0525695337595 0.0681481553265 0.28981306943
v -0.0522930906903 0.0677473510128 0.28774838177
v -0.0510659300304 0.0667297192636 0.290289740135
f 817 819 821
f 817 821 820
f 817 820 822
f 817 822 819
f 818 821 819
f 818 820 821
f 818 822 820
f 818 819 822
v -0.0507859894764 0.0684393601571 0.288656467103
v -0.0528657755497 0.0662818639057 0.288796823131
v -0.0509578149367 0.066469303377 0.287888774264
v -0.0526939500894 0.0682519206857 0.289564515969
v -0.0524701504351 0.0679008632358 0.287484450494
v -0.051181614591 0.0668203608269 0.289968839739
f 823 825 827
f 823 827 826
f 823 826 828
f 823 828 825
f 824 827 825
f 824 826 827
f 824 828 826
f 824 825 828
v -0.05093941234 0.0685686765323 0.28837085671
v -0.0530191984132 0.0664111802808 0.288511212738
v -0.0511342512298 0.0666180172085 0.287560322313
v -0.0528243595234 0.0683618396047 0.289321747136
v -0.0526534759496 0.068060956728 0.287228838084
v -0.0513051348037 0.0669189000851 0.289653231365
f 829 831 833
f 829 833 832
f 829 832 834
f 829 834 831
f 830 833 831
f 830 832 833
f 830 834 832
f 830 831 834
v -0.0510996989923 0.0687050748374 0.288092399734
v -0.0531794850655 0.066547578586 0.288232755762
v -0.05131858088 0.0667748752594 0.28724009679
v -0.0529606031778 0.068477778164 0.289085058706
v -0.0528428438798 0.0682274364401 0.286981855965
v -0.051436340178 0.0670252169833 0.289343299531
f 835 837 839
f 835 839 838
f 835 838 840
f 835 840 837
f 836 839 837
f 836 838 839
f 836 840 838
f 836 837 840
v -0.0512666541487 0.0688483888921 0.287821435431
v -0.0533464402219 0.0666908926406 0.287961791459
v -0.0515105793098 0.0669396864223 0.286928487841
v -0.0531025150608 0.0685995951105 0.288854739048
v -0.05303802351 0.0684000995421 0.286743805047
v -0.0515750708606 0.0671391819906 0.289039421843
f 841 843 845
f 841 845 844
f 841 844 846
f 841 846 843
f 842 845 843
f 842 844 845
f 842 846 844
f 842 843 846
v -0.0514400744 0.0689984440903 0.287558293929
v -0.0535198604733 0.0668409478388 0.287698649957
v -0.0517100125989 0.0671122499002 0.286625875114
v -0.0532499222744 0.0687271420289 0.288631068771
v -0.053238777044 0.0685787356708 0.286514975357
v -0.0517211578293 0.0672606562584 0.288741968528
f 847 849 851
f 847 851 850
f 847 850 852
f 847 852 849
f 848 851 849
f 848 850 851
f 848 852 850
f 848 849 852
v -0.0516197484605 0.0691550576128 0.287303295825
v -0.0536995345338 0.0669975613614 0.287443651853
v -0.0519166377685 0.0672923554511 0.286332627295
v -0.0534026452258 0.0688602635231 0.288414320383
v -0.0534448598945 0.0687631271854 0.286295645691
v -0.0518744230998 0.0673894917888 0.288451301988
f 853 855 857
f 853 857 856
f 853 856 858
f 853 858 855
f 854 857 855
f 854 856 857
f 854 858 856
f 854 855 858
v -0.051805457425 0.0693180386502 0.287056751796
v -0.0538852434982 0.0671605423988 0.287197107824
v -0.0521302030776 0.0674797836441 0.286049101662
v -0.0535604978456 0.0689987974049 0.288204757959
v -0.0536560209813 0.0689530494333 0.286086083266
v -0.0520346799419 0.0675255316157 0.288167776355
f 859 861 863
f 859 863 862
f 859 862 864
f 859 864 861
f 860 863 861
f 860 862 863
f 860 864 862
f 860 861 864
v -0.0519969750356 0.0694871886353 0.286818962218
v -0.0540767611088 0.0673296923838 0.286959318246
v -0.0523504483298 0.0676743061269 0.285775643647
v -0.0537232878146 0.0691425748922 0.288002636817
v -0.0538720030371 0.0691482710236 0.285886543403
v -0.0522017331073 0.0676686099955 0.287891737061
f 865 867 869
f 865 869 868
f 865 868 870
f 865 870 867
f 866 869 867
f 866 868 869
f 866 870 868
f 866 867 870
v -0.0521940679577 0.0696623014847 0.2865902168
v -0.0542738540309 0.0675048052332 0.286730572828
v -0.0525771051902 0.0678756859037 0.285512586416
v -0.0538908167984 0.0692914208142 0.287808203212
v -0.0540925429211 0.0693485541087 0.285697269211
v -0.0523753790675 0.0678185526092 0.287623520418
f 871 873 875
f 871 875 874
f 871 874 876
f 871 876 873
f 872 875 873
f 872 874 875
f 872 876 874
f 872 873 876
v -0.0523964960639 0.0698431638505 0.286370794234
v -0.0544762821371 0.067685667599 0.286511150262
v -0.0528098975123 0.0680836776244 0.285260250465
v -0.0540628806887 0.0694451538251 0.287621694031
v -0.0543173719394 0.0695536546746 0.28551849129
v -0.0525554062617 0.0679751767749 0.287363453206
f 877 879 881
f 877 881 880
f 877 880 882
f 877 882 879
f 878 881 879
f 878 880 881
f 878 882 880
f 878 879 882
v -0.0529064347505 0.0714205876669 0.303062080142
v -0.0549862208237 0.0692630914155 0.30320243617
v -0.0533963270019 0.0698977150133 0.304455229259
v -0.0544963285723 0.0707859640691 0.301809287052
v -0.05301567124 0.0693989419407 0.302428821942
v -0.0548769843342 0.0712847371417 0.303835694369
f 883 885 887
f 883 887 886
f 883 886 888
f 883 888 885
f 884 887 885
f 884 886 887
f 884 888 886
f 884 885 888
v -0.052692138754 0.0712030136467 0.302893043554
v -0.0547719248272 0.0690455173952 0.303033399582
v -0.0531498866059 0.06964750489 0.304260837184
v -0.0543141769753 0.0706010261519 0.301665605953
v -0.0528211369249 0.0691974420307 0.302214042844
v -0.0546429266563 0.0710510890112 0.303712400293
f 889 891 893
f 889 893 892
f 889 892 894
f 889 894 891
f 890 893 891
f 890 892 893
f 890 894 892
f 890 891 894
v -0.052482571119 0.0709893120224 0.302713467336
v -0.0545623571922 0.0688318157709 0.302853823364
v -0.0529088838257 0.0694017480221 0.304054324532
v -0.0541360444855 0.0704193797712 0.301512966167
v -0.0526324407564 0.0690009437083 0.301989636873
v -0.0544124875548 0.070820184085 0.303577653827
f 895 897 899
f 895 899 898
f 895 898 900
f 895 900 897
f 896 899 897
f 896 898 899
f 896 900 898
f 896 897 900
v -0.0522779871715 0.0707797431565 0.302523570271
v -0.0543577732447 0.068622246905 0.302663926299
v -0.0526736122861 0.0691607438263 0.303835942908
v -0.0539621481302 0.0702412462352 0.301351553663
v -0.0524498126318 0.0688096863764 0.301755877433
v -0.0541859477844 0.0705923036851 0.303431619138
f 901 903 905
f 901 905 904
f 901 904 906
f 901 906 903
f 902 905 903
f 902 904 905
f 902 906 904
f 902 903 906
v -0.0520786361655 0.0705745623765 0.302323583722
v -0.0541584222387 0.068417066125 0.30246393975
v -0.0524443586291 0.0689247859293 0.303605958376
v -0.053792699775 0.0700668425722 0.301181565095
v -0.0522734750553 0.0686239030526 0.301513049324
v -0.0539635833488 0.0703677254488 0.303274474147
f 907 909 911
f 907 911 910
f 907 910 912
f 907 912 909
f 908 911 909
f 908 910 911
f 908 912 910
f 908 909 912
v -0.0518847609794 0.0703740196634 0.302113751339
v -0.0539645470526 0.0682165234119 0.302254107367
v -0.0522214021651 0.0686941618093 0.303364651136
v -0.0536279058669 0.0698963812661 0.30100320757
v -0.0521036428671 0.0684438200854 0.301261448396
v -0.0537456651649 0.07014672299 0.303106410311
f 913 915 917
f 913 917 916
f 913 916 918
f 913 918 915
f 914 917 915
f 914 916 917
f 914 918 916
f 914 915 918
v -0.0516965978203 0.0701783593478 0.301894328773
v -0.0537763838936 0.0680208630963 0.302034684801
v -0.0520050145322 0.0684691524463 0.303112315185
v -0.0534679671817 0.0697300699978 0.300816698389
v -0.0519405229815 0.0682696568779 0.301001381184
v -0.0535324587324 0.0699295655661 0.30292763239
f 919 921 923
f 919 923 922
f 919 922 924
f 919 924 921
f 920 923 921
f 920 922 923
f 920 924 922
f 920 921 924
v -0.0515143759361 0.0699878198115 0.301665583355
v -0.0535941620093 0.06783032356 0.301805939383
v -0.0517954593654 0.0682500319795 0.302849257954
v -0.0533130785801 0.0695681113919 0.300622264784
v -0.051784314135 0.0681016256214 0.30073316454
v -0.0533242238105 0.0697165177501 0.302738358198
f 925 927 929
f 925 929 928
f 925 928 930
f 925 930 927
f 926 929 927
f 926 928 929
f 926 930 928
f 926 927 930
v -0.051338317336 0.0698026331976 0.301427793777
v -0.0534181034093 0.0676451369461 0.301568149805
v -0.0515929919753 0.0680370673736 0.302575799939
v -0.05316342877 0.0694107027702 0.300420143642
v -0.051635206644 0.0679399310359 0.300457125247
v -0.0531212141013 0.0695078391079 0.302538818335
f 931 933 935
f 931 935 934
f 931 934 936
f 931 936 933
f 932 935 933
f 932 934 935
f 932 936 934
f 932 933 936
v -0.0511686365204 0.0696230251275 0.301181249748
v -0.0532484225936 0.0674655288761 0.301321605776
v -0.0513978590373 0.067830518093 0.302292274306
v -0.0530192000767 0.0692580359106 0.300210581218
v -0.051493382173 0.0677847701214 0.300173599613
v -0.052923676941 0.0693037838822 0.302329255911
f 937 939 941
f 937 941 940
f 937 940 942
f 937 942 939
f 938 941 939
f 938 940 941
f 938 942 940
f 938 939 942
v -0.0510055402191 0.069449214426 0.300926251645
v -0.0530853262923 0.0672917181746 0.301066607673
v -0.0512102982908 0.0676306357863 0.301999026487
v -0.0528805682206 0.0691102968143 0.29999383283
v -0.0513590135133 0.0676363319177 0.299882933073
v -0.0527318529981 0.0691046006829 0.302109926244
f 943 945 947
f 943 947 946
f 943 946 948
f 943 948 945
f 944 947 945
f 944 946 947
f 944 948 946
f 944 945 948
v -0.0508492271399 0.0692814128547 0.300663110143
v -0.0529290132131 0.0671239166032 0.300803466171
v -0.0510305382497 0.0674376639792 0.30169641376
v -0.0527477021033 0.0689676654787 0.299770162553
v -0.0512322643724 0.0674947972737 0.299585479759
v -0.0525459759806 0.0689105321842 0.301881096555
f 949 951 953
f 949 953 952
f 949 952 954
f 949 954 951
f 950 953 951
f 950 952 953
f 950 954 952
f 950 951 954
v -0.0506998877262 0.0691198248538 0.300392145839
v -0.0527796737994 0.0669623286023 0.300532501867
v -0.0508587979239 0.0672518377782 0.301384804811
v -0.0526207636016 0.0688303156779 0.299539842895
v -0.0511132891746 0.0673603386277 0.29928160207
v -0.052366272351 0.0687218148284 0.301643045636
f 955 957 959
f 955 959 958
f 955 958 960
f 955 960 957
f 956 959 957
f 956 958 959
f 956 960 958
f 956 957 960
v -0.050557703925 0.0689646472935 0.300113688863
v -0.0526374899982 0.066807151042 0.300254044891
v -0.0506952865526 0.0670733835838 0.301064579288
v -0.0524999073706 0.0686984147517 0.299303154466
v -0.0510022328729 0.0672331197968 0.298971670237
v -0.0521929610504 0.0685386785387 0.301396063517
f 961 963 965
f 961 965 964
f 961 964 966
f 961 966 963
f 962 965 963
f 962 964 965
f 962 966 964
f 962 963 966
v -0.0504228489655 0.0688160692337 0.299828078471
v -0.0525026350387 0.0666585729823 0.299968434499
v -0.0505402033491 0.0669025188151 0.300736127337
v -0.052385280655 0.0685721234009 0.299060385632
v -0.0508992307722 0.0671132957775 0.298656061862
v -0.052026253232 0.0683613464385 0.301140451107
f 967 969 971
f 967 971 970
f 967 970 972
f 967 972 969
f 968 971 969
f 968 970 971
f 968 972 970
f 968 969 972
v -0.0502954871475 0.068674271694 0.299535662634
v -0.0523752732208 0.0665167754425 0.299676018662
v -0.0503937372585 0.0667394516444 0.300399849126
v -0.0522770231098 0.0684515954921 0.298811832171
v -0.0508044083648 0.067001012557 0.298335161466
v -0.0518663520036 0.0681900345795 0.300876519831
f 973 975 977
f 973 977 976
f 973 976 978
f 973 978 975
f 974 977 975
f 974 976 977
f 974 978 976
f 974 975 978
v -0.050175773642 0.0685394274327 0.299236797618
v -0.0522555597152 0.0663819311812 0.299377153646
v -0.0502560667271 0.066584380744 0.300056154357
v -0.0521752666301 0.06833697787 0.298557796907
v -0.0507178811771 0.0668964069351 0.298009360017
v -0.0517134521802 0.0680249516789 0.300604591247
f 979 981 983
f 979 983 982
f 979 982 984
f 979 984 981
f 980 983 981
f 980 982 983
f 980 984 982
f 980 981 984
v -0.0500638543013 0.0684117007369 0.298931847543
v -0.0521436403745 0.0662542044854 0.299072203571
v -0.0501273594853 0.0664374950438 0.29970546177
v -0.0520801351905 0.0682284101785 0.298298589343
v -0.0506397546292 0.0667996063575 0.297679054453
v -0.0515677400466 0.0678662988648 0.30032499666
f 985 987 989
f 985 989 988
f 985 988 990
f 985 990 987
f 986 989 987
f 986 988 989
f 986 990 988
f 986 987 990
v -0.0499598654819 0.0682912472218 0.298621183943
v -0.0520396515551 0.0661337509703 0.298761539971
v -0.050007772343 0.0662989735014 0.29934819863
v -0.051991744694 0.0681260246907 0.298034525283
v -0.0505701239062 0.066710728761 0.297344647202
v -0.0514293931308 0.0677142694311 0.300038076712
f 991 993 995
f 991 995 994
f 991 994 996
f 991 996 993
f 992 995 993
f 992 994 995
f 992 996 994
f 992 993 996
v -0.0498639338782 0.0681782136415 0.298305185314
v -0.0519437199514 0.06602071739 0.298445541342
v -0.0498974509987 0.0661689848841 0.298984800207
v -0.0519102028308 0.0680299461475 0.297765926449
v -0.0505090738426 0.0666298824291 0.297006545686
v -0.051298579987 0.0675690486024 0.29974418097
f 997 999 1001
f 997 1001 1000
f 997 1000 1002
f 997 1002 999
f 998 1001 999
f 998 1000 1001
f 998 1002 1000
f 998 999 1002
v -0.049776176368 0.06807273771 0.297984236652
v -0.0518559624412 0.0659152414585 0.29812459268
v -0.049796529862 0.0660476875628 0.298615709246
v -0.0518356089472 0.0679402916057 0.297493120086
v -0.0504566788183 0.0665571658607 0.296665161831
v -0.0511754599909 0.0674308133079 0.299443667502
f 1003 1005 1007
f 1003 1007 1006
f 1003 1006 1008
f 1003 1008 1005
f 1004 1007 1005
f 1004 1006 1007
f 1004 1008 1006
f 1004 1005 1008
v -0.0496966998704 0.0679749479335 0.297658728984
v -0.0517764859436 0.065817451682 0.297799085012
v -0.0497051318898 0.0659352293198 0.298241375428
v -0.0517680539242 0.0678571702957 0.297216438568
v -0.0504130026686 0.0664926676496 0.29632091156
v -0.0510601831454 0.0672997319658 0.299136902437
f 1009 1011 1013
f 1009 1013 1012
f 1009 1012 1014
f 1009 1014 1011
f 1010 1013 1011
f 1010 1012 1013
f 1010 1014 1012
f 1010 1011 1014
v -0.0496256012152 0.0678849634537 0.29732905889
v -0.0517053872885 0.0657274672023 0.297469414918
v -0.0496233684364 0.0658317471681 0.29786225482
v -0.0517076200673 0.0677806834879 0.296936218989
v -0.0503780986063 0.0664364663771 0.295974214288
v -0.0509528898974 0.0671759642788 0.29882425952
f 1015 1017 1019
f 1015 1019 1018
f 1015 1018 1020
f 1015 1020 1017
f 1016 1019 1017
f 1016 1018 1019
f 1016 1020 1018
f 1016 1017 1020
v -0.0495629670253 0.0678028939029 0.296995628023
v -0.0516427530985 0.0656453976515 0.297135984051
v -0.0495513391179 0.0657373671847 0.297478809322
v -0.0516543810059 0.0677109243697 0.296652802751
v -0.0503520091564 0.0663886305158 0.295625492414
v -0.0508537109673 0.0670596610386 0.29850611966
f 1021 1023 1025
f 1021 1025 1024
f 1021 1024 1026
f 1021 1026 1023
f 1022 1025 1023
f 1022 1024 1025
f 1022 1026 1024
f 1022 1023 1026
v -0.0495088736106 0.0677288392702 0.296658842616
v -0.0515886596838 0.0655713430188 0.296799198644
v -0.049489131691 0.0656522043571 0.297091506105
v -0.0516084016034 0.0676479779319 0.296366535156
v -0.050334766105 0.0663492183462 0.295275170801
v -0.0507627671894 0.0669509639429 0.29818287046
f 1027 1029 1031
f 1027 1031 1030
f 1027 1030 1032
f 1027 1032 1029
f 1028 1031 1029
f 1028 1030 1031
f 1028 1032 1030
f 1028 1029 1032
v -0.0494633868757 0.0676628897798 0.296319112992
v -0.0515431729489 0.0655053935284 0.29645946902
v -0.0494368219459 0.0655763624431 0.296700817036
v -0.0515697378787 0.067591920865 0.296077764975
v -0.0503263904602 0.0663182778859 0.294923676261
v -0.0506801693645 0.0668500054222 0.29785490575
f 1033 1035 1037
f 1033 1037 1036
f 1033 1036 1038
f 1033 1038 1035
f 1034 1037 1035
f 1034 1036 1037
f 1034 1038 1036
f 1034 1035 1038
v -0.0494265622392 0.0676051257809 0.295976853057
v -0.0515063483124 0.0654476295295 0.296117209085
v -0.049394473614 0.0655099338444 0.296307218112
v -0.0515384369377 0.067542821466 0.295786844031
v -0.0503268924262 0.0662958468313 0.294571437038
v -0.0506060181254 0.0667569084791 0.297522625104
f 1039 1041 1043
f 1039 1043 1042
f 1039 1042 1044
f 1039 1044 1041
f 1040 1043 1041
f 1040 1042 1043
f 1040 1044 1042
f 1040 1041 1044
v -0.0493984445663 0.0675556176501 0.295632479804
v -0.0514782306395 0.0653981213987 0.295772835832
v -0.04936213829 0.065452999494 0.29591118887
v -0.0515145369157 0.0675007395548 0.295494126765
v -0.0503362713917 0.0662819525111 0.29421888228
v -0.0505404038141 0.0666717865377 0.297186433356
f 1045 1047 1049
f 1045 1049 1048
f 1045 1048 1050
f 1045 1050 1047
f 1046 1049 1047
f 1046 1048 1049
f 1046 1050 1048
f 1046 1047 1050
v -0.0493790681139 0.0675144257054 0.295286412797
v -0.0514588541871 0.065356929454 0.295426768825
v -0.0493398553698 0.0654056287576 0.295513211813
v -0.0514980669312 0.0674657264018 0.29519996981
v -0.0503545159296 0.0662766118533 0.293866441521
v -0.0504834063713 0.0665947433061 0.296846740102
f 1051 1053 1055
f 1051 1055 1054
f 1051 1054 1056
f 1051 1056 1053
f 1052 1055 1053
f 1052 1054 1055
f 1052 1056 1054
f 1052 1053 1056
v -0.0493684564893 0.0674816001329 0.294939073667
v -0.0514482425625 0.0653241038814 0.295079429695
v -0.0493276520015 0.0653678793491 0.295113771813
v -0.0514890470503 0.0674378246651 0.294904731549
v -0.050381603812 0.0662798313648 0.293514544155
v -0.0504350952398 0.0665258726495 0.296503959207
f 1057 1059 1061
f 1057 1061 1060
f 1057 1060 1062
f 1057 1062 1059
f 1058 1061 1059
f 1058 1060 1061
f 1058 1062 1060
f 1058 1059 1062
v -0.0493666226211 0.0674571809254 0.294590885592
v -0.0514464086944 0.0652996846739 0.29473124162
v -0.0493255430532 0.0653397972605 0.294713355527
v -0.0514874882624 0.0674170683388 0.294608771686
v -0.0504175020363 0.066291607123 0.293163618916
v -0.0503955292792 0.0664652584763 0.296158508297
f 1063 1065 1067
f 1063 1067 1066
f 1063 1066 1068
f 1063 1068 1065
f 1064 1067 1065
f 1064 1066 1067
f 1064 1068 1066
f 1064 1065 1068
o rejected_candidates
usemtl rejected_marker
g rejected_candidates
v -0.0530042021958 0.0704292574265 0.286375040176
v -0.055083988269 0.0682717611751 0.286515396204
v -0.0534805840025 0.0687264839703 0.285203023567
v -0.0546076064623 0.0699745346313 0.287687412813
v -0.0549666338853 0.0701853115937 0.285607347337
v -0.0531215565794 0.0685157070079 0.287283089043
f 1069 1071 1073
f 1069 1073 1072
f 1069 1072 1074
f 1069 1074 1071
f 1070 1073 1071
f 1070 1072 1073
f 1070 1074 1072
f 1070 1071 1074
v -0.0532102851289 0.0706161814484 0.286194637965
v -0.0552900712021 0.0684586851969 0.286334993993
v -0.0537192063461 0.0689429223114 0.284994136797
v -0.0547811499849 0.0701319443339 0.287535495161
v -0.0551918210912 0.0703935052465 0.285470807502
v -0.0533085352399 0.0686813613988 0.287058824456
f 1075 1077 1079
f 1075 1079 1078
f 1075 1078 1080
f 1075 1080 1077
f 1076 1079 1077
f 1076 1078 1079
f 1076 1080 1078
f 1076 1077 1080
v -0.053420465142 0.0708076928308 0.286024040557
v -0.0555002512153 0.0686501965793 0.286164396585
v -0.0539625726771 0.0691646723332 0.284796602956
v -0.0549581436802 0.070293217077 0.287391834186
v -0.0554199581301 0.0706052432681 0.285345039846
v -0.0535007582272 0.068852646142 0.286843397296
f 1081 1083 1085
f 1081 1085 1084
f 1081 1084 1086
f 1081 1086 1083
f 1082 1085 1083
f 1082 1084 1085
f 1082 1086 1084
f 1082 1083 1086
v -0.0536344861632 0.0710035582466 0.285863455799
v -0.0557142722365 0.0688460619952 0.286003811827
v -0.0542103864911 0.0693914638673 0.28461066271
v -0.0551383719086 0.0704581563745 0.287256604917
v -0.0556507670524 0.0708202676883 0.2852301976
v -0.0536979913473 0.0690293525535 0.286637070027
f 1087 1089 1091
f 1087 1091 1090
f 1087 1090 1092
f 1087 1092 1089
f 1088 1091 1089
f 1088 1090 1091
f 1088 1092 1090
f 1088 1089 1092
v -0.0538520874408 0.0712035390641 0.28571307934
v -0.0559318735141 0.0690460428127 0.285853435368
v -0.0544623458652 0.0696230206033 0.284436542599
v -0.0553216150897 0.0706265612734 0.287129972108
v -0.0558839666529 0.071038316533 0.28512642068
v -0.053899994302 0.0692112653437 0.286440094027
f 1093 1095 1097
f 1093 1097 1096
f 1093 1096 1098
f 1093 1098 1095
f 1094 1097 1095
f 1094 1096 1097
f 1094 1098 1096
f 1094 1095 1098
v -0.0540730038612 0.0714073916374 0.285573094388
v -0.0561527899344 0.0692498953859 0.285713450416
v -0.0547181438256 0.069859060425 0.28427445476
v -0.05550764997 0.0707982265983 0.287012090044
v -0.0561192728139 0.0712591241433 0.285033835523
v -0.0541065209818 0.0693981628799 0.286252709281
f 1099 1101 1103
f 1099 1103 1102
f 1099 1102 1104
f 1099 1104 1101
f 1100 1103 1101
f 1100 1102 1103
f 1100 1104 1102
f 1100 1101 1104
v -0.0542969662717 0.0716148676035 0.285443671495
v -0.0563767523449 0.069457371352 0.285584027523
v -0.054977468722 0.0700992957541 0.284124596674
v -0.0556962498947 0.0709729432013 0.286903102345
v -0.0563563988509 0.0714824214991 0.284952554929
v -0.0543173197657 0.0695898174563 0.286075144089
f 1105 1107 1109
f 1105 1109 1108
f 1105 1108 1110
f 1105 1110 1107
f 1106 1109 1107
f 1106 1108 1109
f 1106 1110 1108
f 1106 1107 1110
v -0.0545237018087 0.0718257141849 0.285324968342
v -0.0566034878819 0.0696682179334 0.28546532437
v -0.0552400046069 0.070343433901 0.283987150918
v -0.0558871850837 0.0711504982172 0.286803141795
v -0.0565950558625 0.071707936547 0.284882677927
v -0.0545321338281 0.0697859955712 0.285907614786
f 1111 1113 1115
f 1111 1115 1114
f 1111 1114 1116
f 1111 1116 1113
f 1112 1115 1113
f 1112 1114 1115
f 1112 1116 1114
f 1112 1113 1116
v -0.0547529342297 0.0720396744975 0.285217129552
v -0.0568327203029 0.0698821782461 0.28535748558
v -0.0555054316207 0.070591177421 0.28386228495
v -0.0560802229119 0.0713306753226 0.286712330182
v -0.0568349530818 0.0719353945317 0.28482428965
v -0.0547507014508 0.0699864582119 0.285750325481
f 1117 1119 1121
f 1117 1121 1120
f 1117 1120 1122
f 1117 1122 1119
f 1118 1121 1119
f 1118 1120 1121
f 1118 1122 1120
f 1118 1119 1122
v -0.0549843842505 0.0722564878637 0.285120286508
v -0.0570641703237 0.0700989916123 0.285260642536
v -0.0557734263816 0.0708422244766 0.283750150899
v -0.0562751281926 0.0715132549994 0.286630778145
v -0.0570757982311 0.0721645183305 0.284777461236
v -0.0549727563431 0.0701909611455 0.285603467807
f 1123 1125 1127
f 1123 1127 1126
f 1123 1126 1128
f 1123 1128 1125
f 1124 1127 1125
f 1124 1126 1127
f 1124 1128 1126
f 1124 1125 1128
v -0.0552177698848 0.0724758901298 0.285034557199
v -0.057297555958 0.0703183938784 0.285174913227
v -0.0560436623792 0.0710962692057 0.283650885383
v -0.0564716634636 0.0716980148025 0.286558585043
v -0.0573172978776 0.0723950287915 0.284742249738
v -0.0551980279652 0.0703992552167 0.285467220687
f 1129 1131 1133
f 1129 1133 1132
f 1129 1132 1134
f 1129 1134 1131
f 1130 1133 1131
f 1130 1132 1133
f 1130 1134 1132
f 1130 1131 1134
v -0.0554528067882 0.0726976139879 0.284960046073
v -0.0575325928614 0.0705401177365 0.285100402101
v -0.0563158103726 0.071353002094 0.283564609343
v -0.0566695892769 0.0718847296303 0.286495838831
v -0.0575591577912 0.0726266450731 0.284718698056
v -0.0554262418584 0.0706110866512 0.285341750118
f 1135 1137 1139
f 1135 1139 1138
f 1135 1138 1140
f 1135 1140 1137
f 1136 1139 1137
f 1136 1138 1139
f 1136 1140 1138
f 1136 1137 1140
v -0.0556892086044 0.0729213893017 0.284896843911
v -0.0577689946776 0.0707638930502 0.285037199939
v -0.0565895387914 0.0716121103521 0.283491427892
v -0.0568686644906 0.0720731719998 0.286442615958
v -0.0578010833029 0.0728590849867 0.284706834884
v -0.0556571199791 0.0708261973651 0.285227208965
f 1141 1143 1145
f 1141 1145 1144
f 1141 1144 1146
f 1141 1146 1143
f 1142 1145 1143
f 1142 1144 1145
f 1142 1146 1144
f 1142 1143 1146
v -0.0559266873142 0.0731469434353 0.284845027714
v -0.0580064733874 0.0709894471838 0.284985383742
v -0.0568645141396 0.0718732782962 0.28343143019
v -0.057068646562 0.0722631123228 0.286398981266
v -0.0580427796636 0.07309206534 0.284706674676
v -0.055890381038 0.0710443252791 0.285123736781
f 1147 1149 1151
f 1147 1151 1150
f 1147 1150 1152
f 1147 1152 1149
f 1148 1151 1149
f 1148 1150 1151
f 1148 1152 1150
f 1148 1149 1152
v -0.0561649535864 0.0733740015858 0.284804660613
v -0.0582447396596 0.0712165053344 0.284945016641
v -0.0571404014021 0.0721361877337 0.283384689336
v -0.0572692918439 0.0724543191865 0.286364987918
v -0.0582839524037 0.0733253022822 0.284718217625
v -0.0561257408423 0.071265204638 0.285031459629
f 1153 1155 1157
f 1153 1157 1156
f 1153 1156 1158
f 1153 1158 1155
f 1154 1157 1155
f 1154 1156 1157
f 1154 1158 1156
f 1154 1155 1158
v -0.0564037171302 0.0736022871179 0.284775791788
v -0.0584835032034 0.0714447908664 0.284916147816
v -0.0574168644529 0.0724005183498 0.283351262276
v -0.0574703558808 0.0726465596345 0.286340677329
v -0.0585243076912 0.0735585116502 0.28474144967
v -0.0563629126425 0.0714885663342 0.284950489935
f 1159 1161 1163
f 1159 1163 1162
f 1159 1162 1164
f 1159 1164 1161
f 1160 1163 1161
f 1160 1162 1163
f 1160 1164 1162
f 1160 1161 1164
v -0.0566426870491 0.0738315219008 0.284758456413
v -0.0587224731223 0.0716740256493 0.284898812441
v -0.0576935664642 0.0726659480984 0.283331189736
v -0.0576715937072 0.0728395994517 0.286326079117
v -0.0587635526903 0.0737914093142 0.284776342506
v -0.0566016074811 0.0717141382359 0.284880926348
f 1165 1167 1169
f 1165 1169 1168
f 1165 1168 1170
f 1165 1170 1167
f 1166 1169 1167
f 1166 1168 1169
f 1166 1170 1168
f 1166 1167 1170
v -0.056881572195 0.0740614266472 0.284752675607
v -0.0589613582682 0.0719039303957 0.284893031635
v -0.0579701703174 0.0729321535942 0.283324496171
v -0.0578727601458 0.0730332034486 0.28632121107
v -0.0590013959178 0.0740237115243 0.284822853621
v -0.0568415345454 0.0719416455186 0.284822853621
f 1171 1173 1175
f 1171 1175 1174
f 1171 1174 1176
f 1171 1176 1173
f 1172 1175 1173
f 1172 1174 1175
f 1172 1176 1174
f 1172 1173 1176
v -0.0571200815231 0.0742917212535 0.284758456413
v -0.0591998675963 0.0721342250021 0.284898812441
v -0.0582463390131 0.0731988105069 0.283331189736
v -0.0580736101064 0.0732271357487 0.286326079117
v -0.0592375475984 0.074255135256 0.284880926348
v -0.0570824015211 0.0721708109996 0.284776342506
f 1177 1179 1181
f 1177 1181 1180
f 1177 1180 1182
f 1177 1182 1179
f 1178 1181 1179
f 1178 1180 1181
f 1178 1182 1180
f 1178 1179 1182
v -0.0573579244466 0.0745221251414 0.284775791788
v -0.0594377105199 0.0723646288899 0.284916147816
v -0.0585217360824 0.073465593956 0.283351262276
v -0.0582738988841 0.0734211600754 0.286340677329
v -0.0594717200175 0.0744853985552 0.284950489935
v -0.0573239149489 0.0724013554762 0.28474144967
f 1183 1185 1187
f 1183 1187 1186
f 1183 1186 1188
f 1183 1188 1185
f 1184 1187 1185
f 1184 1186 1187
f 1184 1188 1186
f 1184 1185 1188
v -0.0575948111906 0.0747523575991 0.284804660613
v -0.0596745972638 0.0725948613476 0.284945016641
v -0.0587960259964 0.073732178907 0.283384689336
v -0.0584733824579 0.0736150400398 0.286364987918
v -0.0597036278723 0.0747142208815 0.285031459629
v -0.057565780582 0.0726329980653 0.284718217625
f 1189 1191 1193
f 1189 1193 1192
f 1189 1192 1194
f 1189 1194 1191
f 1190 1193 1191
f 1190 1192 1193
f 1190 1194 1192
f 1190 1191 1194
v -0.0578304531449 0.0749821381239 0.284845027714
v -0.0599102392181 0.0728246418724 0.284985383742
v -0.0590688745751 0.0739982405673 0.28343143019
v -0.0586718177878 0.073808539429 0.286398981266
v -0.0599329886187 0.0749413234501 0.285123736781
v -0.0578077037443 0.0728654565461 0.284706674676
f 1195 1197 1199
f 1195 1199 1198
f 1195 1198 1200
f 1195 1200 1197
f 1196 1199 1197
f 1196 1198 1199
f 1196 1200 1198
f 1196 1197 1200
v -0.0580645632162 0.0752111867635 0.284896843911
v -0.0601443492894 0.0730536905121 0.285037199939
v -0.0593399493945 0.0742634547816 0.283491427892
v -0.058868963111 0.074001422494 0.286442615958
v -0.0601595228159 0.0751664295717 0.285227208965
v -0.0580493896897 0.0730984477039 0.284706834884
f 1201 1203 1205
f 1201 1205 1204
f 1201 1204 1206
f 1201 1206 1203
f 1202 1205 1203
f 1202 1204 1205
f 1202 1206 1204
f 1202 1203 1206
v -0.0582968561774 0.0754392244576 0.284960046073
v -0.0603766422506 0.0732817282061 0.285100402101
v -0.0596089201917 0.0745274984273 0.283564609343
v -0.0590645782363 0.0741934542364 0.286495838831
v -0.0603829544669 0.0753892649889 0.285341750118
v -0.058290543961 0.0733316876748 0.284718698056
f 1207 1209 1211
f 1207 1211 1210
f 1207 1210 1212
f 1207 1212 1209
f 1208 1211 1209
f 1208 1210 1211
f 1208 1212 1210
f 1208 1209 1212
v -0.0585270490153 0.0756659733772 0.285034557199
v -0.0606068350885 0.0735084771258 0.285174913227
v -0.0598754592672 0.074790049808 0.283650885383
v -0.0592584248366 0.074384400695 0.286558585043
v -0.0606030113548 0.0756095582112 0.285467220687
v -0.0585308727491 0.0735648922918 0.284742249738
f 1213 1215 1217
f 1213 1217 1216
f 1213 1216 1218
f 1213 1218 1215
f 1214 1217 1215
f 1214 1216 1217
f 1214 1218 1216
f 1214 1215 1218
v -0.0587548612755 0.0758911572638 0.285120286508
v -0.0608346473487 0.0737336610124 0.285260642536
v -0.0601392418842 0.0750507890451 0.283750150899
v -0.0594502667399 0.0745740292311 0.286630778145
v -0.060819425374 0.0758270408453 0.285603467807
v -0.0587700832502 0.0737977774309 0.284777461236
f 1219 1221 1223
f 1219 1223 1222
f 1219 1222 1224
f 1219 1224 1221
f 1220 1223 1221
f 1220 1222 1223
f 1220 1224 1222
f 1220 1221 1224
v -0.0589800154037 0.0761145017655 0.285217129552
v -0.0610598014769 0.0739570055141 0.28535748558
v -0.0603999466643 0.0753093984681 0.28386228495
v -0.0596398702163 0.0747621088115 0.286712330182
v -0.0610319328574 0.0760414479219 0.285750325481
v -0.0590078840232 0.0740300593576 0.28482428965
f 1225 1227 1229
f 1225 1229 1228
f 1225 1228 1230
f 1225 1230 1227
f 1226 1229 1227
f 1226 1228 1229
f 1226 1230 1228
f 1226 1227 1230
v -0.0592022370843 0.0763357347714 0.285324968342
v -0.0612820231576 0.07417823852 0.28546532437
v -0.0606572559787 0.0755655630013 0.283987150918
v -0.0598270042632 0.0749484102901 0.286803141795
v -0.0612402748973 0.0762525182193 0.285907614786
v -0.0592439853446 0.0742614550721 0.284882677927
f 1231 1233 1235
f 1231 1235 1234
f 1231 1234 1236
f 1231 1236 1233
f 1232 1235 1233
f 1232 1234 1235
f 1232 1236 1234
f 1232 1233 1236
v -0.0594212555746 0.0765545867432 0.285443671495
v -0.0615010416478 0.0743970904917 0.285584027523
v -0.0609108563358 0.0758189705475 0.284124596674
v -0.0600114408865 0.0751327066874 0.286903102345
v -0.0614441976612 0.0764599945806 0.286075144089
v -0.0594780995611 0.0744916826543 0.284952554929
f 1237 1239 1241
f 1237 1241 1240
f 1237 1240 1242
f 1237 1242 1239
f 1238 1241 1239
f 1238 1240 1241
f 1238 1242 1240
f 1238 1239 1242
v -0.059636804034 0.0767707910434 0.285573094388
v -0.0617165901073 0.074613294792 0.285713450416
v -0.0611604387626 0.0760693123689 0.28427445476
v -0.0601929553787 0.0753147734666 0.287012090044
v -0.0616434527005 0.076663624228 0.286252709281
v -0.0597099414408 0.0747204616074 0.285033835523
f 1243 1245 1247
f 1243 1247 1246
f 1243 1246 1248
f 1243 1248 1245
f 1244 1247 1245
f 1244 1246 1247
f 1244 1248 1246
f 1244 1245 1248
v -0.0598486198502 0.0769840842605 0.28571307934
v -0.0619284059234 0.074826588009 0.285853435368
v -0.0614056991813 0.0763162834623 0.284436542599
v -0.0603713265923 0.0754943888072 0.287129972108
v -0.0618377972537 0.07686315907 0.286440094027
v -0.0599392285199 0.0749475131995 0.28512642068
f 1249 1251 1253
f 1249 1253 1252
f 1249 1252 1254
f 1249 1254 1251
f 1250 1253 1251
f 1250 1252 1253
f 1250 1254 1252
f 1250 1251 1254
v -0.060056444958 0.0771942065294 0.285863455799
v -0.0621362310313 0.075036710278 0.286003811827
v -0.0616463387798 0.0765595829316 0.28461066271
v -0.0605463372095 0.0756713338758 0.287256604917
v -0.0620269945418 0.0770583560042 0.286637070027
v -0.0601656814475 0.0751725608032 0.2852301976
f 1255 1257 1259
f 1255 1259 1258
f 1255 1258 1260
f 1255 1260 1257
f 1256 1259 1257
f 1256 1258 1259
f 1256 1260 1258
f 1256 1257 1260
v -0.0602600261547 0.0774009018487 0.286024040557
v -0.062339812228 0.0752434055972 0.286164396585
v -0.061882064376 0.0767989143539 0.284796602956
v -0.0607177740067 0.075845393092 0.287391834186
v -0.0622108140571 0.0772489772132 0.286843397296
v -0.0603890243256 0.0753953302327 0.285345039846
f 1261 1263 1265
f 1261 1265 1264
f 1261 1264 1266
f 1261 1266 1263
f 1262 1265 1263
f 1262 1264 1265
f 1262 1266 1264
f 1262 1263 1266
v -0.060459115408 0.0776039183918 0.286194637965
v -0.0625389014812 0.0754464221403 0.286334993993
v -0.0621125887745 0.0770339861406 0.284994136797
v -0.0608854281147 0.0760163543915 0.287535495161
v -0.0623890318438 0.0774347904544 0.287058824456
v -0.0606089850454 0.0756155500777 0.285470807502
f 1267 1269 1271
f 1267 1271 1270
f 1267 1270 1272
f 1267 1272 1269
f 1268 1271 1269
f 1268 1270 1271
f 1268 1272 1270
f 1268 1269 1272
v -0.0606534701581 0.0778030088143 0.286375040176
v -0.0627332562313 0.0756455125629 0.286515396204
v -0.0623376311168 0.0772645118931 0.285203023567
v -0.0610490952727 0.0761840094842 0.287687412813
v -0.062561430771 0.077615569343 0.287283089043
v -0.0608252956184 0.0758329520343 0.285607347337
f 1273 1275 1277
f 1273 1277 1276
f 1273 1276 1278
f 1273 1278 1275
f 1274 1277 1275
f 1274 1276 1277
f 1274 1278 1276
f 1274 1275 1278
v -0.0608428536138 0.0779979305554 0.286565027398
v -0.0629226396871 0.0758404343039 0.286705383426
v -0.0625569172234 0.0774902107511 0.285423008772
v -0.0612085760775 0.0763481541082 0.287847402053
v -0.0627278007972 0.0777910936277 0.287515917824
v -0.0610376925037 0.0760472712316 0.285754493001
f 1279 1281 1283
f 1279 1283 1282
f 1279 1282 1284
f 1279 1284 1281
f 1280 1283 1281
f 1280 1282 1283
f 1280 1284 1282
f 1280 1281 1284
v -0.0610270350406 0.0781884461328 0.286764368161
v -0.0631068211138 0.0760309498813 0.286904724189
v -0.0627701799281 0.0777108077355 0.285653824393
v -0.0613636762264 0.0765085882786 0.288015267958
v -0.0628879392261 0.0779611494594 0.287757027133
v -0.0612459169283 0.0762582465547 0.285912065218
f 1285 1287 1289
f 1285 1289 1288
f 1285 1288 1290
f 1285 1290 1287
f 1286 1289 1287
f 1286 1288 1289
f 1286 1290 1288
f 1286 1287 1290
v -0.0612057900417 0.0783743234326 0.2869728196
v -0.0632855761149 0.0762168271812 0.287113175628
v -0.062977159403 0.0779260340827 0.285895189216
v -0.0615142067536 0.0766651165312 0.288190806011
v -0.0630416509538 0.078125529651 0.288006123217
v -0.0614497152029 0.0764656209628 0.28607987201
f 1291 1293 1295
f 1291 1295 1294
f 1291 1294 1296
f 1291 1296 1293
f 1292 1295 1293
f 1292 1294 1295
f 1292 1296 1294
f 1292 1293 1296
v -0.0613789008317 0.0785553359921 0.287190127746
v -0.0634586869049 0.0763978397407 0.287330483774
v -0.0631776034757 0.0781356275726 0.286146809175
v -0.061659984261 0.0768175481602 0.288373802346
v -0.0631887487061 0.0782840339308 0.288262902589
v -0.0616488390306 0.076669141802 0.286257708932
f 1297 1299 1301
f 1297 1301 1300
f 1297 1300 1302
f 1297 1302 1299
f 1298 1301 1299
f 1298 1300 1301
f 1298 1302 1300
f 1298 1299 1302
v -0.0615461565018 0.0787312632753 0.287416027846
v -0.063625942575 0.0765737670238 0.287556383874
v -0.0633712679358 0.0783393328478 0.286408377711
v -0.061800831141 0.0769656974513 0.288564034008
v -0.0633290532671 0.0784364691856 0.288527052404
v -0.0618430458097 0.0768685611136 0.286445359316
f 1303 1305 1307
f 1303 1307 1306
f 1303 1306 1308
f 1303 1308 1305
f 1304 1307 1305
f 1304 1306 1307
f 1304 1308 1306
f 1304 1305 1308
v -0.0617073532767 0.0789018909419 0.287650244673
v -0.0637871393499 0.0767443946904 0.287790600701
v -0.063557916833 0.0785369017249 0.286679576143
v -0.0619365757936 0.0771093839073 0.288761269232
v -0.0634623936973 0.0785826496965 0.288798250836
v -0.0620320989292 0.0770636359357 0.286642594539
f 1309 1311 1313
f 1309 1313 1312
f 1309 1312 1314
f 1309 1314 1311
f 1310 1313 1311
f 1310 1312 1313
f 1310 1314 1312
f 1310 1311 1314
v -0.0618622947629 0.0790670111083 0.287892492872
v -0.0639420808361 0.0769095148568 0.2880328489
v -0.0637373227644 0.0787280934966 0.286960074057
v -0.0620670528346 0.0772484324685 0.288965267714
v -0.0635886075419 0.0787223973652 0.289076167471
v -0.0622157680571 0.0772541285999 0.2868491743
f 1315 1317 1319
f 1315 1319 1318
f 1315 1318 1320
f 1315 1320 1317
f 1316 1319 1317
f 1316 1318 1319
f 1316 1320 1318
f 1316 1317 1320
v -0.0620107921881 0.0792264226011 0.288142477298
v -0.0640905782614 0.0770689263496 0.288282833326
v -0.0639092671515 0.0789126752251 0.287249529709
v -0.062192103298 0.0773826737256 0.289175780916
v -0.0637075410289 0.0788555419306 0.28936046371
v -0.0623938294206 0.0774398070201 0.287064846914
f 1321 1323 1325
f 1321 1325 1324
f 1321 1324 1326
f 1321 1326 1323
f 1322 1325 1323
f 1322 1324 1325
f 1322 1326 1324
f 1322 1323 1326
v -0.0621526646312 0.0793799312019 0.288399893387
v -0.0642324507044 0.0772224349505 0.288540249415
v -0.0640735405066 0.0790904220261 0.287547590443
v -0.0623115748289 0.0775119441263 0.289392552358
v -0.063819049256 0.0789819211765 0.289650793184
v -0.0625660660796 0.0776204449758 0.287289349618
f 1327 1329 1331
f 1327 1331 1330
f 1327 1330 1332
f 1327 1332 1329
f 1328 1331 1329
f 1328 1330 1331
f 1328 1332 1330
f 1328 1329 1332
v -0.0622877392423 0.0795273498842 0.288664427514
v -0.0643675253155 0.0773698536328 0.288804783542
v -0.0642299426879 0.0792611173424 0.287853893117
v -0.0624253218699 0.0776360861746 0.28961531794
v -0.0639229963676 0.0791013811294 0.289946802168
v -0.0627322681901 0.0777958223875 0.287522408888
f 1333 1335 1337
f 1333 1337 1336
f 1333 1336 1338
f 1333 1338 1335
f 1334 1337 1335
f 1334 1336 1337
f 1334 1338 1336
f 1334 1335 1338
v -0.0624158514538 0.079668499041 0.288935757387
v -0.0644956375271 0.0775110027895 0.289076113415
v -0.0643782831434 0.0794245532081 0.288168064548
v -0.0625332058375 0.0777549486224 0.289843806253
v -0.0640192557203 0.0792137762457 0.290248130024
v -0.0628922332605 0.0779657255848 0.287763740778
f 1339 1341 1343
f 1339 1343 1342
f 1339 1342 1344
f 1339 1344 1341
f 1340 1343 1341
f 1340 1342 1343
f 1340 1344 1342
f 1340 1341 1344
v -0.0625368451809 0.0798032067037 0.289213552431
v -0.0646166312541 0.0776457104523 0.289353908459
v -0.0645183811431 0.0795805305018 0.288489721968
v -0.0626350952918 0.0778683866542 0.290077738922
v -0.0641077100369 0.0793189695892 0.290554409628
v -0.0630457663981 0.0781299475668 0.288013051263
f 1345 1347 1349
f 1345 1349 1348
f 1345 1348 1350
f 1345 1350 1347
f 1346 1349 1347
f 1346 1348 1349
f 1346 1350 1348
f 1346 1347 1350
v -0.0626505730111 0.0799313087519 0.289497474197
v -0.0647303590843 0.0777738125005 0.289637830225
v -0.0646500659992 0.0797288591892 0.288818473486
v -0.0627308660963 0.0779762620632 0.290316830935
v -0.0641882515493 0.0794168329981 0.290865267826
v -0.0631926805462 0.0782882882543 0.288270036595
f 1351 1353 1355
f 1351 1355 1354
f 1351 1354 1356
f 1351 1356 1353
f 1352 1355 1353
f 1352 1354 1355
f 1352 1356 1354
f 1352 1353 1356
v -0.0627568963848 0.080052649113 0.289787176768
v -0.064836682458 0.0778951528615 0.289927532796
v -0.064773177274 0.0798693585546 0.289153918569
v -0.0628204015688 0.0780784434199 0.290560790996
v -0.0642607821301 0.0795072472409 0.291180325886
v -0.0633327967127 0.0784405547336 0.288534383679
f 1357 1359 1361
f 1357 1361 1360
f 1357 1360 1362
f 1357 1362 1359
f 1358 1361 1359
f 1358 1360 1361
f 1358 1362 1360
f 1358 1359 1362
v -0.0628556857632 0.0801670799523 0.290082307188
v -0.0649354718365 0.0780095837009 0.290222663216
v -0.0648875649753 0.0800018574212 0.289495648529
v -0.0629035926244 0.0781748062319 0.290809321876
v -0.0643252134121 0.0795901021617 0.291499199957
v -0.0634659441876 0.0785865614915 0.288805770447
f 1363 1365 1367
f 1363 1367 1366
f 1363 1366 1368
f 1363 1368 1365
f 1364 1367 1365
f 1364 1366 1367
f 1364 1368 1366
f 1364 1365 1368
v -0.0629468207868 0.0802744618536 0.290382505886
v -0.06502660686 0.0781169656021 0.290522861914
v -0.0649930897394 0.0801261943596 0.28984324702
v -0.0629803379073 0.0782652330962 0.291062120779
v -0.0643814668956 0.0796652968145 0.291821501541
v -0.0635919607512 0.0787261306412 0.289083866258
f 1369 1371 1373
f 1369 1373 1372
f 1369 1372 1374
f 1369 1374 1371
f 1370 1373 1371
f 1370 1372 1373
f 1370 1374 1372
f 1370 1371 1374
v -0.0630301904214 0.0803746639885 0.290687407114
v -0.0651099764946 0.0782171677371 0.290827763142
v -0.0650896230006 0.0802422178842 0.290196290548
v -0.0630505439155 0.0783496138414 0.291318879708
v -0.0644294740444 0.0797327395864 0.292146837964
v -0.0637106928717 0.0788590921392 0.289368332293
f 1375 1377 1379
f 1375 1379 1378
f 1375 1378 1380
f 1375 1380 1377
f 1376 1379 1377
f 1376 1378 1379
f 1376 1380 1378
f 1376 1377 1380
v -0.0631056930941 0.0804675642762 0.290996639399
v -0.0651854791674 0.0783100680248 0.291136995427
v -0.065177047148 0.0803497866384 0.290554348983
v -0.0631141251135 0.0784278456626 0.291579285843
v -0.0644691763691 0.0797923483086 0.292474812852
v -0.0638219958924 0.0789852839924 0.289658821974
f 1381 1383 1385
f 1381 1385 1384
f 1381 1384 1386
f 1381 1386 1383
f 1382 1385 1383
f 1382 1384 1385
f 1382 1386 1384
f 1382 1383 1386
v -0.0631732368166 0.080553049532 0.291309825988
v -0.0652530228898 0.0783955532805 0.291450182016
v -0.0652552556687 0.0804487695661 0.290916986087
v -0.0631710040377 0.0784998332464 0.291843021918
v -0.0645005254988 0.0798440503571 0.292805026618
v -0.0639257342076 0.0791045524554 0.289954981386
f 1387 1389 1391
f 1387 1391 1390
f 1387 1390 1392
f 1387 1392 1389
f 1388 1391 1389
f 1388 1390 1391
f 1388 1392 1390
f 1388 1389 1392
v -0.063232739297 0.0806310156052 0.291626585312
v -0.0653125253703 0.0784735193538 0.29176694134
v -0.0653241532776 0.080539046072 0.291283760041
v -0.0632211113897 0.078565488887 0.292109766612
v -0.0645234832391 0.0798877827409 0.293137076949
v -0.0640217814282 0.0792167522181 0.290256449703
f 1393 1395 1397
f 1393 1397 1396
f 1393 1396 1398
f 1393 1398 1395
f 1394 1397 1395
f 1394 1396 1397
f 1394 1398 1396
f 1394 1395 1398
v -0.063284128041 0.0807013675063 0.291946531448
v -0.0653639141142 0.0785438712548 0.292086887476
v -0.0653836560338 0.0806205061679 0.291654223988
v -0.0632643861214 0.0786247325932 0.292379194937
v -0.0645380216197 0.0799234921789 0.293470559292
v -0.0641100205354 0.0793217465822 0.290562859633
f 1399 1401 1403
f 1399 1403 1402
f 1399 1402 1404
f 1399 1404 1401
f 1400 1403 1401
f 1400 1402 1403
f 1400 1404 1402
f 1400 1401 1404
v -0.0633273404391 0.0807640195222 0.292269274592
v -0.0654071265123 0.0786065232707 0.29240963062
v -0.0654336914421 0.0806930506074 0.292027926575
v -0.0633007755093 0.0786774921855 0.292650978637
v -0.0645441229279 0.0799511351646 0.29380506735
v -0.0641903440236 0.0794194076283 0.290873837862
f 1405 1407 1409
f 1405 1409 1408
f 1405 1408 1410
f 1405 1410 1407
f 1406 1409 1407
f 1406 1408 1409
f 1406 1410 1408
f 1406 1407 1410
v -0.0633623238438 0.0808188953211 0.29259442153
v -0.065442109917 0.0786613990697 0.292734777558
v -0.0654741985423 0.0807565910062 0.292404412503
v -0.0633302352185 0.0787237033846 0.292924786584
v -0.06454177973 0.0799706780193 0.294140193577
v -0.0642626540308 0.0795096163715 0.291189005511
f 1411 1413 1415
f 1411 1415 1414
f 1411 1414 1416
f 1411 1416 1413
f 1412 1415 1413
f 1412 1414 1415
f 1412 1416 1414
f 1412 1413 1416
v -0.0633890356331 0.0808659280454 0.29292157612
v -0.0654688217063 0.078708431794 0.293061932148
v -0.0655051279825 0.0808110499501 0.292783223082
v -0.0633527293569 0.0787633098893 0.293200285187
v -0.0645309948809 0.079982096933 0.294475529672
v -0.0643268624585 0.0795922629064 0.291507978596
f 1417 1419 1421
f 1417 1421 1420
f 1417 1420 1422
f 1417 1422 1419
f 1418 1421 1419
f 1418 1420 1421
f 1418 1422 1420
f 1418 1419 1422
v -0.0634074432628 0.0809050603929 0.293250339776
v -0.0654872293361 0.0787475641414 0.293390695804
v -0.0655264420801 0.0808563610893 0.293163896789
v -0.0633682305188 0.078796263445 0.293477138792
v -0.0645117815203 0.0799853779935 0.294810667081
v -0.0643828910786 0.0796672465408 0.2918303685
f 1423 1425 1427
f 1423 1427 1426
f 1423 1426 1428
f 1423 1428 1425
f 1424 1427 1425
f 1424 1426 1427
f 1424 1428 1426
f 1424 1425 1428
v -0.0634175243062 0.0809362446868 0.29358031195
v -0.0654973103794 0.0787787484353 0.293720667978
v -0.0655381148672 0.0808924692191 0.293545969832
v -0.0633767198184 0.0788225239031 0.293755010096
v -0.0644841630567 0.0799805172034 0.29514519749
v -0.0644306716289 0.0797344759187 0.292155782438
f 1429 1431 1433
f 1429 1433 1432
f 1429 1432 1434
f 1429 1434 1431
f 1430 1433 1431
f 1430 1432 1433
f 1430 1434 1432
f 1430 1431 1434
v -0.0634192664809 0.0809594429339 0.293911090621
v -0.0654990525542 0.0788019466824 0.294051446649
v -0.0655401321222 0.0809193303473 0.293928976714
v -0.063378186913 0.0788420592691 0.294033560556
v -0.064448173139 0.0799675204848 0.295478713326
v -0.0644701458961 0.0797938691315 0.292483823945
f 1435 1437 1439
f 1435 1439 1438
f 1435 1438 1440
f 1435 1440 1437
f 1436 1439 1437
f 1436 1438 1439
f 1436 1440 1438
f 1436 1437 1440
v -0.0634126676645 0.0809746268707 0.294242272787
v -0.0654924537377 0.0788171306193 0.294382628815
v -0.0655324913873 0.0809369117478 0.294312450801
v -0.0633726300149 0.0788548457422 0.294312450801
v -0.0644038556154 0.0799464036722 0.29581080825
v -0.0645012657869 0.0798453538178 0.292814093351
f 1441 1443 1445
f 1441 1445 1444
f 1441 1444 1446
f 1441 1446 1443
f 1442 1445 1443
f 1442 1444 1445
f 1442 1446 1444
f 1442 1443 1446
v -0.0633977358965 0.080981777998 0.294573454952
v -0.0654775219698 0.0788242817465 0.29471381098
v -0.0655152019718 0.0809451920004 0.294695924887
v -0.0633600558945 0.078860867744 0.294591341045
v -0.0643512644798 0.0799171924932 0.296141077657
v -0.0645239933865 0.0798888672513 0.293146188276
f 1447 1449 1451
f 1447 1451 1450
f 1447 1450 1452
f 1447 1452 1449
f 1448 1451 1449
f 1448 1450 1451
f 1448 1452 1450
f 1448 1449 1452
v -0.0633744893691 0.0809808876031 0.294904233623
v -0.0654542754423 0.0788233913516 0.295044589651
v -0.06548828494 0.0809441610168 0.295078931769
v -0.0633404798714 0.0788601179378 0.294869891505
v -0.0642904638065 0.079879922537 0.296469119163
v -0.0645383010049 0.0799243564176 0.293479704111
f 1453 1455 1457
f 1453 1457 1456
f 1453 1456 1458
f 1453 1458 1455
f 1454 1457 1455
f 1454 1456 1457
f 1454 1458 1456
f 1454 1455 1458
v -0.0633429564044 0.0809719567708 0.295234205797
v -0.0654227424777 0.0788144605194 0.295374561825
v -0.0654517730862 0.0809338200532 0.295461004812
v -0.0633139257959 0.078852597237 0.295147762809
v -0.0642215276718 0.0798346392115 0.296794533101
v -0.0645441712103 0.0799517780787 0.29381423452
f 1459 1461 1463
f 1459 1463 1462
f 1459 1462 1464
f 1459 1464 1461
f 1460 1463 1461
f 1460 1462 1463
f 1460 1464 1462
f 1460 1461 1464
v -0.0633031754207 0.0809549963822 0.295562969453
v -0.0653829614939 0.0787975001307 0.295703325481
v -0.0654057108945 0.0809141817084 0.29584167852
v -0.0632804260201 0.0788383148044 0.295424616414
v -0.0641445400637 0.0797813976873 0.297116923005
v -0.064541596851 0.0799710988255 0.294149371929
f 1465 1467 1469
f 1465 1469 1468
f 1465 1468 1470
f 1465 1470 1467
f 1466 1469 1467
f 1466 1468 1469
f 1466 1470 1468
f 1466 1467 1470
v -0.0632551948849 0.0809300271006 0.295890124044
v -0.0653349809581 0.0787725308492 0.296030480072
v -0.0653501544846 0.0808852699087 0.296220489098
v -0.0632400213584 0.078817288041 0.295700115017
v -0.0640595947797 0.0797202628311 0.297435896091
v -0.0645305810632 0.0799822951187 0.294484708025
f 1471 1473 1475
f 1471 1475 1474
f 1471 1474 1476
f 1471 1476 1473
f 1472 1475 1473
f 1472 1474 1475
f 1472 1476 1474
f 1472 1473 1476
v -0.0631990732538 0.0808970793474 0.296215270981
v -0.065278859327 0.078739583096 0.296355627009
v -0.0652851715434 0.0808471198787 0.296596975026
v -0.0631927610375 0.0787895425647 0.295973922965
v -0.0639667953127 0.0796513091262 0.29775106374
v -0.0645111372681 0.0799853533172 0.294819834251
f 1477 1479 1481
f 1477 1481 1480
f 1477 1480 1482
f 1477 1482 1479
f 1478 1481 1479
f 1478 1480 1481
f 1478 1482 1480
f 1478 1479 1482
v -0.0631348789031 0.0808561932644 0.296538014125
v -0.0652146649763 0.0786986970129 0.296678370153
v -0.0652108412425 0.0807997780984 0.296970677613
v -0.0631387026369 0.0787551121789 0.296245706664
v -0.0638662547244 0.0795746205822 0.298062041968
v -0.064483289155 0.0799802696951 0.295154342309
f 1483 1485 1487
f 1483 1487 1486
f 1483 1486 1488
f 1483 1488 1485
f 1484 1487 1485
f 1484 1486 1487
f 1484 1488 1486
f 1484 1485 1488
v -0.0630626900437 0.0808074186649 0.296857960261
v -0.0651424761169 0.0786499224134 0.296998316289
v -0.0651272541421 0.0807433022463 0.29734114156
v -0.0630779120184 0.078714038832 0.29651513499
v -0.0637580955081 0.0794902906321 0.298368451898
v -0.0644470706524 0.0799670504461 0.295487824652
f 1489 1491 1493
f 1489 1493 1492
f 1489 1492 1494
f 1489 1494 1491
f 1490 1493 1491
f 1490 1492 1493
f 1490 1494 1492
f 1490 1491 1494
v -0.0629825946265 0.0807508149732 0.297174719585
v -0.0650623806997 0.0785933187217 0.297315075613
v -0.0650345120802 0.0806777611296 0.297707915515
v -0.0630104632461 0.0786663725653 0.296781879683
v -0.0636424494391 0.0793984220191 0.298669920215
v -0.0644025258871 0.0799457116758 0.295819874983
f 1495 1497 1499
f 1495 1499 1498
f 1495 1498 1500
f 1495 1500 1497
f 1496 1499 1497
f 1496 1498 1499
f 1496 1500 1498
f 1496 1497 1500
v -0.0628946902356 0.0806864511523 0.297487906174
v -0.0649744763088 0.0785289549008 0.297628262202
v -0.0649327280486 0.0806032346001 0.298070552618
v -0.0629364384958 0.0786121714529 0.297045615759
v -0.0635194574144 0.079299126671 0.298966079627
v -0.0643497091299 0.0799162793821 0.29615008875
f 1501 1503 1505
f 1501 1505 1504
f 1501 1504 1506
f 1501 1506 1503
f 1502 1505 1503
f 1502 1504 1505
f 1502 1506 1504
f 1502 1503 1506
v -0.0627990839688 0.0806144056195 0.297797138459
v -0.064878870042 0.078456909368 0.297937494487
v -0.0648220260555 0.0805198134569 0.298428611053
v -0.0628559279554 0.0785515015306 0.297306021893
v -0.0633892692808 0.0791925255637 0.299256569309
v -0.06428868473 0.0798787894238 0.296478063638
f 1507 1509 1511
f 1507 1511 1510
f 1507 1510 1512
f 1507 1512 1509
f 1508 1511 1509
f 1508 1510 1511
f 1508 1512 1510
f 1508 1509 1512
v -0.0626958923077 0.0805347661512 0.298102039688
v -0.0647756783809 0.0783772698998 0.298242395716
v -0.0647025409742 0.0804275993358 0.298781654581
v -0.0627690297144 0.0784844367152 0.297562780823
v -0.0632520436524 0.0790787485743 0.299541035344
v -0.0642195270362 0.0798332874766 0.29680340006
f 1513 1515 1517
f 1513 1517 1516
f 1513 1516 1518
f 1513 1518 1515
f 1514 1517 1515
f 1514 1516 1517
f 1514 1518 1516
f 1514 1515 1518
v -0.0625852409754 0.0804476297759 0.298402238385
v -0.0646650270486 0.0782901335245 0.298542594413
v -0.0645744183789 0.0803267045854 0.299129253072
v -0.0626758496451 0.078411058715 0.297815579726
v -0.0631079477175 0.0789579343227 0.299819131154
v -0.0641423203065 0.0797798289777 0.297125701644
f 1519 1521 1523
f 1519 1523 1522
f 1519 1522 1524
f 1519 1524 1521
f 1520 1523 1521
f 1520 1522 1523
f 1520 1524 1522
f 1520 1521 1524
v -0.0624672647836 0.0803531026558 0.298697368805
v -0.0645470508568 0.0781956064043 0.298837724833
v -0.0644378143673 0.0802172521305 0.299470983032
v -0.0625765012731 0.0783314569296 0.298064110605
v -0.062957157035 0.0788302300022 0.300090517922
v -0.0640571586054 0.079718479058 0.297444575716
f 1525 1527 1529
f 1525 1529 1528
f 1525 1528 1530
f 1525 1530 1527
f 1526 1529 1527
f 1526 1528 1529
f 1526 1530 1528
f 1526 1527 1530
v -0.0623421074679 0.0802512999576 0.298987071377
v -0.0644218935412 0.0780938037062 0.299127427405
v -0.0642928953703 0.0800993753221 0.299806428115
v -0.0624711056389 0.0782457283417 0.298308070666
v -0.0627998553199 0.078695791201 0.300354865006
v -0.0639641456892 0.0796493124628 0.297759633775
f 1531 1533 1535
f 1531 1535 1534
f 1531 1534 1536
f 1531 1536 1533
f 1532 1535 1533
f 1532 1534 1535
f 1532 1536 1534
f 1532 1533 1536
v -0.0622099215135 0.0801423457123 0.299270993142
v -0.0642897075867 0.0779848494608 0.29941134917
v -0.0641398379493 0.0799732177749 0.300135179633
v -0.0623597911509 0.0781539773982 0.298547162679
v -0.0626362342202 0.078554781712 0.300611850338
v -0.06386339488 0.0795724134611 0.298070491974
f 1537 1539 1541
f 1537 1541 1540
f 1537 1540 1542
f 1537 1542 1539
f 1538 1541 1539
f 1538 1540 1541
f 1538 1542 1540
f 1538 1539 1542
v -0.0620708679684 0.0800263726638 0.299548788186
v -0.0641506540416 0.0778688764123 0.299689144214
v -0.0639788285813 0.0798389331924 0.300456837053
v -0.0622426934287 0.0780563158837 0.298781095348
v -0.062466493083 0.0784073733336 0.300861160823
v -0.0637550289271 0.0794878757425 0.298376771578
f 1543 1545 1547
f 1543 1547 1546
f 1543 1546 1548
f 1543 1548 1545
f 1544 1547 1545
f 1544 1546 1547
f 1544 1548 1546
f 1544 1545 1548
v -0.061925116248 0.0799035221073 0.299820118059
v -0.0640049023212 0.0777460258559 0.299960474087
v -0.0638100634314 0.0796966851797 0.300771008485
v -0.0621199551379 0.0779528627835 0.299009583662
v -0.0622908387117 0.0782537456601 0.301102492713
v -0.0636391798576 0.0793958023031 0.298678099433
f 1549 1551 1553
f 1549 1553 1552
f 1549 1552 1554
f 1549 1554 1551
f 1550 1553 1551
f 1550 1552 1553
f 1550 1554 1552
f 1550 1551 1554
v -0.0617728439284 0.0797739437175 0.300084652187
v -0.0638526300016 0.077616447466 0.300225008215
v -0.0636337481139 0.0795466470441 0.301077311159
v -0.061991725816 0.0778437441394 0.299232349243
v -0.0621094851141 0.0780940858633 0.301335551984
v -0.0635159888158 0.0792963053202 0.298974108418
f 1555 1557 1559
f 1555 1559 1558
f 1555 1558 1560
f 1555 1560 1557
f 1556 1559 1557
f 1556 1558 1559
f 1556 1560 1558
f 1556 1557 1560
v -0.0616142365298 0.0796377953655 0.300342068275
v -0.063694022603 0.0774802991141 0.300482424303
v -0.0634500974419 0.0793890015839 0.301375371892
v -0.0618581616909 0.0777290928957 0.299449120685
v -0.0619226532417 0.077928588464 0.301560054687
v -0.0633856058911 0.0791895060156 0.299264437891
f 1561 1563 1565
f 1561 1565 1564
f 1561 1564 1566
f 1561 1566 1563
f 1562 1565 1563
f 1562 1564 1565
f 1562 1566 1564
f 1562 1563 1566
v -0.061449487291 0.0794952429272 0.300592052702
v -0.0635292733642 0.0773377466758 0.30073240873
v -0.0632593351654 0.0792239408659 0.301664827544
v -0.0617194254898 0.0776090487371 0.299659633887
v -0.0617305707202 0.0777574550953 0.301775727301
v -0.0632481899349 0.0790755345077 0.29954873413
f 1567 1569 1571
f 1567 1571 1570
f 1567 1570 1572
f 1567 1572 1569
f 1568 1571 1569
f 1568 1570 1571
f 1568 1572 1570
f 1568 1569 1572
v -0.0612787969335 0.0793464600808 0.3008343009
v -0.0633585830067 0.0771889638294 0.300974656928
v -0.0630616936988 0.0790516659911 0.301945325458
v -0.0615756862414 0.0774837579191 0.29986363237
v -0.0615334715728 0.0775808942568 0.301982307062
v -0.0631039083675 0.0789545296534 0.299826650765
f 1573 1575 1577
f 1573 1577 1576
f 1573 1576 1578
f 1573 1578 1575
f 1574 1577 1575
f 1574 1576 1577
f 1574 1578 1576
f 1574 1575 1578
v -0.0611023734173 0.0791916280953 0.301068517727
v -0.0631821594905 0.0770341318438 0.301208873755
v -0.0628574138379 0.07887238685 0.30221652389
v -0.0614271190699 0.0773533730892 0.300060867593
v -0.0613315959342 0.0773991210608 0.302179542286
v -0.0629529369736 0.0788266388784 0.300097849197
f 1579 1581 1583
f 1579 1583 1582
f 1579 1582 1584
f 1579 1584 1581
f 1580 1583 1581
f 1580 1582 1583
f 1580 1584 1582
f 1580 1581 1584
v -0.0609204316872 0.0790309356095 0.301294417827
v -0.0630002177604 0.0768734393581 0.301434773855
v -0.0626467444663 0.0786863218664 0.302478092426
v -0.0612739049814 0.0772180531012 0.300251099255
v -0.0611251897589 0.0772123569698 0.302367192669
v -0.0627954596887 0.0786920179978 0.300361999012
f 1585 1587 1589
f 1585 1589 1588
f 1585 1588 1590
f 1585 1590 1587
f 1586 1589 1587
f 1586 1588 1589
f 1586 1590 1588
f 1586 1587 1590
v -0.0607331934112 0.0788645784026 0.301511725974
v -0.0628129794844 0.0767070821511 0.301652082002
v -0.0624299422519 0.078493697732 0.302729712386
v -0.0611162306437 0.0770779628216 0.30043409559
v -0.060914504521 0.0770208295271 0.302545029591
v -0.0626316683746 0.0785508310266 0.300618778384
f 1591 1593 1595
f 1591 1595 1594
f 1591 1594 1596
f 1591 1596 1593
f 1592 1595 1593
f 1592 1594 1595
f 1592 1596 1594
f 1592 1593 1596
v -0.0605408867103 0.078692759155 0.301720177412
v -0.0626206727835 0.0765352629036 0.30186053344
v -0.0622072713351 0.0782947491297 0.302971077209
v -0.0609542881587 0.076933272929 0.300609633643
v -0.0606997969081 0.0768247720795 0.302712836384
v -0.0624617625858 0.0784032499792 0.300867874468
f 1597 1599 1601
f 1597 1601 1600
f 1597 1600 1602
f 1597 1602 1599
f 1598 1601 1599
f 1598 1600 1601
f 1598 1602 1600
f 1598 1599 1602
v -0.0603437458806 0.0785156872023 0.301919518175
v -0.0624235319538 0.0763581909508 0.302059874203
v -0.061979003006 0.0780897184475 0.303201892829
v -0.0607882748285 0.0767841597056 0.300777499549
v -0.0604813285082 0.0766244234926 0.3028704086
v -0.0622859493262 0.0782494546604 0.301108983777
f 1603 1605 1607
f 1603 1607 1606
f 1603 1606 1608
f 1603 1608 1605
f 1604 1607 1605
f 1604 1606 1607
f 1604 1608 1606
f 1604 1605 1608
v -0.0601420111078 0.0783335782791 0.302109505397
v -0.0622217971811 0.0761760820277 0.302249861425
v -0.0617454153743 0.0778788554839 0.303421878034
v -0.0606183929145 0.0766308048229 0.300937488788
v -0.0602593654915 0.0764200278605 0.303017554264
v -0.0621044427974 0.0780896324463 0.301341812559
f 1609 1611 1613
f 1609 1613 1612
f 1609 1612 1614
f 1609 1614 1611
f 1610 1613 1611
f 1610 1612 1613
f 1610 1614 1612
f 1610 1611 1614
v -0.0599359281747 0.0781466542573 0.302289907608
v -0.0620157142479 0.0759891580058 0.302430263636
v -0.0615067930307 0.0776624171428 0.303630764805
v -0.0604448493919 0.0764733951203 0.30108940644
v -0.0600341782857 0.0762118342077 0.3031540941
v -0.061917464137 0.0779239780554 0.301566077145
f 1615 1617 1619
f 1615 1619 1618
f 1615 1618 1620
f 1615 1620 1617
f 1616 1619 1617
f 1616 1618 1619
f 1616 1620 1618
f 1616 1617 1620
v -0.0597257481616 0.0779551428749 0.302460505016
v -0.0618055342348 0.0757976466234 0.302600861044
v -0.0612634266997 0.077440667121 0.303828298645
v -0.0602678556966 0.0763121223772 0.301233067415
v -0.0598060412467 0.0760000961861 0.303279861755
v -0.0617252411497 0.0777526933122 0.301781504305
f 1621 1623 1625
f 1621 1625 1624
f 1621 1624 1626
f 1621 1626 1623
f 1622 1625 1623
f 1622 1624 1625
f 1622 1626 1624
f 1622 1623 1626
v -0.0595117271404 0.077759277459 0.302621089774
v -0.0615915132136 0.0756017812076 0.302761445802
v -0.0610156128857 0.0772138755869 0.304014238891
v -0.0600876274683 0.0761471830797 0.301368296685
v -0.0595752323244 0.0757850717659 0.303394704001
v -0.0615280080296 0.0775759869007 0.301987831574
f 1627 1629 1631
f 1627 1631 1630
f 1627 1630 1632
f 1627 1632 1629
f 1628 1631 1629
f 1628 1630 1631
f 1628 1632 1630
f 1628 1629 1632
v -0.0592941258628 0.0775592966415 0.302771466234
v -0.061373911936 0.0754018003901 0.302911822262
v -0.0607636535117 0.0769823188509 0.304188359002
v -0.0599043842871 0.0759787781808 0.301494929493
v -0.0593420327239 0.0755670229212 0.303498480921
v -0.0613260050749 0.0773940741105 0.302184807574
f 1633 1635 1637
f 1633 1637 1636
f 1633 1636 1638
f 1633 1638 1635
f 1634 1637 1635
f 1634 1636 1637
f 1634 1638 1636
f 1634 1635 1638
v -0.0590732094424 0.0773554440683 0.302911451185
v -0.0611529955156 0.0751979478168 0.303051807213
v -0.0605078555512 0.0767462790292 0.304350446841
v -0.0597183494068 0.0758071128559 0.301612811557
v -0.059106726563 0.0753462153109 0.303591066078
v -0.0611194783951 0.0772071765743 0.30237219232
f 1639 1641 1643
f 1639 1643 1642
f 1639 1642 1644
f 1639 1644 1641
f 1640 1643 1641
f 1640 1642 1643
f 1640 1644 1642
f 1640 1641 1644
v -0.0588492470319 0.0771479681022 0.303040874078
v -0.0609290331051 0.0749904718507 0.303181230106
v -0.0602485306549 0.0765060437001 0.304500304928
v -0.0595297494822 0.0756323962529 0.301721799257
v -0.0588696005259 0.075122917955 0.303672346672
v -0.0609086796111 0.0770155219979 0.302549757512
f 1645 1647 1649
f 1645 1649 1648
f 1645 1648 1650
f 1645 1650 1647
f 1646 1649 1647
f 1646 1648 1649
f 1646 1650 1648
f 1646 1647 1650
v -0.058622511495 0.0769371215208 0.303159577231
v -0.0607022975682 0.0747796252693 0.303299933259
v -0.05998599477 0.0762619055532 0.304637750683
v -0.0593388142932 0.075454841237 0.301821759806
v -0.0586309435144 0.0748974029072 0.303742223674
v -0.0606938655488 0.076819343883 0.302717286815
f 1651 1653 1655
f 1651 1655 1654
f 1651 1654 1656
f 1651 1656 1653
f 1652 1655 1653
f 1652 1654 1655
f 1652 1656 1654
f 1652 1653 1656
v -0.0583932790739 0.0767231612081 0.303267416022
v -0.0604730651471 0.0745656649567 0.30340777205
v -0.0597205677561 0.0760141620332 0.304762616652
v -0.0591457764649 0.0752746641316 0.30191257142
v -0.058391046295 0.0746699449225 0.303800611951
v -0.060475297926 0.0766188812423 0.30287457612
f 1657 1659 1661
f 1657 1661 1660
f 1657 1660 1662
f 1657 1662 1659
f 1658 1661 1659
f 1658 1660 1661
f 1658 1662 1660
f 1658 1659 1662
v -0.0581618290531 0.0765063478419 0.303364259066
v -0.0602416151263 0.0743488515905 0.303504615094
v -0.0594525729952 0.0757631149776 0.304874750703
v -0.0589508711843 0.0750920844548 0.301994123457
v -0.0581502011458 0.0744408211237 0.303847440365
v -0.0602532430337 0.0764143783087 0.303021433794
f 1663 1665 1667
f 1663 1667 1666
f 1663 1666 1668
f 1663 1668 1665
f 1664 1667 1665
f 1664 1666 1667
f 1664 1668 1666
f 1664 1665 1668
v -0.0579284434188 0.0762869455758 0.303449988374
v -0.060008229492 0.0741294493244 0.303590344402
v -0.0591823369976 0.0755090702485 0.304974016218
v -0.0587543359133 0.0749073246517 0.302066316559
v -0.0579087014992 0.0742103106627 0.303882651863
v -0.0600279714116 0.0762060842375 0.303157680914
f 1669 1671 1673
f 1669 1673 1672
f 1669 1672 1674
f 1669 1674 1671
f 1670 1673 1671
f 1670 1672 1673
f 1670 1674 1672
f 1670 1671 1674
v -0.0576934065154 0.0760652217177 0.3035244995
v -0.0597731925887 0.0739077254663 0.303664855528
v -0.0589101890042 0.0752523373602 0.305060292258
v -0.0585564100999 0.0747206098239 0.30212906277
v -0.0576668415856 0.0739786943811 0.303906203545
v -0.0597997575185 0.075994252803 0.303283151483
f 1675 1677 1679
f 1675 1679 1678
f 1675 1678 1680
f 1675 1680 1677
f 1676 1679 1677
f 1676 1678 1679
f 1676 1680 1678
f 1676 1677 1680
v -0.0574570046992 0.075841446404 0.303587701662
v -0.0595367907725 0.0736839501525 0.30372805769
v -0.0586364605855 0.0749932291021 0.305133473709
v -0.0583573348863 0.0745321674544 0.302182285643
v -0.057424916074 0.0737462544675 0.303918066717
v -0.0595688793977 0.0757791420891 0.303397692636
f 1681 1683 1685
f 1681 1685 1684
f 1681 1684 1686
f 1681 1686 1683
f 1682 1685 1683
f 1682 1684 1685
f 1682 1686 1684
f 1682 1683 1686
v -0.0572195259894 0.0756158922704 0.303639517859
v -0.0592993120627 0.0734583960189 0.303779873887
v -0.0583614852372 0.074732061158 0.305193471411
v -0.0581573528148 0.0743422271314 0.302225920335
v -0.0571832197132 0.0735132741142 0.303918226926
v -0.0593356183389 0.0755610141751 0.303501164821
f 1687 1689 1691
f 1687 1691 1690
f 1687 1690 1692
f 1687 1692 1689
f 1688 1691 1689
f 1688 1690 1691
f 1688 1692 1690
f 1688 1689 1692
v -0.0569812597172 0.0753888341198 0.30367988496
v -0.0590610457905 0.0732313378684 0.303820240988
v -0.0580855979747 0.0744691517205 0.305240212265
v -0.057956707533 0.0741510202677 0.302259913684
v -0.0569420469732 0.073280037172 0.303906683976
v -0.0591002585345 0.0753401348162 0.303593441973
f 1693 1695 1697
f 1693 1697 1696
f 1693 1696 1698
f 1693 1698 1695
f 1694 1697 1695
f 1694 1696 1697
f 1694 1698 1696
f 1694 1695 1698
v -0.0567424961734 0.0751605485878 0.303708753785
v -0.0588222822466 0.0730030523363 0.303849109813
v -0.0578091349239 0.0742048211044 0.305273639325
v -0.0577556434961 0.0739587798197 0.302284224273
v -0.0567016916856 0.073046827804 0.303883451931
v -0.0588630867344 0.07511677312 0.303674411667
f 1699 1701 1703
f 1699 1703 1702
f 1699 1702 1704
f 1699 1704 1701
f 1700 1703 1701
f 1700 1702 1703
f 1700 1704 1702
f 1700 1701 1704
v -0.0565035262545 0.0749313138049 0.30372608916
v -0.0585833123277 0.0727738175534 0.303866445188
v -0.0575324329126 0.0739393913558 0.305293711865
v -0.0575544056696 0.0737657400025 0.302298822484
v -0.0564624466865 0.07281393014 0.303848559095
v -0.0586243918957 0.0748912012183 0.303743975253
f 1705 1707 1709
f 1705 1709 1708
f 1705 1708 1710
f 1705 1710 1707
f 1706 1709 1707
f 1706 1708 1709
f 1706 1710 1708
f 1706 1707 1710
v -0.0562646411086 0.0747014090585 0.303731869967
v -0.0583444271819 0.072543912807 0.303872225995
v -0.0572558290595 0.07367318586 0.30530040543
v -0.057353239231 0.0735721360056 0.302303690531
v -0.056224603459 0.0725816279299 0.303802047981
v -0.0583844648315 0.0746636939356 0.303802047981
f 1711 1713 1715
f 1711 1715 1714
f 1711 1714 1716
f 1711 1716 1713
f 1712 1715 1713
f 1712 1714 1715
f 1712 1716 1714
f 1712 1713 1716
v -0.0560261317805 0.0744711144521 0.30372608916
v -0.0581059178537 0.0723136182007 0.303866445188
v -0.0569796603637 0.0734065289473 0.305293711865
v -0.0571523892705 0.0733782037055 0.302298822484
v -0.0559884517785 0.0723502041982 0.303743975253
v -0.0581435978557 0.0744345284546 0.303848559095
f 1717 1719 1721
f 1717 1721 1720
f 1717 1720 1722
f 1717 1722 1719
f 1718 1721 1719
f 1718 1720 1721
f 1718 1722 1720
f 1718 1719 1722
v -0.055788288857 0.0742407105643 0.303708753785
v -0.0578680749302 0.0720832143128 0.303849109813
v -0.0567042632944 0.0731397454982 0.305273639325
v -0.0569521004928 0.0731841793788 0.302284224273
v -0.0557542793593 0.072119940899 0.303674411667
v -0.0579020844279 0.074203983978 0.303883451931
f 1723 1725 1727
f 1723 1727 1726
f 1723 1726 1728
f 1723 1728 1725
f 1724 1727 1725
f 1724 1726 1727
f 1724 1728 1726
f 1724 1725 1728
v -0.0555514021131 0.0740104781066 0.30367988496
v -0.0576311881863 0.0718529818551 0.303820240988
v -0.0564299733804 0.0728731605472 0.305240212265
v -0.056752616919 0.0729902994144 0.302259913684
v -0.0555223715045 0.0718911185727 0.303593441973
v -0.0576602187948 0.0739723413889 0.303906683976
f 1729 1731 1733
f 1729 1733 1732
f 1729 1732 1734
f 1729 1734 1731
f 1730 1733 1731
f 1730 1732 1733
f 1730 1734 1732
f 1730 1731 1734
v -0.0553157601587 0.0737806975818 0.303639517859
v -0.057395546232 0.0716232013303 0.303779873887
v -0.0561571248017 0.0726070988869 0.305193471411
v -0.056554181589 0.0727968000252 0.302225920335
v -0.0552930107582 0.0716640160041 0.303501164821
v -0.0574182956326 0.0737398829081 0.303918226926
f 1735 1737 1739
f 1735 1739 1738
f 1735 1738 1740
f 1735 1740 1737
f 1736 1739 1737
f 1736 1738 1739
f 1736 1740 1738
f 1736 1737 1740
v -0.0550816500875 0.0735516489421 0.303587701662
v -0.0571614361607 0.0713941526907 0.30372805769
v -0.0558860499823 0.0723418846726 0.305133473709
v -0.0563570362658 0.0726039169602 0.302182285643
v -0.0550664765609 0.0714389098825 0.303397692636
v -0.0571766096872 0.0735068917503 0.303918066717
f 1741 1743 1745
f 1741 1745 1744
f 1741 1744 1746
f 1741 1746 1743
f 1742 1745 1743
f 1742 1744 1745
f 1742 1746 1744
f 1742 1743 1746
v -0.0548493571262 0.0733236112481 0.3035244995
v -0.0569291431995 0.0711661149966 0.303664855528
v -0.0556170791851 0.0720778410269 0.305060292258
v -0.0561614211406 0.0724118852178 0.30212906277
v -0.0548430449099 0.0712160744653 0.303283151483
v -0.0569354554158 0.0732736517794 0.303906203545
f 1747 1749 1751
f 1747 1751 1750
f 1747 1750 1752
f 1747 1752 1749
f 1748 1751 1749
f 1748 1750 1751
f 1748 1752 1750
f 1748 1749 1752
v -0.0546191642883 0.0730968623284 0.303449988374
v -0.0566989503615 0.070939366077 0.303590344402
v -0.0553505401096 0.0718152896462 0.304974016218
v -0.0559675745402 0.0722209387592 0.302066316559
v -0.0546229880221 0.070995781243 0.303157680914
v -0.0566951266277 0.0730404471624 0.303882651863
f 1753 1755 1757
f 1753 1757 1756
f 1753 1756 1758
f 1753 1758 1755
f 1754 1757 1755
f 1754 1756 1757
f 1754 1758 1756
f 1754 1755 1758
v -0.0543913520281 0.0728716784418 0.303364259066
v -0.0564711381014 0.0707141821904 0.303504615094
v -0.0550867574926 0.0715545504091 0.304874750703
v -0.0557757326369 0.0720313102231 0.301994123457
v -0.0544065740029 0.0707782986089 0.303021433794
v -0.0564559161266 0.0728075620233 0.303847440365
f 1759 1761 1763
f 1759 1763 1762
f 1759 1762 1764
f 1759 1764 1761
f 1760 1763 1761
f 1760 1762 1763
f 1760 1764 1762
f 1760 1761 1764
v -0.0541661978999 0.0726483339401 0.303267416022
v -0.0562459839731 0.0704908376887 0.30340777205
v -0.0548260527126 0.0712959409861 0.304762616652
v -0.0555861291605 0.0718432306427 0.30191257142
v -0.0541940665195 0.0705638915323 0.30287457612
v -0.0562181153536 0.0725752800966 0.303800611951
f 1765 1767 1769
f 1765 1769 1768
f 1765 1768 1770
f 1765 1770 1767
f 1766 1769 1767
f 1766 1768 1769
f 1766 1770 1768
f 1766 1767 1770
v -0.0539439762193 0.0724271009342 0.303159577231
v -0.0560237622925 0.0702696046828 0.303299933259
v -0.0545687433981 0.0710397764529 0.304637750683
v -0.0553989951136 0.0716569291641 0.301821759806
v -0.0539857244795 0.0703528212349 0.302717286815
v -0.0559820140323 0.0723438843821 0.303742223674
f 1771 1773 1775
f 1771 1775 1774
f 1771 1774 1776
f 1771 1776 1773
f 1772 1775 1773
f 1772 1774 1775
f 1772 1776 1774
f 1772 1773 1776
v -0.0537249577291 0.0722082489625 0.303040874078
v -0.0558047438023 0.070050752711 0.303181230106
v -0.054315143041 0.0707863689067 0.304500304928
v -0.0552145584903 0.0714726327668 0.301721799257
v -0.0537818017156 0.0701453448736 0.302549757512
v -0.0557478998157 0.0721136567999 0.303672346672
f 1777 1779 1781
f 1777 1781 1780
f 1777 1780 1782
f 1777 1782 1779
f 1778 1781 1779
f 1778 1780 1781
f 1778 1782 1780
f 1778 1779 1782
v -0.0535094092696 0.0719920446622 0.302911451185
v -0.0555891953428 0.0698345484108 0.303051807213
v -0.0540655606143 0.0705360270853 0.304350446841
v -0.0550330439981 0.0712905659876 0.301612811557
v -0.0535825466763 0.0699417152262 0.30237219232
v -0.0555160579361 0.0718848778468 0.303591066078
f 1783 1785 1787
f 1783 1787 1786
f 1783 1786 1788
f 1783 1788 1785
f 1784 1787 1785
f 1784 1786 1787
f 1784 1788 1786
f 1784 1785 1788
v -0.0527032400749 0.0701383519416 0.286362994625
v -0.0547830261481 0.0679808556901 0.286503350653
v -0.0531477690227 0.0684068244449 0.285220975999
v -0.0543384972002 0.0697123831868 0.287645369279
v -0.0546454435205 0.0698721193997 0.285552460227
v -0.0528408227025 0.0682470882319 0.28731388505
f 1789 1791 1793
f 1789 1793 1792
f 1789 1792 1794
f 1789 1794 1791
f 1790 1793 1791
f 1790 1792 1793
f 1790 1794 1792
f 1790 1791 1794
v -0.0529102836575 0.0703252532048 0.286168007739
v -0.0549900697307 0.0681677569533 0.286308363767
v -0.0533866654642 0.0686224797486 0.28499599113
v -0.054513687924 0.0698705304095 0.287480380376
v -0.054872715347 0.0700813073719 0.2854003149
v -0.0530276380411 0.0684117027862 0.287076056606
f 1795 1797 1799
f 1795 1799 1798
f 1795 1798 1800
f 1795 1800 1797
f 1796 1799 1797
f 1796 1798 1799
f 1796 1800 1798
f 1796 1797 1800
v -0.0531217898257 0.0705170962798 0.285982858101
v -0.0552015758989 0.0683596000284 0.286123214129
v -0.0536307110429 0.0688438371429 0.284782356933
v -0.0546926546817 0.0700328591653 0.287323715298
v -0.0551033257879 0.0702944200779 0.285259027638
v -0.0532200399366 0.0685822762303 0.286847044592
f 1801 1803 1805
f 1801 1805 1804
f 1801 1804 1806
f 1801 1806 1803
f 1802 1805 1803
f 1802 1804 1805
f 1802 1806 1804
f 1802 1803 1806
v -0.0533375008918 0.0707136474355 0.285807771288
v -0.055417286965 0.068556151184 0.285948127316
v -0.0538796084269 0.0690706269378 0.284580333687
v -0.0548751794299 0.0701991716816 0.287175564917
v -0.0553369938799 0.0705111978728 0.285128770577
v -0.0534177939769 0.0687586007467 0.286627128027
f 1807 1809 1811
f 1807 1811 1810
f 1807 1810 1812
f 1807 1812 1809
f 1808 1811 1809
f 1808 1810 1811
f 1808 1812 1810
f 1808 1809 1812
v -0.0535571540451 0.0709146672044 0.285642960616
v -0.0556369401183 0.0687571709529 0.285783316644
v -0.054133054373 0.069302572825 0.284390167526
v -0.0550610397905 0.0703692653323 0.287036109733
v -0.0555734349343 0.070731376646 0.285009702416
v -0.0536206592292 0.0689404615113 0.286416574843
f 1813 1815 1817
f 1813 1817 1816
f 1813 1816 1818
f 1813 1818 1815
f 1814 1817 1815
f 1814 1816 1817
f 1814 1818 1816
f 1814 1815 1818
v -0.0537804816721 0.0711199106749 0.28548862688
v -0.0558602677453 0.0689624144235 0.285628982908
v -0.0543907400965 0.0695393922141 0.28421209014
v -0.055250009321 0.0705429328843 0.286905519649
v -0.0558123608842 0.0709546881439 0.284901968221
v -0.0538283885333 0.0691276369545 0.286215641568
f 1819 1821 1823
f 1819 1823 1822
f 1819 1822 1824
f 1819 1824 1821
f 1820 1823 1821
f 1820 1822 1823
f 1820 1824 1822
f 1820 1821 1824
v -0.0540072116825 0.0713291277896 0.285344958114
v -0.0560869977557 0.0691716315381 0.285485314142
v -0.0546523516469 0.0697807965772 0.284046318487
v -0.0554418577913 0.0707199627505 0.28678395377
v -0.0560534806352 0.0711808602956 0.284805699249
v -0.0540407288031 0.0693198990322 0.286024573008
f 1825 1827 1829
f 1825 1829 1828
f 1825 1828 1830
f 1825 1830 1827
f 1826 1829 1827
f 1826 1828 1829
f 1826 1830 1828
f 1826 1827 1830
v -0.0542370678407 0.0715420636495 0.285212129356
v -0.0563168539139 0.0693845673981 0.285352485384
v -0.0549175702909 0.0700264918002 0.283893054534
v -0.0556363514636 0.0709001392474 0.286671560205
v -0.0562965004198 0.0714096175452 0.28472101279
v -0.0542574213347 0.0695170135024 0.28584360195
f 1831 1833 1835
f 1831 1835 1834
f 1831 1834 1836
f 1831 1836 1833
f 1832 1835 1833
f 1832 1834 1835
f 1832 1836 1834
f 1832 1833 1836
v -0.0544697701023 0.0717584588252 0.285090302436
v -0.0565495561755 0.0696009625737 0.285230658464
v -0.0551860729005 0.0702761785414 0.283752485011
v -0.0558332533773 0.0710832428576 0.286568475889
v -0.0565411241561 0.0716406811874 0.28464801202
v -0.0544782021217 0.0697187402116 0.28567294888
f 1837 1839 1841
f 1837 1841 1840
f 1837 1840 1842
f 1837 1842 1839
f 1838 1841 1839
f 1838 1840 1841
f 1838 1842 1840
f 1838 1839 1842
v -0.0547050349554 0.0719780496724 0.284979625782
v -0.0567848210287 0.0698205534209 0.28511998181
v -0.0554575323465 0.0705295525958 0.28362478118
v -0.0560323236377 0.0712690504975 0.286474826412
v -0.0567870538075 0.0718737697065 0.284586785881
v -0.0547028021766 0.0699248333868 0.285512821712
f 1843 1845 1847
f 1843 1847 1846
f 1843 1846 1848
f 1843 1848 1845
f 1844 1847 1845
f 1844 1846 1847
f 1844 1848 1846
f 1844 1845 1848
v -0.0549425757663 0.0722005686535 0.284880234237
v -0.0570223618395 0.070043072402 0.285020590265
v -0.0557316178974 0.0707863052663 0.283510098628
v -0.0562333197083 0.0714573357892 0.286390725874
v -0.0570339897468 0.0721085991203 0.284537408966
v -0.0549309478589 0.0701350419353 0.285363415537
f 1849 1851 1853
f 1849 1853 1852
f 1849 1852 1854
f 1849 1854 1851
f 1850 1853 1851
f 1850 1852 1853
f 1850 1854 1852
f 1850 1851 1854
v -0.0551821031278 0.0724257446634 0.284792248894
v -0.057261889201 0.070268248412 0.284932604922
v -0.0560079956222 0.0710461237393 0.283408577078
v -0.0564359967065 0.0716478693361 0.286316276738
v -0.0572816311206 0.0723448833251 0.284499941433
v -0.0551623612082 0.0703491097503 0.285224912382
f 1855 1857 1859
f 1855 1859 1858
f 1855 1858 1860
f 1855 1860 1857
f 1856 1859 1857
f 1856 1858 1859
f 1856 1860 1858
f 1856 1857 1860
v -0.0554233252128 0.0726533033599 0.284715776949
v -0.057503111286 0.0704958071084 0.284856132977
v -0.0562863287973 0.071308691466 0.283320340219
v -0.0566401077016 0.0718404190023 0.286251569707
v -0.0575296762158 0.0725823344451 0.284474428932
v -0.055396760283 0.0705667760232 0.285097480994
f 1861 1863 1865
f 1861 1865 1864
f 1861 1864 1866
f 1861 1866 1863
f 1862 1865 1863
f 1862 1864 1865
f 1862 1866 1864
f 1862 1863 1866
v -0.0556659481294 0.0728829674977 0.284650911572
v -0.0577457342027 0.0707254712462 0.2847912676
v -0.0565662783165 0.0715736885481 0.283245495553
v -0.0568454040156 0.0720347501958 0.286196683619
v -0.0577778228279 0.0728206631827 0.284460902545
v -0.0556338595042 0.0707877755612 0.284981276627
f 1867 1869 1871
f 1867 1871 1870
f 1867 1870 1872
f 1867 1872 1869
f 1868 1871 1869
f 1868 1870 1871
f 1868 1872 1870
f 1868 1869 1872
v -0.055909676279 0.0731144572664 0.284597731791
v -0.0579894623522 0.0709569610149 0.284738087819
v -0.0568475031044 0.0718407921274 0.283184134267
v -0.0570516355268 0.072230626154 0.286151685343
v -0.0580257686284 0.0730595791711 0.284459378753
v -0.0558733700028 0.0710118391103 0.284876440858
f 1873 1875 1877
f 1873 1877 1876
f 1873 1876 1878
f 1873 1878 1875
f 1874 1877 1875
f 1874 1876 1877
f 1874 1878 1876
f 1874 1875 1878
v -0.0561542127162 0.0733474906314 0.284556302398
v -0.0582339987895 0.07118999438 0.284696658426
v -0.057129660532 0.0721096767793 0.283136331121
v -0.0572585509737 0.0724278082321 0.286116629702
v -0.0582732115335 0.0732987913278 0.28446985941
v -0.0561149999722 0.0712386936836 0.284783101413
f 1879 1881 1883
f 1879 1883 1882
f 1879 1882 1884
f 1879 1884 1881
f 1880 1883 1881
f 1880 1882 1883
f 1880 1884 1882
f 1880 1881 1884
v -0.0563992595112 0.0735817836775 0.284526673867
v -0.0584790455845 0.0714242874261 0.284667029895
v -0.0574124068339 0.0723800149094 0.283102144355
v -0.0574658982618 0.0726260561941 0.286091559408
v -0.0585198500722 0.0735380082098 0.284492331749
v -0.0563584550235 0.0714680628938 0.284701372014
f 1885 1887 1889
f 1885 1889 1888
f 1885 1888 1890
f 1885 1890 1887
f 1886 1889 1887
f 1886 1888 1889
f 1886 1890 1888
f 1886 1887 1890
v -0.0566445181122 0.0738170509547 0.284508882298
v -0.0587243041854 0.0716595547032 0.284649238326
v -0.0576953975273 0.0726514771523 0.283081615621
v -0.0576734247703 0.0728251285056 0.286076505002
v -0.0587653837534 0.0737769383681 0.284526768391
v -0.0566034385442 0.0716996672898 0.284631352233
f 1891 1893 1895
f 1891 1895 1894
f 1891 1894 1896
f 1891 1896 1893
f 1892 1895 1893
f 1892 1894 1895
f 1892 1896 1894
f 1892 1893 1896
v -0.0568896897093 0.074053005826 0.284502949365
v -0.0589694757825 0.0718955095745 0.284643305393
v -0.0579782878317 0.072923732773 0.28307476993
v -0.0578808776601 0.0730247826274 0.286071484829
v -0.0590095134321 0.074015290703 0.284573127379
v -0.0568496520597 0.0719332246974 0.284573127379
f 1897 1899 1901
f 1897 1901 1900
f 1897 1900 1902
f 1897 1902 1899
f 1898 1901 1899
f 1898 1900 1901
f 1898 1902 1900
f 1898 1899 1902
v -0.0571344755987 0.0742893608167 0.284508882298
v -0.0592142616719 0.0721318645653 0.284649238326
v -0.0582607330887 0.07319645007 0.283081615621
v -0.0580880041819 0.0732247753119 0.286076505002
v -0.0592519416739 0.0742527748192 0.284631352233
v -0.0570967955967 0.0721684505628 0.284526768391
f 1903 1905 1907
f 1903 1907 1906
f 1903 1906 1908
f 1903 1908 1905
f 1904 1907 1905
f 1904 1906 1907
f 1904 1908 1906
f 1904 1905 1908
v -0.0573785775465 0.0745258279648 0.284526673867
v -0.0594583636197 0.0723683317133 0.284667029895
v -0.0585423891823 0.0734692967793 0.283102144355
v -0.0582945519839 0.0734248628987 0.286091559408
v -0.0594923731174 0.0744891013786 0.284701372014
v -0.0573445680488 0.0724050582995 0.284492331749
f 1909 1911 1913
f 1909 1913 1912
f 1909 1912 1914
f 1909 1914 1911
f 1910 1913 1911
f 1910 1912 1913
f 1910 1914 1912
f 1910 1911 1914
v -0.0576216981521 0.0747621191714 0.284556302398
v -0.0597014842253 0.0726046229199 0.284696658426
v -0.058822912958 0.0737419404793 0.283136331121
v -0.0585002694194 0.073624801612 0.286116629702
v -0.0597305148339 0.0747239824538 0.284783101413
v -0.0575926675436 0.0726427596375 0.28446985941
f 1915 1917 1919
f 1915 1919 1918
f 1915 1918 1920
f 1915 1920 1917
f 1916 1919 1917
f 1916 1918 1919
f 1916 1920 1918
f 1916 1917 1920
v -0.0578635412105 0.0749979465521 0.284597731791
v -0.0599433272837 0.0728404503006 0.284738087819
v -0.0591019626407 0.0740140489954 0.283184134267
v -0.0587049058534 0.0738243478572 0.286151685343
v -0.0599660766843 0.0749571318783 0.284876440858
v -0.0578407918099 0.0728812649743 0.284459378753
f 1921 1923 1925
f 1921 1925 1924
f 1921 1924 1926
f 1921 1926 1923
f 1922 1925 1923
f 1922 1924 1925
f 1922 1926 1924
f 1922 1923 1926
v -0.0581038120731 0.0752330227875 0.284650911572
v -0.0601835981463 0.073075526536 0.2847912676
v -0.0593791982515 0.0742852908055 0.283245495553
v -0.058908211968 0.074023258518 0.286196683619
v -0.0601987716728 0.0751882655956 0.284981276627
v -0.0580886385466 0.0731202837279 0.284460902545
f 1927 1929 1931
f 1927 1931 1930
f 1927 1930 1932
f 1927 1932 1929
f 1928 1931 1929
f 1928 1930 1931
f 1928 1932 1930
f 1928 1929 1932
v -0.058342218007 0.0754670614735 0.284715776949
v -0.0604220040802 0.073309565222 0.284856132977
v -0.0596542820213 0.0745553354432 0.283320340219
v -0.0591099400659 0.0742212912523 0.286251569707
v -0.0604283162966 0.0754171020048 0.285097480994
v -0.0583359057907 0.0733595246907 0.284474428932
f 1933 1935 1937
f 1933 1937 1936
f 1933 1936 1938
f 1933 1938 1935
f 1934 1937 1935
f 1934 1936 1937
f 1934 1938 1936
f 1934 1935 1938
v -0.0585784685512 0.07569977747 0.284792248894
v -0.0606582546244 0.0735422812185 0.284932604922
v -0.0599268788031 0.0748238539007 0.283408577078
v -0.0593098443725 0.0744182047877 0.286316276738
v -0.0606544308906 0.0756433623039 0.285224912382
v -0.058582292285 0.0735986963845 0.284499941433
f 1939 1941 1943
f 1939 1943 1942
f 1939 1942 1944
f 1939 1944 1941
f 1940 1943 1941
f 1940 1942 1943
f 1940 1944 1942
f 1940 1941 1944
v -0.0588122758708 0.0759308872483 0.284880234237
v -0.0608920619441 0.0737733909969 0.285020590265
v -0.0601966564796 0.0750905190296 0.283510098628
v -0.0595076813353 0.0746137592156 0.286390725874
v -0.0608768399693 0.0758667708298 0.285363415537
v -0.0588274978456 0.0738375074154 0.284537408966
f 1945 1947 1949
f 1945 1949 1948
f 1945 1948 1950
f 1945 1950 1947
f 1946 1949 1947
f 1946 1948 1949
f 1946 1950 1948
f 1946 1947 1950
v -0.0590433551077 0.0761601092369 0.284979625782
v -0.0611231411809 0.0740026129854 0.28511998181
v -0.0604632863683 0.0753550059395 0.28362478118
v -0.0597032099203 0.0748077162828 0.286474826412
v -0.0610952725614 0.0760870553933 0.285512821712
v -0.0590712237272 0.074075666829 0.284586785881
f 1951 1953 1955
f 1951 1955 1954
f 1951 1954 1956
f 1951 1956 1953
f 1952 1955 1953
f 1952 1954 1955
f 1952 1956 1954
f 1952 1953 1956
v -0.0592714247273 0.076387164164 0.285090302436
v -0.0613512108005 0.0742296679126 0.285230658464
v -0.0607264436217 0.0756169923938 0.283752485011
v -0.0598961919062 0.0749998396827 0.286568475889
v -0.0613094625403 0.0763039476119 0.28567294888
v -0.0593131729875 0.0743128844647 0.28464801202
f 1957 1959 1961
f 1957 1961 1960
f 1957 1960 1962
f 1957 1962 1959
f 1958 1961 1959
f 1958 1960 1961
f 1958 1962 1960
f 1958 1959 1962
v -0.059496206862 0.0766117753982 0.285212129356
v -0.0615759929352 0.0744542791467 0.285352485384
v -0.0609858076233 0.0758761592025 0.283893054534
v -0.060086392174 0.0751898953424 0.286671560205
v -0.0615191489487 0.0765171832356 0.28584360195
v -0.0595530508486 0.0745488713093 0.28472101279
f 1963 1965 1967
f 1963 1967 1966
f 1963 1966 1968
f 1963 1968 1965
f 1964 1967 1965
f 1964 1966 1967
f 1964 1968 1966
f 1964 1965 1968
v -0.0597174276494 0.0768336692853 0.285344958114
v -0.0617972137226 0.0746761730338 0.285485314142
v -0.0612410623779 0.0761321906107 0.284046318487
v -0.060273578994 0.0753776517084 0.28678395377
v -0.0617240763158 0.0767265024698 0.286024573008
v -0.0597905650561 0.0747833398493 0.284805699249
f 1969 1971 1973
f 1969 1973 1972
f 1969 1972 1974
f 1969 1974 1971
f 1970 1973 1971
f 1970 1972 1973
f 1970 1974 1972
f 1970 1971 1974
v -0.0599348175659 0.0770525754817 0.28548862688
v -0.0620146036391 0.0748950792303 0.285628982908
v -0.061491896897 0.0763847746835 0.28421209014
v -0.0604575243081 0.0755628800285 0.286905519649
v -0.0619239949694 0.0769316502912 0.286215641568
v -0.0600254262356 0.0750160044208 0.284901968221
f 1975 1977 1979
f 1975 1979 1978
f 1975 1978 1980
f 1975 1980 1977
f 1976 1979 1977
f 1976 1978 1979
f 1976 1980 1978
f 1976 1977 1980
v -0.0601481117556 0.0772682272841 0.285642960616
v -0.0622278978288 0.0751107310326 0.285783316644
v -0.0617380055774 0.0766336036863 0.284390167526
v -0.060638004007 0.0757453546305 0.287036109733
v -0.0621186613393 0.0771323767588 0.286416574843
v -0.0602573482451 0.0752465815579 0.285009702416
f 1981 1983 1985
f 1981 1985 1984
f 1981 1984 1986
f 1981 1986 1983
f 1982 1985 1983
f 1982 1984 1985
f 1982 1986 1984
f 1982 1983 1986
v -0.0603570503522 0.0774803619538 0.285807771288
v -0.0624368364254 0.0753228657024 0.285948127316
v -0.0619790885735 0.076878374459 0.284580333687
v -0.0608147982041 0.0759248531972 0.287175564917
v -0.0623078382545 0.0773284373183 0.286627128027
v -0.0604860485231 0.0754747903379 0.285128770577
f 1987 1989 1991
f 1987 1991 1990
f 1987 1990 1992
f 1987 1992 1989
f 1988 1991 1989
f 1988 1990 1991
f 1988 1992 1990
f 1988 1989 1992
v -0.0605613787963 0.0776887210375 0.285982858101
v -0.0626411648695 0.0755312247861 0.286123214129
v -0.0622148521628 0.0771187887864 0.284782356933
v -0.060987691503 0.0761011570372 0.287323715298
v -0.0624912952321 0.0775195931001 0.286847044592
v -0.0607112484337 0.0757003527235 0.285259027638
f 1993 1995 1997
f 1993 1997 1996
f 1993 1996 1998
f 1993 1998 1995
f 1994 1997 1995
f 1994 1996 1997
f 1994 1998 1996
f 1994 1995 1998
v -0.0607608481451 0.0778930506817 0.286168007739
v -0.0628406342183 0.0757355544303 0.286308363767
v -0.0624450091038 0.0773545537605 0.28499599113
v -0.0611564732597 0.0762740513516 0.287480380376
v -0.062668808758 0.0777056112104 0.287076056606
v -0.0609326736054 0.0759229939017 0.2854003149
f 1999 2001 2003
f 1999 2003 2002
f 1999 2002 2004
f 1999 2004 2001
f 2000 2003 2001
f 2000 2002 2003
f 2000 2004 2002
f 2000 2001 2004
v -0.060955215376 0.0780931019423 0.286362994625
v -0.0630350014492 0.0759356056908 0.286503350653
v -0.0626692789856 0.077585382138 0.285220975999
v -0.0613209378397 0.0764433254951 0.287645369279
v -0.0628401625594 0.0778862650146 0.28731388505
v -0.0611500542658 0.0761424426185 0.285552460227
f 2005 2007 2009
f 2005 2009 2008
f 2005 2008 2010
f 2005 2010 2007
f 2006 2009 2007
f 2006 2008 2009
f 2006 2010 2008
f 2006 2007 2010
v -0.0611442436824 0.0782886310875 0.286567581198
v -0.0632240297556 0.0761311348361 0.286707937226
v -0.0628873885699 0.0778109926902 0.285457037429
v -0.0614808848682 0.0766087732334 0.287818480995
v -0.063005147868 0.0780613344141 0.28756024017
v -0.0613631255701 0.0763584315095 0.285715278254
f 2011 2013 2015
f 2011 2015 2014
f 2011 2014 2016
f 2011 2016 2013
f 2012 2015 2013
f 2012 2014 2015
f 2012 2016 2014
f 2012 2013 2016
v -0.0613277027625 0.0784793998953 0.2867815182
v -0.0634074888357 0.0763219036438 0.286921874228
v -0.0630990721238 0.0780311105453 0.285703887816
v -0.0616361194744 0.0767701929938 0.287999504612
v -0.0631635636746 0.0782306061137 0.287814821817
v -0.0615716279236 0.0765706974254 0.28588857061
f 2017 2019 2021
f 2017 2021 2020
f 2017 2020 2022
f 2017 2022 2019
f 2018 2021 2019
f 2018 2020 2021
f 2018 2022 2020
f 2018 2019 2022
v -0.0615053690996 0.0786651759432 0.287004544982
v -0.0635851551728 0.0765076796917 0.28714490101
v -0.0633040717436 0.0782454675236 0.285961226411
v -0.0617864525289 0.0769273881112 0.288188219582
v -0.063315216974 0.0783938738818 0.288077319825
v -0.0617753072985 0.076778981753 0.286072126168
f 2023 2025 2027
f 2023 2027 2026
f 2023 2026 2028
f 2023 2028 2025
f 2024 2027 2025
f 2024 2026 2027
f 2024 2028 2026
f 2024 2025 2028
v -0.0616770262347 0.0788457328917 0.287236389821
v -0.0637568123079 0.0766882366402 0.287376745849
v -0.0635021376687 0.0784538024642 0.286228739687
v -0.0619317008739 0.0770801670677 0.288384395984
v -0.063459923 0.0785509388019 0.288347414379
v -0.0619739155426 0.0769830307299 0.286265721291
f 2029 2031 2033
f 2029 2033 2032
f 2029 2032 2034
f 2029 2034 2031
f 2030 2033 2031
f 2030 2032 2033
f 2030 2034 2032
f 2030 2031 2034
v -0.0618424650299 0.07902085076 0.287476770249
v -0.0639222511032 0.0768633545085 0.287617126277
v -0.0636930285863 0.0786558615431 0.286506101719
v -0.0620716875468 0.0772283437255 0.288587794807
v -0.0635975054506 0.0787016095146 0.288624776412
v -0.0621672106825 0.0771825957539 0.286469120115
f 2035 2037 2039
f 2035 2039 2038
f 2035 2038 2040
f 2035 2040 2037
f 2036 2039 2037
f 2036 2038 2039
f 2036 2040 2038
f 2036 2037 2040
v -0.0620014839237 0.079190316194 0.2877253934
v -0.0640812699969 0.0770328199425 0.287865749428
v -0.0638765119252 0.0788513985822 0.286792974585
v -0.0622062419954 0.0773717375542 0.288798168243
v -0.0637277967027 0.0788457024509 0.288909067999
v -0.0623549572179 0.0773774336856 0.286682074829
f 2041 2043 2045
f 2041 2045 2044
f 2041 2044 2046
f 2041 2046 2043
f 2042 2045 2043
f 2042 2044 2045
f 2042 2046 2044
f 2042 2043 2046
v -0.0621538891759 0.079353922726 0.287981956365
v -0.0642336752491 0.0771964264746 0.288122312393
v -0.0640523641393 0.07904017535 0.287089008775
v -0.0623352002858 0.0775101738506 0.289015259982
v -0.0638506380167 0.0789830420555 0.289199942777
v -0.0625369264084 0.0775673071451 0.286904325981
f 2047 2049 2051
f 2047 2051 2050
f 2047 2050 2052
f 2047 2052 2049
f 2048 2051 2049
f 2048 2050 2051
f 2048 2052 2050
f 2048 2049 2052
v -0.0622994951043 0.0795114710269 0.28824614656
v -0.0643792811775 0.0773539747754 0.288386502588
v -0.0642203709798 0.079221961851 0.287393843616
v -0.0624584053021 0.0776434839513 0.289238805532
v -0.0639658797291 0.0791134610015 0.289497046357
v -0.0627128965527 0.0777519848008 0.287135602791
f 2053 2055 2057
f 2053 2057 2056
f 2053 2056 2058
f 2053 2058 2055
f 2054 2057 2055
f 2054 2056 2057
f 2054 2058 2056
f 2054 2055 2058
v -0.0624381243104 0.0796627691482 0.288517642112
v -0.0645179103837 0.0775052728967 0.28865799814
v -0.0643803277561 0.0793965366064 0.287707107715
v -0.062575706938 0.0777715054386 0.289468532538
v -0.0640733814358 0.0792368003934 0.289800016766
v -0.0628826532583 0.0779312416515 0.287375623486
f 2059 2061 2063
f 2059 2063 2062
f 2059 2062 2064
f 2059 2064 2061
f 2060 2063 2061
f 2060 2062 2063
f 2060 2064 2062
f 2060 2061 2064
v -0.062569607896 0.0798076327565 0.288796112245
v -0.0646493939692 0.077650136505 0.288936468273
v -0.0645320395855 0.0795636869236 0.288028419406
v -0.0626869622796 0.0778940823379 0.289704161111
v -0.0641730121625 0.0793529099612 0.290108484881
v -0.0630459897027 0.0781048593003 0.287624095636
f 2065 2067 2069
f 2065 2069 2068
f 2065 2068 2070
f 2065 2070 2067
f 2066 2069 2067
f 2066 2068 2069
f 2066 2070 2068
f 2066 2067 2070
v -0.0626937856685 0.0799458853577 0.289081217685
v -0.0647735717417 0.0777883891063 0.289221573713
v -0.0646753216307 0.0797232091558 0.288357387222
v -0.0627920357794 0.0780110653082 0.289945404176
v -0.0642646505245 0.0794616482432 0.290422074881
v -0.0632027068857 0.0782726262208 0.287880716517
f 2071 2073 2075
f 2071 2075 2074
f 2071 2074 2076
f 2071 2076 2073
f 2072 2075 2073
f 2072 2074 2075
f 2072 2076 2074
f 2072 2073 2076
v -0.0628105063364 0.0800773585124 0.289372611076
v -0.0648902924096 0.077919862261 0.289512967104
v -0.0648099993245 0.0798749089497 0.288693610365
v -0.0628907994215 0.0781223118237 0.290191967815
v -0.0643481848745 0.0795628827586 0.290740404705
v -0.0633526138714 0.0784343380148 0.288145173475
f 2077 2079 2081
f 2077 2081 2080
f 2077 2080 2082
f 2077 2082 2079
f 2078 2081 2079
f 2078 2080 2081
f 2078 2082 2080
f 2078 2079 2082
v -0.0629196276936 0.0802018920409 0.289669937399
v -0.0649994137668 0.0780443957894 0.289810293427
v -0.0649359085828 0.0800186014825 0.2890366792
v -0.0629831328776 0.0782276863478 0.290443551627
v -0.0644235134389 0.0796564901688 0.291063086517
v -0.0634955280215 0.0785897976615 0.28841714431
f 2083 2085 2087
f 2083 2087 2086
f 2083 2086 2088
f 2083 2088 2085
f 2084 2087 2085
f 2084 2086 2087
f 2084 2088 2086
f 2084 2085 2088
v -0.0630210167925 0.0803193342181 0.289972834409
v -0.0651008028657 0.0781618379666 0.290113190437
v -0.0650528960046 0.080154111687 0.28938617575
v -0.0630689236536 0.0783270604977 0.290699849097
v -0.0644905444413 0.0797423564274 0.291389727178
v -0.0636312752168 0.0787388157573 0.288696297669
f 2089 2091 2093
f 2089 2093 2092
f 2089 2092 2094
f 2089 2094 2091
f 2090 2093 2091
f 2090 2092 2093
f 2090 2094 2092
f 2090 2091 2094
v -0.0631145501061 0.0804295419589 0.290280933072
v -0.0651943361793 0.0782720457074 0.2904212891
v -0.0651608190588 0.0802812744649 0.289741674207
v -0.0631480672267 0.0784203132015 0.290960547965
v -0.0645491962149 0.0798203769198 0.291719928728
v -0.0637596900705 0.0788812107465 0.288982293444
f 2095 2097 2099
f 2095 2099 2098
f 2095 2098 2100
f 2095 2100 2097
f 2096 2099 2097
f 2096 2098 2099
f 2096 2100 2098
f 2096 2097 2100
v -0.0632001136785 0.0805323809921 0.290593858018
v -0.0652798997517 0.0783748847406 0.290734214046
v -0.0652595462577 0.0803999348878 0.290102741452
v -0.0632204671726 0.0785073308449 0.291225330611
v -0.0645993973015 0.0798904565899 0.292053288867
v -0.0638806161288 0.0790168091428 0.289274783196
f 2101 2103 2105
f 2101 2105 2104
f 2101 2104 2106
f 2101 2106 2103
f 2102 2105 2103
f 2102 2104 2105
f 2102 2106 2104
f 2102 2103 2106
v -0.0632776032637 0.0806277260242 0.290911227994
v -0.0653573893369 0.0784702297727 0.291051584022
v -0.0653489573175 0.0805099483864 0.290468937578
v -0.0632860352831 0.0785880074106 0.291493874438
v -0.0646410865387 0.0799525100566 0.292389401447
v -0.0639939060619 0.0791454457404 0.28957341057
f 2107 2109 2111
f 2107 2111 2110
f 2107 2110 2112
f 2107 2112 2109
f 2108 2111 2109
f 2108 2110 2111
f 2108 2112 2110
f 2108 2109 2112
v -0.0633469244525 0.080715460892 0.291232656336
v -0.0654267105257 0.0785579646405 0.291373012364
v -0.0654289433046 0.0806111809261 0.290839816434
v -0.0633446916736 0.0786622446064 0.291765852265
v -0.0646742131347 0.0800064617171 0.292727856966
v -0.0640994218435 0.0792669638154 0.289877811734
f 2113 2115 2117
f 2113 2117 2116
f 2113 2116 2118
f 2113 2118 2115
f 2114 2117 2115
f 2114 2116 2117
f 2114 2118 2116
f 2114 2115 2118
v -0.0634079927877 0.080795478704 0.291557751431
v -0.0654877788609 0.0786379824525 0.291698107459
v -0.0654994067683 0.0807035091707 0.29121492616
v -0.0633963648803 0.0787299519858 0.292040932731
v -0.0646987367298 0.0800522458397 0.293068243068
v -0.0641970349188 0.0793812153168 0.290187615822
f 2119 2121 2123
f 2119 2123 2122
f 2119 2122 2124
f 2119 2124 2121
f 2120 2123 2121
f 2120 2122 2123
f 2120 2124 2122
f 2120 2121 2124
v -0.063460733867 0.0808676819708 0.291886117203
v -0.0655405199402 0.0787101857194 0.292026473231
v -0.0655602618598 0.0807868206325 0.291593809742
v -0.0634409919474 0.0787910470577 0.292318780691
v -0.0647146274458 0.0800898066435 0.293410145046
v -0.0642866263614 0.0794880610467 0.290502445387
f 2125 2127 2129
f 2125 2129 2128
f 2125 2128 2130
f 2125 2130 2127
f 2126 2129 2127
f 2126 2128 2129
f 2126 2130 2128
f 2126 2127 2130
v -0.0635050834335 0.080931982724 0.292217353587
v -0.0655848695067 0.0787744864726 0.292357709615
v -0.0656114344365 0.0808610138092 0.29197600557
v -0.0634785185037 0.0788454553873 0.292599057631
v -0.0647218659223 0.0801190983664 0.293753146345
v -0.064368087018 0.0795873708301 0.290821916856
f 2131 2133 2135
f 2131 2135 2134
f 2131 2134 2136
f 2131 2136 2133
f 2132 2135 2133
f 2132 2134 2135
f 2132 2136 2134
f 2132 2133 2136
v -0.0635409874541 0.0809883026229 0.292551057023
v -0.0656207735273 0.0788308063715 0.292691413051
v -0.0656528621526 0.080925998308 0.292361047996
v -0.0635088988288 0.0788931106864 0.292881422077
v -0.0647204433403 0.0801400853211 0.29409682907
v -0.0644413176411 0.0796790236733 0.291145641004
f 2137 2139 2141
f 2137 2141 2140
f 2137 2140 2142
f 2137 2142 2139
f 2138 2141 2139
f 2138 2140 2141
f 2138 2142 2140
f 2138 2139 2142
v -0.0635684021852 0.0810365730505 0.292886820945
v -0.0656481882584 0.078879076799 0.293027176973
v -0.0656844945347 0.0809816949552 0.292748467906
v -0.063532095909 0.0789339548943 0.293165530011
v -0.064710361433 0.080152741938 0.294440774497
v -0.0645062290106 0.0797629079115 0.291473223421
f 2143 2145 2147
f 2143 2147 2146
f 2143 2146 2148
f 2143 2148 2145
f 2144 2147 2145
f 2144 2146 2147
f 2144 2148 2146
f 2144 2145 2148
v -0.0635872942263 0.0810767351966 0.293224236276
v -0.0656670802995 0.0789192389451 0.293364592304
v -0.0657062930436 0.0810280358929 0.293137793288
v -0.0635480814822 0.0789679382487 0.293451035292
v -0.0646916324838 0.0801570527972 0.294784563581
v -0.064562742042 0.0798389213445 0.291804265
f 2149 2151 2153
f 2149 2153 2152
f 2149 2152 2154
f 2149 2154 2151
f 2150 2153 2151
f 2150 2152 2153
f 2150 2154 2152
f 2150 2151 2154
v -0.0635976405603 0.0811087401298 0.293562891928
v -0.0656774266335 0.0789512438783 0.293703247956
v -0.0657182311212 0.0810649646621 0.29352854981
v -0.0635568360725 0.0789950193461 0.293737590074
v -0.0646642793108 0.0801530126464 0.295127777468
v -0.0646107878829 0.0799069713617 0.292138362416
f 2155 2157 2159
f 2155 2159 2158
f 2155 2158 2160
f 2155 2160 2157
f 2156 2159 2157
f 2156 2158 2159
f 2156 2160 2158
f 2156 2157 2160
v -0.0635994285817 0.0811325488571 0.293902375301
v -0.0656792146549 0.0789750526056 0.294042731329
v -0.0657202942229 0.0810924362705 0.293920261394
v -0.0635583490137 0.0790151651922 0.294024845236
v -0.0646283352398 0.080140626408 0.295469998006
v -0.0646503079968 0.0799669750547 0.292475108624
f 2161 2163 2165
f 2161 2165 2164
f 2161 2164 2166
f 2161 2166 2163
f 2162 2165 2163
f 2162 2164 2165
f 2162 2166 2164
f 2162 2163 2166
v -0.0635926561122 0.0811481323712 0.294242272787
v -0.0656724421854 0.0789906361197 0.294382628815
v -0.065712479835 0.0811104172483 0.294312450801
v -0.0635526184626 0.0790283512426 0.294312450801
v -0.0645838440631 0.0801199091727 0.29581080825
v -0.0646812542346 0.0800188593182 0.292814093351
f 2167 2169 2171
f 2167 2171 2170
f 2167 2170 2172
f 2167 2172 2169
f 2168 2171 2169
f 2168 2170 2171
f 2168 2172 2170
f 2168 2169 2172
v -0.063577331403 0.081155471686 0.294582170272
v -0.0656571174762 0.0789979754345 0.2947225263
v -0.0656947974782 0.0811188856884 0.294704640207
v -0.0635396514009 0.0790345614321 0.294600056365
v -0.0645308599862 0.0800908861812 0.296149792977
v -0.0647035888929 0.0800625609393 0.293154903596
f 2173 2175 2177
f 2173 2177 2176
f 2173 2176 2178
f 2173 2178 2175
f 2174 2177 2175
f 2174 2176 2177
f 2174 2178 2176
f 2174 2175 2178
v -0.0635534731248 0.0811545578596 0.294921653645
v -0.065633259198 0.0789970616082 0.295062009673
v -0.0656672686957 0.0811178312734 0.295096351791
v -0.0635194636271 0.0790337881944 0.294887311527
v -0.0644694475622 0.0800535927936 0.296486539185
v -0.0647172847606 0.0800980266742 0.293497124133
f 2179 2181 2183
f 2179 2183 2182
f 2179 2182 2184
f 2179 2184 2181
f 2180 2183 2181
f 2180 2182 2183
f 2180 2184 2182
f 2180 2181 2184
v -0.0635211103453 0.0811453920055 0.295260309297
v -0.0656008964185 0.0789878957541 0.295400665325
v -0.0656299270271 0.0811072552879 0.295487108313
v -0.0634920797368 0.0790260324717 0.29517386631
v -0.0643996816126 0.0800080744462 0.296820636602
v -0.0647223251512 0.0801252133134 0.293840338021
f 2185 2187 2189
f 2185 2189 2188
f 2185 2188 2190
f 2185 2190 2187
f 2186 2189 2187
f 2186 2188 2189
f 2186 2190 2188
f 2186 2187 2190
v -0.0634802824936 0.0811279852908 0.295597724628
v -0.0655600685668 0.0789704890394 0.295738080656
v -0.0655828179674 0.0810871706171 0.295876433695
v -0.063457533093 0.0790113037131 0.29545937159
v -0.0643216471365 0.079954386596 0.29715167818
v -0.0647187039238 0.0801440877342 0.294184127105
f 2191 2193 2195
f 2191 2195 2194
f 2191 2194 2196
f 2191 2196 2193
f 2192 2195 2193
f 2192 2194 2195
f 2192 2196 2194
f 2192 2193 2196
v -0.0634310393121 0.0811023589229 0.29593348855
v -0.0655108253853 0.0789448626715 0.296073844578
v -0.0655259989118 0.0810576017311 0.296263853605
v -0.0634158657855 0.0789896198633 0.295743479524
v -0.0642354392069 0.0798925946534 0.297479260597
v -0.0647064254904 0.080154626941 0.294528072531
f 2197 2199 2201
f 2197 2201 2200
f 2197 2200 2202
f 2197 2202 2199
f 2198 2201 2199
f 2198 2200 2201
f 2198 2202 2200
f 2198 2199 2202
v -0.063373440796 0.0810685441236 0.296267191987
v -0.0654532268692 0.0789110478721 0.296407548015
v -0.0654595390855 0.0810185846549 0.296648896031
v -0.0633671285796 0.0789610073408 0.29602584397
v -0.0641411628549 0.0798227739024 0.297802984745
v -0.0646855048103 0.0801568180934 0.294871755256
f 2203 2205 2207
f 2203 2207 2206
f 2203 2206 2208
f 2203 2208 2205
f 2204 2207 2205
f 2204 2206 2207
f 2204 2208 2206
f 2204 2205 2208
v -0.0633075571202 0.081026582091 0.296598428371
v -0.0653873431935 0.0788690858395 0.296738784399
v -0.0653835194597 0.080970166925 0.297031091859
v -0.063311380854 0.0789255010056 0.29630612091
v -0.0640389329416 0.0797450094088 0.298122456214
v -0.0646559673721 0.0801506585218 0.295214756555
f 2209 2211 2213
f 2209 2213 2212
f 2209 2212 2214
f 2209 2214 2211
f 2210 2213 2211
f 2210 2212 2213
f 2210 2214 2212
f 2210 2211 2214
v -0.063233468554 0.0809765239494 0.296926794142
v -0.0653132546272 0.0788190276979 0.29706715017
v -0.0652980326525 0.0809124075308 0.297409975441
v -0.0632486905287 0.0788831441165 0.296583968871
v -0.0639288740184 0.0796593959167 0.298437285779
v -0.0646178491627 0.0801361557307 0.295556658533
f 2215 2217 2219
f 2215 2219 2218
f 2215 2218 2220
f 2215 2220 2217
f 2216 2219 2217
f 2216 2218 2219
f 2216 2220 2218
f 2216 2217 2220
v -0.0631512653627 0.0809184306869 0.297251889238
v -0.0652310514359 0.0787609344354 0.297392245266
v -0.0652031828164 0.0808453768433 0.297785085167
v -0.0631791339822 0.078833988279 0.296859049336
v -0.0638111201753 0.0795660377328 0.298747089868
v -0.0645711966233 0.0801133273895 0.295897044636
f 2221 2223 2225
f 2221 2225 2224
f 2221 2224 2226
f 2221 2226 2223
f 2222 2225 2223
f 2222 2224 2225
f 2222 2226 2224
f 2222 2223 2226
v -0.0630610476983 0.0808523730812 0.297573317579
v -0.0651408337715 0.0786948768297 0.297713673607
v -0.0650990855113 0.0807691565291 0.298155964023
v -0.0631027959585 0.0787780933819 0.297131027164
v -0.0636858148771 0.0794650485999 0.299051491032
v -0.0645160665927 0.080082201311 0.296235500155
f 2227 2229 2231
f 2227 2231 2230
f 2227 2230 2232
f 2227 2232 2229
f 2228 2231 2229
f 2228 2230 2231
f 2228 2232 2230
f 2228 2229 2232
v -0.0629629254771 0.0807784316133 0.297890687556
v -0.0650427115504 0.0786209353619 0.298031043584
v -0.0649858675638 0.0806838394508 0.29852216015
v -0.0630197694637 0.0787155275245 0.29739957099
v -0.0635531107891 0.0793565515576 0.299350118405
v -0.0644525262384 0.0800428154177 0.296571612734
f 2233 2235 2237
f 2233 2237 2236
f 2233 2236 2238
f 2233 2238 2235
f 2234 2237 2235
f 2234 2236 2237
f 2234 2238 2236
f 2234 2235 2238
v -0.062857018246 0.0806966963696 0.298203612501
v -0.0649368043192 0.0785392001181 0.298343968529
v -0.0648636669125 0.0805895295541 0.298883227394
v -0.0629301556527 0.0786463669336 0.297664353636
v -0.0634131695907 0.0792406787927 0.299642608157
v -0.0643806529745 0.079995217695 0.296904972873
f 2239 2241 2243
f 2239 2243 2242
f 2239 2242 2244
f 2239 2244 2241
f 2240 2243 2241
f 2240 2242 2243
f 2240 2244 2242
f 2240 2241 2244
v -0.0627434550366 0.0806072669318 0.298511711164
v -0.0648232411098 0.0784497706803 0.298652067192
v -0.0647326324401 0.0804863417413 0.299238725851
v -0.0628340637063 0.0785706958708 0.297925052504
v -0.0632661617787 0.0791175714785 0.299928603933
v -0.0643005343677 0.0799394661336 0.297235174423
f 2245 2247 2249
f 2245 2249 2248
f 2245 2248 2250
f 2245 2250 2247
f 2246 2249 2247
f 2246 2248 2249
f 2246 2250 2248
f 2246 2247 2250
v -0.0626223742081 0.0805102522559 0.298814608174
v -0.0647021602813 0.0783527560044 0.298954964202
v -0.0645929237918 0.0803744017306 0.299588222401
v -0.0627316106976 0.0784886065297 0.298181349974
v -0.0631122664595 0.0789873796023 0.300207757291
v -0.0642122680299 0.079875628658 0.297561815085
f 2251 2253 2255
f 2251 2255 2254
f 2251 2254 2256
f 2251 2256 2253
f 2252 2255 2253
f 2252 2254 2255
f 2252 2256 2254
f 2252 2253 2256
v -0.0624939232789 0.0804057705393 0.299111934497
v -0.0645737093521 0.0782482742879 0.299252290525
v -0.0644447111812 0.0802538459038 0.299931291236
v -0.0626229214498 0.0784001989234 0.298432933787
v -0.0629516711308 0.0788502617827 0.300479728127
v -0.0641159615002 0.0798037830445 0.297884496896
f 2257 2259 2261
f 2257 2261 2260
f 2257 2260 2262
f 2257 2262 2259
f 2258 2261 2259
f 2258 2260 2261
f 2258 2262 2260
f 2258 2259 2262
v -0.0623582587467 0.080293949077 0.299403327888
v -0.0644380448199 0.0781364528255 0.299543683916
v -0.0642881751825 0.0801248211396 0.300267514379
v -0.0625081283841 0.0783055807629 0.298679497425
v -0.0627845714534 0.0787063850767 0.300744185085
v -0.0640117321132 0.0797240168258 0.29820282672
f 2263 2265 2267
f 2263 2267 2266
f 2263 2266 2268
f 2263 2268 2265
f 2264 2267 2265
f 2264 2266 2267
f 2264 2268 2266
f 2264 2265 2268
v -0.0622155458978 0.0801749241061 0.299688433329
v -0.064295331971 0.0780174278547 0.299828789357
v -0.0641235065107 0.0799874846348 0.300596482195
v -0.0623873713581 0.0782048673261 0.29892074049
v -0.0626111710124 0.078555924776 0.301000805965
v -0.0638997068564 0.0796364271849 0.29851641672
f 2269 2271 2273
f 2269 2273 2272
f 2269 2272 2274
f 2269 2274 2271
f 2270 2273 2271
f 2270 2272 2273
f 2270 2274 2272
f 2270 2271 2274
v -0.0620659586058 0.0800488406403 0.299966903461
v -0.064145744679 0.0778913443889 0.300107259489
v -0.0639509057892 0.0798420037127 0.300917793887
v -0.0622607974957 0.0780981813165 0.299156369064
v -0.0624316810695 0.0783990641932 0.301249278115
v -0.0637800222154 0.0795411208361 0.298824884835
f 2275 2277 2279
f 2275 2279 2278
f 2275 2278 2280
f 2275 2280 2277
f 2276 2279 2277
f 2276 2278 2279
f 2276 2280 2278
f 2276 2277 2280
v -0.0619096791199 0.0799158522929 0.300238399013
v -0.0639894651931 0.0777583560414 0.300378755041
v -0.0637705833054 0.0796885556194 0.301231057985
v -0.0621285610075 0.0779856527148 0.299386096069
v -0.0622463203056 0.0782359944387 0.30148929881
v -0.0636528240073 0.0794382138955 0.299127855244
f 2281 2283 2285
f 2281 2285 2284
f 2281 2284 2286
f 2281 2286 2283
f 2282 2285 2283
f 2282 2284 2285
f 2282 2286 2284
f 2282 2283 2286
v -0.0617468978424 0.0797761210895 0.300502589209
v -0.0638266839156 0.0776186248381 0.300642945237
v -0.0635827587544 0.0795273273079 0.301535892826
v -0.0619908230035 0.0778674186197 0.299609641619
v -0.0620553145543 0.078066914188 0.301720575621
v -0.0635182672037 0.0793278317396 0.299424958825
f 2287 2289 2291
f 2287 2291 2290
f 2287 2290 2292
f 2287 2292 2289
f 2288 2291 2289
f 2288 2290 2291
f 2288 2292 2290
f 2288 2289 2292
v -0.0615778130973 0.0796298172713 0.300759152173
v -0.0636575991705 0.0774723210199 0.300899508201
v -0.0633876609717 0.07935851521 0.301831927016
v -0.0618477512961 0.0777436230812 0.299826733358
v -0.0618588965265 0.0778920294394 0.301942826772
v -0.0633765157412 0.0792101088518 0.299715833602
f 2293 2295 2297
f 2293 2297 2296
f 2293 2296 2298
f 2293 2298 2295
f 2294 2297 2295
f 2294 2296 2297
f 2294 2298 2296
f 2294 2295 2298
v -0.0614026308883 0.0794771190868 0.301007775324
v -0.0634824169615 0.0773196228354 0.301148131352
v -0.0631855276536 0.0791823249971 0.302118799882
v -0.0616995201962 0.0776144169251 0.300037106794
v -0.0616573055275 0.0777115532628 0.302155781486
v -0.0632277423223 0.0790851886594 0.300000125189
f 2299 2301 2303
f 2299 2303 2302
f 2299 2302 2304
f 2299 2304 2301
f 2300 2303 2301
f 2300 2302 2303
f 2300 2304 2302
f 2300 2301 2304
v -0.061221564648 0.0793182125754 0.301248155752
v -0.0633013507212 0.0771607163239 0.30138851178
v -0.0629766050686 0.07899897133 0.302396161915
v -0.0615463103006 0.0774799575692 0.300240505618
v -0.0614507871649 0.0775257055408 0.30235918031
v -0.0630721282043 0.0789532233584 0.300277487222
f 2305 2307 2309
f 2305 2309 2308
f 2305 2308 2310
f 2305 2310 2307
f 2306 2309 2307
f 2306 2308 2309
f 2306 2310 2308
f 2306 2307 2310
v -0.0610348349776 0.07915329134 0.301480000591
v -0.0631146210508 0.0769957950885 0.301620356619
v -0.0627611477567 0.0788086775969 0.30266367519
v -0.0613883082718 0.0773404088316 0.30043668202
v -0.0612395930493 0.0773347127002 0.302552775434
v -0.0629098629791 0.0788143737282 0.300547581776
f 2311 2313 2315
f 2311 2315 2314
f 2311 2314 2316
f 2311 2316 2313
f 2312 2315 2313
f 2312 2314 2315
f 2312 2316 2314
f 2312 2313 2316
v -0.0608426693786 0.0789825563118 0.301703027373
v -0.0629224554518 0.0768250600603 0.301843383401
v -0.0625394182193 0.0786116756412 0.302921013785
v -0.0612257066111 0.0771959407308 0.300625396989
v -0.0610239804884 0.0771388074363 0.302736330991
v -0.062741144342 0.0786688089358 0.300810079784
f 2317 2319 2321
f 2317 2321 2320
f 2317 2320 2322
f 2317 2322 2319
f 2318 2321 2319
f 2318 2320 2321
f 2318 2322 2320
f 2318 2319 2322
v -0.060645301975 0.0788062155051 0.301916964376
v -0.0627250880482 0.0766487192536 0.302057320404
v -0.0623116865998 0.0784082054797 0.303167864173
v -0.0610587034234 0.077046729279 0.300806420607
v -0.0608042121728 0.0769382284295 0.302909623347
v -0.0625661778505 0.0785167063292 0.301064661432
f 2323 2325 2327
f 2323 2327 2326
f 2323 2326 2328
f 2323 2328 2325
f 2324 2327 2325
f 2324 2326 2327
f 2324 2328 2326
f 2324 2325 2328
v -0.0604429732287 0.0786244837641 0.302121550948
v -0.062522759302 0.0764669875126 0.302261906976
v -0.0620782303541 0.0781985150093 0.303403925603
v -0.0608875021766 0.0768929562674 0.300979532322
v -0.0605805558563 0.0767332200545 0.303072441374
v -0.0623851766744 0.0783582512223 0.301311016551
f 2329 2331 2333
f 2329 2333 2332
f 2329 2332 2334
f 2329 2334 2331
f 2330 2333 2331
f 2330 2332 2333
f 2330 2334 2332
f 2330 2331 2334
v -0.0602359296461 0.0784375825009 0.302316537834
v -0.0623157157194 0.0762800862494 0.302456893862
v -0.0618393339127 0.0779828597056 0.303628910471
v -0.0607123114529 0.0767348090447 0.301144521226
v -0.0603532840298 0.0765240320823 0.303224586701
v -0.0621983613357 0.078193636668 0.301548844996
f 2335 2337 2339
f 2335 2339 2338
f 2335 2338 2340
f 2335 2340 2337
f 2336 2339 2337
f 2336 2338 2339
f 2336 2340 2338
f 2336 2337 2340
v -0.0600244234779 0.0782457394258 0.302501687472
v -0.0621042095512 0.0760882431744 0.3026420435
v -0.061595288334 0.0777615023113 0.303842544668
v -0.0605333446952 0.0765724802889 0.301301186304
v -0.0601226735889 0.0763109193763 0.303365873963
v -0.0620059594402 0.0780230632239 0.301777857009
f 2341 2343 2345
f 2341 2345 2344
f 2341 2344 2346
f 2341 2346 2343
f 2342 2345 2343
f 2342 2344 2345
f 2342 2346 2344
f 2342 2343 2346
v -0.0598087124118 0.0780491882702 0.302676774285
v -0.0618884984851 0.0758916920187 0.302817130313
v -0.06134639095 0.0775347125164 0.304044567914
v -0.0603508199469 0.0764061677726 0.301449336684
v -0.059889005497 0.0760941415814 0.303496131024
v -0.0618082053999 0.0778467387075 0.301997773575
f 2347 2349 2351
f 2347 2351 2350
f 2347 2350 2352
f 2347 2352 2349
f 2348 2351 2349
f 2348 2350 2351
f 2348 2352 2350
f 2348 2349 2352
v -0.0595890592585 0.0778481685013 0.302841584958
v -0.0616688453317 0.0756906722498 0.302981940986
v -0.0610929450038 0.0773027666292 0.304234734075
v -0.0601649595864 0.0762360741219 0.301588791868
v -0.0596525644425 0.0758739628082 0.303615199185
v -0.0616053401477 0.0776648779429 0.302208326758
f 2353 2355 2357
f 2353 2357 2356
f 2353 2356 2358
f 2353 2358 2355
f 2354 2357 2355
f 2354 2356 2357
f 2354 2358 2356
f 2354 2355 2358
v -0.0593657316315 0.0776429250307 0.302995918693
v -0.0614455177047 0.0754854287793 0.303136274721
v -0.0608352592804 0.0770659472401 0.304412811462
v -0.0599759900558 0.0760624065699 0.301719381952
v -0.0594136384926 0.0756506513103 0.30372293338
v -0.0613976108436 0.0774777024997 0.302409260033
f 2359 2361 2363
f 2359 2363 2362
f 2359 2362 2364
f 2359 2364 2361
f 2360 2363 2361
f 2360 2362 2363
f 2360 2364 2362
f 2360 2361 2364
v -0.0591390016211 0.0774337079161 0.303139587459
v -0.0612187876943 0.0752762116646 0.303279943487
v -0.0605736477299 0.076824542877 0.304578583115
v -0.0597841415855 0.0758853767037 0.301840947831
v -0.0591725187417 0.0754244791586 0.303819202352
v -0.0611852705738 0.077285440422 0.302600328594
f 2365 2367 2369
f 2365 2369 2368
f 2365 2368 2370
f 2365 2370 2367
f 2366 2369 2367
f 2366 2368 2369
f 2366 2370 2368
f 2366 2367 2370
v -0.058909145463 0.0772207720561 0.303272416217
v -0.0609889315362 0.0750632758047 0.303412772245
v -0.0603084290859 0.076578847654 0.304731847067
v -0.0595896479132 0.0757052002068 0.301953341396
v -0.058929498957 0.075195721909 0.303903888811
v -0.0609685780421 0.0770883259518 0.302781299652
f 2371 2373 2375
f 2371 2375 2374
f 2371 2374 2376
f 2371 2376 2373
f 2372 2375 2373
f 2372 2374 2375
f 2372 2376 2374
f 2372 2373 2376
v -0.0586764432014 0.0770043768805 0.303394243137
v -0.0607562292746 0.074846880629 0.303534599165
v -0.0600399264764 0.0763291609128 0.30487241659
v -0.0593927459996 0.0755220965966 0.302056425713
v -0.0586848752208 0.0749646582668 0.303976889581
v -0.0607477972552 0.0768865992426 0.302951952722
f 2377 2379 2381
f 2377 2381 2380
f 2377 2380 2382
f 2377 2382 2379
f 2378 2381 2379
f 2378 2380 2381
f 2378 2382 2380
f 2378 2379 2382
v -0.0584411783482 0.0767847860333 0.303504919791
v -0.0605209644214 0.0746272897818 0.303645275819
v -0.0597684670304 0.0760757868584 0.305000120421
v -0.0591936757392 0.0753362889567 0.302150075189
v -0.0584389455693 0.0747315697477 0.30403811572
v -0.0605231972003 0.0766805060674 0.303112079889
f 2383 2385 2387
f 2383 2387 2386
f 2383 2386 2388
f 2383 2388 2385
f 2384 2387 2385
f 2384 2386 2387
f 2384 2388 2386
f 2384 2385 2388
v -0.0582036375374 0.0765622670522 0.303604311336
v -0.0602834236106 0.0744047708007 0.303744667364
v -0.0594943814794 0.0758190341879 0.305114802973
v -0.0589926796685 0.075148003665 0.302234175727
v -0.05819200963 0.0744967403339 0.304087492635
v -0.060295051518 0.0764702975189 0.303261486065
f 2389 2391 2393
f 2389 2393 2392
f 2389 2392 2394
f 2389 2394 2391
f 2390 2393 2391
f 2390 2392 2393
f 2390 2394 2392
f 2390 2391 2394
v -0.0579641101758 0.0763370910422 0.303692296679
v -0.0600438962491 0.0741795947908 0.303832652707
v -0.0592180037546 0.0755592157149 0.305216324523
v -0.0587900026703 0.0749574701181 0.302308624864
v -0.0579443682563 0.0742604561291 0.304124960168
v -0.0600636381686 0.0762562297039 0.303399989219
f 2395 2397 2399
f 2395 2399 2398
f 2395 2398 2400
f 2395 2400 2397
f 2396 2399 2397
f 2396 2398 2399
f 2396 2400 2398
f 2396 2397 2400
v -0.0577228880908 0.0761095323458 0.303768768624
v -0.059802674164 0.0739520360943 0.303909124652
v -0.0589396705796 0.0752966479882 0.305304561382
v -0.0585858916753 0.0747649204519 0.302373331894
v -0.057696323161 0.0740230050091 0.304150472669
v -0.0598292390938 0.076038563431 0.303527420607
f 2401 2403 2405
f 2401 2405 2404
f 2401 2404 2406
f 2401 2406 2403
f 2402 2405 2403
f 2402 2404 2405
f 2402 2406 2404
f 2402 2403 2406
v -0.0574802651742 0.075879868208 0.303833634001
v -0.0595600512474 0.0737223719565 0.303973990029
v -0.0586597210604 0.0750316509061 0.305379406048
v -0.0583805953612 0.0745705892584 0.302428217982
v -0.0574481765489 0.0737846762715 0.304163999056
v -0.0595921398727 0.075817563893 0.303643624975
f 2407 2409 2411
f 2407 2411 2410
f 2407 2410 2412
f 2407 2412 2409
f 2408 2411 2409
f 2408 2410 2411
f 2408 2412 2410
f 2408 2409 2412
v -0.0572365370246 0.0756483784393 0.303886813782
v -0.0593163230979 0.0734908821878 0.30402716981
v -0.0583784962724 0.0747645473268 0.305440767334
v -0.05817436385 0.0743747133002 0.302473216258
v -0.0572002307484 0.0735457602831 0.304165522849
v -0.0593526293741 0.0755935003439 0.303748460743
f 2413 2415 2417
f 2413 2417 2416
f 2413 2416 2418
f 2413 2418 2415
f 2414 2417 2415
f 2414 2416 2417
f 2414 2418 2416
f 2414 2415 2418
v -0.0569920005874 0.0754153450742 0.303928243175
v -0.0590717866606 0.0732578488228 0.304068599203
v -0.0580963388448 0.0744956626749 0.30548857048
v -0.0579674484031 0.0741775312221 0.302508271899
v -0.0569527878433 0.0733065481264 0.304155042191
v -0.0591109994047 0.0753666457706 0.303841800188
f 2419 2421 2423
f 2419 2423 2422
f 2419 2422 2424
f 2419 2424 2421
f 2420 2423 2421
f 2420 2422 2423
f 2420 2424 2422
f 2420 2421 2424
v -0.0567469537924 0.0751810520281 0.303957871706
v -0.0588267398656 0.0730235557767 0.304098227734
v -0.0578135925429 0.0742253245448 0.305522757246
v -0.0577601011151 0.0739792832601 0.302533342194
v -0.0567061493046 0.0730673312444 0.304132569852
v -0.0588675443534 0.0751372765604 0.303923529588
f 2425 2427 2429
f 2425 2429 2428
f 2425 2428 2430
f 2425 2430 2427
f 2426 2429 2427
f 2426 2428 2429
f 2426 2430 2428
f 2426 2427 2430
v -0.0565016951914 0.074945784751 0.303975663275
v -0.0585814812646 0.0727882884995 0.304116019303
v -0.0575306018495 0.0739538623019 0.30554328598
v -0.0575525746066 0.0737802109486 0.302548396599
v -0.0564606156234 0.0728284010861 0.30409813321
v -0.0586225608326 0.0749056721644 0.303993549369
f 2431 2433 2435
f 2431 2435 2434
f 2431 2434 2436
f 2431 2436 2433
f 2432 2435 2433
f 2432 2434 2435
f 2432 2436 2434
f 2432 2433 2436
v -0.0562565235943 0.0747098298797 0.303981596208
v -0.0583363096676 0.0725523336282 0.304121952236
v -0.0572477115452 0.0736816066812 0.305550131672
v -0.0573451217167 0.0735805568268 0.302553416773
v -0.0562164859447 0.0725900487512 0.304051774222
v -0.0583763473172 0.0746721147568 0.304051774222
f 2437 2439 2441
f 2437 2441 2440
f 2437 2440 2442
f 2437 2442 2439
f 2438 2441 2439
f 2438 2440 2441
f 2438 2442 2440
f 2438 2439 2442
v -0.0560117377049 0.0744734748889 0.303975663275
v -0.0580915237782 0.0723159786375 0.304116019303
v -0.0569652662882 0.0734088893842 0.30554328598
v -0.0571379951949 0.0733805641423 0.302548396599
v -0.0559740577029 0.072352564635 0.303993549369
v -0.0581292037802 0.0744368888914 0.30409813321
f 2443 2445 2447
f 2443 2447 2446
f 2443 2446 2448
f 2443 2448 2445
f 2444 2447 2445
f 2444 2446 2447
f 2444 2448 2446
f 2444 2445 2448
v -0.0557676357571 0.0742370077409 0.303957871706
v -0.0578474218303 0.0720795114894 0.304098227734
v -0.0566836101945 0.0731360426748 0.305522757246
v -0.0569314473929 0.0731804765554 0.302533342194
v -0.0557336262594 0.0721162380756 0.303923529588
v -0.057881431328 0.0742002811547 0.304132569852
f 2449 2451 2453
f 2449 2453 2452
f 2449 2452 2454
f 2449 2454 2451
f 2450 2453 2451
f 2450 2452 2453
f 2450 2454 2452
f 2450 2451 2454
v -0.0555245151515 0.0740007165343 0.303928243175
v -0.0576043012247 0.0718432202828 0.304068599203
v -0.0564030864189 0.0728633989749 0.30548857048
v -0.0567257299574 0.0729805378422 0.302508271899
v -0.055495484543 0.0718813570004 0.303841800188
v -0.0576333318333 0.0739625798167 0.304155042191
f 2455 2457 2459
f 2455 2459 2458
f 2455 2458 2460
f 2455 2460 2457
f 2456 2459 2457
f 2456 2458 2459
f 2456 2460 2458
f 2456 2457 2460
v -0.0552826720931 0.0737648891536 0.303886813782
v -0.0573624581664 0.0716073929021 0.30402716981
v -0.0561240367361 0.0725912904588 0.305440767334
v -0.0565210935234 0.072780991597 0.302473216258
v -0.0552599226926 0.0716482075759 0.303748460743
v -0.0573852075669 0.0737240744799 0.304165522849
f 2461 2463 2465
f 2461 2465 2464
f 2461 2464 2466
f 2461 2466 2463
f 2462 2465 2463
f 2462 2464 2465
f 2462 2466 2464
f 2462 2463 2466
v -0.0550424012305 0.0735298129182 0.303833634001
v -0.0571221873037 0.0713723166667 0.303973990029
v -0.0558468011254 0.0723200486486 0.305379406048
v -0.0563177874088 0.0725820809362 0.302428217982
v -0.055027227704 0.0714170738586 0.303643624975
v -0.0571373608302 0.0734850557263 0.304163999056
f 2467 2469 2471
f 2467 2471 2470
f 2467 2470 2472
f 2467 2472 2469
f 2468 2471 2469
f 2468 2470 2471
f 2468 2472 2470
f 2468 2469 2472
v -0.0548039952966 0.0732957742322 0.303768768624
v -0.0568837813698 0.0711382779807 0.303909124652
v -0.0555717173555 0.072050004011 0.305304561382
v -0.0561160593109 0.0723840482019 0.302373331894
v -0.0547976830803 0.0711882374494 0.303527420607
v -0.0568900935862 0.0732458147635 0.304150472669
f 2473 2475 2477
f 2473 2477 2476
f 2473 2476 2478
f 2473 2478 2475
f 2474 2477 2475
f 2474 2476 2477
f 2474 2478 2476
f 2474 2475 2478
v -0.0545677447524 0.0730630582357 0.303692296679
v -0.0566475308256 0.0709055619842 0.303832652707
v -0.0552991205737 0.0717814855535 0.305216324523
v -0.0559161550043 0.0721871346665 0.302308624864
v -0.0545715684862 0.0709619771503 0.303399989219
v -0.0566437070919 0.0730066430697 0.304124960168
f 2479 2481 2483
f 2479 2483 2482
f 2479 2482 2484
f 2479 2484 2481
f 2480 2483 2481
f 2480 2482 2483
f 2480 2484 2482
f 2480 2481 2484
v -0.0543339374328 0.0728319484573 0.303604311336
v -0.056413723506 0.0706744522059 0.303744667364
v -0.0550293428972 0.0715148204246 0.305114802973
v -0.0557183180416 0.0719915802386 0.302234175727
v -0.0543491594075 0.0707385686244 0.303261486065
v -0.0563985015313 0.0727678320388 0.304087492635
f 2485 2487 2489
f 2485 2489 2488
f 2485 2488 2490
f 2485 2490 2487
f 2486 2489 2487
f 2486 2488 2489
f 2486 2490 2488
f 2486 2487 2490
v -0.0541028581959 0.0726027264688 0.303504919791
v -0.0561826442692 0.0704452302173 0.303645275819
v -0.0547627130086 0.0712503335147 0.305000120421
v -0.0555227894565 0.0717976231714 0.302150075189
v -0.0541307268155 0.0705182840609 0.303112079889
v -0.0561547756496 0.0725296726252 0.30403811572
f 2491 2493 2495
f 2491 2495 2494
f 2491 2494 2496
f 2491 2496 2493
f 2492 2495 2493
f 2492 2494 2495
f 2492 2496 2494
f 2492 2493 2496
v -0.0538747885763 0.0723756715416 0.303394243137
v -0.0559545746495 0.0702181752902 0.303534599165
v -0.0544995557551 0.0709883470604 0.30487241659
v -0.0553298074707 0.0716054997715 0.302056425713
v -0.0539165368365 0.0703013918423 0.302951952722
v -0.0559128263893 0.0722924549895 0.303976889581
f 2497 2499 2501
f 2497 2501 2500
f 2497 2500 2502
f 2497 2502 2499
f 2498 2501 2499
f 2498 2500 2501
f 2498 2502 2500
f 2498 2499 2502
v -0.0536500064416 0.0721510603075 0.303272416217
v -0.0557297925148 0.069993564056 0.303412772245
v -0.0542401917536 0.0707291802517 0.304731847067
v -0.0551396072029 0.0714154441118 0.301953341396
v -0.0537068504282 0.0700881562186 0.302781299652
v -0.0556729485283 0.0720564681449 0.303903888811
f 2503 2505 2507
f 2503 2507 2506
f 2503 2506 2508
f 2503 2508 2505
f 2504 2507 2505
f 2504 2506 2507
f 2504 2508 2506
f 2504 2505 2508
v -0.0534287856543 0.0719291664204 0.303139587459
v -0.0555085717275 0.0697716701689 0.303279943487
v -0.0539849369989 0.0704731488435 0.304578583115
v -0.0549524203828 0.0712276877458 0.301840947831
v -0.053501923061 0.0698788369844 0.302600328594
v -0.0554354343207 0.0718219996049 0.303819202352
f 2509 2511 2513
f 2509 2513 2512
f 2509 2512 2514
f 2509 2514 2511
f 2510 2513 2511
f 2510 2512 2513
f 2510 2514 2512
f 2510 2511 2514
v -0.0526040127267 0.0700295553797 0.286160961852
v -0.0546837988 0.0678720591283 0.28630131788
v -0.0530485416746 0.068298027883 0.285018943225
v -0.0542392698521 0.069603586625 0.287443336506
v -0.0545462161724 0.0697633228379 0.285350427454
v -0.0527415953543 0.0681382916701 0.287111852277
f 2515 2517 2519
f 2515 2519 2518
f 2515 2518 2520
f 2515 2520 2517
f 2516 2519 2517
f 2516 2518 2519
f 2516 2520 2518
f 2516 2517 2520
v -0.0528163651192 0.070221248983 0.285960975302
v -0.0548961511924 0.0680637527316 0.28610133133
v -0.0532927469259 0.0685184755268 0.284788958693
v -0.0544197693857 0.0697665261878 0.287273347939
v -0.0547787968087 0.0699773031502 0.285193282463
v -0.0529337195028 0.0683076985645 0.286869024168
f 2521 2523 2525
f 2521 2525 2524
f 2521 2524 2526
f 2521 2526 2523
f 2522 2525 2523
f 2522 2524 2525
f 2522 2526 2524
f 2522 2523 2526
v -0.0530332945224 0.0704180111113 0.285771078237
v -0.0551130805957 0.0682605148598 0.285911434265
v -0.0535422157396 0.0687447519743 0.284570577069
v -0.0546041593785 0.0699337739968 0.287111935434
v -0.0550148304847 0.0701953349094 0.285047247774
v -0.0531315446334 0.0684831910617 0.286635264729
f 2527 2529 2531
f 2527 2531 2530
f 2527 2530 2532
f 2527 2532 2529
f 2528 2531 2529
f 2528 2530 2531
f 2528 2532 2530
f 2528 2529 2532
v -0.0532545366415 0.0706196020401 0.285591502019
v -0.0553343227148 0.0684621057887 0.285731858047
v -0.0537966441766 0.0689765815425 0.284364064418
v -0.0547922151797 0.0701051262863 0.286959295648
v -0.0552540296296 0.0704171524774 0.284912501308
v -0.0533348297267 0.0686645553514 0.286410858757
f 2533 2535 2537
f 2533 2537 2536
f 2533 2536 2538
f 2533 2538 2535
f 2534 2537 2535
f 2534 2536 2537
f 2534 2538 2536
f 2534 2535 2538
v -0.053479821927 0.0708257761621 0.285422465432
v -0.0555596080002 0.0686682799106 0.28556282146
v -0.0540557222549 0.0692136817828 0.284169672342
v -0.0549837076723 0.07028037429 0.286815614549
v -0.0554961028162 0.0706424856038 0.284789207232
v -0.053543327111 0.068851570469 0.286196079659
f 2539 2541 2543
f 2539 2543 2542
f 2539 2542 2544
f 2539 2544 2541
f 2540 2543 2541
f 2540 2542 2543
f 2540 2544 2542
f 2540 2541 2544
v -0.0537088759034 0.0710362822858 0.285264174421
v -0.0557886619766 0.0688787860343 0.285404530449
v -0.0543191343278 0.069455763825 0.28398763768
v -0.0551784035523 0.0704593044951 0.28668106719
v -0.0557407551155 0.0708710597547 0.284677515762
v -0.0537567827645 0.0690440085654 0.285991189109
f 2545 2547 2549
f 2545 2549 2548
f 2545 2548 2550
f 2545 2550 2547
f 2546 2549 2547
f 2546 2548 2549
f 2546 2550 2548
f 2546 2547 2550
v -0.0539414195038 0.0712508639418 0.285116821841
v -0.056021205577 0.0690933676904 0.285257177869
v -0.0545865594682 0.0697025327294 0.283818182213
v -0.0553760656126 0.0706416989027 0.286555817497
v -0.0559876884565 0.0711025964478 0.284577562976
v -0.0539749366244 0.0692416351844 0.285796436734
f 2551 2553 2555
f 2551 2555 2554
f 2551 2554 2556
f 2551 2556 2553
f 2552 2555 2553
f 2552 2554 2555
f 2552 2556 2554
f 2552 2553 2556
v -0.0541771694096 0.0714692596956 0.284980587217
v -0.0562569554828 0.0693117634441 0.285120943245
v -0.0548576718599 0.0699536878463 0.283661512395
v -0.0555764530325 0.0708273352934 0.286440018066
v -0.0562366019888 0.0713368135913 0.284489470651
v -0.0541975229036 0.0694442095484 0.28561205981
f 2557 2559 2561
f 2557 2561 2560
f 2557 2560 2562
f 2557 2562 2559
f 2558 2561 2559
f 2558 2560 2561
f 2558 2562 2560
f 2558 2559 2562
v -0.0544158383959 0.0716912034655 0.28485563653
v -0.0564956244691 0.069533707214 0.284995992558
v -0.0551321411941 0.0702089231817 0.283517819105
v -0.0557793216709 0.0710159874979 0.286333809982
v -0.0564871924497 0.0715734258277 0.284413346114
v -0.0544242704153 0.0696514848519 0.285438282973
f 2563 2565 2567
f 2563 2567 2566
f 2563 2566 2568
f 2563 2568 2565
f 2564 2567 2565
f 2564 2566 2567
f 2564 2568 2566
f 2564 2565 2568
v -0.0546571356812 0.0719164248472 0.284742122013
v -0.0567369217544 0.0697589285958 0.284882478041
v -0.0554096330722 0.0704679277707 0.283387277411
v -0.0559844243634 0.0712074256724 0.286237322643
v -0.0567391545333 0.0718121448814 0.284349282111
v -0.0546549029023 0.0698632085616 0.285275317942
f 2569 2571 2573
f 2569 2573 2572
f 2569 2572 2574
f 2569 2574 2571
f 2570 2573 2571
f 2570 2572 2573
f 2570 2574 2572
f 2570 2571 2574
v -0.054900767282 0.0721446494433 0.284640181967
v -0.0569805533552 0.0699871531918 0.284780537995
v -0.0556898094131 0.0707303860561 0.283270046358
v -0.0561915112241 0.071401416579 0.286150673604
v -0.0569921812626 0.07205267991 0.284297356695
v -0.0548891393746 0.070079122725 0.285123363266
f 2575 2577 2579
f 2575 2579 2578
f 2575 2578 2580
f 2575 2580 2577
f 2576 2579 2577
f 2576 2578 2579
f 2576 2580 2578
f 2576 2577 2580
v -0.0551464363707 0.072375599197 0.284549940589
v -0.057226222444 0.0702181029456 0.284690296617
v -0.0559723288652 0.0709959782729 0.283166268773
v -0.0564003299495 0.0715977238697 0.286073968433
v -0.0572459643635 0.0722947378587 0.284257633129
v -0.0551266944512 0.0702989642839 0.284982604077
f 2581 2583 2585
f 2581 2585 2584
f 2581 2584 2586
f 2581 2586 2583
f 2582 2585 2583
f 2582 2584 2585
f 2582 2586 2584
f 2582 2583 2586
v -0.0553938436375 0.0726089927319 0.284471507825
v -0.0574736297107 0.0704514964804 0.284611863853
v -0.0562568472219 0.071264380838 0.283076071095
v -0.0566106261262 0.0717961083743 0.286007300583
v -0.0575001946405 0.0725380238171 0.284230159808
v -0.0553672787077 0.0705224653952 0.28485321187
f 2587 2589 2591
f 2587 2591 2590
f 2587 2590 2592
f 2587 2592 2589
f 2588 2591 2589
f 2588 2590 2591
f 2588 2592 2590
f 2588 2589 2592
v -0.0556426876545 0.0728445456937 0.284404979233
v -0.0577224737277 0.0706870494422 0.284545335261
v -0.0565430178415 0.0715352667441 0.282999563214
v -0.0568221435407 0.0719963283918 0.28595075128
v -0.057754562353 0.0727822413788 0.284214970207
v -0.0556105990292 0.0707493537572 0.284735344288
f 2593 2595 2597
f 2593 2597 2596
f 2593 2596 2598
f 2593 2598 2595
f 2594 2597 2595
f 2594 2596 2597
f 2594 2598 2596
f 2594 2595 2598
v -0.0558926652438 0.0730819710975 0.284350435868
v -0.057972451317 0.0709244748461 0.284490791896
v -0.0568304920692 0.0718083059585 0.282936838344
v -0.0570346244916 0.0721981399851 0.28590438942
v -0.0580087575932 0.0730270930022 0.28421208283
v -0.0558563589676 0.0709793529414 0.284629144935
f 2599 2601 2603
f 2599 2603 2602
f 2599 2602 2604
f 2599 2604 2601
f 2600 2603 2601
f 2600 2602 2603
f 2600 2604 2602
f 2600 2601 2604
v -0.0561434718461 0.073320979677 0.284307944183
v -0.0582232579193 0.0711634834256 0.284448300211
v -0.0571189196619 0.0720831658249 0.282887972906
v -0.0572478101036 0.0724012972777 0.285868271487
v -0.0582624706634 0.0732722803734 0.284221501195
v -0.056104259102 0.0712121827292 0.284534743198
f 2605 2607 2609
f 2605 2609 2608
f 2605 2608 2610
f 2605 2610 2607
f 2606 2609 2607
f 2606 2608 2609
f 2606 2610 2608
f 2606 2607 2610
v -0.0563948018922 0.0735612802371 0.284277555946
v -0.0584745879655 0.0714037839857 0.284417911974
v -0.0574079492149 0.072359511469 0.282853026434
v -0.0574614406428 0.0726055527537 0.285842441486
v -0.0585153924532 0.0735175047694 0.284243213828
v -0.0563539974045 0.0714475594534 0.284452254093
f 2611 2613 2615
f 2611 2615 2614
f 2611 2614 2616
f 2611 2616 2613
f 2612 2615 2613
f 2612 2614 2615
f 2612 2616 2614
f 2612 2613 2616
v -0.0566463491753 0.0738025800086 0.284259308183
v -0.0587261352485 0.0716450837571 0.284399664211
v -0.0576972285904 0.0726370062062 0.282832041506
v -0.0576752558334 0.0728106575595 0.285826930887
v -0.0587672148165 0.0737624674219 0.284277194276
v -0.0566052696073 0.0716851963437 0.284381778118
f 2617 2619 2621
f 2617 2621 2620
f 2617 2620 2622
f 2617 2622 2619
f 2618 2621 2619
f 2618 2620 2621
f 2618 2622 2620
f 2618 2619 2622
v -0.0568978072236 0.0740445850047 0.284253223124
v -0.0589775932968 0.0718870887533 0.284393579152
v -0.057986405346 0.0729153119518 0.282825043688
v -0.0578889951744 0.0730163618062 0.285821758587
v -0.0590176309464 0.0740068698818 0.284323401138
v -0.056857769574 0.0719248038762 0.284323401138
f 2623 2625 2627
f 2623 2627 2626
f 2623 2626 2628
f 2623 2628 2625
f 2624 2627 2625
f 2624 2626 2627
f 2624 2628 2626
f 2624 2625 2628
v -0.0571488696742 0.0742870003799 0.284259308183
v -0.0592286557475 0.0721295041284 0.284399664211
v -0.0582751271642 0.0731940896332 0.282832041506
v -0.0581023982575 0.0732224148751 0.285826930887
v -0.0592663357495 0.0742504143823 0.284381778118
v -0.0571111896722 0.072166090126 0.284277194276
f 2629 2631 2633
f 2629 2633 2632
f 2629 2632 2634
f 2629 2634 2631
f 2630 2633 2631
f 2630 2632 2633
f 2630 2634 2632
f 2630 2631 2634
v -0.0573992306464 0.0745295307882 0.284277555946
v -0.0594790167196 0.0723720345367 0.284417911974
v -0.0585630422822 0.0734729996027 0.282853026434
v -0.0583152050838 0.0734285657221 0.285842441486
v -0.0595130262173 0.0744928042019 0.284452254093
v -0.0573652211487 0.0724087611229 0.284243213828
f 2635 2637 2639
f 2635 2639 2638
f 2635 2638 2640
f 2635 2640 2637
f 2636 2639 2637
f 2636 2638 2639
f 2636 2640 2638
f 2636 2637 2640
v -0.0576485851136 0.0747718807436 0.284307944183
v -0.0597283711869 0.0726143844922 0.284448300211
v -0.0588497999195 0.0737517020515 0.282887972906
v -0.058527156381 0.0736345631843 0.285868271487
v -0.0597574017954 0.074733744026 0.284534743198
v -0.0576195545051 0.0726525212098 0.284221501195
f 2641 2643 2645
f 2641 2645 2644
f 2641 2644 2646
f 2641 2646 2643
f 2642 2645 2643
f 2642 2644 2645
f 2642 2646 2644
f 2642 2643 2646
v -0.0578966292761 0.0750137549802 0.284350435868
v -0.0599764153493 0.0728562587288 0.284490791896
v -0.0591350507063 0.0740298574236 0.282936838344
v -0.0587379939191 0.0738401562854 0.28590438942
v -0.0599991647499 0.0749729403065 0.284629144935
v -0.0578738798755 0.0728970734025 0.28421208283
f 2647 2649 2651
f 2647 2651 2650
f 2647 2650 2652
f 2647 2652 2649
f 2648 2651 2649
f 2648 2650 2651
f 2648 2652 2650
f 2648 2649 2652
v -0.0581430609301 0.0752548588114 0.284404979233
v -0.0602228470033 0.07309736256 0.284545335261
v -0.0594184471084 0.0743071268295 0.282999563214
v -0.0589474608249 0.0740450945419 0.28595075128
v -0.0602380205298 0.0752101016196 0.284735344288
v -0.0581278874036 0.0731421197519 0.284214970207
f 2653 2655 2657
f 2653 2657 2656
f 2653 2656 2658
f 2653 2658 2655
f 2654 2657 2655
f 2654 2656 2657
f 2654 2658 2656
f 2654 2655 2658
v -0.0583875798366 0.0754948984894 0.284471507825
v -0.0604673659098 0.0733374022379 0.284611863853
v -0.059699643851 0.0745831724592 0.283076071095
v -0.0591553018955 0.0742491282682 0.286007300583
v -0.0604736781262 0.0754449390207 0.28485321187
v -0.0583812676203 0.0733873617066 0.284230159808
f 2659 2661 2663
f 2659 2663 2662
f 2659 2662 2664
f 2659 2664 2661
f 2660 2663 2661
f 2660 2662 2663
f 2660 2664 2662
f 2660 2661 2664
v -0.0586298880871 0.0757335815627 0.284549940589
v -0.0607096741603 0.0735760853112 0.284690296617
v -0.059978298339 0.0748576579935 0.283166268773
v -0.0593612639084 0.0744520088805 0.286073968433
v -0.0607058504265 0.0756771663967 0.284982604077
v -0.0586337118209 0.0736325004773 0.284257633129
f 2665 2667 2669
f 2665 2669 2668
f 2665 2668 2670
f 2665 2670 2667
f 2666 2669 2667
f 2666 2668 2669
f 2666 2670 2668
f 2666 2667 2670
v -0.0588696904662 0.0759706172328 0.284640181967
v -0.0609494765394 0.0738131209814 0.284780537995
v -0.060254071075 0.0751302490141 0.283270046358
v -0.0595650959306 0.0746534892001 0.286150673604
v -0.0609342545647 0.0759065008143 0.285123363266
v -0.0588849124409 0.0738772373999 0.284297356695
f 2671 2673 2675
f 2671 2675 2674
f 2671 2674 2676
f 2671 2676 2673
f 2672 2675 2673
f 2672 2674 2675
f 2672 2676 2674
f 2672 2673 2676
v -0.0591066948117 0.0762057167083 0.284742122013
v -0.0611864808849 0.0740482204568 0.284882478041
v -0.0605266260723 0.0754006134109 0.283387277411
v -0.0597665496243 0.0748533237542 0.286237322643
v -0.0611586122654 0.0761326628647 0.285275317942
v -0.0591345634312 0.0741212743004 0.284349282111
f 2677 2679 2681
f 2677 2681 2680
f 2677 2680 2682
f 2677 2682 2679
f 2678 2681 2679
f 2678 2680 2681
f 2678 2682 2680
f 2678 2679 2682
v -0.0593406123703 0.0764385935566 0.28485563653
v -0.0614203984435 0.0742810973051 0.284995992558
v -0.0607956312647 0.0756684217864 0.283517819105
v -0.0599653795491 0.0750512690753 0.286333809982
v -0.0613786501833 0.0763553770045 0.285438282973
v -0.0593823606305 0.0743643138573 0.284413346114
f 2683 2685 2687
f 2683 2687 2686
f 2683 2686 2688
f 2683 2688 2685
f 2684 2687 2685
f 2684 2686 2687
f 2684 2688 2686
f 2684 2685 2688
v -0.0595711581494 0.0766689640532 0.284980587217
v -0.0616509442227 0.0745114678018 0.285120943245
v -0.0610607589107 0.0759333478575 0.283661512395
v -0.0601613434614 0.0752470839974 0.286440018066
v -0.0615941002361 0.0765743718906 0.28561205981
v -0.059628002136 0.0746060599643 0.284489470651
f 2689 2691 2693
f 2689 2693 2692
f 2689 2692 2694
f 2689 2694 2691
f 2690 2693 2691
f 2690 2692 2693
f 2690 2694 2692
f 2690 2691 2694
v -0.0597980512647 0.0768965475271 0.285116821841
v -0.0618778373379 0.0747390512757 0.285257177869
v -0.0613216859932 0.0761950688526 0.283818182213
v -0.0603542026094 0.0754405299503 0.286555817497
v -0.0618046999312 0.0767893807117 0.285796436734
v -0.0598711886714 0.0748462180911 0.284577562976
f 2695 2697 2699
f 2695 2699 2698
f 2695 2698 2700
f 2695 2700 2697
f 2696 2699 2697
f 2696 2698 2699
f 2696 2700 2698
f 2696 2697 2700
v -0.0600210152817 0.077121066703 0.285264174421
v -0.0621008013549 0.0749635704515 0.285404530449
v -0.0615780946128 0.0764532659048 0.28398763768
v -0.0605437220238 0.0756313712497 0.28668106719
v -0.0620101926852 0.0770001415125 0.285991189109
v -0.0601116239514 0.0750844956421 0.284677515762
f 2701 2703 2705
f 2701 2705 2704
f 2701 2704 2706
f 2701 2706 2703
f 2702 2705 2703
f 2702 2704 2705
f 2702 2706 2704
f 2702 2703 2706
v -0.0602397785531 0.0773422480387 0.285422465432
v -0.0623195646263 0.0751847517873 0.28556282146
v -0.0618296723749 0.0767076244409 0.284169672342
v -0.0607296708045 0.0758193753851 0.286815614549
v -0.0622103281368 0.0772063975135 0.286196079659
v -0.0603490150426 0.0753206023125 0.284789207232
f 2707 2709 2711
f 2707 2711 2710
f 2707 2710 2712
f 2707 2712 2709
f 2708 2711 2709
f 2708 2710 2711
f 2708 2712 2710
f 2708 2709 2712
v -0.0604540745496 0.077559822059 0.285591502019
v -0.0625338606229 0.0754023258075 0.285731858047
v -0.0620761127709 0.0769578345642 0.284364064418
v -0.0609118224016 0.0760043133023 0.286959295648
v -0.062404862452 0.0774078974235 0.286410858757
v -0.0605830727205 0.075554250443 0.284912501308
f 2713 2715 2717
f 2713 2717 2716
f 2713 2716 2718
f 2713 2718 2715
f 2714 2717 2715
f 2714 2716 2717
f 2714 2718 2716
f 2714 2715 2718
v -0.0606636421846 0.0777735236833 0.285771078237
v -0.0627434282578 0.0756160274318 0.285911434265
v -0.0623171155511 0.0772035914321 0.284570577069
v -0.0610899548913 0.076185959683 0.287111935434
v -0.0625935586204 0.0776043957459 0.286635264729
v -0.060813511822 0.0757851553692 0.285047247774
f 2719 2721 2723
f 2719 2723 2722
f 2719 2722 2724
f 2719 2724 2721
f 2720 2723 2721
f 2720 2722 2723
f 2720 2724 2722
f 2720 2721 2724
v -0.0608682261321 0.0779830925492 0.285960975302
v -0.0629480122053 0.0758255962977 0.28610133133
v -0.0625523870908 0.0774445956279 0.284788958693
v -0.0612638512467 0.076364093219 0.287273347939
v -0.062776186745 0.0777956530778 0.286869024168
v -0.0610400515924 0.0760130357691 0.285193282463
f 2725 2727 2729
f 2725 2729 2728
f 2725 2728 2730
f 2725 2730 2727
f 2726 2729 2727
f 2726 2728 2729
f 2726 2730 2728
f 2726 2727 2730
v -0.0610675771382 0.0781882733292 0.286160961852
v -0.0631473632114 0.0760307770777 0.28630131788
v -0.0627816407477 0.0776805535249 0.285018943225
v -0.0614332996018 0.076538496882 0.287443336506
v -0.0629525243215 0.0779814364016 0.287111852277
v -0.061262416028 0.0762376140054 0.285350427454
f 2731 2733 2735
f 2731 2735 2734
f 2731 2734 2736
f 2731 2736 2733
f 2732 2735 2733
f 2732 2734 2735
f 2732 2736 2734
f 2732 2733 2736
v -0.0612614523242 0.0783888160423 0.286370794234
v -0.0633412383975 0.0762313197908 0.286511150262
v -0.0630045972117 0.0779111776449 0.285260250465
v -0.06159809351 0.0767089581881 0.287621694031
v -0.0631223565098 0.0781615193688 0.287363453206
v -0.0614803342119 0.0764586164642 0.28551849129
f 2737 2739 2741
f 2737 2741 2740
f 2737 2740 2742
f 2737 2742 2739
f 2738 2741 2739
f 2738 2740 2741
f 2738 2742 2740
f 2738 2739 2742
v -0.0614496154833 0.0785844763579 0.2865902168
v -0.0635294015565 0.0764269801064 0.286730572828
v -0.0632209848446 0.0781361870079 0.285512586416
v -0.0617580321952 0.0768752694564 0.287808203212
v -0.0632854763954 0.0783356825763 0.287623520418
v -0.0616935406444 0.0766757738881 0.285697269211
f 2743 2745 2747
f 2743 2747 2746
f 2743 2746 2748
f 2743 2748 2745
f 2744 2747 2745
f 2744 2746 2747
f 2744 2748 2746
f 2744 2745 2748
v -0.0616318373675 0.0787750158942 0.286818962218
v -0.0637116234407 0.0766175196427 0.286959318246
v -0.0634305400115 0.0783553074747 0.285775643647
v -0.0619129207968 0.0770372280623 0.288002636817
v -0.0634416852419 0.0785037138328 0.287891737061
v -0.0619017755663 0.0768888217041 0.285886543403
f 2749 2751 2753
f 2749 2753 2752
f 2749 2752 2754
f 2749 2754 2751
f 2750 2753 2751
f 2750 2752 2753
f 2750 2754 2752
f 2750 2751 2754
v -0.0618078959676 0.0789602025081 0.287056751796
v -0.0638876820408 0.0768027062566 0.287197107824
v -0.0636330074016 0.0785682720806 0.286049101662
v -0.0620625706068 0.077194636684 0.288204757959
v -0.0635907927329 0.0786654084183 0.288167776355
v -0.0621047852755 0.0770975003463 0.286086083266
f 2755 2757 2759
f 2755 2759 2758
f 2755 2758 2760
f 2755 2760 2757
f 2756 2759 2757
f 2756 2758 2759
f 2756 2760 2758
f 2756 2757 2760
v -0.0619775767832 0.0791398105781 0.287303295825
v -0.0640573628564 0.0769823143267 0.287443651853
v -0.0638281403395 0.0787748213612 0.286332627295
v -0.0622067993001 0.0773473035436 0.288414320383
v -0.0637326172039 0.0788205693328 0.288451301988
v -0.0623023224358 0.077301555572 0.286295645691
f 2761 2763 2765
f 2761 2765 2764
f 2761 2764 2766
f 2761 2766 2763
f 2762 2765 2763
f 2762 2764 2765
f 2762 2766 2764
f 2762 2763 2766
v -0.0621406730845 0.0793136212796 0.287558293929
v -0.0642204591577 0.0771561250282 0.287698649957
v -0.064015701086 0.0789747036679 0.286625875114
v -0.0623454311562 0.0774950426399 0.288631068771
v -0.0638669858636 0.0789690075365 0.288741968528
v -0.0624941463787 0.0775007387713 0.286514975357
f 2767 2769 2771
f 2767 2771 2770
f 2767 2770 2772
f 2767 2772 2769
f 2768 2771 2769
f 2768 2770 2771
f 2768 2772 2770
f 2768 2769 2772
v -0.0622969861637 0.079481422851 0.287821435431
v -0.0643767722369 0.0773239265995 0.287961791459
v -0.0641954611271 0.079167675475 0.286928487841
v -0.0624782972735 0.0776376739755 0.288854739048
v -0.0639937350045 0.0791105421805 0.289039421843
v -0.0626800233962 0.07769480727 0.286743805047
f 2773 2775 2777
f 2773 2777 2776
f 2773 2776 2778
f 2773 2778 2775
f 2774 2777 2775
f 2774 2776 2777
f 2774 2778 2776
f 2774 2775 2778
v -0.0624463255774 0.0796430108519 0.288092399734
v -0.0645261116507 0.0774855146004 0.288232755762
v -0.0643672014529 0.079353501676 0.28724009679
v -0.0626052357752 0.0777750237763 0.289085058706
v -0.0641127102022 0.0792450008265 0.289343299531
v -0.0628597270259 0.0778835246258 0.286981855965
f 2779 2781 2783
f 2779 2783 2782
f 2779 2782 2784
f 2779 2784 2781
f 2780 2783 2781
f 2780 2782 2783
f 2780 2784 2782
f 2780 2781 2784
v -0.0625885093786 0.0797981884122 0.28837085671
v -0.0646682954518 0.0776406921607 0.288511212738
v -0.0645307128242 0.0795319558704 0.287560322313
v -0.0627260920062 0.0779069247025 0.289321747136
v -0.064223766504 0.0793722196574 0.289653231365
v -0.0630330383265 0.0780666609155 0.287228838084
f 2785 2787 2789
f 2785 2789 2788
f 2785 2788 2790
f 2785 2790 2787
f 2786 2789 2787
f 2786 2788 2789
f 2786 2790 2788
f 2786 2787 2790
v -0.0627233643381 0.0799467664719 0.288656467103
v -0.0648031504114 0.0777892702205 0.288796823131
v -0.0646857960277 0.0797028206391 0.287888774264
v -0.0628407187218 0.0780332160533 0.289564515969
v -0.0643267686047 0.0794920436767 0.289968839739
v -0.0631997461449 0.0782439930157 0.287484450494
f 2791 2793 2795
f 2791 2795 2794
f 2791 2794 2796
f 2791 2796 2793
f 2792 2795 2793
f 2792 2794 2795
f 2792 2796 2794
f 2792 2793 2796
v -0.0628507261561 0.0800885640117 0.288948882939
v -0.0649305122293 0.0779310677602 0.289089238967
v -0.0648322621183 0.0798658878098 0.288225052476
v -0.062948976267 0.0781537439621 0.28981306943
v -0.0644215910121 0.0796043268972 0.290289740135
v -0.0633596473733 0.0784153048747 0.28774838177
f 2797 2799 2801
f 2797 2801 2800
f 2797 2800 2802
f 2797 2802 2799
f 2798 2801 2799
f 2798 2800 2801
f 2798 2802 2800
f 2798 2799 2802
v -0.0629704396616 0.0802234082729 0.289247747955
v -0.0650502257348 0.0780659120215 0.289388103983
v -0.0649699326497 0.0800209587102 0.288568747244
v -0.0630507327468 0.0782683615842 0.290067104694
v -0.0645081181998 0.0797089325191 0.290615541584
v -0.0635125471967 0.0785803877753 0.288020310354
f 2803 2805 2807
f 2803 2807 2806
f 2803 2806 2808
f 2803 2808 2805
f 2804 2807 2805
f 2804 2806 2807
f 2804 2808 2806
f 2804 2805 2808
v -0.0630823590023 0.0803511349688 0.289552698031
v -0.0651621450756 0.0781936387173 0.289693054059
v -0.0650986398915 0.0801678444104 0.288919439831
v -0.0631458641864 0.0783769292757 0.290326312258
v -0.0645862447477 0.0798057330967 0.290945847148
v -0.0636582593302 0.0787390405894 0.288299904941
f 2809 2811 2813
f 2809 2813 2812
f 2809 2812 2814
f 2809 2814 2811
f 2810 2813 2811
f 2810 2812 2813
f 2810 2814 2812
f 2810 2811 2814
v -0.0631863478217 0.0804715884839 0.28986336163
v -0.0652661338949 0.0783140922324 0.290003717658
v -0.0652182270338 0.0803063659528 0.289276702971
v -0.0632342546828 0.0784793147635 0.290590376318
v -0.0646558754706 0.0798946106932 0.291280254399
v -0.0637966062461 0.0788910700231 0.28858682489
f 2815 2817 2819
f 2815 2819 2818
f 2815 2818 2820
f 2815 2820 2817
f 2816 2819 2817
f 2816 2818 2819
f 2816 2820 2818
f 2816 2817 2820
v -0.0632822794254 0.0805846220642 0.290179360259
v -0.0653620654987 0.0784271258127 0.290319716287
v -0.0653285483781 0.0804363545701 0.289640101394
v -0.063315796546 0.0785753933067 0.290858975152
v -0.0647169255343 0.0799754570251 0.291618355915
v -0.0639274193899 0.0790362908518 0.288880720631
f 2821 2823 2825
f 2821 2825 2824
f 2821 2824 2826
f 2821 2826 2823
f 2822 2825 2823
f 2822 2824 2825
f 2822 2826 2824
f 2822 2823 2826
v -0.0633700369356 0.0806900979957 0.290500308921
v -0.0654498230088 0.0785326017442 0.290640664949
v -0.0654294695148 0.0805576518914 0.290009192355
v -0.0633903904297 0.0786650478485 0.291131781515
v -0.0647693205586 0.0800481735935 0.29195973977
v -0.0640505393859 0.0791745261463 0.289181234099
f 2827 2829 2831
f 2827 2831 2830
f 2827 2830 2832
f 2827 2832 2829
f 2828 2831 2829
f 2828 2830 2831
f 2828 2832 2830
f 2828 2829 2832
v -0.0634495134332 0.0807878877722 0.290825816589
v -0.0655292995064 0.0786303915207 0.290966172617
v -0.065520867487 0.0806701101344 0.290383526174
v -0.0634579454526 0.0787481691585 0.291408463033
v -0.0648129967082 0.0801126718045 0.292303990042
v -0.0641658162314 0.0793056074884 0.289487999165
f 2833 2835 2837
f 2833 2837 2836
f 2833 2836 2838
f 2833 2838 2835
f 2834 2837 2835
f 2834 2836 2837
f 2834 2838 2836
f 2834 2835 2838
v -0.0635206120884 0.0808778722519 0.291155486683
v -0.0656003981616 0.0787203760005 0.291295842711
v -0.0656026309405 0.0807735922861 0.290762646782
v -0.0635183793095 0.0788246559663 0.291688682613
v -0.0648479007706 0.080168873077 0.292650687313
v -0.0642731094794 0.0794293751754 0.289800642081
f 2839 2841 2843
f 2839 2843 2842
f 2839 2842 2844
f 2839 2844 2841
f 2840 2843 2841
f 2840 2842 2843
f 2840 2844 2842
f 2840 2841 2844
v -0.0635832462784 0.0809599418027 0.29148891755
v -0.0656630323516 0.0788024455513 0.291629273578
v -0.065674660259 0.0808679722695 0.291146092279
v -0.063571618371 0.0788944150845 0.29197209885
v -0.0648739902204 0.0802167089384 0.292999409187
v -0.0643722884095 0.0795456784156 0.290118781941
f 2845 2847 2849
f 2845 2849 2848
f 2845 2848 2850
f 2845 2850 2847
f 2846 2849 2847
f 2846 2848 2849
f 2846 2850 2848
f 2846 2847 2850
v -0.063637339693 0.0810339964354 0.291825702957
v -0.0657171257662 0.078876500184 0.291966058985
v -0.0657368676858 0.0809531350971 0.291533395496
v -0.0636175977735 0.0789573615223 0.292258366445
v -0.0648912332718 0.080256121108 0.293349730801
v -0.0644632321875 0.0796543755113 0.290442031141
f 2851 2853 2855
f 2851 2855 2854
f 2851 2854 2856
f 2851 2856 2853
f 2852 2855 2853
f 2852 2854 2855
f 2852 2856 2854
f 2852 2853 2856
v -0.0636828264279 0.0810999459258 0.292165432582
v -0.0657626125011 0.0789424496744 0.29230578861
v -0.0657891774309 0.0810289770111 0.291924084565
v -0.0636562614981 0.0790134185892 0.292547136626
v -0.0648996089167 0.0802870615683 0.29370122534
v -0.0645458300124 0.079755334032 0.290769995851
f 2857 2859 2861
f 2857 2861 2860
f 2857 2860 2862
f 2857 2862 2859
f 2858 2861 2859
f 2858 2860 2861
f 2858 2862 2860
f 2858 2859 2862
v -0.0637196510644 0.0811577099247 0.292507692516
v -0.0657994371376 0.0790002136733 0.292648048544
v -0.0658315257629 0.0810954056098 0.292317683489
v -0.0636875624391 0.0790625179882 0.292838057571
v -0.0648991069506 0.0803094926229 0.294053464563
v -0.0646199812514 0.0798484309751 0.291102276497
f 2863 2865 2867
f 2863 2867 2866
f 2863 2866 2868
f 2863 2868 2865
f 2864 2867 2865
f 2864 2866 2867
f 2864 2868 2866
f 2864 2865 2868
v -0.0637477687374 0.0812072180555 0.292852065769
v -0.0658275548106 0.0790497218041 0.292992421797
v -0.0658638610868 0.0811523399602 0.292713712731
v -0.0637114624611 0.0791045998994 0.293130774836
v -0.0648897279852 0.0803233869431 0.294406019321
v -0.0646855955628 0.0799335529165 0.291438468246
f 2869 2871 2873
f 2869 2873 2872
f 2869 2872 2874
f 2869 2874 2871
f 2870 2873 2871
f 2870 2872 2873
f 2870 2874 2872
f 2870 2871 2874
v -0.0637671451897 0.0812484100002 0.293198132776
v -0.065846931263 0.0790909137488 0.293338488804
v -0.065886144007 0.0811997106966 0.293111689788
v -0.0637279324457 0.0791396130524 0.293424931791
v -0.0648714834472 0.0803287276009 0.29475846008
v -0.0647425930055 0.0800105961481 0.291778161499
f 2875 2877 2879
f 2875 2879 2878
f 2875 2878 2880
f 2875 2880 2877
f 2876 2879 2877
f 2876 2878 2879
f 2876 2880 2878
f 2876 2877 2880
v -0.0637777568143 0.0812812355728 0.293545471906
v -0.0658575428875 0.0791237393213 0.293685827934
v -0.0658983473753 0.081237460105 0.293511129788
v -0.0637369523266 0.0791675147891 0.293720170052
v -0.0648443955649 0.0803255080894 0.295110357446
v -0.064790904137 0.0800794668047 0.292120942394
f 2881 2883 2885
f 2881 2885 2884
f 2881 2884 2886
f 2881 2886 2883
f 2882 2885 2883
f 2882 2884 2885
f 2882 2886 2884
f 2882 2883 2886
v -0.0637795906825 0.0813056547803 0.293893659981
v -0.0658593767557 0.0791481585288 0.294034016009
v -0.0659004563237 0.0812655421937 0.293911546074
v -0.0637385111145 0.0791882711154 0.294016129916
v -0.0648084973406 0.0803137323312 0.295461282685
v -0.0648304700976 0.0801400809779 0.292466393304
f 2887 2889 2891
f 2887 2891 2890
f 2887 2890 2892
f 2887 2892 2889
f 2888 2891 2889
f 2888 2890 2891
f 2888 2892 2890
f 2888 2889 2892
v -0.0637726445599 0.0813216378717 0.294242272787
v -0.0658524306331 0.0791641416202 0.294382628815
v -0.0658924682827 0.0812839227488 0.294312450801
v -0.0637326069103 0.0792018567431 0.294312450801
v -0.0647638325108 0.0802934146731 0.29581080825
v -0.0648612426823 0.0801923648187 0.292814093351
f 2893 2895 2897
f 2893 2897 2896
f 2893 2896 2898
f 2893 2898 2895
f 2894 2897 2895
f 2894 2896 2897
f 2894 2898 2896
f 2894 2895 2898
v -0.0637569269094 0.081329165374 0.294590885592
v -0.0658367129826 0.0791716691226 0.29473124162
v -0.0658743929847 0.0812925793765 0.294713355527
v -0.0637192469074 0.0792082551201 0.294608771686
v -0.0647104554927 0.0802645798692 0.296158508297
v -0.0648831843994 0.0802362546273 0.293163618916
f 2899 2901 2903
f 2899 2903 2902
f 2899 2902 2904
f 2899 2904 2901
f 2900 2903 2901
f 2900 2902 2903
f 2900 2904 2902
f 2900 2901 2904
v -0.0637324568805 0.0813282281162 0.294939073667
v -0.0658122429537 0.0791707318648 0.295079429695
v -0.0658462524514 0.08129150153 0.295113771813
v -0.0636984473828 0.079207458451 0.294904731549
v -0.0646484313179 0.0802272630502 0.296503959207
v -0.0648962685163 0.0802716969308 0.293514544155
f 2905 2907 2909
f 2905 2909 2908
f 2905 2908 2910
f 2905 2910 2907
f 2906 2909 2907
f 2906 2908 2909
f 2906 2910 2908
f 2906 2907 2910
v -0.0636992642862 0.0813188272402 0.295286412797
v -0.0657790503594 0.0791613309888 0.295426768825
v -0.0658080809679 0.0812806905226 0.295513211813
v -0.0636702336776 0.0791994677064 0.29519996981
v -0.0645778355535 0.0801815096809 0.296846740102
v -0.064900479092 0.0802986485481 0.293866441521
f 2911 2913 2915
f 2911 2915 2914
f 2911 2914 2916
f 2911 2916 2913
f 2912 2915 2913
f 2912 2914 2915
f 2912 2916 2914
f 2912 2913 2916
v -0.0636573895664 0.0813009741995 0.295632479804
v -0.0657371756397 0.079143477948 0.295772835832
v -0.0657599250402 0.0812601595258 0.29591118887
v -0.0636346401659 0.0791842926218 0.295494126765
v -0.0644987542094 0.0801273755046 0.297186433356
v -0.0648958109967 0.0803170766429 0.29421888228
f 2917 2919 2921
f 2917 2921 2920
f 2917 2920 2922
f 2917 2922 2919
f 2918 2921 2919
f 2918 2920 2921
f 2918 2922 2920
f 2918 2919 2922
v -0.0636068837392 0.0812746907452 0.295976853057
v -0.0656866698125 0.0791171944938 0.296117209085
v -0.065701843339 0.0812299335534 0.296307218112
v -0.0635917102127 0.0791619516856 0.295786844031
v -0.0644112836341 0.0800649264757 0.297522625104
v -0.0648822699176 0.0803269587633 0.294571437038
f 2923 2925 2927
f 2923 2927 2926
f 2923 2926 2928
f 2923 2928 2925
f 2924 2927 2925
f 2924 2926 2927
f 2924 2928 2926
f 2924 2925 2928
v -0.0635478083381 0.0812400088998 0.296319112992
v -0.0656275944113 0.0790825126483 0.29645946902
v -0.0656339066277 0.0811900494311 0.296700817036
v -0.0635414961218 0.079132472117 0.296077764975
v -0.064315530397 0.0799942386786 0.29785490575
v -0.0648598723525 0.0803282828695 0.294923676261
f 2929 2931 2933
f 2929 2933 2932
f 2929 2932 2934
f 2929 2934 2931
f 2930 2933 2931
f 2930 2932 2933
f 2930 2934 2932
f 2930 2931 2934
v -0.0634802353374 0.0811969709176 0.296658842616
v -0.0655600214106 0.0790394746662 0.296799198644
v -0.0655561976768 0.0811405557516 0.297091506105
v -0.0634840590712 0.0790958898322 0.296366535156
v -0.0642116111587 0.0799153982354 0.29818287046
v -0.0648286455893 0.0803210473484 0.295275170801
f 2935 2937 2939
f 2935 2939 2938
f 2935 2938 2940
f 2935 2940 2937
f 2936 2939 2937
f 2936 2938 2939
f 2936 2940 2938
f 2936 2937 2940
v -0.0634042470643 0.0811456292339 0.296995628023
v -0.0654840331375 0.0789881329825 0.297135984051
v -0.0654688111628 0.0810815128153 0.297478809322
v -0.063419469039 0.079052249401 0.296652802751
v -0.0640996525287 0.0798285012012 0.29850611966
v -0.0647886276731 0.0803052610152 0.295625492414
f 2941 2943 2945
f 2941 2945 2944
f 2941 2944 2946
f 2941 2946 2943
f 2942 2945 2943
f 2942 2944 2945
f 2942 2946 2944
f 2942 2943 2946
v -0.0633199360989 0.0810860464006 0.29732905889
v -0.0653997221721 0.0789285501491 0.297469414918
v -0.0653718535525 0.081012992557 0.29786225482
v -0.0633478047184 0.0790016039927 0.296936218989
v -0.0639797909115 0.0797336534465 0.29882425952
v -0.0647398673595 0.0802809431032 0.295974214288
f 2947 2949 2951
f 2947 2951 2950
f 2947 2950 2952
f 2947 2952 2949
f 2948 2951 2949
f 2948 2950 2951
f 2948 2952 2950
f 2948 2949 2952
v -0.063227405161 0.0810182950101 0.297658728984
v -0.0653071912342 0.0788607987587 0.297799085012
v -0.065265442974 0.080935078458 0.298241375428
v -0.0632691534213 0.0789440153108 0.297216438568
v -0.0638521723399 0.0796309705288 0.299136902437
v -0.0646824240554 0.08024812324 0.29632091156
f 2953 2955 2957
f 2953 2957 2956
f 2953 2956 2958
f 2953 2958 2955
f 2954 2957 2955
f 2954 2956 2957
f 2954 2958 2956
f 2954 2955 2958
v -0.0631267669855 0.0809424576072 0.297984236652
v -0.0652065530587 0.0787849613557 0.29812459268
v -0.0651497090721 0.0808478654446 0.298615709246
v -0.063183610972 0.0788795535183 0.297493120086
v -0.0637169522974 0.0795205775514 0.299443667502
v -0.0646163677467 0.0802068414115 0.296665161831
f 2959 2961 2963
f 2959 2963 2962
f 2959 2962 2964
f 2959 2964 2961
f 2960 2963 2961
f 2960 2962 2963
f 2960 2964 2962
f 2960 2961 2964
v -0.0630181441843 0.080858626588 0.298305185314
v -0.0650979302575 0.0787011303365 0.298445541342
v -0.0650247928508 0.0807514597725 0.298984800207
v -0.0630912815911 0.078808297152 0.297765926449
v -0.063574295529 0.0794026090111 0.29974418097
v -0.0645417789129 0.0801571479134 0.297006545686
f 2965 2967 2969
f 2965 2969 2968
f 2965 2968 2970
f 2965 2970 2967
f 2966 2969 2967
f 2966 2968 2969
f 2966 2970 2968
f 2966 2967 2970
v -0.0629016690977 0.0807669040876 0.298621183943
v -0.0649814551709 0.0786094078362 0.298761539971
v -0.0648908465012 0.0806459788971 0.29934819863
v -0.0629922777674 0.0787303330267 0.298034525283
v -0.0634243758398 0.0792772086344 0.300038076712
v -0.0644587484288 0.0800991032894 0.297344647202
f 2971 2973 2975
f 2971 2975 2974
f 2971 2974 2976
f 2971 2976 2973
f 2972 2975 2973
f 2972 2974 2975
f 2972 2976 2974
f 2972 2973 2976
v -0.0627774836326 0.0806674018559 0.298931847543
v -0.0648572697058 0.0785099056045 0.299072203571
v -0.0647480332163 0.0805315513307 0.29970546177
v -0.0628867201221 0.0786457561298 0.298298589343
v -0.063267375884 0.0791445292023 0.30032499666
v -0.0643673774544 0.0800327782581 0.297679054453
f 2977 2979 2981
f 2977 2981 2980
f 2977 2980 2982
f 2977 2982 2979
f 2978 2981 2979
f 2978 2980 2981
f 2978 2982 2980
f 2978 2979 2982
v -0.0626457390899 0.080560241121 0.299236797618
v -0.0647255251631 0.0784027448696 0.299377153646
v -0.0645965269922 0.0804083164855 0.300056154357
v -0.0627747372608 0.0785546695051 0.298557796907
v -0.0631034869418 0.0790047323644 0.300604591247
v -0.0642677773111 0.0799582536262 0.298009360017
f 2983 2985 2987
f 2983 2987 2986
f 2983 2986 2988
f 2983 2988 2985
f 2984 2987 2985
f 2984 2986 2987
f 2984 2988 2986
f 2984 2985 2988
v -0.0625065959799 0.0804455524417 0.299535662634
v -0.0645863820531 0.0782880561903 0.299676018662
v -0.0644365124157 0.0802764245043 0.300399849126
v -0.0626564656173 0.0784571841277 0.298811832171
v -0.0629329086866 0.0788579884414 0.300876519831
v -0.0641600693464 0.0798756201906 0.298335161466
f 2989 2991 2993
f 2989 2993 2992
f 2989 2992 2994
f 2989 2994 2991
f 2990 2993 2991
f 2990 2992 2993
f 2990 2994 2992
f 2990 2991 2994
v -0.0623602238272 0.0803234755485 0.299828078471
v -0.0644400099004 0.0781659792971 0.299968434499
v -0.0642681844401 0.0801360360772 0.300736127337
v -0.0625320492875 0.0783534187685 0.299060385632
v -0.0627558489417 0.0787044762184 0.301140451107
v -0.0640443847858 0.0797849786273 0.298656061862
f 2995 2997 2999
f 2995 2999 2998
f 2995 2998 3000
f 2995 3000 2997
f 2996 2999 2997
f 2996 2998 2999
f 2996 3000 2998
f 2996 2997 3000
v -0.0622068009636 0.0801941591734 0.300113688863
v -0.0642865870368 0.0780366629219 0.300254044891
v -0.064091748147 0.0799873222457 0.301064579288
v -0.0624016398535 0.0782434998495 0.299303154466
v -0.0625725234273 0.0785443827262 0.301396063517
v -0.0639208645732 0.0796864393691 0.298971670237
f 3001 3003 3005
f 3001 3005 3004
f 3001 3004 3006
f 3001 3006 3003
f 3002 3005 3003
f 3002 3004 3005
f 3002 3006 3004
f 3002 3003 3006
v -0.0620465143113 0.0800577608682 0.300392145839
v -0.0641263003846 0.0779002646168 0.300532501867
v -0.0639074184969 0.0798304641948 0.301384804811
v -0.062265396199 0.0781275612902 0.299539842895
v -0.0623831554971 0.0783779030141 0.301643045636
v -0.0637896591988 0.0795801224709 0.29928160207
f 3007 3009 3011
f 3007 3011 3010
f 3007 3010 3012
f 3007 3012 3009
f 3008 3011 3009
f 3008 3010 3011
f 3008 3012 3010
f 3008 3009 3012
v -0.0618795591549 0.0799144468136 0.300663110143
v -0.0639593452282 0.0777569505621 0.300803466171
v -0.063715420067 0.0796656530319 0.30169641376
v -0.0621234843161 0.0780057443437 0.299770162553
v -0.0621879758668 0.0782052399121 0.301881096555
v -0.0636509285163 0.0794661574636 0.299585479759
f 3013 3015 3017
f 3013 3017 3016
f 3013 3016 3018
f 3013 3018 3015
f 3014 3017 3015
f 3014 3016 3017
f 3014 3018 3016
f 3014 3015 3018
v -0.0617061389036 0.0797643916154 0.300926251645
v -0.0637859249768 0.0776068953639 0.301066607673
v -0.0635159867779 0.079493089554 0.301999026487
v -0.0619760771024 0.0778781974253 0.29999383283
v -0.0619872223328 0.0780266037834 0.302109926244
v -0.0635048415475 0.0793446831958 0.299882933073
f 3019 3021 3023
f 3019 3023 3022
f 3019 3022 3024
f 3019 3024 3021
f 3020 3023 3021
f 3020 3022 3023
f 3020 3024 3022
f 3020 3021 3024
v -0.0615264648431 0.0796077780928 0.301181249748
v -0.0636062509163 0.0774502818414 0.301321605776
v -0.0633093616084 0.0793129840031 0.302292274306
v -0.061823354151 0.0777450759311 0.300210581218
v -0.0617811394823 0.0778422122688 0.302329255911
v -0.0633515762771 0.0792158476654 0.300173599613
f 3025 3027 3029
f 3025 3029 3028
f 3025 3028 3030
f 3025 3030 3027
f 3026 3029 3027
f 3026 3028 3029
f 3026 3030 3028
f 3026 3027 3030
v -0.0613407558786 0.0794447970554 0.301427793777
v -0.0634205419519 0.077287300804 0.301568149805
v -0.0630957962993 0.0791255558101 0.302575799939
v -0.0616655015312 0.0776065420493 0.300420143642
v -0.0615699783955 0.0776522900209 0.302538818335
v -0.063191319435 0.0790798078385 0.300457125247
f 3031 3033 3035
f 3031 3035 3034
f 3031 3034 3036
f 3031 3036 3033
f 3032 3035 3033
f 3032 3034 3035
f 3032 3036 3034
f 3032 3033 3036
v -0.061149238268 0.0792756470704 0.301665583355
v -0.0632290243412 0.0771181508189 0.301805939383
v -0.0628755510471 0.0789310333273 0.302849257954
v -0.0615027115622 0.077462764562 0.300622264784
v -0.0613539963397 0.0774570684306 0.302738358198
v -0.0630242662695 0.0789367294587 0.30073316454
f 3037 3039 3041
f 3037 3041 3040
f 3037 3040 3042
f 3037 3042 3039
f 3038 3041 3039
f 3038 3040 3041
f 3038 3042 3040
f 3038 3039 3042
v -0.0609521453459 0.079100534221 0.301894328773
v -0.0630319314191 0.0769430379695 0.302034684801
v -0.0626488941867 0.0787296535505 0.303112315185
v -0.0613351825784 0.07731391864 0.300816698389
v -0.0611334564557 0.0772567853455 0.30292763239
v -0.0628506203093 0.078786786845 0.301001381184
f 3043 3045 3047
f 3043 3047 3046
f 3043 3046 3048
f 3043 3048 3045
f 3044 3047 3045
f 3044 3046 3047
f 3044 3048 3046
f 3044 3045 3048
v -0.0607497172397 0.0789196718552 0.302113751339
v -0.0628295033129 0.0767621756037 0.302254107367
v -0.0624161018645 0.0785216618298 0.303364651136
v -0.0611631186881 0.0771601856291 0.30100320757
v -0.0609086274375 0.0770516847796 0.303106410311
v -0.0626705931152 0.0786301626793 0.301261448396
f 3049 3051 3053
f 3049 3053 3052
f 3049 3052 3054
f 3049 3054 3051
f 3050 3053 3051
f 3050 3052 3053
f 3050 3054 3052
f 3050 3051 3054
v -0.0605422005769 0.0787332803259 0.302323583722
v -0.0626219866501 0.0765757840745 0.30246393975
v -0.0621774577022 0.0783073115712 0.303605958376
v -0.0609867295247 0.0770017528292 0.301181565095
v -0.0606797832045 0.0768420166163 0.303274474147
v -0.0624844040225 0.0784670477841 0.301513049324
f 3055 3057 3059
f 3055 3059 3058
f 3055 3058 3060
f 3055 3060 3057
f 3056 3059 3057
f 3056 3058 3059
f 3056 3060 3058
f 3056 3057 3060
v -0.0603298481845 0.0785415867226 0.302523570271
v -0.0624096342577 0.0763840904712 0.302663926299
v -0.061933252451 0.0780868639273 0.303835942908
v -0.0608062299912 0.0768388132664 0.301351553663
v -0.0604472025681 0.076628036304 0.303431619138
v -0.062292279874 0.0782976408897 0.301755877433
f 3061 3063 3065
f 3061 3065 3064
f 3061 3064 3066
f 3061 3066 3063
f 3062 3065 3063
f 3062 3064 3065
f 3062 3066 3064
f 3062 3063 3066
v -0.0601129187812 0.0783448245944 0.302713467336
v -0.0621927048544 0.0761873283429 0.302853823364
v -0.0616837836372 0.0778605874799 0.304054324532
v -0.0606218399984 0.0766715654574 0.301512966167
v -0.0602111688922 0.0764100045448 0.303577653827
v -0.0620944547434 0.0781221483925 0.301989636873
f 3067 3069 3071
f 3067 3071 3070
f 3067 3070 3072
f 3067 3072 3069
f 3068 3071 3069
f 3068 3070 3071
f 3068 3072 3070
f 3068 3069 3072
v -0.0598916766621 0.0781432336655 0.302893043554
v -0.0619714627353 0.0759857374141 0.303033399582
v -0.0614293552002 0.0776287579117 0.304260837184
v -0.0604337841972 0.0765002131679 0.301665605953
v -0.0599719697472 0.0761881869768 0.303712400293
v -0.0618911696502 0.0779407841028 0.302214042844
f 3073 3075 3077
f 3073 3077 3076
f 3073 3076 3078
f 3073 3078 3075
f 3074 3077 3075
f 3074 3076 3077
f 3074 3078 3076
f 3074 3075 3078
v -0.0596663913766 0.0779370595436 0.303062080142
v -0.0617461774498 0.0757795632921 0.30320243617
v -0.061170277122 0.0773916576714 0.304455229259
v -0.0602422917045 0.0763249651642 0.301809287052
v -0.0597298965607 0.0759628538504 0.303835694369
v -0.0616826722658 0.0777537689852 0.302428821942
f 3079 3081 3083
f 3079 3083 3082
f 3079 3082 3084
f 3079 3084 3081
f 3080 3083 3081
f 3080 3082 3083
f 3080 3084 3082
f 3080 3081 3084
v -0.0594373374002 0.0777265534199 0.303220371152
v -0.0615171234734 0.0755690571684 0.30336072718
v -0.0609068650491 0.0771495756292 0.304637263921
v -0.0600475958246 0.0761460349591 0.301943834411
v -0.0594852442613 0.0757342796995 0.303947385839
v -0.0614692166123 0.0775613308888 0.302633712493
f 3085 3087 3089
f 3085 3089 3088
f 3085 3088 3090
f 3085 3090 3087
f 3086 3089 3087
f 3086 3088 3089
f 3086 3090 3088
f 3086 3087 3090
v -0.0592047937998 0.0775119717638 0.303367723732
v -0.061284579873 0.0753544755124 0.30350807976
v -0.0606394399086 0.0769028067248 0.304806719388
v -0.0598499337642 0.0759636405515 0.302069084105
v -0.0592383109204 0.0755027430064 0.304047338626
v -0.0612510627525 0.0773637042698 0.302828464867
f 3091 3093 3095
f 3091 3095 3094
f 3091 3094 3096
f 3091 3096 3093
f 3092 3095 3093
f 3092 3094 3095
f 3092 3096 3094
f 3092 3093 3096
v -0.058969043894 0.0772935760101 0.303503958357
v -0.0610488299672 0.0751360797586 0.303644314385
v -0.060368327517 0.0766516516079 0.304963389206
v -0.0596495463443 0.0757780041608 0.302184883535
v -0.0589893973881 0.0752685258629 0.304135430951
v -0.0610284764732 0.0771611299058 0.303012841791
f 3097 3099 3101
f 3097 3101 3100
f 3097 3100 3102
f 3097 3102 3099
f 3098 3101 3099
f 3098 3100 3101
f 3098 3102 3100
f 3098 3099 3102
v -0.0587303749078 0.0770716322402 0.303628909044
v -0.060810160981 0.0749141359887 0.303769265072
v -0.0600938581828 0.0763964162725 0.305107082496
v -0.059446677706 0.0755893519563 0.302291091619
v -0.0587388069272 0.0750319136265 0.304211555487
v -0.0608017289616 0.0769538546023 0.303186618628
f 3103 3105 3107
f 3103 3107 3106
f 3103 3106 3108
f 3103 3108 3105
f 3104 3107 3105
f 3104 3106 3107
f 3104 3108 3106
f 3104 3105 3108
v -0.0584890776224 0.0768464108584 0.30374242356
v -0.0605688636957 0.074688914607 0.303882779588
v -0.0598163663046 0.0761374116835 0.30523762419
v -0.0592415750135 0.0753979137818 0.302387578958
v -0.0584868448436 0.0747931945728 0.30427561949
v -0.0605710964745 0.0767421308926 0.303349583659
f 3109 3111 3113
f 3109 3113 3112
f 3109 3112 3114
f 3109 3114 3111
f 3110 3113 3111
f 3110 3112 3113
f 3110 3114 3112
f 3110 3111 3114
v -0.0582454460216 0.0766181862624 0.303844363607
v -0.0603252320948 0.0744606900109 0.303984719635
v -0.0595361899637 0.0758749533981 0.305354855244
v -0.0590344881528 0.0752039228752 0.302474227998
v -0.0582338181142 0.0745526595442 0.304327544906
v -0.0603368600022 0.0765262167292 0.303501538335
f 3115 3117 3119
f 3115 3119 3118
f 3115 3118 3120
f 3115 3120 3117
f 3116 3119 3117
f 3116 3118 3119
f 3116 3120 3118
f 3116 3117 3120
v -0.0579997769329 0.0763872365086 0.303934604984
v -0.0600795630061 0.0742297402572 0.304074961012
v -0.0592536705116 0.0756093611813 0.305458632828
v -0.0588256694273 0.0750076155845 0.302550933169
v -0.0579800350133 0.0743106015955 0.304367268473
v -0.0600993049257 0.0763063751703 0.303642297524
f 3121 3123 3125
f 3121 3125 3124
f 3121 3124 3126
f 3121 3126 3123
f 3122 3125 3123
f 3122 3124 3125
f 3122 3126 3124
f 3122 3123 3126
v -0.0577523696662 0.0761538429738 0.304013037748
v -0.0598321557394 0.0739963467223 0.304153393776
v -0.0589691521549 0.0753409586162 0.305548830506
v -0.0586153732506 0.0748092310799 0.302617601018
v -0.0577258047364 0.0740673156371 0.304394741793
v -0.0598587206692 0.076082874059 0.303771689731
f 3127 3129 3131
f 3127 3131 3130
f 3127 3130 3132
f 3127 3132 3129
f 3128 3131 3129
f 3128 3130 3131
f 3128 3132 3130
f 3128 3129 3132
v -0.0575035256491 0.075918290012 0.30407956634
v -0.0595833117223 0.0737607937605 0.304219922368
v -0.0586829815353 0.0750700727101 0.305625338387
v -0.0584038558361 0.0746090110624 0.302674150321
v -0.0574714370238 0.0738230980754 0.304409931395
v -0.0596154003476 0.075855985697 0.303889557313
f 3133 3135 3137
f 3133 3137 3136
f 3133 3136 3138
f 3133 3138 3135
f 3134 3137 3135
f 3134 3136 3137
f 3134 3138 3136
f 3134 3135 3138
v -0.0572535480598 0.0756808646081 0.304134109705
v -0.0593333341331 0.0735233683567 0.304274465733
v -0.0583955073076 0.0747970334957 0.305688063257
v -0.0581913748852 0.0744071994691 0.302720512181
v -0.0572172417836 0.073578246452 0.304412818772
v -0.0593696404093 0.0756259865128 0.303995756666
f 3139 3141 3143
f 3139 3143 3142
f 3139 3142 3144
f 3139 3144 3141
f 3140 3143 3141
f 3140 3142 3143
f 3140 3144 3142
f 3140 3141 3144
v -0.0570027414575 0.0754418560286 0.30417660139
v -0.0590825275307 0.0732843597772 0.304316957418
v -0.058107079715 0.0745221736293 0.305736928695
v -0.0579781892733 0.0742040421765 0.302756630114
v -0.0569635287134 0.0733330590808 0.304403400406
v -0.0591217402748 0.075393156725 0.304090158403
f 3145 3147 3149
f 3145 3149 3148
f 3145 3148 3150
f 3145 3150 3147
f 3146 3149 3147
f 3146 3148 3149
f 3146 3150 3148
f 3146 3147 3150
v -0.0567514114114 0.0752015554685 0.304206989627
v -0.0588311974846 0.0730440592171 0.304347345655
v -0.0578180501619 0.0742458279852 0.305771875167
v -0.057764558734 0.0739997867005 0.302782460115
v -0.0567106069236 0.0730878346848 0.304381687773
v -0.0588720019724 0.0751577800008 0.304172647509
f 3151 3153 3155
f 3151 3155 3154
f 3151 3154 3156
f 3151 3156 3153
f 3152 3155 3153
f 3152 3154 3155
f 3152 3156 3154
f 3152 3153 3156
v -0.0564998641283 0.0749602556971 0.304225237391
v -0.0585796502016 0.0728027594456 0.304365593419
v -0.0575287707864 0.073968333248 0.305792860095
v -0.0575507435435 0.0737946818947 0.302797970714
v -0.0564587845603 0.0728428720323 0.304347707325
v -0.0586207297696 0.0749201431105 0.304243123484
f 3157 3159 3161
f 3157 3161 3160
f 3157 3160 3162
f 3157 3162 3159
f 3158 3161 3159
f 3158 3160 3161
f 3158 3162 3160
f 3158 3159 3162
v -0.05624840608 0.0747182507009 0.30423132245
v -0.0583281921533 0.0725607544494 0.304371678478
v -0.0572395940309 0.0736900275024 0.305799857913
v -0.0573370042024 0.073588977648 0.302803143014
v -0.0562083684304 0.0725984695724 0.304301500464
v -0.0583682298029 0.074680535578 0.304301500464
f 3163 3165 3167
f 3163 3167 3166
f 3163 3166 3168
f 3163 3168 3165
f 3164 3167 3165
f 3164 3166 3167
f 3164 3168 3166
f 3164 3165 3168
v -0.0559973436294 0.0744758353258 0.304225237391
v -0.0580771297026 0.0723183390743 0.304365593419
v -0.0569508722126 0.073411249821 0.305792860095
v -0.0571236011193 0.0733829245791 0.302797970714
v -0.0559596636273 0.0723549250719 0.304243123484
v -0.0581148097046 0.0744392493282 0.304347707325
f 3169 3171 3173
f 3169 3173 3172
f 3169 3172 3174
f 3169 3174 3171
f 3170 3173 3171
f 3170 3172 3173
f 3170 3174 3172
f 3170 3171 3174
v -0.0557469826573 0.0742333049175 0.304206989627
v -0.0578267687305 0.072075808666 0.304347345655
v -0.0566629570947 0.0731323398515 0.305771875167
v -0.0569107942931 0.0731767737321 0.302782460115
v -0.0557129731596 0.0721125352523 0.304172647509
v -0.0578607782282 0.0741965783313 0.304381687773
f 3175 3177 3179
f 3175 3179 3178
f 3175 3178 3180
f 3175 3180 3177
f 3176 3179 3177
f 3176 3178 3179
f 3176 3180 3178
f 3176 3177 3180
v -0.05549762819 0.073990954962 0.30417660139
v -0.0575774142632 0.0718334587106 0.304316957418
v -0.0563761994573 0.0728536374027 0.305736928695
v -0.0566988429959 0.0729707762699 0.302756630114
v -0.0554685975814 0.0718715954282 0.304090158403
v -0.0576064448717 0.0739528182444 0.304403400406
f 3181 3183 3185
f 3181 3185 3184
f 3181 3184 3186
f 3181 3186 3183
f 3182 3185 3183
f 3182 3184 3185
f 3182 3186 3184
f 3182 3183 3186
v -0.0552495840275 0.0737490807254 0.304134109705
v -0.0573293701008 0.071591584474 0.304274465733
v -0.0560909486705 0.0725754820306 0.305688063257
v -0.0564880054578 0.0727651831688 0.302720512181
v -0.055226834627 0.0716323991477 0.303995756666
v -0.0573521195013 0.0737082660517 0.304412818772
f 3187 3189 3191
f 3187 3191 3190
f 3187 3190 3192
f 3187 3192 3189
f 3188 3191 3189
f 3188 3190 3191
f 3188 3192 3190
f 3188 3189 3192
v -0.0550031523735 0.0735079768942 0.30407956634
v -0.0570829384468 0.0713504806428 0.304219922368
v -0.0558075522684 0.0722982126247 0.305625338387
v -0.0562785385519 0.0725602449123 0.302674150321
v -0.054987978847 0.0713952378346 0.303889557313
v -0.0570981119733 0.0734632197023 0.304409931395
f 3193 3195 3197
f 3193 3197 3196
f 3193 3196 3198
f 3193 3198 3195
f 3194 3197 3195
f 3194 3196 3197
f 3194 3198 3196
f 3194 3195 3198
v -0.054758633467 0.0732679372163 0.304013037748
v -0.0568384195402 0.0711104409648 0.304153393776
v -0.0555263555259 0.072022166995 0.305548830506
v -0.0560706974813 0.072356211186 0.302617601018
v -0.0547523212507 0.0711604004335 0.303771689731
v -0.0568447317566 0.0732179777476 0.304394741793
f 3199 3201 3203
f 3199 3203 3202
f 3199 3202 3204
f 3199 3204 3201
f 3200 3203 3201
f 3200 3202 3203
f 3200 3204 3202
f 3200 3201 3204
v -0.0545163252165 0.073029254143 0.303934604984
v -0.0565961112898 0.0708717578915 0.304074961012
v -0.0552477010379 0.0717476814607 0.305458632828
v -0.0558647354684 0.0721533305737 0.302550933169
v -0.0545201489503 0.0709281730575 0.303642297524
v -0.056592287556 0.0729728389769 0.304367268473
f 3205 3207 3209
f 3205 3209 3208
f 3205 3208 3210
f 3205 3210 3207
f 3206 3209 3207
f 3206 3208 3209
f 3206 3210 3208
f 3206 3207 3210
v -0.0542765228374 0.0727922184728 0.303844363607
v -0.0563563089106 0.0706347222214 0.303984719635
v -0.0549719283019 0.0714750904401 0.305354855244
v -0.0556609034462 0.0719518502541 0.302474227998
v -0.0542917448122 0.0706988386399 0.303501538335
v -0.0563410869359 0.0727281020543 0.304327544906
f 3211 3213 3215
f 3211 3215 3214
f 3211 3214 3216
f 3211 3216 3213
f 3212 3215 3213
f 3212 3214 3215
f 3212 3216 3214
f 3212 3213 3216
v -0.0540395184919 0.0725571189974 0.30374242356
v -0.0561193045652 0.0703996227459 0.303882779588
v -0.0546993733046 0.0712047260433 0.30523762419
v -0.0554594497525 0.0717520157 0.302387578958
v -0.0540673871115 0.0704726765895 0.303349583659
v -0.0560914359456 0.0724840651538 0.30427561949
f 3217 3219 3221
f 3217 3221 3220
f 3217 3220 3222
f 3217 3222 3219
f 3218 3221 3219
f 3218 3220 3221
f 3218 3222 3220
f 3218 3219 3222
v -0.0538056009333 0.0723242421491 0.303628909044
v -0.0558853870066 0.0701667458976 0.303769265072
v -0.0544303681122 0.0709369176678 0.305107082496
v -0.0552606198277 0.0715540703789 0.302291091619
v -0.0538473491936 0.0702499624497 0.303186618628
v -0.0558436387463 0.0722410255969 0.304211555487
f 3223 3225 3227
f 3223 3227 3226
f 3223 3226 3228
f 3223 3228 3225
f 3224 3227 3225
f 3224 3226 3227
f 3224 3228 3226
f 3224 3225 3228
v -0.0535750551542 0.0720938716524 0.303503958357
v -0.0556548412274 0.069936375401 0.303644314385
v -0.0541652404661 0.0706719915967 0.304963389206
v -0.0550646559154 0.0713582554568 0.302184883535
v -0.0536318991407 0.0700309675636 0.303012841791
v -0.0555979972408 0.0719992794899 0.304135430951
f 3229 3231 3233
f 3229 3233 3232
f 3229 3232 3234
f 3229 3234 3231
f 3230 3233 3231
f 3230 3232 3233
f 3230 3234 3232
f 3230 3231 3234
v -0.0533481620389 0.0718662881785 0.303367723732
v -0.0554279481122 0.0697087919271 0.30350807976
v -0.0539043133836 0.0704102706016 0.304806719388
v -0.0548717967675 0.0711648095039 0.302069084105
v -0.0534212994457 0.0698159587425 0.302828464867
v -0.0553548107054 0.0717591213631 0.304047338626
f 3235 3237 3239
f 3235 3239 3238
f 3235 3238 3240
f 3235 3240 3237
f 3236 3239 3237
f 3236 3238 3239
f 3236 3240 3238
f 3236 3237 3240
v -0.0531251980219 0.0716417690027 0.303220371152
v -0.0552049840952 0.0694842727512 0.30336072718
v -0.0536479047641 0.0701520735494 0.304637263921
v -0.054682277353 0.0709739682045 0.301943834411
v -0.0532158066917 0.0696051979417 0.302633712493
v -0.0551143754254 0.0715208438121 0.303947385839
f 3241 3243 3245
f 3241 3245 3244
f 3241 3244 3246
f 3241 3246 3243
f 3242 3245 3243
f 3242 3244 3245
f 3242 3246 3244
f 3242 3243 3246
o local_feasible_arc
usemtl feasible_arc
g local_feasible_arc
v -0.0504134617803 0.0663624497083 0.294312450801
v -0.0504291794308 0.0663549222059 0.293963837995
v -0.0504536494597 0.0663558594637 0.29361564992
v -0.0504868420541 0.0663652603397 0.29326831079
v -0.0505287167738 0.0663831133804 0.292922243783
v -0.050579222601 0.0664093968347 0.29257787053
v -0.0506382980021 0.0664440786801 0.292235610596
v -0.0507058710028 0.0664871166623 0.291895880971
v -0.0507818592759 0.066538458346 0.291559095564
v -0.0508661702414 0.0665980411793 0.291225664697
v -0.0509587011792 0.0666657925698 0.290895994603
v -0.0510593393548 0.0667416299727 0.290570486935
v -0.0511679621559 0.066825460992 0.290249538273
v -0.0512844372425 0.0669171834923 0.289933539644
v -0.0514086227076 0.067016685724 0.289622876045
v -0.0515403672504 0.0671238464589 0.289317925969
v -0.0516795103603 0.0672385351382 0.289019060953
v -0.0518258825131 0.0673606120314 0.288726645117
v -0.0519793053766 0.0674899284066 0.288441034724
v -0.0521395920289 0.0676263267117 0.288162577748
v -0.0523065471853 0.0677696407664 0.287891613445
v -0.0524799674367 0.0679196959646 0.287628471943
v -0.0526596414971 0.0680763094871 0.287373473839
v -0.0528453504616 0.0682392905245 0.28712692981
v -0.0530368680722 0.0684084405095 0.286889140232
v -0.0532339609943 0.068583553359 0.286660394814
v -0.0534363891005 0.0687644157248 0.286440972248
v -0.0539463277871 0.0703418395412 0.303132258156
v -0.0537320317906 0.0701242655209 0.302963221568
v -0.0535224641556 0.0699105638966 0.30278364535
v -0.0533178802081 0.0697009950308 0.302593748285
v -0.0531185292021 0.0694958142507 0.302393761736
v -0.052924654016 0.0692952715377 0.302183929353
v -0.0527364908569 0.069099611222 0.301964506787
v -0.0525542689727 0.0689090716857 0.301735761369
v -0.0523782103727 0.0687238850719 0.301497971791
v -0.052208529557 0.0685442770018 0.301251427762
v -0.0520454332557 0.0683704663003 0.300996429659
v -0.0518891201765 0.0682026647289 0.300733288157
v -0.0517397807628 0.068041076728 0.300462323853
v -0.0515975969616 0.0678858991678 0.300183866877
v -0.0514627420021 0.067737321108 0.299898256485
v -0.0513353801842 0.0675955235682 0.299605840648
v -0.0512156666786 0.067460679307 0.299306975632
v -0.0511037473379 0.0673329526111 0.299002025557
v -0.0509997585185 0.0672124990961 0.298691361957
v -0.0509038269148 0.0670994655158 0.298375363328
v -0.0508160694046 0.0669939895843 0.298054414666
v -0.050736592907 0.0668961998077 0.297728906998
v -0.0506654942518 0.066806215328 0.297399236904
v -0.0506028600619 0.0667241457772 0.297065806037
v -0.0505487666472 0.0666500911445 0.29672902063
v -0.0505032799123 0.0665841416541 0.296389291006
v -0.0504664552758 0.0665263776552 0.296047031071
v -0.0504383376029 0.0664768695244 0.295702657818
v -0.0504189611505 0.0664356775797 0.295356590811
v -0.0504083495259 0.0664028520071 0.295009251681
v -0.0504065156578 0.0663784327997 0.294661063606
l 3247 3248
l 3248 3249
l 3249 3250
l 3250 3251
l 3251 3252
l 3252 3253
l 3253 3254
l 3254 3255
l 3255 3256
l 3256 3257
l 3257 3258
l 3258 3259
l 3259 3260
l 3260 3261
l 3261 3262
l 3262 3263
l 3263 3264
l 3264 3265
l 3265 3266
l 3266 3267
l 3267 3268
l 3268 3269
l 3269 3270
l 3270 3271
l 3271 3272
l 3272 3273
l 3274 3275
l 3275 3276
l 3276 3277
l 3277 3278
l 3278 3279
l 3279 3280
l 3280 3281
l 3281 3282
l 3282 3283
l 3283 3284
l 3284 3285
l 3285 3286
l 3286 3287
l 3287 3288
l 3288 3289
l 3289 3290
l 3290 3291
l 3291 3292
l 3292 3293
l 3293 3294
l 3294 3295
l 3295 3296
l 3296 3297
l 3297 3298
l 3298 3299
l 3299 3300
l 3300 3301
l 3301 3302
l 3302 3303
l 3303 3304
l 3304 3247
