# FeiLunQieGe feasible-center export
# units: normalized
# wheel_model: zero_thickness_disk
# radius: 0.01
# delta: 0.0005
# root_line_vertex_count: 102
# feasible_center_count: 4902
# p primitives are feasible wheel-center points; l primitives are sampled root-line segments.
o root_line
g root_line
v -0.259627474515 -0.425256944458 0.0517823762048
v -0.257365222019 -0.426815145081 0.051885427241
v -0.255102969522 -0.428373345704 0.0519884782772
v -0.252840717026 -0.429931546327 0.0520915293135
v -0.25057846453 -0.43148974695 0.0521945803497
v -0.248317616116 -0.433050157625 0.052283513798
v -0.246071538957 -0.434633818534 0.0522239270872
v -0.243825461799 -0.436217479443 0.0521643403765
v -0.241564630562 -0.437777118347 0.052083178961
v -0.239148794534 -0.439058790176 0.0518582351634
v -0.454316632766 -0.189338376231 -0.0530644206341
v -0.453155642849 -0.191852776964 -0.0532787585627
v -0.45200482054 -0.194377507708 -0.0533315241035
v -0.450859642272 -0.196907972643 -0.0532946007795
v -0.449714464004 -0.199438437577 -0.0532576774555
v -0.448569285736 -0.201968902512 -0.0532207541315
v -0.44743665291 -0.20449426555 -0.0529971829081
v -0.446306079786 -0.207018790962 -0.0527429679633
v -0.445175506662 -0.209543316374 -0.0524887530184
v -0.444046808453 -0.21206998676 -0.0522969475779
v -0.322364989844 0.348928216071 0.0531441926735
v -0.324854993823 0.349803881596 0.0531135148436
v -0.327344997802 0.35067954712 0.0530828370137
v -0.329835001781 0.351555212644 0.0530521591838
v -0.33232500576 0.352430878168 0.0530214813539
v -0.334815009738 0.353306543692 0.052990803524
v -0.337305895924 0.354179926575 0.0529689775746
v -0.339797441403 0.355051603587 0.0529537668466
v -0.342288986883 0.355923280598 0.0529385561187
v -0.344780532362 0.356794957609 0.0529233453907
v 0.120182332848 0.243905808597 0.0861258152348
v 0.119016340836 0.244555103058 0.0861445006167
v 0.117840301089 0.245184489221 0.0861593076536
v 0.116623976639 0.24573405641 0.0861585651178
v 0.11540765219 0.246283623599 0.086157822582
v 0.114189087227 0.246828133981 0.0861554195446
v 0.112965690796 0.247361739812 0.0861494357836
v 0.111742294366 0.247895345643 0.0861434520225
v 0.110505396644 0.248395492923 0.0861192055408
v 0.109261740007 0.248878890436 0.0860858165144
v 0.211409072774 -0.159796206663 -0.086293822799
v 0.21239199612 -0.158670296683 -0.086281552722
v 0.213338668059 -0.157514657823 -0.0862785985269
v 0.214247947985 -0.156328475749 -0.0862844020928
v 0.215111385719 -0.15510849436 -0.0862753009212
v 0.215995200161 -0.153903811455 -0.0862726474516
v 0.216918944085 -0.152728932401 -0.0862826565687
v 0.21782224228 -0.15153813379 -0.0862862871359
v 0.218681044547 -0.150315847285 -0.0862793371228
v 0.219606628759 -0.149142360541 -0.0862657405072
v -0.25173991552 -0.0880592031653 0.0861507922762
v -0.252460504928 -0.0861963045205 0.086149830837
v -0.253157524413 -0.0843247196235 0.0861502665633
v -0.253818236227 -0.0824397542174 0.0861528545166
v -0.254470198891 -0.0805517861961 0.0861548420613
v -0.255105985102 -0.0786582665885 0.0861557195004
v -0.255737647547 -0.0767633674817 0.0861548259797
v -0.256362391417 -0.0748661977577 0.0861564187287
v -0.256968924235 -0.0729633901538 0.0861590948129
v -0.257468915449 -0.0710297667063 0.0861316990026
v 0.195657198365 0.191270616911 0.0861719213359
v 0.19372603529 0.193358103911 0.0862072832725
v 0.191699907588 0.195355712235 0.0861905672167
v 0.189649055531 0.197327898009 0.086184505441
v 0.187534262241 0.199230197389 0.0861704375096
v 0.185416670922 0.201130140176 0.0861789294466
v 0.183311828707 0.203044626112 0.0861877474854
v 0.181158999771 0.204904566892 0.0861786313047
v 0.179006264385 0.206765083249 0.0861743004267
v 0.176811382831 0.208575073995 0.0861728541439
v 0.17459843002 0.210363558602 0.0861676830585
v 0.172380998565 0.212146429573 0.0861688372332
v 0.234775004299 0.139537785535 0.0861893882402
v 0.235577242246 0.138098996052 0.0861613535253
v 0.236398564814 0.136670836503 0.0861627592375
v 0.237223784092 0.135244847381 0.0861701761134
v 0.237999094725 0.13379147344 0.0861689308928
v 0.238758105912 0.132329156011 0.0861648567561
v 0.239564487519 0.130892737586 0.0861866771296
v 0.24033610906 0.129437676988 0.0861869370629
v 0.241095234141 0.127975581731 0.0861790602822
v 0.241872002024 0.126522614646 0.0861813297139
v 0.293096947924 -0.271359700117 -0.069162292819
v 0.294128607894 -0.270215629492 -0.0692230424926
v 0.295203677448 -0.269113861992 -0.0691374666101
v 0.296242222518 -0.267975162167 -0.0691855317054
v 0.297293403264 -0.266846949101 -0.0691809056244
v 0.298349794154 -0.265725166303 -0.0691290426289
v 0.299320710632 -0.264530126127 -0.0691949076861
v 0.30034195827 -0.263374801646 -0.0691929477566
v 0.301362521679 -0.262219346176 -0.0691605286347
v 0.302383931508 -0.261064079595 -0.0691693549548
v 0.259606485726 0.0815299570902 0.0861491520264
v 0.260012812666 0.0800478509627 0.0861617526926
v 0.26046079472 0.0785779308113 0.0861715584528
v 0.260864432671 0.0770962181287 0.0861638036198
v 0.261213842638 0.0755998210543 0.0861391580731
v 0.261582174358 0.0741081092309 0.0861385578853
v 0.261971895712 0.0726217253754 0.0861634498655
v 0.262408541568 0.0711482800181 0.0861775249519
v 0.262804474217 0.0696640472925 0.0861728386858
v 0.263158896903 0.0681688160901 0.086149023908
l 1 2
l 2 3
l 3 4
l 4 5
l 5 6
l 6 7
l 7 8
l 8 9
l 9 10
l 11 12
l 12 13
l 13 14
l 14 15
l 15 16
l 16 17
l 17 18
l 18 19
l 19 20
l 21 22
l 22 23
l 23 24
l 24 25
l 25 26
l 26 27
l 27 28
l 28 29
l 29 30
l 31 32
l 32 33
l 33 34
l 34 35
l 35 36
l 36 37
l 37 38
l 38 39
l 39 40
l 41 42
l 42 43
l 43 44
l 44 45
l 45 46
l 46 47
l 47 48
l 48 49
l 49 50
l 51 52
l 52 53
l 53 54
l 54 55
l 55 56
l 56 57
l 57 58
l 58 59
l 59 60
l 61 62
l 62 63
l 63 64
l 64 65
l 65 66
l 66 67
l 67 68
l 68 69
l 69 70
l 70 71
l 71 72
l 73 74
l 74 75
l 75 76
l 76 77
l 77 78
l 78 79
l 79 80
l 80 81
l 81 82
l 83 84
l 84 85
l 85 86
l 86 87
l 87 88
l 88 89
l 89 90
l 90 91
l 91 92
l 93 94
l 94 95
l 95 96
l 96 97
l 97 98
l 98 99
l 99 100
l 100 101
l 101 102
o feasible_centers
g feasible_centers
v -0.265016311396 -0.433080654388 0.0517823762048
v -0.265002792741 -0.433082938722 0.0514510640396
v -0.254250262356 -0.417537489808 0.0504611611221
v -0.254231305197 -0.417466384756 0.0511201555272
v -0.254231684446 -0.417445050848 0.0514510640396
v -0.254238637633 -0.417433234529 0.0517823762048
v -0.265023264584 -0.433068838069 0.0521136883701
v -0.265144248484 -0.43328888594 0.0514423452984
v -0.254108756773 -0.417334346264 0.0504263923042
v -0.254095658925 -0.41729300673 0.0507639400819
v -0.25408968997 -0.4172394747 0.0514423452984
v -0.265165259059 -0.433274414217 0.0521224071112
v -0.265285704227 -0.433494833157 0.0514336265572
v -0.265264580382 -0.433487201121 0.0510853018073
v -0.25396725119 -0.417131202721 0.0503916234862
v -0.253953817499 -0.417088803199 0.0507378263352
v -0.2627540589 -0.434638855011 0.051885427241
v -0.262740540245 -0.434641139345 0.0515541150758
v -0.262720472592 -0.43463388891 0.0512232065634
v -0.262693880392 -0.434617112541 0.0508931048649
v -0.262660796042 -0.434590830676 0.0505642121583
v -0.262621259851 -0.434555075336 0.0502369291488
v -0.262575319988 -0.434509890083 0.0499116545803
v -0.25200732317 -0.419145374943 0.0502369291488
v -0.25198800986 -0.419095690431 0.0505642121583
v -0.251975247854 -0.419055410884 0.0508931048649
v -0.251969052701 -0.419024585379 0.0512232065634
v -0.25196943195 -0.419003251471 0.0515541150758
v -0.251976385137 -0.418991435151 0.051885427241
v -0.262761391336 -0.434605704783 0.0525476479187
v -0.262761012087 -0.434627038692 0.0522167394063
v -0.262895870397 -0.434844742115 0.051885427241
v -0.262881995988 -0.434847086563 0.0515453963346
v -0.262861400239 -0.434839645327 0.0512057797035
v -0.262834108244 -0.434822427474 0.0508669911181
v -0.262800153253 -0.434795453981 0.0505294433404
v -0.262759576636 -0.434758757711 0.0501935476201
v -0.262712427829 -0.434712383372 0.0498597131945
v -0.251866325832 -0.418943538887 0.0501935476201
v -0.251846504277 -0.418892546887 0.0505294433404
v -0.251833406429 -0.418851207353 0.0508669911181
v -0.251827048246 -0.41881957065 0.0512057797035
v -0.251827437474 -0.418797675323 0.0515453963346
v -0.25183457364 -0.418785548048 0.051885427241
v -0.262903395792 -0.434810719512 0.0525650747786
v -0.262903006563 -0.434832614839 0.0522254581475
v -0.263037681894 -0.435050629218 0.051885427241
v -0.26302345173 -0.43505303378 0.0515366775934
v -0.263002327886 -0.435045401744 0.0511883528435
v -0.262974336096 -0.435027742407 0.0508408773714
v -0.262939510465 -0.435000077286 0.0504946745224
v -0.262897893421 -0.434962440086 0.0501501660914
v -0.251725328494 -0.418741702831 0.0501501660914
v -0.251704998694 -0.418689403344 0.0504946745224
v -0.251691565003 -0.418647003821 0.0508408773714
v -0.25168504379 -0.418614555921 0.0511883528435
v -0.251685442999 -0.418592099175 0.0515366775934
v -0.263045400247 -0.435015734241 0.0525825016385
v -0.263045001038 -0.435038190987 0.0522341768886
v -0.260491806404 -0.436197055634 0.0519884782772
v -0.260478287749 -0.436199339968 0.051657166112
v -0.260458220096 -0.436192089533 0.0513262575996
v -0.260431627896 -0.436175313164 0.0509961559011
v -0.249712995358 -0.420613611507 0.0509961559011
v -0.249706800205 -0.420582786002 0.0513262575996
v -0.249707179454 -0.420561452094 0.051657166112
v -0.249714132641 -0.420549635774 0.0519884782772
v -0.249727651296 -0.42054735144 0.0523197904425
v -0.260460868371 -0.436043115842 0.0536369763694
v -0.260480181681 -0.436092800355 0.0533096933599
v -0.260492943687 -0.436133079901 0.0529808006534
v -0.26049913884 -0.436163905406 0.0526506989549
v -0.260498759591 -0.436185239315 0.0523197904425
v -0.260633617901 -0.436402942737 0.0519884782772
v -0.260619743491 -0.436405287185 0.0516484473708
v -0.260599147743 -0.43639784595 0.0513088307397
v -0.260571855748 -0.436380628097 0.0509700421544
v -0.249571153932 -0.420409407976 0.0509700421544
v -0.249564795749 -0.420377771273 0.0513088307397
v -0.249565184978 -0.420355875946 0.0516484473708
v -0.249572321144 -0.420343748671 0.0519884782772
v -0.249586195553 -0.420341404223 0.0523285091837
v -0.260601865709 -0.436244951899 0.0536803578982
v -0.260621687264 -0.436295943898 0.0533444621779
v -0.260634785113 -0.436337283433 0.0530069144001
v -0.260641143295 -0.436368920135 0.0526681258148
v -0.260640754067 -0.436390815462 0.0523285091837
v -0.260775429398 -0.436608829841 0.0519884782772
v -0.260761199234 -0.436611234403 0.0516397286296
v -0.26074007539 -0.436603602367 0.0512914038797
v -0.2607120836 -0.43658594303 0.0509439284076
v -0.249429312507 -0.420205204444 0.0509439284076
v -0.249422791294 -0.420172756544 0.0512914038797
v -0.249423190503 -0.420150299798 0.0516397286296
v -0.249430509647 -0.420137861568 0.0519884782772
v -0.249444739811 -0.420135457006 0.0523372279249
v -0.260742863047 -0.436446787955 0.0537237394269
v -0.260763192847 -0.436499087442 0.0533792309959
v -0.260776626538 -0.436541486964 0.0530330281469
v -0.260783147751 -0.436573934864 0.0526855526748
v -0.260782748542 -0.43659639161 0.0523372279249
v -0.258229553908 -0.437755256257 0.0520915293135
v -0.258216035252 -0.437757540591 0.0517602171482
v -0.2581959676 -0.437750290156 0.0514293086358
v -0.2581693754 -0.437733513787 0.0510992069373
v -0.25813629105 -0.437707231922 0.0507703142308
v -0.258096754859 -0.437671476581 0.0504430312213
v -0.247482818178 -0.422261776189 0.0504430312213
v -0.247463504867 -0.422212091676 0.0507703142308
v -0.247450742862 -0.42217181213 0.0510992069373
v -0.247444547709 -0.422140986625 0.0514293086358
v -0.247444926957 -0.422119652717 0.0517602171482
v -0.247451880145 -0.422107836397 0.0520915293135
v -0.258230691191 -0.437691280524 0.0530838516896
v -0.258236886344 -0.437722106029 0.0527537499911
v -0.258236507095 -0.437743439938 0.0524228414787
v -0.258371365404 -0.43796114336 0.0520915293135
v -0.258357490995 -0.437963487808 0.051751498407
v -0.258336895247 -0.437956046573 0.0514118817759
v -0.258309603252 -0.43793882872 0.0510730931906
v -0.258275648261 -0.437911855227 0.0507355454128
v -0.258235071644 -0.437875158957 0.0503996496925
v -0.24734182084 -0.422059940133 0.0503996496925
v -0.247321999284 -0.422008948133 0.0507355454128
v -0.247308901436 -0.421967608599 0.0510730931906
v -0.247302543253 -0.421935971896 0.0514118817759
v -0.247302932482 -0.421914076569 0.051751498407
v -0.247310068648 -0.421901949294 0.0520915293135
v -0.258372532616 -0.437895484055 0.0531099654364
v -0.258378890799 -0.437927120758 0.052771176851
v -0.258378501571 -0.437949016085 0.0524315602199
v -0.258513176901 -0.438167030464 0.0520915293135
v -0.258498946738 -0.438169435026 0.0517427796658
v -0.258477822893 -0.438161802989 0.051394454916
v -0.258449831104 -0.438144143653 0.0510469794438
v -0.258415005472 -0.438116478532 0.0507007765948
v -0.258373388429 -0.438078841332 0.0503562681638
v -0.247180493701 -0.42180580459 0.0507007765948
v -0.247167060011 -0.421763405067 0.0510469794438
v -0.247160538797 -0.421730957167 0.051394454916
v -0.247160938006 -0.421708500421 0.0517427796658
v -0.247168257151 -0.42169606219 0.0520915293135
v -0.258514374042 -0.438099687587 0.0531360791831
v -0.258520895255 -0.438132135487 0.052788603711
v -0.258520496046 -0.438154592233 0.0524402789611
v -0.255971026872 -0.439310889539 0.0521945803497
v -0.2559582095 -0.439312697537 0.0518632373715
v -0.255938837738 -0.439304974476 0.0515322980837
v -0.255912935186 -0.439287729763 0.0512021656849
v -0.255880533404 -0.43926098441 0.0508732423904
v -0.255841671868 -0.439224771 0.0505459289427
v -0.255796397924 -0.439179133656 0.0502206241228
v -0.245246954091 -0.42387866994 0.0502206241228
v -0.245220397462 -0.423820127283 0.0505459289427
v -0.245200368813 -0.423770928877 0.0508732423904
v -0.245186892544 -0.423731134661 0.0512021656849
v -0.245179985076 -0.423700793119 0.0515322980837
v -0.245179654823 -0.423679941218 0.0518632373715
v -0.255976943984 -0.439278700781 0.0528568626156
v -0.255977274237 -0.439299552683 0.0525259233278
v -0.256112936407 -0.43951670908 0.0521945803497
v -0.256099781736 -0.439518564658 0.0518545178195
v -0.256079900191 -0.439510638358 0.0515148696031
v -0.256053315993 -0.439492939837 0.0511760495095
v -0.256020061532 -0.439465490659 0.0508384703389
v -0.255980177324 -0.439428324265 0.0505025433794
v -0.255933711961 -0.439381485938 0.0501686779063
v -0.245079395697 -0.423618295187 0.0505025433794
v -0.245058839978 -0.423567802085 0.0508384703389
v -0.245045009071 -0.423526960653 0.0511760495095
v -0.245037919827 -0.42349582065 0.0515148696031
v -0.245037580883 -0.423474420014 0.0518545178195
v -0.256119009233 -0.43948367325 0.0528742910963
v -0.256119348177 -0.439505073886 0.0525346428799
v -0.256254845942 -0.439722528622 0.0521945803497
v -0.256241353972 -0.439724431779 0.0518457982674
v -0.256220962643 -0.43971630224 0.0514974411224
v -0.2561936968 -0.439698149911 0.0511499333341
v -0.256159589661 -0.439669996907 0.0508036982873
v -0.25611868278 -0.439631877529 0.0504591578161
v -0.244938393932 -0.42341646309 0.0504591578161
v -0.244917311143 -0.423364675294 0.0508036982873
v -0.244903125598 -0.423322786646 0.0511499333341
v -0.244895854578 -0.423290848181 0.0514974411224
v -0.244895506944 -0.423268898811 0.0518457982674
v -0.256261074482 -0.43968864572 0.052891719577
v -0.256261422116 -0.439710595089 0.052543362432
v -0.253752998141 -0.440841603077 0.052283513798
v -0.253748234925 -0.440837869757 0.051951973307
v -0.253736855337 -0.440824648308 0.0516208367471
v -0.253718873241 -0.440801954841 0.051290507557
v -0.253694310544 -0.440769817002 0.0509613881921
v -0.242929340022 -0.42533857772 0.0509613881921
v -0.242907660373 -0.425304428642 0.051290507557
v -0.242892571922 -0.425279716542 0.0516208367471
v -0.242884093051 -0.425264471528 0.051951973307
v -0.253727571859 -0.440795886607 0.0532765200389
v -0.25374266031 -0.440820598707 0.0529461908489
v -0.253751139181 -0.440835843722 0.0526150542889
v -0.25389603451 -0.441046641116 0.052283513798
v -0.253891145947 -0.44104280955 0.0519432485572
v -0.253879466895 -0.441029240169 0.0516033978773
v -0.253861011586 -0.441005949504 0.0512643758138
v -0.253835802503 -0.440972965933 0.050926595413
v -0.242787543283 -0.425135641407 0.050926595413
v -0.242765293117 -0.425100593669 0.0512643758138
v -0.242749807601 -0.425075231251 0.0516033978773
v -0.242741105602 -0.425059585051 0.0519432485572
v -0.253869939115 -0.44099972158 0.0533026517821
v -0.253885424631 -0.441025083999 0.0529636297186
v -0.25389412663 -0.441040730198 0.0526237790387
v -0.254039070879 -0.441251679154 0.052283513798
v -0.254034056968 -0.441247749343 0.0519345238075
v -0.254022078454 -0.441233832029 0.0515859590075
v -0.254003149931 -0.441209944168 0.0512382440707
v -0.253977294461 -0.441176114864 0.0508918026339
v -0.242645746544 -0.424932705094 0.0508918026339
v -0.24262292586 -0.424896758696 0.0512382440707
v -0.24260704328 -0.424870745959 0.0515859590075
v -0.242598118153 -0.424854698575 0.0519345238075
v -0.254012306372 -0.441203556553 0.0533287835253
v -0.254028188952 -0.44122956929 0.0529810685884
v -0.254037114079 -0.441245616674 0.0526325037884
v -0.251545863378 -0.442397952236 0.0522239270872
v -0.251548402166 -0.442389081187 0.0518924597704
v -0.251544268239 -0.442370761545 0.0515613962955
v -0.240622289757 -0.42688032022 0.0515613962955
v -0.240606422946 -0.426870273184 0.0518924597704
v -0.251469164743 -0.442338907196 0.0535457608872
v -0.251498282276 -0.442367823369 0.0532167141621
v -0.251520788158 -0.442387316848 0.0528864578789
v -0.251536654969 -0.442397363884 0.052555394404
v -0.251689924547 -0.442602271544 0.0522239270872
v -0.251692530145 -0.442593167046 0.0518837369463
v -0.251688287431 -0.442574365309 0.0515439612747
v -0.240478888463 -0.426676280791 0.0515439612747
v -0.240462604104 -0.426665969359 0.0518837369463
v -0.251611207527 -0.442541672687 0.0535805459872
v -0.251641091311 -0.442571349812 0.0532428401378
v -0.251664189452 -0.442591356277 0.0529038928998
v -0.251680473811 -0.442601667709 0.0525641172281
v -0.251833985716 -0.442806590852 0.0522239270872
v -0.251836658124 -0.442797252906 0.0518750141222
v -0.251832306623 -0.442777969072 0.0515265262538
v -0.240335487168 -0.426472241362 0.0515265262538
v -0.240318785261 -0.426461665534 0.0518750141222
v -0.251753250311 -0.442744438178 0.0536153310872
v -0.251783900345 -0.442774876255 0.0532689661134
v -0.251807590747 -0.442795395707 0.0529213279206
v -0.251824292654 -0.442805971534 0.0525728400523
v -0.249259960191 -0.444009541252 0.0521643403765
v -0.249263613048 -0.443999937977 0.0518329038716
v -0.249260640356 -0.443980852976 0.051501871171
v -0.249251045737 -0.443952309499 0.051171645587
v -0.238418119903 -0.4284346915 0.051501871171
v -0.238401237364 -0.428425307787 0.0518329038716
v -0.249179303173 -0.443953076561 0.0534860513041
v -0.249209333143 -0.443981401546 0.0531570351659
v -0.249232803695 -0.444000267387 0.052826809582
v -0.249249686234 -0.4440096511 0.0524957768814
v -0.249402973306 -0.44421459551 0.0521643403765
v -0.249406722292 -0.444204739518 0.0518241818583
v -0.249403671371 -0.444185152279 0.0514844377708
v -0.249393824261 -0.444155857658 0.05114552204
v -0.238275821432 -0.428229881291 0.0514844377708
v -0.238258494616 -0.428220250638 0.0518241818583
v -0.249320193735 -0.444156644906 0.0535208331707
v -0.249351013968 -0.444185715285 0.053183158713
v -0.249375102166 -0.444205077596 0.0528442429821
v -0.249392428982 -0.444214708249 0.0525044988947
v -0.249545986422 -0.444419649768 0.0521643403765
v -0.249549831535 -0.444409541058 0.051815459845
v -0.249546702386 -0.444389451583 0.0514670043707
v -0.249536602786 -0.444359405818 0.0511193984929
v -0.238133522961 -0.428025071082 0.0514670043707
v -0.238115751868 -0.428015193489 0.051815459845
v -0.249461084298 -0.444360213251 0.0535556150372
v -0.249492694792 -0.444390029025 0.0532092822601
v -0.249517400637 -0.444409887805 0.0528616763823
v -0.24953517173 -0.444419765398 0.052513220908
v -0.246497339841 -0.445896131783 0.052083178961
v -0.246510160485 -0.445881571101 0.0517521512572
v -0.246516955762 -0.445857136392 0.0514215268596
v -0.236675568869 -0.429658664537 0.0514215268596
v -0.246343658445 -0.445820625732 0.0537302616687
v -0.246386225654 -0.445855460238 0.0534032596612
v -0.246422918493 -0.445880452529 0.0530746493388
v -0.246453692256 -0.445895572156 0.0527448310624
v -0.246478509451 -0.445900800697 0.0524142066648
v -0.24662714798 -0.446109790031 0.052083178961
v -0.246640306009 -0.446094846174 0.0517434400018
v -0.246647280109 -0.446069768446 0.0514041149622
v -0.246469422336 -0.446032296979 0.0537736059505
v -0.246513109736 -0.446068048183 0.053437998627
v -0.246550768175 -0.446093698166 0.0531007406645
v -0.246582351774 -0.446109215677 0.0527622429598
v -0.246607822053 -0.446114581812 0.0524229179202
v -0.246756956119 -0.446323448279 0.052083178961
v -0.246770451533 -0.446308121246 0.0517347287465
v -0.246777604457 -0.4462824005 0.0513867030648
v -0.246595186228 -0.446243968226 0.0538169502323
v -0.246639993817 -0.446280636127 0.0534727375928
v -0.246678617858 -0.446306943802 0.0531268319902
v -0.246711011293 -0.446322859198 0.0527796548572
v -0.246737134655 -0.446328362926 0.0524316291756
v -0.462941597787 -0.193320835067 -0.0530644206341
v -0.462947068066 -0.193295182868 -0.0533949773823
v -0.462942023489 -0.193264709909 -0.053725131398
v -0.462926470203 -0.193229453317 -0.0540544804394
v -0.445691242042 -0.185412042553 -0.0524037098703
v -0.445706795328 -0.185447299145 -0.0520743608289
v -0.462814893285 -0.193374700056 -0.0517462180229
v -0.462862228449 -0.193368584165 -0.0520743608289
v -0.462899152122 -0.193357558087 -0.0524037098703
v -0.462925619316 -0.193341635254 -0.052733863886
v -0.46316857055 -0.193425636616 -0.0530644206341
v -0.463174184784 -0.193399309358 -0.0534036762441
v -0.463169007456 -0.193368034479 -0.0537425185233
v -0.463153044872 -0.193331850082 -0.0540805346448
v -0.445464258075 -0.185308717983 -0.0523863227449
v -0.445480220659 -0.18534490238 -0.0520483066235
v -0.463038531719 -0.193480919104 -0.0517115284805
v -0.463087112546 -0.193474642269 -0.0520483066235
v -0.463125007894 -0.19346332603 -0.0523863227449
v -0.463152171594 -0.193446984176 -0.0527251650242
v -0.463395543314 -0.193530438164 -0.0530644206341
v -0.463401301503 -0.193503435849 -0.0534123751059
v -0.463395991422 -0.19347135905 -0.0537599056487
v -0.463379619541 -0.193434246848 -0.0541065888502
v -0.445237274109 -0.185205393412 -0.0523689356196
v -0.44525364599 -0.185242505614 -0.0520222524181
v -0.463311996643 -0.193580700372 -0.0520222524181
v -0.463350863667 -0.193569093974 -0.0523689356196
v -0.463378723871 -0.193552333098 -0.0527164661624
v -0.461790323559 -0.19581412636 -0.0532787585627
v -0.461791716359 -0.195797211859 -0.0536099196758
v -0.461782587434 -0.195775491673 -0.0539406773202
v -0.461762947906 -0.195748992263 -0.0542706285184
v -0.461732821702 -0.195717745915 -0.054599371276
v -0.461692245527 -0.195681790697 -0.0549265050703
v -0.444519569339 -0.18790834207 -0.0529475974496
v -0.444528698264 -0.187930062256 -0.0526168398053
v -0.461755992388 -0.19583346175 -0.0526168398053
v -0.461778410731 -0.195826214566 -0.0529475974496
v -0.462017551999 -0.195918372396 -0.0532787585627
v -0.462018981452 -0.195901012778 -0.053618634442
v -0.462009612292 -0.195878721007 -0.0539580962348
v -0.461989455934 -0.195851524244 -0.0542967303594
v -0.461958536935 -0.195819455624 -0.0546341242421
v -0.461916892966 -0.195782554216 -0.0549698668205
v -0.444292304246 -0.187804541151 -0.0529388826835
v -0.444301673406 -0.187826832922 -0.0525994208906
v -0.461982317376 -0.195938216613 -0.0525994208906
v -0.462005325675 -0.195930778713 -0.0529388826835
v -0.462244780439 -0.196022618433 -0.0532787585627
v -0.462246246544 -0.196004813696 -0.0536273492081
v -0.462236637149 -0.195981950342 -0.0539755151495
v -0.462215963961 -0.195954056226 -0.0543228322003
v -0.462184252168 -0.195921165333 -0.0546688772082
v -0.462141540405 -0.195883317735 -0.0550132285707
v -0.444065039154 -0.187700740233 -0.0529301679173
v -0.444074648549 -0.187723603587 -0.0525820019759
v -0.462208642364 -0.196042971476 -0.0525820019759
v -0.46223224062 -0.19603534286 -0.0529301679173
v -0.460654472001 -0.198306060827 -0.0533315241035
v -0.460649594071 -0.198302806329 -0.0536630679725
v -0.460634183816 -0.19829476946 -0.0539942079065
v -0.460608260011 -0.198281960011 -0.0543245404622
v -0.46057185424 -0.198264393589 -0.0546536631805
v -0.443375457264 -0.190460245956 -0.0526688403006
v -0.443401381069 -0.190473055405 -0.0523385077448
v -0.460568734135 -0.198271263247 -0.0520093850265
v -0.4606059166 -0.198287119592 -0.0523385077448
v -0.460632619954 -0.198298212677 -0.0526688403006
v -0.460648811663 -0.198304528987 -0.0529999802345
v -0.460882094408 -0.198409443803 -0.0533315241035
v -0.460877088111 -0.198406103662 -0.0536717928112
v -0.460861272323 -0.198397855296 -0.0540116469539
v -0.460834666312 -0.198384708756 -0.0543506724717
v -0.460797302495 -0.198366680059 -0.0546884563141
v -0.443148368757 -0.190357160121 -0.0526514012531
v -0.443174974768 -0.19037030666 -0.0523123757354
v -0.460794100283 -0.198373730498 -0.0519745918929
v -0.460832261233 -0.198390004115 -0.0523123757354
v -0.460859667307 -0.198401389124 -0.0526514012531
v -0.460876285114 -0.198407871652 -0.0529912553958
v -0.461109716815 -0.19851282678 -0.0533315241035
v -0.461104582151 -0.198509400994 -0.0536805176499
v -0.46108836083 -0.198500941132 -0.0540290860013
v -0.461061072614 -0.198487457501 -0.0543768044811
v -0.46102275075 -0.19846896653 -0.0547232494477
v -0.44292128025 -0.190254074285 -0.0526339622057
v -0.442948568466 -0.190267557915 -0.0522862437259
v -0.46101946643 -0.198476197749 -0.0519397987593
v -0.461058605866 -0.198492888638 -0.0522862437259
v -0.46108671466 -0.19850456557 -0.0526339622057
v -0.461103758564 -0.198511214318 -0.0529825305572
v -0.459514596994 -0.200824828365 -0.0532946007795
v -0.459507507609 -0.200826457339 -0.0536261167069
v -0.459489882131 -0.200823312242 -0.0539572287332
v -0.459461742035 -0.200815396907 -0.0542875334494
v -0.459423121606 -0.200802720977 -0.05461662843
v -0.442229402413 -0.192992633044 -0.0526319728258
v -0.459497145789 -0.200807261962 -0.0526319728258
v -0.459511141651 -0.200818427307 -0.0529630848521
v -0.459742358961 -0.200927903516 -0.0532946007795
v -0.459735083012 -0.200929575357 -0.0536348408102
v -0.459716993706 -0.200926347494 -0.0539746663109
v -0.459688113082 -0.200918223861 -0.0543136632565
v -0.459648476325 -0.200905214354 -0.0546514186314
v -0.442002290838 -0.192889597792 -0.0526145352481
v -0.459724448513 -0.200909874839 -0.0526145352481
v -0.459738812688 -0.200921334009 -0.0529543607488
v -0.459970120927 -0.201030978667 -0.0532946007795
v -0.459962658416 -0.201032693375 -0.0536435649136
v -0.459944105281 -0.201029382747 -0.0539921038886
v -0.459914484128 -0.201021050815 -0.0543397930636
v -0.459873831045 -0.201007707731 -0.0546862088327
v -0.441775179263 -0.192786562539 -0.0525970976704
v -0.459951751237 -0.201012487715 -0.0525970976704
v -0.459966483724 -0.20102424071 -0.0529456366454
v -0.458369418726 -0.2033552933 -0.0532576774555
v -0.45836232934 -0.203356922273 -0.0535891933829
v -0.458344703863 -0.203353777176 -0.0539203054091
v -0.458316563767 -0.203345861841 -0.0542506101253
v -0.458277943338 -0.203333185911 -0.054579705106
v -0.441084224145 -0.195523097979 -0.0525950495018
v -0.441112364241 -0.195531013314 -0.0522647447856
v -0.44115098467 -0.195543689243 -0.0519356498049
v -0.458246971405 -0.20327581009 -0.0516081655113
v -0.458292435266 -0.203301163547 -0.0519356498049
v -0.45832744819 -0.203321810868 -0.0522647447856
v -0.458351967521 -0.203337726896 -0.0525950495018
v -0.458365963383 -0.203348892242 -0.0529261615281
v -0.458597180693 -0.203458368451 -0.0532576774555
v -0.458589904744 -0.203460040291 -0.0535979174862
v -0.458571815438 -0.203456812429 -0.0539377429869
v -0.458542934813 -0.203448688795 -0.0542767399324
v -0.458503298057 -0.203435679289 -0.0546144953074
v -0.44085711257 -0.195420062726 -0.0525776119241
v -0.440885993194 -0.195428186359 -0.0522386149785
v -0.44092562995 -0.195441195866 -0.0519008596036
v -0.458518171352 -0.203402814231 -0.0519008596036
v -0.458554105669 -0.203424004902 -0.0522386149785
v -0.458579270245 -0.203440339773 -0.0525776119241
v -0.458593634419 -0.203451798943 -0.0529174374247
v -0.458824942659 -0.203561443601 -0.0532576774555
v -0.458817480148 -0.20356315831 -0.0536066415896
v -0.458798927013 -0.203559847681 -0.0539551805646
v -0.45876930586 -0.20355151575 -0.0543028697395
v -0.458728652777 -0.203538172666 -0.0546492855087
v -0.440630000994 -0.195317027473 -0.0525601743463
v -0.440659622148 -0.195325359405 -0.0522124851714
v -0.440700275231 -0.195338702489 -0.0518660694023
v -0.458743907438 -0.203504464914 -0.0518660694023
v -0.458780763148 -0.203526198936 -0.0522124851714
v -0.458806572969 -0.20354295265 -0.0525601743463
v -0.458821305456 -0.203554705645 -0.0529087133214
v -0.457230815571 -0.205871196826 -0.0532207541315
v -0.457219148656 -0.205883004102 -0.0535519341345
v -0.457196943216 -0.205890042649 -0.0538827106456
v -0.457164226305 -0.20589230389 -0.0542126806648
v -0.457121037782 -0.205889785071 -0.0545414421742
v -0.439919422815 -0.198054800922 -0.0528895741285
v -0.439941628255 -0.198047762375 -0.0525587976173
v -0.439974345167 -0.198045501134 -0.0522288275981
v -0.44001753369 -0.198048019953 -0.0519000660887
v -0.440071141205 -0.198055315764 -0.0515729136342
v -0.457079611655 -0.205701419318 -0.0512477688195
v -0.457131024675 -0.205741335154 -0.0515729136342
v -0.457172006534 -0.205776654861 -0.0519000660887
v -0.457202507304 -0.205807335409 -0.0522288275981
v -0.457222489823 -0.205833339418 -0.0525587976173
v -0.457231929746 -0.205854635205 -0.0528895741285
v -0.457458750567 -0.205973888782 -0.0532207541315
v -0.457446776628 -0.205986006776 -0.0535606493977
v -0.457423986834 -0.205993230547 -0.0539001305539
v -0.457390408951 -0.205995551294 -0.0542387839946
v -0.457346083888 -0.205992966191 -0.0545761971227
v -0.439691794843 -0.197951798248 -0.0528808588652
v -0.439714584637 -0.197944574477 -0.052541377709
v -0.43974816252 -0.19794225373 -0.0522027242683
v -0.439792487583 -0.197944838833 -0.0518653111402
v -0.439847505823 -0.197952326639 -0.0515295494106
v -0.457356333594 -0.205840609697 -0.0515295494106
v -0.457398393924 -0.20587685887 -0.0518653111402
v -0.457429697345 -0.205908346801 -0.0522027242683
v -0.45745020572 -0.205935035126 -0.052541377709
v -0.457459894062 -0.205956891329 -0.0528808588652
v -0.457686685562 -0.206076580737 -0.0532207541315
v -0.4576744046 -0.206089009449 -0.0535693646609
v -0.457651030452 -0.206096418445 -0.0539175504622
v -0.457616591598 -0.206098798699 -0.0542648873244
v -0.457571129995 -0.206096147311 -0.0546109520712
v -0.439464166872 -0.197848795575 -0.052872143602
v -0.439487541019 -0.197841386579 -0.0525239578007
v -0.439521979874 -0.197839006325 -0.0521766209385
v -0.439567441477 -0.197841657713 -0.0518305561917
v -0.439623870441 -0.197849337514 -0.051486185187
v -0.457581642514 -0.20593988424 -0.051486185187
v -0.457624781313 -0.20597706288 -0.0518305561917
v -0.457656887387 -0.206009358193 -0.0521766209385
v -0.457677921617 -0.206036730834 -0.0525239578007
v -0.457687858378 -0.206059147452 -0.052872143602
v -0.456105835659 -0.208379528793 -0.0529971829081
v -0.45608889101 -0.208403187009 -0.0533274992576
v -0.456061404941 -0.208422082807 -0.0536574131675
v -0.456023410941 -0.208436193164 -0.0539865226885
v -0.438767470161 -0.200609002307 -0.0529971829081
v -0.43878441481 -0.200585344091 -0.0526668665586
v -0.438811900879 -0.200566448293 -0.0523369526487
v -0.438849894879 -0.200552337936 -0.0520078431277
v -0.438898350521 -0.20054303021 -0.0516799389648
v -0.456032165536 -0.208191011185 -0.0513536396608
v -0.456067980237 -0.208237934467 -0.0516799389648
v -0.456093278996 -0.208280296665 -0.0520078431277
v -0.456108030989 -0.208318046168 -0.0523369526487
v -0.456112218244 -0.208351136982 -0.0526668665586
v -0.456333972047 -0.208481772563 -0.0529971829081
v -0.456316581486 -0.208506053363 -0.0533361917931
v -0.4562883721 -0.208525446419 -0.053674787648
v -0.456249378258 -0.208539928101 -0.0540125579459
v -0.438539333773 -0.200506758537 -0.0529971829081
v -0.438556724334 -0.200482477736 -0.0526581740231
v -0.43858493372 -0.200463084681 -0.0523195781682
v -0.438623927562 -0.200448602999 -0.0519818078703
v -0.438673658353 -0.200439050333 -0.0516452746505
v -0.456258363236 -0.208288293965 -0.0513103885227
v -0.45629512043 -0.20833645207 -0.0516452746505
v -0.456321084945 -0.208379929063 -0.0519818078703
v -0.456336225149 -0.208418671973 -0.0523195781682
v -0.456340522595 -0.208452633599 -0.0526581740231
v -0.456562108435 -0.208584016332 -0.0529971829081
v -0.456544271962 -0.208608919718 -0.0533448843286
v -0.456515339259 -0.208628810031 -0.0536921621285
v -0.456475345574 -0.208643663038 -0.0540385932032
v -0.438311197385 -0.200404514768 -0.0529971829081
v -0.438329033858 -0.200379611382 -0.0526494814876
v -0.438357966561 -0.200359721069 -0.0523022036877
v -0.438397960245 -0.200344868061 -0.051955772613
v -0.438448966185 -0.200335070456 -0.0516106103362
v -0.456522260623 -0.208434969673 -0.0516106103362
v -0.456548890895 -0.208479561461 -0.051955772613
v -0.456564419309 -0.208519297779 -0.0523022036877
v -0.456568826946 -0.208554130215 -0.0526494814876
v -0.454976341629 -0.210901645526 -0.0527429679633
v -0.45495865845 -0.210926972236 -0.0530731218455
v -0.454930433437 -0.21094753743 -0.0534028734861
v -0.437653501122 -0.203110609688 -0.052412814081
v -0.437681726135 -0.203090044494 -0.0520830624404
v -0.437720458595 -0.203074265873 -0.051754114793
v -0.437769651312 -0.203063293048 -0.0514263719109
v -0.437829244352 -0.203057139389 -0.0511002330983
v -0.45490632652 -0.210704869945 -0.0511002330983
v -0.454941418215 -0.210753426829 -0.0514263719109
v -0.454965989079 -0.210797433634 -0.051754114793
v -0.454980009178 -0.210836836745 -0.0520830624404
v -0.45498346143 -0.210871588155 -0.052412814081
v -0.455204506415 -0.211003825909 -0.0527429679633
v -0.455186357889 -0.211029819112 -0.0530818101056
v -0.455157390112 -0.211050925494 -0.053420239421
v -0.437425801683 -0.203007762812 -0.052404125821
v -0.43745476946 -0.202986656429 -0.0520656965056
v -0.437494521195 -0.202970462581 -0.0517280923412
v -0.437545008457 -0.202959200998 -0.0513917246464
v -0.437606169735 -0.2029528854 -0.0510570032334
v -0.455132648803 -0.210801872024 -0.0510570032334
v -0.455168663963 -0.21085170672 -0.0513917246464
v -0.455193881429 -0.210896871599 -0.0517280923412
v -0.455208270478 -0.210937311634 -0.0520656965056
v -0.455211813579 -0.210972977555 -0.052404125821
v -0.4554326712 -0.211106006292 -0.0527429679633
v -0.455414057327 -0.211132665987 -0.0530904983656
v -0.455384346787 -0.211154313559 -0.0534376053558
v -0.437198102245 -0.202904915936 -0.0523954375609
v -0.437227812785 -0.202883268364 -0.0520483305708
v -0.437268583796 -0.20286665929 -0.0517020698893
v -0.437320365603 -0.202855108948 -0.0513570773818
v -0.455358971085 -0.210898874102 -0.0510137733685
v -0.455395909711 -0.210949986611 -0.0513570773818
v -0.455421773779 -0.210996309564 -0.0517020698893
v -0.455436531778 -0.211037786523 -0.0520483305708
v -0.455440165727 -0.211074366955 -0.0523954375609
v -0.453847583476 -0.213422115637 -0.0524887530184
v -0.453831424656 -0.213444068996 -0.0528192264147
v -0.453804719933 -0.213461269888 -0.05314929718
v -0.453767501843 -0.213473697357 -0.053478563174
v -0.436503429848 -0.205664517111 -0.0524887530184
v -0.436519588668 -0.205642563752 -0.0521582796222
v -0.436546293391 -0.20562536286 -0.0518282088569
v -0.453848197534 -0.213364064266 -0.0518282088569
v -0.453853176707 -0.213395436559 -0.0521582796222
v -0.454075796024 -0.213524189302 -0.0524887530184
v -0.454059211972 -0.21354672038 -0.052827923083
v -0.454031804493 -0.213564373928 -0.0531666799211
v -0.436291801352 -0.205539912368 -0.0521495829539
v -0.436319208831 -0.20552225882 -0.0518108261158
v -0.454076426241 -0.213464610264 -0.0518108261158
v -0.454081536445 -0.213496808143 -0.0521495829539
v -0.454304008572 -0.213626262967 -0.0524887530184
v -0.454286999287 -0.213649371765 -0.0528366197513
v -0.454258889052 -0.213667477967 -0.0531840626622
v -0.436064014037 -0.205437260983 -0.0521408862856
v -0.436092124272 -0.20541915478 -0.0517934433747
v -0.454304654948 -0.213565156261 -0.0517934433747
v -0.454309896183 -0.213598179727 -0.0521408862856
v -0.452720697561 -0.215944731622 -0.0522969475779
v -0.452706063392 -0.215963302472 -0.0526276992788
v -0.452680879254 -0.215977129915 -0.0529580480098
v -0.452645175831 -0.215986197107 -0.0532875912917
v -0.435368852974 -0.208218533527 -0.0526276992788
v -0.435372919346 -0.208195241898 -0.0522969475779
v -0.435387553515 -0.208176671049 -0.0519661958769
v -0.435412737653 -0.208162843605 -0.0516358471459
v -0.435448441076 -0.208153776413 -0.051306303864
v -0.435494620286 -0.208149480521 -0.0509779675289
v -0.452586855959 -0.21573536253 -0.05032651385
v -0.452635445503 -0.215781718724 -0.0506512381677
v -0.452673571116 -0.215823552744 -0.0509779675289
v -0.452701186347 -0.215860813622 -0.051306303864
v -0.452718257553 -0.215893455962 -0.0516358471459
v -0.452724763933 -0.215921439993 -0.0519661958769
v -0.452948957801 -0.216046698592 -0.0522969475779
v -0.452933938521 -0.216065758148 -0.052636403271
v -0.452908091643 -0.216079949472 -0.0529754453896
v -0.452871448656 -0.216089255274 -0.0533136608632
v -0.435144659106 -0.208093274928 -0.0522969475779
v -0.435159678385 -0.208074215372 -0.0519574918848
v -0.435185525264 -0.208060024048 -0.0516184497662
v -0.435222168251 -0.208050718246 -0.0512802342926
v -0.435269562702 -0.208046309304 -0.0509432575276
v -0.452811594051 -0.215831819787 -0.0502746603308
v -0.452861462267 -0.215879395881 -0.0506079300253
v -0.452900591186 -0.215922330796 -0.0509432575276
v -0.452928933134 -0.215960572224 -0.0512802342926
v -0.452946453582 -0.215994073573 -0.0516184497662
v -0.452953131182 -0.216022794026 -0.0519574918848
v -0.45317721804 -0.216148665562 -0.0522969475779
v -0.453161813651 -0.216168213825 -0.0526451072631
v -0.453135304033 -0.216182769029 -0.0529928427694
v -0.453097721482 -0.216192313441 -0.0533397304346
v -0.434916398866 -0.207991307958 -0.0522969475779
v -0.434931803255 -0.207971759696 -0.0519487878926
v -0.434958312874 -0.207957204492 -0.0516010523864
v -0.434995895425 -0.207947660079 -0.0512541647212
v -0.453036332143 -0.215928277044 -0.0502228068117
v -0.453087479032 -0.215977073038 -0.050564621883
v -0.453127611256 -0.216021108848 -0.0509085475263
v -0.453156679921 -0.216060330825 -0.0512541647212
v -0.453174649611 -0.216094691183 -0.0516010523864
v -0.453181498432 -0.216124148058 -0.0519487878926
v -0.319211597405 0.357883449666 0.0528126698461
v -0.319219690524 0.357837264049 0.0521512393371
v -0.325488514908 0.340011510691 0.0521512393371
v -0.325501724464 0.339985520625 0.0524815509281
v -0.319228255224 0.357870911518 0.0538068344189
v -0.319128613393 0.358119113708 0.0528039455611
v -0.319130796258 0.358101001007 0.0524641129874
v -0.31913691949 0.35807171268 0.0521251089861
v -0.325584270112 0.339750186535 0.0524641129874
v -0.319145709576 0.358106245608 0.0538242723596
v -0.319047434675 0.358361870067 0.0531441926735
v -0.319045629382 0.35835477775 0.0527952212762
v -0.325652910964 0.339542210408 0.0520989786351
v -0.325676697789 0.339498963214 0.0527952212762
v -0.325682545013 0.339494562076 0.0531441926735
v -0.319053281899 0.358357468929 0.0534931640708
v -0.321703316412 0.358765852891 0.0531135148436
v -0.321701601384 0.358759115191 0.0527819920162
v -0.321703728278 0.358741466917 0.0524508730982
v -0.321709694503 0.358712929573 0.0521205615072
v -0.321719492792 0.358673537926 0.0517914596768
v -0.321733111205 0.358623339969 0.051463968567
v -0.327940703903 0.340971702341 0.051463968567
v -0.327961503797 0.340924029912 0.0517914596768
v -0.327978518887 0.340887176215 0.0521205615072
v -0.327991728443 0.34086118615 0.0524508730982
v -0.328001116371 0.340846091381 0.0527819920162
v -0.328006671233 0.3408419103 0.0531135148436
v -0.328008386262 0.340848648001 0.0534450376711
v -0.321748483849 0.358683733279 0.0544355700104
v -0.321731468759 0.358720586976 0.0541064681801
v -0.321718259203 0.358746577042 0.053776156589
v -0.321708871275 0.35876167181 0.0534450376711
v -0.321620377533 0.359001694241 0.0531135148436
v -0.321618617372 0.358994779232 0.0527732677312
v -0.321620800237 0.358976666531 0.0524334351575
v -0.321626923469 0.358947378204 0.0520944311562
v -0.321636979607 0.358906949935 0.0517566687513
v -0.321650956399 0.358855430979 0.0514205594544
v -0.3280219068 0.340739276571 0.0514205594544
v -0.328043254059 0.340690349605 0.0517566687513
v -0.328060716915 0.340652526073 0.0520944311562
v -0.328074274091 0.340625852059 0.0524334351575
v -0.32808390907 0.34061036006 0.0527732677312
v -0.328089610113 0.34060606895 0.0531135148436
v -0.328091370274 0.340612983959 0.053453761956
v -0.321666733587 0.358917413586 0.0544703609359
v -0.321649270731 0.358955237118 0.054132598531
v -0.321635713555 0.358981911132 0.0537935945297
v -0.321626078576 0.358997403132 0.053453761956
v -0.321537438654 0.359237535591 0.0531135148436
v -0.32153563336 0.359230443274 0.0527645434463
v -0.321537872196 0.359211866145 0.0524159972169
v -0.321544152434 0.359181826835 0.0520683008052
v -0.321554466422 0.359140361943 0.0517218778259
v -0.321568801594 0.359087521989 0.0513771503419
v -0.328125004322 0.340456669297 0.0517218778259
v -0.328142914943 0.340417875932 0.0520683008052
v -0.328156819739 0.340390517968 0.0524159972169
v -0.328166701768 0.340374628738 0.0527645434463
v -0.328172548992 0.3403702276 0.0531135148436
v -0.321584983324 0.359151093894 0.0545051518613
v -0.321567072703 0.35918988726 0.054158728882
v -0.321553167907 0.359217245223 0.0538110324703
v -0.321543285878 0.359233134453 0.0534624862409
v -0.324193320391 0.359641518415 0.0530828370137
v -0.324191605362 0.359634780715 0.0527513141863
v -0.324193732256 0.359617132441 0.0524201952683
v -0.324199698482 0.359588595097 0.0520898836772
v -0.324209496771 0.35954920345 0.0517607818469
v -0.330451507776 0.341799695436 0.0517607818469
v -0.330468522866 0.341762841739 0.0520898836772
v -0.330481732422 0.341736851674 0.0524201952683
v -0.33049112035 0.341721756905 0.0527513141863
v -0.324208263182 0.359622242566 0.0537454787591
v -0.324198875254 0.359637337334 0.0534143598412
v -0.324110381512 0.359877359765 0.0530828370137
v -0.324108621351 0.359870444757 0.0527425899013
v -0.324110804216 0.359852332055 0.0524027573276
v -0.324116927447 0.359823043728 0.0520637533263
v -0.324126983586 0.359782615459 0.0517259909214
v -0.330533258038 0.341566015129 0.0517259909214
v -0.330550720894 0.341528191598 0.0520637533263
v -0.33056427807 0.341501517583 0.0524027573276
v -0.330573913048 0.341486025584 0.0527425899013
v -0.324125717534 0.359857576657 0.0537629166998
v -0.324116082555 0.359873068656 0.0534230841261
v -0.324027442633 0.360113201115 0.0530828370137
v -0.324025637339 0.360106108799 0.0527338656164
v -0.324027876175 0.360087531669 0.052385319387
v -0.324034156413 0.360057492359 0.0520376229753
v -0.324044470401 0.360016027468 0.051691199996
v -0.330615008301 0.341332334822 0.051691199996
v -0.330632918922 0.341293541456 0.0520376229753
v -0.330646823718 0.341266183492 0.052385319387
v -0.330656705747 0.341250294262 0.0527338656164
v -0.324043171886 0.360092910747 0.0537803546404
v -0.324033289856 0.360108799977 0.053431808411
v -0.32668332437 0.360517183939 0.0530521591838
v -0.326681609341 0.360510446239 0.0527206363564
v -0.326683736235 0.360492797966 0.0523895174384
v -0.326689702461 0.360464260621 0.0520592058473
v -0.332971736401 0.342612517198 0.0523895174384
v -0.332981124329 0.342597422429 0.0527206363564
v -0.326711476717 0.360471918025 0.0540451125203
v -0.326698267161 0.36049790809 0.0537148009292
v -0.326688879233 0.360513002859 0.0533836820113
v -0.326600385491 0.360753025289 0.0530521591838
v -0.32659862533 0.360746110281 0.0527119120714
v -0.326600808195 0.360727997579 0.0523720794977
v -0.326606931426 0.360698709252 0.0520330754964
v -0.333054282049 0.342377183107 0.0523720794977
v -0.333063917027 0.342361691108 0.0527119120714
v -0.326629278689 0.360706568166 0.0540712428712
v -0.326615721513 0.360733242181 0.0537322388699
v -0.326606086534 0.36074873418 0.0533924062962
v -0.326517446612 0.360988866639 0.0530521591838
v -0.326515641318 0.360981774323 0.0527031877865
v -0.326517880154 0.360963197193 0.0523546415571
v -0.326524160392 0.360933157883 0.0520069451454
v -0.333136827696 0.342141849017 0.0523546415571
v -0.333146709726 0.342125959787 0.0527031877865
v -0.326547080661 0.360941218308 0.0540973732222
v -0.326533175865 0.360968576271 0.0537496768105
v -0.326523293835 0.360984465501 0.0534011305811
v -0.329173328349 0.361392849464 0.0530214813539
v -0.32917161332 0.361386111763 0.0526899585265
v -0.329173740214 0.36136846349 0.0523588396085
v -0.32917970644 0.361339926145 0.0520285280174
v -0.329189504728 0.361300534499 0.0516994261871
v -0.329203123142 0.361250336542 0.0513719350773
v -0.335431515733 0.343551026485 0.0516994261871
v -0.335448530824 0.343514172787 0.0520285280174
v -0.33546174038 0.343488182722 0.0523588396085
v -0.335471128308 0.343473087954 0.0526899585265
v -0.33547668317 0.343468906873 0.0530214813539
v -0.329218495786 0.361310729852 0.0543435365207
v -0.329201480695 0.361347583549 0.0540144346904
v -0.329188271139 0.361373573614 0.0536841230993
v -0.329178883211 0.361388668383 0.0533530041813
v -0.32909038947 0.361628690814 0.0530214813539
v -0.329088629309 0.361621775805 0.0526812342415
v -0.329090812174 0.361603663103 0.0523414016678
v -0.329096935405 0.361574374776 0.0520023976665
v -0.329106991543 0.361533946507 0.0516646352616
v -0.329120968336 0.361482427552 0.0513285259647
v -0.335513265996 0.343317346177 0.0516646352616
v -0.335530728852 0.343279522646 0.0520023976665
v -0.335544286027 0.343252848631 0.0523414016678
v -0.335553921006 0.343237356632 0.0526812342415
v -0.335559622049 0.343233065523 0.0530214813539
v -0.329136745523 0.361544410159 0.0543783274462
v -0.329119282667 0.36158223369 0.0540405650413
v -0.329105725492 0.361608907705 0.05370156104
v -0.329096090513 0.361624399704 0.0533617284663
v -0.329007450591 0.361864532163 0.0530214813539
v -0.329005645297 0.361857439847 0.0526725099566
v -0.329007884133 0.361838862717 0.0523239637272
v -0.32901416437 0.361808823407 0.0519762673155
v -0.329024478358 0.361767358516 0.0516298443362
v -0.32903881353 0.361714518561 0.0512851168522
v -0.335595016258 0.34308366587 0.0516298443362
v -0.33561292688 0.343044872504 0.0519762673155
v -0.335626831675 0.343017514541 0.0523239637272
v -0.335636713705 0.343001625311 0.0526725099566
v -0.335642560928 0.342997224173 0.0530214813539
v -0.329054995261 0.361778090466 0.0544131183716
v -0.329037084639 0.361816883832 0.0540666953923
v -0.329023179844 0.361844241796 0.0537189989806
v -0.329013297814 0.361860131026 0.0533704527512
v -0.33166748518 0.36226997435 0.052990803524
v -0.331666291522 0.362263421621 0.0526592747017
v -0.331668934093 0.362245956317 0.0523281497963
v -0.331675409672 0.362217599715 0.0519978322323
v -0.331685710371 0.362178386364 0.0516687244509
v -0.331699823638 0.362128364039 0.0513412274193
v -0.337899236814 0.344473852029 0.0513412274193
v -0.337919496502 0.344425988031 0.0516687244509
v -0.337935973852 0.344388943622 0.0519978322323
v -0.337948648787 0.344362763935 0.0523281497963
v -0.337957505866 0.344347480866 0.0526592747017
v -0.337962534297 0.344343113035 0.052990803524
v -0.331730782663 0.362139235356 0.0546403796287
v -0.331710522974 0.362187099354 0.0543128825971
v -0.331694045625 0.362224143763 0.0539837748157
v -0.33168137069 0.36225032345 0.0536534572517
v -0.331672513611 0.362265606519 0.0533223323463
v -0.331584655586 0.362505854104 0.052990803524
v -0.331583430517 0.362499128935 0.0526505502591
v -0.331586142629 0.362481204017 0.0523107115403
v -0.331592788618 0.362452101189 0.0519717014089
v -0.331603360387 0.362411855908 0.0516339328964
v -0.331617845056 0.362360517206 0.0512978175218
v -0.338001193522 0.344192289198 0.0516339328964
v -0.338018104486 0.344154269936 0.0519717014089
v -0.338031112972 0.34412740131 0.0523107115403
v -0.338040203132 0.344111716055 0.0526505502591
v -0.338045363891 0.344107233281 0.052990803524
v -0.331649618792 0.36237167461 0.0546837895262
v -0.331628825954 0.362420798187 0.0543476741516
v -0.331611914991 0.362458817449 0.0540099056391
v -0.331598906504 0.362485686075 0.0536708955077
v -0.331589816345 0.36250137133 0.0533310567889
v -0.331501825993 0.362741733858 0.052990803524
v -0.331500569511 0.362734836249 0.0526418258164
v -0.331503351164 0.362716451718 0.0522932732843
v -0.331510167564 0.362686602664 0.0519455705854
v -0.331521010404 0.362645325452 0.0515991413418
v -0.331535866475 0.362592670373 0.0512544076243
v -0.338082890543 0.343958590364 0.0515991413418
v -0.338100235121 0.34391959625 0.0519455705854
v -0.338113577158 0.343892038684 0.0522932732843
v -0.338122900399 0.343875951243 0.0526418258164
v -0.338128193484 0.343871353526 0.052990803524
v -0.331568454922 0.362604113864 0.0547271994237
v -0.331547128934 0.36265449702 0.0543824657062
v -0.331529784356 0.362693491135 0.0540360364626
v -0.331516442319 0.3627210487 0.0536883337637
v -0.331507119078 0.362737136141 0.0533397812316
v -0.334165629075 0.363145902491 0.0529689775746
v -0.334165346858 0.363139671814 0.0526374405147
v -0.334168890917 0.363122525068 0.0523063073817
v -0.334176256932 0.363094483143 0.0519759816102
v -0.334187435931 0.363055580204 0.0516468656513
v -0.334202414293 0.363005863648 0.0513193604822
v -0.340387532571 0.345346338458 0.0513193604822
v -0.340406847906 0.345298140895 0.0516468656513
v -0.340422385209 0.34526076442 0.0519759816102
v -0.340434125549 0.34523425457 0.0523063073817
v -0.340442054624 0.345218643644 0.0526374405147
v -0.340446162772 0.34521395066 0.0529689775746
v -0.334224259277 0.363013514693 0.054618594667
v -0.334204943942 0.363061712256 0.0542910894979
v -0.334189406639 0.363099088731 0.053961973539
v -0.334177666298 0.363125598581 0.0536316477675
v -0.334169737224 0.363141209507 0.0533005146345
v -0.334082990474 0.363381849226 0.0529689775746
v -0.33408270083 0.363375454584 0.0526287158552
v -0.334086338153 0.363357856607 0.0522888686924
v -0.334093898011 0.363329076737 0.0519498501374
v -0.334105371194 0.363289150036 0.0516120732323
v -0.334120743724 0.36323812515 0.0512759495061
v -0.340468628272 0.345113875613 0.0512759495061
v -0.340488451905 0.345064409693 0.0516120732323
v -0.340504398085 0.345026049627 0.0519498501374
v -0.340516447382 0.344998842149 0.0522888686924
v -0.340524585116 0.344982820409 0.0526287158552
v -0.340528801374 0.344978003925 0.0529689775746
v -0.334143163576 0.363245977538 0.0546620056431
v -0.334123339942 0.363295443458 0.0543258819169
v -0.334107393763 0.363333803524 0.0539881050118
v -0.334095344466 0.363361011002 0.0536490864568
v -0.334087206732 0.363377032742 0.0533092392939
v -0.334000351873 0.36361779596 0.0529689775746
v -0.334000054802 0.363611237353 0.0526199911958
v -0.33400378539 0.363593188147 0.0522714300031
v -0.334011539091 0.363563670331 0.0519237186647
v -0.334023306458 0.363522719869 0.0515772808133
v -0.334039073154 0.363470386652 0.05123253853
v -0.340570055905 0.344830678491 0.0515772808133
v -0.34058641096 0.344791334833 0.0519237186647
v -0.340598769214 0.344763429728 0.0522714300031
v -0.340607115608 0.344746997173 0.0526199911958
v -0.340611439975 0.344742057191 0.0529689775746
v -0.334062067875 0.363478440383 0.0547054166192
v -0.334041735943 0.36352917466 0.0543606743359
v -0.334025380887 0.363568518318 0.0540142364845
v -0.334013022634 0.363596423423 0.0536665251461
v -0.33400467624 0.363612855977 0.0533179639534
v -0.336660279165 0.364018666266 0.0529537668466
v -0.336660386931 0.364012572879 0.0526222271324
v -0.336664316715 0.363995561931 0.0522910913483
v -0.336672063729 0.363967654148 0.0519607629323
v -0.336683618534 0.363928883531 0.0516316443385
v -0.3429120168 0.346131773805 0.0519607629323
v -0.342923357253 0.346105123201 0.0522910913483
v -0.342930889259 0.346089372505 0.0526222271324
v -0.33669800109 0.363933915325 0.0542758893548
v -0.336682866007 0.363971433368 0.053946770761
v -0.336671525554 0.363998083972 0.0536164423449
v -0.336663993547 0.364013834668 0.0532853065608
v -0.336577722264 0.364254641599 0.0529537668466
v -0.336577832866 0.36424838786 0.0526135024031
v -0.336581866065 0.364230929256 0.0522736525194
v -0.336589816948 0.364202287058 0.0519346312503
v -0.342993979311 0.345897041443 0.0519346312503
v -0.343005618197 0.345869689507 0.0522736525194
v -0.343013348413 0.345853524319 0.0526135024031
v -0.336616436871 0.364167660371 0.0543106820524
v -0.336600903496 0.36420616573 0.053972902443
v -0.33658926461 0.364233517666 0.0536338811738
v -0.336581534393 0.364249682854 0.0532940312901
v -0.336495165363 0.364490616933 0.0529537668466
v -0.336495278801 0.364484202842 0.0526047776738
v -0.336499415416 0.364466296581 0.0522562136905
v -0.336507570167 0.364436919967 0.0519084995683
v -0.343075941821 0.34566230908 0.0519084995683
v -0.34308787914 0.345634255813 0.0522562136905
v -0.343095807568 0.345617676133 0.0526047776738
v -0.336534872653 0.364401405416 0.0543454747499
v -0.336518940986 0.364440898093 0.0539990341249
v -0.336507003667 0.36446895136 0.0536513200027
v -0.336499075239 0.36448553104 0.0533027560194
v -0.339151824644 0.364890343277 0.0529385561187
v -0.339151932411 0.36488424989 0.0526070164045
v -0.339155862195 0.364867238942 0.0522758806204
v -0.339163609208 0.364839331159 0.0519455522043
v -0.34540356228 0.347003450816 0.0519455522043
v -0.345414902733 0.346976800212 0.0522758806204
v -0.345422434739 0.346961049516 0.0526070164045
v -0.339208457844 0.364757252565 0.054588186418
v -0.33918954657 0.364805592336 0.0542606786268
v -0.339174411486 0.364843110379 0.053931560033
v -0.339163071033 0.364869760983 0.0536012316169
v -0.339155539027 0.364885511679 0.0532700958328
v -0.339069267743 0.36512631861 0.0529385561187
v -0.339069378346 0.365120064871 0.0525982916752
v -0.339073411545 0.365102606267 0.0522584417915
v -0.339081362428 0.365073964069 0.0519194205223
v -0.34548552479 0.346768718454 0.0519194205223
v -0.345497163676 0.346741366518 0.0522584417915
v -0.345504893893 0.34672520133 0.0525982916752
v -0.33912739129 0.364989725511 0.0546315977416
v -0.339107982351 0.365039337382 0.0542954713244
v -0.339092448976 0.365077842741 0.053957691715
v -0.33908081009 0.365105194677 0.0536186704458
v -0.339073079873 0.365121359865 0.0532788205622
v -0.338986710842 0.365362293944 0.0529385561187
v -0.338986824281 0.365355879853 0.0525895669458
v -0.338990960895 0.365337973592 0.0522410029626
v -0.338999115647 0.365308596978 0.0518932888404
v -0.34557942462 0.346505932824 0.0522410029626
v -0.339026418132 0.365273082427 0.054330264022
v -0.339010486465 0.365312575104 0.0539838233969
v -0.338998549146 0.365340628372 0.0536361092747
v -0.338990620719 0.365357208051 0.0532875452915
v -0.341643370124 0.365762020288 0.0529233453907
v -0.34164347789 0.365755926901 0.0525918056765
v -0.341647407674 0.365738915953 0.0522606698924
v -0.341655154688 0.36571100817 0.0519303414763
v -0.347906448212 0.347848477223 0.0522606698924
v -0.347913980218 0.347832726527 0.0525918056765
v -0.341722667747 0.36556982697 0.0548984736607
v -0.341700003323 0.365628929576 0.05457297569
v -0.341654616513 0.365741437994 0.053586020889
v -0.341647084506 0.36575718869 0.0532548851049
v -0.341564957024 0.365974283278 0.0522432310635
v -0.341572907907 0.36594564108 0.0519042097943
v -0.34797707027 0.347640395465 0.0519042097943
v -0.347988709156 0.347613043529 0.0522432310635
v -0.347996439372 0.347596878341 0.0525830809472
v -0.341583994455 0.365949519752 0.053942480987
v -0.341572355569 0.365976871688 0.0536034597179
v -0.341564625352 0.365993036876 0.0532636098342
v -0.34147836976 0.366227556864 0.0525743562179
v -0.341490661126 0.366180273989 0.0518780781124
v -0.341502824079 0.366139462813 0.0515316374874
v -0.348070970099 0.347377609835 0.0522257922346
v -0.348078898527 0.347361030155 0.0525743562179
v -0.341589506411 0.365958195429 0.0553425241815
v -0.341561727504 0.3660316622 0.0550024277802
v -0.341490094626 0.366212305383 0.0536208985468
v -0.341482166198 0.366228885062 0.0532723345635
v 0.117055288738 0.23809367406 0.092958873647
v 0.117176041002 0.238304011497 0.0931849992239
v 0.11730045597 0.238521173861 0.0934025242724
v 0.117559663416 0.23897490706 0.0938107235027
v 0.117972020344 0.239699826613 0.0943522503184
v 0.118710743946 0.241006275999 0.0950520202972
v 0.118864600949 0.241279463323 0.095159966725
v 0.119176941909 0.241835100629 0.0953427213085
v 0.119335045326 0.242116873651 0.0954173068059
v 0.119494181032 0.242400826215 0.0954805720521
v 0.119654155145 0.242686612369 0.0955324399681
v 0.119975838193 0.243262290888 0.0956017450001
v 0.120137155207 0.243551481878 0.0956190976786
v 0.116852978229 0.237732118057 0.0928980706149
v 0.116972998104 0.237940723151 0.0931386909737
v 0.117096928059 0.238156595784 0.0933707672236
v 0.117224617104 0.238379472947 0.0935940166155
v 0.117355909671 0.238609083098 0.0938081671543
v 0.117628661333 0.239087375526 0.0942081394388
v 0.117913854226 0.239589142876 0.0945687354522
v 0.118060684121 0.239848069867 0.0947337106269
v 0.118210098919 0.240111940587 0.0948881984069
v 0.118515952137 0.240653221642 0.0951649719117
v 0.118672017922 0.240929972509 0.0952869204304
v 0.118989477368 0.241494009441 0.0954971983044
v 0.119150484253 0.241780608314 0.0955852714683
v 0.119476071774 0.242361221416 0.095726749863
v 0.116767610161 0.237573818299 0.0930717181888
v 0.116890707469 0.237787772243 0.0933185083003
v 0.117148778239 0.238237772032 0.0937855089585
v 0.117283437282 0.238473269624 0.0940051505369
v 0.117421628182 0.238715385927 0.0942151923589
v 0.118006282872 0.239744025284 0.0949544258933
v 0.118315239239 0.24029003932 0.0952603745559
v 0.118795246639 0.241141234625 0.0956354483824
v 0.119457962515 0.242321616616 0.095972927674
v 0.119626356319 0.242622444146 0.0960275254803
v 0.119795427494 0.242924835258 0.0960700595779
v 0.120134777436 0.243532833103 0.096118744123
v 0.116296061953 0.239376571899 0.0936300131465
v 0.116425164302 0.239607809159 0.0938295567159
v 0.1165574236 0.239845073935 0.0940197372282
v 0.11669267871 0.240088077155 0.0942003229778
v 0.116830764845 0.240336522759 0.0943710939487
v 0.116971513767 0.240590108053 0.0945318420829
v 0.117114753996 0.240848524082 0.0946823715335
v 0.117260311016 0.241111456008 0.0948224989035
v 0.117408007487 0.241378583486 0.0949520534693
v 0.117557663465 0.241649581065 0.0950708773887
v 0.117709096617 0.241924118574 0.095178825893
v 0.117862122444 0.242201861533 0.0952757674636
v 0.118016554509 0.242482471554 0.0953615839921
v 0.118172204659 0.242765606757 0.0954361709243
v 0.118328883259 0.243050922186 0.0954994373874
v 0.118486399421 0.243338070227 0.0955513063012
v 0.118644561234 0.243626701036 0.0955917144712
v 0.118803176004 0.243916462959 0.0956206126664
v 0.118962050482 0.244207002967 0.0956379656787
v 0.119120991104 0.244497967082 0.0956437523662
v 0.116224475666 0.239240294763 0.0938270003184
v 0.116356975446 0.239477617214 0.0940317950343
v 0.116492715252 0.2397211258 0.0942269802969
v 0.116631529707 0.239970523842 0.0944123183031
v 0.116773249687 0.240225507488 0.0945875832469
v 0.116917702528 0.240485766079 0.0947525615952
v 0.117064712237 0.24075098253 0.0949070523471
v 0.117214099705 0.241020833717 0.0950508672794
v 0.117365682925 0.241294990866 0.095183831176
v 0.117519277218 0.24157311996 0.0953057820406
v 0.117674695453 0.24185488214 0.095416571295
v 0.117831748276 0.242139934124 0.0955160639596
v 0.117990244342 0.242427928619 0.0956041388177
v 0.118149990549 0.242718514749 0.0956806885639
v 0.11831079227 0.243011338479 0.095745619934
v 0.118472453594 0.243306043048 0.0957988538192
v 0.11863477756 0.243602269404 0.0958403253621
v 0.118797566403 0.243899656641 0.0958699840361
v 0.118960621788 0.244197842439 0.0958877937067
v 0.119123745058 0.244496463503 0.0958937326754
v 0.11615288938 0.239104017627 0.0940239874902
v 0.116288786589 0.239347425269 0.0942340333527
v 0.116428006903 0.239597177665 0.0944342233656
v 0.116570380704 0.239852970529 0.0946243136284
v 0.116715734529 0.240114492217 0.0948040725451
v 0.11686389129 0.240381424105 0.0949732811074
v 0.117014670478 0.240653440979 0.0951317331607
v 0.117167888394 0.240930211426 0.0952792356554
v 0.117323358364 0.241211398246 0.0954156088826
v 0.117480890972 0.241496658854 0.0955406866925
v 0.117640294289 0.241785645706 0.095654316697
v 0.117801374108 0.242078006716 0.0957563604555
v 0.117963934176 0.242373385685 0.0958466936434
v 0.118127776439 0.242671422741 0.0959252062036
v 0.118292701282 0.242971754771 0.0959918024806
v 0.118458507767 0.243274015868 0.0960464013372
v 0.118624993887 0.243577837772 0.096088936253
v 0.118791956802 0.243882850322 0.0961193554058
v 0.118959193094 0.24418868191 0.0961376217346
v 0.119126499013 0.244494959925 0.0961437129846
v 0.115290324615 0.239920702293 0.093645305727
v 0.115408330962 0.240157783341 0.0938448622396
v 0.11552930029 0.240400988656 0.0940350550879
v 0.115653085216 0.24065002193 0.094215652551
v 0.115779534929 0.240904579753 0.0943864345989
v 0.115908495367 0.241164351987 0.0945471931599
v 0.116039809413 0.241429022139 0.0946977323745
v 0.11617331708 0.241698267749 0.0948378688338
v 0.116308855711 0.241971760783 0.0949674318031
v 0.116446260172 0.242249168031 0.09508626343
v 0.116585363057 0.242530151517 0.0951942189363
v 0.116725994891 0.242814368904 0.0952911667949
v 0.116867984336 0.243101473917 0.0953769888898
v 0.117011158398 0.243391116764 0.0954515806601
v 0.117155342644 0.243682944559 0.095514851227
v 0.117300361405 0.243976601754 0.0955667235052
v 0.117446038 0.244271730575 0.0956071342963
v 0.117592194944 0.244567971451 0.0956360343659
v 0.117738654167 0.244864963459 0.0956533885038
v 0.117885237231 0.245162344761 0.0956591755667
v 0.118031765547 0.245459753041 0.0956533885038
v 0.115223219971 0.239782181584 0.0938423056763
v 0.115344331748 0.240025501607 0.0940471136761
v 0.11546848448 0.240275107062 0.0942423115993
v 0.115595526904 0.240530693843 0.0944276616273
v 0.11572530424 0.240791950557 0.0946029379396
v 0.115857658374 0.241058558902 0.094767926989
v 0.115992428053 0.241330194058 0.0949224277619
v 0.11612944908 0.241606525079 0.0950662520228
v 0.116268554517 0.241887215298 0.0951992245439
v 0.116409574885 0.242171922737 0.0953211833188
v 0.116552338372 0.242460300524 0.0954319797595
v 0.116696671044 0.242751997316 0.0955314788776
v 0.116842397053 0.243046657725 0.0956195594487
v 0.116989338854 0.243343922752 0.0956961141602
v 0.117137317421 0.243643430225 0.0957610497421
v 0.117286152466 0.243944815242 0.0958142870802
v 0.117435662656 0.24424771061 0.0958557613132
v 0.117585665835 0.244551747299 0.095885421911
v 0.117735979248 0.244856554887 0.0959032327367
v 0.117886419761 0.245161762012 0.0959091720907
v 0.118036804086 0.245466996826 0.0959032327367
v 0.115156115327 0.239643660876 0.0940393056255
v 0.115280332534 0.239893219874 0.0942493651125
v 0.115407668669 0.240149225468 0.0944495681107
v 0.115537968592 0.240411365756 0.0946396707035
v 0.115671073552 0.24067932136 0.0948194412803
v 0.115806821381 0.240952765817 0.0949886608182
v 0.115945046693 0.241231365977 0.0951471231493
v 0.11608558108 0.241514782408 0.0952946352117
v 0.116228253323 0.241802669812 0.0954310172847
v 0.116372889598 0.242094677442 0.0955561032077
v 0.116519313687 0.242390449532 0.0956697405827
v 0.116667347197 0.242689625729 0.0957717909603
v 0.11681680977 0.242991841533 0.0958621300075
v 0.116967519309 0.24329672874 0.0959406476604
v 0.117119292199 0.243603915892 0.0960072482572
v 0.117271943527 0.24391302873 0.0960618506553
v 0.117425287311 0.244223690646 0.0961043883301
v 0.117579136726 0.244535523148 0.096134809456
v 0.117733304329 0.244848146314 0.0961530769696
v 0.117887602291 0.245161179263 0.0961591686147
v 0.118041842624 0.245474240611 0.0961530769696
v 0.11421195551 0.240405787847 0.0936446661186
v 0.114320895172 0.240647167167 0.093844225375
v 0.114432640784 0.240894744079 0.0940344208383
v 0.114547056202 0.241148216947 0.0942150207846
v 0.114664002027 0.241407276953 0.0943858051806
v 0.114783335779 0.241671608475 0.0945465659519
v 0.114904912068 0.241940889463 0.0946971072363
v 0.115028582773 0.242214791841 0.0948372456224
v 0.115154197219 0.2424929819 0.0949668103731
v 0.115281602366 0.24277512071 0.0950856436338
v 0.115410642988 0.243060864527 0.0951936006244
v 0.115541161871 0.243349865216 0.095290549816
v 0.115672999997 0.243641770676 0.095376373091
v 0.115805996741 0.243936225263 0.0954509658868
v 0.115939990068 0.24423287023 0.0955142373236
v 0.116074816727 0.244531344162 0.095566110315
v 0.116210312453 0.244831283413 0.0956065216617
v 0.116346312165 0.245132322554 0.0956354221287
v 0.116482650168 0.245434094815 0.0956527765053
v 0.116619160356 0.245736232533 0.0956585636477
v 0.11414848127 0.240265570253 0.0938416687765
v 0.114260287765 0.240513301661 0.0940464795923
v 0.114374974051 0.240767393754 0.0942416801994
v 0.114492400401 0.241027536961 0.0944270327758
v 0.114612423747 0.241293414336 0.094602311498
v 0.114734897861 0.24156470195 0.094767302816
v 0.114859673527 0.24184106928 0.0949218057131
v 0.114986598724 0.242122179615 0.0950656319515
v 0.115115518814 0.242407690466 0.0951986063009
v 0.115246276727 0.242697253981 0.0953205667526
v 0.115378713155 0.242990517372 0.0954313647167
v 0.115512666746 0.243287123343 0.0955308652028
v 0.115647974296 0.243586710525 0.095618946985
v 0.115784470954 0.243888913917 0.0956955027491
v 0.115921990421 0.244193365331 0.0957604392238
v 0.11606036515 0.244499693839 0.0958136772939
v 0.116199426553 0.244807526229 0.0958551520971
v 0.116339005205 0.245116487452 0.0958848131027
v 0.11647893105 0.245426201089 0.0959026241734
v 0.116619033612 0.245736289799 0.095908563609
v 0.11408500703 0.24012535266 0.0940386714344
v 0.114199680358 0.240379436155 0.0942487338096
v 0.114317307318 0.24064004343 0.0944489395604
v 0.1144377446 0.240906856975 0.094639044767
v 0.114560845468 0.241179551719 0.0948188178155
v 0.114686459944 0.241457795425 0.09498803968
v 0.114814434985 0.241741249097 0.0951465041899
v 0.114944614675 0.24202956739 0.0952940182805
v 0.115076840408 0.242322399031 0.0954304022287
v 0.115210951088 0.242619387252 0.0955554898715
v 0.115346783322 0.242920170217 0.095669128809
v 0.11548417162 0.243224381469 0.0957711805896
v 0.115622948595 0.243531650374 0.095861520879
v 0.115762945167 0.243841602571 0.0959400396115
v 0.115903990775 0.244153860431 0.0960066411239
v 0.116045913574 0.244468043517 0.0960612442728
v 0.116188540653 0.244783769045 0.0961037825325
v 0.116331698245 0.245100652351 0.0961342040767
v 0.116475211933 0.245418307363 0.0961524718414
v 0.116618906867 0.245736347066 0.0961585635703
v 0.113110754384 0.241193932977 0.0938434786925
v 0.113221878878 0.241441789376 0.0940336740531
v 0.1133356664 0.241695544805 0.0942142739019
v 0.113451978318 0.241954890101 0.0943850582058
v 0.113570672923 0.242219509291 0.0945458188904
v 0.113691605604 0.242489079979 0.0946963600936
v 0.113814629024 0.242763273734 0.0948364984041
v 0.113939593297 0.243041756493 0.0949660630849
v 0.114066346174 0.243324188968 0.0950848962815
v 0.114194733225 0.243610227058 0.0951928532138
v 0.114324598031 0.243899522269 0.0952898023531
v 0.114455782372 0.244191722141 0.0953756255818
v 0.11458812642 0.244486470673 0.0954502183373
v 0.114721468934 0.244783408758 0.09551348974
v 0.114855647456 0.245082174625 0.0955653627034
v 0.114990498511 0.245382404272 0.0956057740283
v 0.115125857803 0.245683731915 0.0956346744797
v 0.115261560419 0.245985790435 0.0956520288469
v 0.115397441025 0.246288211818 0.0956578159862
v 0.115533334071 0.246590627611 0.0956520288469
v 0.113050309705 0.24105999375 0.0940457328006
v 0.113164358528 0.241314372686 0.0942409333024
v 0.113281140459 0.241574805889 0.0944262857788
v 0.113400513216 0.241840976061 0.0946015644065
v 0.113522331363 0.242112558915 0.0947665556354
v 0.113646446484 0.242389223568 0.0949210584492
v 0.113772707362 0.242670632948 0.0950648846099
v 0.113900960168 0.242956444201 0.0951978588876
v 0.114031048647 0.243246309109 0.0953198192735
v 0.114162814305 0.243539874517 0.0954306171778
v 0.114296096606 0.243836782761 0.0955301176103
v 0.114430733167 0.244136672103 0.0956181993449
v 0.114566559952 0.244439177175 0.0956947550677
v 0.11470341148 0.244743929421 0.0957596915074
v 0.114841121016 0.245050557546 0.0958129295488
v 0.114979520783 0.245358687974 0.0958544043296
v 0.115118442162 0.245667945292 0.0958840653192
v 0.115257715899 0.24597795272 0.0959018763802
v 0.11539717231 0.246288332561 0.0959078158126
v 0.115536641489 0.246598706664 0.0959018763802
v 0.112989865026 0.240926054523 0.0942479869088
v 0.113106838178 0.241186955996 0.0944481925516
v 0.113226614517 0.241454066974 0.0946382976556
v 0.113349048114 0.241727062022 0.0948180706071
v 0.113473989804 0.242005608538 0.0949872923803
v 0.113601287363 0.242289367157 0.0951457568047
v 0.113730785699 0.242577992162 0.0952932708157
v 0.113862327039 0.242871131909 0.0954296546903
v 0.11399575112 0.24316842925 0.0955547422656
v 0.114130895385 0.243469521976 0.0956683811418
v 0.114267595181 0.243774043252 0.0957704328674
v 0.114405683961 0.244081622064 0.0958607731081
v 0.114544993485 0.244391883677 0.0959392917981
v 0.114685354026 0.244704450083 0.0960058932747
v 0.114826594575 0.245018940468 0.0960604963941
v 0.114968543054 0.245334971675 0.0961030346308
v 0.11511102652 0.245652158669 0.0961334561586
v 0.115253871378 0.245970115005 0.0961517239135
v 0.115396903595 0.246288453303 0.0961578156391
v 0.115539948907 0.246606785717 0.0961517239135
v 0.112020879611 0.241978354037 0.0940312376115
v 0.112132680744 0.242232991428 0.0942118366944
v 0.112246987292 0.242493227292 0.0943826202739
v 0.11236365999 0.242758744572 0.0945433802766
v 0.11248255669 0.243029219777 0.0946939208413
v 0.112603532534 0.243304323373 0.0948340585574
v 0.112726440132 0.24358372019 0.0949636226887
v 0.11285112974 0.243867069825 0.0950824553813
v 0.112977449444 0.244154027061 0.0951904118558
v 0.113105245342 0.244444242284 0.0952873605839
v 0.113234361734 0.244737361912 0.0953731834485
v 0.113364641311 0.245033028824 0.0954477758877
v 0.11349592535 0.245330882795 0.095511047022
v 0.113628053899 0.245630560935 0.0955629197654
v 0.113760865981 0.245931698134 0.0956033309189
v 0.113894199784 0.246233927502 0.0956322312478
v 0.114027892863 0.246536880819 0.0956495855413
v 0.114161782332 0.246840188984 0.0956553726561
v 0.114295705068 0.247143482461 0.0956495855413
v 0.114429497906 0.247446391734 0.0956322312478
v 0.111963821516 0.241850728249 0.0942384959817
v 0.112078564784 0.242112066624 0.094423847672
v 0.112195879399 0.2423791508 0.0945991255562
v 0.112315622431 0.242651655378 0.0947641160854
v 0.112437647991 0.242929248351 0.0949186182439
v 0.11256180741 0.243211591515 0.0950624437946
v 0.112687949419 0.24349834088 0.0951954175083
v 0.112815920333 0.243789147084 0.095317377377
v 0.112945564239 0.244083655826 0.0954281748113
v 0.113076723187 0.244381508292 0.0955276748217
v 0.113209237378 0.244682341595 0.0956157561828
v 0.113342945366 0.244985789214 0.0956923115809
v 0.113477684248 0.245291481448 0.0957572477451
v 0.113613289864 0.245599045855 0.0958104855607
v 0.113749597001 0.245908107717 0.0958519601656
v 0.113886439589 0.24621829049 0.0958816210294
v 0.114023650906 0.246529216263 0.0958994320149
v 0.114161063782 0.24684050622 0.0959053714222
v 0.1142985108 0.247151781105 0.0958994320149
v 0.114435824503 0.247462661675 0.0958816210294
v 0.111906763421 0.241723102461 0.0944457543519
v 0.112024448824 0.24199114182 0.0946358586496
v 0.112144771506 0.242265074308 0.0948156308386
v 0.112267584872 0.242544566183 0.0949848518941
v 0.112392739293 0.242829276924 0.0951433156464
v 0.112520082287 0.243118859657 0.0952908290318
v 0.112649458706 0.24341296157 0.0954272123279
v 0.112780710925 0.243711224343 0.0955522993727
v 0.112913679034 0.244013284592 0.0956659377669
v 0.113048201032 0.2443187743 0.0957679890596
v 0.113184113023 0.244627321277 0.0958583289171
v 0.113321249421 0.244938549605 0.0959368472741
v 0.113459443146 0.245252080101 0.0960034484682
v 0.113598525829 0.245567530775 0.096058051356
v 0.113738328021 0.2458845173 0.0961005894123
v 0.113878679393 0.246202653477 0.0961310108111
v 0.114019408949 0.246521551706 0.0961492784885
v 0.114160345232 0.246840823457 0.0961553701882
v 0.114301316533 0.247160079749 0.0961492784885
v 0.1144421511 0.247478931616 0.0961310108111
v 0.110809490693 0.242506544111 0.0940252135748
v 0.110919930948 0.242761775336 0.0942058117341
v 0.111032863646 0.243022610909 0.0943765944403
v 0.111148151196 0.243288733042 0.0945373536209
v 0.111265653138 0.243559817506 0.0946878934157
v 0.111385226315 0.243835534027 0.0948280304152
v 0.111506725043 0.244115546687 0.0949575938839
v 0.111630001297 0.244399514333 0.0950764259688
v 0.111754904883 0.244687090994 0.0951843818912
v 0.111881283625 0.244977926303 0.0952813301235
v 0.11200898355 0.245271665921 0.0953671525493
v 0.112137849075 0.245567951973 0.095441744607
v 0.112267723198 0.245866423478 0.0955050154178
v 0.112398447687 0.246166716797 0.0955568878959
v 0.112529863274 0.246468466067 0.0955972988428
v 0.11266180985 0.246771303653 0.0956261990238
v 0.112794126659 0.247074860595 0.0956435532286
v 0.112926652491 0.247378767055 0.0956493403138
v 0.110752748585 0.242378775803 0.0942324708851
v 0.110866095162 0.242640723639 0.0944178216275
v 0.110981999773 0.242908423306 0.0945930986154
v 0.111100321207 0.243181548653 0.0947580883009
v 0.111220915305 0.243459766919 0.0949125896692
v 0.111343635144 0.243742739138 0.0950564144844
v 0.111468331208 0.244030120552 0.0951893875181
v 0.111594851574 0.24432156103 0.0953113467631
v 0.111723042096 0.244616705499 0.0954221436309
v 0.111852746594 0.244915194368 0.0955216431325
v 0.111983807043 0.245216663977 0.0956097240431
v 0.112116063767 0.24552074703 0.0956862790497
v 0.11224935563 0.245827073049 0.0957512148819
v 0.112383520237 0.246135268823 0.0958044524252
v 0.112518394129 0.246444958863 0.095845926818
v 0.112653812983 0.246755765859 0.0958755875301
v 0.112789611813 0.247067311142 0.0958933984246
v 0.112925625167 0.24737921514 0.0958993378014
v 0.110696006477 0.242251007495 0.0944397281954
v 0.110812259377 0.242519671942 0.094629831521
v 0.110931135901 0.242794235703 0.0948096027906
v 0.111052491217 0.243074364264 0.0949788229808
v 0.111176177472 0.243359716332 0.0951372859227
v 0.111302043973 0.243649944249 0.0952847985537
v 0.111429937372 0.243944694417 0.0954211811524
v 0.11155970185 0.244243607728 0.0955462675575
v 0.111691179309 0.244546320003 0.0956599053706
v 0.111824209563 0.244852462434 0.0957619561414
v 0.111958630537 0.245161662032 0.0958522955369
v 0.112094278458 0.245473542086 0.0959308134925
v 0.112230988061 0.245787722619 0.0959974143459
v 0.112368592787 0.246103820849 0.0960520169545
v 0.112506924984 0.246421451659 0.0960945547933
v 0.112645816116 0.246740228066 0.0961249760365
v 0.112785096967 0.247059761689 0.0961432436205
v 0.112924597844 0.247379663225 0.0961493352891
v 0.10960221364 0.243032333139 0.0940188036888
v 0.109708054908 0.243289512421 0.0941993920767
v 0.109816374584 0.243552303202 0.0943701655425
v 0.109927040695 0.243820385311 0.0945309160252
v 0.110039918414 0.244093432131 0.0946814476749
v 0.110154870216 0.244371110997 0.0948215770922
v 0.110271756049 0.244653083601 0.0949511335508
v 0.110390433507 0.244939006401 0.0950699592061
v 0.110510757999 0.245228531045 0.0951779092875
v 0.110632582929 0.245521304792 0.0952748522744
v 0.110755759871 0.245816970942 0.0953606700566
v 0.110880138753 0.246115169271 0.0954352580785
v 0.111005568039 0.246415536472 0.095498525466
v 0.111131894913 0.246717706591 0.0955503951375
v 0.111258965464 0.247021311483 0.0955908038979
v 0.111386624877 0.24732598125 0.0956197025153
v 0.111514717619 0.247631344701 0.0956370557811
v 0.111643087627 0.247937029795 0.0956428425532
v 0.109545895727 0.242904359126 0.0942260497853
v 0.109654522291 0.243168306284 0.0944113904992
v 0.109765692484 0.243438012611 0.0945866580036
v 0.109879270862 0.243713149512 0.0947516387621
v 0.109995119047 0.243993381775 0.094906131771
v 0.110113095896 0.24427836798 0.0950499488045
v 0.110233057673 0.244567760915 0.0951829146436
v 0.110354858221 0.244861208 0.0953048672899
v 0.110478349148 0.245158351713 0.0954156581629
v 0.110603379996 0.245458830033 0.095515152281
v 0.110729798437 0.245762276871 0.095603228426
v 0.110857450447 0.246068322525 0.0956797792905
v 0.110986180504 0.246376594125 0.0957447116092
v 0.111115831769 0.24668671609 0.0957979462721
v 0.111246246282 0.246998310584 0.0958394184209
v 0.111377265154 0.247310997977 0.0958690775282
v 0.111508728757 0.247624397307 0.095886887459
v 0.111640476924 0.247938126747 0.0958928265145
v 0.109489577813 0.242776385112 0.0944332958818
v 0.109600989674 0.243047100146 0.0946233889216
v 0.109715010384 0.243323722021 0.0948031504646
v 0.109831501028 0.243605913714 0.094972361499
v 0.10995031968 0.24389333142 0.0951308158672
v 0.110071321576 0.244185624963 0.0952783205169
v 0.110194359296 0.24448243823 0.0954146957365
v 0.110319282936 0.244783409599 0.0955397753737
v 0.110445940296 0.245088172382 0.0956534070383
v 0.110574177064 0.245396355273 0.0957554522876
v 0.110703837002 0.2457075828 0.0958457867953
v 0.110834762142 0.246021475778 0.0959243005025
v 0.110966792969 0.246337651778 0.0959908977525
v 0.111099768626 0.246655725589 0.0960454974067
v 0.111233527101 0.246975309685 0.096088032944
v 0.11136790543 0.247296014703 0.0961184525412
v 0.111502739895 0.247617449914 0.0961367191368
v 0.11163786622 0.247939223698 0.0961428104758
v 0.108292949068 0.243265850832 0.0938030748617
v 0.108389249116 0.243519867694 0.093993226005
v 0.108488127364 0.243779824755 0.0941737838674
v 0.108589463344 0.244045405297 0.0943445284667
v 0.108693133594 0.24431628575 0.094505251777
v 0.108799011807 0.244592136089 0.0946557579818
v 0.108906968987 0.244872620232 0.0947958637124
v 0.109016873605 0.245157396453 0.0949253982716
v 0.109128591759 0.245446117796 0.0950442038414
v 0.109241987337 0.245738432497 0.0951521356755
v 0.109356922185 0.246033984418 0.0952490622757
v 0.109473256273 0.246332413473 0.0953348655519
v 0.109590847864 0.246633356073 0.0954094409658
v 0.109709553693 0.246936445565 0.095472697659
v 0.109829229133 0.247241312681 0.0955245585628
v 0.109949728379 0.247547585989 0.0955649604927
v 0.110070904622 0.24785489234 0.0955938542252
v 0.110192610226 0.24816285733 0.0956112045578
v 0.110314696912 0.24847110575 0.0956169903517
v 0.108234726763 0.243130860251 0.0940052819491
v 0.108333561023 0.243391561767 0.0942004370699
v 0.108435041331 0.243658359803 0.0943857464549
v 0.108539044047 0.243930929307 0.0945609843332
v 0.108645442461 0.244208938193 0.0947259372043
v 0.108754106943 0.244492047751 0.0948804040987
v 0.108864905101 0.244779913056 0.0950241968222
v 0.108977701946 0.245072183388 0.0951571401855
v 0.109092360051 0.245368502661 0.0952790722177
v 0.109208739724 0.245668509855 0.0953898443633
v 0.109326699173 0.245971839458 0.0954893216635
v 0.109446094684 0.246278121909 0.0955773829206
v 0.109566780791 0.246586984051 0.0956539208454
v 0.109688610457 0.246898049582 0.0957188421884
v 0.109811435251 0.247210939517 0.0957720678528
v 0.10993510553 0.247525272648 0.0958135329914
v 0.110059470621 0.247840666009 0.0958431870853
v 0.110184379005 0.248156735341 0.0958609940056
v 0.110309678498 0.248473095562 0.0958669320572
v 0.108277872931 0.24326325584 0.0944076481347
v 0.108381955297 0.243536894852 0.0945977090424
v 0.10848862475 0.243816453316 0.0947774401996
v 0.108597751328 0.244101590636 0.0949466226316
v 0.108709202079 0.244391959413 0.0951050502156
v 0.108822841215 0.24468720588 0.095252529932
v 0.108938530287 0.244986970323 0.0953888820995
v 0.109056128344 0.245290887526 0.095513940594
v 0.109175492111 0.245598587212 0.095627553051
v 0.109296476161 0.245909694497 0.0957295810513
v 0.109418933096 0.246223830344 0.0958199002893
v 0.109542713718 0.246540612028 0.095898400725
v 0.109667667222 0.246859653599 0.0959649867178
v 0.109793641369 0.247180566353 0.0960195771429
v 0.109920482681 0.247502959308 0.0960621054902
v 0.110048036621 0.247826439678 0.0960925199454
v 0.110176147783 0.248150613351 0.0961107834534
v 0.110304660084 0.248475085373 0.0961168737628
v 0.107153521525 0.243998817737 0.0939592087493
v 0.107349053516 0.244526134 0.0943104831823
v 0.107553903924 0.245074656455 0.0946216878659
v 0.107767074737 0.245641712756 0.0948913066424
v 0.107987527409 0.24622454026 0.0951180259561
v 0.108329502062 0.247122123557 0.0953753107173
v 0.108563395838 0.247731822403 0.0954904191296
v 0.108920254964 0.248655912831 0.0955770582115
v 0.109040234098 0.248964987678 0.0955828435438
v 0.107001597147 0.243608788308 0.0939712637315
v 0.107098042091 0.243870394772 0.0941664032818
v 0.107197123167 0.244138103316 0.0943516978819
v 0.107508960869 0.244974545035 0.0948463160594
v 0.107840002386 0.245853763579 0.0952449523706
v 0.108186620757 0.246766126046 0.0955432392728
v 0.108424483888 0.247387856328 0.0956846872542
v 0.108666426047 0.248016850779 0.0957793705024
v 0.108788559032 0.248333115418 0.0958090222303
v 0.108911268516 0.248650045 0.0958268277298
v 0.109034404995 0.248967253394 0.0958327653077
v 0.106943644766 0.243473657484 0.0941734546858
v 0.107042562657 0.243741971806 0.0943735978143
v 0.107144184274 0.244016544672 0.094563643558
v 0.107248385806 0.244297041556 0.0947433603753
v 0.1073550403 0.244583120718 0.094912529309
v 0.107575185576 0.245170625324 0.0952184122026
v 0.107688408144 0.245471334983 0.0953547534913
v 0.107803547575 0.245776196224 0.095479802008
v 0.108039013741 0.246396883138 0.0956954252603
v 0.108526640882 0.247671450401 0.0959853982146
v 0.108651161587 0.247994747198 0.0960279231687
v 0.108776426187 0.248319121187 0.0960583351974
v 0.211460362381 -0.159737455916 -0.0957935026739
v 0.210961021412 -0.159301781691 -0.0957703619312
v 0.210463863303 -0.158868516255 -0.0957010524424
v 0.210216860469 -0.158653447206 -0.095649181191
v 0.209727511545 -0.158227746269 -0.0955113215826
v 0.209485761653 -0.158017633032 -0.0954255011864
v 0.209009583324 -0.157604160663 -0.0952206018773
v 0.208775735037 -0.157401305283 -0.0951017726026
v 0.208545095066 -0.157201367722 -0.0949722121978
v 0.208317944411 -0.157004591572 -0.0948320785123
v 0.20809455982 -0.156811216575 -0.0946815422775
v 0.207875213452 -0.156621478329 -0.0945207868985
v 0.2074496991 -0.156253832043 -0.0941694143426
v 0.207043474419 -0.15590344385 -0.0937796726963
v 0.206848218107 -0.155735258508 -0.0935709997786
v 0.206658518494 -0.155572020806 -0.0933534607417
v 0.2064746067 -0.155413929624 -0.0931273206235
v 0.206296706792 -0.155261177572 -0.0928928549408
v 0.206125035515 -0.155113950753 -0.0926503493539
v 0.211718012839 -0.159959726004 -0.0960375550132
v 0.211205347243 -0.159512167147 -0.0960375550132
v 0.210949230586 -0.159288770508 -0.0960197445399
v 0.210693674177 -0.159065992101 -0.0959900845292
v 0.21043898937 -0.158844103349 -0.0959486111172
v 0.210185486461 -0.158623374588 -0.0958953748328
v 0.209435148203 -0.157970828463 -0.0956658085124
v 0.209189441394 -0.157757409872 -0.0955663113638
v 0.208946438865 -0.157546475242 -0.0954555171162
v 0.208469727231 -0.157133082486 -0.0952005908662
v 0.208007335794 -0.156732664204 -0.0949022717374
v 0.207782217154 -0.156537932846 -0.0947372859537
v 0.207561517278 -0.156347171193 -0.0945620131108
v 0.207345505056 -0.156160611658 -0.0943766667516
v 0.206928590252 -0.155801002723 -0.0939766687462
v 0.206728195616 -0.155628391452 -0.0937625044359
v 0.206533503908 -0.155460858021 -0.0935392406876
v 0.211725934379 -0.159963918807 -0.0962873943007
v 0.211463061834 -0.159734363772 -0.0962934858252
v 0.211200123511 -0.159504884082 -0.0962873943007
v 0.210937439761 -0.159275759324 -0.0962691271487
v 0.210675330623 -0.159047268651 -0.0962387066249
v 0.210414115437 -0.158819690444 -0.0961961697921
v 0.209639008323 -0.158145195722 -0.0959964530976
v 0.209132527769 -0.157705133032 -0.0958040674809
v 0.208883294405 -0.157488789821 -0.0956904323551
v 0.208637138314 -0.157275257842 -0.095565348908
v 0.207920111769 -0.156654111833 -0.0951230011974
v 0.207689220856 -0.156454387364 -0.094953785009
v 0.207462862009 -0.156258734386 -0.0947740179906
v 0.207241311012 -0.156067391273 -0.0945839191606
v 0.207024837791 -0.155880591148 -0.0943837201252
v 0.206813706084 -0.155698561597 -0.0941736647961
v 0.206608173124 -0.155521524395 -0.0939540090933
v 0.206408489321 -0.155349695235 -0.0937250206335
v 0.206214897959 -0.155183283464 -0.0934869784037
v 0.206027634898 -0.15502249183 -0.0932401724219
v 0.2056729983 -0.154718545484 -0.0927214822933
v 0.212676381481 -0.158847460564 -0.0957756423532
v 0.212423251695 -0.158633340166 -0.0957814294214
v 0.21217008383 -0.158419264795 -0.0957756423532
v 0.21191718633 -0.158205495267 -0.0957582881992
v 0.211664867313 -0.157992292028 -0.0957293881029
v 0.21141343419 -0.157779914833 -0.0956889772744
v 0.211163193295 -0.157568622431 -0.0956371049482
v 0.210914449506 -0.15735867225 -0.0955738343228
v 0.210667505881 -0.157150320081 -0.0954992424836
v 0.210422663281 -0.156943819769 -0.0954134203093
v 0.210180220009 -0.156739422904 -0.095316472361
v 0.209940471447 -0.156537378511 -0.0952085167548
v 0.209703709689 -0.15633793275 -0.0950896850181
v 0.209470223194 -0.156141328615 -0.0949601219289
v 0.20924029643 -0.155947805638 -0.09481998534
v 0.209014209526 -0.155757599598 -0.0946694459862
v 0.208792237935 -0.15557094223 -0.0945086872765
v 0.208574652095 -0.155388060948 -0.0943379050706
v 0.2083617171 -0.155209178564 -0.0941573074404
v 0.20815369238 -0.15503451302 -0.0939671144163
v 0.207950831379 -0.154864277118 -0.0937675577191
v 0.207753381254 -0.154698678265 -0.0935588804779
v 0.207561582567 -0.154537918217 -0.0933413369338
v 0.207375668994 -0.154382192836 -0.0931151921302
v 0.207195867044 -0.154231691849 -0.0928807215896
v 0.212683865306 -0.158852122771 -0.0960254868172
v 0.21242407421 -0.158632367626 -0.0960314261767
v 0.212164244033 -0.158412658692 -0.0960254868172
v 0.211904691336 -0.158193263651 -0.096007675975
v 0.211645732344 -0.1579744498 -0.0959780153497
v 0.211387682561 -0.157756483732 -0.0959365410784
v 0.211130856378 -0.157539631004 -0.095883303691
v 0.210875566701 -0.157324155817 -0.0958183680491
v 0.210622124558 -0.157110320697 -0.0957418132668
v 0.210370838732 -0.156898386166 -0.0956537326142
v 0.210122015375 -0.156688610436 -0.0955542334041
v 0.209875957639 -0.156481249085 -0.0954434368609
v 0.209632965309 -0.156276554752 -0.0953214779732
v 0.209393334433 -0.156074776824 -0.0951885053291
v 0.209157356965 -0.155876161137 -0.0950446809352
v 0.208925320405 -0.155680949674 -0.0948901800195
v 0.208697507457 -0.15548938027 -0.0947251908174
v 0.208474195673 -0.155301686323 -0.094549914343
v 0.208255657126 -0.155118096508 -0.0943645641436
v 0.208042158071 -0.154938834503 -0.0941693660398
v 0.207833958623 -0.154764118709 -0.0939645578506
v 0.207631312442 -0.154594161991 -0.093750389103
v 0.207434466421 -0.154429171416 -0.0935271207289
v 0.207243660386 -0.154269347998 -0.0932950247462
v 0.207059126805 -0.154114886458 -0.0930543839282
v 0.212691349131 -0.158856784979 -0.0962753312812
v 0.212424896725 -0.158631395087 -0.0962814229319
v 0.212158404235 -0.15840605259 -0.0962753312812
v 0.211892196341 -0.158181032034 -0.0962570637507
v 0.211626597376 -0.157956607572 -0.0962266425966
v 0.211361930931 -0.15773305263 -0.0961841048824
v 0.211098519462 -0.157510639576 -0.0961295024338
v 0.210836683895 -0.157289639385 -0.0960629017755
v 0.210576743236 -0.157070321312 -0.09598438405
v 0.210319014184 -0.156852952563 -0.0958940449191
v 0.21006381074 -0.156637797968 -0.0957919944472
v 0.209811443832 -0.15642511966 -0.0956783569671
v 0.20956222093 -0.156215176753 -0.0955532709284
v 0.209316445672 -0.156008225033 -0.0954168887293
v 0.209074417499 -0.155804516636 -0.0952693765304
v 0.208836431284 -0.155604299751 -0.0951109140527
v 0.208602776978 -0.155407818311 -0.0949416943583
v 0.208373739251 -0.155215311698 -0.0947619236153
v 0.208149597152 -0.155027014453 -0.0945718208467
v 0.207930623762 -0.154843155985 -0.0943716176634
v 0.207717085867 -0.154663960299 -0.0941615579821
v 0.20750924363 -0.154489645717 -0.0939418977282
v 0.207307350275 -0.154320424614 -0.0937129045239
v 0.207111651777 -0.15415650316 -0.0934748573622
v 0.206922386566 -0.153998081068 -0.0932280462668
v 0.213333041386 -0.157521757502 -0.0957785942077
v 0.213073206756 -0.157315824995 -0.095772807067
v 0.21281369555 -0.157110134736 -0.0957554526957
v 0.212554823942 -0.156904937325 -0.0957265522374
v 0.212296907328 -0.156700482765 -0.0956861409028
v 0.212040259938 -0.156497020152 -0.0956342679269
v 0.211785194459 -0.156294797374 -0.0955709965091
v 0.211532021648 -0.156094060808 -0.0954964037356
v 0.211281049958 -0.15589505502 -0.0954105804864
v 0.211032585158 -0.155698022469 -0.0953136313239
v 0.210786929965 -0.155503203208 -0.0952056743657
v 0.210544383672 -0.155310834595 -0.0950868411406
v 0.210305241784 -0.155121151001 -0.0949572764287
v 0.210069795658 -0.154934383527 -0.0948171380847
v 0.20983833215 -0.154750759719 -0.0946665968454
v 0.209611133262 -0.154570503295 -0.0945058361223
v 0.209388475801 -0.15439383387 -0.0943350517775
v 0.209170631041 -0.154220966688 -0.0941544518854
v 0.208957864392 -0.154052112362 -0.0939642564792
v 0.208750435077 -0.153887476614 -0.0937646972826
v 0.208548595818 -0.153727260027 -0.0935560174278
v 0.208352592524 -0.153571657801 -0.0933384711592
v 0.208162663994 -0.153420859514 -0.0931123235232
v 0.213332893315 -0.157521944335 -0.096028594094
v 0.213066220932 -0.157310592552 -0.0960226546602
v 0.212799880484 -0.157099489391 -0.0960048435949
v 0.212534196466 -0.156888892049 -0.0959751825982
v 0.212269492572 -0.156679057106 -0.0959337078074
v 0.212006091304 -0.156470240213 -0.0958804697533
v 0.211744313575 -0.156262695783 -0.0958155332981
v 0.211484478322 -0.156056676676 -0.0957389775569
v 0.211226902113 -0.155852433894 -0.0956508958012
v 0.210971898766 -0.155650216275 -0.0955513953449
v 0.210719778962 -0.155450270192 -0.095440597414
v 0.210470849872 -0.155252839247 -0.0953186369989
v 0.210225414776 -0.15505816398 -0.0951856626893
v 0.2099837727 -0.154866481571 -0.0950418364941
v 0.209746218047 -0.154678025558 -0.0948873336433
v 0.209513040241 -0.154493025544 -0.0947223423748
v 0.209284523373 -0.154311706924 -0.0945470637051
v 0.209060945856 -0.154134290606 -0.0943617111843
v 0.208842580085 -0.153960992745 -0.0941665106358
v 0.208629692104 -0.153792024477 -0.0939616998814
v 0.208422541285 -0.153627591664 -0.0937475284515
v 0.20822138001 -0.153467894643 -0.0935242572811
v 0.208026453361 -0.153313127979 -0.0932921583915
v 0.213332745245 -0.157522131169 -0.0962785939804
v 0.213059235109 -0.157305360109 -0.0962725022533
v 0.212786065418 -0.157088844047 -0.0962542344941
v 0.212513568989 -0.156872846773 -0.096223812959
v 0.212242077816 -0.156657631446 -0.096181274712
v 0.211971922669 -0.156443460275 -0.0961266715796
v 0.211703432691 -0.156230594192 -0.0960600700871
v 0.211436934995 -0.156019292544 -0.0959815513782
v 0.211172754268 -0.155809812767 -0.0958912111159
v 0.210911212374 -0.155602410082 -0.0957891593659
v 0.21065262796 -0.155397337176 -0.0956755204624
v 0.210397316072 -0.155194843899 -0.0955504328571
v 0.210145587769 -0.154995176958 -0.0954140489499
v 0.209897749742 -0.154798579616 -0.0952665349035
v 0.209654103944 -0.154605291397 -0.0951080704412
v 0.20941494722 -0.154415547793 -0.0949388486273
v 0.209180570946 -0.154229579978 -0.0947590756328
v 0.208951260672 -0.154047614523 -0.0945689704832
v 0.208727295778 -0.153869873127 -0.0943687647924
v 0.208508949131 -0.15369657234 -0.0941587024803
v 0.208296486753 -0.153527923301 -0.0939390394753
v 0.208090167495 -0.153364131485 -0.093710043403
v 0.207890242728 -0.153205396445 -0.0934719932598
v 0.213189652983 -0.155535894268 -0.0956919430194
v 0.212925939783 -0.155341677209 -0.0956400700515
v 0.212663837245 -0.155148662412 -0.0955767986434
v 0.212403664703 -0.154957085036 -0.0955022058814
v 0.212145739136 -0.154767178488 -0.0954163826455
v 0.211890374786 -0.15457917414 -0.0953194334979
v 0.211637882776 -0.154393301047 -0.0952114765563
v 0.211388570729 -0.154209785666 -0.0950926433495
v 0.211142742392 -0.154028851583 -0.0949630786576
v 0.21090069727 -0.153850719237 -0.0948229403351
v 0.210662730257 -0.153675605656 -0.0946723991191
v 0.21042913128 -0.153503724189 -0.0945116384207
v 0.210200184943 -0.153335284246 -0.0943408541022
v 0.209976170181 -0.153170491046 -0.094160254238
v 0.209757359923 -0.153009545364 -0.093970058861
v 0.209544020755 -0.152852643288 -0.0937704996952
v 0.209336412597 -0.152699975978 -0.0935618198726
v 0.209134788389 -0.152551729436 -0.0933442736374
v 0.208939393778 -0.152408084277 -0.0931181260363
v 0.213161803115 -0.155515036861 -0.0959395098859
v 0.212891150093 -0.155315708827 -0.0958862718399
v 0.212622150121 -0.155117614693 -0.0958213353947
v 0.212355130932 -0.154920995807 -0.0957447796654
v 0.21209041785 -0.154726091718 -0.0956566979232
v 0.211828333386 -0.154533139887 -0.0955571974822
v 0.211569196849 -0.154342375397 -0.0954463995685
v 0.211313323959 -0.154154030664 -0.0953244391721
v 0.211061026455 -0.153968335158 -0.095191464883
v 0.210812611725 -0.153785515119 -0.0950476387099
v 0.210568382422 -0.153605793286 -0.0948931358829
v 0.210328636104 -0.153429388622 -0.0947281446399
v 0.210093664863 -0.153256516049 -0.0945528659972
v 0.209863754976 -0.153087386186 -0.0943675135049
v 0.209639186553 -0.152922205091 -0.0941723129865
v 0.209420233196 -0.152761174013 -0.0939675022637
v 0.209207161666 -0.152604489142 -0.0937533308668
v 0.209000231558 -0.152452341375 -0.0935300597307
v 0.208799694983 -0.152304916081 -0.0932979608769
v 0.213133953246 -0.155494179454 -0.0961870767524
v 0.212856360403 -0.155289740444 -0.0961324736283
v 0.212580462996 -0.155086566973 -0.0960658721461
v 0.212306597162 -0.154884906577 -0.0959873534493
v 0.212035096565 -0.154685004948 -0.0958970132009
v 0.211766291986 -0.154487105635 -0.0957949614666
v 0.211500510923 -0.154291449747 -0.0956813225807
v 0.211238077189 -0.154098275662 -0.0955562349946
v 0.210979310519 -0.153907818732 -0.0954198511084
v 0.21072452618 -0.153720311 -0.0952723370847
v 0.210474034587 -0.153535980915 -0.0951138726468
v 0.210228140927 -0.153355053054 -0.0949446508591
v 0.209987144783 -0.153177747852 -0.0947648778922
v 0.209751339771 -0.153004281325 -0.0945747727719
v 0.209521013183 -0.152834864818 -0.094374567112
v 0.209296445638 -0.152669704737 -0.0941645048322
v 0.209077910735 -0.152509002306 -0.093944841861
v 0.208865674726 -0.152352953314 -0.093715845824
v 0.208659996188 -0.152201747884 -0.0934777957175
v 0.215133230213 -0.155078180725 -0.0957752274421
v 0.214864235182 -0.154884366625 -0.0957694403435
v 0.214595541265 -0.154690825589 -0.0957520860985
v 0.214327475825 -0.154497793419 -0.0957231858506
v 0.214060365459 -0.154305505294 -0.0956827748102
v 0.213794535599 -0.154114195487 -0.095630902212
v 0.213530310118 -0.15392409708 -0.0955676312547
v 0.213268010934 -0.153735441679 -0.0954930390243
v 0.213007957619 -0.153548459131 -0.0954072163999
v 0.212750467006 -0.153363377246 -0.0953102679432
v 0.21249585281 -0.153180421517 -0.0952023117709
v 0.212244425237 -0.152999814848 -0.0950834794109
v 0.211996490614 -0.15282177728 -0.0949539156423
v 0.211752351011 -0.152646525725 -0.0948137783184
v 0.211512303874 -0.152474273699 -0.0946632381751
v 0.211276641664 -0.152305231065 -0.0945024786223
v 0.211045651499 -0.152139603776 -0.0943316955208
v 0.210819614805 -0.151977593622 -0.0941510969435
v 0.210598806972 -0.151819397989 -0.0939609029219
v 0.210383497022 -0.151665209613 -0.0937613451781
v 0.210173947276 -0.151515216349 -0.0935526668425
v 0.209970413038 -0.151369600941 -0.0933351221576
v 0.209773142283 -0.151228540799 -0.0931089761679
v 0.215133805069 -0.155077382998 -0.0960252255084
v 0.21485773122 -0.154878468526 -0.0960192861178
v 0.214581966411 -0.154679834306 -0.0960014751821
v 0.214306846618 -0.154481722342 -0.0959718144014
v 0.214032707031 -0.154284374003 -0.0959303399125
v 0.213759881649 -0.154088029727 -0.095877102246
v 0.213488702866 -0.153892928731 -0.0958121662635
v 0.213219501072 -0.153699308714 -0.0957356110797
v 0.212952604248 -0.153507405573 -0.0956475299652
v 0.212688337566 -0.153317453112 -0.0955480302332
v 0.212427022996 -0.153129682758 -0.095437233109
v 0.212168978908 -0.152944323282 -0.0953152735817
v 0.21191451969 -0.152761600515 -0.0951823002402
v 0.21166395536 -0.152581737076 -0.095038475092
v 0.211417591194 -0.152404952102 -0.094883973366
v 0.211175727347 -0.152231460978 -0.0947189832987
v 0.210938658493 -0.152061475076 -0.094543705905
v 0.210706673465 -0.151895201498 -0.0943583547336
v 0.2104800549 -0.151732842821 -0.0941631556061
v 0.210259078898 -0.151574596857 -0.0939583463428
v 0.210044014685 -0.151420656402 -0.0937441764721
v 0.209835124283 -0.151271209009 -0.093520906927
v 0.209632662193 -0.151126436758 -0.0932888097271
v 0.215134379924 -0.155076585271 -0.0962752235747
v 0.214851227259 -0.154872570428 -0.096269131892
v 0.214568391557 -0.154668843023 -0.0962508642657
v 0.21428621741 -0.154465651264 -0.0962204429521
v 0.214005048603 -0.154263242711 -0.0961779050149
v 0.213725227698 -0.154061863968 -0.0961233022799
v 0.213447095613 -0.153861760381 -0.0960567012723
v 0.213170991209 -0.153663175749 -0.095978183135
v 0.212897250877 -0.153466352014 -0.0958878435304
v 0.212626208127 -0.153271528977 -0.0957857925233
v 0.212358193183 -0.153078943999 -0.0956721544472
v 0.21209353258 -0.152888831716 -0.0955470677525
v 0.211832548766 -0.15270142375 -0.0954106848381
v 0.21157555971 -0.152516948428 -0.0952631718657
v 0.211322878514 -0.152335630506 -0.0951047085569
v 0.211074813029 -0.152157690892 -0.094935487975
v 0.210831665487 -0.151983346377 -0.0947557162892
v 0.210593732125 -0.151812809373 -0.0945656125236
v 0.210361302828 -0.151646287654 -0.0943654082903
v 0.210134660775 -0.1514839841 -0.0941553475074
v 0.209914082095 -0.151326096454 -0.0939356861016
v 0.209699835528 -0.151172817077 -0.0937066916964
v 0.209492182102 -0.151024332717 -0.0934686432862
v 0.215981055115 -0.153922432715 -0.0957726186708
v 0.2157170514 -0.153721872823 -0.095766831545
v 0.215453386566 -0.153521534594 -0.0957494772184
v 0.215190381849 -0.153321662111 -0.0957205768345
v 0.214928357679 -0.153122498887 -0.0956801656039
v 0.214667633292 -0.152924287572 -0.0956282927617
v 0.214408526341 -0.152727269656 -0.0955650215067
v 0.214151352507 -0.152531685175 -0.0954904289253
v 0.213896425118 -0.152337772418 -0.0954046058971
v 0.213644054763 -0.152145767639 -0.0953076569842
v 0.213394548916 -0.151955904765 -0.095199700304
v 0.213148211563 -0.151768415116 -0.0950808673849
v 0.212905342826 -0.151583527118 -0.0949513030066
v 0.212666238605 -0.151401466029 -0.0948111650234
v 0.21243119021 -0.151222453663 -0.0946606241718
v 0.212200484013 -0.151046708118 -0.0944998638626
v 0.211974401093 -0.150874443514 -0.0943290799576
v 0.211753216897 -0.150705869727 -0.0941484805305
v 0.211537200904 -0.15054119214 -0.093958285614
v 0.211326616297 -0.150380611387 -0.0937587269313
v 0.21112171964 -0.15022432311 -0.0935500476138
v 0.210922760568 -0.150072517723 -0.0933325019053
v 0.210729981482 -0.149925380177 -0.0931063548516
v 0.210543617255 -0.149783089737 -0.0928718819781
v 0.210363894941 -0.149645819762 -0.0926293689539
v 0.210191033506 -0.149513737493 -0.0923791112437
v 0.210025243553 -0.149387003854 -0.0921214137479
v 0.215980682877 -0.153922922749 -0.0960226179134
v 0.215709731696 -0.153717084964 -0.0960166784948
v 0.215439128314 -0.153511474676 -0.0959988674754
v 0.21516920242 -0.153306342391 -0.0959692065551
v 0.214900282877 -0.15310193803 -0.0959277318711
v 0.214632697322 -0.152898510627 -0.095874493954
v 0.214366771767 -0.152696308029 -0.095809557666
v 0.214102830201 -0.152495576588 -0.095733002122
v 0.213841194196 -0.152296560865 -0.0956449205931
v 0.213582182516 -0.152099503328 -0.095545420393
v 0.213326110726 -0.151904644063 -0.0954346227474
v 0.21307329081 -0.151712220476 -0.0953126626463
v 0.212824030791 -0.151522467004 -0.0951796886791
v 0.212578634353 -0.151335614834 -0.0950358628543
v 0.212337400475 -0.151151891616 -0.0948813604013
v 0.212100623062 -0.150971521188 -0.0947163695577
v 0.211868590591 -0.150794723305 -0.0945410913393
v 0.211641585758 -0.150621713366 -0.0943557392957
v 0.211419885134 -0.150452702158 -0.0941605392499
v 0.211203758827 -0.150287895596 -0.0939557290228
v 0.210993470152 -0.150127494469 -0.0937415581444
v 0.210789275315 -0.149971694204 -0.0935182875488
v 0.210591423096 -0.149820684617 -0.0932861892569
v 0.210400154547 -0.149674649692 -0.0930455460446
v 0.210215702699 -0.149533767349 -0.0927966510987
v 0.210038292278 -0.149398209231 -0.0925398076592
v 0.209868139432 -0.149268140496 -0.0922753286505
v 0.215980310639 -0.153923412782 -0.096272617156
v 0.215702411991 -0.153712297105 -0.0962665254447
v 0.215424870061 -0.153501414759 -0.0962482577324
v 0.21514802299 -0.153291022671 -0.0962178362757
v 0.214872208074 -0.153081377172 -0.0961752981383
v 0.214597761351 -0.152872733683 -0.0961206951464
v 0.214325017192 -0.152665346403 -0.0960540938254
v 0.214054307894 -0.152459468002 -0.0959755753187
v 0.213785963274 -0.152255349311 -0.095885235289
v 0.213520310268 -0.152053239017 -0.0957831838017
v 0.213257672535 -0.151853383361 -0.0956695451909
v 0.212998370058 -0.151656025835 -0.0955444579077
v 0.212742718756 -0.15146140689 -0.0954080743516
v 0.212491030102 -0.151269763639 -0.0952605606851
v 0.212243610739 -0.151081329569 -0.0951020966308
v 0.212000762111 -0.150896334258 -0.0949328752527
v 0.211762780089 -0.150715003096 -0.0947531027211
v 0.21152995462 -0.150537557005 -0.094562998061
v 0.211302569364 -0.150364212176 -0.0943627928857
v 0.211080901357 -0.150195179804 -0.0941527311144
v 0.210865220665 -0.150030665829 -0.093933068675
v 0.210655790063 -0.149870870685 -0.0937040731924
v 0.21045286471 -0.149715989057 -0.0934660236622
v 0.210256691839 -0.149566209647 -0.0932192101111
v 0.210067510456 -0.149421714936 -0.0929639332435
v 0.20988555105 -0.149282680969 -0.0927005040748
v 0.209711035311 -0.149149277138 -0.092429243553
v 0.21689244682 -0.1527632414 -0.0957825576623
v 0.216630063537 -0.152560566179 -0.0957767705792
v 0.21636803221 -0.152358096086 -0.0957594163807
v 0.216106672084 -0.1521560778 -0.0957305162101
v 0.215846301587 -0.151954757449 -0.0956901052779
v 0.215587237939 -0.151754380312 -0.0956382328185
v 0.21532979677 -0.151555190515 -0.0955749620306
v 0.215074291732 -0.151357430743 -0.0955003699999
v 0.214821034119 -0.151161341934 -0.0954145476052
v 0.214570332486 -0.150967162992 -0.0953175994079
v 0.214322492275 -0.150775130495 -0.0952096435245
v 0.21407781544 -0.150585478405 -0.0950908114827
v 0.213836600082 -0.150398437783 -0.0949612480608
v 0.213599140087 -0.15021423651 -0.0948211111121
v 0.21336572476 -0.150033099006 -0.0946705713717
v 0.213136638485 -0.149855245961 -0.0945098122492
v 0.212912160366 -0.149680894059 -0.0943390296048
v 0.212692563896 -0.149510255723 -0.0941584315109
v 0.212478116619 -0.149343538848 -0.0939682379983
v 0.212269079806 -0.149180946555 -0.0937686807887
v 0.212065708137 -0.149022676935 -0.0935600030116
v 0.211868249388 -0.148868922816 -0.093342458909
v 0.211676944132 -0.148719871525 -0.0931163135246
v 0.211492025446 -0.148575704657 -0.0928818423819
v 0.216891749524 -0.152764144269 -0.0960325550595
v 0.216622461417 -0.152556135489 -0.0960266156848
v 0.216353534529 -0.152348337236 -0.0960088047968
v 0.216085296505 -0.152141002679 -0.0959791440954
v 0.215818074152 -0.151934384424 -0.0959376697176
v 0.21555219304 -0.151728734204 -0.0958844321935
v 0.215287977104 -0.151524302571 -0.0958194963849
v 0.215025748249 -0.151321338594 -0.0957429414059
v 0.214765825962 -0.151120089553 -0.0956548605272
v 0.214508526918 -0.150920800639 -0.0955553610616
v 0.214254164595 -0.150723714655 -0.0954445642339
v 0.214003048896 -0.150529071721 -0.095322605033
v 0.213755485767 -0.150337108977 -0.0951896320474
v 0.213511776823 -0.150148060302 -0.0950458072843
v 0.213272218989 -0.149962156022 -0.0948913059718
v 0.213037104127 -0.149779622633 -0.0947263163461
v 0.212806718689 -0.149600682524 -0.0945510394215
v 0.212581343364 -0.149425553705 -0.0943656887462
v 0.212361252738 -0.149254449544 -0.0941704901412
v 0.212146714957 -0.149087578506 -0.093965681426
v 0.211937991401 -0.148925143896 -0.0937515121286
v 0.211735336369 -0.148767343617 -0.0935282431811
v 0.211538996765 -0.148614369923 -0.0932961466024
v 0.211349211798 -0.14846640919 -0.0930555051665
v 0.216891052228 -0.152765047137 -0.0962825524567
v 0.216614859298 -0.152551704799 -0.0962764607903
v 0.216339036848 -0.152338578385 -0.0962581932129
v 0.216063920926 -0.152125927558 -0.0962277719807
v 0.215789846718 -0.151914011399 -0.0961852341573
v 0.215517148142 -0.151703088096 -0.0961306315685
v 0.215246157437 -0.151493414627 -0.0960640307391
v 0.214977204766 -0.151285246445 -0.095985512812
v 0.214710617805 -0.151078837172 -0.0958951734492
v 0.214446721349 -0.150874438286 -0.0957931227153
v 0.214185836916 -0.150672298816 -0.0956794849433
v 0.213928282353 -0.150472665037 -0.0955543985834
v 0.213674371451 -0.150275780172 -0.0954180160341
v 0.21342441356 -0.150081884095 -0.0952705034564
v 0.213178713217 -0.149891213038 -0.0951120405718
v 0.212937569769 -0.149703999306 -0.0949428204429
v 0.212701277012 -0.149520470989 -0.0947630492383
v 0.212470122833 -0.149340851687 -0.0945729459815
v 0.212244388857 -0.14916536024 -0.0943727422841
v 0.212024350107 -0.148994210457 -0.0941626820634
v 0.211810274666 -0.148827610858 -0.0939430212455
v 0.211602423351 -0.148665764417 -0.0937140274532
v 0.211401049398 -0.148508868321 -0.0934759796802
v 0.211206398149 -0.148357113723 -0.093229167951
v 0.217828466235 -0.151529610476 -0.0957862812736
v 0.217560706661 -0.151334093104 -0.0957804941338
v 0.217293265728 -0.151138824325 -0.0957631397653
v 0.217026469271 -0.150944042043 -0.0957342393117
v 0.216760642341 -0.15074998357 -0.0956938279837
v 0.216496108808 -0.150556885336 -0.0956419550163
v 0.216233190963 -0.150364982603 -0.0955786836086
v 0.215972209133 -0.150174509174 -0.0955040908473
v 0.215713481283 -0.149985697111 -0.0954182676121
v 0.215457322633 -0.149798776453 -0.0953213184653
v 0.215204045274 -0.149613974935 -0.0952133615246
v 0.214953957785 -0.149431517707 -0.0950945283188
v 0.214707364858 -0.149251627067 -0.094964963628
v 0.21446456693 -0.149074522182 -0.0948248253067
v 0.214225859812 -0.148900418829 -0.0946742840919
v 0.213991534332 -0.148729529126 -0.0945135233949
v 0.213761875979 -0.148562061274 -0.0943427390779
v 0.213537164558 -0.148398219309 -0.0941621392151
v 0.213317673843 -0.148238202846 -0.0939719438397
v 0.213103671252 -0.14808220684 -0.0937723846756
v 0.212895417512 -0.147930421349 -0.0935637048547
v 0.21269316635 -0.147783031299 -0.0933461586214
v 0.217828630024 -0.151529386178 -0.0960362811193
v 0.217553824145 -0.151328723613 -0.0960303416864
v 0.217279345293 -0.151128316181 -0.096012530624
v 0.217005527876 -0.150928408049 -0.0959828696321
v 0.216732705501 -0.150729242774 -0.0959413948481
v 0.216461210558 -0.150531063009 -0.0958881568026
v 0.216191373823 -0.150334110203 -0.0958232203579
v 0.21592352405 -0.150138624315 -0.0957466646292
v 0.215657987572 -0.149944843514 -0.0956585828878
v 0.215395087906 -0.149753003892 -0.0955590824477
v 0.215135145353 -0.149563339175 -0.0954482845348
v 0.214878476614 -0.149376080442 -0.0953263241394
v 0.2146253944 -0.149191455837 -0.0951933498515
v 0.214376207052 -0.149009690298 -0.0950495236796
v 0.214131218168 -0.148831005278 -0.0948950208539
v 0.213890726228 -0.148655618477 -0.0947300296123
v 0.213655024235 -0.148483743577 -0.0945547509711
v 0.213424399355 -0.148315589981 -0.0943693984803
v 0.213199132569 -0.148151362558 -0.0941741979635
v 0.21297949833 -0.147991261394 -0.0939693872424
v 0.212765764229 -0.147835481548 -0.0937552158473
v 0.212558190667 -0.147684212813 -0.0935319447131
v 0.217828793812 -0.15152916188 -0.096286280965
v 0.217546941629 -0.151323354121 -0.096280189239
v 0.217265424857 -0.151117808037 -0.0962619214827
v 0.216984586482 -0.150912774056 -0.0962314999525
v 0.216704768661 -0.150708501979 -0.0961889617125
v 0.216426312309 -0.150505240681 -0.0961343585889
v 0.216149556683 -0.150303237804 -0.0960677571072
v 0.215874838967 -0.150102739457 -0.0959892384111
v 0.215602493862 -0.149903989917 -0.0958988981635
v 0.215332853178 -0.14970723133 -0.09579684643
v 0.215066245432 -0.149512703416 -0.095683207545
v 0.214802995443 -0.149320643176 -0.09555811996
v 0.214543423941 -0.149131284607 -0.095421736075
v 0.214287847175 -0.148944858414 -0.0952742220526
v 0.214036576524 -0.148761591726 -0.0951157576159
v 0.213789918124 -0.148581707828 -0.0949465358296
v 0.21354817249 -0.148405425879 -0.0947667628643
v 0.213311634151 -0.148232960652 -0.0945766577456
v 0.213080591294 -0.14806452227 -0.0943764520873
v 0.212855325408 -0.147900315948 -0.0941663898093
v 0.212636110945 -0.147740541747 -0.0939467268399
v 0.212423214985 -0.147585394326 -0.0937177308048
v 0.218985948034 -0.15046151892 -0.0957733254121
v 0.218720074203 -0.150263444844 -0.0957791124186
v 0.218454152821 -0.150065434613 -0.0957733254121
v 0.218188507871 -0.14986772947 -0.0957559714434
v 0.217923463001 -0.14967057029 -0.0957270716555
v 0.217659341127 -0.149474197281 -0.0956866612584
v 0.217396464042 -0.149278849692 -0.095634789486
v 0.21713515202 -0.149084765526 -0.0955715195359
v 0.21687572343 -0.148892181243 -0.0954969284929
v 0.216618494346 -0.148701331477 -0.0954111072346
v 0.216363778162 -0.148512448751 -0.0953141603212
v 0.216111885209 -0.148325763187 -0.0952062058674
v 0.215863122382 -0.148141502235 -0.0950873753991
v 0.215617792759 -0.147959890387 -0.0949578136929
v 0.215376195236 -0.14778114891 -0.0948176785998
v 0.215138624163 -0.147605495572 -0.0946671408529
v 0.214905368983 -0.147433144381 -0.0945063838592
v 0.214676713883 -0.147264305319 -0.0943356034763
v 0.214452937442 -0.14709918409 -0.0941550077738
v 0.21899397181 -0.150465352385 -0.0960231672092
v 0.218721101299 -0.150262065833 -0.0960291065053
v 0.218448181986 -0.150058844805 -0.0960231672092
v 0.218175546379 -0.149855936896 -0.0960053565571
v 0.217903526644 -0.149653589317 -0.0959756962485
v 0.217632454195 -0.149452048596 -0.0959342224199
v 0.217362659292 -0.149251560282 -0.0958809856008
v 0.217094470638 -0.149052368637 -0.095816050652
v 0.21682821498 -0.148854716347 -0.0957394966868
v 0.216564216709 -0.148658844219 -0.0956514169744
v 0.216302797467 -0.148464990894 -0.0955519188264
v 0.216044275753 -0.148273392553 -0.0954411234659
v 0.215788966535 -0.148084282629 -0.09531916588
v 0.215537180869 -0.147897891522 -0.0951861946553
v 0.215289225517 -0.147714446321 -0.0950423717966
v 0.215045402574 -0.147534170527 -0.09488787253
v 0.2148060091 -0.147357283778 -0.0947228850891
v 0.21457133676 -0.147184001583 -0.0945476104856
v 0.214341671466 -0.147014535059 -0.0943622622646
v 0.219001995586 -0.150469185849 -0.0962730090063
v 0.218722128396 -0.150260686821 -0.096279100592
v 0.218442211151 -0.150052254998 -0.0962730090063
v 0.218162584888 -0.149844144322 -0.0962547416708
v 0.217883590288 -0.149636608343 -0.0962243208415
v 0.217605567263 -0.149429899912 -0.0961817835814
v 0.217328854542 -0.149224270872 -0.0961271817156
v 0.217053789256 -0.149019971749 -0.0960605817681
v 0.216780706529 -0.148817251451 -0.0959820648808
v 0.216509939072 -0.148616356961 -0.0958917267142
v 0.216241816773 -0.148417533038 -0.0957896773316
v 0.215976666297 -0.148221021919 -0.0956760410644
v 0.215714810689 -0.148027063022 -0.095550956361
v 0.21545656898 -0.147835892656 -0.0954145756176
v 0.215202255798 -0.147647743732 -0.0952670649934
v 0.214952180984 -0.147462845482 -0.0951086042071
v 0.214706649217 -0.147281423175 -0.094939386319
v 0.214465959637 -0.147103697847 -0.0947596174949
v 0.219660148318 -0.149074506647 -0.0957653474204
v 0.219139702909 -0.148664274982 -0.0957422068554
v 0.218880175077 -0.14845990801 -0.0957133075798
v 0.218364089744 -0.148053916434 -0.0956210270459
v 0.218108161014 -0.147852786467 -0.0955577582172
v 0.217854057936 -0.147653227647 -0.0954831684964
v 0.217602090096 -0.147455483107 -0.0953973487593
v 0.216862052593 -0.146875531562 -0.0950736226618
v 0.216152085241 -0.14632041587 -0.0946533955643
v 0.215923467303 -0.146141956725 -0.09449264142
v 0.219928689787 -0.149283490246 -0.0960093978852
v 0.219661556728 -0.149072721018 -0.096015337076
v 0.219394356747 -0.148862036635 -0.0960093978852
v 0.219127415387 -0.148651693783 -0.0959915875488
v 0.218595608726 -0.148233057027 -0.0959204546724
v 0.218068727652 -0.147818850307 -0.0958022849991
v 0.217549339079 -0.147411091596 -0.0956376542396
v 0.217293246996 -0.147210252536 -0.0955381578552
v 0.217039973413 -0.147011767452 -0.0954273644585
v 0.216300129988 -0.146432838189 -0.095028619857
v 0.216061176201 -0.146246154169 -0.094874123329
v 0.215596513256 -0.145883595019 -0.0945338673157
v 0.218298692954 -0.147996629902 -0.0961134105479
v 0.217761817367 -0.147574852232 -0.0959682962853
v 0.217233929515 -0.147160711305 -0.0957759121462
v 0.216974161738 -0.14695713686 -0.0956622778932
v 0.216717601216 -0.146756224774 -0.0955371954068
v 0.215970267161 -0.146171892467 -0.0950948510936
v 0.2157296167 -0.145984040735 -0.0949256362049
v 0.215493689781 -0.145800036929 -0.0947458705672
v -0.251123501417 -0.0878158765104 0.0956276496558
v -0.250815407895 -0.0876967175087 0.0955987491876
v -0.250202973954 -0.0874598690428 0.095506464846
v -0.249899379691 -0.0873424681421 0.0954431934066
v -0.249598027837 -0.0872259404726 0.0953686006079
v -0.248711081901 -0.0868830102057 0.0950778711395
v -0.248422337187 -0.086771381947 0.0949590378741
v -0.248137634431 -0.0866613227 0.0948294731184
v -0.247581736912 -0.0864464455274 0.0945387934366
v -0.247311219424 -0.0863418893965 0.094378032659
v -0.246786694512 -0.0861391788181 0.094026648303
v -0.24653332614 -0.0860412713421 0.0938364528324
v -0.251107279994 -0.0878094731774 0.0958770406394
v -0.250791078747 -0.0876871784124 0.0958473796327
v -0.250162528123 -0.0874440970922 0.0957526667557
v -0.249850944537 -0.0873236066941 0.0956877302785
v -0.248931506289 -0.0869680943247 0.0954235922358
v -0.247755146946 -0.0865133287496 0.0949140332124
v -0.247472311159 -0.086404004537 0.0947595303092
v -0.24719467479 -0.0862966969289 0.0945945389849
v -0.246922576098 -0.0861915366633 0.0944192602558
v -0.24639631063 -0.085988167873 0.0940387070575
v -0.25109105857 -0.0878030698444 0.0961264316231
v -0.250766749599 -0.0876776393162 0.0960960100777
v -0.250443626281 -0.0875526736648 0.0960534718164
v -0.250122082292 -0.0874283251416 0.0959988686654
v -0.249802509384 -0.0873047452461 0.0959322671504
v -0.249485296907 -0.0871820845414 0.0958537484149
v -0.248859495796 -0.0869401171749 0.0956613563373
v -0.248551669605 -0.0868211053131 0.0955477173954
v -0.248247727801 -0.0867036018829 0.0954226297477
v -0.247652973393 -0.086473690944 0.0951387316979
v -0.247362885406 -0.0863615635465 0.0949802671819
v -0.247078130156 -0.0862515044613 0.0948110453107
v -0.246799054574 -0.0861436477786 0.0946312722553
v -0.246525998669 -0.086038124905 0.0944411670413
v -0.252460948644 -0.0861951356156 0.0956498307547
v -0.252150984168 -0.0860774740028 0.0956440436114
v -0.251841396794 -0.0859599571666 0.0956266892324
v -0.251532563709 -0.0858427282833 0.0955977887611
v -0.251224861176 -0.0857259301782 0.0955573774085
v -0.250918664086 -0.0856097051517 0.0955055044096
v -0.250614345491 -0.0854941948062 0.0954422329635
v -0.250312276157 -0.0853795398733 0.0953676401568
v -0.250012824109 -0.0852658800423 0.0952818168693
v -0.249716354182 -0.0851533537901 0.0951848676635
v -0.249423227581 -0.0850420982128 0.0950769106571
v -0.249133801435 -0.0849322488581 0.0949580773791
v -0.248848428364 -0.0848239395605 0.0948285126094
v -0.248567456052 -0.0847173022782 0.0946883742029
v -0.24829122682 -0.0846124669323 0.0945378328965
v -0.248020077212 -0.0845095612485 0.0943770721017
v -0.24775433758 -0.0844087106016 0.0942062876807
v -0.247494331689 -0.0843100378626 0.094025687708
v -0.247240376315 -0.0842136632488 0.093835492217
v -0.252460960321 -0.0861951048549 0.0958998307525
v -0.252142838884 -0.0860743468839 0.095893891316
v -0.251825104475 -0.0859537374994 0.0958760802428
v -0.251508144203 -0.0858334236455 0.0958464192328
v -0.251192344236 -0.085713551906 0.0958049444236
v -0.250878089327 -0.0855942683262 0.0957517063457
v -0.250565762348 -0.0854757182348 0.0956867698615
v -0.250255743821 -0.0853580460668 0.0956102140862
v -0.249948411455 -0.0852413951876 0.0955221322912
v -0.249644139689 -0.0851259077183 0.0954226317905
v -0.24934329923 -0.0850117243626 0.0953118338103
v -0.249046256606 -0.0848989842354 0.0951898733407
v -0.248753373717 -0.0847878246931 0.0950568989718
v -0.248465007397 -0.0846783811666 0.0949130727125
v -0.248181508975 -0.0845707869958 0.0947585697928
v -0.247903223851 -0.0844651732677 0.0945935784507
v -0.247630491071 -0.0843616686564 0.0944182997029
v -0.24736364292 -0.0842603992663 0.0942329470994
v -0.247103004509 -0.0841614884785 0.0940377464638
v -0.252460971998 -0.0861950740943 0.0961498307504
v -0.252134693601 -0.086071219765 0.0961437390206
v -0.251808812155 -0.0859475178322 0.0961254712532
v -0.251483724697 -0.0858241190076 0.0960950497045
v -0.251159827295 -0.0857011736338 0.0960525114386
v -0.250837514568 -0.0855788315007 0.0959979082818
v -0.250517179205 -0.0854572416634 0.0959313067596
v -0.250199211485 -0.0853365522603 0.0958527880157
v -0.249883998802 -0.0852169103329 0.0957624477131
v -0.249571925196 -0.0850984616464 0.0956603959176
v -0.249263370879 -0.0849813505124 0.0955467569634
v -0.248958711777 -0.0848657196127 0.0954216693023
v -0.248658319071 -0.0847517098258 0.0952852853343
v -0.248362558742 -0.0846394600549 0.0951377712221
v -0.24807179113 -0.0845291070592 0.0949793066891
v -0.24778637049 -0.0844207852869 0.0948100847998
v -0.247506644562 -0.0843146267112 0.0946303117251
v -0.24723295415 -0.08421076067 0.0944402064907
v -0.246965632704 -0.0841093137082 0.0942400007107
v -0.253155080007 -0.0843314827703 0.0956502638415
v -0.252843277158 -0.084218783099 0.0956444766998
v -0.252531857172 -0.084106212495 0.0956271223255
v -0.252221199465 -0.0839939081083 0.0955982218624
v -0.251911682525 -0.0838820067644 0.095557810521
v -0.251603683452 -0.083770644798 0.0955059375364
v -0.251297577495 -0.0836599578865 0.0954426661079
v -0.250993737597 -0.0835500808847 0.0953680733219
v -0.25069253394 -0.0834411476608 0.0952822500583
v -0.250394333493 -0.0833332909334 0.0951853008795
v -0.25009949957 -0.083226642109 0.0950773439031
v -0.249808391378 -0.083121331123 0.094958510658
v -0.249521363589 -0.0830174862805 0.0948289459244
v -0.249238765903 -0.0829152341004 0.0946888075568
v -0.248960942619 -0.0828146991613 0.0945382662922
v -0.248688232224 -0.0827160039496 0.0943775055421
v -0.248420966974 -0.0826192687101 0.0942067211685
v -0.248159472489 -0.0825246112999 0.0940261212461
v -0.25315501568 -0.0843316607478 0.0959002637698
v -0.252835007494 -0.0842159952957 0.095894324335
v -0.252515392245 -0.0841004623074 0.0958765132667
v -0.252196559335 -0.0839852025421 0.095846852265
v -0.251878897213 -0.083870356426 0.0958053774672
v -0.251562792901 -0.0837560638816 0.0957521394041
v -0.251248631524 -0.0836424641565 0.095687202938
v -0.250936795839 -0.0835296956547 0.095610647184
v -0.250627665769 -0.0834178957671 0.0955225654134
v -0.250321617943 -0.0833072007047 0.0954230649404
v -0.250019025232 -0.0831977453323 0.095312266991
v -0.249720256298 -0.0830896630045 0.0951903065553
v -0.249425675147 -0.082983085403 0.0950573322233
v -0.249135640679 -0.0828781423761 0.094913506004
v -0.248850506256 -0.0827749617808 0.0947590031272
v -0.248570619272 -0.0826736693266 0.094594011831
v -0.248296320725 -0.0825743884229 0.0944187331318
v -0.248027944806 -0.0824772400282 0.0942333805798
v -0.253154951354 -0.0843318387254 0.0961502636982
v -0.252826737829 -0.0842132074924 0.0961441719701
v -0.252498927317 -0.0840947121198 0.0961259042078
v -0.252171919204 -0.0839764969759 0.0960954826676
v -0.2518461119 -0.0838587060877 0.0960529444135
v -0.251521902349 -0.0837414829651 0.0959983412718
v -0.251199685552 -0.0836249704266 0.0959317397681
v -0.25087985408 -0.0835093104247 0.0958532210461
v -0.250562797599 -0.0833946438733 0.0957628807686
v -0.250248902392 -0.083281110476 0.0956608290014
v -0.249938550894 -0.0831688485556 0.0955471900788
v -0.249632121219 -0.0830579948861 0.0954221024525
v -0.249329986704 -0.0829486845256 0.0952857185223
v -0.249032515455 -0.0828410506518 0.0951382044512
v -0.248740069893 -0.0827352244002 0.0949797399622
v -0.24845300632 -0.0826313347036 0.0948105181199
v -0.248171674477 -0.0825295081357 0.0946307450951
v -0.247896417124 -0.0824298687565 0.0944406399136
v -0.25381466073 -0.0824500310323 0.0956528482852
v -0.25350152852 -0.082341079431 0.0956470611456
v -0.25318878217 -0.0822322480496 0.0956297067778
v -0.252876802713 -0.0821236694826 0.0956008063253
v -0.252565970248 -0.0820154760162 0.0955603949988
v -0.252256663476 -0.0819077994673 0.0955085220334
v -0.251949259239 -0.0818007710234 0.0954452506283
v -0.251644132063 -0.0816945210821 0.0953706578699
v -0.251341653699 -0.0815891790926 0.095284834638
v -0.251042192668 -0.0814848733978 0.0951878854949
v -0.250746113819 -0.0813817310782 0.0950799285584
v -0.250453777878 -0.0812798777969 0.0949610953573
v -0.250165541011 -0.0811794376463 0.0948315306715
v -0.249881754391 -0.0810805329973 0.0946913923557
v -0.249602763767 -0.08098328435 0.0945408511467
v -0.249328909048 -0.0808878101869 0.094380090456
v -0.249060523881 -0.0807942268285 0.0942093061455
v -0.248797935255 -0.0807026482917 0.0940287062898
v -0.253814566638 -0.0824503014748 0.0959028481212
v -0.253493194107 -0.0823384827261 0.0958969086885
v -0.25317221759 -0.082226787361 0.0958790976268
v -0.252852028147 -0.0821153514633 0.095849436636
v -0.25253301588 -0.0820043108003 0.0958079618536
v -0.252215569456 -0.0818938006581 0.0957547238102
v -0.251900075634 -0.0817839556762 0.0956897873681
v -0.251586918796 -0.0816749096838 0.0956132316423
v -0.251276480474 -0.0815667955367 0.0955251499043
v -0.25096913889 -0.0814597449552 0.0954256494681
v -0.250665268493 -0.0813538883641 0.0953148515595
v -0.250365239501 -0.0812493547332 0.0951928911689
v -0.250069417453 -0.0811462714207 0.0950599168861
v -0.249778162764 -0.0810447640178 0.0949160907198
v -0.249491830282 -0.0809449561956 0.0947615879001
v -0.249210768859 -0.0808469695545 0.0945965966649
v -0.248935320925 -0.0807509234761 0.0944213180305
v -0.248665822072 -0.0806569349779 0.094235965547
v -0.253814472546 -0.0824505719173 0.0961528479572
v -0.253484859694 -0.0823358860211 0.0961467562314
v -0.25315565301 -0.0822213266724 0.0961284884758
v -0.252827253581 -0.0821070334439 0.0960980669468
v -0.252500061512 -0.0819931455845 0.0960555287084
v -0.252174475436 -0.0818798018489 0.096000925587
v -0.251850892029 -0.081767140329 0.0959343241079
v -0.251529705529 -0.0816552982855 0.0958558054148
v -0.25121130725 -0.0815444119807 0.0957654651707
v -0.250896085113 -0.0814346165126 0.0956634134412
v -0.250584423166 -0.0813260456499 0.0955497745606
v -0.250276701123 -0.0812188316695 0.0954246869805
v -0.249973293895 -0.0811131051952 0.0952883031007
v -0.249674571136 -0.0810089950383 0.095140789084
v -0.249380896796 -0.0809066280412 0.0949823246536
v -0.24909262867 -0.0808061289221 0.0948131028738
v -0.248810117969 -0.0807076201238 0.0946333299155
v -0.248533708888 -0.0806112216641 0.0944432248041
v -0.254781850149 -0.0806651091414 0.0956490524763
v -0.25446800255 -0.080558235775 0.0956548396181
v -0.254154157626 -0.0804513545507 0.0956490524763
v -0.25384069775 -0.080344595687 0.0956316981015
v -0.253528004825 -0.0802380892529 0.0956027976375
v -0.253216459817 -0.0801319650103 0.0955623862949
v -0.252906442298 -0.0800263522551 0.0955105133088
v -0.252598329975 -0.0799213796603 0.0954472418784
v -0.252292498236 -0.0798171751187 0.0953726490903
v -0.25198931969 -0.0797138655875 0.0952868258241
v -0.251689163713 -0.0796115769335 0.0951898766425
v -0.251392395999 -0.0795104337797 0.0950819196629
v -0.251099378114 -0.0794105593534 0.0949630864144
v -0.250810467055 -0.0793120753362 0.0948335216769
v -0.250526014815 -0.0792151017158 0.0946933833052
v -0.250246367956 -0.0791197566394 0.0945428420362
v -0.249971867184 -0.0790261562705 0.0943820812814
v -0.249702846937 -0.0789344146467 0.0942112969028
v -0.249439634973 -0.0788446435409 0.0940306969751
v -0.249182551977 -0.0787569523255 0.0938405015313
v -0.254790051498 -0.0806680913242 0.0958989001187
v -0.254467944751 -0.0805584055007 0.0959048395538
v -0.254145840751 -0.0804487116127 0.0958989001187
v -0.253824131931 -0.0803391433052 0.0958810890499
v -0.253503210244 -0.0802298340702 0.0958514280474
v -0.253183466684 -0.0801209170844 0.0958099532484
v -0.252865290809 -0.0800125250462 0.0957567151837
v -0.252549070267 -0.0799047900146 0.0956917787157
v -0.252235190324 -0.0797978432482 0.0956152229595
v -0.251924033395 -0.0796918150452 0.0955271411863
v -0.251615978577 -0.0795868345845 0.0954276407104
v -0.251311401186 -0.0794830297688 0.0953168427577
v -0.251010672304 -0.0793805270681 0.0951948823184
v -0.250714158322 -0.0792794513662 0.0950619079826
v -0.250422220497 -0.0791799258084 0.094918081759
v -0.25013521451 -0.0790820716511 0.0947635788777
v -0.249853490034 -0.0789860081146 0.0945985875766
v -0.249577390306 -0.0788918522375 0.0944233088723
v -0.249307251712 -0.0787997187342 0.0942379563149
v -0.249043403374 -0.0787097198553 0.0940427557278
v -0.254798252847 -0.0806710735069 0.0961487477612
v -0.254467886953 -0.0805585752265 0.0961548394895
v -0.254137523875 -0.0804460686747 0.0961487477612
v -0.253807566111 -0.0803336909233 0.0961304799984
v -0.253478415663 -0.0802215788875 0.0961000584573
v -0.25315047355 -0.0801098691584 0.0960575202019
v -0.252824139319 -0.0799986978372 0.0960029170587
v -0.252499810559 -0.0798882003689 0.095936315553
v -0.252177882412 -0.0797785113778 0.0958577968286
v -0.251858747101 -0.0796697645028 0.0957674565485
v -0.251542793441 -0.0795620922355 0.0956654047783
v -0.251230406373 -0.0794556257578 0.0955517658524
v -0.250921966494 -0.0793504947827 0.0954266782224
v -0.25061784959 -0.0792468273962 0.0952902942883
v -0.250318426179 -0.079144749901 0.0951427802128
v -0.250024061064 -0.0790443866628 0.0949843157191
v -0.249735112884 -0.0789458599586 0.0948150938719
v -0.249451933676 -0.0788492898283 0.0946353208418
v -0.249174868451 -0.0787547939275 0.0944452156547
v -0.248904254771 -0.078662487385 0.0942450099244
v -0.255420412861 -0.0787634208464 0.095649932357
v -0.255105997236 -0.078658230321 0.0956557195003
v -0.254791581596 -0.0785530398398 0.095649932357
v -0.254477549008 -0.0784479775612 0.0956325779778
v -0.254164282073 -0.0783431714874 0.0956036775063
v -0.253852162458 -0.0782387493085 0.0955632661533
v -0.253541570433 -0.0781348382467 0.0955113931539
v -0.253232884405 -0.0780315649018 0.0954481217073
v -0.252926480463 -0.0779290550963 0.0953735288999
v -0.252622731911 -0.0778274337226 0.0952877056117
v -0.252322008821 -0.0777268245909 0.0951907564051
v -0.252024677577 -0.0776273502777 0.0950827993978
v -0.251731100432 -0.0775291319773 0.0949639661187
v -0.251441635063 -0.0774322893535 0.0948344013479
v -0.251156634141 -0.0773369403941 0.0946942629401
v -0.250876444895 -0.0772432012671 0.0945437216325
v -0.250601408692 -0.0771511861792 0.0943829608363
v -0.250331860621 -0.0770610072367 0.0942121764138
v -0.250068129085 -0.0769727743086 0.0940315764396
v -0.255428687276 -0.0787661880637 0.0958997800637
v -0.255105997555 -0.0786582293666 0.0959057195003
v -0.25478330782 -0.0785502707149 0.0958997800637
v -0.254461011216 -0.0784424436395 0.0958819689903
v -0.254139500414 -0.0783348795111 0.0958523079801
v -0.253819167125 -0.0782277093801 0.0958108331705
v -0.253500401625 -0.0781210638167 0.0957575950922
v -0.253183592282 -0.0780150727521 0.0956926586074
v -0.252869125078 -0.0779098653202 0.0956161028315
v -0.252557383143 -0.0778055696999 0.0955280210357
v -0.252248746287 -0.0777023129594 0.0954285205342
v -0.251943590537 -0.0776002209011 0.095317722553
v -0.251642287677 -0.0774994179086 0.0951957620823
v -0.251345204799 -0.0774000267947 0.0950627877123
v -0.251052703853 -0.0773021686521 0.0949189614517
v -0.250765141205 -0.077205962706 0.0947644585307
v -0.250482867207 -0.0771115261684 0.0945994671872
v -0.250206225766 -0.0770189740958 0.0944241884378
v -0.249935553927 -0.0769284192486 0.0942388358327
v -0.255436961691 -0.078768955281 0.0961496277705
v -0.255105997875 -0.0786582284122 0.0961557195003
v -0.254775034043 -0.0785475015899 0.0961496277705
v -0.254444473424 -0.0784369097177 0.0961313600029
v -0.254114718756 -0.0783265875348 0.096100938454
v -0.253786171792 -0.0782166694517 0.0960584001877
v -0.253459232818 -0.0781072893866 0.0960037970304
v -0.253134300158 -0.0779985806025 0.0959371955076
v -0.252811769693 -0.077890675544 0.0958586767631
v -0.252492034375 -0.0777837056771 0.0957683364597
v -0.252175483754 -0.0776778013279 0.0956662846632
v -0.251862503497 -0.0775730915245 0.0955526457082
v -0.251553474923 -0.0774697038399 0.095427558046
v -0.251248774535 -0.0773677642358 0.0952911740767
v -0.250948773564 -0.0772673969101 0.0951436599633
v -0.250653837515 -0.0771687241449 0.0949851954289
v -0.250364325723 -0.0770718661577 0.0948159735381
v -0.250080590911 -0.076976940955 0.0946362004619
v -0.249802978769 -0.0768840641886 0.0944460952259
v -0.256051845424 -0.0768692196793 0.095649038691
v -0.255737124568 -0.0767649459325 0.0956548258342
v -0.255422404348 -0.0766606702625 0.095649038691
v -0.255108068203 -0.0765565197133 0.095631684312
v -0.254794499104 -0.0764526211763 0.095602783841
v -0.254482079087 -0.0763491012357 0.0955623724886
v -0.254171188785 -0.0762460860148 0.09551049949
v -0.253862206973 -0.0761437010216 0.0954472280443
v -0.253555510096 -0.0760420709966 0.0953726352381
v -0.253251471818 -0.0759413197603 0.0952868119512
v -0.252950462561 -0.0758415700624 0.0951898627461
v -0.25265284906 -0.0757429434327 0.0950819057404
v -0.252358993911 -0.0756455600326 0.0949630724632
v -0.252069255131 -0.0755495385086 0.0948335076944
v -0.251783985722 -0.0754549958483 0.0946933692888
v -0.251503533241 -0.0753620472372 0.0945428279834
v -0.251228239376 -0.075270805919 0.0943820671896
v -0.25095843953 -0.0751813830572 0.0942112827698
v -0.25606011379 -0.0768720052635 0.0958988863939
v -0.255737110805 -0.0767649874707 0.0959048258304
v -0.255414108474 -0.0766579677041 0.0958988863939
v -0.255091500326 -0.076551076351 0.0958810753207
v -0.254769679409 -0.0764444436419 0.095851414311
v -0.254449037811 -0.0763381994924 0.095809939502
v -0.254129966186 -0.0762324733446 0.0957567014245
v -0.253812853274 -0.0761273940095 0.0956917649408
v -0.253498085426 -0.0760230895102 0.095615209166
v -0.25318604614 -0.0759196869255 0.0955271273715
v -0.252877115588 -0.0758173122356 0.0954276268715
v -0.252571670153 -0.0757160901683 0.095316828892
v -0.252270081973 -0.0756161440471 0.0951948684233
v -0.251972718489 -0.0755175956409 0.0950618940553
v -0.25167994199 -0.0754205650158 0.0949180677969
v -0.25139210918 -0.0753251703887 0.0947635648782
v -0.25110957074 -0.0752315279832 0.0945985735373
v -0.250832670898 -0.0751397518881 0.0944232947906
v -0.256068382155 -0.0768747908476 0.0961487340968
v -0.255737097042 -0.0767650290088 0.0961548258265
v -0.255405812601 -0.0766552651457 0.0961487340968
v -0.255074932448 -0.0765456329887 0.0961304663295
v -0.254744859713 -0.0764362661076 0.096100044781
v -0.254415996536 -0.0763272977491 0.0960575065154
v -0.254088743588 -0.0762188606744 0.096002903359
v -0.253763499574 -0.0761110869974 0.0959363018372
v -0.253440660757 -0.0760041080237 0.0958577830938
v -0.253120620463 -0.0758980540907 0.0957674427918
v -0.252803768614 -0.0757930544088 0.095665390997
v -0.252490491245 -0.0756892369038 0.0955517520436
v -0.252181170036 -0.0755867280616 0.0954266643833
v -0.251876181846 -0.0754856527732 0.0952902804162
v -0.251575898258 -0.0753861341834 0.095142766305
v -0.25128068512 -0.0752882935401 0.094984301773
v -0.250990902104 -0.0751922500473 0.0948150798849
v -0.250706902266 -0.0750981207191 0.0946353068114
v -0.257617057903 -0.075283305725 0.0955639600096
v -0.257303946521 -0.0751818961105 0.0956043713395
v -0.256989687999 -0.0750801018661 0.0956332717945
v -0.256674665213 -0.0749780470126 0.0956506261638
v -0.256359261969 -0.074875855888 0.0956564133038
v -0.256043862538 -0.0747736529964 0.0956506261638
v -0.255728851185 -0.0746715628564 0.0956332717945
v -0.255414611704 -0.074569709849 0.0956043713395
v -0.255101526946 -0.0744682180664 0.0955639600096
v -0.254789978358 -0.0743672111608 0.0955120870398
v -0.254480345512 -0.0742668121935 0.0954488156293
v -0.25417300565 -0.0741671434852 0.0953742228646
v -0.253868333216 -0.0740683264669 0.0952883996254
v -0.253566699409 -0.0739704815318 0.0951914504741
v -0.253268471722 -0.0738737278889 0.0950834935284
v -0.252974013499 -0.0737781834178 0.0949646603172
v -0.252683683493 -0.0736839645244 0.0948350956204
v -0.252397835425 -0.0735911860002 0.0946949572927
v -0.252116817559 -0.0734999608814 0.094544416071
v -0.25184097227 -0.0734104003118 0.0943836553666
v -0.251570635634 -0.0733226134071 0.0942128710416
v -0.251306137014 -0.0732367071222 0.0940322711705
v -0.251047798662 -0.0731527861206 0.0938420757864
v -0.257650075442 -0.0752942822504 0.0958115268855
v -0.257328724286 -0.0751902039619 0.0958530016714
v -0.257006195804 -0.0750857309216 0.0958826626646
v -0.256682882944 -0.074980990414 0.0959004737279
v -0.256359179615 -0.0748761100493 0.095906413161
v -0.256035480199 -0.0747712176079 0.0959004737279
v -0.255712179074 -0.0746664408853 0.0958826626646
v -0.255389670133 -0.0745619075356 0.0958530016714
v -0.255068346302 -0.0744577449167 0.0958115268855
v -0.254748599067 -0.0743540799346 0.0957582888375
v -0.254430817988 -0.0742510388892 0.0956933523899
v -0.254115390235 -0.0741487473202 0.0956167966576
v -0.253802700106 -0.074047329854 0.0955287149121
v -0.253493128567 -0.0739469100522 0.0954292144674
v -0.253187052782 -0.0738476102608 0.0953184165495
v -0.252884845659 -0.0737495514614 0.0951964561485
v -0.252586875389 -0.0736528531236 0.0950634818544
v -0.252293505004 -0.0735576330592 0.0949196556759
v -0.252005091931 -0.0734640072794 0.0947651528431
v -0.251721987556 -0.0733720898527 0.0946001615939
v -0.251444536797 -0.0732819927663 0.0944248829446
v -0.251173077688 -0.0731938257897 0.0942395304453
v -0.250907940957 -0.0731076963407 0.0940443299195
v -0.257353502052 -0.0751985118132 0.0961016320033
v -0.257022703608 -0.0750913599771 0.0961320535348
v -0.256691100676 -0.0749839338155 0.096150321292
v -0.256359097261 -0.0748763642106 0.0961564130183
v -0.25602709786 -0.0747687822195 0.096150321292
v -0.255695506963 -0.0746613189142 0.0961320535348
v -0.255364728561 -0.0745541052222 0.0961016320033
v -0.255035165658 -0.0744472717669 0.0960590937613
v -0.254707219776 -0.0743409487084 0.0960044906352
v -0.254381290465 -0.0742352655849 0.0959378891504
v -0.25405777482 -0.0741303511551 0.0958593704507
v -0.253737066995 -0.074026333241 0.0957690301989
v -0.253419557724 -0.0739233385725 0.0956669784607
v -0.253105633843 -0.0738214926327 0.0955533395705
v -0.252795677819 -0.0737209195051 0.0954282519798
v -0.252490067286 -0.0736217417227 0.0952918680884
v -0.252189174584 -0.0735240801182 0.0951443540592
v -0.251893366303 -0.0734280536774 0.0949858896153
v -0.251603002841 -0.0733337793936 0.0948166678212
v -0.251318437961 -0.0732413721255 0.0946368948476
v -0.251040018361 -0.0731509444572 0.0944467897201
v -0.250768083253 -0.0730626065608 0.0942465840526
v -0.256985223224 -0.0729068799047 0.0956589127551
v -0.256666653759 -0.0728150336782 0.0956531257227
v -0.256348452564 -0.0727233682013 0.095635771676
v -0.256031007318 -0.0726319951542 0.0956068717584
v -0.25571470478 -0.0725410258608 0.0955664611799
v -0.255399930315 -0.0724505711532 0.0955145891746
v -0.255087067427 -0.0723607412367 0.0954513189404
v -0.254776497291 -0.0722716455549 0.0953767275626
v -0.254468598291 -0.0721833926575 0.0952909059191
v -0.254163745552 -0.0720960900668 0.0951939585704
v -0.253862310491 -0.0720098441477 0.095086003632
v -0.253564660361 -0.0719247599775 0.0949671726302
v -0.253271157802 -0.0718409412182 0.0948376103424
v -0.252982160402 -0.07175848999 0.0946974746202
v -0.252698020259 -0.071677506747 0.0945469361975
v -0.252419083555 -0.071598090155 0.0943861784821
v -0.252145690131 -0.0715203369706 0.0942153973326
v -0.251878173074 -0.0714443419243 0.0940348008194
v -0.251616858314 -0.0713701976043 0.0938446089716
v -0.256985652145 -0.0729053927928 0.0959089079641
v -0.256658699273 -0.0728111295604 0.0959029686413
v -0.256332124362 -0.0727170518341 0.0958851579093
v -0.256006325294 -0.0726232742331 0.0958554974675
v -0.255681699005 -0.072529911011 0.0958140234527
v -0.255358641001 -0.0724370759164 0.0957607863946
v -0.255037544879 -0.0723448820546 0.0956958511543
v -0.254718801846 -0.0722534417497 0.0956192968455
v -0.25440280024 -0.0721628664076 0.0955312167377
v -0.25408992506 -0.0720732663803 0.095431718143
v -0.253780557498 -0.0719847508317 0.0953209222851
v -0.25347507447 -0.0718974276044 0.0951989641517
v -0.253173848159 -0.0718114030883 0.09506599233
v -0.252877245564 -0.0717267820909 0.0949221688257
v -0.252585628049 -0.07164366771 0.0947676688656
v -0.252299350905 -0.0715621612076 0.094602680684
v -0.252018762918 -0.0714823618868 0.0944274052936
v -0.251744205939 -0.0714043669709 0.0942420562406
v -0.251476014474 -0.0713282714845 0.0940468593442
v -0.256650744787 -0.0728072254427 0.09615281156
v -0.25631579616 -0.072710735467 0.0961345441425
v -0.25598164327 -0.0726145533121 0.0961041231766
v -0.25564869323 -0.0725187961612 0.0960615857255
v -0.255317351687 -0.0724235806795 0.0960069836146
v -0.254988022332 -0.0723290228726 0.0959403833682
v -0.2546611064 -0.0722352379445 0.0958618661284
v -0.254337002188 -0.0721423401577 0.0957715275563
v -0.254016104569 -0.0720504426938 0.0956694777155
v -0.253698804505 -0.0719596575158 0.0955558409382
v -0.253385488578 -0.0718700952313 0.0954307556732
v -0.253076538516 -0.0717818649584 0.0952943743176
v -0.252772330726 -0.0716950741919 0.0951468630312
v -0.252473235839 -0.071609828673 0.0949884015336
v -0.252179618256 -0.0715262322603 0.0948191828858
v -0.251891835704 -0.0714443868031 0.0946394132547
v -0.251610238803 -0.0713643920175 0.0944493116618
v -0.251335170634 -0.0712863453648 0.0942491097168
v -0.256539956507 -0.0706557117535 0.0955787682929
v -0.255903911596 -0.070492552323 0.0954864926212
v -0.254965098856 -0.0702529655526 0.09526282612
v -0.254657756999 -0.0701748673708 0.0951658860329
v -0.254353840107 -0.0700978107521 0.0950579391804
v -0.254053718454 -0.0700218895783 0.0949391170793
v -0.253466318404 -0.0698738220617 0.0946694392702
v -0.252898418605 -0.0697313861914 0.0943581664487
v -0.252352785808 -0.0695952759003 0.0940068151048
v -0.257172938048 -0.0708151916167 0.0958748429977
v -0.256515510219 -0.0706458682021 0.0958273753795
v -0.256188338659 -0.0705618566141 0.0957859044712
v -0.255862727284 -0.0704784151024 0.0957326714006
v -0.255217769537 -0.0703136481323 0.0955911924493
v -0.254899208945 -0.070232523417 0.0955031189389
v -0.25427186444 -0.0700732855955 0.0952928402377
v -0.253963844849 -0.0699953664959 0.0951708912392
v -0.253660095646 -0.0699187076537 0.0950379293774
v -0.253066883039 -0.06976954268 0.0947396282579
v -0.252778142373 -0.0696972182831 0.0945746524342
v -0.252495116691 -0.0696265173911 0.0943993901723
v -0.256827815867 -0.0707226700961 0.0961064011534
v -0.256491063931 -0.0706360246507 0.0960759824661
v -0.256155503357 -0.0705498589194 0.0960334482012
v -0.255821542972 -0.0704642778818 0.0959788501801
v -0.255160047846 -0.0702952861176 0.0958337435634
v -0.254833319035 -0.0702120812814 0.0957434117578
v -0.254189888773 -0.0700487604388 0.0955277412951
v -0.253562433599 -0.0698902189601 0.0952662942588
v -0.253255655402 -0.0698129828699 0.0951187940212
v -0.252083515827 -0.0695197763842 0.0944212948997
v 0.192029806961 0.187778401519 0.0942277554492
v 0.192239892473 0.187969861674 0.0943985266692
v 0.192454141447 0.18816534329 0.0945592750379
v 0.192672292852 0.188364608204 0.0947098047081
v 0.192894080905 0.188567413642 0.0948499322825
v 0.19311923539 0.188773512517 0.0949794870374
v 0.193347481993 0.188982653728 0.0950983111301
v 0.193578542629 0.189194582471 0.0952062597919
v 0.193812135787 0.189409040542 0.0953032015039
v 0.19404797687 0.189625766656 0.0953890181576
v 0.194285778541 0.189844496768 0.0954636051986
v 0.194525251075 0.190064964387 0.095526871754
v 0.194766102714 0.190286900908 0.0955787407434
v 0.195008040015 0.190510035935 0.0956191489724
v 0.195250768215 0.190734097613 0.0956480472098
v 0.195493991588 0.190958812957 0.0956654002474
v 0.195737413804 0.191183908187 0.0956711869433
v 0.191934349292 0.187686501114 0.0944397510837
v 0.192149963371 0.187882999694 0.0946150162833
v 0.192369850475 0.188083625563 0.0947799948722
v 0.192593742707 0.188288134291 0.0949344858495
v 0.192821367287 0.188496276714 0.0950783009916
v 0.193052446891 0.188707799243 0.0952112650821
v 0.193286699983 0.188922444171 0.0953332161247
v 0.193523841162 0.189139949986 0.0954440055407
v 0.193763581509 0.18936005169 0.0955434983504
v 0.194005628935 0.189582481123 0.0956315733371
v 0.194249688545 0.18980696729 0.0957081231949
v 0.194495462989 0.190033236689 0.0957730546598
v 0.194742652828 0.190261013644 0.0958262886226
v 0.1949909569 0.190490020646 0.095867760226
v 0.195240072685 0.190719978684 0.0958974189433
v 0.195489696673 0.19095060759 0.0959152286398
v 0.195739524736 0.191181626378 0.0959211676172
v 0.191838891623 0.187594600709 0.0946517467183
v 0.192060034268 0.187796137714 0.0948315058973
v 0.192285559504 0.188001907836 0.0950007147064
v 0.192515192562 0.188211660377 0.0951591669908
v 0.19274865367 0.188425139786 0.0953066697008
v 0.192985658392 0.18864208597 0.0954430431269
v 0.193225917973 0.188862234614 0.0955681211193
v 0.193469139695 0.1890853175 0.0956817512896
v 0.19371502723 0.189311062838 0.0957837951969
v 0.193963281001 0.18953919559 0.0958741285166
v 0.19421359855 0.189769437813 0.0959526411913
v 0.194465674902 0.190001508991 0.0960192375655
v 0.194719202943 0.190235126381 0.0960738365017
v 0.194973873786 0.190470005357 0.0961163714796
v 0.195229377155 0.190705859755 0.0961467906768
v 0.195485401758 0.190942402223 0.0961650570322
v 0.195741635669 0.19117934457 0.0961711482911
v 0.188832742667 0.188587779483 0.0928065023287
v 0.189001688859 0.188750369878 0.0930409746526
v 0.189176390939 0.188918574088 0.0932671211761
v 0.18935663606 0.18909218718 0.0934846663746
v 0.189542204621 0.189270997636 0.0936933452029
v 0.189732870535 0.1894547876 0.0938929034178
v 0.189928401505 0.189643333154 0.0940830978884
v 0.190128559308 0.189836404585 0.0942636968921
v 0.19033310008 0.190033766663 0.0944344803968
v 0.190541774621 0.190235178934 0.0945952403291
v 0.190754328694 0.190440396008 0.0947457808278
v 0.190970503333 0.19064916786 0.0948859184825
v 0.191190035164 0.190861240133 0.095015482557
v 0.19141265672 0.191076354451 0.0951343151975
v 0.191638096771 0.191294248728 0.0952422716247
v 0.191866080654 0.191514657495 0.0953392203103
v 0.192096330605 0.191737312217 0.0954250431373
v 0.1923285661 0.191961941625 0.0954996355439
v 0.192562504197 0.192188272041 0.0955629066505
v 0.188703971808 0.188462244629 0.0929801659881
v 0.188877363952 0.188629113719 0.0932208086362
v 0.189056663456 0.188801744355 0.0934529063841
v 0.18924165187 0.188979926214 0.0936761764563
v 0.189432103814 0.189163442207 0.0938903468326
v 0.189627787252 0.18935206875 0.0940951565795
v 0.189828463774 0.189545576029 0.0942903561678
v 0.190033888887 0.189743728287 0.0944757077768
v 0.190243812311 0.189946284104 0.0946509855843
v 0.190457978288 0.190152996698 0.0948159760411
v 0.190676125889 0.190363614221 0.0949704781319
v 0.190897989334 0.190577880069 0.0951143036196
v 0.191123298318 0.190795533192 0.095247277275
v 0.191351778336 0.191016308412 0.0953692370903
v 0.191583151021 0.191239936749 0.0954800344761
v 0.191817134479 0.191466145747 0.0955795344429
v 0.19205344364 0.191694659804 0.0956676157654
v 0.192291790595 0.191925200512 0.0957441711299
v 0.18857520095 0.188336709776 0.0931538296475
v 0.188753039046 0.188507857561 0.0934006426199
v 0.188936935973 0.188684914623 0.0936386915921
v 0.189126667679 0.188867665247 0.0938676865379
v 0.189322003007 0.189055886779 0.0940873484624
v 0.189522703969 0.1892493499 0.0942974097412
v 0.189728526043 0.189447818904 0.0944976144471
v 0.189939218466 0.189651051988 0.0946877186616
v 0.190154524543 0.189858801545 0.0948674907718
v 0.190374181955 0.190070814462 0.0950367117531
v 0.190597923084 0.190286832435 0.095195175436
v 0.190825475336 0.190506592279 0.0953426887567
v 0.191056561473 0.19072982625 0.0954790719931
v 0.191290899953 0.190956262374 0.095604158983
v 0.19152820527 0.191185624771 0.0957177973275
v 0.191768188305 0.191417633999 0.0958198485755
v 0.192010556674 0.191652007391 0.0959101883934
v 0.19225501509 0.191888459399 0.095988706716
v 0.187076497931 0.190646679256 0.0930242405734
v 0.187245033277 0.190821062684 0.0932503865005
v 0.1874189962 0.191000970885 0.0934679311252
v 0.187598174754 0.191186184667 0.0936766094031
v 0.187782350639 0.191376478376 0.0938761670917
v 0.187971299462 0.191571620168 0.0940663610607
v 0.188164791021 0.191771372294 0.0942469595881
v 0.188362589574 0.191975491386 0.0944177426424
v 0.188564454136 0.192183728756 0.0945785021507
v 0.188770138764 0.1923958307 0.0947290422523
v 0.188979392864 0.192611538803 0.0948691795374
v 0.189191961493 0.192830590259 0.0949987432702
v 0.189407585668 0.193052718187 0.0951175755973
v 0.189626002683 0.193277651959 0.0952255317398
v 0.189846946433 0.193505117527 0.0953224801697
v 0.19007014773 0.193734837759 0.0954083027704
v 0.190295334638 0.193966532778 0.0954828949801
v 0.190522232803 0.194199920297 0.0955461659199
v 0.190750565782 0.194434715971 0.0955980385038
v 0.190980055388 0.194670633737 0.095638449533
v 0.191210422024 0.194907386166 0.0956673497729
v 0.191441385022 0.195144684811 0.0956847040131
v 0.19167266299 0.195382240561 0.09569049111
v 0.186954829256 0.190522757336 0.0932040740827
v 0.187127799742 0.190701729802 0.0934361712185
v 0.187306340637 0.190886372428 0.0936594407018
v 0.187490234417 0.191076460257 0.0938736105133
v 0.187679257035 0.191271761695 0.09407841972
v 0.187873178196 0.191472038798 0.0942736187934
v 0.188071761637 0.191677047559 0.0944589699136
v 0.188274765416 0.191886538206 0.0946342472588
v 0.188481942203 0.192100255507 0.0947992372805
v 0.188693039584 0.192317939081 0.0949537389638
v 0.188907800372 0.192539323713 0.0950975640722
v 0.189125962912 0.192764139681 0.0952305373769
v 0.189347261407 0.192992113081 0.0953524968705
v 0.189571426238 0.193222966162 0.0954632939641
v 0.189798184297 0.193456417666 0.0955627936685
v 0.190027259313 0.193692183168 0.0956508747586
v 0.190258372192 0.193929975424 0.0957274299213
v 0.190491241361 0.19416950472 0.0957923658858
v 0.190725583103 0.194410479228 0.0958456035376
v 0.19096111191 0.194652605356 0.095887078015
v 0.191197540825 0.194895588112 0.0959167387875
v 0.191434581796 0.195139131458 0.0959345497183
v 0.191671946027 0.195382938674 0.0959404891072
v 0.186833160581 0.190398835415 0.0933839075921
v 0.187010566208 0.190582396919 0.0936219559364
v 0.187193685074 0.190771773972 0.0938509502783
v 0.187382294079 0.190966735847 0.0940706116234
v 0.187576163431 0.191167045015 0.0942806723483
v 0.187775056929 0.191372457428 0.0944808765262
v 0.187978732254 0.191582722824 0.0946709802392
v 0.188186941258 0.191797585026 0.0948507518753
v 0.18839943027 0.192016782258 0.0950199724104
v 0.188615940405 0.192240047461 0.0951784356753
v 0.188836207879 0.192467108623 0.0953259486069
v 0.18905996433 0.192697689103 0.0954623314836
v 0.189286937145 0.192931507974 0.0955874181436
v 0.189516849794 0.193168280365 0.0957010561884
v 0.189749422161 0.193407717805 0.0958031071672
v 0.189984370895 0.193649528576 0.0958934467469
v 0.190221409746 0.19389341807 0.0959719648624
v 0.190460249919 0.194139089143 0.0960385658516
v 0.190700600424 0.194386242484 0.0960931685715
v 0.190942168431 0.194634576974 0.096135706497
v 0.191184659626 0.194883790057 0.0961661278022
v 0.191427778571 0.195133578105 0.0961843954234
v 0.191671229064 0.195383636788 0.0961904871044
v 0.185136903666 0.192512170604 0.093018190765
v 0.185301482617 0.192690292283 0.0932443370881
v 0.185471358416 0.19287406417 0.0934618820939
v 0.185646324096 0.193063262367 0.0936705607372
v 0.185826166486 0.193257656367 0.0938701187752
v 0.186010666479 0.193457009328 0.0940603130773
v 0.186199599288 0.193661078371 0.094240911921
v 0.186392734728 0.19386961487 0.0944116952743
v 0.186589837493 0.194082364753 0.0945724550642
v 0.186790667444 0.194299068819 0.0947229954295
v 0.186994979901 0.194519463047 0.09486313296
v 0.187202525941 0.19474327892 0.0949926969197
v 0.187413052699 0.194970243753 0.0951115294548
v 0.187626303683 0.195200081025 0.0952194857864
v 0.187842019078 0.195432510714 0.0953164343861
v 0.188059936069 0.19566724964 0.095402257137
v 0.188279789157 0.195904011811 0.0954768494774
v 0.188501310485 0.196142508767 0.095540120528
v 0.188724230164 0.196382449938 0.0955919932027
v 0.1889482766 0.196623542992 0.0956324043027
v 0.189173176827 0.196865494194 0.0956613045932
v 0.189398656839 0.197108008764 0.0956786588638
v 0.189624441924 0.197350791234 0.0956844459709
v 0.189850256996 0.197593545813 0.0956786588638
v 0.185018162828 0.192385440935 0.0931980245893
v 0.185187072804 0.192568250027 0.0934301221315
v 0.185361419019 0.192756858016 0.0936533920058
v 0.185540989058 0.192951035114 0.0938675621924
v 0.185725564143 0.193150544744 0.0940723717577
v 0.185914919398 0.193355143837 0.094267571173
v 0.186108824123 0.193564583118 0.0944529226178
v 0.186307042075 0.193778607419 0.0946282002699
v 0.186509331755 0.193996955983 0.0947931905806
v 0.186715446705 0.194219362788 0.0949476925344
v 0.186925135806 0.194445556863 0.0950915178947
v 0.187138143583 0.194675262628 0.0952244914323
v 0.187354210519 0.19490820022 0.0953464511394
v 0.187573073371 0.195144085841 0.095457248427
v 0.187794465487 0.195382632101 0.0955567483057
v 0.188018117136 0.195623548367 0.0956448295501
v 0.188243755831 0.195866541121 0.0957213848468
v 0.188471106668 0.196111314314 0.095786320925
v 0.188699892654 0.196357569726 0.0958395586701
v 0.188929835049 0.196605007334 0.0958810332201
v 0.189160653703 0.196853325672 0.0959106940446
v 0.1893920674 0.197102222204 0.0959285050065
v 0.189623794197 0.197351393688 0.0959344444059
v 0.189855551771 0.197600536545 0.0959285050065
v 0.184899421989 0.192258711267 0.0933778584136
v 0.18507266299 0.192446207771 0.0936159071748
v 0.185251479621 0.192639651862 0.0938449019177
v 0.18543565402 0.19283880786 0.0940645636475
v 0.1856249618 0.193043433122 0.0942746247402
v 0.185819172318 0.193253278345 0.0944748292687
v 0.186018048959 0.193468087864 0.0946649333147
v 0.186221349422 0.193687599968 0.0948447052656
v 0.186428826017 0.193911547213 0.095013926097
v 0.186640225966 0.194139656756 0.0951723896394
v 0.18685529171 0.19437165068 0.0953199028294
v 0.187073761225 0.194607246336 0.0954562859449
v 0.18729536834 0.194846156687 0.095581372824
v 0.187519843059 0.195088090657 0.0956950110677
v 0.187746911896 0.195332753487 0.0957970622253
v 0.187976298202 0.195579847094 0.0958874019631
v 0.188207722506 0.195829070432 0.0959659202162
v 0.188440902851 0.19608011986 0.096032521322
v 0.188675555145 0.196332689514 0.0960871241375
v 0.188911393498 0.196586471675 0.0961296621375
v 0.18914813058 0.196841157151 0.096160083496
v 0.189385477961 0.197096435645 0.0961783511492
v 0.189623146471 0.197351996141 0.0961844428409
v 0.189860846547 0.197607527277 0.0961783511492
v 0.182962511254 0.194150928295 0.0927696888596
v 0.183119037607 0.194325506115 0.0930041623309
v 0.18328094323 0.194506059545 0.0932303099611
v 0.183448030868 0.194692368611 0.0934478562242
v 0.183620096949 0.194884206321 0.0936565360736
v 0.183796931838 0.195081338952 0.0938560952651
v 0.183978320088 0.195283526328 0.0940462906664
v 0.184164040706 0.195490522115 0.0942268905539
v 0.18435386742 0.19570207412 0.0943976748943
v 0.184547568955 0.1959179246 0.0945584356133
v 0.184744909316 0.196137810574 0.0947089768487
v 0.184945648073 0.196361464145 0.0948491151892
v 0.185149540658 0.196588612826 0.0949786798978
v 0.185356338659 0.19681897987 0.0950975131198
v 0.185565790125 0.197052284612 0.0952054700753
v 0.18577763987 0.197288242804 0.0953024192353
v 0.18599162979 0.19752656697 0.0953882424823
v 0.186207499169 0.197766966746 0.0954628352538
v 0.186424985005 0.198009149244 0.0955261066701
v 0.186643822324 0.198252819401 0.0955779796446
v 0.186863744507 0.198497680342 0.0956183909781
v 0.187084483612 0.198743433743 0.0956472914357
v 0.182842202017 0.194017263318 0.0929433533688
v 0.183002847485 0.194196435292 0.0931839971946
v 0.183169013783 0.194381740129 0.0934160960782
v 0.183340498464 0.194572952064 0.093639367243
v 0.1835170926 0.194769838135 0.0938535386674
v 0.183698581038 0.194972158467 0.0940583494165
v 0.183884742663 0.195179666564 0.09425354996
v 0.184075350666 0.195392109608 0.0944389024761
v 0.18427017282 0.195609228771 0.0946141811413
v 0.184468971763 0.195830759527 0.0947791724056
v 0.184671505291 0.196056431974 0.0949336752524
v 0.184877526648 0.196285971165 0.0950775014439
v 0.185086784827 0.196519097442 0.0952104757501
v 0.185299024881 0.196755526777 0.0953324361621
v 0.185513988227 0.196994971118 0.0954432340901
v 0.185731412966 0.197237138736 0.0955427345439
v 0.185951034199 0.19748173459 0.0956308162974
v 0.186172584351 0.197728460677 0.0957073720366
v 0.186395793498 0.197977016398 0.0957723084901
v 0.186620389694 0.198227098928 0.0958255465429
v 0.186846099303 0.198478403578 0.0958670213326
v 0.187072647333 0.198730624173 0.0958966823285
v 0.182721892781 0.193883598342 0.093117017878
v 0.182886657363 0.194067364469 0.0933638320583
v 0.183057084335 0.194257420712 0.0936018821954
v 0.183232966059 0.194453535517 0.0938308782618
v 0.18341408825 0.194655469949 0.0940505412612
v 0.183600230238 0.194862977982 0.094260603568
v 0.183791165238 0.195075806799 0.0944608092536
v 0.183986660626 0.195293697101 0.0946509143983
v 0.184186478219 0.195516383422 0.0948306873883
v 0.184390374572 0.195743594453 0.0949999091978
v 0.184598101267 0.195975053373 0.0951583736561
v 0.184809405222 0.196210478185 0.0953058876986
v 0.185024028996 0.196449582059 0.0954422716024
v 0.185241711102 0.196692073685 0.0955673592045
v 0.185462186329 0.196937657623 0.095680998105
v 0.185685186061 0.197186034668 0.0957830498524
v 0.185910438608 0.197436902211 0.0958733901124
v 0.186137669534 0.197689954607 0.0959519088193
v 0.186366601992 0.197944883552 0.0960185103101
v 0.186596957065 0.198201378454 0.0960731134412
v 0.1868284541 0.198459126813 0.096115651687
v 0.187060811053 0.198717814603 0.0961460732213
v 0.181008312768 0.196219236923 0.0930126259302
v 0.181171391399 0.196398732763 0.0932387726226
v 0.18133964225 0.196583993094 0.0934563179836
v 0.181512860332 0.196774792205 0.0936649969677
v 0.181690834605 0.196970897637 0.0938645553316
v 0.181873348237 0.197172070465 0.0940547499443
v 0.182060178861 0.197378065591 0.0942353490829
v 0.182251098854 0.197588632042 0.0944061327151
v 0.182445875608 0.197803513276 0.0945668927675
v 0.18264427182 0.198022447491 0.0947174333786
v 0.182846045772 0.198245167952 0.094857571138
v 0.183050951635 0.198471403307 0.0949871353092
v 0.183258739763 0.198700877923 0.0951059680385
v 0.183469156998 0.198933312221 0.0952139245463
v 0.183681946978 0.199168423016 0.0953108733043
v 0.183896850452 0.19940592386 0.0953966961954
v 0.184113605593 0.199645525397 0.0954712886576
v 0.184331948319 0.199886935708 0.0955345598115
v 0.184551612612 0.200129860672 0.0955864325709
v 0.184772330845 0.200374004323 0.0956268437369
v 0.184993834108 0.200619069209 0.0956557440747
v 0.185215852532 0.200864756756 0.0956730983736
v 0.180892303343 0.196090002627 0.0931924600481
v 0.181059673517 0.196274222042 0.0934245579693
v 0.181232352021 0.196464357645 0.0936478282083
v 0.181410128474 0.196660177785 0.0938619987445
v 0.181592786281 0.196861443886 0.0940668086444
v 0.181780102903 0.197067910736 0.0942620083784
v 0.181971850122 0.197279326786 0.0944473601259
v 0.182167794326 0.19749543446 0.0946226380643
v 0.182367696784 0.197715970463 0.0947876286443
v 0.182571313949 0.197940666105 0.0949421308505
v 0.182778397742 0.19816924763 0.0950859564456
v 0.182988695865 0.198401436547 0.0952189302004
v 0.183201952101 0.198636949969 0.0953408901067
v 0.183417906631 0.198875500959 0.0954516875752
v 0.183636296348 0.19911679888 0.0955511876164
v 0.183856855176 0.199360549747 0.0956392690046
v 0.1840793144 0.199606456587 0.0957158244263
v 0.184303402987 0.199854219801 0.0957807606106
v 0.18452884792 0.200103537527 0.0958339984426
v 0.184755374527 0.200354106011 0.0958754730603
v 0.184982706823 0.200605619973 0.0959051339333
v 0.180776293918 0.195960768331 0.0933722941661
v 0.180947955635 0.19614971132 0.0936103433161
v 0.181125061793 0.196344722195 0.0938393384329
v 0.181307396616 0.196545563365 0.0940590005214
v 0.181494737957 0.196751990135 0.0942690619571
v 0.181686857569 0.196963751007 0.0944692668126
v 0.181883521384 0.197180587982 0.094659371169
v 0.182084489797 0.197402236878 0.0948391434135
v 0.18228951796 0.197628427649 0.0950083645212
v 0.182498356077 0.197858884719 0.0951668283224
v 0.182710749712 0.198093327309 0.0953143417533
v 0.182926440094 0.198331469788 0.0954507250915
v 0.183145164439 0.198573022015 0.0955758121749
v 0.183366656265 0.198817689697 0.0956894506042
v 0.183590645718 0.199065174744 0.0957915019284
v 0.183816859901 0.199315175633 0.0958818418138
v 0.184045023208 0.199567387777 0.0959603601951
v 0.184274857656 0.199821503894 0.0960269614097
v 0.184506083227 0.200077214383 0.0960815643143
v 0.18473841821 0.200334207699 0.0961241023838
v 0.184971579539 0.200592170737 0.0961545237919
v 0.178933847736 0.198106666719 0.0930214755792
v 0.179094713955 0.198288146699 0.0932476233178
v 0.179260718079 0.198475421716 0.093465169685
v 0.179431657857 0.198668263605 0.0936738496344
v 0.179607325025 0.198866437417 0.0938734089214
v 0.179787505561 0.199069701709 0.0940636044139
v 0.179971979941 0.199277808834 0.0942442043878
v 0.180160523413 0.199490505245 0.0944149888101
v 0.180352906265 0.199707531806 0.0945757496061
v 0.180548894108 0.199928624101 0.0947262909135
v 0.180748248161 0.200153512765 0.0948664293211
v 0.180950725542 0.200381923806 0.0949959940917
v 0.181156079564 0.200613578939 0.0951148273706
v 0.181364060034 0.200848195928 0.0952227843778
v 0.18157441356 0.20108548893 0.0953197335843
v 0.181786883859 0.201325168838 0.0954055568724
v 0.182001212068 0.20156694364 0.0954801496796
v 0.182217137061 0.201810518771 0.0955434211262
v 0.182434395768 0.202055597471 0.0955952941255
v 0.182652723492 0.20230188115 0.0956357054784
v 0.182871854234 0.20254906975 0.0956646059499
v 0.183091521017 0.202796862108 0.0956819603291
v 0.183311456211 0.203044956329 0.0956877474724
v 0.183531391859 0.203293050148 0.0956819603291
v 0.178818637711 0.197976720419 0.0932013105291
v 0.178983737251 0.198162976188 0.0934334095239
v 0.179154109905 0.198355179495 0.0936566807956
v 0.179329548098 0.19855309617 0.0938708523225
v 0.179509838086 0.198756485083 0.0940756631697
v 0.179694760215 0.198965098435 0.0942708638067
v 0.179884089184 0.199178682063 0.0944562164116
v 0.180077594326 0.199396975749 0.0946314951607
v 0.180275039885 0.199619713534 0.094796486504
v 0.180476185303 0.199846624048 0.0949509894248
v 0.180680785515 0.200077430835 0.0950948156852
v 0.180888591248 0.200311852693 0.095227790055
v 0.181099349323 0.200549604013 0.0953497505255
v 0.181312802963 0.200790395134 0.0954605485066
v 0.181528692109 0.201033932688 0.0955600490079
v 0.181746753731 0.201279919962 0.0956481308036
v 0.181966722156 0.201528057259 0.0957246865795
v 0.182188329387 0.201778042262 0.0957896230641
v 0.182411305428 0.202029570401 0.0958428611424
v 0.182635378618 0.20228233523 0.0958843359519
v 0.182860275958 0.202536028793 0.0959139969621
v 0.183085723446 0.202790342003 0.0959318080355
v 0.183311446408 0.203044965019 0.095937747472
v 0.183537169836 0.203299587623 0.0959318080355
v 0.178703427685 0.197846774119 0.0933811454789
v 0.178872760547 0.198037805677 0.09361919573
v 0.17904750173 0.198234937274 0.0938481919061
v 0.179227438338 0.198437928736 0.0940678550107
v 0.179412351147 0.198646532749 0.0942779174181
v 0.179602014869 0.198860495161 0.0944781231996
v 0.179796198427 0.199079555293 0.0946682284353
v 0.17999466524 0.199303446252 0.0948480015114
v 0.180197173505 0.199531895263 0.0950172234019
v 0.180403476497 0.199764623995 0.0951756879361
v 0.180613322869 0.200001348905 0.0953232020493
v 0.180826456954 0.200241781579 0.0954595860183
v 0.181042619083 0.200485629088 0.0955846736804
v 0.181261545893 0.20073259434 0.0956983126353
v 0.181482970657 0.200982376446 0.0958003644316
v 0.181706623603 0.201234671087 0.0958907047348
v 0.181932232245 0.201489170878 0.0959692234793
v 0.182159521712 0.201745565753 0.096035825002
v 0.182388215087 0.202003543332 0.0960904281592
v 0.182618033744 0.20226278931 0.0961329664254
v 0.182848697683 0.202522987836 0.0961633879743
v 0.183079925875 0.202783821898 0.0961816557419
v 0.183311436606 0.203044973709 0.0961877474717
v 0.183542947814 0.203306125097 0.0961816557419
v 0.176832038225 0.199921814161 0.0930123403266
v 0.176990194858 0.200105661076 0.093238487434
v 0.177153430538 0.200295354719 0.0934560331941
v 0.177321546386 0.200490663977 0.0936647125611
v 0.177494337581 0.200691350896 0.0938642712912
v 0.177671593601 0.20089717097 0.0940544662528
v 0.17785309849 0.201107873438 0.0942350657228
v 0.178038631109 0.201323201593 0.0944058496684
v 0.178227965417 0.201542893089 0.0945666100157
v 0.178420870739 0.201766680267 0.094717150903
v 0.17861711205 0.201994290476 0.0948572889195
v 0.178816450259 0.20222544641 0.0949868533285
v 0.179018642503 0.202459866438 0.0951056862758
v 0.179223442444 0.202697264958 0.0952136429817
v 0.179430600563 0.202937352735 0.0953105919176
v 0.17963986447 0.203179837259 0.0953964149661
v 0.179850979209 0.203424423101 0.0954710075652
v 0.18006368757 0.20367081227 0.0955342788352
v 0.1802777304 0.203918704579 0.0955861516898
v 0.180492846922 0.204167798009 0.0956265629299
v 0.180708775047 0.204417789079 0.0956554633207
v 0.180925251703 0.204668373213 0.0956728176514
v 0.181142013144 0.204919245112 0.0956786047786
v 0.181358795281 0.205170099128 0.0956728176514
v 0.176718170816 0.199790689089 0.0931921747746
v 0.176880489466 0.199979374081 0.0934242731216
v 0.177048020821 0.200174059662 0.0936475437702
v 0.177220560771 0.200374508638 0.0938617146994
v 0.177397899102 0.200580476791 0.094066524975
v 0.177579819755 0.200791713183 0.0942617250672
v 0.177766101087 0.201007960453 0.0944470771548
v 0.177956516144 0.201228955137 0.0946223554148
v 0.178150832934 0.201454427989 0.0947873462976
v 0.178348814712 0.201684104303 0.0949418487872
v 0.178550220267 0.201917704255 0.0950856746462
v 0.178754804219 0.202154943239 0.0952186486449
v 0.178962317312 0.202395532216 0.095340608775
v 0.179172506725 0.202639178065 0.0954514064468
v 0.179385116373 0.202885583941 0.0955509066705
v 0.179599887225 0.203134449637 0.0956389882204
v 0.179816557615 0.203385471949 0.0957155437826
v 0.180034863565 0.203638345043 0.095780480086
v 0.180254539101 0.203892760834 0.0958337180157
v 0.180475316583 0.204148409355 0.0958751927095
v 0.180696927028 0.204404979137 0.0959048536369
v 0.180919100438 0.20466215759 0.0959226646605
v 0.181141566127 0.204919631381 0.0959286040805
v 0.181364053057 0.205177086818 0.0959226646605
v 0.176604303407 0.199659564017 0.0933720092225
v 0.176770784073 0.199853087086 0.0936100588092
v 0.176942611104 0.200052764605 0.0938390543462
v 0.177119575155 0.200258353298 0.0940587168377
v 0.177301460623 0.200469602686 0.0942687786589
v 0.177488045908 0.200686255395 0.0944689838817
v 0.177679103685 0.200908047467 0.0946590885869
v 0.17787440118 0.201134708682 0.0948388611612
v 0.178073700451 0.201365962889 0.0950080825794
v 0.178276758685 0.201601528339 0.0951665466714
v 0.178483328485 0.201841118034 0.0953140603729
v 0.178693158179 0.202084440068 0.0954504439613
v 0.178905992121 0.202331197993 0.0955755312742
v 0.179121571006 0.202581091172 0.095689169912
v 0.179339632183 0.202833815148 0.0957912214235
v 0.17955990998 0.203089062015 0.0958815614746
v 0.179782136022 0.203346520796 0.09596008
v 0.18000603956 0.203605877816 0.0960266813368
v 0.180231347802 0.203866817089 0.0960812843416
v 0.180457786245 0.2041290207 0.0961238224891
v 0.180685079009 0.204392169194 0.0961542439531
v 0.180912949173 0.204655941966 0.0961725116697
v 0.181141119111 0.20492001765 0.0961786033825
v 0.181369310834 0.205184074509 0.0961725116697
v 0.174900070751 0.201912519152 0.0932341726296
v 0.175061343039 0.202103884245 0.0934517188851
v 0.175227421607 0.202300928291 0.0936603987271
v 0.175398104112 0.202503411222 0.0938599579116
v 0.175573182605 0.202711086344 0.0940501533062
v 0.175752443779 0.202923700637 0.0942307531873
v 0.175935669232 0.203140995062 0.0944015375218
v 0.176122635732 0.203362704881 0.0945622982351
v 0.17631311549 0.203588559974 0.0947128394652
v 0.176506876435 0.203818285171 0.0948529778007
v 0.176703682499 0.204051600588 0.0949825425047
v 0.176903293905 0.204288221965 0.0951013757226
v 0.177105467456 0.204527861017 0.0952093326742
v 0.177309956835 0.204770225779 0.0953062818309
v 0.177516512904 0.205015020967 0.0953921050748
v 0.177724884005 0.205261948337 0.0954666978437
v 0.177934816271 0.205510707045 0.0955299692578
v 0.178146053932 0.205760994018 0.0955818422305
v 0.178358339626 0.206012504318 0.0956222535626
v 0.178571414717 0.20626493152 0.0956511540192
v 0.178785019605 0.20651796808 0.0956685083894
v 0.178998894046 0.206771305711 0.0956742955298
v 0.174792013024 0.201784820097 0.0934199587402
v 0.17495752932 0.201981221113 0.0936432298971
v 0.175127978376 0.202183450529 0.093857401314
v 0.175303152526 0.202391261958 0.0940622120559
v 0.175482838347 0.202604402215 0.0942574125925
v 0.175666816921 0.20282261162 0.0944427651021
v 0.175854864096 0.203045624321 0.0946180437611
v 0.176046750768 0.203273168608 0.0947830350196
v 0.176242243151 0.203504967256 0.094937537861
v 0.176441103068 0.203740737853 0.0950813640474
v 0.176643088239 0.20398019315 0.0952143383489
v 0.176847952576 0.204223041405 0.0953362987567
v 0.177055446484 0.204468986747 0.0954470966808
v 0.177265317162 0.204717729529 0.095546597131
v 0.177477308917 0.204968966697 0.0956346788814
v 0.177691163469 0.205222392155 0.0957112346179
v 0.177906620268 0.205477697145 0.0957761710691
v 0.178123416814 0.205734570617 0.09582940912
v 0.178341288974 0.205992699609 0.0958708839083
v 0.178559971305 0.206251769632 0.0959005449032
v 0.178779197374 0.206511465049 0.0959183559674
v 0.17899870009 0.20677146946 0.0959242954009
v 0.174683955296 0.201657121042 0.0936057448508
v 0.1748537156 0.201858557982 0.0938347409092
v 0.175028535145 0.202065972767 0.0940544039008
v 0.17520820094 0.202279112694 0.0942644662002
v 0.17539249409 0.202497718086 0.0944646718788
v 0.175581190063 0.202721522604 0.0946547770169
v 0.175774058961 0.202950253579 0.0948345500005
v 0.175970865803 0.203183632336 0.095003771804
v 0.176171370811 0.203421374539 0.0951622362567
v 0.176375329701 0.203663190536 0.0953097502941
v 0.176582493979 0.203908785711 0.095446134193
v 0.176792611248 0.204157860845 0.0955712217908
v 0.177005425512 0.204410112478 0.0956848606873
v 0.17722067749 0.20466523328 0.0957869124311
v 0.177438104931 0.204922912426 0.0958772526879
v 0.177657442932 0.205182835973 0.095955771392
v 0.177878424265 0.205444687245 0.0960223728805
v 0.178100779697 0.205708147216 0.0960769760096
v 0.178324238323 0.2059728949 0.096119514254
v 0.178548527892 0.206238607745 0.0961499357872
v 0.178773375143 0.206504962018 0.0961682035454
v 0.178998506134 0.206771633209 0.096174295272
v 0.172943074384 0.203850099141 0.0934502714324
v 0.173105855333 0.204049876075 0.0936589512409
v 0.173273150897 0.204255166265 0.0938585103933
v 0.173444757251 0.204465719597 0.0940487057574
v 0.173620465319 0.204681279545 0.0942293056095
v 0.17380006103 0.204901583482 0.0944000899164
v 0.173983325571 0.205126363 0.0945608506039
v 0.174170035666 0.205355344242 0.0947113918098
v 0.174359963834 0.205588248229 0.0948515301228
v 0.174552878679 0.205824791203 0.094981094806
v 0.174748545164 0.206064684973 0.0950999280047
v 0.174946724898 0.206307637265 0.095207884939
v 0.175147176431 0.206553352079 0.0953048340801
v 0.175349655543 0.20680153005 0.0953906573103
v 0.175553915545 0.207051868812 0.0954652500672
v 0.175759707577 0.207304063364 0.095528521471
v 0.175966780913 0.207557806447 0.0955803944354
v 0.176174883266 0.207812788913 0.095620805761
v 0.176383761097 0.208068700107 0.0956497062129
v 0.176593159918 0.208325228239 0.0956670605804
v 0.17680282461 0.20858206077 0.0956728477198
v 0.17701249973 0.208838884788 0.0956670605804
v 0.172841276794 0.203725757697 0.0936417824137
v 0.173008341452 0.203930791919 0.0938559537961
v 0.17318003953 0.204141484483 0.0940607645051
v 0.173356161841 0.204357578692 0.0942559650104
v 0.173536493806 0.20457881127 0.0944413174901
v 0.173720815719 0.204804912679 0.094616596121
v 0.173908903012 0.205035607448 0.0947815873529
v 0.17410052653 0.205270614512 0.0949360901694
v 0.174295452808 0.205509647551 0.0950799163328
v 0.17449344436 0.20575241534 0.0952128906129
v 0.174694259962 0.205998622104 0.095334851001
v 0.174897654953 0.206247967877 0.0954456489073
v 0.175103381526 0.206500148871 0.0955451493416
v 0.175311189036 0.206754857841 0.0956332310778
v 0.175520824301 0.207011784465 0.095709786802
v 0.175732031912 0.207270615716 0.0957747232428
v 0.175944554547 0.207531036248 0.0958279612852
v 0.176158133278 0.20779272878 0.0958694360667
v 0.176372507893 0.208055374478 0.0958990970569
v 0.17658741721 0.208318653351 0.0959169081182
v 0.176802599394 0.208582244632 0.0959228475508
v 0.177017792279 0.208845827178 0.0959169081182
v 0.172739479203 0.203601416254 0.093833293395
v 0.17291082757 0.203811707763 0.0940529563513
v 0.173086928163 0.2040278027 0.0942630186169
v 0.173267566431 0.204249437787 0.0944632242633
v 0.173452522293 0.204476342995 0.0946533293708
v 0.173641570408 0.204708241876 0.0948331023255
v 0.173834480453 0.204944851895 0.0950023241018
v 0.174031017394 0.205185884782 0.0951607885291
v 0.174230941782 0.205431046873 0.0953083025428
v 0.17443401004 0.205680039477 0.0954446864198
v 0.17463997476 0.205932559235 0.0955697739974
v 0.174848585007 0.206188298489 0.0956834128756
v 0.175059586621 0.206446945663 0.095785464603
v 0.175272722528 0.206708185632 0.0958758048453
v 0.175487733056 0.206971700118 0.0959543235368
v 0.175704356248 0.207237168067 0.0960209250146
v 0.17592232818 0.207504266049 0.0960755281349
v 0.176141383289 0.207772668646 0.0961180663724
v 0.17636125469 0.20804204885 0.0961484879008
v 0.176581674501 0.208312078462 0.096166755656
v 0.176802374178 0.208582428495 0.0961728473817
v 0.177023084829 0.208852769567 0.096166755656
v 0.168400058456 0.207190596934 0.0932287124944
v 0.16855694069 0.207385577121 0.0934462588441
v 0.16871848195 0.207586357673 0.0936549387766
v 0.168884485423 0.207792693971 0.0938544980475
v 0.169054748858 0.208004334624 0.0940446935245
v 0.169229064816 0.208221021783 0.0942252934839
v 0.169407220919 0.208442491446 0.0943960778923
v 0.169589000113 0.208668473787 0.0945568386753
v 0.169774180927 0.208898693481 0.0947073799706
v 0.169962537746 0.209132870042 0.0948475183668
v 0.170153841087 0.20937071816 0.0949770831269
v 0.170347857877 0.209611948056 0.0950959163962
v 0.170544351736 0.209856265827 0.0952038733947
v 0.170743083265 0.210103373809 0.0953008225933
v 0.170943810343 0.21035297094 0.0953866458745
v 0.171146288412 0.210604753125 0.0954612386757
v 0.171350270786 0.210858413604 0.0955245101171
v 0.171555508943 0.211113643333 0.0955763831123
v 0.171761752832 0.211370131353 0.0956167944619
v 0.171968751176 0.211627565172 0.095645694931
v 0.17217625178 0.211885631148 0.0956630493088
v 0.172384001837 0.212144014866 0.0956688364516
v 0.172591748235 0.212402401527 0.0956630493088
v 0.168295296874 0.207060180286 0.0934144986855
v 0.168456307588 0.20726029153 0.0936377699391
v 0.168622099934 0.207466355781 0.0938519414488
v 0.168792471919 0.207678121981 0.0940567522794
v 0.168967215971 0.207895332126 0.0942519529006
v 0.169146119191 0.208117721578 0.0944373054905
v 0.169328963613 0.20834501939 0.0946125842254
v 0.169515526469 0.208576948634 0.0947775755553
v 0.169705580462 0.208813226742 0.0949320784637
v 0.16989889404 0.209053565844 0.0950759047124
v 0.17009523168 0.209297673123 0.0952088790715
v 0.170294354175 0.209545251174 0.0953308395321
v 0.170496018924 0.20979599836 0.0954416375042
v 0.170699980231 0.210049609184 0.0955411379975
v 0.1709059896 0.210305774661 0.0956292197861
v 0.17111379604 0.210564182692 0.0957057755557
v 0.171323146371 0.210824518447 0.0957707120351
v 0.171533785532 0.211086464748 0.0958239501091
v 0.171745456891 0.211349702452 0.0958654249153
v 0.17195790256 0.211613910846 0.095895085923
v 0.172170863707 0.211878768032 0.095912896995
v 0.17238408087 0.212143951322 0.0959188364311
v 0.172597294278 0.212409137631 0.095912896995
v 0.168190535292 0.206929763637 0.0936002848766
v 0.168355674486 0.207135005939 0.0938292810342
v 0.168525717918 0.207346353889 0.094048944121
v 0.168700458415 0.207563549992 0.0942590065114
v 0.168879683084 0.207786329627 0.0944592122767
v 0.169063173566 0.208014421373 0.0946493174971
v 0.169250706306 0.208247547334 0.0948290905586
v 0.169442052826 0.208485423482 0.0949983124354
v 0.169636979998 0.208727760003 0.0951567769567
v 0.169835250334 0.208974261645 0.095304291058
v 0.170036622273 0.209224628086 0.0954406750161
v 0.170240850473 0.209478554292 0.095565762668
v 0.170447686113 0.209735730893 0.0956794016137
v 0.170656877197 0.209995844558 0.0957814534017
v 0.170868168857 0.210258578381 0.0958717936977
v 0.171081303667 0.210523612259 0.0959503124358
v 0.171296021956 0.21079062329 0.0960169139531
v 0.171512062121 0.211059286163 0.0960715171059
v 0.171729160951 0.211329273552 0.0961140553687
v 0.171947053945 0.21160025652 0.0961444769151
v 0.172165475634 0.211871904915 0.0961627446812
v 0.172384159904 0.212143887777 0.0961688364105
v 0.172602840322 0.212415873735 0.0961627446812
v 0.229501869693 0.13645582 0.0934657568309
v 0.229463077881 0.136422448941 0.0940683549011
v 0.235038342684 0.137705795096 0.0956379024895
v 0.234750784879 0.137543218808 0.0956090029619
v 0.234464233986 0.137381319649 0.0955685929288
v 0.234179039121 0.137220294868 0.0955167216235
v 0.233895547752 0.137060340649 0.0954534522433
v 0.233614105269 0.136901651872 0.0953788618721
v 0.233335054565 0.136744421874 0.0952930413869
v 0.233058735622 0.136588842216 0.0951960953466
v 0.232785485091 0.136435102448 0.0950881418652
v 0.232515635886 0.136283389878 0.0949693124672
v 0.232249516777 0.136133889345 0.094839751928
v 0.231987451989 0.135986782991 0.0946996180971
v 0.231729760807 0.135842250043 0.0945490817061
v 0.231476757189 0.135700466593 0.0943883261603
v 0.23122874938 0.135561605382 0.0942175473157
v 0.23098603954 0.13542583559 0.0940369532398
v 0.230748923373 0.135293322633 0.0938467639589
v 0.230517689769 0.135164227956 0.0936472111892
v 0.230292620451 0.135038708842 0.093438538055
v 0.23007398963 0.134916918217 0.0932209987924
v 0.229862063674 0.134799004464 0.0929948584396
v 0.235024161116 0.137695447703 0.0958872853569
v 0.234729036001 0.137528593091 0.0958576253155
v 0.234434944295 0.137362433428 0.0958161518604
v 0.234142244302 0.137197171153 0.0957629155208
v 0.233851292634 0.137033007612 0.0956979811569
v 0.233562443769 0.136870142815 0.0956214278813
v 0.233276049626 0.136708775185 0.0955333489622
v 0.232992459132 0.136549101326 0.0954338517104
v 0.232712017797 0.136391315774 0.0953230573478
v 0.232435067298 0.136235610768 0.0952011008604
v 0.232161945054 0.13608217601 0.0950681308333
v 0.231892983824 0.135931198437 0.0949243092701
v 0.231628511296 0.13578286199 0.0947698113951
v 0.231368849688 0.135637347397 0.0946048254402
v 0.231114315358 0.135494831943 0.0944295524154
v 0.230865218416 0.135355489262 0.0942442058639
v 0.23062186235 0.135219489122 0.0940490116019
v 0.230384543652 0.135086997217 0.0938442074435
v 0.230153551456 0.134958174968 0.093630042911
v 0.229929167192 0.134833179327 0.0934067789311
v 0.229711664238 0.13471216258 0.0931746875163
v 0.235009979549 0.137685100309 0.0961366682244
v 0.234707287123 0.137513967374 0.0961062476691
v 0.234405654604 0.137343547207 0.0960637107921
v 0.234105449483 0.137174047437 0.0960091094181
v 0.233807037516 0.137005674575 0.0959425100705
v 0.23351078227 0.136838633757 0.0958639938904
v 0.233217044687 0.136673128496 0.0957736565375
v 0.232926182642 0.136509360435 0.0956716080741
v 0.232638550504 0.136347529101 0.0955579728304
v 0.232354498709 0.136187831658 0.0954328892536
v 0.232074373331 0.136030462676 0.0952965097386
v 0.23179851566 0.135875613882 0.095149000443
v 0.231527261784 0.135723473938 0.094990541084
v 0.231260942186 0.135574228201 0.0948213247201
v 0.230999881335 0.135428058504 0.0946415575151
v 0.230744397293 0.135285142934 0.094451458488
v 0.230494801327 0.135145655611 0.0942512592449
v 0.230251397534 0.135009766477 0.0940412036978
v 0.230014482461 0.134877641094 0.0938215477671
v 0.229784344755 0.134749440436 0.0935925590697
v 0.236098678552 0.136527181741 0.0956569380613
v 0.235811868383 0.136361668969 0.0956395837443
v 0.235525773013 0.136196532871 0.0956106833764
v 0.235240741005 0.136031974639 0.0955702721683
v 0.234957119627 0.135868194761 0.0955183993548
v 0.234675254428 0.135705392779 0.095455128135
v 0.234395488817 0.135543767041 0.095380535595
v 0.234118163646 0.135383514464 0.0952947126145
v 0.233843616793 0.135224830291 0.0951977637554
v 0.23357218275 0.135067907853 0.095089807135
v 0.233304192218 0.134912938337 0.0949709742819
v 0.233039971702 0.134760110549 0.0948414099756
v 0.232779843115 0.134609610686 0.0947012720701
v 0.232524123383 0.134461622109 0.0945507313021
v 0.232273124061 0.13431632512 0.0943899710821
v 0.232027150953 0.13417389674 0.0942191872719
v 0.23178650374 0.134034510497 0.094038587945
v 0.231551475612 0.133898336211 0.0938483931341
v 0.231322352916 0.133765539789 0.0936488345621
v 0.231099414802 0.133636283024 0.0934401553605
v 0.236090786809 0.136523401352 0.0959067848724
v 0.235796429003 0.136353532982 0.0958889738629
v 0.235502804807 0.136184051197 0.095859312959
v 0.235210271957 0.136015162485 0.0958178382981
v 0.234919186859 0.13584707261 0.0957646004106
v 0.234629904155 0.135679986365 0.0956996641586
v 0.234342776291 0.135514107319 0.0956231086571
v 0.234058153089 0.135349637568 0.095535027177
v 0.233776381318 0.135186777495 0.0954355270322
v 0.233497804274 0.13502572552 0.0953247294481
v 0.23322276136 0.134866677859 0.0952027694146
v 0.232951587673 0.134709828287 0.0950697955213
v 0.232684613597 0.134555367901 0.0949259697763
v 0.232422164398 0.134403484888 0.094771467409
v 0.232164559831 0.134254364294 0.094606476657
v 0.231912113746 0.134108187799 0.0944311985359
v 0.231665133711 0.133965133497 0.0942458465952
v 0.231423920633 0.133825375677 0.0940506466577
v 0.231188768392 0.133689084613 0.0938458365444
v 0.230959963486 0.133556426354 0.0936316657848
v 0.236082895065 0.136519620964 0.0961566316836
v 0.235780989623 0.136345396994 0.0961383639815
v 0.235479836602 0.136171569522 0.0961079425416
v 0.23517980291 0.13599835033 0.0960654044278
v 0.234881254091 0.135825950459 0.0960108014663
v 0.234584553881 0.135654579952 0.0959442001822
v 0.234290063765 0.135484447596 0.0958656817191
v 0.233998142532 0.135315760673 0.0957753417396
v 0.233709145844 0.1351487247 0.0956732903089
v 0.233423425799 0.134983543187 0.0955596517612
v 0.233141330502 0.13482041738 0.0954345645474
v 0.232863203644 0.134659546025 0.095298181067
v 0.232589384078 0.134501125116 0.0951506674824
v 0.232320205413 0.134345347667 0.094992203516
v 0.2320559956 0.134192403468 0.0948229822319
v 0.231797076539 0.134042478858 0.0946432098
v 0.231543763683 0.133895756497 0.0944531052454
v 0.231296365654 0.133752415143 0.0942529001813
v 0.231055183869 0.133612629436 0.0940428385266
v 0.23082051217 0.133476569683 0.0938231762091
v 0.237504927339 0.135421474319 0.0956643723089
v 0.237215137173 0.135260403242 0.0956701594421
v 0.236925357542 0.135099313212 0.0956643723089
v 0.236635941499 0.134938400493 0.0956470179602
v 0.23634724165 0.134777861132 0.0956181175394
v 0.236059609734 0.134617890722 0.0955777062574
v 0.235773396185 0.134458684162 0.095525833349
v 0.23548894971 0.134300435421 0.0954625620134
v 0.235206616863 0.1341433373 0.0953879693369
v 0.234926741625 0.1339875812 0.0953021461993
v 0.234649664978 0.133833356885 0.0952051971629
v 0.234375724499 0.133680852254 0.095097240345
v 0.234105253942 0.13353025311 0.0949784072744
v 0.233838582834 0.133381742934 0.094848842731
v 0.233576036072 0.133235502665 0.0947087045692
v 0.233317933529 0.133091710473 0.0945581635257
v 0.233064589663 0.132950541546 0.0943974030116
v 0.232816313135 0.132812167878 0.0942266188888
v 0.232573406432 0.132676758054 0.0940460192315
v 0.232336165497 0.132544477052 0.0938558240726
v 0.232104879373 0.132415486036 0.0936562651355
v 0.231879829845 0.13228994216 0.0934475855521
v 0.237512325845 0.135426122397 0.0959142195772
v 0.237214909623 0.135260812606 0.0959201590034
v 0.236917504212 0.135095483365 0.0959142195772
v 0.236620471957 0.134930336101 0.0958964085351
v 0.236324174744 0.13476557202 0.095866747577
v 0.236028973567 0.134601391862 0.0958252728401
v 0.235735228082 0.134437995656 0.0957720348552
v 0.235443296174 0.134275582474 0.0957070984844
v 0.235153533515 0.134114350193 0.0956305428428
v 0.234866293139 0.133954495248 0.0955424612016
v 0.234581925001 0.133796212398 0.0954429608747
v 0.234300775563 0.133639694487 0.0953321630879
v 0.234023187359 0.133485132208 0.0952102028313
v 0.23374949859 0.13333271387 0.0950772286946
v 0.233480042703 0.133182625172 0.0949334026864
v 0.233215147988 0.133035048975 0.0947789000365
v 0.232955137178 0.132890165077 0.0946139089826
v 0.232700327057 0.132748149996 0.0944386305408
v 0.232451028072 0.132609176756 0.094253278261
v 0.232207543955 0.132473414675 0.0940580779663
v 0.231970171354 0.132341029158 0.0938532674782
v 0.23173919947 0.132212181496 0.0936390963268
v 0.237519724352 0.135430770474 0.0961640668456
v 0.237214682072 0.135261221971 0.0961701585647
v 0.236909650882 0.135091653518 0.0961640668456
v 0.236605002415 0.134922271709 0.09614579911
v 0.236301107838 0.134753282908 0.0961153776145
v 0.235998337399 0.134584893003 0.0960728394229
v 0.235697059979 0.13441730715 0.0960182363614
v 0.235397642637 0.134250729528 0.0959516349555
v 0.235100450167 0.134085363085 0.0958731163487
v 0.234805844653 0.133921409296 0.0957827762039
v 0.234514185025 0.133759067911 0.0956807245865
v 0.234225826626 0.133598536721 0.0955670858308
v 0.233941120776 0.133440011306 0.0954419983882
v 0.233660414347 0.133283684806 0.0953056146583
v 0.233384049334 0.13312974768 0.0951581008037
v 0.233112362447 0.132978387477 0.0949996365474
v 0.232845684693 0.132829788607 0.0948304149536
v 0.23258434098 0.132684132114 0.0946506421928
v 0.232328649713 0.132541595458 0.0944605372904
v 0.232078922413 0.132402352298 0.0942603318599
v 0.231835463335 0.132266572281 0.0940502698209
v 0.231598569095 0.132134420833 0.0938306071015
v 0.237419775571 0.133469329348 0.0956457770191
v 0.237127424918 0.133315538635 0.0956168765853
v 0.23683613626 0.133162327776 0.095576465285
v 0.236546264487 0.133009883433 0.0955245923532
v 0.236258162765 0.132858391337 0.095461320989
v 0.2359721821 0.132708036059 0.0953867282789
v 0.235688670916 0.132559000781 0.0953009051025
v 0.235407974627 0.132411467082 0.0952039560223
v 0.235130435219 0.132265614708 0.0950959991556
v 0.234856390831 0.132121621358 0.0949771660314
v 0.234586175343 0.131979662465 0.0948476014295
v 0.234320117972 0.131839910985 0.0947074632044
v 0.234058542867 0.131702537183 0.0945569220929
v 0.233801768718 0.131567708429 0.0943961615062
v 0.233550108364 0.131435588989 0.0942253773063
v 0.233303868414 0.131306339831 0.0940447775675
v 0.233063348875 0.131180118427 0.0938545823227
v 0.232828842782 0.131057078556 0.0936550232955
v 0.232600635844 0.130937370124 0.0934463436178
v 0.232379006097 0.130821138977 0.0932287975337
v 0.23740453033 0.133460851872 0.0958951677067
v 0.237104486239 0.133303014035 0.0958655067351
v 0.23680553209 0.133145771311 0.0958240319796
v 0.236508032113 0.132989315275 0.0957707939706
v 0.236212348766 0.132833836545 0.0957058575705
v 0.235918842294 0.132679524549 0.0956293018943
v 0.235627870289 0.13252656729 0.0955412202133
v 0.235339787256 0.132375151125 0.0954417198415
v 0.235054944179 0.132225460531 0.0953309220047
v 0.234773688097 0.132077677882 0.095208961693
v 0.234496361675 0.131931983229 0.0950759874963
v 0.234223302794 0.131788554078 0.0949321614231
v 0.233954844134 0.131647565177 0.0947776587034
v 0.23369131277 0.131509188297 0.094612667575
v 0.233433029776 0.13137359203 0.0944373890541
v 0.233180309827 0.131240941579 0.0942520366905
v 0.232933460826 0.131111398558 0.0940568363077
v 0.23269278352 0.130985120796 0.0938520257271
v 0.232458571136 0.130862262142 0.093637854479
v 0.232231109027 0.13074297228 0.093414583498
v 0.237389285089 0.133452374396 0.0961445583942
v 0.237081547559 0.133290489435 0.0961141368849
v 0.236774927919 0.133129214846 0.0960715986741
v 0.236469799738 0.132968747117 0.096016995588
v 0.236166534767 0.132809281753 0.095950394152
v 0.235865502488 0.132651013038 0.0958718755097
v 0.235567069663 0.132494133799 0.0957815353241
v 0.235271599885 0.132338835168 0.0956794836607
v 0.23497945314 0.132185306354 0.0955658448537
v 0.234690985363 0.132033734406 0.0954407573545
v 0.234406548007 0.131884303993 0.095304373563
v 0.234126487616 0.131737197172 0.0951568596419
v 0.233851145401 0.13159259317 0.094998395314
v 0.233580856823 0.131450668165 0.0948291736438
v 0.233315951187 0.13131159507 0.0946494008018
v 0.23305675124 0.131175543326 0.0944592958135
v 0.232803572778 0.131042678689 0.0942590902927
v 0.232556724258 0.130913163035 0.0940490281588
v 0.232316506429 0.13078715416 0.0938293653402
v 0.232083211958 0.130664805584 0.0936003694622
v 0.238733789911 0.132374183471 0.0956647189267
v 0.238442079471 0.132216616813 0.0956589318673
v 0.238150754059 0.132059187267 0.0956415777399
v 0.237860168613 0.131902086636 0.0956126776877
v 0.237570677164 0.131745506323 0.0955722669211
v 0.237282632415 0.131589637098 0.0955203946742
v 0.236996385303 0.131434668863 0.0954571241456
v 0.236712284576 0.131280790422 0.0953825324204
v 0.236430676367 0.131128189253 0.0952967103774
v 0.236151903772 0.130977051277 0.0951997625773
v 0.235876306434 0.130827560633 0.0950918071363
v 0.235604220124 0.130679899451 0.0949729755813
v 0.235335976338 0.130534247635 0.0948434126903
v 0.23507190189 0.130390782637 0.0947032763157
v 0.234812318514 0.130249679249 0.0945527371921
v 0.234557542472 0.130111109384 0.0943919787283
v 0.234307884169 0.129975241866 0.0942211967836
v 0.234063647776 0.12984224223 0.0940405994296
v 0.233825130857 0.129712272516 0.0938504066963
v 0.233592624009 0.129585491071 0.0936508503043
v 0.233366410504 0.129462052359 0.0934421733823
v 0.23314676595 0.129342106771 0.0932246301709
v 0.232933957949 0.129225800442 0.0929984857131
v 0.238733150017 0.132375368404 0.0959147152996
v 0.238433762985 0.132213655255 0.0959087759492
v 0.238134771116 0.132052082826 0.0958909651342
v 0.237836538684 0.131890847968 0.0958613045543
v 0.237539429039 0.131730147121 0.0958198303465
v 0.237243804165 0.131570176074 0.0957665930405
v 0.236950024234 0.131411129727 0.0957016574979
v 0.236658447172 0.131253201854 0.0956251028326
v 0.236369428221 0.131096584865 0.0955370223148
v 0.236083319506 0.130941469574 0.0954375232568
v 0.235800469605 0.130788044965 0.0953267268831
v 0.23552122313 0.130636497963 0.0952047681819
v 0.235245920297 0.130487013204 0.0950717957412
v 0.234974896521 0.130339772812 0.0949279715672
v 0.234708482003 0.130194956177 0.0947734708878
v 0.234447001328 0.130052739735 0.0946084819381
v 0.23419077307 0.129913296757 0.0944332057317
v 0.233940109404 0.129776797131 0.0942478558157
v 0.233695315724 0.12964340716 0.0940526580105
v 0.233456690274 0.129513289362 0.0938478501345
v 0.233224523783 0.129386602262 0.0936336817145
v 0.232999099109 0.129263500212 0.0934104136818
v 0.232780690897 0.129144133191 0.0931783180541
v 0.238732510122 0.132376553337 0.0961647116725
v 0.2384254465 0.132210693698 0.0961586200311
v 0.238118788172 0.132044978386 0.0961403525285
v 0.237812908755 0.131879609301 0.096109931421
v 0.237508180914 0.131714787919 0.0960673937719
v 0.237204975915 0.13155071505 0.0960127914068
v 0.236903663165 0.131387590592 0.0959461908503
v 0.236604609768 0.131225613286 0.0958676732449
v 0.236308180075 0.131064980476 0.0957773342522
v 0.236014735239 0.13090588787 0.0956752839363
v 0.235724632777 0.130748529297 0.09556164663
v 0.235438226135 0.130593096474 0.0954365607826
v 0.235155864255 0.130439778773 0.0953001787921
v 0.234877891152 0.130288762986 0.0951526668188
v 0.234604645493 0.130140233104 0.0949942045835
v 0.234336460185 0.129994370087 0.0948249851479
v 0.234073661972 0.129851351648 0.0946452146798
v 0.233816571032 0.129711352031 0.0944551122019
v 0.233565500591 0.129574541805 0.0942549093247
v 0.23332075654 0.129441087653 0.0940448499647
v 0.233082637061 0.129311152166 0.0938251900468
v 0.232851432268 0.129184893653 0.0935961971927
v 0.232627423846 0.129062465939 0.0933581503951
v 0.239825028203 0.1311074251 0.095680676699
v 0.239533982783 0.130948633421 0.0956864637123
v 0.239242974529 0.130789773641 0.095680676699
v 0.238952357989 0.130631039307 0.0956633227096
v 0.238662487235 0.130472623812 0.0956344228874
v 0.238373715428 0.130314720162 0.0955940124423
v 0.238086394395 0.130157520736 0.0955421406082
v 0.23780087419 0.130001217059 0.095478870583
v 0.237517502676 0.129845999562 0.0954042794513
v 0.237236625098 0.129692057354 0.0953184580911
v 0.236958583662 0.12953957799 0.0952215110625
v 0.236683717118 0.129388747243 0.0951135564804
v 0.236412360349 0.129239748876 0.0949947258709
v 0.236144843961 0.129092764422 0.0948651640108
v 0.235881493883 0.128947972957 0.0947250287512
v 0.235622630965 0.128805550889 0.0945744908255
v 0.235368570592 0.128665671736 0.0944137336408
v 0.235119622297 0.128528505919 0.094242953055
v 0.234876089386 0.128394220555 0.0940623571379
v 0.234638268566 0.128262979249 0.0938721659179
v 0.234406449585 0.128134941898 0.0936726111137
v 0.234180914878 0.128010264497 0.0934639358521
v 0.233961939226 0.127889098945 0.0932463943717
v 0.239831884536 0.131113074771 0.0959305187929
v 0.239533180027 0.130950104364 0.0959364580961
v 0.239234513661 0.130787064064 0.0959305187929
v 0.238936249317 0.13062415251 0.0959127081196
v 0.238638750385 0.130461568187 0.0958830477758
v 0.238342379321 0.130299509177 0.0958415738979
v 0.238047497207 0.130138172924 0.0957883370155
v 0.237754463313 0.129977755992 0.0957234019896
v 0.237463634654 0.129818453824 0.0956468479335
v 0.23717536556 0.129660460506 0.0955587681164
v 0.236890007244 0.129503968527 0.0954592698502
v 0.23660790737 0.12934916855 0.0953484743581
v 0.236329409634 0.129196249173 0.0952265166273
v 0.236054853341 0.129045396707 0.0950935452445
v 0.235784572998 0.12889679494 0.094949722215
v 0.235518897898 0.128750624923 0.0947952227648
v 0.235258151725 0.128607064739 0.0946302351279
v 0.23500265216 0.128466289296 0.0944549603161
v 0.234752710488 0.128328470107 0.094269611875
v 0.234508631225 0.128193775082 0.0940744156229
v 0.234270711744 0.128062368328 0.0938696093765
v 0.234039241914 0.127934409942 0.0936554426606
v 0.233814503744 0.127810055823 0.0934321764044
v 0.23983874087 0.131118724443 0.0961803608869
v 0.239532377271 0.130951575307 0.0961864524798
v 0.239226052793 0.130784354486 0.0961803608869
v 0.238920140645 0.130617265714 0.0961620935296
v 0.238615013535 0.130450512561 0.0961316726641
v 0.238311043213 0.130284298192 0.0960891353535
v 0.23800860002 0.130118825112 0.0960345334229
v 0.237708052436 0.129954294926 0.0959679333963
v 0.237409766632 0.129790908087 0.0958894164156
v 0.237114106023 0.129628863658 0.0957990781417
v 0.236821430827 0.129468359064 0.0956970286379
v 0.236532097623 0.129309589856 0.0955833922357
v 0.236246458919 0.12915274947 0.0954583073836
v 0.235964862721 0.128998028992 0.0953219264782
v 0.235687652113 0.128845616924 0.0951744156787
v 0.23541516483 0.128695698957 0.0950159547042
v 0.235147732859 0.128548457743 0.094846736615
v 0.234885682022 0.128404072674 0.0946669675773
v 0.234629331589 0.128262719659 0.094476866612
v 0.234378993884 0.128124570915 0.0942766653279
v 0.234134973904 0.127989794757 0.0940666076392
v 0.23389756895 0.127858555387 0.0938469494691
v 0.233667068263 0.127731012701 0.093617958437
v 0.237468563745 0.127909653958 0.0951139930999
v 0.237194312929 0.127766054028 0.0949951601384
v 0.236923889907 0.127624490712 0.094865595714
v 0.236657624149 0.127485136485 0.0947254576808
v 0.236395840058 0.127348161128 0.0945749167754
v 0.236138856577 0.127213731523 0.0944141564089
v 0.235886986803 0.127082011454 0.0942433724429
v 0.235640537598 0.1269531614 0.0940627729514
v 0.235399809224 0.126827338346 0.0938725779671
v 0.235165094971 0.126704695588 0.0936730192132
v 0.234936680802 0.126585382546 0.0934643398213
v 0.234714845005 0.126469544586 0.0932467940352
v 0.237393102026 0.127869442826 0.0953489156272
v 0.237111634083 0.12772206395 0.0952269554825
v 0.236834094666 0.127576775284 0.0950939814679
v 0.236560821914 0.12743375384 0.0949501555918
v 0.236292148768 0.127293173868 0.0947956530837
v 0.236028402565 0.127155206643 0.0946306621812
v 0.235769904638 0.127020020256 0.0944553839003
v 0.235516969928 0.126887779411 0.0942700317906
v 0.235269906597 0.126758645224 0.0940748316751
v 0.235029015653 0.126632775025 0.093870021375
v 0.234794590585 0.126510322166 0.0936558504202
v 0.234566917004 0.126391435838 0.093432579745
v 0.237317640307 0.127829231694 0.0955838381545
v 0.237028955238 0.127678073872 0.0954587508266
v 0.236744299425 0.127529059856 0.0953223672219
v 0.23646401968 0.127382371195 0.0951748535028
v 0.236188457479 0.127238186609 0.0950163893919
v 0.235917948552 0.127096681762 0.0948471679535
v 0.235652822473 0.126958029058 0.0946673953577
v 0.235393402258 0.126822397422 0.0944772906298
v 0.23514000397 0.126689952102 0.0942770853831
v 0.234892936335 0.126560854461 0.0940670235369
v 0.234652500368 0.126435261786 0.0938473610191
v 0.234418989002 0.126313327091 0.0936183654548
v 0.241102770289 0.127961278427 0.0956790465255
v 0.240809443734 0.127806741169 0.0956732593905
v 0.240516465371 0.127652409617 0.0956559050365
v 0.240224192148 0.127498471801 0.0956270046068
v 0.239932980155 0.127345115269 0.0955865933124
v 0.23964318419 0.127192526864 0.0955347203881
v 0.239355157324 0.12704089249 0.0954714490331
v 0.239069250474 0.126890396892 0.0953968563337
v 0.238785811973 0.126741223424 0.0953110331698
v 0.238505187147 0.126593553831 0.0952140841036
v 0.238227717894 0.126447568026 0.0951061272526
v 0.237953742268 0.126303443871 0.0949872941456
v 0.237683594066 0.126161356958 0.0948577295624
v 0.237417602422 0.126021480399 0.0947175913576
v 0.237156091405 0.125883984611 0.0945670502679
v 0.236899379628 0.125749037112 0.0944062897045
v 0.236647779852 0.125616802315 0.0942355055293
v 0.236401598615 0.125487441327 0.0940549058166
v 0.23616113585 0.125361111755 0.0938647105993
v 0.235926684523 0.125237967511 0.093665151601
v 0.235698530278 0.125118158629 0.0934564719536
v 0.241102968609 0.127960902025 0.0959290461635
v 0.240801922934 0.127802297997 0.0959231067355
v 0.240501234614 0.127643905088 0.0959052956879
v 0.24020126999 0.127485916276 0.0958756347206
v 0.239902394524 0.127328524047 0.0958341599711
v 0.239604972349 0.127171920157 0.0957809219698
v 0.239309365829 0.127016295405 0.0957159855791
v 0.239015935114 0.126861839396 0.095639429914
v 0.238725037705 0.12670874031 0.0955513482458
v 0.238437028015 0.126557184676 0.0954518478884
v 0.23815225694 0.126407357139 0.0953410500676
v 0.237871071429 0.126259440243 0.0952190897736
v 0.237593814064 0.126113614201 0.0950861155961
v 0.23732082264 0.12597005668 0.0949422895438
v 0.237052429754 0.125828942582 0.0947877868465
v 0.236788962404 0.125690443833 0.0946227957419
v 0.236530741582 0.125554729172 0.0944475172464
v 0.236278081891 0.125421963948 0.0942621649096
v 0.236031291158 0.125292309913 0.0940669645551
v 0.235790670059 0.125165925032 0.0938621540041
v 0.235556511755 0.125042963285 0.093647982787
v 0.241103166929 0.127960525622 0.0961790458014
v 0.240794402134 0.127797854824 0.0961729540804
v 0.240486003856 0.127635400559 0.0961546863393
v 0.240178347832 0.127473360752 0.0961242648344
v 0.239871808893 0.127311932824 0.0960817266298
v 0.239566760508 0.12715131345 0.0960271235516
v 0.239263574334 0.12699169832 0.0959605221252
v 0.238962619755 0.1268332819 0.0958820034943
v 0.238664263438 0.126676257197 0.0957916633218
v 0.238368868884 0.12652081552 0.0956896116731
v 0.238076795986 0.126367146253 0.0955759728826
v 0.23778840059 0.126215436615 0.0954508854015
v 0.237504034062 0.126065871444 0.0953145016298
v 0.237224042858 0.125918632961 0.09516698773
v 0.236948768104 0.125773900552 0.095008523425
v 0.23667854518 0.125631850553 0.0948393017793
v 0.236413703311 0.12549265603 0.0946595289634
v 0.236154565166 0.125356486569 0.0944694240027
v 0.235901446466 0.125223508072 0.0942692185108
v 0.235654655596 0.125093882552 0.0940591564073
v 0.235414493232 0.12496776794 0.0938394936205
v 0.241865832599 0.126534154735 0.0956813207015
v 0.241281433857 0.126221694324 0.0956581792009
v 0.24099013587 0.126065918939 0.0956292787568
v 0.240699912302 0.125910699967 0.0955888674422
v 0.240411116745 0.125756226519 0.095536994492
v 0.240124101052 0.125602686796 0.0954737231054
v 0.239556805399 0.125299155422 0.095313307162
v 0.238727859831 0.1248554888 0.0949895679761
v 0.238193821005 0.124569566094 0.0947198650534
v 0.23742715178 0.124158945579 0.0942377789844
v 0.23694259628 0.123899319158 0.0938669838693
v 0.236709181264 0.123774221917 0.0936674247713
v 0.23648205635 0.123652473169 0.0934587450196
v 0.242165753444 0.126694876035 0.0959253810334
v 0.241865670246 0.126534458422 0.0959313204643
v 0.241565594763 0.126374026379 0.0959253810334
v 0.240966928866 0.126053900631 0.0958779089948
v 0.240669067836 0.125894596949 0.0958364342246
v 0.240078103658 0.125578478169 0.0957182597736
v 0.239785720508 0.125422048212 0.0956417040702
v 0.239495879172 0.125266959126 0.095553622358
v 0.239208932775 0.125113399863 0.0954541219509
v 0.238368939036 0.12466376121 0.095088389476
v 0.238097026767 0.124518170079 0.0949445633518
v 0.237829713725 0.124375021056 0.0947900605774
v 0.237310182036 0.124096743762 0.0944497908073
v 0.23705859636 0.123961954529 0.094264438378
v 0.236812875076 0.123830285066 0.094069237926
v 0.23657331756 0.123701895793 0.0938644272728
v 0.236340215674 0.12357694313 0.0936502559487
v 0.242173285532 0.126699292993 0.0961752285031
v 0.241557738166 0.126370216424 0.0961752285031
v 0.240943721862 0.126041882323 0.0961265392328
v 0.24063822337 0.125878493931 0.0960840010069
v 0.240334228046 0.125715890301 0.0960293979014
v 0.240032106264 0.125554269541 0.0959627964418
v 0.238562378663 0.124767745334 0.0954531594636
v 0.238279116908 0.124616098301 0.0953167756237
v 0.23800023253 0.124466774065 0.0951692616502
v 0.237193212293 0.124034541944 0.0946618026302
v 0.236437453855 0.123629569668 0.0940614297743
v 0.236198374998 0.123501413091 0.0938417668778
v 0.300117444441 -0.277725558826 -0.0698244646579
v 0.300048568332 -0.277698439887 -0.0704834104621
v 0.300001402487 -0.277673285631 -0.0708106693344
v 0.299945824627 -0.277640439245 -0.0711359199139
v 0.299881902466 -0.277599940744 -0.0714587659328
v 0.299809713884 -0.277551839472 -0.0717788140529
v 0.299729346829 -0.277496194032 -0.0720956743449
v 0.299640899219 -0.27743307222 -0.0724089607635
v 0.299544478812 -0.277362550939 -0.0727182916172
v 0.299440203082 -0.277284716109 -0.0730232900342
v 0.299328199072 -0.27719966256 -0.0733235844208
v 0.299208603243 -0.277107493916 -0.0736188089145
v 0.298947228033 -0.276902269049 -0.0741926160965
v 0.298805767099 -0.276789462861 -0.0744704996889
v 0.298657350847 -0.276670041343 -0.074741916049
v 0.298502160101 -0.276544149993 -0.0750065344977
v 0.298172219454 -0.276273579006 -0.0755140967484
v 0.297997871534 -0.276129229019 -0.0757564221641
v 0.300302194349 -0.277893081424 -0.0698418902326
v 0.300183098659 -0.277839432619 -0.0708540476638
v 0.300060453902 -0.277764157603 -0.0715191994358
v 0.299986365619 -0.277714790508 -0.0718476698748
v 0.299813108464 -0.277592897802 -0.0724943993936
v 0.299714150677 -0.277520520697 -0.0728118705329
v 0.299492179365 -0.277353345782 -0.0734330920945
v 0.299369436277 -0.277258751647 -0.0737360856539
v 0.299239051128 -0.277156970427 -0.0740335067513
v 0.299101182773 -0.277048126126 -0.0743249930248
v 0.298955999182 -0.276932351354 -0.0746101893434
v 0.29880367724 -0.276809787165 -0.0748887482393
v 0.298644402527 -0.276680582884 -0.0751603303313
v 0.298126843208 -0.276254742937 -0.0759299518837
v 0.300486944257 -0.278060604022 -0.0698593158073
v 0.300455176108 -0.278050406693 -0.0702067656531
v 0.30041444309 -0.27803205777 -0.0705529429696
v 0.300364794832 -0.278005579606 -0.0708974259931
v 0.300239005337 -0.277928374462 -0.0715796329387
v 0.300078420456 -0.277819167396 -0.0722500628463
v 0.299985317708 -0.277752723383 -0.0725798380237
v 0.299883822543 -0.277678490456 -0.0729054494487
v 0.299656159659 -0.277507029004 -0.0735425997682
v 0.299106231266 -0.277075239847 -0.0747498789979
v 0.298950003633 -0.276949532987 -0.0750355804295
v 0.298786644953 -0.276817015776 -0.075314126165
v 0.298616354254 -0.276677849666 -0.0755851768391
v 0.298439339008 -0.276532204211 -0.0758484022184
v 0.301044054457 -0.276695403715 -0.0698857074568
v 0.301024798394 -0.276673688888 -0.0702160306219
v 0.300997140386 -0.27664410591 -0.0705451439839
v 0.300961114129 -0.276606690823 -0.0708726465688
v 0.300916763515 -0.276561489213 -0.0711981393654
v 0.30086414258 -0.276508556151 -0.0715212258106
v 0.300803315433 -0.276447956126 -0.0718415122734
v 0.300734356183 -0.276379762972 -0.0721586085342
v 0.300657348846 -0.276304059771 -0.0724721282599
v 0.300572387244 -0.276220938755 -0.0727816894751
v 0.30047957489 -0.276130501194 -0.0730869150272
v 0.301226039893 -0.276865924089 -0.0699031460085
v 0.301206277092 -0.276843637819 -0.0702421618884
v 0.301177891241 -0.276813276342 -0.0705799361284
v 0.301140916924 -0.276774876648 -0.0709160572024
v 0.30109539919 -0.276728485522 -0.0712501155988
v 0.301041393493 -0.276674159484 -0.0715817043189
v 0.300978965631 -0.276611964722 -0.0719104193729
v 0.300908191664 -0.276541977011 -0.0722358602721
v 0.300829157819 -0.27646428162 -0.072557630517
v 0.300741960385 -0.276378973209 -0.0728753380799
v 0.3006467056 -0.276286155713 -0.0731885958833
v 0.301408025328 -0.277036444464 -0.0699205845602
v 0.301387755789 -0.277013586751 -0.070268293155
v 0.301358642096 -0.276982446774 -0.0706147282729
v 0.30132071972 -0.276943062472 -0.070959467836
v 0.301274034864 -0.27689548183 -0.0713020918323
v 0.301218644405 -0.276839762817 -0.0716421828273
v 0.30115461583 -0.276775973318 -0.0719793264724
v 0.301082027145 -0.27670419105 -0.0723131120101
v 0.301000966791 -0.276624503469 -0.072643132774
v 0.300911533526 -0.276537007663 -0.0729689866847
v 0.300813836311 -0.276441810231 -0.0732902767395
v 0.301800286925 -0.275287832617 -0.0720729103817
v 0.301724379066 -0.275210973722 -0.072386417049
v 0.301640526737 -0.275126686436 -0.0726959653706
v 0.301548832099 -0.27503507345 -0.0730011782096
v 0.301449406867 -0.27493624638 -0.0733016837112
v 0.301342372176 -0.274830325631 -0.0735971157557
v 0.301227858431 -0.274717440252 -0.0738871144047
v 0.30110600515 -0.274597727776 -0.0741713263395
v 0.300976960791 -0.274471334054 -0.0744494052915
v 0.300840882576 -0.274338413077 -0.0747210124646
v 0.300697936294 -0.27419912679 -0.0749858169471
v 0.300548296105 -0.274053644891 -0.0752434961156
v 0.300392144321 -0.273902144628 -0.0754937360277
v 0.30022967119 -0.273744810579 -0.0757362318046
v 0.300061074659 -0.273581834434 -0.0759706880026
v 0.299886560138 -0.273413414752 -0.0761968189729
v 0.301973881911 -0.275450305528 -0.072150158902
v 0.301895976477 -0.275371424031 -0.0724719157448
v 0.301809917508 -0.275284918659 -0.0727896100748
v 0.301715809853 -0.275190894804 -0.0731028548307
v 0.301613768168 -0.275089467022 -0.0734112683718
v 0.301503916774 -0.274980758885 -0.0737144749438
v 0.30138638951 -0.274864902838 -0.0740121051361
v 0.301261329563 -0.274742040033 -0.0743037963323
v 0.3011288893 -0.27461232016 -0.0745891931516
v 0.300989230079 -0.274475901264 -0.0748679478818
v 0.300842522054 -0.274332949548 -0.0751397209033
v 0.300688943964 -0.274183639178 -0.0754041811026
v 0.300528682923 -0.274028152065 -0.0756610062755
v 0.300361934183 -0.273866677648 -0.0759098835202
v 0.300188900901 -0.273699412656 -0.0761505096182
v 0.300009793893 -0.273526560877 -0.0763825914035
v 0.302147476897 -0.275612778439 -0.0722274074224
v 0.302067573888 -0.27553187434 -0.0725574144405
v 0.301979308279 -0.275443150881 -0.0728832547791
v 0.301882787607 -0.275346716159 -0.0732045314517
v 0.301778129468 -0.275242687663 -0.0735208530323
v 0.301665461372 -0.275131192138 -0.0738318341318
v 0.301544920588 -0.275012365423 -0.0741370958676
v 0.301416653976 -0.27488635229 -0.0744362663252
v 0.301280817809 -0.274753306267 -0.0747289810116
v 0.301137577582 -0.27461338945 -0.075014883299
v 0.300987107813 -0.274466772306 -0.0752936248596
v 0.300829591824 -0.274313633465 -0.0755648660896
v 0.300665221525 -0.274154159503 -0.0758282765233
v 0.300494197176 -0.273988544716 -0.0760835352359
v 0.300316727144 -0.273816990878 -0.0763303312338
v 0.300133027648 -0.273639707002 -0.0765683638341
v 0.303219746924 -0.274413659876 -0.0695170440225
v 0.303203825085 -0.274405327286 -0.0698481524429
v 0.303179421605 -0.27438916053 -0.0701784535619
v 0.303146566217 -0.274365179306 -0.0705075449587
v 0.30310529895 -0.27433341283 -0.0708350256859
v 0.303055670081 -0.274293899805 -0.0711604967588
v 0.302997740076 -0.274246688372 -0.071483561641
v 0.302931579513 -0.27419183605 -0.0718038267277
v 0.302857269 -0.274129409668 -0.0721209018252
v 0.302774899071 -0.274059485284 -0.0724344006264
v 0.302684570082 -0.273982148089 -0.0727439411813
v 0.302586392085 -0.273897492307 -0.0730491463624
v 0.302480484694 -0.273805621078 -0.0733496443241
v 0.302366976942 -0.273706646334 -0.0736450689561
v 0.30224600712 -0.273600688658 -0.0739350603288
v 0.302117722612 -0.273487877145 -0.0742192651326
v 0.301982279711 -0.273368349238 -0.0744973371075
v 0.301839843435 -0.273242250564 -0.0747689374658
v 0.301690587321 -0.273109734753 -0.0750337353042
v 0.301534693213 -0.272970963257 -0.0752914080074
v 0.301372351044 -0.272826105146 -0.0755416416408
v 0.301203758605 -0.272675336909 -0.0757841313334
v 0.301029121298 -0.272518842233 -0.0760185816488
v 0.300848651892 -0.272356811783 -0.0762447069453
v 0.303403365987 -0.274583094026 -0.0695257680308
v 0.303387025152 -0.274574542157 -0.0698655898307
v 0.303361979476 -0.274557949961 -0.0702045830845
v 0.303328259472 -0.274533337652 -0.0705423347811
v 0.303285906224 -0.274500735216 -0.0708784334222
v 0.303234971333 -0.274460182375 -0.0712124695234
v 0.303175516854 -0.274411728535 -0.071544036113
v 0.303107615224 -0.274355432731 -0.0718727292283
v 0.30303134917 -0.274291363549 -0.0721981484073
v 0.302946811612 -0.27421959905 -0.072519897177
v 0.302854105544 -0.274140226666 -0.072837583536
v 0.302753343915 -0.2740533431 -0.0731508204323
v 0.302644649488 -0.273959054208 -0.0734592262352
v 0.30252815469 -0.273857474864 -0.0737624251995
v 0.302404001452 -0.273748728829 -0.0740600479242
v 0.302272341035 -0.273632948592 -0.0743517318017
v 0.302133333848 -0.273510275214 -0.0746371214602
v 0.301987149249 -0.273380858153 -0.0749158691963
v 0.301833965342 -0.273244855084 -0.0751876353989
v 0.301673968757 -0.273102431707 -0.0754520889627
v 0.301507354427 -0.272953761541 -0.0757089076918
v 0.301334325344 -0.272799025718 -0.075957778692
v 0.301155092318 -0.272638412761 -0.0761983987525
v 0.300969873717 -0.272472118352 -0.0764304747148
v 0.30357022522 -0.274743757029 -0.0698830272185
v 0.303544537347 -0.274726739392 -0.070230712607
v 0.303509952728 -0.274701495998 -0.0705771246036
v 0.303466513499 -0.274668057602 -0.0709218411586
v 0.303414272584 -0.274626464944 -0.0712644422879
v 0.303353293632 -0.274576768698 -0.071604510585
v 0.303283650934 -0.274519029412 -0.0719416317289
v 0.303205429341 -0.274453317431 -0.0722753949894
v 0.303118724152 -0.274379712816 -0.0726053937276
v 0.303023641006 -0.274298305243 -0.0729312258906
v 0.302920295746 -0.274209193894 -0.0732524945022
v 0.302808814282 -0.274112487337 -0.0735688081462
v 0.302689332438 -0.274008303395 -0.073879781443
v 0.302561995783 -0.273896769 -0.0741850355195
v 0.302426959459 -0.273778020039 -0.0744841984708
v 0.302284387985 -0.273652201189 -0.0747769058129
v 0.302134455063 -0.273519465742 -0.0750628009269
v 0.301977343363 -0.273379975416 -0.0753415354936
v 0.301813244302 -0.273233900156 -0.075612769918
v 0.301642357809 -0.273081417935 -0.0758761737427
v 0.301464892083 -0.272922714527 -0.0761314260507
v 0.301281063339 -0.272757983289 -0.0763782158563
v 0.301091095543 -0.272587424921 -0.0766162424843
v 0.304218183189 -0.273316757212 -0.0698434809068
v 0.304201227992 -0.273292583204 -0.0701737593676
v 0.304175856674 -0.273260556183 -0.070502828189
v 0.304142100147 -0.27322071517 -0.0708302864514
v 0.304099999537 -0.273173108705 -0.0711557351974
v 0.304049606139 -0.273117794789 -0.0714787779177
v 0.303990981348 -0.273054840814 -0.0717990210346
v 0.30392419659 -0.272984323478 -0.0721160743811
v 0.303849333231 -0.272906328698 -0.0724295516766
v 0.303766482482 -0.272820951497 -0.0727390709974
v 0.303675745283 -0.272728295894 -0.0730442552417
v 0.303577232183 -0.272628474776 -0.0733447325896
v 0.30440041424 -0.27348701532 -0.0698609170984
v 0.304383012853 -0.273462205154 -0.0701998870977
v 0.304356973869 -0.273429335317 -0.0705376156249
v 0.304322329012 -0.273388445856 -0.07087369121
v 0.304279120492 -0.27333958659 -0.0712077043967
v 0.304227400951 -0.273282817044 -0.0715392482412
v 0.304167233403 -0.273218206385 -0.0718679188085
v 0.304098691151 -0.27314583333 -0.0721933156642
v 0.304021857704 -0.273065786056 -0.0725150423622
v 0.303936826672 -0.272978162086 -0.0728327069282
v 0.303843701652 -0.272883068178 -0.0731459223369
v 0.303742596102 -0.272780620188 -0.0734543069834
v 0.304582645291 -0.273657273428 -0.0698783532901
v 0.304564797714 -0.273631827104 -0.0702260148277
v 0.304538091064 -0.27359811445 -0.0705724030608
v 0.304502557877 -0.273556176542 -0.0709170959686
v 0.304458241447 -0.273506064474 -0.0712596735959
v 0.304405195764 -0.273447839299 -0.0715997185647
v 0.304343485458 -0.273381571956 -0.0719368165825
v 0.304273185712 -0.273307343182 -0.0722705569472
v 0.304194382177 -0.273225243413 -0.0726005330478
v 0.304107170862 -0.273135372675 -0.0729263428591
v 0.304011658021 -0.273037840462 -0.0732475894321
v 0.303907960021 -0.272932765601 -0.0735638813773
v 0.303472837447 -0.270247905304 -0.0757282288921
v 0.303607654376 -0.270366924752 -0.0759018916885
v 0.303742471305 -0.270485944199 -0.0760755544849
v 0.306558857394 -0.270674176621 -0.0695263816123
v 0.306541178757 -0.27066819386 -0.0698574516885
v 0.306514703092 -0.270654732808 -0.070187714557
v 0.306479462655 -0.270633809867 -0.0705167678432
v 0.306435500381 -0.270605450527 -0.0708442106465
v 0.306382869832 -0.27056968934 -0.0711696440281
v 0.30632163513 -0.270526569876 -0.0714926714977
v 0.306251870879 -0.270476144669 -0.071812899496
v 0.306173662078 -0.270418475154 -0.0721299378746
v 0.306087104011 -0.270353631593 -0.072443400371
v 0.305992302136 -0.270281692987 -0.0727529050794
v 0.305889371954 -0.270202746984 -0.0730580749161
v 0.30577843887 -0.270116889765 -0.0733585380786
v 0.30565963804 -0.270024225936 -0.0736539284989
v 0.305533114202 -0.269924868392 -0.0739438862891
v 0.305399021508 -0.269818938186 -0.0742280581804
v 0.305257523328 -0.269706564377 -0.0745060979532
v 0.305108792057 -0.269587883875 -0.0747776668587
v 0.304953008899 -0.269463041275 -0.0750424340321
v 0.304790363654 -0.269332188677 -0.0753000768955
v 0.30462105448 -0.269195485506 -0.0755502815505
v 0.304445287653 -0.269053098313 -0.0757927431615
v 0.306749334941 -0.270835862161 -0.0695351046103
v 0.306731191076 -0.270829721958 -0.069874887057
v 0.306704018683 -0.270815906668 -0.0702138410536
v 0.306667850866 -0.270794433123 -0.0705515536368
v 0.30662273169 -0.270765327485 -0.070887613356
v 0.306568716127 -0.270728625214 -0.0712216107739
v 0.306505869985 -0.270684371028 -0.0715531389664
v 0.306434269833 -0.270632618841 -0.0718817940173
v 0.306354002906 -0.270573431707 -0.0722071755111
v 0.306265166995 -0.270506881737 -0.0725288870206
v 0.306167870333 -0.27043305001 -0.0728465365898
v 0.306062231463 -0.27035202648 -0.0731597372117
v 0.305948379087 -0.270263909861 -0.0734681072995
v 0.305826451919 -0.27016880751 -0.0737712711518
v 0.305696598507 -0.270066835294 -0.0740688594102
v 0.305558977057 -0.26995811745 -0.0743605095092
v 0.305413755241 -0.269842786436 -0.0746458661181
v 0.305261109989 -0.269720982763 -0.0749245815738
v 0.305101227275 -0.269592854831 -0.0751963163044
v 0.304934301892 -0.269458558744 -0.0754607392431
v 0.304760537213 -0.269318258121 -0.0757175282312
v 0.304580144943 -0.269172123897 -0.0759663704109
v 0.306939812487 -0.2709975477 -0.0695438276084
v 0.306921203395 -0.270991250056 -0.0698923224255
v 0.306893334274 -0.270977080528 -0.0702399675502
v 0.306856239077 -0.27095505638 -0.0705863394304
v 0.306809962999 -0.270925204443 -0.0709310160654
v 0.306754562421 -0.270887561088 -0.0712735775198
v 0.30669010484 -0.270842172179 -0.0716136064351
v 0.306616668787 -0.270789093013 -0.0719506885386
v 0.306534343733 -0.270728388261 -0.0722844131477
v 0.306443229978 -0.270660131881 -0.0726143736702
v 0.306343438531 -0.270584407033 -0.0729401681002
v 0.306235090971 -0.270501305976 -0.0732613995072
v 0.306118319304 -0.270410929957 -0.0735776765204
v 0.305993265798 -0.270313389083 -0.0738886138048
v 0.305860082811 -0.270208802195 -0.0741938325314
v 0.305718932607 -0.270097296715 -0.074492960838
v 0.305569987154 -0.269979008495 -0.074785634283
v 0.305413427921 -0.269854081651 -0.0750714962888
v 0.30524944565 -0.269722668388 -0.0753501985767
v 0.305078240129 -0.269584928811 -0.0756214015907
v 0.304900019945 -0.269441030736 -0.0758847749118
v 0.304715002233 -0.269291149481 -0.0761399976602
v 0.307461002759 -0.269665207481 -0.0691929477566
v 0.307459113426 -0.269658605742 -0.0695244723719
v 0.307448552935 -0.269644348157 -0.0698555930755
v 0.307429334153 -0.269622452095 -0.0701859064478
v 0.307401480495 -0.269592944233 -0.070515010053
v 0.307365025898 -0.269555860522 -0.0708425029288
v 0.307320014774 -0.269511246144 -0.0711679860758
v 0.307266501963 -0.269459155452 -0.0714910629428
v 0.307204552662 -0.269399651913 -0.0718113399105
v 0.307134242347 -0.269332808022 -0.0721284267707
v 0.30705565668 -0.269258705218 -0.0724419372018
v 0.306968891406 -0.269177433784 -0.0727514892398
v 0.306874052234 -0.269089092736 -0.0730567057432
v 0.306771254713 -0.268993789705 -0.0733572148526
v 0.306660624083 -0.268891640803 -0.073652650444
v 0.306542295133 -0.268782770481 -0.0739426525746
v 0.306416412028 -0.268667311383 -0.0742268679216
v 0.306283128136 -0.268545404177 -0.0745049502122
v 0.306142605844 -0.268417197388 -0.0747765606461
v 0.305995016357 -0.268282847217 -0.0750413683078
v 0.305840539489 -0.268142517348 -0.0752990505699
v 0.305679363447 -0.267996378752 -0.0755492934864
v 0.305511684598 -0.267844609476 -0.0757917921747
v 0.305337707235 -0.267687394428 -0.0760262511875
v 0.307454218634 -0.269664145328 -0.0688614231414
v 0.307648346035 -0.269830744476 -0.0691929477566
v 0.307646406982 -0.269823969008 -0.0695331967039
v 0.307635568584 -0.269809336223 -0.0698730311102
v 0.307615844045 -0.269786863949 -0.0702120369397
v 0.307587257396 -0.269756579564 -0.070549801166
v 0.307549843467 -0.269718519967 -0.0708859122755
v 0.307503647839 -0.269672731525 -0.0712199607684
v 0.307448726797 -0.269619270026 -0.0715515396583
v 0.307385147251 -0.269558200605 -0.0718802449672
v 0.307312986665 -0.269489597664 -0.0722056762184
v 0.307232332954 -0.269413544786 -0.0725274369241
v 0.307143284383 -0.26933013463 -0.0728451350683
v 0.307045949444 -0.269239468818 -0.0731583835849
v 0.306940446724 -0.269141657812 -0.0734668008288
v 0.306826904763 -0.26903682078 -0.073770011041
v 0.306705461893 -0.268925085451 -0.0740676448067
v 0.306576266074 -0.268806587955 -0.0743593395048
v 0.306439474712 -0.268681472665 -0.0746447397505
v 0.306295254465 -0.268549892013 -0.0749234978274
v 0.306143781043 -0.268412006311 -0.0751952741118
v 0.305985238995 -0.268267983551 -0.0754597374861
v 0.305819821478 -0.268117999202 -0.0757165657424
v 0.305647730028 -0.267962235998 -0.0759654459751
v 0.305469174313 -0.267800883712 -0.076206074962
v 0.30764138338 -0.269829654372 -0.0688526988094
v 0.307835689311 -0.269996281472 -0.0691929477566
v 0.307833700539 -0.269989332274 -0.0695419210359
v 0.307822584233 -0.269974324289 -0.0698904691449
v 0.307802353936 -0.269951275803 -0.0702381674316
v 0.307773034297 -0.269920214896 -0.0705845922791
v 0.307734661036 -0.269881179411 -0.0709293216221
v 0.307687280905 -0.269834216907 -0.071271935461
v 0.307630951631 -0.2697793846 -0.0716120163737
v 0.30756574184 -0.269716749296 -0.0719491500239
v 0.307491730982 -0.269646387305 -0.0722829256661
v 0.307409009228 -0.269568384354 -0.0726129366463
v 0.30731767736 -0.269482835475 -0.0729387808968
v 0.307217846653 -0.269389844899 -0.0732600614267
v 0.307109638736 -0.269289525919 -0.073576386805
v 0.306993185442 -0.269182000758 -0.073887371638
v 0.306868628653 -0.26906740042 -0.0741926370387
v 0.30673612012 -0.268945864527 -0.0744918110881
v 0.306595821287 -0.268817541152 -0.0747845292888
v 0.306447903085 -0.268682586638 -0.0750704350087
v 0.30629254573 -0.268541165405 -0.0753491799158
v 0.3061299385 -0.268393449753 -0.0756204244022
v 0.305960279509 -0.268239619652 -0.0758838379985
v 0.305783775458 -0.26807986252 -0.0761390997756
v 0.305600641391 -0.267914372995 -0.0763858987365
v 0.307828548126 -0.269995163417 -0.0688439744774
v 0.308478583148 -0.268504388211 -0.0694920641502
v 0.308467256449 -0.268490997964 -0.0698231957407
v 0.308447273726 -0.268469966677 -0.0701535199735
v 0.308418659323 -0.26844131997 -0.0704826343993
v 0.308381448104 -0.268405092748 -0.0708101380428
v 0.308335685404 -0.268361329145 -0.0711356318914
v 0.308281426978 -0.268310082483 -0.0714587193809
v 0.308218738932 -0.268251415197 -0.071779006879
v 0.308147697641 -0.268185398764 -0.0720961041647
v 0.308068389658 -0.268112113614 -0.0724096249038
v 0.307980911609 -0.268031649036 -0.0727191871196
v 0.30788537007 -0.267944103061 -0.0730244136582
v 0.307781881446 -0.267849582352 -0.073324932648
v 0.307670571821 -0.267748202068 -0.0736203779531
v 0.307551576808 -0.267640085724 -0.0739103896188
v 0.307425041385 -0.267525365044 -0.0741946143105
v 0.307291119715 -0.267404179798 -0.0744727057442
v 0.307149974962 -0.26727667763 -0.0747443251084
v 0.307001779089 -0.267143013884 -0.0750091414768
v 0.306846712649 -0.267003351406 -0.0752668322113
v 0.306684964567 -0.266857860355 -0.0755170833555
v 0.308665847923 -0.268669784054 -0.069500788769
v 0.308654223154 -0.268656041433 -0.0698406343488
v 0.308633714569 -0.26863445669 -0.0701796513245
v 0.308604347156 -0.268605056123 -0.0705174266562
v 0.308566156694 -0.268567875552 -0.0708535488167
v 0.308519189712 -0.268522960276 -0.0711876082929
v 0.308463503433 -0.268470365017 -0.0715191980847
v 0.308399165702 -0.268410153855 -0.0718479142012
v 0.308326254903 -0.268342400147 -0.0721733561523
v 0.308244859868 -0.268267186442 -0.0724951274372
v 0.308155079765 -0.268184604374 -0.0728128360271
v 0.308057023975 -0.268094754558 -0.073126094843
v 0.307950811966 -0.267997746462 -0.0734345222273
v 0.30783657314 -0.267893698276 -0.0737377424089
v 0.30771444668 -0.267782736765 -0.0740353859604
v 0.307584581377 -0.26766499712 -0.0743270902493
v 0.307447135453 -0.267540622788 -0.0746124998787
v 0.307302276364 -0.2674097653 -0.0748912671209
v 0.307150180599 -0.267272584086 -0.075163052341
v 0.306991033464 -0.267129246281 -0.0754275244107
v 0.306825028854 -0.266979926518 -0.0756843611113
v 0.308853112699 -0.268835179897 -0.0695095133879
v 0.308841189858 -0.268821084901 -0.0698580729568
v 0.308820155412 -0.268798946703 -0.0702057826755
v 0.308790034989 -0.268768792275 -0.0705522189132
v 0.308750865284 -0.268730658357 -0.0708969595906
v 0.308702694021 -0.268684591407 -0.0712395846944
v 0.308645579888 -0.268630647552 -0.0715796767886
v 0.308579592471 -0.268568892514 -0.0719168215234
v 0.308504812165 -0.268499401531 -0.0722506081399
v 0.308421330078 -0.268422259269 -0.0725806299706
v 0.308329247921 -0.268337559712 -0.0729064849346
v 0.30822867788 -0.268245406055 -0.0732277760278
v 0.308119742486 -0.268145910572 -0.0735441118066
v 0.30800257446 -0.268039194483 -0.0738551068646
v 0.307877316551 -0.267925387806 -0.0741603823021
v 0.307744121369 -0.267804629195 -0.0744595661881
v 0.307603151191 -0.267677065778 -0.0747522940131
v 0.307454577766 -0.26754285297 -0.0750382091334
v 0.30729858211 -0.267402154289 -0.0753169632053
v 0.307135354279 -0.267255141155 -0.07558821661
v 0.30696509314 -0.26710199268 -0.0758516388671
v 0.309495508249 -0.267354195462 -0.0695008947427
v 0.30945834746 -0.267326394001 -0.0701623590899
v 0.309426824484 -0.267301037974 -0.0704914777568
v 0.309386720828 -0.267268083173 -0.0708189856208
v 0.309338085351 -0.267227569751 -0.0711444836639
v 0.309059564658 -0.266991053813 -0.0724184930937
v 0.308765012373 -0.266737623393 -0.0733338126332
v 0.308529572754 -0.266533936341 -0.0739192771484
v 0.308400547631 -0.266422032439 -0.0742035055028
v 0.308120672553 -0.266178785406 -0.0747532233847
v 0.30781284865 -0.265910620039 -0.0752757372209
v 0.307478575608 -0.265618842815 -0.0757685013765
v 0.306931169646 -0.265140044059 -0.0764466579582
v 0.309644516301 -0.267491191748 -0.0701884907777
v 0.309571004757 -0.267431346426 -0.0708623969541
v 0.309235239215 -0.267147026819 -0.072503996729
v 0.309142664863 -0.267067606086 -0.072821709413
v 0.308816036119 -0.26678588913 -0.0737466277137
v 0.308271639423 -0.266313382927 -0.0749001672908
v 0.30761264519 -0.265738705005 -0.0759421631244
v 0.307431448266 -0.265580341251 -0.0761828031239
v 0.307244101721 -0.265416475128 -0.0764148983172
v 0.307050833807 -0.265247306281 -0.0766381659319
v 0.309830685142 -0.267655989496 -0.0702146224654
v 0.309797503062 -0.267629298941 -0.0705610631675
v 0.30964397972 -0.267501413773 -0.0715885342833
v 0.309497300529 -0.267376855824 -0.0722594742807
v 0.309315965719 -0.267221542663 -0.0729153595273
v 0.30921257205 -0.267132583581 -0.0732366547609
v 0.309100858735 -0.267036230961 -0.0735529946162
v 0.308980961878 -0.266932602195 -0.0738639936819
v 0.308717211637 -0.266704029957 -0.0744684607948
v 0.308573679592 -0.266579364966 -0.0747611923921
v 0.308264175798 -0.266310036477 -0.0753258688609
v 0.308098581131 -0.266165701115 -0.0755971257612
v 0.307926024044 -0.266015150214 -0.0758605514129
v 0.307746714771 -0.265858567195 -0.0761158248723
v 0.30736872147 -0.265528075013 -0.0766006814803
v 0.307170497969 -0.265354568504 -0.0768296739057
v 0.258310998034 0.0812547715468 0.0955563824667
v 0.257995252331 0.0811677672526 0.0955045112108
v 0.257370032341 0.0809951879453 0.0953666515908
v 0.256755708127 0.0808252139795 0.0951838852395
v 0.2564535697 0.0807414633864 0.0950759318609
v 0.255571651066 0.0804963777295 0.094687408463
v 0.255287037655 0.080417069675 0.0945368722154
v 0.253701536131 0.0799729546767 0.0934263296224
v 0.257630811351 0.081069394945 0.0956857705716
v 0.256680687664 0.0808066681082 0.0954216413767
v 0.256370598226 0.0807207135521 0.0953108471197
v 0.254886665803 0.0803077796185 0.0945926158964
v 0.253800746314 0.0800036025968 0.0938319986244
v 0.253298922721 0.079862306149 0.0933945705287
v 0.257910450574 0.0811487046295 0.0959968985363
v 0.257252324268 0.0809670422008 0.0958517831469
v 0.256605667201 0.0807881222369 0.0956593975139
v 0.256287626751 0.0806999637178 0.0955457623785
v 0.25597362982 0.0806128164177 0.0954206789208
v 0.255059698283 0.0803584966532 0.0949783311727
v 0.254477489094 0.0801959140315 0.0946293479363
v 0.253651881201 0.0799644653021 0.094028994691
v 0.25339074931 0.0798910071813 0.0938093389696
v 0.253137190336 0.0798195458685 0.0935803504903
v 0.259039784434 0.0798379688809 0.0956094595875
v 0.258723715097 0.0797461924867 0.0955690493086
v 0.258409216327 0.0796547836169 0.0955171776878
v 0.258096671292 0.0795638536391 0.0954539079228
v 0.25778646078 0.0794735133375 0.0953793170981
v 0.257478962734 0.0793838727778 0.0952934960909
v 0.257174551795 0.0792950411733 0.095196549461
v 0.256873598839 0.0792071267515 0.095088595323
v 0.256576470532 0.0791202366227 0.0949697652023
v 0.256283528878 0.079034476649 0.0948402038752
v 0.255995130782 0.0789499513159 0.094700069192
v 0.255711627613 0.0788667636044 0.0945495318855
v 0.255433364775 0.0787850148659 0.094388775362
v 0.255160681289 0.0787048046986 0.0942179954787
v 0.254893909378 0.0786262308263 0.0940374003046
v 0.254633374061 0.0785493889792 0.093847209867
v 0.254379392762 0.0784743727772 0.0936476558836
v 0.254132274918 0.078401273616 0.0934389814803
v 0.253892321603 0.0783301805556 0.0932214408948
v 0.253659825163 0.0782611802121 0.0929952991666
v 0.25343506886 0.0781943566516 0.0927608318146
v 0.253218326525 0.0781297912885 0.0925183245013
v 0.259014178428 0.0798324456682 0.0958580834531
v 0.258689791477 0.0797382541057 0.0958166097458
v 0.258367016423 0.0796444397394 0.0957633730825
v 0.258046246519 0.0795511168674 0.0956984383236
v 0.257727872572 0.0794583991895 0.0956218845824
v 0.257412282473 0.0793663996677 0.0955338051277
v 0.257099860719 0.0792752303893 0.0954343072707
v 0.256790987949 0.0791850024302 0.0953235122343
v 0.256486040476 0.079095825719 0.0952015550052
v 0.256185389831 0.0790078089039 0.0950685841694
v 0.255889402312 0.0789210592199 0.0949247617315
v 0.255598438533 0.0788356823581 0.0947702629169
v 0.255312852988 0.078751782337 0.0946052759586
v 0.255032993621 0.0786694613758 0.0944300018679
v 0.254759201396 0.0785888197701 0.0942446541891
v 0.254491809887 0.0785099557691 0.09404945874
v 0.25423114487 0.0784329654565 0.093844653336
v 0.253977523924 0.0783579426332 0.0936304875011
v 0.253731256048 0.0782849787028 0.0934072221632
v 0.253492641281 0.0782141625607 0.093175129337
v 0.253261970339 0.0781455804855 0.0929344917915
v 0.253039524258 0.0780793160339 0.0926856027068
v 0.258988572422 0.0798269224555 0.0961067073188
v 0.258655867857 0.0797303157248 0.0960641701831
v 0.25832481652 0.0796340958618 0.0960095684771
v 0.257995821746 0.0795383800957 0.0959429687244
v 0.257669284365 0.0794432850414 0.0958644520668
v 0.257345602212 0.0793489265576 0.0957741141645
v 0.257025169644 0.0792554196054 0.0956720650804
v 0.256708377059 0.0791628781088 0.0955584291457
v 0.25639561042 0.0790714148153 0.0954333448081
v 0.256087250784 0.0789811411588 0.0952969644637
v 0.255783673841 0.078892167124 0.095149454271
v 0.255485249452 0.0788046011118 0.0949909939483
v 0.255192341202 0.0787185498081 0.0948217765552
v 0.254905305953 0.0786341180531 0.094642008257
v 0.254624493415 0.0785514087139 0.0944519080736
v 0.254350245714 0.078470522559 0.094251707613
v 0.254082896978 0.0783915581358 0.0940416507884
v 0.253822772931 0.0783146116504 0.0938219935218
v 0.253570190494 0.07823977685 0.0935930034317
v 0.2533254574 0.0781671449094 0.0933549595073
v 0.253088871818 0.0780968043194 0.0931081517684
v 0.252860721991 0.0780288407793 0.0928528809123
v 0.259504944864 0.0783087090507 0.0956195143533
v 0.259188727533 0.0782174443504 0.0955791030093
v 0.258874060019 0.0781266188473 0.0955272300214
v 0.258561325697 0.0780363431983 0.0954639585889
v 0.258250905586 0.0779467273904 0.0953893657982
v 0.257943177884 0.0778578806066 0.0953035425291
v 0.25763851751 0.0777699110931 0.0952065933441
v 0.257337295647 0.0776829260272 0.0950986363608
v 0.257039879286 0.0775970313867 0.0949798031082
v 0.256746630783 0.0775123318211 0.0948502383663
v 0.256457907417 0.0774289305237 0.0947100999898
v 0.256174060952 0.0773469291061 0.0945595587156
v 0.255895437213 0.0772664274746 0.0943987979553
v 0.255622375658 0.0771875237078 0.0942280135708
v 0.255355208972 0.0771103139379 0.0940474136369
v 0.255094262655 0.077034892233 0.0938572181866
v 0.254839854631 0.076961350483 0.0936576589437
v 0.254592294857 0.0768897782872 0.0934489790406
v 0.259479790921 0.0783016242675 0.0958681447717
v 0.259155252081 0.0782079578646 0.0958266699713
v 0.258832303843 0.0781147422167 0.0957734319048
v 0.25851133967 0.0780220908927 0.0957084954346
v 0.258192750609 0.0779301167741 0.0956319396757
v 0.257876924809 0.077838931917 0.0955438578995
v 0.257564247057 0.0777486474163 0.0954443574202
v 0.257255098303 0.0776593732697 0.0953335594637
v 0.256949855195 0.077571218244 0.0952115990202
v 0.256648889627 0.0774842897424 0.0950786246798
v 0.256352568277 0.077398693674 0.0949347984513
v 0.256061252169 0.0773145343244 0.0947802955647
v 0.255775296226 0.0772319142288 0.094615304258
v 0.255495048841 0.0771509340471 0.0944400255476
v 0.255220851452 0.0770716924412 0.0942546729838
v 0.254953038127 0.0769942859547 0.0940594723901
v 0.254691935155 0.0769188088954 0.0938546615882
v 0.25443786065 0.0768453532207 0.0936404901087
v 0.259454636977 0.0782945394844 0.0961167751901
v 0.259121776628 0.0781984713788 0.0960742369333
v 0.258790547667 0.078102865586 0.0960196337882
v 0.258461353643 0.0780078385871 0.0959530322803
v 0.258134595631 0.0779135061577 0.0958745135532
v 0.257810671735 0.0778199832274 0.09578417327
v 0.257489976604 0.0777273837395 0.0956821214963
v 0.257172900959 0.0776358205122 0.0955684825665
v 0.256859831105 0.0775454051012 0.0954433949322
v 0.25655114847 0.0774562476637 0.0953070109933
v 0.256247229138 0.0773684568243 0.0951594969128
v 0.255948443386 0.0772821395427 0.0950010324137
v 0.255655155239 0.0771974009831 0.0948318105606
v 0.255367722023 0.0771143443865 0.0946520375244
v 0.255086493932 0.0770330709445 0.0944619323308
v 0.254811813599 0.0769536796763 0.0942617265936
v 0.254544015679 0.0768762673079 0.0940516642327
v 0.254283426443 0.0768009281543 0.0938320011768
v 0.259926140986 0.0767561772697 0.0956112361243
v 0.259606955221 0.0766759072579 0.0955708270191
v 0.259289301498 0.0765961493302 0.0955189569049
v 0.258973566831 0.0765170006592 0.0954556889774
v 0.258660135892 0.0764385576756 0.095381100319
v 0.258349390549 0.0763609159499 0.0952952818043
v 0.258041709398 0.0762841700766 0.0951983379901
v 0.2577374673 0.0762084135588 0.0950903869874
v 0.257437034928 0.0761337386941 0.0949715603179
v 0.257140778312 0.0760602364624 0.0948420027536
v 0.256849058395 0.0759879964147 0.0947018721404
v 0.256562230594 0.0759171065645 0.0945513392059
v 0.256280644363 0.0758476532801 0.0943905873513
v 0.256004642771 0.0757797211796 0.094219812428
v 0.255734562086 0.0757133930279 0.0940392224989
v 0.255470731357 0.0756487496356 0.093849037585
v 0.255213472022 0.0755858697606 0.0936494893973
v 0.254963097513 0.0755248300125 0.0934408210545
v 0.259901449099 0.076747228826 0.0958598527692
v 0.259573863709 0.0766648464455 0.0958183802664
v 0.259247850678 0.0765829896249 0.0957651451492
v 0.258923807204 0.0765017580943 0.0957002122763
v 0.258602128082 0.0764212508216 0.0956236607584
v 0.25828320523 0.0763415658926 0.0955355838618
v 0.257967427207 0.076262800391 0.0954360888946
v 0.257655178738 0.0761850502807 0.095325297076
v 0.257346840251 0.076108410288 0.0952033433889
v 0.257042787408 0.076032973787 0.095070376415
v 0.256743390651 0.0759588326854 0.0949265581541
v 0.25644901475 0.0758860773128 0.0947720638266
v 0.256160018354 0.0758147963104 0.0946070816601
v 0.255876753563 0.0757450765231 0.0944318126598
v 0.255599565491 0.0756770028937 0.0942464703641
v 0.255328791849 0.0756106583594 0.094051280584
v 0.255064762532 0.0755461237509 0.0938464811283
v 0.254807799219 0.0754834776936 0.0936323215134
v 0.259876757213 0.0767382803824 0.096108469414
v 0.259540772197 0.0766537856331 0.0960659335138
v 0.259206399858 0.0765698299197 0.0960113333936
v 0.258874047576 0.0764865155293 0.0959447355752
v 0.258544120272 0.0764039439675 0.0958662211979
v 0.258217019911 0.0763222158352 0.0957758859193
v 0.257893145015 0.0762414307055 0.095673839799
v 0.257572890176 0.0761616870025 0.0955602071646
v 0.257256645573 0.0760830818818 0.0954351264599
v 0.256944796504 0.0760057111115 0.0952987500764
v 0.256637722907 0.0759296689561 0.0951512441678
v 0.256335798905 0.0758550480611 0.0949927884473
v 0.256039392346 0.0757819393407 0.0948235759688
v 0.255748864356 0.0757104318665 0.0946438128916
v 0.255464568897 0.0756406127594 0.0944537182293
v 0.25518685234 0.0755725670833 0.0942535235831
v 0.254916053041 0.0755063777412 0.0940434728592
v 0.254652500926 0.0754421253748 0.0938238219722
v 0.260266412895 0.0752924285046 0.0955867972863
v 0.259946313787 0.0752158823336 0.0955463872969
v 0.259627758966 0.0751398039328 0.0954945160478
v 0.259311136545 0.075064285992 0.0954312467361
v 0.258996832277 0.0749894205182 0.0953566564456
v 0.258685229096 0.0749152987234 0.0952708360533
v 0.25837670664 0.0748420109137 0.0951738901179
v 0.258071640798 0.0747696463789 0.0950659367533
v 0.257770403244 0.074698293284 0.0949471074838
v 0.257473360991 0.0746280385618 0.0948175470848
v 0.257180875939 0.074558967807 0.0946774134056
v 0.256893304435 0.0744911651714 0.0945268771775
v 0.256610996842 0.0744247132623 0.0943661218057
v 0.256334297107 0.0743596930411 0.0941953431458
v 0.256063542347 0.0742961837247 0.0940147492654
v 0.255799062434 0.0742342626897 0.0938245601903
v 0.255541179597 0.0741740053772 0.0936250076365
v 0.255290208026 0.0741154852014 0.0934163347281
v 0.255046453492 0.0740587734603 0.093198795701
v 0.254810212971 0.0740039392482 0.0929726555928
v 0.254581774286 0.0739510493723 0.0927381899206
v 0.254361415755 0.0739001682708 0.0924956843445
v 0.260241480534 0.0752843392269 0.0958354193709
v 0.259912957764 0.075205778683 0.0957939459607
v 0.259586019922 0.0751276982191 0.0957407096787
v 0.259261065332 0.0750501929641 0.0956757753851
v 0.2589384899 0.0749733573462 0.0955992221923
v 0.258618686634 0.0748972849779 0.0955111433685
v 0.258302045166 0.0748220685416 0.0954116462243
v 0.257988951276 0.0747477996769 0.0953008519817
v 0.257679786418 0.074674568869 0.0951788956262
v 0.257374927264 0.0746024653384 0.095045925743
v 0.257074745236 0.074531576932 0.0949021043354
v 0.256779606062 0.0744619900166 0.0947476066276
v 0.256489869321 0.0743937893731 0.0945826208513
v 0.256205888014 0.0743270580933 0.0944073480161
v 0.255928008129 0.0742618774792 0.0942220016652
v 0.255656568219 0.0741983269433 0.0940268076144
v 0.255391898991 0.074136483912 0.0938220036776
v 0.255134322905 0.0740764237316 0.0936078393769
v 0.254884153778 0.0740182195762 0.0933845756385
v 0.254641696401 0.0739619423586 0.0931524844749
v 0.254407246172 0.0739076606439 0.0929118486534
v 0.254181088732 0.073855440566 0.0926629613516
v 0.260216548172 0.0752762499493 0.0960840414554
v 0.259879601742 0.0751956750325 0.0960415046245
v 0.259544280878 0.0751155925054 0.0959869033096
v 0.259210994119 0.0750360999361 0.0959203040341
v 0.258880147522 0.0749572941742 0.0958417879389
v 0.258552144172 0.0748792712323 0.0957514506838
v 0.258227383693 0.0748021261694 0.0956494023308
v 0.257906261753 0.0747259529749 0.0955357672101
v 0.257589169592 0.074650844454 0.0954106837686
v 0.257276493536 0.0745768921149 0.0952743044012
v 0.256968614534 0.0745041860571 0.0951267952652
v 0.256665907688 0.0744328148618 0.0949683360777
v 0.2563687418 0.0743628654838 0.0947991198969
v 0.256077478921 0.0742944231456 0.0946193528865
v 0.255792473911 0.0742275712337 0.094429254065
v 0.255514074003 0.0741623911968 0.0942290550385
v 0.255242618385 0.0740989624468 0.0940189997188
v 0.254978437784 0.0740373622618 0.0937993440258
v 0.254721854063 0.0739776656922 0.0935703555761
v 0.254473179831 0.073919945469 0.093332313357
v 0.254232718057 0.0738642719154 0.0930855073862
v 0.261242362237 0.0740990526448 0.0956324741321
v 0.260921487798 0.0740172347864 0.095615120295
v 0.260601418304 0.0739355276445 0.0955862207264
v 0.260282543711 0.0738540307666 0.095545810636
v 0.259965252517 0.0737728434442 0.0954939392571
v 0.259649931293 0.0736920645916 0.0954306697871
v 0.25933696421 0.0736117926252 0.0953560793101
v 0.259026732569 0.0735321253442 0.0952702587032
v 0.258719614341 0.0734531598108 0.0951733125253
v 0.258415983701 0.0733749922324 0.0950653588907
v 0.258116210576 0.0732977178441 0.0949465293241
v 0.257820660195 0.0732214307929 0.0948169686011
v 0.257529692639 0.0731462240228 0.0946768345714
v 0.257243662408 0.0730721891617 0.0945262979668
v 0.256962917986 0.0729994164096 0.0943655421929
v 0.256687801416 0.0729279944289 0.094194763106
v 0.256418647885 0.0728580102363 0.0940141687739
v 0.256155785316 0.0727895490968 0.0938239792231
v 0.255899533966 0.0727226944197 0.0936244261703
v 0.255650206038 0.0726575276571 0.09341575274
v 0.2554081053 0.0725941282048 0.0931982131688
v 0.255173526714 0.0725325733051 0.0929720724951
v 0.254946756078 0.0724729379532 0.0927376062365
v 0.254728069677 0.0724152948057 0.0924951000539
v 0.254517733946 0.0723597140918 0.0922448494039
v 0.26090410131 0.0740148433536 0.0958645035163
v 0.260575608935 0.0739309860238 0.0958348434328
v 0.260248342904 0.0738473444912 0.0957933699189
v 0.259922701942 0.0737640206604 0.0957401335037
v 0.259599082791 0.0736811160484 0.0956751990477
v 0.259277879732 0.0735987316619 0.0955986456634
v 0.258959484101 0.0735169678735 0.0955105666194
v 0.258644283814 0.0734359242997 0.0954110692264
v 0.258332662894 0.0733556996798 0.0953002747066
v 0.258025001003 0.073276391755 0.0951783180462
v 0.25772167298 0.0731980971498 0.0950453478304
v 0.257423048384 0.0731209112542 0.0949015260631
v 0.257129491041 0.0730449281072 0.0947470279689
v 0.256841358608 0.0729702402827 0.09458204178
v 0.256559002128 0.0728969387762 0.0944067685065
v 0.256282765609 0.0728251128944 0.094221421692
v 0.256012985604 0.0727548501459 0.0940262271531
v 0.255749990798 0.0726862361352 0.0938214227041
v 0.255494101609 0.0726193544578 0.0936072578678
v 0.255245629798 0.0725542865988 0.093383993571
v 0.255004878092 0.0724911118334 0.093151901827
v 0.254772139807 0.0724299071301 0.0929112654036
v 0.254547698501 0.0723707470577 0.0926623774794
v 0.25433182762 0.0723137036934 0.092405541286
v 0.260886714822 0.0740124519209 0.0961138867376
v 0.260549799565 0.0739264444031 0.0960834661391
v 0.260214142098 0.0738406582158 0.0960409292018
v 0.259880151367 0.0737551978765 0.0959863277504
v 0.259548234289 0.0736701675053 0.0959197283083
v 0.259218795254 0.0735856706986 0.0958412120167
v 0.258892235633 0.0735018104028 0.0957508745357
v 0.258568953287 0.0734186887887 0.0956488259275
v 0.258249342087 0.0733364071272 0.0955351905226
v 0.25793379143 0.0732550656659 0.0954101067683
v 0.257622685765 0.0731747635067 0.0952737270598
v 0.257316404128 0.0730955984856 0.0951262175549
v 0.257015319674 0.0730176670528 0.0949677579711
v 0.256719799229 0.0729410641558 0.094798541367
v 0.25643020284 0.0728658831235 0.0946187739071
v 0.256146883334 0.0727922155524 0.0944286746101
v 0.255870185893 0.072720151195 0.094228475083
v 0.25560044763 0.0726497778507 0.0940184192379
v 0.255337997179 0.0725811812585 0.0937987629955
v 0.255083154297 0.0725144449929 0.0935697739732
v 0.254836229469 0.0724496503616 0.0933317311588
v 0.254597523537 0.072386876307 0.0930849245708
v 0.254367327325 0.0723261993096 0.0928296549049
v 0.254145921293 0.072267693295 0.092566233168
v 0.26208153892 0.071086367826 0.0956716934857
v 0.261762800379 0.0709965886861 0.0956543391875
v 0.261444848574 0.0709069943588 0.095625438851
v 0.261128070881 0.0708176940009 0.0955850276867
v 0.260812853244 0.0707287964112 0.0955331549294
v 0.260499579708 0.0706404098976 0.0954698837782
v 0.260188631947 0.0705526421455 0.095395291319
v 0.259880388804 0.0704656000864 0.0953094684315
v 0.259575225827 0.0703793897676 0.0952125196775
v 0.259273514807 0.0702941162232 0.0951045631741
v 0.258975623336 0.0702098833458 0.0949857304498
v 0.258681914346 0.0701267937601 0.0948561662839
v 0.258392745677 0.0700449486982 0.0947160285304
v 0.258108469637 0.0699644478755 0.0945654879255
v 0.257829432572 0.0698853893699 0.0944047278797
v 0.257555974447 0.069807869502 0.0942339442546
v 0.257288428427 0.0697319827179 0.0940533451235
v 0.257027120476 0.0696578214738 0.0938631505187
v 0.256772368957 0.069585476124 0.093663592163
v 0.256524484247 0.0695150348099 0.0934549131876
v 0.256283768354 0.0694465833535 0.0932373678356
v 0.262072933587 0.0710847385577 0.0959215400261
v 0.26174580719 0.070992596809 0.0959037290358
v 0.261419488232 0.0709006447362 0.0958740681641
v 0.261094374284 0.0708089943689 0.0958325935481
v 0.260770861446 0.0707177573689 0.0957793557183
v 0.260449343869 0.0706270448944 0.0957144195367
v 0.260130213273 0.0705369674646 0.0956378641182
v 0.259813858469 0.070447634825 0.0955497827336
v 0.259500664886 0.0703591558136 0.0954502826966
v 0.259191014103 0.0702716382286 0.0953394852326
v 0.258885283382 0.0701851886965 0.0952175253313
v 0.258583845208 0.0700999125428 0.0950845515821
v 0.258287066838 0.0700159136634 0.0949407259929
v 0.257995309849 0.069933294398 0.0947862237932
v 0.257708929704 0.0698521554055 0.09462123322
v 0.257428275312 0.0697725955411 0.0944459552889
v 0.257153688607 0.0696947117363 0.094260603549
v 0.256885504131 0.0696185988806 0.0940654038231
v 0.256624048625 0.0695443497057 0.0938605939317
v 0.256369640633 0.0694720546728 0.0936464234043
v 0.256122590112 0.0694018018623 0.0934231531746
v 0.262064328254 0.0710831092895 0.0961713865665
v 0.261728814001 0.0709886049318 0.0961531188841
v 0.26139412789 0.0708942951136 0.0961226974773
v 0.261060677687 0.0708002947369 0.0960801594096
v 0.260728869648 0.0707067183266 0.0960255565072
v 0.260399108031 0.0706136798912 0.0959589552953
v 0.260071794599 0.0705212927837 0.0958804369173
v 0.259747328133 0.0704296695636 0.0957900970357
v 0.259426103945 0.0703389218597 0.0956880457157
v 0.259108513399 0.070249160234 0.0955744072911
v 0.258794943429 0.0701604940472 0.0954493202129
v 0.258485776071 0.0700730313255 0.0953129368803
v 0.258181387999 0.0699868786287 0.0951654234555
v 0.257882150062 0.0699021409206 0.0950069596609
v 0.257588426836 0.069818921441 0.0948377385602
v 0.257300576177 0.0697373215801 0.0946579663231
v 0.257018948788 0.0696574407547 0.0944678619746
v 0.256743887787 0.0695793762873 0.0942676571274
v 0.256475728294 0.0695032232874 0.0940575957004
v 0.25621479702 0.0694290745358 0.093837933621
v 0.25596141187 0.0693570203712 0.0936089385137
v 0.261862924292 0.069336551436 0.0956203902311
v 0.261543674348 0.0692565373166 0.0955799806167
v 0.261225960494 0.0691770196853 0.0955281098489
v 0.260910169816 0.0690980954221 0.0954648411243
v 0.260596687057 0.0690198606841 0.095390251526
v 0.260285894145 0.0689424107883 0.09530443193
v 0.259978169736 0.0688658400954 0.0952074868942
v 0.259673888743 0.0687902418949 0.0950995345313
v 0.259373421887 0.0687157082918 0.0949807063646
v 0.259077135239 0.0686423300937 0.0948511471678
v 0.25878538978 0.0685701967005 0.0947110147889
v 0.258498540956 0.0684993959959 0.0945604799577
v 0.258216938248 0.0684300142394 0.0943997260776
v 0.257940924746 0.0683621359621 0.0942289490024
v 0.257670836731 0.0682958438632 0.0940483567978
v 0.257407003261 0.0682312187095 0.0938581694875
v 0.257149745779 0.0681683392367 0.0936586187854
v 0.256899377712 0.0681072820537 0.0934499478134
v 0.256656204096 0.0680481215494 0.0932324108049
v 0.261838146662 0.069327933124 0.0958690100087
v 0.261510495404 0.0692458133699 0.0958275369833
v 0.261184420659 0.0691642031693 0.0957743011953
v 0.2608603197 0.0690832019519 0.0957093675042
v 0.260538587394 0.069002908405 0.0956328150218
v 0.260219615722 0.068923420354 0.0955447370154
v 0.259903793302 0.0688448346428 0.0954452407945
v 0.259591504915 0.0687672470161 0.0953344475799
v 0.259283131036 0.0686907520023 0.0952124923561
v 0.258979047371 0.0686154427989 0.0950795237068
v 0.2586796244 0.0685414111586 0.0949357036337
v 0.258385226923 0.0684687472775 0.0947812073596
v 0.258096213617 0.0683975396854 0.0946162231142
v 0.257812936603 0.0683278751376 0.0944409519055
v 0.257535741007 0.0682598385098 0.0942556072744
v 0.257264964552 0.0681935126942 0.0940604150349
v 0.257000937136 0.0681289784984 0.0938556129986
v 0.256743980436 0.0680663145474 0.0936414506852
v 0.256494407513 0.0680055971877 0.0934181890185
v 0.261813369033 0.069319314812 0.0961176297862
v 0.26147731646 0.0692350894231 0.0960750933499
v 0.261142880824 0.0691513866534 0.0960204925417
v 0.260810469585 0.0690683084816 0.0959538938842
v 0.260480487732 0.0689859561258 0.0958753785176
v 0.260153337299 0.0689044299196 0.0957850421007
v 0.259829416869 0.0688238291902 0.0956829946947
v 0.259509121087 0.0687442521372 0.0955693606284
v 0.259192840185 0.0686657957128 0.0954442783477
v 0.258880959504 0.0685885555042 0.0953079002458
v 0.25857385902 0.0685126256167 0.0951603924786
v 0.258271912889 0.0684380985592 0.0950019347615
v 0.257975488987 0.0683650651313 0.0948327201508
v 0.257684948459 0.0682936143131 0.0946529548085
v 0.257400645284 0.0682238331564 0.0944628577511
v 0.257122925843 0.0681558066788 0.0942626605823
v 0.256852128493 0.06808961776 0.0940526072117
v 0.256588583159 0.0680253470411 0.093832953557
v 0.256332610931 0.0679630728261 0.0936039672322
v 0.261270201318 0.0675731446758 0.0954403103934
v 0.260955549084 0.0674997488746 0.0953657265423
v 0.261545792999 0.0676335412142 0.0957497466204
v 0.260897566247 0.0674821418426 0.0956082713485
g feasible_centers_point_000000
p 103 104 105 106 107 108 109 110 111 112 113 114 115 116 117 118
g feasible_centers_point_000001
p 119 120 121 122 123 124 125 126 127 128 129 130 131 132 133 134 135 136 137 138 139 140 141 142 143 144 145 146 147 148 149 150 151 152 153 154 155 156 157 158 159 160 161
g feasible_centers_point_000002
p 162 163 164 165 166 167 168 169 170 171 172 173 174 175 176 177 178 179 180 181 182 183 184 185 186 187 188 189 190 191 192 193 194 195 196 197 198 199 200 201 202 203
g feasible_centers_point_000003
p 204 205 206 207 208 209 210 211 212 213 214 215 216 217 218 219 220 221 222 223 224 225 226 227 228 229 230 231 232 233 234 235 236 237 238 239 240 241 242 243 244 245 246 247
g feasible_centers_point_000004
p 248 249 250 251 252 253 254 255 256 257 258 259 260 261 262 263 264 265 266 267 268 269 270 271 272 273 274 275 276 277 278 279 280 281 282 283 284 285 286 287 288 289
g feasible_centers_point_000005
p 290 291 292 293 294 295 296 297 298 299 300 301 302 303 304 305 306 307 308 309 310 311 312 313 314 315 316 317 318 319 320 321 322 323 324 325
g feasible_centers_point_000006
p 326 327 328 329 330 331 332 333 334 335 336 337 338 339 340 341 342 343 344 345 346 347 348 349 350 351 352
g feasible_centers_point_000007
p 353 354 355 356 357 358 359 360 361 362 363 364 365 366 367 368 369 370 371 372 373 374 375 376 377 378 379 380 381 382
g feasible_centers_point_000008
p 383 384 385 386 387 388 389 390 391 392 393 394 395 396 397 398 399 400 401 402 403 404 405 406 407
g feasible_centers_point_000010
p 408 409 410 411 412 413 414 415 416 417 418 419 420 421 422 423 424 425 426 427 428 429 430 431 432 433 434 435 436
g feasible_centers_point_000011
p 437 438 439 440 441 442 443 444 445 446 447 448 449 450 451 452 453 454 455 456 457 458 459 460 461 462 463 464 465 466
g feasible_centers_point_000012
p 467 468 469 470 471 472 473 474 475 476 477 478 479 480 481 482 483 484 485 486 487 488 489 490 491 492 493 494 495 496 497 498 499
g feasible_centers_point_000013
p 500 501 502 503 504 505 506 507 508 509 510 511 512 513 514 515 516 517 518 519 520 521 522 523
g feasible_centers_point_000014
p 524 525 526 527 528 529 530 531 532 533 534 535 536 537 538 539 540 541 542 543 544 545 546 547 548 549 550 551 552 553 554 555 556 557 558 559 560
g feasible_centers_point_000015
p 561 562 563 564 565 566 567 568 569 570 571 572 573 574 575 576 577 578 579 580 581 582 583 584 585 586 587 588 589 590 591 592 593 594 595 596 597 598 599 600 601 602 603 604 605 606
g feasible_centers_point_000016
p 607 608 609 610 611 612 613 614 615 616 617 618 619 620 621 622 623 624 625 626 627 628 629 630 631 632 633 634 635 636 637 638 639 640 641 642 643 644 645 646 647
g feasible_centers_point_000017
p 648 649 650 651 652 653 654 655 656 657 658 659 660 661 662 663 664 665 666 667 668 669 670 671 672 673 674 675 676 677 678 679 680 681 682 683 684 685
g feasible_centers_point_000018
p 686 687 688 689 690 691 692 693 694 695 696 697 698 699 700 701 702 703 704 705 706 707 708
g feasible_centers_point_000019
p 709 710 711 712 713 714 715 716 717 718 719 720 721 722 723 724 725 726 727 728 729 730 731 732 733 734 735 736 737 738 739 740 741 742 743 744 745 746 747 748 749 750 751 752 753
g feasible_centers_point_000020
p 754 755 756 757 758 759 760 761 762 763 764 765 766 767 768 769
g feasible_centers_point_000021
p 770 771 772 773 774 775 776 777 778 779 780 781 782 783 784 785 786 787 788 789 790 791 792 793 794 795 796 797 798 799 800 801 802 803 804 805 806 807 808 809 810 811 812 813 814 815 816 817 818
g feasible_centers_point_000022
p 819 820 821 822 823 824 825 826 827 828 829 830 831 832 833 834 835 836 837 838 839 840 841 842 843 844 845 846 847 848 849 850 851
g feasible_centers_point_000023
p 852 853 854 855 856 857 858 859 860 861 862 863 864 865 866 867 868 869 870 871 872 873 874 875 876 877 878
g feasible_centers_point_000024
p 879 880 881 882 883 884 885 886 887 888 889 890 891 892 893 894 895 896 897 898 899 900 901 902 903 904 905 906 907 908 909 910 911 912 913 914 915 916 917 918 919 920 921 922 923
g feasible_centers_point_000025
p 924 925 926 927 928 929 930 931 932 933 934 935 936 937 938 939 940 941 942 943 944 945 946 947 948 949 950 951 952 953 954 955 956 957 958 959 960 961 962 963 964 965 966 967 968 969 970 971 972
g feasible_centers_point_000026
p 973 974 975 976 977 978 979 980 981 982 983 984 985 986 987 988 989 990 991 992 993 994 995 996 997 998 999 1000 1001 1002 1003 1004 1005 1006 1007 1008 1009 1010 1011 1012 1013 1014 1015 1016 1017 1018 1019 1020 1021 1022
g feasible_centers_point_000027
p 1023 1024 1025 1026 1027 1028 1029 1030 1031 1032 1033 1034 1035 1036 1037 1038 1039 1040 1041 1042 1043 1044 1045 1046 1047 1048 1049 1050 1051 1052 1053 1054 1055 1056
g feasible_centers_point_000028
p 1057 1058 1059 1060 1061 1062 1063 1064 1065 1066 1067 1068 1069 1070 1071 1072 1073 1074 1075 1076 1077 1078 1079 1080 1081 1082 1083 1084 1085 1086 1087 1088 1089
g feasible_centers_point_000029
p 1090 1091 1092 1093 1094 1095 1096 1097 1098 1099 1100 1101 1102 1103 1104 1105 1106 1107 1108 1109 1110 1111 1112 1113 1114 1115 1116
g feasible_centers_point_000030
p 1117 1118 1119 1120 1121 1122 1123 1124 1125 1126 1127 1128 1129 1130 1131 1132 1133 1134 1135 1136 1137 1138 1139 1140 1141 1142 1143 1144 1145 1146 1147 1148 1149 1150 1151 1152 1153 1154 1155
g feasible_centers_point_000031
p 1156 1157 1158 1159 1160 1161 1162 1163 1164 1165 1166 1167 1168 1169 1170 1171 1172 1173 1174 1175 1176 1177 1178 1179 1180 1181 1182 1183 1184 1185 1186 1187 1188 1189 1190 1191 1192 1193 1194 1195 1196 1197 1198 1199 1200 1201 1202 1203 1204 1205 1206 1207 1208 1209 1210 1211 1212 1213 1214 1215
g feasible_centers_point_000032
p 1216 1217 1218 1219 1220 1221 1222 1223 1224 1225 1226 1227 1228 1229 1230 1231 1232 1233 1234 1235 1236 1237 1238 1239 1240 1241 1242 1243 1244 1245 1246 1247 1248 1249 1250 1251 1252 1253 1254 1255 1256 1257 1258 1259 1260 1261 1262 1263 1264 1265 1266 1267 1268 1269 1270 1271 1272 1273 1274 1275 1276 1277 1278
g feasible_centers_point_000033
p 1279 1280 1281 1282 1283 1284 1285 1286 1287 1288 1289 1290 1291 1292 1293 1294 1295 1296 1297 1298 1299 1300 1301 1302 1303 1304 1305 1306 1307 1308 1309 1310 1311 1312 1313 1314 1315 1316 1317 1318 1319 1320 1321 1322 1323 1324 1325 1326 1327 1328 1329 1330 1331 1332 1333 1334 1335 1336 1337 1338
g feasible_centers_point_000034
p 1339 1340 1341 1342 1343 1344 1345 1346 1347 1348 1349 1350 1351 1352 1353 1354 1355 1356 1357 1358 1359 1360 1361 1362 1363 1364 1365 1366 1367 1368 1369 1370 1371 1372 1373 1374 1375 1376 1377 1378 1379 1380 1381 1382 1383 1384 1385 1386 1387 1388 1389 1390 1391 1392 1393 1394 1395 1396 1397 1398
g feasible_centers_point_000035
p 1399 1400 1401 1402 1403 1404 1405 1406 1407 1408 1409 1410 1411 1412 1413 1414 1415 1416 1417 1418 1419 1420 1421 1422 1423 1424 1425 1426 1427 1428 1429 1430 1431 1432 1433 1434 1435 1436 1437 1438 1439 1440 1441 1442 1443 1444 1445 1446 1447 1448 1449 1450 1451 1452 1453 1454 1455 1456 1457 1458
g feasible_centers_point_000036
p 1459 1460 1461 1462 1463 1464 1465 1466 1467 1468 1469 1470 1471 1472 1473 1474 1475 1476 1477 1478 1479 1480 1481 1482 1483 1484 1485 1486 1487 1488 1489 1490 1491 1492 1493 1494 1495 1496 1497 1498 1499 1500 1501 1502 1503 1504 1505 1506 1507 1508 1509 1510 1511 1512
g feasible_centers_point_000037
p 1513 1514 1515 1516 1517 1518 1519 1520 1521 1522 1523 1524 1525 1526 1527 1528 1529 1530 1531 1532 1533 1534 1535 1536 1537 1538 1539 1540 1541 1542 1543 1544 1545 1546 1547 1548 1549 1550 1551 1552 1553 1554 1555 1556 1557 1558 1559 1560 1561 1562 1563 1564 1565 1566
g feasible_centers_point_000038
p 1567 1568 1569 1570 1571 1572 1573 1574 1575 1576 1577 1578 1579 1580 1581 1582 1583 1584 1585 1586 1587 1588 1589 1590 1591 1592 1593 1594 1595 1596 1597 1598 1599 1600 1601 1602 1603 1604 1605 1606 1607 1608 1609 1610 1611 1612 1613 1614 1615 1616 1617 1618 1619 1620 1621 1622
g feasible_centers_point_000039
p 1623 1624 1625 1626 1627 1628 1629 1630 1631 1632 1633 1634 1635 1636 1637 1638 1639 1640 1641 1642 1643 1644 1645 1646 1647 1648 1649 1650 1651 1652 1653 1654
g feasible_centers_point_000040
p 1655 1656 1657 1658 1659 1660 1661 1662 1663 1664 1665 1666 1667 1668 1669 1670 1671 1672 1673 1674 1675 1676 1677 1678 1679 1680 1681 1682 1683 1684 1685 1686 1687 1688 1689 1690 1691 1692 1693 1694 1695 1696 1697 1698 1699 1700 1701 1702 1703 1704 1705 1706 1707 1708 1709 1710 1711
g feasible_centers_point_000041
p 1712 1713 1714 1715 1716 1717 1718 1719 1720 1721 1722 1723 1724 1725 1726 1727 1728 1729 1730 1731 1732 1733 1734 1735 1736 1737 1738 1739 1740 1741 1742 1743 1744 1745 1746 1747 1748 1749 1750 1751 1752 1753 1754 1755 1756 1757 1758 1759 1760 1761 1762 1763 1764 1765 1766 1767 1768 1769 1770 1771 1772 1773 1774 1775 1776 1777 1778 1779 1780 1781 1782 1783 1784 1785 1786
g feasible_centers_point_000042
p 1787 1788 1789 1790 1791 1792 1793 1794 1795 1796 1797 1798 1799 1800 1801 1802 1803 1804 1805 1806 1807 1808 1809 1810 1811 1812 1813 1814 1815 1816 1817 1818 1819 1820 1821 1822 1823 1824 1825 1826 1827 1828 1829 1830 1831 1832 1833 1834 1835 1836 1837 1838 1839 1840 1841 1842 1843 1844 1845 1846 1847 1848 1849 1850 1851 1852 1853 1854 1855
g feasible_centers_point_000043
p 1856 1857 1858 1859 1860 1861 1862 1863 1864 1865 1866 1867 1868 1869 1870 1871 1872 1873 1874 1875 1876 1877 1878 1879 1880 1881 1882 1883 1884 1885 1886 1887 1888 1889 1890 1891 1892 1893 1894 1895 1896 1897 1898 1899 1900 1901 1902 1903 1904 1905 1906 1907 1908 1909 1910 1911 1912
g feasible_centers_point_000044
p 1913 1914 1915 1916 1917 1918 1919 1920 1921 1922 1923 1924 1925 1926 1927 1928 1929 1930 1931 1932 1933 1934 1935 1936 1937 1938 1939 1940 1941 1942 1943 1944 1945 1946 1947 1948 1949 1950 1951 1952 1953 1954 1955 1956 1957 1958 1959 1960 1961 1962 1963 1964 1965 1966 1967 1968 1969 1970 1971 1972 1973 1974 1975 1976 1977 1978 1979 1980 1981
g feasible_centers_point_000045
p 1982 1983 1984 1985 1986 1987 1988 1989 1990 1991 1992 1993 1994 1995 1996 1997 1998 1999 2000 2001 2002 2003 2004 2005 2006 2007 2008 2009 2010 2011 2012 2013 2014 2015 2016 2017 2018 2019 2020 2021 2022 2023 2024 2025 2026 2027 2028 2029 2030 2031 2032 2033 2034 2035 2036 2037 2038 2039 2040 2041 2042 2043 2044 2045 2046 2047 2048 2049 2050 2051 2052 2053 2054 2055 2056 2057 2058 2059 2060 2061 2062
g feasible_centers_point_000046
p 2063 2064 2065 2066 2067 2068 2069 2070 2071 2072 2073 2074 2075 2076 2077 2078 2079 2080 2081 2082 2083 2084 2085 2086 2087 2088 2089 2090 2091 2092 2093 2094 2095 2096 2097 2098 2099 2100 2101 2102 2103 2104 2105 2106 2107 2108 2109 2110 2111 2112 2113 2114 2115 2116 2117 2118 2119 2120 2121 2122 2123 2124 2125 2126 2127 2128 2129 2130 2131 2132 2133 2134
g feasible_centers_point_000047
p 2135 2136 2137 2138 2139 2140 2141 2142 2143 2144 2145 2146 2147 2148 2149 2150 2151 2152 2153 2154 2155 2156 2157 2158 2159 2160 2161 2162 2163 2164 2165 2166 2167 2168 2169 2170 2171 2172 2173 2174 2175 2176 2177 2178 2179 2180 2181 2182 2183 2184 2185 2186 2187 2188 2189 2190 2191 2192 2193 2194 2195 2196 2197 2198 2199 2200
g feasible_centers_point_000048
p 2201 2202 2203 2204 2205 2206 2207 2208 2209 2210 2211 2212 2213 2214 2215 2216 2217 2218 2219 2220 2221 2222 2223 2224 2225 2226 2227 2228 2229 2230 2231 2232 2233 2234 2235 2236 2237 2238 2239 2240 2241 2242 2243 2244 2245 2246 2247 2248 2249 2250 2251 2252 2253 2254 2255 2256
g feasible_centers_point_000049
p 2257 2258 2259 2260 2261 2262 2263 2264 2265 2266 2267 2268 2269 2270 2271 2272 2273 2274 2275 2276 2277 2278 2279 2280 2281 2282 2283 2284 2285 2286
g feasible_centers_point_000050
p 2287 2288 2289 2290 2291 2292 2293 2294 2295 2296 2297 2298 2299 2300 2301 2302 2303 2304 2305 2306 2307 2308 2309 2310 2311 2312 2313 2314 2315 2316 2317 2318 2319 2320 2321 2322
g feasible_centers_point_000051
p 2323 2324 2325 2326 2327 2328 2329 2330 2331 2332 2333 2334 2335 2336 2337 2338 2339 2340 2341 2342 2343 2344 2345 2346 2347 2348 2349 2350 2351 2352 2353 2354 2355 2356 2357 2358 2359 2360 2361 2362 2363 2364 2365 2366 2367 2368 2369 2370 2371 2372 2373 2374 2375 2376 2377 2378 2379
g feasible_centers_point_000052
p 2380 2381 2382 2383 2384 2385 2386 2387 2388 2389 2390 2391 2392 2393 2394 2395 2396 2397 2398 2399 2400 2401 2402 2403 2404 2405 2406 2407 2408 2409 2410 2411 2412 2413 2414 2415 2416 2417 2418 2419 2420 2421 2422 2423 2424 2425 2426 2427 2428 2429 2430 2431 2432 2433
g feasible_centers_point_000053
p 2434 2435 2436 2437 2438 2439 2440 2441 2442 2443 2444 2445 2446 2447 2448 2449 2450 2451 2452 2453 2454 2455 2456 2457 2458 2459 2460 2461 2462 2463 2464 2465 2466 2467 2468 2469 2470 2471 2472 2473 2474 2475 2476 2477 2478 2479 2480 2481 2482 2483 2484 2485 2486 2487
g feasible_centers_point_000054
p 2488 2489 2490 2491 2492 2493 2494 2495 2496 2497 2498 2499 2500 2501 2502 2503 2504 2505 2506 2507 2508 2509 2510 2511 2512 2513 2514 2515 2516 2517 2518 2519 2520 2521 2522 2523 2524 2525 2526 2527 2528 2529 2530 2531 2532 2533 2534 2535 2536 2537 2538 2539 2540 2541 2542 2543 2544 2545 2546 2547
g feasible_centers_point_000055
p 2548 2549 2550 2551 2552 2553 2554 2555 2556 2557 2558 2559 2560 2561 2562 2563 2564 2565 2566 2567 2568 2569 2570 2571 2572 2573 2574 2575 2576 2577 2578 2579 2580 2581 2582 2583 2584 2585 2586 2587 2588 2589 2590 2591 2592 2593 2594 2595 2596 2597 2598 2599 2600 2601 2602 2603 2604
g feasible_centers_point_000056
p 2605 2606 2607 2608 2609 2610 2611 2612 2613 2614 2615 2616 2617 2618 2619 2620 2621 2622 2623 2624 2625 2626 2627 2628 2629 2630 2631 2632 2633 2634 2635 2636 2637 2638 2639 2640 2641 2642 2643 2644 2645 2646 2647 2648 2649 2650 2651 2652 2653 2654 2655 2656 2657 2658
g feasible_centers_point_000057
p 2659 2660 2661 2662 2663 2664 2665 2666 2667 2668 2669 2670 2671 2672 2673 2674 2675 2676 2677 2678 2679 2680 2681 2682 2683 2684 2685 2686 2687 2688 2689 2690 2691 2692 2693 2694 2695 2696 2697 2698 2699 2700 2701 2702 2703 2704 2705 2706 2707 2708 2709 2710 2711 2712 2713 2714 2715 2716 2717 2718 2719 2720 2721 2722 2723 2724 2725 2726
g feasible_centers_point_000058
p 2727 2728 2729 2730 2731 2732 2733 2734 2735 2736 2737 2738 2739 2740 2741 2742 2743 2744 2745 2746 2747 2748 2749 2750 2751 2752 2753 2754 2755 2756 2757 2758 2759 2760 2761 2762 2763 2764 2765 2766 2767 2768 2769 2770 2771 2772 2773 2774 2775 2776 2777 2778 2779 2780 2781 2782
g feasible_centers_point_000059
p 2783 2784 2785 2786 2787 2788 2789 2790 2791 2792 2793 2794 2795 2796 2797 2798 2799 2800 2801 2802 2803 2804 2805 2806 2807 2808 2809 2810 2811 2812 2813
g feasible_centers_point_000060
p 2814 2815 2816 2817 2818 2819 2820 2821 2822 2823 2824 2825 2826 2827 2828 2829 2830 2831 2832 2833 2834 2835 2836 2837 2838 2839 2840 2841 2842 2843 2844 2845 2846 2847 2848 2849 2850 2851 2852 2853 2854 2855 2856 2857 2858 2859 2860 2861 2862 2863 2864
g feasible_centers_point_000061
p 2865 2866 2867 2868 2869 2870 2871 2872 2873 2874 2875 2876 2877 2878 2879 2880 2881 2882 2883 2884 2885 2886 2887 2888 2889 2890 2891 2892 2893 2894 2895 2896 2897 2898 2899 2900 2901 2902 2903 2904 2905 2906 2907 2908 2909 2910 2911 2912 2913 2914 2915 2916 2917 2918 2919
g feasible_centers_point_000062
p 2920 2921 2922 2923 2924 2925 2926 2927 2928 2929 2930 2931 2932 2933 2934 2935 2936 2937 2938 2939 2940 2941 2942 2943 2944 2945 2946 2947 2948 2949 2950 2951 2952 2953 2954 2955 2956 2957 2958 2959 2960 2961 2962 2963 2964 2965 2966 2967 2968 2969 2970 2971 2972 2973 2974 2975 2976 2977 2978 2979 2980 2981 2982 2983 2984 2985 2986 2987 2988
g feasible_centers_point_000063
p 2989 2990 2991 2992 2993 2994 2995 2996 2997 2998 2999 3000 3001 3002 3003 3004 3005 3006 3007 3008 3009 3010 3011 3012 3013 3014 3015 3016 3017 3018 3019 3020 3021 3022 3023 3024 3025 3026 3027 3028 3029 3030 3031 3032 3033 3034 3035 3036 3037 3038 3039 3040 3041 3042 3043 3044 3045 3046 3047 3048 3049 3050 3051 3052 3053 3054 3055 3056 3057 3058 3059 3060
g feasible_centers_point_000064
p 3061 3062 3063 3064 3065 3066 3067 3068 3069 3070 3071 3072 3073 3074 3075 3076 3077 3078 3079 3080 3081 3082 3083 3084 3085 3086 3087 3088 3089 3090 3091 3092 3093 3094 3095 3096 3097 3098 3099 3100 3101 3102 3103 3104 3105 3106 3107 3108 3109 3110 3111 3112 3113 3114 3115 3116 3117 3118 3119 3120 3121 3122 3123 3124 3125 3126
g feasible_centers_point_000065
p 3127 3128 3129 3130 3131 3132 3133 3134 3135 3136 3137 3138 3139 3140 3141 3142 3143 3144 3145 3146 3147 3148 3149 3150 3151 3152 3153 3154 3155 3156 3157 3158 3159 3160 3161 3162 3163 3164 3165 3166 3167 3168 3169 3170 3171 3172 3173 3174 3175 3176 3177 3178 3179 3180 3181 3182 3183 3184 3185 3186 3187 3188 3189 3190
g feasible_centers_point_000066
p 3191 3192 3193 3194 3195 3196 3197 3198 3199 3200 3201 3202 3203 3204 3205 3206 3207 3208 3209 3210 3211 3212 3213 3214 3215 3216 3217 3218 3219 3220 3221 3222 3223 3224 3225 3226 3227 3228 3229 3230 3231 3232 3233 3234 3235 3236 3237 3238 3239 3240 3241 3242 3243 3244 3245 3246 3247 3248 3249 3250 3251 3252 3253 3254 3255 3256 3257 3258 3259 3260 3261 3262
g feasible_centers_point_000067
p 3263 3264 3265 3266 3267 3268 3269 3270 3271 3272 3273 3274 3275 3276 3277 3278 3279 3280 3281 3282 3283 3284 3285 3286 3287 3288 3289 3290 3291 3292 3293 3294 3295 3296 3297 3298 3299 3300 3301 3302 3303 3304 3305 3306 3307 3308 3309 3310 3311 3312 3313 3314 3315 3316 3317 3318 3319 3320 3321 3322 3323 3324 3325 3326 3327 3328 3329 3330 3331 3332 3333 3334
g feasible_centers_point_000068
p 3335 3336 3337 3338 3339 3340 3341 3342 3343 3344 3345 3346 3347 3348 3349 3350 3351 3352 3353 3354 3355 3356 3357 3358 3359 3360 3361 3362 3363 3364 3365 3366 3367 3368 3369 3370 3371 3372 3373 3374 3375 3376 3377 3378 3379 3380 3381 3382 3383 3384 3385 3386 3387 3388 3389 3390 3391 3392 3393 3394 3395 3396 3397 3398 3399 3400
g feasible_centers_point_000069
p 3401 3402 3403 3404 3405 3406 3407 3408 3409 3410 3411 3412 3413 3414 3415 3416 3417 3418 3419 3420 3421 3422 3423 3424 3425 3426 3427 3428 3429 3430 3431 3432 3433 3434 3435 3436 3437 3438 3439 3440 3441 3442 3443 3444 3445 3446 3447 3448 3449 3450 3451 3452 3453 3454 3455 3456 3457 3458 3459 3460 3461 3462 3463 3464 3465 3466
g feasible_centers_point_000071
p 3467 3468 3469 3470 3471 3472 3473 3474 3475 3476 3477 3478 3479 3480 3481 3482 3483 3484 3485 3486 3487 3488 3489 3490 3491 3492 3493 3494 3495 3496 3497 3498 3499 3500 3501 3502 3503 3504 3505 3506 3507 3508 3509 3510 3511 3512 3513 3514 3515 3516 3517 3518 3519 3520 3521 3522 3523 3524 3525 3526 3527 3528 3529 3530 3531 3532 3533 3534 3535
g feasible_centers_point_000072
p 3536 3537
g feasible_centers_point_000073
p 3538 3539 3540 3541 3542 3543 3544 3545 3546 3547 3548 3549 3550 3551 3552 3553 3554 3555 3556 3557 3558 3559 3560 3561 3562 3563 3564 3565 3566 3567 3568 3569 3570 3571 3572 3573 3574 3575 3576 3577 3578 3579 3580 3581 3582 3583 3584 3585 3586 3587 3588 3589 3590 3591 3592 3593 3594 3595 3596 3597 3598 3599
g feasible_centers_point_000074
p 3600 3601 3602 3603 3604 3605 3606 3607 3608 3609 3610 3611 3612 3613 3614 3615 3616 3617 3618 3619 3620 3621 3622 3623 3624 3625 3626 3627 3628 3629 3630 3631 3632 3633 3634 3635 3636 3637 3638 3639 3640 3641 3642 3643 3644 3645 3646 3647 3648 3649 3650 3651 3652 3653 3654 3655 3656 3657 3658 3659
g feasible_centers_point_000075
p 3660 3661 3662 3663 3664 3665 3666 3667 3668 3669 3670 3671 3672 3673 3674 3675 3676 3677 3678 3679 3680 3681 3682 3683 3684 3685 3686 3687 3688 3689 3690 3691 3692 3693 3694 3695 3696 3697 3698 3699 3700 3701 3702 3703 3704 3705 3706 3707 3708 3709 3710 3711 3712 3713 3714 3715 3716 3717 3718 3719 3720 3721 3722 3723 3724 3725
g feasible_centers_point_000076
p 3726 3727 3728 3729 3730 3731 3732 3733 3734 3735 3736 3737 3738 3739 3740 3741 3742 3743 3744 3745 3746 3747 3748 3749 3750 3751 3752 3753 3754 3755 3756 3757 3758 3759 3760 3761 3762 3763 3764 3765 3766 3767 3768 3769 3770 3771 3772 3773 3774 3775 3776 3777 3778 3779 3780 3781 3782 3783 3784 3785
g feasible_centers_point_000077
p 3786 3787 3788 3789 3790 3791 3792 3793 3794 3795 3796 3797 3798 3799 3800 3801 3802 3803 3804 3805 3806 3807 3808 3809 3810 3811 3812 3813 3814 3815 3816 3817 3818 3819 3820 3821 3822 3823 3824 3825 3826 3827 3828 3829 3830 3831 3832 3833 3834 3835 3836 3837 3838 3839 3840 3841 3842 3843 3844 3845 3846 3847 3848 3849 3850 3851 3852 3853 3854
g feasible_centers_point_000078
p 3855 3856 3857 3858 3859 3860 3861 3862 3863 3864 3865 3866 3867 3868 3869 3870 3871 3872 3873 3874 3875 3876 3877 3878 3879 3880 3881 3882 3883 3884 3885 3886 3887 3888 3889 3890 3891 3892 3893 3894 3895 3896 3897 3898 3899 3900 3901 3902 3903 3904 3905 3906 3907 3908 3909 3910 3911 3912 3913 3914 3915 3916 3917 3918 3919 3920 3921 3922 3923
g feasible_centers_point_000079
p 3924 3925 3926 3927 3928 3929 3930 3931 3932 3933 3934 3935 3936 3937 3938 3939 3940 3941 3942 3943 3944 3945 3946 3947 3948 3949 3950 3951 3952 3953 3954 3955 3956 3957 3958 3959
g feasible_centers_point_000080
p 3960 3961 3962 3963 3964 3965 3966 3967 3968 3969 3970 3971 3972 3973 3974 3975 3976 3977 3978 3979 3980 3981 3982 3983 3984 3985 3986 3987 3988 3989 3990 3991 3992 3993 3994 3995 3996 3997 3998 3999 4000 4001 4002 4003 4004 4005 4006 4007 4008 4009 4010 4011 4012 4013 4014 4015 4016 4017 4018 4019 4020 4021 4022
g feasible_centers_point_000081
p 4023 4024 4025 4026 4027 4028 4029 4030 4031 4032 4033 4034 4035 4036 4037 4038 4039 4040 4041 4042 4043 4044 4045 4046 4047 4048 4049 4050 4051 4052 4053 4054 4055 4056 4057 4058 4059 4060 4061 4062 4063 4064
g feasible_centers_point_000082
p 4065 4066 4067 4068 4069 4070 4071 4072 4073 4074 4075 4076 4077 4078 4079 4080 4081 4082 4083 4084 4085 4086 4087 4088 4089 4090 4091 4092 4093 4094 4095 4096 4097 4098 4099 4100 4101 4102 4103 4104 4105 4106 4107 4108 4109 4110
g feasible_centers_point_000083
p 4111 4112 4113 4114 4115 4116 4117 4118 4119 4120 4121 4122 4123 4124 4125 4126 4127 4128 4129 4130 4131 4132 4133 4134 4135 4136 4137 4138 4139 4140 4141 4142 4143
g feasible_centers_point_000084
p 4144 4145 4146 4147 4148 4149 4150 4151 4152 4153 4154 4155 4156 4157 4158 4159 4160 4161 4162 4163 4164 4165 4166 4167 4168 4169 4170 4171 4172 4173 4174 4175 4176 4177 4178 4179 4180 4181 4182 4183 4184 4185 4186 4187 4188 4189 4190 4191
g feasible_centers_point_000085
p 4192 4193 4194 4195 4196 4197 4198 4199 4200 4201 4202 4203 4204 4205 4206 4207 4208 4209 4210 4211 4212 4213 4214 4215 4216 4217 4218 4219 4220 4221 4222 4223 4224 4225 4226 4227 4228 4229 4230 4231 4232 4233 4234 4235 4236 4237 4238 4239 4240 4241 4242 4243 4244 4245 4246 4247 4248 4249 4250 4251 4252 4253 4254 4255 4256 4257 4258 4259 4260 4261 4262
g feasible_centers_point_000086
p 4263 4264 4265 4266 4267 4268 4269 4270 4271 4272 4273 4274 4275 4276 4277 4278 4279 4280 4281 4282 4283 4284 4285 4286 4287 4288 4289 4290 4291 4292 4293 4294 4295 4296 4297 4298
g feasible_centers_point_000087
p 4299 4300 4301
g feasible_centers_point_000088
p 4302 4303 4304 4305 4306 4307 4308 4309 4310 4311 4312 4313 4314 4315 4316 4317 4318 4319 4320 4321 4322 4323 4324 4325 4326 4327 4328 4329 4330 4331 4332 4333 4334 4335 4336 4337 4338 4339 4340 4341 4342 4343 4344 4345 4346 4347 4348 4349 4350 4351 4352 4353 4354 4355 4356 4357 4358 4359 4360 4361 4362 4363 4364 4365 4366 4367
g feasible_centers_point_000089
p 4368 4369 4370 4371 4372 4373 4374 4375 4376 4377 4378 4379 4380 4381 4382 4383 4384 4385 4386 4387 4388 4389 4390 4391 4392 4393 4394 4395 4396 4397 4398 4399 4400 4401 4402 4403 4404 4405 4406 4407 4408 4409 4410 4411 4412 4413 4414 4415 4416 4417 4418 4419 4420 4421 4422 4423 4424 4425 4426 4427 4428 4429 4430 4431 4432 4433 4434 4435 4436 4437 4438 4439 4440 4441 4442
g feasible_centers_point_000090
p 4443 4444 4445 4446 4447 4448 4449 4450 4451 4452 4453 4454 4455 4456 4457 4458 4459 4460 4461 4462 4463 4464 4465 4466 4467 4468 4469 4470 4471 4472 4473 4474 4475 4476 4477 4478 4479 4480 4481 4482 4483 4484 4485 4486 4487 4488 4489 4490 4491 4492 4493 4494 4495 4496 4497 4498 4499 4500 4501 4502 4503 4504 4505
g feasible_centers_point_000091
p 4506 4507 4508 4509 4510 4511 4512 4513 4514 4515 4516 4517 4518 4519 4520 4521 4522 4523 4524 4525 4526 4527 4528 4529 4530 4531 4532 4533 4534 4535 4536 4537 4538 4539 4540 4541 4542 4543 4544
g feasible_centers_point_000092
p 4545 4546 4547 4548 4549 4550 4551 4552 4553 4554 4555 4556 4557 4558 4559 4560 4561 4562 4563 4564 4565 4566 4567 4568
g feasible_centers_point_000093
p 4569 4570 4571 4572 4573 4574 4575 4576 4577 4578 4579 4580 4581 4582 4583 4584 4585 4586 4587 4588 4589 4590 4591 4592 4593 4594 4595 4596 4597 4598 4599 4600 4601 4602 4603 4604 4605 4606 4607 4608 4609 4610 4611 4612 4613 4614 4615 4616 4617 4618 4619 4620 4621 4622 4623 4624 4625 4626 4627 4628 4629 4630 4631 4632 4633 4634
g feasible_centers_point_000094
p 4635 4636 4637 4638 4639 4640 4641 4642 4643 4644 4645 4646 4647 4648 4649 4650 4651 4652 4653 4654 4655 4656 4657 4658 4659 4660 4661 4662 4663 4664 4665 4666 4667 4668 4669 4670 4671 4672 4673 4674 4675 4676 4677 4678 4679 4680 4681 4682 4683 4684 4685 4686 4687 4688
g feasible_centers_point_000095
p 4689 4690 4691 4692 4693 4694 4695 4696 4697 4698 4699 4700 4701 4702 4703 4704 4705 4706 4707 4708 4709 4710 4711 4712 4713 4714 4715 4716 4717 4718 4719 4720 4721 4722 4723 4724 4725 4726 4727 4728 4729 4730 4731 4732 4733 4734 4735 4736 4737 4738 4739 4740 4741 4742
g feasible_centers_point_000096
p 4743 4744 4745 4746 4747 4748 4749 4750 4751 4752 4753 4754 4755 4756 4757 4758 4759 4760 4761 4762 4763 4764 4765 4766 4767 4768 4769 4770 4771 4772 4773 4774 4775 4776 4777 4778 4779 4780 4781 4782 4783 4784 4785 4786 4787 4788 4789 4790 4791 4792 4793 4794 4795 4796 4797 4798 4799 4800 4801 4802 4803 4804 4805 4806 4807
g feasible_centers_point_000097
p 4808 4809 4810 4811 4812 4813 4814 4815 4816 4817 4818 4819 4820 4821 4822 4823 4824 4825 4826 4827 4828 4829 4830 4831 4832 4833 4834 4835 4836 4837 4838 4839 4840 4841 4842 4843 4844 4845 4846 4847 4848 4849 4850 4851 4852 4853 4854 4855 4856 4857 4858 4859 4860 4861 4862 4863 4864 4865 4866 4867 4868 4869 4870 4871 4872 4873 4874 4875 4876 4877 4878 4879 4880
g feasible_centers_point_000099
p 4881 4882 4883 4884 4885 4886 4887 4888 4889 4890 4891 4892 4893 4894 4895 4896 4897 4898 4899 4900 4901 4902 4903 4904 4905 4906 4907 4908 4909 4910 4911 4912 4913 4914 4915 4916 4917 4918 4919 4920 4921 4922 4923 4924 4925 4926 4927 4928 4929 4930 4931 4932 4933 4934 4935 4936 4937 4938 4939 4940 4941 4942 4943
g feasible_centers_point_000100
p 4944 4945 4946 4947 4948 4949 4950 4951 4952 4953 4954 4955 4956 4957 4958 4959 4960 4961 4962 4963 4964 4965 4966 4967 4968 4969 4970 4971 4972 4973 4974 4975 4976 4977 4978 4979 4980 4981 4982 4983 4984 4985 4986 4987 4988 4989 4990 4991 4992 4993 4994 4995 4996 4997 4998 4999 5000
g feasible_centers_point_000101
p 5001 5002 5003 5004
o feasible_center_arcs
g feasible_center_arcs
l 115 116
l 117 118
l 149 150
l 150 151
l 151 152
l 152 153
l 153 154
l 155 156
l 156 157
l 157 158
l 158 159
l 160 161
l 161 149
l 190 191
l 191 192
l 192 193
l 194 195
l 195 196
l 196 197
l 197 198
l 199 200
l 200 201
l 201 202
l 202 203
l 203 190
l 234 235
l 235 236
l 236 237
l 237 238
l 238 239
l 240 241
l 241 242
l 242 243
l 243 244
l 245 246
l 246 247
l 247 234
l 277 278
l 278 279
l 279 280
l 280 281
l 281 282
l 283 284
l 284 285
l 285 286
l 286 287
l 288 289
l 289 277
l 314 315
l 315 316
l 316 317
l 317 318
l 319 320
l 320 321
l 321 322
l 323 324
l 324 325
l 325 314
l 344 345
l 345 346
l 347 348
l 349 350
l 350 351
l 351 352
l 352 344
l 373 374
l 374 375
l 375 376
l 377 378
l 379 380
l 380 381
l 381 382
l 382 373
l 400 401
l 401 402
l 403 404
l 404 405
l 405 406
l 406 407
l 407 400
l 428 429
l 429 430
l 430 431
l 432 433
l 434 435
l 435 436
l 436 428
l 457 458
l 458 459
l 459 460
l 460 461
l 461 462
l 463 464
l 465 466
l 466 457
l 489 490
l 490 491
l 491 492
l 492 493
l 494 495
l 496 497
l 497 498
l 498 499
l 499 489
l 516 517
l 517 518
l 518 519
l 519 520
l 522 523
l 523 516
l 549 550
l 550 551
l 551 552
l 552 553
l 554 555
l 555 556
l 557 558
l 558 559
l 559 560
l 560 549
l 592 593
l 593 594
l 594 595
l 595 596
l 597 598
l 598 599
l 599 600
l 600 601
l 602 603
l 603 604
l 604 605
l 605 606
l 606 592
l 635 636
l 636 637
l 637 638
l 639 640
l 640 641
l 641 642
l 642 643
l 644 645
l 645 646
l 646 647
l 647 635
l 674 675
l 675 676
l 677 678
l 678 679
l 679 680
l 681 682
l 682 683
l 683 684
l 684 685
l 685 674
l 702 703
l 703 704
l 705 706
l 707 708
l 708 702
l 740 741
l 741 742
l 742 743
l 744 745
l 745 746
l 746 747
l 748 749
l 749 750
l 750 751
l 751 752
l 752 753
l 753 740
l 764 765
l 767 768
l 769 764
l 804 805
l 805 806
l 806 807
l 807 808
l 808 809
l 810 811
l 811 812
l 812 813
l 813 814
l 815 816
l 816 817
l 817 818
l 818 804
l 841 842
l 842 843
l 843 844
l 844 845
l 846 847
l 847 848
l 848 849
l 850 851
l 851 841
l 870 871
l 871 872
l 872 873
l 874 875
l 876 877
l 877 878
l 878 870
l 909 910
l 910 911
l 911 912
l 912 913
l 913 914
l 915 916
l 916 917
l 917 918
l 918 919
l 920 921
l 921 922
l 922 923
l 923 909
l 957 958
l 958 959
l 959 960
l 960 961
l 961 962
l 963 964
l 964 965
l 965 966
l 966 967
l 968 969
l 969 970
l 970 971
l 971 972
l 972 957
l 1007 1008
l 1008 1009
l 1009 1010
l 1010 1011
l 1011 1012
l 1013 1014
l 1014 1015
l 1015 1016
l 1016 1017
l 1018 1019
l 1019 1020
l 1020 1021
l 1021 1022
l 1022 1007
l 1046 1047
l 1047 1048
l 1048 1049
l 1050 1051
l 1051 1052
l 1053 1054
l 1054 1055
l 1055 1056
l 1056 1046
l 1081 1082
l 1082 1083
l 1083 1084
l 1086 1087
l 1087 1088
l 1088 1089
l 1089 1081
l 1109 1110
l 1111 1112
l 1113 1114
l 1115 1116
l 1144 1145
l 1146 1147
l 1147 1148
l 1152 1153
l 1153 1154
l 1196 1197
l 1197 1198
l 1198 1199
l 1199 1200
l 1200 1201
l 1201 1202
l 1202 1203
l 1203 1204
l 1204 1205
l 1205 1206
l 1206 1207
l 1207 1208
l 1208 1209
l 1209 1210
l 1210 1211
l 1211 1212
l 1212 1213
l 1213 1214
l 1214 1215
l 1258 1259
l 1259 1260
l 1260 1261
l 1261 1262
l 1262 1263
l 1263 1264
l 1264 1265
l 1265 1266
l 1266 1267
l 1267 1268
l 1268 1269
l 1269 1270
l 1270 1271
l 1271 1272
l 1272 1273
l 1273 1274
l 1274 1275
l 1275 1276
l 1276 1277
l 1277 1278
l 1319 1320
l 1320 1321
l 1321 1322
l 1322 1323
l 1323 1324
l 1324 1325
l 1325 1326
l 1326 1327
l 1327 1328
l 1328 1329
l 1329 1330
l 1330 1331
l 1331 1332
l 1332 1333
l 1333 1334
l 1334 1335
l 1335 1336
l 1336 1337
l 1337 1338
l 1379 1380
l 1380 1381
l 1381 1382
l 1382 1383
l 1383 1384
l 1384 1385
l 1385 1386
l 1386 1387
l 1387 1388
l 1388 1389
l 1389 1390
l 1390 1391
l 1391 1392
l 1392 1393
l 1393 1394
l 1394 1395
l 1395 1396
l 1396 1397
l 1397 1398
l 1439 1440
l 1440 1441
l 1441 1442
l 1442 1443
l 1443 1444
l 1444 1445
l 1445 1446
l 1446 1447
l 1447 1448
l 1448 1449
l 1449 1450
l 1450 1451
l 1451 1452
l 1452 1453
l 1453 1454
l 1454 1455
l 1455 1456
l 1456 1457
l 1457 1458
l 1495 1496
l 1496 1497
l 1497 1498
l 1498 1499
l 1499 1500
l 1500 1501
l 1501 1502
l 1502 1503
l 1503 1504
l 1504 1505
l 1505 1506
l 1506 1507
l 1507 1508
l 1508 1509
l 1509 1510
l 1510 1511
l 1511 1512
l 1549 1550
l 1550 1551
l 1551 1552
l 1552 1553
l 1553 1554
l 1554 1555
l 1555 1556
l 1556 1557
l 1557 1558
l 1558 1559
l 1559 1560
l 1560 1561
l 1561 1562
l 1562 1563
l 1563 1564
l 1564 1565
l 1565 1566
l 1605 1606
l 1606 1607
l 1607 1608
l 1608 1609
l 1609 1610
l 1610 1611
l 1611 1612
l 1612 1613
l 1613 1614
l 1614 1615
l 1615 1616
l 1616 1617
l 1617 1618
l 1618 1619
l 1619 1620
l 1620 1621
l 1621 1622
l 1643 1644
l 1644 1645
l 1645 1646
l 1646 1647
l 1648 1649
l 1649 1650
l 1652 1653
l 1653 1654
l 1691 1692
l 1692 1693
l 1693 1694
l 1694 1695
l 1695 1696
l 1698 1699
l 1699 1700
l 1701 1702
l 1702 1703
l 1703 1704
l 1704 1705
l 1705 1706
l 1706 1707
l 1707 1708
l 1708 1709
l 1709 1710
l 1762 1763
l 1763 1764
l 1764 1765
l 1765 1766
l 1766 1767
l 1767 1768
l 1768 1769
l 1769 1770
l 1770 1771
l 1771 1772
l 1772 1773
l 1773 1774
l 1774 1775
l 1775 1776
l 1776 1777
l 1777 1778
l 1778 1779
l 1779 1780
l 1780 1781
l 1781 1782
l 1782 1783
l 1783 1784
l 1784 1785
l 1785 1786
l 1833 1834
l 1834 1835
l 1835 1836
l 1836 1837
l 1837 1838
l 1838 1839
l 1839 1840
l 1840 1841
l 1841 1842
l 1842 1843
l 1843 1844
l 1844 1845
l 1845 1846
l 1846 1847
l 1847 1848
l 1848 1849
l 1849 1850
l 1850 1851
l 1851 1852
l 1852 1853
l 1853 1854
l 1854 1855
l 1894 1895
l 1895 1896
l 1896 1897
l 1897 1898
l 1898 1899
l 1899 1900
l 1900 1901
l 1901 1902
l 1902 1903
l 1903 1904
l 1904 1905
l 1905 1906
l 1906 1907
l 1907 1908
l 1908 1909
l 1909 1910
l 1910 1911
l 1911 1912
l 1959 1960
l 1960 1961
l 1961 1962
l 1962 1963
l 1963 1964
l 1964 1965
l 1965 1966
l 1966 1967
l 1967 1968
l 1968 1969
l 1969 1970
l 1970 1971
l 1971 1972
l 1972 1973
l 1973 1974
l 1974 1975
l 1975 1976
l 1976 1977
l 1977 1978
l 1978 1979
l 1979 1980
l 1980 1981
l 2036 2037
l 2037 2038
l 2038 2039
l 2039 2040
l 2040 2041
l 2041 2042
l 2042 2043
l 2043 2044
l 2044 2045
l 2045 2046
l 2046 2047
l 2047 2048
l 2048 2049
l 2049 2050
l 2050 2051
l 2051 2052
l 2052 2053
l 2053 2054
l 2054 2055
l 2055 2056
l 2056 2057
l 2057 2058
l 2058 2059
l 2059 2060
l 2060 2061
l 2061 2062
l 2111 2112
l 2112 2113
l 2113 2114
l 2114 2115
l 2115 2116
l 2116 2117
l 2117 2118
l 2118 2119
l 2119 2120
l 2120 2121
l 2121 2122
l 2122 2123
l 2123 2124
l 2124 2125
l 2125 2126
l 2126 2127
l 2127 2128
l 2128 2129
l 2129 2130
l 2130 2131
l 2131 2132
l 2132 2133
l 2133 2134
l 2179 2180
l 2180 2181
l 2181 2182
l 2182 2183
l 2183 2184
l 2184 2185
l 2185 2186
l 2186 2187
l 2187 2188
l 2188 2189
l 2189 2190
l 2190 2191
l 2191 2192
l 2192 2193
l 2193 2194
l 2194 2195
l 2195 2196
l 2196 2197
l 2197 2198
l 2198 2199
l 2199 2200
l 2239 2240
l 2240 2241
l 2241 2242
l 2242 2243
l 2243 2244
l 2244 2245
l 2245 2246
l 2246 2247
l 2247 2248
l 2248 2249
l 2249 2250
l 2250 2251
l 2251 2252
l 2252 2253
l 2253 2254
l 2254 2255
l 2255 2256
l 2281 2282
l 2282 2283
l 2284 2285
l 2285 2286
l 2309 2310
l 2310 2311
l 2311 2312
l 2312 2313
l 2313 2314
l 2315 2316
l 2316 2317
l 2318 2319
l 2319 2320
l 2320 2321
l 2321 2322
l 2361 2362
l 2362 2363
l 2363 2364
l 2364 2365
l 2365 2366
l 2366 2367
l 2367 2368
l 2368 2369
l 2369 2370
l 2370 2371
l 2371 2372
l 2372 2373
l 2373 2374
l 2374 2375
l 2375 2376
l 2376 2377
l 2377 2378
l 2378 2379
l 2416 2417
l 2417 2418
l 2418 2419
l 2419 2420
l 2420 2421
l 2421 2422
l 2422 2423
l 2423 2424
l 2424 2425
l 2425 2426
l 2426 2427
l 2427 2428
l 2428 2429
l 2429 2430
l 2430 2431
l 2431 2432
l 2432 2433
l 2470 2471
l 2471 2472
l 2472 2473
l 2473 2474
l 2474 2475
l 2475 2476
l 2476 2477
l 2477 2478
l 2478 2479
l 2479 2480
l 2480 2481
l 2481 2482
l 2482 2483
l 2483 2484
l 2484 2485
l 2485 2486
l 2486 2487
l 2528 2529
l 2529 2530
l 2530 2531
l 2531 2532
l 2532 2533
l 2533 2534
l 2534 2535
l 2535 2536
l 2536 2537
l 2537 2538
l 2538 2539
l 2539 2540
l 2540 2541
l 2541 2542
l 2542 2543
l 2543 2544
l 2544 2545
l 2545 2546
l 2546 2547
l 2586 2587
l 2587 2588
l 2588 2589
l 2589 2590
l 2590 2591
l 2591 2592
l 2592 2593
l 2593 2594
l 2594 2595
l 2595 2596
l 2596 2597
l 2597 2598
l 2598 2599
l 2599 2600
l 2600 2601
l 2601 2602
l 2602 2603
l 2603 2604
l 2641 2642
l 2642 2643
l 2643 2644
l 2644 2645
l 2645 2646
l 2646 2647
l 2647 2648
l 2648 2649
l 2649 2650
l 2650 2651
l 2651 2652
l 2652 2653
l 2653 2654
l 2654 2655
l 2655 2656
l 2656 2657
l 2657 2658
l 2705 2706
l 2706 2707
l 2707 2708
l 2708 2709
l 2709 2710
l 2710 2711
l 2711 2712
l 2712 2713
l 2713 2714
l 2714 2715
l 2715 2716
l 2716 2717
l 2717 2718
l 2718 2719
l 2719 2720
l 2720 2721
l 2721 2722
l 2722 2723
l 2723 2724
l 2724 2725
l 2725 2726
l 2765 2766
l 2766 2767
l 2767 2768
l 2768 2769
l 2769 2770
l 2770 2771
l 2771 2772
l 2772 2773
l 2773 2774
l 2774 2775
l 2775 2776
l 2776 2777
l 2777 2778
l 2778 2779
l 2779 2780
l 2780 2781
l 2781 2782
l 2804 2805
l 2805 2806
l 2806 2807
l 2808 2809
l 2811 2812
l 2848 2849
l 2849 2850
l 2850 2851
l 2851 2852
l 2852 2853
l 2853 2854
l 2854 2855
l 2855 2856
l 2856 2857
l 2857 2858
l 2858 2859
l 2859 2860
l 2860 2861
l 2861 2862
l 2862 2863
l 2863 2864
l 2902 2903
l 2903 2904
l 2904 2905
l 2905 2906
l 2906 2907
l 2907 2908
l 2908 2909
l 2909 2910
l 2910 2911
l 2911 2912
l 2912 2913
l 2913 2914
l 2914 2915
l 2915 2916
l 2916 2917
l 2917 2918
l 2918 2919
l 2966 2967
l 2967 2968
l 2968 2969
l 2969 2970
l 2970 2971
l 2971 2972
l 2972 2973
l 2973 2974
l 2974 2975
l 2975 2976
l 2976 2977
l 2977 2978
l 2978 2979
l 2979 2980
l 2980 2981
l 2981 2982
l 2982 2983
l 2983 2984
l 2984 2985
l 2985 2986
l 2986 2987
l 2987 2988
l 3037 3038
l 3038 3039
l 3039 3040
l 3040 3041
l 3041 3042
l 3042 3043
l 3043 3044
l 3044 3045
l 3045 3046
l 3046 3047
l 3047 3048
l 3048 3049
l 3049 3050
l 3050 3051
l 3051 3052
l 3052 3053
l 3053 3054
l 3054 3055
l 3055 3056
l 3056 3057
l 3057 3058
l 3058 3059
l 3059 3060
l 3105 3106
l 3106 3107
l 3107 3108
l 3108 3109
l 3109 3110
l 3110 3111
l 3111 3112
l 3112 3113
l 3113 3114
l 3114 3115
l 3115 3116
l 3116 3117
l 3117 3118
l 3118 3119
l 3119 3120
l 3120 3121
l 3121 3122
l 3122 3123
l 3123 3124
l 3124 3125
l 3125 3126
l 3170 3171
l 3171 3172
l 3172 3173
l 3173 3174
l 3174 3175
l 3175 3176
l 3176 3177
l 3177 3178
l 3178 3179
l 3179 3180
l 3180 3181
l 3181 3182
l 3182 3183
l 3183 3184
l 3184 3185
l 3185 3186
l 3186 3187
l 3187 3188
l 3188 3189
l 3189 3190
l 3239 3240
l 3240 3241
l 3241 3242
l 3242 3243
l 3243 3244
l 3244 3245
l 3245 3246
l 3246 3247
l 3247 3248
l 3248 3249
l 3249 3250
l 3250 3251
l 3251 3252
l 3252 3253
l 3253 3254
l 3254 3255
l 3255 3256
l 3256 3257
l 3257 3258
l 3258 3259
l 3259 3260
l 3260 3261
l 3261 3262
l 3311 3312
l 3312 3313
l 3313 3314
l 3314 3315
l 3315 3316
l 3316 3317
l 3317 3318
l 3318 3319
l 3319 3320
l 3320 3321
l 3321 3322
l 3322 3323
l 3323 3324
l 3324 3325
l 3325 3326
l 3326 3327
l 3327 3328
l 3328 3329
l 3329 3330
l 3330 3331
l 3331 3332
l 3332 3333
l 3333 3334
l 3379 3380
l 3380 3381
l 3381 3382
l 3382 3383
l 3383 3384
l 3384 3385
l 3385 3386
l 3386 3387
l 3387 3388
l 3388 3389
l 3389 3390
l 3390 3391
l 3391 3392
l 3392 3393
l 3393 3394
l 3394 3395
l 3395 3396
l 3396 3397
l 3397 3398
l 3398 3399
l 3399 3400
l 3445 3446
l 3446 3447
l 3447 3448
l 3448 3449
l 3449 3450
l 3450 3451
l 3451 3452
l 3452 3453
l 3453 3454
l 3454 3455
l 3455 3456
l 3456 3457
l 3457 3458
l 3458 3459
l 3459 3460
l 3460 3461
l 3461 3462
l 3462 3463
l 3463 3464
l 3464 3465
l 3465 3466
l 3513 3514
l 3514 3515
l 3515 3516
l 3516 3517
l 3517 3518
l 3518 3519
l 3519 3520
l 3520 3521
l 3521 3522
l 3522 3523
l 3523 3524
l 3524 3525
l 3525 3526
l 3526 3527
l 3527 3528
l 3528 3529
l 3529 3530
l 3530 3531
l 3531 3532
l 3532 3533
l 3533 3534
l 3534 3535
l 3580 3581
l 3581 3582
l 3582 3583
l 3583 3584
l 3584 3585
l 3585 3586
l 3586 3587
l 3587 3588
l 3588 3589
l 3589 3590
l 3590 3591
l 3591 3592
l 3592 3593
l 3593 3594
l 3594 3595
l 3595 3596
l 3596 3597
l 3597 3598
l 3598 3599
l 3640 3641
l 3641 3642
l 3642 3643
l 3643 3644
l 3644 3645
l 3645 3646
l 3646 3647
l 3647 3648
l 3648 3649
l 3649 3650
l 3650 3651
l 3651 3652
l 3652 3653
l 3653 3654
l 3654 3655
l 3655 3656
l 3656 3657
l 3657 3658
l 3658 3659
l 3704 3705
l 3705 3706
l 3706 3707
l 3707 3708
l 3708 3709
l 3709 3710
l 3710 3711
l 3711 3712
l 3712 3713
l 3713 3714
l 3714 3715
l 3715 3716
l 3716 3717
l 3717 3718
l 3718 3719
l 3719 3720
l 3720 3721
l 3721 3722
l 3722 3723
l 3723 3724
l 3724 3725
l 3766 3767
l 3767 3768
l 3768 3769
l 3769 3770
l 3770 3771
l 3771 3772
l 3772 3773
l 3773 3774
l 3774 3775
l 3775 3776
l 3776 3777
l 3777 3778
l 3778 3779
l 3779 3780
l 3780 3781
l 3781 3782
l 3782 3783
l 3783 3784
l 3784 3785
l 3832 3833
l 3833 3834
l 3834 3835
l 3835 3836
l 3836 3837
l 3837 3838
l 3838 3839
l 3839 3840
l 3840 3841
l 3841 3842
l 3842 3843
l 3843 3844
l 3844 3845
l 3845 3846
l 3846 3847
l 3847 3848
l 3848 3849
l 3849 3850
l 3850 3851
l 3851 3852
l 3852 3853
l 3853 3854
l 3901 3902
l 3902 3903
l 3903 3904
l 3904 3905
l 3905 3906
l 3906 3907
l 3907 3908
l 3908 3909
l 3909 3910
l 3910 3911
l 3911 3912
l 3912 3913
l 3913 3914
l 3914 3915
l 3915 3916
l 3916 3917
l 3917 3918
l 3918 3919
l 3919 3920
l 3920 3921
l 3921 3922
l 3922 3923
l 3948 3949
l 3949 3950
l 3950 3951
l 3951 3952
l 3952 3953
l 3953 3954
l 3954 3955
l 3955 3956
l 3956 3957
l 3957 3958
l 3958 3959
l 4002 4003
l 4003 4004
l 4004 4005
l 4005 4006
l 4006 4007
l 4007 4008
l 4008 4009
l 4009 4010
l 4010 4011
l 4011 4012
l 4012 4013
l 4013 4014
l 4014 4015
l 4015 4016
l 4016 4017
l 4017 4018
l 4018 4019
l 4019 4020
l 4020 4021
l 4021 4022
l 4055 4056
l 4056 4057
l 4057 4058
l 4059 4060
l 4060 4061
l 4063 4064
l 4097 4098
l 4098 4099
l 4099 4100
l 4102 4103
l 4103 4104
l 4106 4107
l 4107 4108
l 4108 4109
l 4109 4110
l 4133 4134
l 4134 4135
l 4135 4136
l 4136 4137
l 4137 4138
l 4138 4139
l 4139 4140
l 4140 4141
l 4141 4142
l 4142 4143
l 4176 4177
l 4177 4178
l 4178 4179
l 4179 4180
l 4180 4181
l 4181 4182
l 4182 4183
l 4183 4184
l 4184 4185
l 4185 4186
l 4186 4187
l 4187 4188
l 4188 4189
l 4189 4190
l 4190 4191
l 4240 4241
l 4241 4242
l 4242 4243
l 4243 4244
l 4244 4245
l 4245 4246
l 4246 4247
l 4247 4248
l 4248 4249
l 4249 4250
l 4250 4251
l 4251 4252
l 4252 4253
l 4253 4254
l 4254 4255
l 4255 4256
l 4256 4257
l 4257 4258
l 4258 4259
l 4259 4260
l 4260 4261
l 4261 4262
l 4287 4288
l 4288 4289
l 4289 4290
l 4290 4291
l 4291 4292
l 4292 4293
l 4293 4294
l 4294 4295
l 4295 4296
l 4296 4297
l 4297 4298
l 4346 4347
l 4347 4348
l 4348 4349
l 4349 4350
l 4350 4351
l 4351 4352
l 4352 4353
l 4353 4354
l 4354 4355
l 4355 4356
l 4356 4357
l 4357 4358
l 4358 4359
l 4359 4360
l 4360 4361
l 4361 4362
l 4362 4363
l 4363 4364
l 4364 4365
l 4365 4366
l 4366 4367
l 4418 4419
l 4419 4420
l 4420 4421
l 4421 4422
l 4422 4423
l 4423 4424
l 4424 4425
l 4425 4426
l 4426 4427
l 4427 4428
l 4428 4429
l 4429 4430
l 4430 4431
l 4431 4432
l 4432 4433
l 4433 4434
l 4434 4435
l 4435 4436
l 4436 4437
l 4437 4438
l 4438 4439
l 4439 4440
l 4440 4441
l 4442 4418
l 4485 4486
l 4486 4487
l 4487 4488
l 4488 4489
l 4489 4490
l 4490 4491
l 4491 4492
l 4492 4493
l 4493 4494
l 4494 4495
l 4495 4496
l 4496 4497
l 4497 4498
l 4498 4499
l 4499 4500
l 4500 4501
l 4501 4502
l 4502 4503
l 4503 4504
l 4504 4505
l 4529 4530
l 4533 4534
l 4534 4535
l 4535 4536
l 4537 4538
l 4539 4540
l 4540 4541
l 4541 4542
l 4543 4544
l 4561 4562
l 4562 4563
l 4566 4567
l 4567 4568
l 4613 4614
l 4614 4615
l 4615 4616
l 4616 4617
l 4617 4618
l 4618 4619
l 4619 4620
l 4620 4621
l 4621 4622
l 4622 4623
l 4623 4624
l 4624 4625
l 4625 4626
l 4626 4627
l 4627 4628
l 4628 4629
l 4629 4630
l 4630 4631
l 4631 4632
l 4632 4633
l 4633 4634
l 4671 4672
l 4672 4673
l 4673 4674
l 4674 4675
l 4675 4676
l 4676 4677
l 4677 4678
l 4678 4679
l 4679 4680
l 4680 4681
l 4681 4682
l 4682 4683
l 4683 4684
l 4684 4685
l 4685 4686
l 4686 4687
l 4687 4688
l 4725 4726
l 4726 4727
l 4727 4728
l 4728 4729
l 4729 4730
l 4730 4731
l 4731 4732
l 4732 4733
l 4733 4734
l 4734 4735
l 4735 4736
l 4736 4737
l 4737 4738
l 4738 4739
l 4739 4740
l 4740 4741
l 4741 4742
l 4787 4788
l 4788 4789
l 4789 4790
l 4790 4791
l 4791 4792
l 4792 4793
l 4793 4794
l 4794 4795
l 4795 4796
l 4796 4797
l 4797 4798
l 4798 4799
l 4799 4800
l 4800 4801
l 4801 4802
l 4802 4803
l 4803 4804
l 4804 4805
l 4805 4806
l 4806 4807
l 4857 4858
l 4858 4859
l 4859 4860
l 4860 4861
l 4861 4862
l 4862 4863
l 4863 4864
l 4864 4865
l 4865 4866
l 4866 4867
l 4867 4868
l 4868 4869
l 4869 4870
l 4870 4871
l 4871 4872
l 4872 4873
l 4873 4874
l 4874 4875
l 4875 4876
l 4876 4877
l 4877 4878
l 4878 4879
l 4879 4880
l 4923 4924
l 4924 4925
l 4925 4926
l 4926 4927
l 4927 4928
l 4928 4929
l 4929 4930
l 4930 4931
l 4931 4932
l 4932 4933
l 4933 4934
l 4934 4935
l 4935 4936
l 4936 4937
l 4937 4938
l 4938 4939
l 4939 4940
l 4940 4941
l 4941 4942
l 4942 4943
l 4982 4983
l 4983 4984
l 4984 4985
l 4985 4986
l 4986 4987
l 4987 4988
l 4988 4989
l 4989 4990
l 4990 4991
l 4991 4992
l 4992 4993
l 4993 4994
l 4994 4995
l 4995 4996
l 4996 4997
l 4997 4998
l 4998 4999
l 4999 5000
