# FeiLunQieGe visualization export
# units: normalized
# radius: 0.01
# delta: 0.0005
# local display proxy for sampled target point 45
mtllib local_feasible_centers.mtl
o target_point_000045
usemtl target_point
g target_point
v 0.218020200161 -0.153903811455 -0.0862726474516
v 0.213970200161 -0.153903811455 -0.0862726474516
v 0.215995200161 -0.151878811455 -0.0862726474516
v 0.215995200161 -0.155928811455 -0.0862726474516
v 0.215995200161 -0.153903811455 -0.0842476474516
v 0.215995200161 -0.153903811455 -0.0882976474516
f 1 3 5
f 1 5 4
f 1 4 6
f 1 6 3
f 2 5 3
f 2 4 5
f 2 6 4
f 2 3 6
o feasible_candidates
usemtl feasible_marker
g feasible_candidates
v 0.216888388099 -0.15272797333 -0.0957763109563
v 0.215073722131 -0.155116892101 -0.0957689263853
v 0.215978821686 -0.153925372914 -0.0972726141265
v 0.215983288543 -0.153919492516 -0.0942726232151
v 0.214786592111 -0.153015096982 -0.0957726186708
v 0.217175518119 -0.154829768449 -0.0957726186708
f 7 9 11
f 7 11 10
f 7 10 12
f 7 12 9
f 8 11 9
f 8 10 11
f 8 12 10
f 8 9 12
v 0.216624384384 -0.152527413437 -0.0957705238306
v 0.214809718416 -0.154916332208 -0.0957631392595
v 0.215673133174 -0.15369314567 -0.097265913244
v 0.215760969625 -0.153750599975 -0.094267749846
v 0.214523393976 -0.152814987202 -0.0957144824586
v 0.216910708823 -0.154628758443 -0.0958191806315
f 13 15 17
f 13 17 16
f 13 16 18
f 13 18 15
f 14 17 15
f 14 16 17
f 14 18 16
f 14 15 18
v 0.21636071955 -0.152327075209 -0.0957531695039
v 0.214546053582 -0.154715993979 -0.0957457849328
v 0.215367837051 -0.153461175089 -0.0972458187605
v 0.215538936081 -0.153581894098 -0.0942531356762
v 0.21426198901 -0.152616203987 -0.0956448428248
v 0.216644784122 -0.154426865201 -0.095854111612
f 19 21 23
f 19 23 22
f 19 22 24
f 19 24 21
f 20 23 21
f 20 22 23
f 20 24 22
f 20 21 24
v 0.216097714833 -0.152127202725 -0.09572426912
v 0.214283048865 -0.154516121496 -0.0957168845489
v 0.215063305273 -0.153229743793 -0.0972123551581
v 0.215317458425 -0.153413580428 -0.0942287985108
v 0.214002695695 -0.152418989523 -0.0955637846146
v 0.216378068003 -0.154224334698 -0.0958773690543
f 25 27 29
f 25 29 28
f 25 28 30
f 25 30 27
f 26 29 27
f 26 28 29
f 26 30 28
f 26 27 30
v 0.215835690663 -0.151928039501 -0.0956838578895
v 0.214021024695 -0.154316958272 -0.0956764733184
v 0.214759908866 -0.152999133744 -0.0971655632069
v 0.215096806492 -0.153245864029 -0.0941947680009
v 0.21374582994 -0.152223584086 -0.0954714065849
v 0.216110885418 -0.154021413687 -0.0958889246229
f 31 33 35
f 31 35 34
f 31 34 36
f 31 36 33
f 32 35 33
f 32 34 35
f 32 36 34
f 32 33 36
v 0.215574966276 -0.151729828187 -0.0956319850472
v 0.213760300308 -0.154118746957 -0.0956246004761
v 0.21445801747 -0.152769625906 -0.0971054999159
v 0.214877249113 -0.153078949237 -0.0941510856074
v 0.213491704696 -0.152030225747 -0.0953678212843
v 0.215843561888 -0.153818349396 -0.095888764239
f 37 39 41
f 37 41 40
f 37 40 42
f 37 42 39
f 38 41 39
f 38 40 41
f 38 42 40
f 38 39 42
v 0.215315859325 -0.151532810271 -0.0955687137922
v 0.213501193356 -0.153921729041 -0.0955613292212
v 0.214157998895 -0.152541499898 -0.0970322384628
v 0.214659053786 -0.152913039413 -0.0940978045506
v 0.213240629575 -0.151839150084 -0.0952531549153
v 0.215576423106 -0.153615389228 -0.0958768880981
f 43 45 47
f 43 47 46
f 43 46 48
f 43 48 45
f 44 47 45
f 44 46 47
f 44 48 46
f 44 45 48
v 0.215058685492 -0.15133722579 -0.0954941212109
v 0.213244019523 -0.15372614456 -0.0954867366398
v 0.213860218667 -0.152315033657 -0.0969458681054
v 0.214442486347 -0.152748336693 -0.0940349897453
v 0.212992910475 -0.151650589892 -0.0951275471813
v 0.21530979454 -0.153412780457 -0.0958533106694
f 49 51 53
f 49 53 52
f 49 52 54
f 49 54 51
f 50 53 51
f 50 52 53
f 50 54 52
f 50 51 54
v 0.214803758102 -0.151143313033 -0.0954082981827
v 0.212989092134 -0.153532231803 -0.0954009136116
v 0.213565039585 -0.152090503096 -0.0968464940727
v 0.214227810651 -0.15258504174 -0.0939627177215
v 0.212748849202 -0.151464774904 -0.094991151116
v 0.215044001035 -0.153210769932 -0.0958180606783
f 55 57 59
f 55 59 58
f 55 58 60
f 55 60 57
f 56 59 57
f 56 58 59
f 56 60 58
f 56 57 60
v 0.214551387747 -0.150951308254 -0.0953113492698
v 0.212736721779 -0.153340227024 -0.0953039646987
v 0.213272821279 -0.151868181773 -0.0967342374368
v 0.214015288247 -0.152423353505 -0.0938810765317
v 0.212508743107 -0.151281931506 -0.0948441328969
v 0.214779366419 -0.153009603772 -0.0957711810715
f 61 63 65
f 61 65 64
f 61 64 66
f 61 66 63
f 62 65 63
f 62 64 65
f 62 66 64
f 62 63 66
v 0.214301881901 -0.15076144538 -0.0952033925895
v 0.212487215932 -0.15315036415 -0.0951960080184
v 0.212983919773 -0.151648340551 -0.0966092349649
v 0.21380517806 -0.15226346898 -0.0937901656431
v 0.212272884723 -0.151102282465 -0.0946866716432
v 0.214516213109 -0.152809527066 -0.0957127289647
f 67 69 71
f 67 71 70
f 67 70 72
f 67 72 69
f 68 71 69
f 68 70 71
f 68 72 70
f 68 69 72
v 0.214055544547 -0.150573955731 -0.0950845596704
v 0.212240878579 -0.152962874501 -0.0950771750993
v 0.212698687047 -0.151431247273 -0.0964716389533
v 0.213597736078 -0.152105582959 -0.0936900958165
v 0.212041561408 -0.150926046656 -0.0945189591971
v 0.214254861718 -0.152610783576 -0.0956427755727
f 73 75 77
f 73 77 76
f 73 76 78
f 73 78 75
f 74 77 75
f 74 76 77
f 74 78 76
f 74 75 78
v 0.213812675811 -0.150389067733 -0.0949549952922
v 0.211998009842 -0.152777986503 -0.0949476107211
v 0.212417470615 -0.151217166433 -0.0963216170416
v 0.213393215037 -0.151949887803 -0.0935809889716
v 0.211815054992 -0.150753438794 -0.0943411998904
v 0.213995630661 -0.152413615442 -0.0955614061229
f 79 81 83
f 79 83 82
f 79 82 84
f 79 84 81
f 80 83 81
f 80 82 83
f 80 84 82
f 80 81 84
v 0.213573571589 -0.150207006644 -0.094814857309
v 0.211758905621 -0.152595925414 -0.0948074727379
v 0.212140613096 -0.151006358857 -0.0961593520085
v 0.213191864114 -0.151796573202 -0.0934629780384
v 0.211593641439 -0.150584669176 -0.0941536102953
v 0.213738835771 -0.152218262883 -0.0954687197515
f 85 87 89
f 85 89 88
f 85 88 90
f 85 90 87
f 86 89 87
f 86 88 89
f 86 90 88
f 86 87 90
v 0.213338523195 -0.150027994278 -0.0946643164574
v 0.211523857226 -0.152416913048 -0.0946569318863
v 0.211868451797 -0.15079908138 -0.0959850415487
v 0.212993928624 -0.151645825946 -0.0933362067949
v 0.211377590508 -0.150419943422 -0.0939564189611
v 0.213484789913 -0.152024963904 -0.0953648293826
f 91 93 95
f 91 95 94
f 91 94 96
f 91 96 93
f 92 95 93
f 92 94 95
f 92 96 94
f 92 93 96
v 0.213107816997 -0.149852248733 -0.0945035561482
v 0.211293151029 -0.152241167503 -0.0944961715771
v 0.211601318305 -0.150595586539 -0.0957988980328
v 0.212799649721 -0.151497829698 -0.0932008296925
v 0.211167165422 -0.150259462224 -0.0937498661348
v 0.213233802604 -0.151833954012 -0.0952498615905
f 97 99 101
f 97 101 100
f 97 100 102
f 97 102 99
f 98 101 99
f 98 100 101
f 98 102 100
f 98 99 102
v 0.212881734077 -0.149679984128 -0.0943327722431
v 0.211067068109 -0.152068902899 -0.094325387672
v 0.211339538082 -0.15039612226 -0.095601148248
v 0.212609264104 -0.151352764768 -0.0930570116672
v 0.210962622553 -0.150103421104 -0.0935342034694
v 0.212986179632 -0.151645465923 -0.0951239564458
f 103 105 107
f 103 107 106
f 103 106 108
f 103 108 105
f 104 107 105
f 104 106 107
f 104 108 106
f 104 105 108
v 0.212660549881 -0.149511410342 -0.094152172816
v 0.210845883913 -0.151900329112 -0.094144788245
v 0.211083430066 -0.15020093156 -0.0953920331219
v 0.212423003728 -0.151210807895 -0.0929049279391
v 0.210764211105 -0.149952010175 -0.0933096937165
v 0.212742222689 -0.151459729279 -0.0949872673445
f 109 111 113
f 109 113 112
f 109 112 114
f 109 114 111
f 110 113 111
f 110 112 113
f 110 114 112
f 110 111 114
v 0.212444533888 -0.149346732755 -0.0939619778995
v 0.21062986792 -0.151735651525 -0.0939545933285
v 0.210833306285 -0.150010252248 -0.0951718074291
v 0.212241095524 -0.151072132032 -0.0927447637989
v 0.210572172811 -0.149805413907 -0.0930766104066
v 0.212502228997 -0.151276970373 -0.0948399608213
f 115 117 119
f 115 119 118
f 115 118 120
f 115 120 117
f 116 119 117
f 116 118 119
f 116 120 118
f 116 117 120
v 0.212233949281 -0.149186152002 -0.0937624192168
v 0.210419283312 -0.151575070772 -0.0937550346457
v 0.210589471476 -0.149824316639 -0.0949407394807
v 0.212063761118 -0.150936906134 -0.0925767143818
v 0.210386741641 -0.149663810905 -0.0928352375161
v 0.212266490953 -0.151097411869 -0.0946822163465
f 121 123 125
f 121 125 124
f 121 124 126
f 121 126 123
f 122 125 123
f 122 124 125
f 122 126 124
f 122 123 126
v 0.212029052624 -0.149029863725 -0.0935537398994
v 0.210214386655 -0.151418782495 -0.0935463553283
v 0.210352222715 -0.149643351266 -0.0946991107974
v 0.211891216564 -0.150805294954 -0.0924009844303
v 0.210208143513 -0.14952737369 -0.0925858691204
v 0.212035295766 -0.15092127253 -0.0945142261073
f 127 129 131
f 127 131 130
f 127 130 132
f 127 132 129
f 128 131 129
f 128 130 131
f 128 132 130
f 128 129 132
v 0.211830093552 -0.148878058338 -0.0933361941909
v 0.210015427584 -0.151266977108 -0.0933288096198
v 0.210121849053 -0.149467576607 -0.0944472157664
v 0.211723672083 -0.150677458839 -0.0922177880442
v 0.210036596023 -0.149396268491 -0.0923288090365
v 0.211808925113 -0.150748766955 -0.0943361947741
f 133 135 137
f 133 137 136
f 133 136 138
f 133 138 135
f 134 137 135
f 134 136 137
f 134 138 136
f 134 135 138
v 0.211637314467 -0.148730920792 -0.0931100471372
v 0.209822648498 -0.151119839562 -0.0931026625661
v 0.209898631165 -0.149297206818 -0.0941853612832
v 0.2115613318 -0.150553553537 -0.09202734842
v 0.209872308174 -0.149270655038 -0.0920643704527
v 0.211587654791 -0.150580105316 -0.0941483392506
f 139 141 143
f 139 143 142
f 139 142 144
f 139 144 141
f 140 143 141
f 140 142 143
f 140 144 142
f 140 141 144
v 0.211450950239 -0.148588630352 -0.0928755742637
v 0.209636284271 -0.150977549122 -0.0928681896926
v 0.209682841007 -0.149132449466 -0.0939138663771
v 0.211404393503 -0.150433730009 -0.0918298975792
v 0.209715480125 -0.149150686373 -0.0917928755465
v 0.211371754385 -0.150415493101 -0.0939508884097
f 145 147 149
f 145 149 148
f 145 148 150
f 145 150 147
f 146 149 147
f 146 148 149
f 146 150 148
f 146 147 150
v 0.211271227926 -0.148451360377 -0.0926330612394
v 0.209456561957 -0.150840279147 -0.0926256766683
v 0.209474741486 -0.148973505284 -0.0936330618227
v 0.211253048397 -0.15031813424 -0.0916256760851
v 0.209566302948 -0.149036508659 -0.0915146550928
v 0.211161486935 -0.150255130865 -0.093744082815
f 151 153 155
f 151 155 154
f 151 154 156
f 151 156 153
f 152 155 153
f 152 154 155
f 152 156 154
f 152 153 156
v 0.21109836649 -0.148319278108 -0.0923828035292
v 0.209283700522 -0.150708196879 -0.0923754189581
v 0.209274586139 -0.148820567921 -0.0933432897372
v 0.211107480873 -0.150206907066 -0.0914149327502
v 0.209424958392 -0.148928261003 -0.0912300480601
v 0.21095710862 -0.150099213984 -0.0935281744272
f 157 159 161
f 157 161 160
f 157 160 162
f 157 162 159
f 158 161 159
f 158 160 161
f 158 162 160
f 158 159 162
v 0.210932576538 -0.148192544469 -0.0921251060335
v 0.209117910569 -0.150581463239 -0.0921177214624
v 0.209082618826 -0.148673823706 -0.0930449031632
v 0.210967868281 -0.150100184002 -0.0911979243327
v 0.209291618664 -0.148826075289 -0.0909394011985
v 0.210758868443 -0.149947932418 -0.0933034262974
f 163 165 167
f 163 167 166
f 163 166 168
f 163 168 165
f 164 167 165
f 164 166 167
f 164 168 166
f 164 165 168
v 0.216888015861 -0.152728463364 -0.096026310199
v 0.215073349893 -0.155117382134 -0.0960189256279
v 0.215978449448 -0.153925862948 -0.0975226133691
v 0.215982916305 -0.15391998255 -0.0945226224577
v 0.214786219873 -0.153015587016 -0.0960226179134
v 0.217175145881 -0.154830258482 -0.0960226179134
f 169 171 173
f 169 173 172
f 169 172 174
f 169 174 171
f 170 173 171
f 170 172 173
f 170 174 172
f 170 171 174
v 0.21661706468 -0.152522625579 -0.0960203707804
v 0.214802398711 -0.154911544349 -0.0960129862093
v 0.21566581347 -0.153688357811 -0.0975157601938
v 0.215753649921 -0.153745812116 -0.0945175967959
v 0.214516074272 -0.152810199344 -0.0959643294084
v 0.216903389119 -0.154623970584 -0.0960690275813
f 175 177 179
f 175 179 178
f 175 178 180
f 175 180 177
f 176 179 177
f 176 178 179
f 176 180 178
f 176 177 180
v 0.216346461298 -0.152317015291 -0.0960025597609
v 0.214531795329 -0.154705934061 -0.0959951751899
v 0.215353578799 -0.153451115172 -0.0974952090175
v 0.215524677829 -0.153571834181 -0.0945025259333
v 0.214247730758 -0.15260614407 -0.0958942330818
v 0.21663052587 -0.154416805283 -0.096103501869
f 181 183 185
f 181 185 184
f 181 184 186
f 181 186 183
f 182 185 183
f 182 184 185
f 182 186 184
f 182 183 186
v 0.216076535404 -0.152111883006 -0.0959728988406
v 0.214261869435 -0.154500801776 -0.0959655142695
v 0.215042125844 -0.153214424073 -0.0974609848787
v 0.215296278995 -0.153398260709 -0.0944774282314
v 0.213981516266 -0.152403669803 -0.0958124143352
v 0.216356888573 -0.154209014978 -0.096125998775
f 187 189 191
f 187 191 190
f 187 190 192
f 187 192 189
f 188 191 189
f 188 190 191
f 188 192 190
f 188 189 192
v 0.215807615861 -0.151907478644 -0.0959314241566
v 0.213992949892 -0.154296397415 -0.0959240395856
v 0.214731834064 -0.152978572887 -0.0974131294741
v 0.21506873169 -0.153225303172 -0.0944423342681
v 0.213717755138 -0.152203023229 -0.0957189728521
v 0.216082810615 -0.15400085283 -0.0961364908901
f 193 195 197
f 193 197 196
f 193 196 198
f 193 198 195
f 194 197 195
f 194 196 197
f 194 198 196
f 194 195 198
v 0.215540030306 -0.151704051242 -0.0958781862396
v 0.213725364337 -0.154092970012 -0.0958708016685
v 0.2144230815 -0.152743848961 -0.0973517011083
v 0.214842313143 -0.153053172293 -0.0943972867998
v 0.213456768726 -0.152004448803 -0.0956140224766
v 0.215808625918 -0.153792572452 -0.0961349654314
f 199 201 203
f 199 203 202
f 199 202 204
f 199 204 201
f 200 203 201
f 200 202 203
f 200 204 202
f 200 201 204
v 0.215274104751 -0.151501848644 -0.0958132499516
v 0.213459438782 -0.153890767414 -0.0958058653805
v 0.214116244321 -0.152510538272 -0.0972767746221
v 0.214617299212 -0.152882077787 -0.09434234071
v 0.213198875001 -0.151808188457 -0.0954976910746
v 0.215534668532 -0.153584427601 -0.0961214242575
f 205 207 209
f 205 209 208
f 205 208 210
f 205 210 207
f 206 209 207
f 206 208 209
f 206 210 208
f 206 207 210
v 0.215010163185 -0.151301117203 -0.0957366944076
v 0.213195497216 -0.153690035973 -0.0957293098365
v 0.21381169636 -0.15227892507 -0.0971884413021
v 0.214393964041 -0.152712228106 -0.0942775629419
v 0.212944388168 -0.151614481306 -0.095370120378
v 0.215261272233 -0.153376671871 -0.096095883866
f 211 213 215
f 211 215 214
f 211 214 216
f 211 216 213
f 212 215 213
f 212 214 215
f 212 216 214
f 212 213 216
v 0.21474852718 -0.151102101479 -0.0956486128786
v 0.212933861212 -0.15349102025 -0.0956412283075
v 0.213509808663 -0.152049291543 -0.0970868087687
v 0.214172579729 -0.152543830186 -0.0942030324174
v 0.212693618279 -0.15142356335 -0.0952314658119
v 0.214988770112 -0.153169558379 -0.0960583753742
f 217 219 221
f 217 221 220
f 217 220 222
f 217 222 219
f 218 221 219
f 218 220 221
f 218 222 220
f 218 219 222
v 0.2144895155 -0.150905043943 -0.0955491126785
v 0.212674849531 -0.153293962713 -0.0955417281074
v 0.213210949032 -0.151821917462 -0.0969720008455
v 0.213953416 -0.152377089194 -0.0941188399405
v 0.21244687086 -0.151235667195 -0.0950818963057
v 0.214717494172 -0.152963339461 -0.0960089444803
f 223 225 227
f 223 227 226
f 223 226 228
f 223 228 225
f 224 227 225
f 224 226 227
f 224 228 226
f 224 225 228
v 0.21423344371 -0.150710184678 -0.095438315033
v 0.212418777742 -0.153099103448 -0.0954309304619
v 0.212915481582 -0.151597079849 -0.0968441574083
v 0.21373673987 -0.152212208277 -0.0940250880865
v 0.212204446533 -0.151051021763 -0.0949215940867
v 0.214447774919 -0.152758266363 -0.0959476514082
f 229 231 233
f 229 233 232
f 229 232 234
f 229 234 231
f 230 233 231
f 230 232 233
f 230 234 232
f 230 231 234
v 0.213980623795 -0.15051776109 -0.0953163549318
v 0.212165957826 -0.152906679861 -0.0953089703607
v 0.212623766295 -0.151375052632 -0.0967034342147
v 0.213522815326 -0.152049388319 -0.0939218910779
v 0.211966640655 -0.150869852015 -0.0947507544585
v 0.214179940965 -0.152554588936 -0.0958745708341
f 235 237 239
f 235 239 238
f 235 238 240
f 235 240 237
f 236 239 237
f 236 238 239
f 236 240 238
f 236 237 240
v 0.213731363775 -0.150328007619 -0.0951833809647
v 0.211916697807 -0.152716926389 -0.0951759963936
v 0.21233615858 -0.151156106319 -0.0965500027141
v 0.213311903002 -0.151888827689 -0.0938093746441
v 0.211733742957 -0.15069237868 -0.0945695855629
v 0.213914318625 -0.152352555328 -0.0957897917954
f 241 243 245
f 241 245 244
f 241 244 246
f 241 246 243
f 242 245 243
f 242 244 245
f 242 246 244
f 242 243 246
v 0.213485967338 -0.150141155449 -0.0950395551398
v 0.211671301369 -0.152530074219 -0.0950321705687
v 0.212053008845 -0.150940507661 -0.0963840498393
v 0.213104259862 -0.151730722006 -0.0936876758692
v 0.211506037188 -0.150518817981 -0.0943783081262
v 0.213651231519 -0.152152411687 -0.0956934175823
f 247 249 251
f 247 251 250
f 247 250 252
f 247 252 249
f 248 251 249
f 248 250 251
f 248 252 250
f 248 249 252
v 0.213244733459 -0.149957432231 -0.0948850526868
v 0.211430067491 -0.152346351001 -0.0948776681158
v 0.211774662062 -0.150728519333 -0.0962057777782
v 0.212900138888 -0.151575263899 -0.0935569430244
v 0.211283800772 -0.150349381375 -0.0941771551906
v 0.213391000178 -0.151954401857 -0.095585565612
f 253 255 257
f 253 257 256
f 253 256 258
f 253 258 255
f 254 257 255
f 254 256 257
f 254 258 256
f 254 255 258
v 0.213007956046 -0.149777061803 -0.0947200618432
v 0.211193290078 -0.152165980573 -0.0947126772721
v 0.211501457354 -0.150520399609 -0.0960154037278
v 0.212699788769 -0.151422642768 -0.0934173353875
v 0.211067304471 -0.150184275294 -0.0939663718298
v 0.213133941653 -0.151758767082 -0.0954663672855
f 259 261 263
f 259 263 262
f 259 262 264
f 259 264 261
f 260 263 261
f 260 262 263
f 260 264 262
f 260 261 264
v 0.212775923575 -0.149600263919 -0.0945447836249
v 0.210961257607 -0.15198918269 -0.0945373990538
v 0.21123372758 -0.150316402051 -0.0958131596297
v 0.212503453602 -0.151273044559 -0.0932690230489
v 0.210856812051 -0.150023700895 -0.0937462148511
v 0.212880369131 -0.151565745714 -0.0953359678275
f 265 267 269
f 265 269 268
f 265 268 270
f 265 270 267
f 266 269 267
f 266 268 269
f 266 270 268
f 266 267 270
v 0.212548918743 -0.149427253981 -0.0943594315813
v 0.210734252774 -0.151816172751 -0.0943520470102
v 0.210971798927 -0.150116775198 -0.0955992918871
v 0.21231137259 -0.151126651533 -0.0931121867043
v 0.210652579967 -0.149867853814 -0.0935169524817
v 0.21263059155 -0.151375572918 -0.0951945261098
f 271 273 275
f 271 275 274
f 271 274 276
f 271 276 273
f 272 275 273
f 272 274 275
f 272 276 274
f 272 273 276
v 0.212327218118 -0.149258242773 -0.0941642315354
v 0.21051255215 -0.151647161543 -0.0941568469643
v 0.210715990515 -0.149921762266 -0.095374061065
v 0.212123779754 -0.15098364205 -0.0929470174347
v 0.210454857041 -0.149716923925 -0.0932788640425
v 0.212384913227 -0.151188480391 -0.0950422144572
f 277 279 281
f 277 281 280
f 277 280 282
f 277 282 279
f 278 281 279
f 278 280 281
f 278 282 280
f 278 279 282
v 0.212111091811 -0.14909343621 -0.0939594213084
v 0.210296425842 -0.151482354981 -0.0939520367373
v 0.210466614006 -0.149731600848 -0.0951377415723
v 0.211940903647 -0.150844190343 -0.0927737164734
v 0.210263884171 -0.149571095114 -0.0930322396076
v 0.212143633483 -0.151004696078 -0.0948792184381
f 283 285 287
f 283 287 286
f 283 286 288
f 283 288 285
f 284 287 285
f 284 286 287
f 284 288 286
f 284 285 288
v 0.211900803137 -0.148933035084 -0.09374525043
v 0.210086137168 -0.151321953855 -0.0937378658589
v 0.210223973228 -0.149546522625 -0.094890621328
v 0.211762967077 -0.150708466313 -0.0925924949609
v 0.210079894026 -0.14943054505 -0.0927773796509
v 0.211907046279 -0.150824443889 -0.0947057366379
f 289 291 293
f 289 293 292
f 289 292 294
f 289 294 291
f 290 293 291
f 290 292 293
f 290 294 292
f 290 291 294
v 0.2116966083 -0.148777234819 -0.0935219798344
v 0.209881942331 -0.151166153589 -0.0935145952633
v 0.209988363801 -0.149366753088 -0.09463300141
v 0.21159018683 -0.150576635319 -0.0924035736877
v 0.20990311077 -0.149295444972 -0.0925145946801
v 0.211675439861 -0.150647943436 -0.0945219804176
f 295 297 299
f 295 299 298
f 295 298 300
f 295 300 297
f 296 299 297
f 296 298 299
f 296 300 298
f 296 297 300
v 0.21149875608 -0.148626225232 -0.0932898815424
v 0.209684090112 -0.151015144003 -0.0932824969714
v 0.209760072778 -0.149192511258 -0.0943651956885
v 0.211422773414 -0.150448857977 -0.0922071828253
v 0.209733749787 -0.149165959478 -0.092244204858
v 0.211449096405 -0.150475409756 -0.0943281736558
f 301 303 305
f 301 305 304
f 301 304 306
f 301 306 303
f 302 305 303
f 302 304 305
f 302 306 304
f 302 303 306
v 0.211307487531 -0.148480190307 -0.0930492383302
v 0.209492821563 -0.150869109077 -0.0930418537591
v 0.209539378298 -0.149024009421 -0.0940875304435
v 0.211260930795 -0.150325289963 -0.0920035616457
v 0.209572017417 -0.149042246328 -0.091966539613
v 0.211228291677 -0.150307053056 -0.0941245524762
f 307 309 311
f 307 311 310
f 307 310 312
f 307 312 309
f 308 311 309
f 308 310 311
f 308 312 310
f 308 309 312
v 0.211123035683 -0.148339307964 -0.0928003433842
v 0.209308369714 -0.150728226734 -0.0927929588131
v 0.209326549243 -0.148861452871 -0.0938003439675
v 0.211104856155 -0.150206081827 -0.0917929582299
v 0.209418110706 -0.148924456246 -0.0916819372376
v 0.211013294692 -0.150143078452 -0.0939113649598
f 313 315 317
f 313 317 316
f 313 316 318
f 313 318 315
f 314 317 315
f 314 316 317
f 314 318 316
f 314 315 318
v 0.210945625262 -0.148203749846 -0.0925434999448
v 0.209130959294 -0.150592668616 -0.0925361153737
v 0.209121844911 -0.148705039658 -0.0935039861527
v 0.210954739645 -0.150091378804 -0.0915756291658
v 0.209272217164 -0.148812732741 -0.0913907444757
v 0.210804367392 -0.149983685721 -0.0936888708428
f 319 321 323
f 319 323 322
f 319 322 324
f 319 324 321
f 320 323 321
f 320 322 323
f 320 324 322
f 320 321 324
v 0.210775472416 -0.148073681111 -0.092279020936
v 0.208960806448 -0.150462599881 -0.0922716363649
v 0.208925514704 -0.148554960348 -0.0931988180657
v 0.21081076416 -0.149981320644 -0.0913518392353
v 0.209134514542 -0.148707211932 -0.0910933161011
v 0.210601764322 -0.14982906906 -0.0934573411999
f 325 327 329
f 325 329 328
f 325 328 330
f 325 330 327
f 326 329 327
f 326 328 329
f 326 330 328
f 326 327 330
v 0.216887643623 -0.152728953397 -0.0962763094416
v 0.215072977654 -0.155117872167 -0.0962689248705
v 0.21597807721 -0.153926352981 -0.0977726126117
v 0.215982544067 -0.153920472583 -0.0947726217004
v 0.214785847635 -0.153016077049 -0.096272617156
v 0.217174773643 -0.154830748515 -0.096272617156
f 331 333 335
f 331 335 334
f 331 334 336
f 331 336 333
f 332 335 333
f 332 334 335
f 332 336 334
f 332 333 336
v 0.216609744976 -0.15251783772 -0.0962702177302
v 0.214795079007 -0.15490675649 -0.0962628331591
v 0.215658493766 -0.153683569952 -0.0977656071436
v 0.215746330217 -0.153741024258 -0.0947674437457
v 0.214508754568 -0.152805411485 -0.0962141763582
v 0.216896069415 -0.154619182725 -0.0963188745311
f 337 339 341
f 337 341 340
f 337 340 342
f 337 342 339
f 338 341 339
f 338 340 341
f 338 342 340
f 338 339 342
v 0.216332203045 -0.152306955374 -0.096251950018
v 0.214517537077 -0.154695874144 -0.0962445654469
v 0.215339320546 -0.153441055255 -0.0977445992745
v 0.215510419576 -0.153561774263 -0.0947519161903
v 0.214233472505 -0.152596084152 -0.0961436233388
v 0.216616267617 -0.154406745366 -0.096352892126
f 343 345 347
f 343 347 346
f 343 346 348
f 343 348 345
f 344 347 345
f 344 346 347
f 344 348 346
f 344 345 348
v 0.216055355975 -0.152096563286 -0.0962215285612
v 0.214240690006 -0.154485482056 -0.0962141439901
v 0.215020946415 -0.153199104354 -0.0977096145993
v 0.215275099566 -0.153382940989 -0.094726057952
v 0.213960336837 -0.152388350084 -0.0960610440558
v 0.216335709144 -0.154193695259 -0.0963746284956
f 349 351 353
f 349 353 352
f 349 352 354
f 349 354 351
f 350 353 351
f 350 352 353
f 350 354 352
f 350 351 354
v 0.215779541059 -0.151886917787 -0.0961789904238
v 0.21396487509 -0.154275836558 -0.0961716058527
v 0.214703759261 -0.15295801203 -0.0976606957413
v 0.215040656887 -0.153204742315 -0.0946899005353
v 0.213689680336 -0.152182462372 -0.0959665391193
v 0.216054735813 -0.153980291973 -0.0963840571573
f 355 357 359
f 355 359 358
f 355 358 360
f 355 360 357
f 356 359 357
f 356 358 359
f 356 360 358
f 356 357 360
v 0.215505094336 -0.151678274298 -0.0961243874319
v 0.213690428367 -0.154067193068 -0.0961170028609
v 0.21438814553 -0.152718072017 -0.0975979023006
v 0.214807377173 -0.153027395349 -0.0946434879922
v 0.213421832755 -0.151978671858 -0.095860223669
v 0.215773689947 -0.153766795508 -0.0963811666238
f 361 363 365
f 361 365 364
f 361 364 366
f 361 366 363
f 362 365 363
f 362 364 365
f 362 366 364
f 362 363 366
v 0.215232350177 -0.151470887018 -0.0960577861109
v 0.213417684208 -0.153859805788 -0.0960504015398
v 0.214074489747 -0.152479576645 -0.0975213107815
v 0.214575544638 -0.152851116161 -0.0945868768693
v 0.213157120427 -0.151777226831 -0.095742227234
v 0.215492913958 -0.153553465975 -0.0963659604168
f 367 369 371
f 367 371 370
f 367 370 372
f 367 372 369
f 368 371 369
f 368 370 371
f 368 372 370
f 368 369 372
v 0.214961640878 -0.151265008617 -0.0959792676042
v 0.21314697491 -0.153653927387 -0.0959718830331
v 0.213763174054 -0.152242816484 -0.0974310144988
v 0.214345441734 -0.15267611952 -0.0945201361386
v 0.212895865861 -0.151578372719 -0.0956126935747
v 0.215212749926 -0.153340563285 -0.0963384570627
f 373 375 377
f 373 377 376
f 373 376 378
f 373 378 375
f 374 377 375
f 374 376 377
f 374 378 376
f 374 375 378
v 0.214693296258 -0.151060889926 -0.0958889275745
v 0.212878630289 -0.153449808696 -0.0958815430035
v 0.213454577741 -0.152008079989 -0.0973271234646
v 0.214117348807 -0.152502618633 -0.0944433471134
v 0.212638387357 -0.151382351797 -0.0954717805079
v 0.21493353919 -0.153128346825 -0.0962986900701
f 379 381 383
f 379 383 382
f 379 382 384
f 379 384 381
f 380 383 381
f 380 382 383
f 380 384 382
f 380 381 384
v 0.214427643253 -0.150858779632 -0.0957868760873
v 0.212612977284 -0.153247698402 -0.0957794915162
v 0.213149076784 -0.151775653151 -0.0972097642543
v 0.213891543752 -0.152330824883 -0.0943566033492
v 0.212384998612 -0.151189402884 -0.0953196597145
v 0.214655621924 -0.15291707515 -0.096246707889
f 385 387 389
f 385 389 388
f 385 388 390
f 385 390 387
f 386 389 387
f 386 388 389
f 386 390 388
f 386 387 390
v 0.214165005519 -0.150658923976 -0.0956732374765
v 0.212350339551 -0.153047842746 -0.0956658529054
v 0.212847043391 -0.151545819146 -0.0970790798518
v 0.213668301679 -0.152160947575 -0.09426001053
v 0.212136008342 -0.15099976106 -0.0951565165302
v 0.214379336728 -0.152707005661 -0.0961825738517
f 391 393 395
f 391 395 394
f 391 394 396
f 391 396 393
f 392 395 393
f 392 394 395
f 392 396 394
f 392 393 396
v 0.213905703042 -0.15046156645 -0.0955481501932
v 0.212091037073 -0.15285048522 -0.0955407656222
v 0.212548845542 -0.151318857992 -0.0969352294761
v 0.213447894573 -0.151993193678 -0.0941536863393
v 0.211891719903 -0.150813657375 -0.0949825497199
v 0.214105020213 -0.152498394295 -0.0961063660955
f 397 399 401
f 397 401 400
f 397 400 402
f 397 402 399
f 398 401 399
f 398 400 401
f 398 402 400
f 398 399 402
v 0.21365005174 -0.150266947505 -0.0954117666372
v 0.211835385772 -0.152655866275 -0.0954043820661
v 0.212254846545 -0.151095046205 -0.0967783883866
v 0.213230590967 -0.151827767575 -0.0940377603166
v 0.211652430922 -0.150631318566 -0.0947979712354
v 0.21383300659 -0.152291495214 -0.0960181774679
f 403 405 407
f 403 407 406
f 403 406 408
f 403 408 405
f 404 407 405
f 404 406 407
f 404 408 406
f 404 405 408
v 0.213398363086 -0.150075304253 -0.0952642529706
v 0.211583697118 -0.152464223024 -0.0952568683996
v 0.211965404593 -0.150874656466 -0.0966087476701
v 0.213016655611 -0.151664870811 -0.0939123737001
v 0.211418432936 -0.150452966785 -0.094603005957
v 0.213563627268 -0.152086560492 -0.0959181154132
f 409 411 413
f 409 413 412
f 409 412 414
f 409 414 411
f 410 413 411
f 410 412 413
f 410 414 412
f 410 411 414
v 0.213150943724 -0.149886870184 -0.0951057889163
v 0.211336277755 -0.152275788954 -0.0950984043452
v 0.211680872326 -0.150657957286 -0.0964265140077
v 0.212806349153 -0.151504701852 -0.0937776792539
v 0.211190011037 -0.150278819327 -0.09439789142
v 0.213297210442 -0.15188383981 -0.0958063018415
f 415 417 419
f 415 419 418
f 415 418 420
f 415 420 417
f 416 419 417
f 416 418 419
f 416 420 418
f 416 417 420
v 0.212908095095 -0.149701874873 -0.0949365675382
v 0.211093429126 -0.152090793643 -0.0949291829672
v 0.211401596403 -0.150445212679 -0.0962319094229
v 0.212599927818 -0.151347455838 -0.0936338410825
v 0.21096744352 -0.150109088364 -0.0941828775249
v 0.213034080702 -0.151683580152 -0.0956828729805
f 421 423 425
f 421 425 424
f 421 424 426
f 421 426 423
f 422 425 423
f 422 424 425
f 422 426 424
f 422 423 426
v 0.212670113074 -0.14952054371 -0.0947567950066
v 0.210855447105 -0.151909462481 -0.0947494104355
v 0.211127917078 -0.150236681842 -0.0960251710115
v 0.2123976431 -0.15119332435 -0.0934810344306
v 0.21075100155 -0.149943980686 -0.0939582262328
v 0.212774558629 -0.151486025505 -0.0955479792093
f 427 429 431
f 427 431 430
f 427 430 432
f 427 432 429
f 428 431 429
f 428 430 431
f 428 432 430
f 428 429 432
v 0.212437287604 -0.14934309762 -0.0945666903465
v 0.210622621636 -0.15173201639 -0.0945593057754
v 0.210860167789 -0.150032618837 -0.0958065506524
v 0.212199741451 -0.151042495172 -0.0933194454696
v 0.210540948828 -0.149783697453 -0.0937242112469
v 0.212518960412 -0.151291416557 -0.095401784875
f 433 435 437
f 433 437 436
f 433 436 438
f 433 438 435
f 434 437 435
f 434 436 437
f 434 438 436
f 434 435 438
v 0.212209902349 -0.149169752791 -0.0943664851712
v 0.21039523638 -0.151558671561 -0.0943591006002
v 0.210598674745 -0.149833272284 -0.0955763147008
v 0.212006463984 -0.150895152068 -0.0931492710706
v 0.210337541271 -0.149628433943 -0.0934811176784
v 0.212267597457 -0.15109999041 -0.0952444680931
f 439 441 443
f 439 443 442
f 439 442 444
f 439 444 441
f 440 443 441
f 440 442 443
f 440 444 442
f 440 441 444
v 0.211988234341 -0.149000720419 -0.0941564234
v 0.210173568372 -0.151389639189 -0.0941490388289
v 0.210343756536 -0.149638885057 -0.0953347436638
v 0.211818046177 -0.150751474552 -0.092970718565
v 0.210141026701 -0.149478379322 -0.0932292416992
v 0.212020776012 -0.150911980286 -0.0950762205296
f 445 447 449
f 445 449 448
f 445 448 450
f 445 450 447
f 446 449 447
f 446 448 449
f 446 450 448
f 446 447 450
v 0.211772553649 -0.148836206444 -0.0939367609606
v 0.209957887681 -0.151225125214 -0.0939293763895
v 0.21009572374 -0.149449693985 -0.0950821318585
v 0.211634717589 -0.150611637673 -0.0927840054915
v 0.209951644538 -0.149333716409 -0.0929688901815
v 0.211778796791 -0.150727615249 -0.0948972471685
f 451 453 455
f 451 455 454
f 451 454 456
f 451 456 453
f 452 455 453
f 452 454 455
f 452 456 454
f 452 453 456
v 0.211563123047 -0.148676411299 -0.0937077654779
v 0.209748457079 -0.15106533007 -0.0937003809068
v 0.209854878548 -0.149265929569 -0.0948187870535
v 0.211456701578 -0.1504758118 -0.0925893593312
v 0.209769625518 -0.149194621452 -0.0927003803236
v 0.211541954608 -0.150547119917 -0.0947077660611
f 457 459 461
f 457 461 460
f 457 460 462
f 457 462 459
f 458 461 459
f 458 460 461
f 458 462 460
f 458 459 462
v 0.211360197694 -0.148521529672 -0.0934697159477
v 0.209545531726 -0.150910448443 -0.0934623313766
v 0.209621514392 -0.149087815698 -0.0945450300937
v 0.211284215028 -0.150344162417 -0.0923870172306
v 0.209595191401 -0.149061263919 -0.0924240392632
v 0.211310538019 -0.150370714196 -0.0945080080611
f 463 465 467
f 463 467 466
f 463 466 468
f 463 468 465
f 464 467 465
f 464 466 467
f 464 468 466
f 464 465 468
v 0.211164024823 -0.148371750262 -0.0932229023966
v 0.209349358855 -0.150760669032 -0.0932155178256
v 0.20939591559 -0.148915569376 -0.09426119451
v 0.211117468087 -0.150216849918 -0.0921772257122
v 0.209428554709 -0.148933806283 -0.0921402036795
v 0.211084828969 -0.150198613011 -0.0942982165427
f 469 471 473
f 469 473 472
f 469 472 474
f 469 474 471
f 470 473 471
f 470 472 473
f 470 474 472
f 470 471 474
v 0.21097484344 -0.148227255551 -0.092967625529
v 0.209160177472 -0.150616174321 -0.0929602409579
v 0.209178357 -0.148749400458 -0.0939676261123
v 0.210956663912 -0.150094029414 -0.0919602403747
v 0.209269918463 -0.148812403833 -0.0918492193824
v 0.210865102449 -0.150031026039 -0.0940786471046
f 475 477 479
f 475 479 478
f 475 478 480
f 475 480 477
f 476 479 477
f 476 478 479
f 476 480 478
f 476 477 480
v 0.210792884035 -0.148088221584 -0.0927041963604
v 0.208978218066 -0.150477140354 -0.0926968117893
v 0.208969103684 -0.148589511396 -0.0936646825683
v 0.210801998417 -0.149975850542 -0.0917363255813
v 0.209119475937 -0.148697204479 -0.0915514408913
v 0.210651626164 -0.149868157459 -0.0938495672583
f 481 483 485
f 481 485 484
f 481 484 486
f 481 486 483
f 482 485 483
f 482 484 485
f 482 486 484
f 482 483 486
v 0.210618368295 -0.147954817753 -0.0924329358386
v 0.208803702326 -0.150343736523 -0.0924255512675
v 0.208768410583 -0.148436096991 -0.0933527329682
v 0.210653660038 -0.149862457286 -0.0915057541378
v 0.208977410421 -0.148588348574 -0.0912472310036
v 0.2104446602 -0.149710205703 -0.0936112561024
f 487 489 491
f 487 491 490
f 487 490 492
f 487 492 489
f 488 491 489
f 488 490 491
f 488 492 490
f 488 489 492
o rejected_candidates
usemtl rejected_marker
g rejected_candidates
v 0.224467465503 -0.158455811713 -0.0862763397371
v 0.222652799535 -0.160844730483 -0.086268955166
v 0.224754595523 -0.160557606831 -0.0862726474516
v 0.222365669515 -0.158742935365 -0.0862726474516
v 0.22355789909 -0.159653211297 -0.0877726429072
v 0.223562365947 -0.159647330899 -0.0847726519959
f 493 495 497
f 493 497 496
f 493 496 498
f 493 498 495
f 494 497 495
f 494 496 497
f 494 498 496
f 494 495 498
v 0.224462363496 -0.158452960998 -0.0866078839513
v 0.222647697527 -0.160841879768 -0.0866004993803
v 0.224748687935 -0.160554306003 -0.0866565407523
v 0.222361373088 -0.158740534763 -0.0865518425793
v 0.223511112286 -0.15961869323 -0.0881032733648
v 0.223598948737 -0.159676147535 -0.0851051099668
f 499 501 503
f 499 503 502
f 499 502 504
f 499 504 501
f 500 503 501
f 500 502 503
f 500 504 502
f 500 501 504
v 0.224448051 -0.15844311258 -0.08693902423
v 0.222633385031 -0.16083203135 -0.0869316396589
v 0.224732115571 -0.160542902572 -0.0870399663381
v 0.222349320459 -0.158732241358 -0.0868306975509
v 0.2234551685 -0.15957721246 -0.0884316734866
v 0.22362626753 -0.159697931469 -0.0854389904024
f 505 507 509
f 505 509 508
f 505 508 510
f 505 510 507
f 506 509 507
f 506 508 509
f 506 510 508
f 506 507 510
v 0.224424545452 -0.158426278458 -0.0872693571297
v 0.222609879484 -0.160815197228 -0.0872619725587
v 0.224704898622 -0.16052341043 -0.0874224570641
v 0.222329526314 -0.158718065255 -0.0871088726243
v 0.223390135892 -0.159528819525 -0.0887574431678
v 0.223644289044 -0.15971265616 -0.0857738865206
f 511 513 515
f 511 515 514
f 511 514 516
f 511 516 513
f 512 515 513
f 512 514 515
f 512 516 514
f 512 513 516
v 0.224391875491 -0.158402479141 -0.0875984801907
v 0.222577209523 -0.160791397912 -0.0875910956196
v 0.224667070246 -0.160495853327 -0.0878035469242
v 0.222302014768 -0.158698023726 -0.0873860288862
v 0.223316093694 -0.159473573384 -0.0890801855082
v 0.22365299132 -0.159720303669 -0.0861093903022
f 517 519 521
f 517 521 520
f 517 520 522
f 517 522 519
f 518 521 519
f 518 520 521
f 518 522 520
f 518 519 522
v 0.224350080921 -0.158371743627 -0.0879259924272
v 0.222535414952 -0.160760662397 -0.0879186078561
v 0.224618676533 -0.160460264837 -0.0881827716191
v 0.22226681934 -0.158672141187 -0.0876618286643
v 0.223233132115 -0.159411541346 -0.0893995072959
v 0.223652363758 -0.159720864678 -0.0864450929874
f 523 525 527
f 523 527 526
f 523 526 528
f 523 528 525
f 524 527 525
f 524 526 527
f 524 528 526
f 524 525 528
v 0.22429921266 -0.15833410936 -0.088251494816
v 0.222484546692 -0.16072302813 -0.0882441102449
v 0.224559776441 -0.160416688318 -0.0885596691219
v 0.222223982911 -0.158640449173 -0.0879359359391
v 0.223141352231 -0.159342798988 -0.0897150194865
v 0.223642407121 -0.159714338503 -0.0867805855744
f 529 531 533
f 529 533 532
f 529 532 534
f 529 534 531
f 530 533 531
f 530 532 533
f 530 534 532
f 530 531 534
v 0.224239332685 -0.158289622193 -0.0885745907826
v 0.222424666717 -0.160678540964 -0.0885672062115
v 0.224490441733 -0.160365176861 -0.0889337802411
v 0.222173557668 -0.158602986296 -0.088208016753
v 0.223040865861 -0.159267430061 -0.0900263376771
v 0.223623133541 -0.159700733097 -0.087115459317
f 535 537 539
f 535 539 538
f 535 538 540
f 535 540 537
f 536 539 537
f 536 538 539
f 536 540 538
f 536 537 540
v 0.22417051395 -0.158238336327 -0.0888948866843
v 0.222355847981 -0.160627255097 -0.0888875021132
v 0.224410756882 -0.160305793226 -0.0893046491799
v 0.222115605049 -0.158559798198 -0.0884777396176
v 0.222931795433 -0.159185526391 -0.0903330825744
v 0.223594566499 -0.159680065034 -0.0874493062232
f 541 543 545
f 541 545 544
f 541 544 546
f 541 546 543
f 542 545 543
f 542 544 545
f 542 546 544
f 542 543 546
v 0.2240928403 -0.158180314245 -0.0892119922899
v 0.222278174331 -0.160569233015 -0.0892046077188
v 0.224320818971 -0.160238609763 -0.0896718240917
v 0.22205019566 -0.158510937497 -0.0887447759171
v 0.222814273832 -0.159097187764 -0.0906348804569
v 0.223556740799 -0.159652359496 -0.0877817195519
f 547 549 551
f 547 551 550
f 547 550 552
f 547 552 549
f 548 551 549
f 548 550 551
f 548 552 550
f 548 549 552
v 0.224006406368 -0.158115626638 -0.0895255212551
v 0.222191740399 -0.160504545409 -0.089518136684
v 0.224220737577 -0.160163708324 -0.0900348576303
v 0.221977409191 -0.158456463723 -0.0890088003088
v 0.22268844424 -0.159002521809 -0.0909313636305
v 0.223509702528 -0.159617650238 -0.0881122943086
f 553 555 557
f 553 557 556
f 553 556 558
f 553 558 555
f 554 557 555
f 554 556 557
f 554 558 556
f 554 555 558
v 0.223911317461 -0.158044352319 -0.0898350915931
v 0.222096651492 -0.160433271089 -0.089827707022
v 0.224110634631 -0.160081180164 -0.0903933074953
v 0.221897334321 -0.158396443244 -0.0892694911198
v 0.222554459961 -0.158901643861 -0.091222170876
v 0.223453508992 -0.159575979547 -0.0884406277391
f 559 561 563
f 559 563 562
f 559 562 564
f 559 564 561
f 560 563 561
f 560 562 563
f 560 564 562
f 560 561 564
v 0.223807689429 -0.157966578123 -0.0901403261401
v 0.221993023461 -0.160355496894 -0.090132941569
v 0.223990644279 -0.159991125833 -0.0907467369709
v 0.221810068611 -0.158330949184 -0.0895265307383
v 0.222412484234 -0.158794676824 -0.0915069478896
v 0.223388228656 -0.159527398193 -0.0887663198196
f 565 567 569
f 565 569 568
f 565 568 570
f 565 570 567
f 566 569 567
f 566 568 569
f 566 570 568
f 566 567 570
v 0.223695648529 -0.157882398808 -0.0904408530149
v 0.22188098256 -0.160271317578 -0.0904334684439
v 0.22386091271 -0.159893655046 -0.0910947154575
v 0.221715718379 -0.15826006134 -0.0897796060013
v 0.222262690036 -0.15868175102 -0.0917853477144
v 0.223313941054 -0.159471965365 -0.0890889737444
f 571 573 575
f 571 575 574
f 571 574 576
f 571 576 573
f 572 575 573
f 572 574 575
f 572 576 574
f 572 573 576
v 0.223575331264 -0.157791916931 -0.0907363060718
v 0.221760665295 -0.160180835702 -0.0907289215007
v 0.223721597982 -0.159788886558 -0.091436818997
v 0.221614398577 -0.158183866075 -0.0900284085755
v 0.222105259866 -0.158563004034 -0.0920570311632
v 0.223230736693 -0.1594097486 -0.0894081964094
f 577 579 581
f 577 581 580
f 577 580 582
f 577 582 579
f 578 581 579
f 578 580 581
f 578 582 580
f 578 579 582
v 0.223446884222 -0.157695242733 -0.0910263253467
v 0.221632218253 -0.160084161503 -0.0910189407756
v 0.223572869829 -0.159676948012 -0.091772630789
v 0.221506232647 -0.158102456224 -0.0902726353333
v 0.22194038553 -0.158438580538 -0.0923216672314
v 0.223138716945 -0.159340823697 -0.089723598891
f 583 585 587
f 583 587 586
f 583 586 588
f 583 588 585
f 584 587 585
f 584 586 587
f 584 588 586
f 584 585 588
v 0.223310463896 -0.157592493994 -0.0913105574958
v 0.221495797928 -0.159981412765 -0.0913031729248
v 0.223414909452 -0.159557975789 -0.0921017416985
v 0.221391352372 -0.15801593097 -0.0905119887221
v 0.221768267901 -0.158308632126 -0.0925789335007
v 0.223037993923 -0.159265274634 -0.0900347969199
f 589 591 593
f 589 593 592
f 589 592 594
f 589 594 591
f 590 593 591
f 590 592 593
f 590 594 592
f 590 591 594
v 0.223166236494 -0.1574837959 -0.0915886562261
v 0.221351570526 -0.15987271467 -0.091581271655
v 0.223247909302 -0.159432114837 -0.0924237507546
v 0.221269897718 -0.157924395733 -0.0907461771265
v 0.221589116679 -0.158173317117 -0.0928285165319
v 0.222928690341 -0.159183193453 -0.0903414113491
f 595 597 599
f 595 599 598
f 595 598 600
f 595 600 597
f 596 599 597
f 596 598 599
f 596 600 598
f 596 597 600
v 0.223014377734 -0.157369280881 -0.091860282717
v 0.221199711766 -0.159758199651 -0.0918528981459
v 0.223072072843 -0.159299518499 -0.0927382656388
v 0.221142016657 -0.157827962033 -0.0909749152241
v 0.221403150131 -0.158032800374 -0.0930701122466
v 0.22281093937 -0.159094680158 -0.0906430686163
f 601 603 605
f 601 605 604
f 601 604 606
f 601 606 603
f 602 605 603
f 602 604 605
f 602 606 604
f 602 603 606
v 0.222855072633 -0.157249088456 -0.0921251060335
v 0.221040406665 -0.159638007227 -0.0921177214624
v 0.222887614305 -0.159160348324 -0.0930449031632
v 0.221007864993 -0.15772674736 -0.0911979243327
v 0.221210594828 -0.157887253094 -0.0933034262974
v 0.22268488447 -0.158999842589 -0.0909394011985
f 607 609 611
f 607 611 610
f 607 610 612
f 607 612 609
f 608 611 609
f 608 610 611
f 608 612 610
f 608 609 612
v 0.22268851528 -0.157123365063 -0.0923828035292
v 0.220873849311 -0.159512283833 -0.0923754189581
v 0.222694758422 -0.159014773868 -0.0933432897372
v 0.220867606169 -0.157620875028 -0.0914149327502
v 0.221011685371 -0.157736852604 -0.0935281744272
v 0.22255067922 -0.158898796292 -0.0912300480601
f 613 615 617
f 613 617 616
f 613 616 618
f 613 618 615
f 614 617 615
f 614 616 617
f 614 618 616
f 614 615 618
v 0.222514908599 -0.156992263874 -0.0926330612394
v 0.22070024263 -0.159381182644 -0.0926256766683
v 0.22249374016 -0.158862972491 -0.0936330618227
v 0.220721411069 -0.157510474027 -0.0916256760851
v 0.2208066641 -0.157581782143 -0.093744082815
v 0.222408487129 -0.158791664374 -0.0915146550928
f 619 621 623
f 619 623 622
f 619 622 624
f 619 624 621
f 620 623 621
f 620 622 623
f 620 624 622
f 620 621 624
v 0.222334464102 -0.156855944617 -0.0928755742637
v 0.220519798134 -0.159244863387 -0.0928681896926
v 0.222284804427 -0.158705129141 -0.0939138663771
v 0.220569457809 -0.157395678863 -0.0918298975792
v 0.2205957808 -0.157422230642 -0.0939508884097
v 0.222258481436 -0.158678577361 -0.0917928755465
f 625 627 629
f 625 629 628
f 625 628 630
f 625 630 627
f 626 629 627
f 626 628 629
f 626 630 628
f 626 627 630
v 0.222147401635 -0.156714573375 -0.0931100471372
v 0.220332735666 -0.159103492145 -0.0931026625661
v 0.22206820578 -0.158541436124 -0.0941853612832
v 0.220411931521 -0.157276629396 -0.09202734842
v 0.220379292402 -0.157258392489 -0.0941483392506
v 0.222100844899 -0.158559673032 -0.0920643704527
f 631 633 635
f 631 635 634
f 631 634 636
f 631 636 633
f 632 635 633
f 632 634 635
f 632 636 634
f 632 633 636
v 0.221953949103 -0.156568322389 -0.0933361941909
v 0.220139283134 -0.158957241159 -0.0933288096198
v 0.221844208112 -0.158372092877 -0.0944472157664
v 0.220249024125 -0.157153470671 -0.0922177880442
v 0.220157462663 -0.157090467296 -0.0943361947741
v 0.221935769574 -0.158435096252 -0.0923288090365
f 637 639 641
f 637 641 640
f 637 640 642
f 637 642 639
f 638 641 639
f 638 640 641
f 638 642 640
f 638 639 642
v 0.221754342199 -0.156417369841 -0.0935537398994
v 0.21993967623 -0.158806288611 -0.0935463553283
v 0.221613084328 -0.158197305716 -0.0946991107974
v 0.220080934101 -0.157026352736 -0.0924009844303
v 0.219930561848 -0.156918659653 -0.0945142261073
v 0.221763456581 -0.158304998799 -0.0925858691204
f 643 645 647
f 643 647 646
f 643 646 648
f 643 648 645
f 644 647 645
f 644 646 647
f 644 648 646
f 644 645 648
v 0.221548824113 -0.156261899645 -0.0937624192168
v 0.219734158144 -0.158650818415 -0.0937550346457
v 0.221375116018 -0.158017287595 -0.0949407394807
v 0.219907866239 -0.156895430466 -0.0925767143818
v 0.219698866401 -0.156743178883 -0.0946822163465
v 0.221584115856 -0.158169539178 -0.0928352375161
f 649 651 653
f 649 653 652
f 649 652 654
f 649 654 651
f 650 653 651
f 650 652 653
f 650 654 652
f 650 651 654
v 0.221337645237 -0.156102101217 -0.0939619778995
v 0.219522979268 -0.158491019987 -0.0939545933285
v 0.221130593109 -0.157832257836 -0.0951718074291
v 0.219730031396 -0.156760863368 -0.0927447637989
v 0.219462658607 -0.15656423878 -0.0948399608213
v 0.221397965898 -0.158028882424 -0.0930766104066
f 655 657 659
f 655 659 658
f 655 658 660
f 655 660 657
f 656 659 657
f 656 658 659
f 656 660 658
f 656 657 660
v 0.22112106286 -0.155938169247 -0.094152172816
v 0.219306396892 -0.158327088017 -0.094144788245
v 0.220879813515 -0.15764244187 -0.0953920331219
v 0.219547646237 -0.156622815394 -0.0929049279391
v 0.219222226249 -0.156382057357 -0.0949872673445
v 0.221205233502 -0.157883199907 -0.0933096937165
f 661 663 665
f 661 665 664
f 661 664 666
f 661 666 663
f 662 665 663
f 662 664 665
f 662 666 664
f 662 663 666
v 0.220899340855 -0.15577030346 -0.0943327722431
v 0.219084674886 -0.158159222231 -0.094325387672
v 0.220623082772 -0.15744807096 -0.095601148248
v 0.219360932969 -0.156481454731 -0.0930570116672
v 0.218977862257 -0.156196856573 -0.0951239564458
v 0.221006153483 -0.157732669118 -0.0935342034694
f 667 669 671
f 667 671 670
f 667 670 672
f 667 672 669
f 668 671 669
f 668 670 671
f 668 672 670
f 668 669 672
v 0.220672749355 -0.155598708376 -0.0945035561482
v 0.218858083386 -0.157987627146 -0.0944961715771
v 0.220360713667 -0.157249381915 -0.0957988980328
v 0.219170119074 -0.156336953608 -0.0932008296925
v 0.218729864351 -0.156008862066 -0.0952498615905
v 0.22080096839 -0.157577473456 -0.0937498661348
f 673 675 677
f 673 677 676
f 673 676 678
f 673 678 675
f 674 677 675
f 674 676 677
f 674 678 676
f 674 675 678
v 0.220441564427 -0.155423593056 -0.0946643164574
v 0.218626898459 -0.157812511826 -0.0946569318863
v 0.220093025856 -0.157046616807 -0.0959850415487
v 0.21897543703 -0.156189488075 -0.0933362067949
v 0.218478534678 -0.15581830288 -0.0953648293826
v 0.220589928208 -0.157417802003 -0.0939564189611
f 679 681 683
f 679 683 682
f 679 682 684
f 679 684 681
f 680 683 681
f 680 682 683
f 680 684 682
f 680 681 684
v 0.220206067735 -0.155245170852 -0.094814857309
v 0.218391401766 -0.157634089622 -0.0948074727379
v 0.219820345475 -0.156840022676 -0.0961593520085
v 0.218777124026 -0.156039237798 -0.0934629780384
v 0.218224179444 -0.15562541118 -0.0954687197515
v 0.220373290058 -0.157253849293 -0.0941536102953
f 685 687 689
f 685 689 688
f 685 688 690
f 685 690 687
f 686 689 687
f 686 688 689
f 686 690 688
f 686 687 690
v 0.219966546195 -0.155063659143 -0.0949549952922
v 0.218151880226 -0.157452577913 -0.0949476107211
v 0.219543004745 -0.156629851223 -0.0963216170416
v 0.218575421676 -0.155886385832 -0.0935809889716
v 0.217967108542 -0.155430421977 -0.0955614061229
v 0.220151317879 -0.157085815079 -0.0943411998904
f 691 693 695
f 691 695 694
f 691 694 696
f 691 696 693
f 692 695 693
f 692 694 695
f 692 696 694
f 692 693 696
v 0.219723291627 -0.154879279073 -0.0950845596704
v 0.217908625658 -0.157268197843 -0.0950771750993
v 0.219261341561 -0.156416358511 -0.0964716389533
v 0.218370575724 -0.155731118405 -0.0936900958165
v 0.217707635173 -0.155233572834 -0.0956427755727
v 0.219924282111 -0.156913904083 -0.0945189591971
f 697 699 701
f 697 701 700
f 697 700 702
f 697 702 699
f 698 701 699
f 698 700 701
f 698 702 700
f 698 699 702
v 0.219476600399 -0.154692255282 -0.0952033925895
v 0.21766193443 -0.157081174052 -0.0951960080184
v 0.218975699086 -0.156199804648 -0.0966092349649
v 0.218162835743 -0.155573624686 -0.0937901656431
v 0.217446075467 -0.155035103581 -0.0957127289647
v 0.219692459363 -0.156738325752 -0.0946866716432
f 703 705 707
f 703 707 706
f 703 706 708
f 703 708 705
f 704 707 705
f 704 706 707
f 704 708 706
f 704 705 708
v 0.219226773067 -0.154502815628 -0.0953113492698
v 0.217412107098 -0.156891734398 -0.0953039646987
v 0.218686425333 -0.15598045347 -0.0967342374368
v 0.217952454832 -0.155414096557 -0.0938810765317
v 0.217182748092 -0.154835256023 -0.0957711810715
v 0.219456132073 -0.156559294003 -0.0948441328969
f 709 711 713
f 709 713 712
f 709 712 714
f 709 714 711
f 710 713 711
f 710 712 713
f 710 714 712
f 710 711 714
v 0.218974114006 -0.154311190916 -0.0954082981827
v 0.217159448038 -0.156700109686 -0.0954009136116
v 0.218393872737 -0.155758572224 -0.0968464940727
v 0.217739689307 -0.155252728378 -0.0939627177215
v 0.216917973873 -0.154634273644 -0.0958180606783
v 0.219215588171 -0.156377026958 -0.094991151116
f 715 717 719
f 715 719 718
f 715 718 720
f 715 720 717
f 716 719 717
f 716 718 719
f 716 720 718
f 716 717 720
v 0.218718931043 -0.154117614609 -0.0954941212109
v 0.216904265075 -0.156506533379 -0.0954867366398
v 0.218098397727 -0.155534431237 -0.0969458681054
v 0.217524798391 -0.155089716751 -0.0940349897453
v 0.216652075396 -0.154432401309 -0.0958533106694
v 0.218971120722 -0.15619174668 -0.0951275471813
f 721 723 725
f 721 725 724
f 721 724 726
f 721 726 723
f 722 725 723
f 722 724 725
f 722 726 724
f 722 723 726
v 0.21846153508 -0.153922322552 -0.0955687137922
v 0.216646869111 -0.156311241322 -0.0955613292212
v 0.217800360296 -0.155308303592 -0.0970322384628
v 0.217308043895 -0.154925260282 -0.0940978045506
v 0.216385376618 -0.154229884968 -0.0958768880981
v 0.218723027573 -0.156003678905 -0.0952531549153
f 727 729 731
f 727 731 730
f 727 730 732
f 727 732 729
f 728 731 729
f 728 730 731
f 728 732 730
f 728 729 732
v 0.218202239712 -0.153725552677 -0.0956319850472
v 0.216387573744 -0.156114471447 -0.0956246004761
v 0.217500123554 -0.155080464789 -0.0971054999159
v 0.217089689902 -0.154759559334 -0.0941510856074
v 0.21611820247 -0.154026971357 -0.095888764239
v 0.218471610986 -0.155813052766 -0.0953678212843
f 733 735 737
f 733 737 736
f 733 736 738
f 733 738 735
f 734 737 735
f 734 736 737
f 734 738 736
f 734 735 738
v 0.217941360853 -0.153527544718 -0.0956838578895
v 0.216126694884 -0.155916463488 -0.0956764733184
v 0.217198053296 -0.154851192415 -0.0971655632069
v 0.216870002441 -0.15459281579 -0.0941947680009
v 0.215850878463 -0.153823907695 -0.0958889246229
v 0.218217177273 -0.15562010051 -0.0954714065849
f 739 741 743
f 739 743 742
f 739 742 744
f 739 744 741
f 740 743 741
f 740 742 743
f 740 744 742
f 740 741 744
v 0.217679216341 -0.153328539917 -0.09572426912
v 0.215864550373 -0.155717458687 -0.0957168845489
v 0.216894517546 -0.154620765804 -0.0972123551581
v 0.216649249168 -0.1544252328 -0.0942287985108
v 0.21558373029 -0.153620941383 -0.0958773690543
v 0.217960036424 -0.15542505722 -0.0955637846146
f 745 747 749
f 745 749 748
f 745 748 750
f 745 750 747
f 746 749 747
f 746 748 749
f 746 750 748
f 746 747 750
v 0.217416125561 -0.153128780731 -0.0957531695039
v 0.215601459593 -0.155517699501 -0.0957457849328
v 0.216589886116 -0.154389465694 -0.0972458187605
v 0.216427699038 -0.154257014538 -0.0942531356762
v 0.215317083429 -0.153418319705 -0.095854111612
v 0.217700501725 -0.155228160527 -0.0956448428248
f 751 753 755
f 751 755 754
f 751 754 756
f 751 756 753
f 752 755 753
f 752 754 755
f 752 756 754
f 752 753 756
v 0.217152409048 -0.152928510536 -0.0957705238306
v 0.215337743079 -0.155317429306 -0.0957631392595
v 0.216284530153 -0.15415757389 -0.097265913244
v 0.216205621974 -0.154088365953 -0.094267749846
v 0.215051262749 -0.153216289524 -0.0958191806315
v 0.217438889378 -0.155029650318 -0.0957144824586
f 757 759 761
f 757 761 760
f 757 760 762
f 757 762 759
f 758 761 759
f 758 760 761
f 758 762 760
f 758 759 762
v 0.210774060058 -0.148071313864 -0.091860282717
v 0.208959394089 -0.150460232634 -0.0918528981459
v 0.208899073428 -0.148533451427 -0.0927382656388
v 0.210834380719 -0.149998095071 -0.0909749152241
v 0.209166446217 -0.148730076015 -0.0906430686163
v 0.21056700793 -0.149801470482 -0.0930701122466
f 763 765 767
f 763 767 766
f 763 766 768
f 763 768 765
f 764 767 765
f 764 766 767
f 764 768 766
f 764 765 768
v 0.210623010178 -0.147955733993 -0.0915886562261
v 0.208808344209 -0.150344652764 -0.091581271655
v 0.208724173567 -0.148399622103 -0.0924237507546
v 0.21070718082 -0.149900764654 -0.0907461771265
v 0.209049593555 -0.14864038014 -0.0903414113491
v 0.210381760833 -0.149660006617 -0.0928285165319
f 769 771 773
f 769 773 772
f 769 772 774
f 769 774 771
f 770 773 771
f 770 772 773
f 770 774 772
f 770 771 774
v 0.21047961093 -0.147845945675 -0.0913105574958
v 0.208664944961 -0.150234864445 -0.0913031729248
v 0.208558132333 -0.148272498787 -0.0921017416985
v 0.210586423559 -0.149808311333 -0.0905119887221
v 0.208941203044 -0.148557096946 -0.0900347969199
v 0.210203352847 -0.149523713174 -0.0925789335007
f 775 777 779
f 775 779 778
f 775 778 780
f 775 780 777
f 776 779 777
f 776 778 779
f 776 780 778
f 776 777 780
v 0.210344037023 -0.147742082668 -0.0910263253467
v 0.208529371055 -0.150131001438 -0.0910189407756
v 0.208401152019 -0.148152236358 -0.091772630789
v 0.210472256058 -0.149720847748 -0.0902726353333
v 0.208841406743 -0.148480327899 -0.089723598891
v 0.210032001335 -0.149392756206 -0.0923216672314
f 781 783 785
f 781 785 784
f 781 784 786
f 781 786 783
f 782 785 783
f 782 784 785
f 782 786 784
f 782 783 786
v 0.210216453634 -0.147644271513 -0.0907363060718
v 0.208401787665 -0.150033190283 -0.0907289215007
v 0.208253423884 -0.148038981336 -0.091436818997
v 0.210364817414 -0.14963848046 -0.0900284085755
v 0.208750326236 -0.148410166532 -0.0894081964094
v 0.209867915062 -0.149267295264 -0.0920570311632
f 787 789 791
f 787 791 790
f 787 790 792
f 787 792 789
f 788 791 789
f 788 790 791
f 788 792 790
f 788 789 792
v 0.210097016202 -0.147552631379 -0.0904408530149
v 0.208282350233 -0.149941550149 -0.0904334684439
v 0.208115127911 -0.147932871708 -0.0910947154575
v 0.210264238525 -0.149561309821 -0.0897796060013
v 0.208668072493 -0.148346698325 -0.0890889737444
v 0.209711293942 -0.149147483203 -0.0917853477144
f 793 795 797
f 793 797 796
f 793 796 798
f 793 798 795
f 794 797 795
f 794 796 797
f 794 798 796
f 794 795 798
v 0.209985870245 -0.147467273915 -0.0901403261401
v 0.208171204276 -0.149856192685 -0.090132941569
v 0.207986432592 -0.147834036749 -0.0907467369709
v 0.210170641929 -0.149489429851 -0.0895265307383
v 0.208594745726 -0.148290000604 -0.0887663198196
v 0.209562328794 -0.149033465995 -0.0915069478896
f 799 801 803
f 799 803 802
f 799 802 804
f 799 804 801
f 800 803 801
f 800 802 803
f 800 804 802
f 800 801 804
v 0.209883151175 -0.147388303115 -0.0898350915931
v 0.208068485207 -0.149777221885 -0.089827707022
v 0.207867494722 -0.147742596876 -0.0903933074953
v 0.21008414166 -0.149422928125 -0.0892694911198
v 0.208530435273 -0.148240142447 -0.0884406277391
v 0.209421201109 -0.148925382553 -0.091222170876
f 805 807 809
f 805 809 808
f 805 808 810
f 805 810 807
f 806 809 807
f 806 808 809
f 806 810 808
f 806 807 810
v 0.209788984142 -0.147315815194 -0.0895255212551
v 0.207974318173 -0.149704733964 -0.089518136684
v 0.20775845921 -0.147658663493 -0.0900348576303
v 0.210004843106 -0.149361885665 -0.0890088003088
v 0.208475219486 -0.148197184598 -0.0881122943086
v 0.209288082829 -0.14882336456 -0.0909313636305
f 811 813 815
f 811 815 814
f 811 814 816
f 811 816 813
f 812 815 813
f 812 814 815
f 812 816 814
f 812 813 816
v 0.209703483872 -0.147249898467 -0.0892119922899
v 0.207888817904 -0.149638817237 -0.0892046077188
v 0.207659458897 -0.147582338862 -0.0896718240917
v 0.209932842878 -0.149306376842 -0.0887447759171
v 0.208429165637 -0.148161179395 -0.0877817195519
v 0.209163136139 -0.148727536309 -0.0906348804569
f 817 819 821
f 817 821 820
f 817 820 822
f 817 822 819
f 818 821 819
f 818 820 821
f 818 822 820
f 818 819 822
v 0.209626754535 -0.147190633243 -0.0888948866843
v 0.207812088566 -0.149579552013 -0.0888875021132
v 0.207570614402 -0.147513715971 -0.0893046491799
v 0.2098682287 -0.149256469285 -0.0884777396176
v 0.208392329836 -0.148132170705 -0.0874493062232
v 0.209046513266 -0.148638014551 -0.0903330825744
f 823 825 827
f 823 827 826
f 823 826 828
f 823 828 825
f 824 827 825
f 824 826 827
f 824 828 826
f 824 825 828
v 0.209558889613 -0.147138091728 -0.0885745907826
v 0.207744223645 -0.149527010498 -0.0885672062115
v 0.207492033966 -0.147452878427 -0.0889337802411
v 0.209811079292 -0.149212223799 -0.088208016753
v 0.208364756961 -0.14811019387 -0.087115459317
v 0.208938356297 -0.148554908356 -0.0900263376771
f 829 831 833
f 829 833 832
f 829 832 834
f 829 834 831
f 830 833 831
f 830 832 833
f 830 834 832
f 830 831 834
v 0.20949997179 -0.147092337935 -0.088251494816
v 0.207685305822 -0.149481256706 -0.0882441102449
v 0.207423813329 -0.147399900352 -0.0885596691219
v 0.209761464283 -0.149173694289 -0.0879359359391
v 0.208346480606 -0.148095275665 -0.0867805855744
v 0.208838797006 -0.148478318975 -0.0897150194865
f 835 837 839
f 835 839 838
f 835 838 840
f 835 840 837
f 836 839 837
f 836 838 839
f 836 840 838
f 836 837 840
v 0.209450072848 -0.147053427609 -0.0879259924272
v 0.207635406879 -0.149442346379 -0.0879186078561
v 0.207366035606 -0.14735484629 -0.0881827716191
v 0.209719444121 -0.149140927699 -0.0876618286643
v 0.208337523037 -0.148087434267 -0.0864450929874
v 0.20874795669 -0.148408339722 -0.0893995072959
f 841 843 845
f 841 845 844
f 841 844 846
f 841 846 843
f 842 845 843
f 842 844 845
f 842 846 844
f 842 843 846
v 0.20940925358 -0.147021408156 -0.0875984801907
v 0.207594587611 -0.149410326926 -0.0875910956196
v 0.207318771191 -0.147317771133 -0.0878035469242
v 0.209685070001 -0.149113963949 -0.0873860288862
v 0.208337895168 -0.148086679228 -0.0861093903022
v 0.208665946023 -0.148345055854 -0.0890801855082
f 847 849 851
f 847 851 850
f 847 850 852
f 847 852 849
f 848 851 849
f 848 850 851
f 848 852 850
f 848 849 852
v 0.209377563719 -0.146996318586 -0.0872693571297
v 0.207562897751 -0.149385237356 -0.0872619725587
v 0.207282077668 -0.147288720053 -0.0874224570641
v 0.209658383802 -0.14909283589 -0.0871088726243
v 0.208347596546 -0.148093011469 -0.0857738865206
v 0.208592864924 -0.148288544473 -0.0887574431678
f 853 855 857
f 853 857 856
f 853 856 858
f 853 858 855
f 854 857 855
f 854 856 857
f 854 858 856
f 854 855 858
v 0.209355041875 -0.146978189467 -0.08693902423
v 0.207540375906 -0.149367108238 -0.0869316396589
v 0.207255999742 -0.147267728442 -0.0870399663381
v 0.209639418039 -0.149077569264 -0.0868306975509
v 0.208366615351 -0.148106423275 -0.0854389904024
v 0.20852880243 -0.148238874431 -0.0884316734866
f 859 861 863
f 859 863 862
f 859 862 864
f 859 864 861
f 860 863 861
f 860 862 863
f 860 864 862
f 860 861 864
v 0.209341715486 -0.146967042888 -0.0866078839513
v 0.207527049517 -0.149355961658 -0.0866004993803
v 0.207240569187 -0.147254821876 -0.0866565407523
v 0.209628195816 -0.14906818267 -0.0865518425793
v 0.208394928412 -0.148126898304 -0.0851051099668
v 0.208473836591 -0.148196106241 -0.0881032733648
f 865 867 869
f 865 869 868
f 865 868 870
f 865 870 867
f 866 869 867
f 866 868 869
f 866 870 868
f 866 867 870
v 0.209337600788 -0.146962892427 -0.0862763397371
v 0.20752293482 -0.149351811197 -0.086268955166
v 0.2072358048 -0.147250016079 -0.0862726474516
v 0.209624730808 -0.149064687545 -0.0862726474516
v 0.208432501232 -0.148154411613 -0.0847726519959
v 0.208428034376 -0.148160292011 -0.0877726429072
f 871 873 875
f 871 875 874
f 871 874 876
f 871 876 873
f 872 875 873
f 872 874 875
f 872 876 874
f 872 873 876
v 0.209342702796 -0.146965743142 -0.0859447955229
v 0.207528036827 -0.149354661913 -0.0859374109518
v 0.207241712388 -0.147253316907 -0.0858887541509
v 0.209629027235 -0.149067088148 -0.0859934523238
v 0.208479288037 -0.14818892968 -0.0844420215384
v 0.208391451586 -0.148131475375 -0.0874401849363
f 877 879 881
f 877 881 880
f 877 880 882
f 877 882 879
f 878 881 879
f 878 880 881
f 878 882 880
f 878 879 882
v 0.209357015292 -0.146975591561 -0.0856136552442
v 0.207542349323 -0.149364510331 -0.0856062706731
v 0.207258284752 -0.147264720339 -0.085505328565
v 0.209641079864 -0.149075381552 -0.0857145973523
v 0.208535231823 -0.14823041045 -0.0841136214165
v 0.208364132793 -0.148109691441 -0.0871063045008
f 883 885 887
f 883 887 886
f 883 886 888
f 883 888 885
f 884 887 885
f 884 886 887
f 884 888 886
f 884 885 888
v 0.209380520839 -0.146992425683 -0.0852833223445
v 0.207565854871 -0.149381344453 -0.0852759377734
v 0.207285501701 -0.14728421248 -0.085122837839
v 0.209660874009 -0.149089557655 -0.0854364222788
v 0.208600264431 -0.148278803385 -0.0837878517353
v 0.208346111279 -0.14809496675 -0.0867714083825
f 889 891 893
f 889 893 892
f 889 892 894
f 889 894 891
f 890 893 891
f 890 892 893
f 890 894 892
f 890 891 894
v 0.2094131908 -0.147016224999 -0.0849541992835
v 0.207598524831 -0.149405143769 -0.0849468147124
v 0.207323330077 -0.147311769583 -0.084741747979
v 0.209688385555 -0.149109599185 -0.0851592660169
v 0.208674306629 -0.148334049526 -0.0834651093949
v 0.208337409003 -0.148087319242 -0.086435904601
f 895 897 899
f 895 899 898
f 895 898 900
f 895 900 897
f 896 899 897
f 896 898 899
f 896 900 898
f 896 897 900
v 0.209454985371 -0.147046960513 -0.084626687047
v 0.207640319402 -0.149435879284 -0.0846193024759
v 0.20737172379 -0.147347358074 -0.0843625232841
v 0.209723580983 -0.149135481723 -0.0848834662388
v 0.208757268208 -0.148396081564 -0.0831457876072
v 0.208338036565 -0.148086758233 -0.0861002019157
f 901 903 905
f 901 905 904
f 901 904 906
f 901 906 903
f 902 905 903
f 902 904 905
f 902 906 904
f 902 903 906
v 0.209505853631 -0.14708459478 -0.0843011846582
v 0.207691187663 -0.14947351355 -0.0842938000871
v 0.207430623881 -0.147390934593 -0.0839856257812
v 0.209766417412 -0.149167173737 -0.0846093589641
v 0.208849048092 -0.148464823923 -0.0828302754166
v 0.208347993202 -0.148093284407 -0.0857647093287
f 907 909 911
f 907 911 910
f 907 910 912
f 907 912 909
f 908 911 909
f 908 910 911
f 908 912 910
f 908 909 912
v 0.209565733606 -0.147129081947 -0.0839780886916
v 0.207751067638 -0.149518000717 -0.0839707041205
v 0.207499958589 -0.147442446049 -0.083611514662
v 0.209816842655 -0.149204636614 -0.0843372781501
v 0.208949534462 -0.14854019285 -0.082518957226
v 0.208367266782 -0.148106889814 -0.0854298355861
f 913 915 917
f 913 917 916
f 913 916 918
f 913 918 915
f 914 917 915
f 914 916 917
f 914 918 916
f 914 915 918
v 0.209634552341 -0.147180367813 -0.0836577927899
v 0.207819886373 -0.149569286583 -0.0836504082188
v 0.207579643441 -0.147501829684 -0.0832406457232
v 0.209874795274 -0.149247824712 -0.0840675552855
v 0.20905860489 -0.14862209652 -0.0822122123287
v 0.208395833824 -0.148127557877 -0.08509598868
f 919 921 923
f 919 923 922
f 919 922 924
f 919 924 921
f 920 923 921
f 920 922 923
f 920 924 922
f 920 921 924
v 0.209712225992 -0.147238389895 -0.0833406871843
v 0.207897560023 -0.149627308665 -0.0833333026132
v 0.207669581352 -0.147569013147 -0.0828734708115
v 0.209940204663 -0.149296685413 -0.083800518986
v 0.209176126491 -0.148710435146 -0.0819104144462
v 0.208433659523 -0.148155263415 -0.0847635753513
f 925 927 929
f 925 929 928
f 925 928 930
f 925 930 927
f 926 929 927
f 926 928 929
f 926 930 928
f 926 927 930
v 0.209798659924 -0.147303077502 -0.0830271582191
v 0.207983993955 -0.149691996272 -0.083019773648
v 0.207769662746 -0.147643914587 -0.0825104372728
v 0.210012991132 -0.149351159187 -0.0835364945943
v 0.209301956083 -0.148805101101 -0.0816139312727
v 0.208480697795 -0.148189972673 -0.0844330005945
f 931 933 935
f 931 935 934
f 931 934 936
f 931 936 933
f 932 935 933
f 932 934 935
f 932 936 934
f 932 933 936
v 0.209893748831 -0.147374351821 -0.0827175878811
v 0.208079082862 -0.149763270592 -0.08271020331
v 0.207879765692 -0.147726442746 -0.0821519874078
v 0.210093066002 -0.149411179667 -0.0832758037834
v 0.209435940362 -0.148905979049 -0.0813231240272
v 0.208536891331 -0.148231643363 -0.084104667164
f 937 939 941
f 937 941 940
f 937 940 942
f 937 942 939
f 938 941 939
f 938 940 941
f 938 942 940
f 938 939 942
v 0.209997376862 -0.147452126017 -0.0824123533341
v 0.208182710893 -0.149841044787 -0.082404968763
v 0.207999756043 -0.147816497078 -0.0817985579323
v 0.210180331712 -0.149476673726 -0.0830187641648
v 0.209577916089 -0.149012946087 -0.0810383470135
v 0.208602171667 -0.148280224717 -0.0837789750835
f 943 945 947
f 943 947 946
f 943 946 948
f 943 948 945
f 944 947 945
f 944 946 947
f 944 948 946
f 944 945 948
v 0.210109417763 -0.147536305332 -0.0821118264593
v 0.208294751794 -0.149925224103 -0.0821044418882
v 0.208129487613 -0.147913967864 -0.0814505794456
v 0.210274681944 -0.149547561571 -0.0827656889018
v 0.209727710287 -0.14912587189 -0.0807599471887
v 0.208676459269 -0.148335657545 -0.0834563211588
f 949 951 953
f 949 953 952
f 949 952 954
f 949 954 951
f 950 953 951
f 950 952 953
f 950 954 952
f 950 951 954
v 0.210229735028 -0.147626787209 -0.0818163734024
v 0.208415069059 -0.150015705979 -0.0818089888313
v 0.208268802341 -0.148018736353 -0.0811084759061
v 0.210376001746 -0.149623756835 -0.0825168863276
v 0.209885140457 -0.149244618877 -0.08048826374
v 0.20875966363 -0.148397874311 -0.0831370984937
f 955 957 959
f 955 959 958
f 955 958 960
f 955 960 957
f 956 959 957
f 956 958 959
f 956 960 958
f 956 957 960
v 0.21035818207 -0.147723461407 -0.0815263541275
v 0.208543516101 -0.150112380178 -0.0815189695564
v 0.208417530494 -0.148130674898 -0.0807726641141
v 0.210484167676 -0.149705166687 -0.0822726595698
v 0.210050014793 -0.149369042372 -0.0802236276718
v 0.208851683378 -0.148466799213 -0.0828216960121
f 961 963 965
f 961 965 964
f 961 964 966
f 961 966 963
f 962 965 963
f 962 964 965
f 962 966 964
f 962 963 966
v 0.210494602395 -0.147826210146 -0.0812421219784
v 0.208679936427 -0.150215128916 -0.0812347374073
v 0.208575490871 -0.148249647122 -0.0804435532046
v 0.21059904795 -0.14979169194 -0.082033306181
v 0.210222132422 -0.149498990785 -0.0799663614024
v 0.2089524064 -0.148542348277 -0.0825104979833
f 967 969 971
f 967 971 970
f 967 970 972
f 967 972 969
f 968 971 969
f 968 970 971
f 968 972 970
f 968 969 972
v 0.210638829797 -0.14793490824 -0.0809640232481
v 0.208824163829 -0.150323827011 -0.080956638677
v 0.208742491021 -0.148375508073 -0.0801215441485
v 0.210720502605 -0.149883227178 -0.0817991177766
v 0.210401283644 -0.149634305793 -0.0797167783712
v 0.209061709982 -0.148624429458 -0.082203883554
f 973 975 977
f 973 977 976
f 973 976 978
f 973 978 975
f 974 977 975
f 974 976 977
f 974 978 976
f 974 975 978
v 0.210790688557 -0.148049423259 -0.0806923967572
v 0.208976022589 -0.15043834203 -0.0806850121861
v 0.20891832748 -0.148508104411 -0.0798070292643
v 0.210848383666 -0.149979660878 -0.081570379679
v 0.210587250192 -0.149774822536 -0.0794751826566
v 0.209179460953 -0.148712942753 -0.0819022262868
f 979 981 983
f 979 983 982
f 979 982 984
f 979 984 981
f 980 983 981
f 980 982 983
f 980 984 982
f 980 981 984
v 0.210949993658 -0.148169615684 -0.0804275734407
v 0.20913532769 -0.150558534454 -0.0804201888696
v 0.209102786018 -0.148647274587 -0.07950039174
v 0.21098253533 -0.150080875551 -0.0813473705704
v 0.210779805495 -0.149920369816 -0.0792418686057
v 0.209305515853 -0.148807780321 -0.0816058937046
f 985 987 989
f 985 989 988
f 985 988 990
f 985 990 987
f 986 989 987
f 986 988 989
f 986 990 988
f 986 987 990
v 0.211116551011 -0.148295339078 -0.080169875945
v 0.209301885043 -0.150684257848 -0.0801624913739
v 0.209295641901 -0.148792849043 -0.079202005166
v 0.211122794154 -0.150186747883 -0.0811303621529
v 0.210978714952 -0.150070770307 -0.0790171204759
v 0.209439721103 -0.148908826619 -0.081315246843
f 991 993 995
f 991 995 994
f 991 994 996
f 991 996 993
f 992 995 993
f 992 994 995
f 992 996 994
f 992 993 996
v 0.211290157693 -0.148426440266 -0.0799196182348
v 0.209475491724 -0.150815359037 -0.0799122336637
v 0.209496660163 -0.148944650419 -0.0789122330805
v 0.211268989254 -0.150297148884 -0.080919618818
v 0.211183736223 -0.150225840767 -0.0788012120881
v 0.209581913194 -0.149015958536 -0.0810306398104
f 997 999 1001
f 997 1001 1000
f 997 1000 1002
f 997 1002 999
f 998 1001 999
f 998 1000 1001
f 998 1002 1000
f 998 999 1002
v 0.211470602189 -0.148562759524 -0.0796771052105
v 0.209655936221 -0.150951678294 -0.0796697206395
v 0.209705595896 -0.14910249377 -0.0786314285261
v 0.211420942514 -0.150411944048 -0.0807153973239
v 0.211394619523 -0.150385392268 -0.0785944064934
v 0.209731918887 -0.149129045549 -0.0807524193566
f 1003 1005 1007
f 1003 1007 1006
f 1003 1006 1008
f 1003 1008 1005
f 1004 1007 1005
f 1004 1006 1007
f 1004 1008 1006
f 1004 1005 1008
v 0.211657664657 -0.148704130765 -0.079442632337
v 0.209842998688 -0.151093049535 -0.079435247766
v 0.209922194543 -0.149266186786 -0.0783599336199
v 0.211578468802 -0.150530993514 -0.0805179464831
v 0.211611107921 -0.150549230421 -0.0783969556526
v 0.209889555424 -0.149247949879 -0.0804809244504
f 1009 1011 1013
f 1009 1013 1012
f 1009 1012 1014
f 1009 1014 1011
f 1010 1013 1011
f 1010 1012 1013
f 1010 1014 1012
f 1010 1011 1014
v 0.211851117189 -0.148850381752 -0.0792164852833
v 0.21003645122 -0.151239300522 -0.0792091007123
v 0.210146192211 -0.149435530034 -0.0780980791367
v 0.211741376198 -0.15065415224 -0.0803275068589
v 0.21183293766 -0.150717155615 -0.078209100129
v 0.210054630748 -0.149372526659 -0.0802164858666
f 1015 1017 1019
f 1015 1019 1018
f 1015 1018 1020
f 1015 1020 1017
f 1016 1019 1017
f 1016 1018 1019
f 1016 1020 1018
f 1016 1017 1020
v 0.212050724093 -0.149001334299 -0.0789989395748
v 0.210236058124 -0.151390253069 -0.0789915550037
v 0.210377315995 -0.149610317194 -0.0778461841058
v 0.211909466222 -0.150781270174 -0.0801443104728
v 0.212059838475 -0.150888963257 -0.0780310687958
v 0.210226943742 -0.149502624111 -0.0799594257828
f 1021 1023 1025
f 1021 1025 1024
f 1021 1024 1026
f 1021 1026 1023
f 1022 1025 1023
f 1022 1024 1025
f 1022 1026 1024
f 1022 1023 1026
v 0.212256242179 -0.149156804495 -0.0787902602574
v 0.21044157621 -0.151545723265 -0.0787828756863
v 0.210615284305 -0.149790335316 -0.0776045554224
v 0.212082534084 -0.150912192445 -0.0799685805213
v 0.212291533922 -0.151064444028 -0.0778630785566
v 0.210406284467 -0.149638083733 -0.0797100573871
f 1027 1029 1031
f 1027 1031 1030
f 1027 1030 1032
f 1027 1032 1029
f 1028 1031 1029
f 1028 1030 1031
f 1028 1032 1030
f 1028 1029 1032
v 0.212467421055 -0.149316602923 -0.0785907015747
v 0.210652755086 -0.151705521693 -0.0785833170036
v 0.210859807214 -0.149975365074 -0.077373487474
v 0.212260368927 -0.151046759542 -0.0798005311042
v 0.212527741716 -0.15124338413 -0.0777053340818
v 0.210592434425 -0.149778740486 -0.0794686844965
f 1033 1035 1037
f 1033 1037 1036
f 1033 1036 1038
f 1033 1038 1035
f 1034 1037 1035
f 1034 1036 1037
f 1034 1038 1036
f 1034 1035 1038
v 0.212684003431 -0.149480534893 -0.0784005066582
v 0.210869337463 -0.151869453663 -0.0783931220871
v 0.211110586808 -0.15016518104 -0.0771532617812
v 0.212442754086 -0.151184807517 -0.079640366964
v 0.212768174074 -0.151425565554 -0.0775580275586
v 0.210785166821 -0.149924423003 -0.0792356011867
f 1039 1041 1043
f 1039 1043 1042
f 1039 1042 1044
f 1039 1044 1041
f 1040 1043 1041
f 1040 1042 1043
f 1040 1044 1042
f 1040 1041 1044
v 0.212905725437 -0.14964840068 -0.0782199072311
v 0.211091059468 -0.15203731945 -0.07821252266
v 0.211367317551 -0.150359551951 -0.0769441466551
v 0.212629467354 -0.151326168179 -0.079488283236
v 0.213012538066 -0.151610766338 -0.0774213384573
v 0.210984246839 -0.150074953792 -0.0790110914338
f 1045 1047 1049
f 1045 1049 1048
f 1045 1048 1050
f 1045 1050 1047
f 1046 1049 1047
f 1046 1048 1049
f 1046 1050 1048
f 1046 1047 1050
v 0.213132316937 -0.149819995764 -0.078049123326
v 0.211317650968 -0.152208914534 -0.0780417387549
v 0.211629686656 -0.150558240996 -0.0767463968703
v 0.212820281249 -0.151470669303 -0.0793444652107
v 0.213260535972 -0.151798760844 -0.0772954333126
v 0.211189431933 -0.150230149454 -0.0787954287683
f 1051 1053 1055
f 1051 1055 1054
f 1051 1054 1056
f 1051 1056 1053
f 1052 1055 1053
f 1052 1054 1055
f 1052 1056 1054
f 1052 1053 1056
v 0.213363501864 -0.149995111084 -0.0778883630168
v 0.211548835896 -0.152384029854 -0.0778809784458
v 0.211897374467 -0.150761006103 -0.0765602533544
v 0.213014963293 -0.151618134835 -0.0792090881082
v 0.213511865645 -0.151989320031 -0.0771804655206
v 0.211400472115 -0.150389820908 -0.0785888759421
f 1057 1059 1061
f 1057 1061 1060
f 1057 1060 1062
f 1057 1062 1059
f 1058 1061 1059
f 1058 1060 1061
f 1058 1062 1060
f 1058 1059 1062
v 0.213598998557 -0.150173533289 -0.0777378221652
v 0.211784332588 -0.152562452059 -0.0777304375942
v 0.212170054848 -0.150967600235 -0.0763859428947
v 0.213213276297 -0.151768385113 -0.0790823168647
v 0.213766220879 -0.15218221173 -0.0770765751516
v 0.211617110265 -0.150553773617 -0.0783916846078
f 1063 1065 1067
f 1063 1067 1066
f 1063 1066 1068
f 1063 1068 1065
f 1064 1067 1065
f 1064 1066 1067
f 1064 1068 1066
f 1064 1065 1068
v 0.213838520097 -0.150355044998 -0.077597684182
v 0.212023854128 -0.152743963768 -0.0775902996109
v 0.212447395578 -0.151177771687 -0.0762236778615
v 0.213414978646 -0.151921237078 -0.0789643059315
v 0.214023291781 -0.152377200934 -0.0769838887802
v 0.211839082444 -0.150721807832 -0.0782040950128
f 1069 1071 1073
f 1069 1073 1072
f 1069 1072 1074
f 1069 1074 1071
f 1070 1073 1071
f 1070 1072 1073
f 1070 1074 1072
f 1070 1071 1074
v 0.214081774665 -0.150539425067 -0.0774681198038
v 0.212267108696 -0.152928343837 -0.0774607352327
v 0.212729058762 -0.151391264399 -0.0760736559498
v 0.213619824599 -0.152076504505 -0.0788551990867
v 0.214282765149 -0.152574050077 -0.0769025193304
v 0.212066118211 -0.150893718828 -0.078026335706
f 1075 1077 1079
f 1075 1079 1078
f 1075 1078 1080
f 1075 1080 1077
f 1076 1079 1077
f 1076 1078 1079
f 1076 1080 1078
f 1076 1077 1080
v 0.214328465893 -0.150726448859 -0.0773492868847
v 0.212513799924 -0.153115367629 -0.0773419023136
v 0.213014701237 -0.151607818263 -0.0759360599383
v 0.21382756458 -0.152233998224 -0.0787551292601
v 0.214544324856 -0.152772519329 -0.0768325659384
v 0.21229794096 -0.151069297158 -0.0778586232599
f 1081 1083 1085
f 1081 1085 1084
f 1081 1084 1086
f 1081 1086 1083
f 1082 1085 1083
f 1082 1084 1085
f 1082 1086 1084
f 1082 1083 1086
v 0.214578293225 -0.150915888512 -0.0772413302044
v 0.212763627256 -0.153304807282 -0.0772339456333
v 0.21330397499 -0.151827169441 -0.0758110574664
v 0.214037945491 -0.152393526354 -0.0786642183714
v 0.214807652231 -0.152972366887 -0.0767741138316
v 0.21253426825 -0.151248328907 -0.0777011620062
f 1087 1089 1091
f 1087 1091 1090
f 1087 1090 1092
f 1087 1092 1089
f 1088 1091 1089
f 1088 1090 1091
f 1088 1092 1090
f 1088 1089 1092
v 0.214830952285 -0.151107513225 -0.0771443812915
v 0.213016286317 -0.153496431995 -0.0771369967205
v 0.213596527586 -0.152049050687 -0.0756988008304
v 0.214250711016 -0.152554894533 -0.0785825771816
v 0.21507242645 -0.153173349267 -0.0767272342249
v 0.212774812152 -0.151430595953 -0.0775541437871
f 1093 1095 1097
f 1093 1097 1096
f 1093 1096 1098
f 1093 1098 1095
f 1094 1097 1095
f 1094 1096 1097
f 1094 1098 1096
f 1094 1095 1098
v 0.215086135248 -0.151301089531 -0.0770585582633
v 0.213271469279 -0.153690008301 -0.0770511736922
v 0.213892002596 -0.152273191673 -0.0755994267977
v 0.214465601932 -0.152717906159 -0.0785103051579
v 0.215338324927 -0.153375221602 -0.0766919842338
v 0.213019279601 -0.151615876231 -0.0774177477218
f 1099 1101 1103
f 1099 1103 1102
f 1099 1102 1104
f 1099 1104 1101
f 1100 1103 1101
f 1100 1102 1103
f 1100 1104 1102
f 1100 1101 1104
v 0.215343531212 -0.151496381588 -0.076983965682
v 0.213528865243 -0.153885300359 -0.0769765811109
v 0.214190040027 -0.152499319319 -0.0755130564404
v 0.214682356428 -0.152882362629 -0.0784474903525
v 0.215605023705 -0.153577737942 -0.076668406805
v 0.21326737275 -0.151803944005 -0.0772921399878
f 1105 1107 1109
f 1105 1109 1108
f 1105 1108 1110
f 1105 1110 1107
f 1106 1109 1107
f 1106 1108 1109
f 1106 1110 1108
f 1106 1107 1110
v 0.215602826579 -0.151693151464 -0.076920694427
v 0.213788160611 -0.154082070234 -0.0769133098559
v 0.214490276769 -0.152727158121 -0.0754397949872
v 0.214900710421 -0.153048063576 -0.0783942092957
v 0.215872197853 -0.153780651553 -0.0766565306641
v 0.213518789337 -0.151994570144 -0.0771774736188
f 1111 1113 1115
f 1111 1115 1114
f 1111 1114 1116
f 1111 1116 1113
f 1112 1115 1113
f 1112 1114 1115
f 1112 1116 1114
f 1112 1113 1116
v 0.215863705439 -0.151891159423 -0.0768688215847
v 0.21404903947 -0.154280078193 -0.0768614370136
v 0.214792347027 -0.152956430495 -0.0753797316962
v 0.215120397882 -0.15321480712 -0.0783505269022
v 0.21613952186 -0.153983715215 -0.0766563702802
v 0.21377322305 -0.1521875224 -0.0770738883182
f 1117 1119 1121
f 1117 1121 1120
f 1117 1120 1122
f 1117 1122 1119
f 1118 1121 1119
f 1118 1120 1121
f 1118 1122 1120
f 1118 1119 1122
v 0.21612584995 -0.152090164223 -0.0768284103542
v 0.214311183982 -0.154479082994 -0.0768210257831
v 0.215095882777 -0.153186857106 -0.075332939745
v 0.215341151155 -0.153382390111 -0.0783164963923
v 0.216406670033 -0.154186681527 -0.0766679258488
v 0.214030363899 -0.15238256569 -0.0769815102886
f 1123 1125 1127
f 1123 1127 1126
f 1123 1126 1128
f 1123 1128 1125
f 1124 1127 1125
f 1124 1126 1127
f 1124 1128 1126
f 1124 1125 1128
v 0.21638894073 -0.152289923409 -0.0767995099703
v 0.214574274762 -0.154678842179 -0.0767921253992
v 0.215400514207 -0.153418157216 -0.0752994761426
v 0.215562701285 -0.153550608372 -0.0782921592269
v 0.216673316894 -0.154389303205 -0.0766911832911
v 0.214289898598 -0.152579462383 -0.0769004520784
f 1129 1131 1133
f 1129 1133 1132
f 1129 1132 1134
f 1129 1134 1131
f 1130 1133 1131
f 1130 1132 1133
f 1130 1134 1132
f 1130 1131 1134
v 0.216652657244 -0.152490193604 -0.0767821556437
v 0.214837991275 -0.154879112374 -0.0767747710726
v 0.21570587017 -0.153650049021 -0.0752793816591
v 0.215784778349 -0.153719256957 -0.0782775450571
v 0.216939137574 -0.154591333386 -0.0767261142717
v 0.214551510945 -0.152777972592 -0.0768308124446
f 1135 1137 1139
f 1135 1139 1138
f 1135 1138 1140
f 1135 1140 1137
f 1136 1139 1137
f 1136 1138 1139
f 1136 1140 1138
f 1136 1137 1140
v 0.216916678192 -0.15269073081 -0.0767763685179
v 0.215102012224 -0.15507964958 -0.0767689839468
v 0.216011578636 -0.153882249996 -0.0752726807767
v 0.21600711178 -0.153888130394 -0.078272671688
v 0.217203808212 -0.154792525928 -0.0767726762323
v 0.214814882204 -0.152977854462 -0.0767726762323
f 1141 1143 1145
f 1141 1145 1144
f 1141 1144 1146
f 1141 1146 1143
f 1142 1145 1143
f 1142 1144 1145
f 1142 1146 1144
f 1142 1143 1146
v 0.217180681907 -0.152891290703 -0.0767821556437
v 0.215366015939 -0.155280209473 -0.0767747710726
v 0.216317267149 -0.15411447724 -0.0752793816591
v 0.216229430698 -0.154057022935 -0.0782775450571
v 0.217467006347 -0.154992635708 -0.0768308124446
v 0.215079691499 -0.153178864468 -0.0767261142717
f 1147 1149 1151
f 1147 1151 1150
f 1147 1150 1152
f 1147 1152 1149
f 1148 1151 1149
f 1148 1150 1151
f 1148 1152 1150
f 1148 1149 1152
v 0.217444346741 -0.153091628932 -0.0767995099703
v 0.215629680773 -0.155480547702 -0.0767921253992
v 0.216622563272 -0.154346447821 -0.0752994761426
v 0.216451464242 -0.154225728812 -0.0782921592269
v 0.217728411313 -0.155191418923 -0.0769004520784
v 0.215345616201 -0.15338075771 -0.0766911832911
f 1153 1155 1157
f 1153 1157 1156
f 1153 1156 1158
f 1153 1158 1155
f 1154 1157 1155
f 1154 1156 1157
f 1154 1158 1156
f 1154 1155 1158
v 0.217707351458 -0.153291501415 -0.0768284103542
v 0.21589268549 -0.155680420185 -0.0768210257831
v 0.21692709505 -0.154577879117 -0.075332939745
v 0.216672941898 -0.154394042482 -0.0783164963923
v 0.217987704628 -0.155388633387 -0.0769815102886
v 0.21561233232 -0.153583288212 -0.0766679258488
f 1159 1161 1163
f 1159 1163 1162
f 1159 1162 1164
f 1159 1164 1161
f 1160 1163 1161
f 1160 1162 1163
f 1160 1164 1162
f 1160 1161 1164
v 0.217969375628 -0.153490664639 -0.0768688215847
v 0.21615470966 -0.155879583409 -0.0768614370136
v 0.217230491457 -0.154808489166 -0.0753797316962
v 0.216893593831 -0.154561758881 -0.0783505269022
v 0.218244570383 -0.155584038825 -0.0770738883182
v 0.215879514905 -0.153786209223 -0.0766563702802
f 1165 1167 1169
f 1165 1169 1168
f 1165 1168 1170
f 1165 1170 1167
f 1166 1169 1167
f 1166 1168 1169
f 1166 1170 1168
f 1166 1167 1170
v 0.218230100015 -0.153688875954 -0.076920694427
v 0.216415434047 -0.156077794724 -0.0769133098559
v 0.217532382853 -0.155037997005 -0.0754397949872
v 0.21711315121 -0.154728673673 -0.0783942092957
v 0.218498695627 -0.155777397164 -0.0771774736188
v 0.216146838435 -0.153989273514 -0.0766565306641
f 1171 1173 1175
f 1171 1175 1174
f 1171 1174 1176
f 1171 1176 1173
f 1172 1175 1173
f 1172 1174 1175
f 1172 1176 1174
f 1172 1173 1176
v 0.218489206966 -0.15388589387 -0.076983965682
v 0.216674540998 -0.15627481264 -0.0769765811109
v 0.217832401428 -0.155266123013 -0.0755130564404
v 0.217331346537 -0.154894583497 -0.0784474903525
v 0.218749770748 -0.155968472827 -0.0772921399878
v 0.216413977217 -0.154192233683 -0.076668406805
f 1177 1179 1181
f 1177 1181 1180
f 1177 1180 1182
f 1177 1182 1179
f 1178 1181 1179
f 1178 1180 1181
f 1178 1182 1180
f 1178 1179 1182
v 0.2187463808 -0.154081478351 -0.0770585582633
v 0.216931714831 -0.156470397121 -0.0770511736922
v 0.218130181656 -0.155492589254 -0.0755994267977
v 0.217547913976 -0.155059286218 -0.0785103051579
v 0.218997489848 -0.156157033018 -0.0774177477218
v 0.216680605783 -0.154394842453 -0.0766919842338
f 1183 1185 1187
f 1183 1187 1186
f 1183 1186 1188
f 1183 1188 1185
f 1184 1187 1185
f 1184 1186 1187
f 1184 1188 1186
f 1184 1185 1188
v 0.219001308189 -0.154275391107 -0.0771443812915
v 0.217186642221 -0.156664309877 -0.0771369967205
v 0.218425360738 -0.155717119814 -0.0756988008304
v 0.217762589672 -0.155222581171 -0.0785825771816
v 0.219241551121 -0.156342848007 -0.0775541437871
v 0.216946399288 -0.154596852978 -0.0767272342249
f 1189 1191 1193
f 1189 1193 1192
f 1189 1192 1194
f 1189 1194 1191
f 1190 1193 1191
f 1190 1192 1193
f 1190 1194 1192
f 1190 1191 1194
v 0.219253678544 -0.154467395886 -0.0772413302044
v 0.217439012576 -0.156856314657 -0.0772339456333
v 0.218717579044 -0.155939441137 -0.0758110574664
v 0.217975112076 -0.155384269406 -0.0786642183714
v 0.219481657216 -0.156525691404 -0.0777011620062
v 0.217211033904 -0.154798019139 -0.0767741138316
f 1195 1197 1199
f 1195 1199 1198
f 1195 1198 1200
f 1195 1200 1197
f 1196 1199 1197
f 1196 1198 1199
f 1196 1200 1198
f 1196 1197 1200
v 0.219503184391 -0.15465725876 -0.0773492868847
v 0.217688518422 -0.15704617753 -0.0773419023136
v 0.21900648055 -0.156159282359 -0.0759360599383
v 0.218185222263 -0.155544153931 -0.0787551292601
v 0.219717515599 -0.156705340445 -0.0778586232599
v 0.217474187214 -0.154998095845 -0.0768325659384
f 1201 1203 1205
f 1201 1205 1204
f 1201 1204 1206
f 1201 1206 1203
f 1202 1205 1203
f 1202 1204 1205
f 1202 1206 1204
f 1202 1203 1206
v 0.219749521744 -0.154844748409 -0.0774681198038
v 0.217934855776 -0.15723366718 -0.0774607352327
v 0.219291713276 -0.156376375637 -0.0760736559498
v 0.218392664245 -0.155702039951 -0.0788551990867
v 0.219948838915 -0.156881576255 -0.078026335706
v 0.217735538605 -0.155196839334 -0.0769025193304
f 1207 1209 1211
f 1207 1211 1210
f 1207 1210 1212
f 1207 1212 1209
f 1208 1211 1209
f 1208 1210 1211
f 1208 1212 1210
f 1208 1209 1212
v 0.219992390481 -0.155029636407 -0.077597684182
v 0.218177724512 -0.157418555177 -0.0775902996109
v 0.219572929707 -0.156590456477 -0.0762236778615
v 0.218597185286 -0.155857735107 -0.0789643059315
v 0.220175345331 -0.157054184116 -0.0782040950128
v 0.217994769662 -0.155394007468 -0.0769838887802
f 1213 1215 1217
f 1213 1217 1216
f 1213 1216 1218
f 1213 1218 1215
f 1214 1217 1215
f 1214 1216 1217
f 1214 1218 1216
f 1214 1215 1218
v 0.220231494702 -0.155211697496 -0.0777378221652
v 0.218416828734 -0.157600616266 -0.0777304375942
v 0.219849787227 -0.156801264054 -0.0763859428947
v 0.218798536209 -0.156011049709 -0.0790823168647
v 0.220396758884 -0.157222953734 -0.0783916846078
v 0.218251564552 -0.155589360028 -0.0770765751516
f 1219 1221 1223
f 1219 1223 1222
f 1219 1222 1224
f 1219 1224 1221
f 1220 1223 1221
f 1220 1222 1223
f 1220 1224 1222
f 1220 1221 1224
v 0.220466543097 -0.155390709862 -0.0778883630168
v 0.218651877128 -0.157779628632 -0.0778809784458
v 0.220121948526 -0.15700854153 -0.0765602533544
v 0.218996471699 -0.156161796964 -0.0792090881082
v 0.220612809815 -0.157387679489 -0.0785888759421
v 0.21850561041 -0.155782659006 -0.0771804655206
f 1225 1227 1229
f 1225 1229 1228
f 1225 1228 1230
f 1225 1230 1227
f 1226 1229 1227
f 1226 1228 1229
f 1226 1230 1228
f 1226 1227 1230
v 0.220697249294 -0.155566455407 -0.078049123326
v 0.218882583326 -0.157955374177 -0.0780417387549
v 0.220389082017 -0.157212036372 -0.0767463968703
v 0.219190750602 -0.156309793213 -0.0793444652107
v 0.220823234901 -0.157548160686 -0.0787954287683
v 0.218756597719 -0.155973668898 -0.0772954333126
f 1231 1233 1235
f 1231 1235 1234
f 1231 1234 1236
f 1231 1236 1233
f 1232 1235 1233
f 1232 1234 1235
f 1232 1236 1234
f 1232 1233 1236
v 0.220923332214 -0.155738720012 -0.0782199072311
v 0.219108666246 -0.158127638782 -0.07821252266
v 0.220650862241 -0.157411500651 -0.0769441466551
v 0.219381136219 -0.156454858143 -0.079488283236
v 0.22102777777 -0.157704201806 -0.0790110914338
v 0.219004220691 -0.156162156988 -0.0774213384573
f 1237 1239 1241
f 1237 1241 1240
f 1237 1240 1242
f 1237 1242 1239
f 1238 1241 1239
f 1238 1240 1241
f 1238 1242 1240
f 1238 1239 1242
v 0.22114451641 -0.155907293798 -0.0784005066582
v 0.219329850442 -0.158296212568 -0.0783931220871
v 0.220906970257 -0.157606691351 -0.0771532617812
v 0.219567396595 -0.156596815016 -0.079640366964
v 0.221226189218 -0.157855612735 -0.0792356011867
v 0.219248177634 -0.156347893631 -0.0775580275586
f 1243 1245 1247
f 1243 1247 1246
f 1243 1246 1248
f 1243 1248 1245
f 1244 1247 1245
f 1244 1246 1247
f 1244 1248 1246
f 1244 1245 1248
v 0.221360532403 -0.156071971385 -0.0785907015747
v 0.219545866435 -0.158460890155 -0.0785833170036
v 0.221157094038 -0.157797370662 -0.077373487474
v 0.219749304799 -0.156735490878 -0.0798005311042
v 0.221418227512 -0.158002209004 -0.0794686844965
v 0.219488171326 -0.156530652537 -0.0777053340818
f 1249 1251 1253
f 1249 1253 1252
f 1249 1252 1254
f 1249 1254 1251
f 1250 1253 1251
f 1250 1252 1253
f 1250 1254 1252
f 1250 1251 1254
v 0.22157111701 -0.156232552138 -0.0787902602574
v 0.219756451042 -0.158621470909 -0.0787828756863
v 0.221400928847 -0.157983306271 -0.0776045554224
v 0.219926639205 -0.156870716776 -0.0799685805213
v 0.221603658682 -0.158143812006 -0.0797100573871
v 0.21972390937 -0.156710211042 -0.0778630785566
f 1255 1257 1259
f 1255 1259 1258
f 1255 1258 1260
f 1255 1260 1257
f 1256 1259 1257
f 1256 1258 1259
f 1256 1260 1258
f 1256 1257 1260
v 0.221776013668 -0.156388840415 -0.0789989395748
v 0.219961347699 -0.158777759185 -0.0789915550037
v 0.221638177608 -0.158164271644 -0.0778461841058
v 0.220099183759 -0.157002327956 -0.0801443104728
v 0.22178225681 -0.15828024922 -0.0799594257828
v 0.219955104557 -0.15688635038 -0.0780310687958
f 1261 1263 1265
f 1261 1265 1264
f 1261 1264 1266
f 1261 1266 1263
f 1262 1265 1263
f 1262 1264 1265
f 1262 1266 1264
f 1262 1263 1266
v 0.221974972739 -0.156540645802 -0.0792164852833
v 0.220160306771 -0.158929564572 -0.0792091007123
v 0.22186855127 -0.158340046303 -0.0780980791367
v 0.22026672824 -0.157130164072 -0.0803275068589
v 0.2219538043 -0.158411354419 -0.0802164858666
v 0.22018147521 -0.157058855955 -0.078209100129
f 1267 1269 1271
f 1267 1271 1270
f 1267 1270 1272
f 1267 1272 1269
f 1268 1271 1269
f 1268 1270 1271
f 1268 1272 1270
f 1268 1269 1272
v 0.222167751825 -0.156687783348 -0.079442632337
v 0.220353085856 -0.159076702118 -0.079435247766
v 0.222091769158 -0.158510416093 -0.0783599336199
v 0.220429068523 -0.157254069373 -0.0805179464831
v 0.222118092149 -0.158536967872 -0.0804809244504
v 0.220402745532 -0.157227517594 -0.0783969556526
f 1273 1275 1277
f 1273 1277 1276
f 1273 1276 1278
f 1273 1278 1275
f 1274 1277 1275
f 1274 1276 1277
f 1274 1278 1276
f 1274 1275 1278
v 0.222354116052 -0.156830073788 -0.0796771052105
v 0.220539450084 -0.159218992558 -0.0796697206395
v 0.222307559316 -0.158675173444 -0.0786314285261
v 0.22058600682 -0.157373892902 -0.0807153973239
v 0.222274920198 -0.158656936537 -0.0807524193566
v 0.220618645938 -0.157392129809 -0.0785944064934
f 1279 1281 1283
f 1279 1283 1282
f 1279 1282 1284
f 1279 1284 1281
f 1280 1283 1281
f 1280 1282 1283
f 1280 1284 1282
f 1280 1281 1284
v 0.222533838366 -0.156967343763 -0.0799196182348
v 0.220719172397 -0.159356262534 -0.0799122336637
v 0.222515658837 -0.158834117626 -0.0789122330805
v 0.220737351926 -0.157489488671 -0.080919618818
v 0.222424097375 -0.158771114251 -0.0810306398104
v 0.220828913388 -0.157552492046 -0.0788012120881
f 1285 1287 1289
f 1285 1289 1288
f 1285 1288 1290
f 1285 1290 1287
f 1286 1289 1287
f 1286 1288 1289
f 1286 1290 1288
f 1286 1287 1290
v 0.222706699801 -0.157099426032 -0.080169875945
v 0.220892033833 -0.159488344802 -0.0801624913739
v 0.222715814184 -0.15898705499 -0.079202005166
v 0.22088291945 -0.157600715844 -0.0811303621529
v 0.222565441931 -0.158879361907 -0.081315246843
v 0.221033291703 -0.157708408927 -0.0790171204759
f 1291 1293 1295
f 1291 1295 1294
f 1291 1294 1296
f 1291 1296 1293
f 1292 1295 1293
f 1292 1294 1295
f 1292 1296 1294
f 1292 1293 1296
v 0.222872489754 -0.157226159671 -0.0804275734407
v 0.221057823785 -0.159615078442 -0.0804201888696
v 0.222907781497 -0.159133799204 -0.07950039174
v 0.221022532042 -0.157707438909 -0.0813473705704
v 0.222698781659 -0.158981547621 -0.0816058937046
v 0.22123153188 -0.157859690492 -0.0792418686057
f 1297 1299 1301
f 1297 1301 1300
f 1297 1300 1302
f 1297 1302 1299
f 1298 1301 1299
f 1298 1300 1301
f 1298 1302 1300
f 1298 1299 1302
v 0.223031006234 -0.157347390277 -0.0806923967572
v 0.221216340265 -0.159736309047 -0.0806850121861
v 0.223091326895 -0.159274171484 -0.0798070292643
v 0.221156019604 -0.15780952784 -0.081570379679
v 0.222823954106 -0.159077546895 -0.0819022262868
v 0.221423392393 -0.158006152428 -0.0794751826566
f 1303 1305 1307
f 1303 1307 1306
f 1303 1306 1308
f 1303 1308 1305
f 1304 1307 1305
f 1304 1306 1307
f 1304 1308 1306
f 1304 1305 1308
v 0.223182056114 -0.157462970147 -0.0809640232481
v 0.221367390145 -0.159851888917 -0.080956638677
v 0.223266226756 -0.159408000807 -0.0801215441485
v 0.221283219503 -0.157906858257 -0.0817991177766
v 0.222940806768 -0.15916724277 -0.082203883554
v 0.22160863949 -0.158147616293 -0.0797167783712
f 1309 1311 1313
f 1309 1313 1312
f 1309 1312 1314
f 1309 1314 1311
f 1310 1313 1311
f 1310 1312 1313
f 1310 1314 1312
f 1310 1311 1314
v 0.223325455362 -0.157572758465 -0.0812421219784
v 0.221510789393 -0.159961677236 -0.0812347374073
v 0.22343226799 -0.159535124123 -0.0804435532046
v 0.221403976764 -0.157999311578 -0.082033306181
v 0.223049197279 -0.159250525965 -0.0825104979833
v 0.221787047476 -0.158283909736 -0.0799663614024
f 1315 1317 1319
f 1315 1319 1318
f 1315 1318 1320
f 1315 1320 1317
f 1316 1319 1317
f 1316 1318 1319
f 1316 1320 1318
f 1316 1317 1320
v 0.223461029268 -0.157676621473 -0.0815263541275
v 0.2216463633 -0.160065540243 -0.0815189695564
v 0.223589248304 -0.159655386553 -0.0807726641141
v 0.221518144265 -0.158086775163 -0.0822726595698
v 0.22314899358 -0.159327295011 -0.0828216960121
v 0.221958398988 -0.158414866704 -0.0802236276718
f 1321 1323 1325
f 1321 1325 1324
f 1321 1324 1326
f 1321 1326 1323
f 1322 1325 1323
f 1322 1324 1325
f 1322 1326 1324
f 1322 1323 1326
v 0.223588612658 -0.157774432627 -0.0818163734024
v 0.221773946689 -0.160163351397 -0.0818089888313
v 0.223736976439 -0.159768641574 -0.0811084759061
v 0.221625582909 -0.158169142451 -0.0825168863276
v 0.223240074087 -0.159397456378 -0.0831370984937
v 0.222122485261 -0.158540327646 -0.08048826374
f 1327 1329 1331
f 1327 1331 1330
f 1327 1330 1332
f 1327 1332 1329
f 1328 1331 1329
f 1328 1330 1331
f 1328 1332 1330
f 1328 1329 1332
v 0.22370805009 -0.157866072761 -0.0821118264593
v 0.221893384121 -0.160254991531 -0.0821044418882
v 0.223875272412 -0.159874751203 -0.0814505794456
v 0.221726161798 -0.15824631309 -0.0827656889018
v 0.22332232783 -0.159460924586 -0.0834563211588
v 0.222279106381 -0.158660139707 -0.0807599471887
f 1333 1335 1337
f 1333 1337 1336
f 1333 1336 1338
f 1333 1338 1335
f 1334 1337 1335
f 1334 1336 1337
f 1334 1338 1336
f 1334 1335 1338
v 0.223819196047 -0.157951430226 -0.0824123533341
v 0.222004530078 -0.160340348996 -0.082404968763
v 0.224003967731 -0.159973586162 -0.0817985579323
v 0.221819758394 -0.15831819306 -0.0830187641648
v 0.223395654597 -0.159517622306 -0.0837789750835
v 0.222428071529 -0.158774156915 -0.0810383470135
f 1339 1341 1343
f 1339 1343 1342
f 1339 1342 1344
f 1339 1344 1341
f 1340 1343 1341
f 1340 1342 1343
f 1340 1344 1342
f 1340 1341 1344
v 0.223921915116 -0.158030401025 -0.0827175878811
v 0.222107249148 -0.160419319795 -0.08271020331
v 0.224122905601 -0.160065026035 -0.0821519874078
v 0.221906258663 -0.158384694786 -0.0832758037834
v 0.22345996505 -0.159567480463 -0.084104667164
v 0.222569199214 -0.158882240357 -0.0813231240272
f 1345 1347 1349
f 1345 1349 1348
f 1345 1348 1350
f 1345 1350 1347
f 1346 1349 1347
f 1346 1348 1349
f 1346 1350 1348
f 1346 1347 1350
v 0.22401608215 -0.158102888946 -0.0830271582191
v 0.222201416181 -0.160491807716 -0.083019773648
v 0.224231941113 -0.160148959417 -0.0825104372728
v 0.221985557217 -0.158445737246 -0.0835364945943
v 0.223515180837 -0.159610438312 -0.0844330005945
v 0.222702317494 -0.15898425835 -0.0816139312727
f 1351 1353 1355
f 1351 1355 1354
f 1351 1354 1356
f 1351 1356 1353
f 1352 1355 1353
f 1352 1354 1355
f 1352 1356 1354
f 1352 1353 1356
v 0.224101582419 -0.158168805673 -0.0833406871843
v 0.222286916451 -0.160557724444 -0.0833333026132
v 0.224330941426 -0.160225284048 -0.0828734708115
v 0.222057557445 -0.158501246068 -0.083800518986
v 0.223561234686 -0.159646443515 -0.0847635753513
v 0.222827264184 -0.159080086602 -0.0819104144462
f 1357 1359 1361
f 1357 1361 1360
f 1357 1360 1362
f 1357 1362 1359
f 1358 1361 1359
f 1358 1360 1361
f 1358 1362 1360
f 1358 1359 1362
v 0.224178311757 -0.158228070897 -0.0836577927899
v 0.222363645788 -0.160616989667 -0.0836504082188
v 0.224419785921 -0.160293906939 -0.0832406457232
v 0.222122171623 -0.158551153625 -0.0840675552855
v 0.223598070487 -0.159675452205 -0.08509598868
v 0.222943887057 -0.159169608359 -0.0822122123287
f 1363 1365 1367
f 1363 1367 1366
f 1363 1366 1368
f 1363 1368 1365
f 1364 1367 1365
f 1364 1366 1367
f 1364 1368 1366
f 1364 1365 1368
v 0.224246176678 -0.158280612412 -0.0839780886916
v 0.22243151071 -0.160669531183 -0.0839707041205
v 0.224498366357 -0.160354744483 -0.083611514662
v 0.222179321031 -0.158595399112 -0.0843372781501
v 0.223625643362 -0.15969742904 -0.0854298355861
v 0.223052044026 -0.159252714554 -0.082518957226
f 1369 1371 1373
f 1369 1373 1372
f 1369 1372 1374
f 1369 1374 1371
f 1370 1373 1371
f 1370 1372 1373
f 1370 1374 1372
f 1370 1371 1374
v 0.224305094501 -0.158326366205 -0.0843011846582
v 0.222490428533 -0.160715284975 -0.0842938000871
v 0.224566586994 -0.160407722559 -0.0839856257812
v 0.22222893604 -0.158633928621 -0.0846093589641
v 0.223643919717 -0.159712347245 -0.0857647093287
v 0.223151603317 -0.159329303935 -0.0828302754166
f 1375 1377 1379
f 1375 1379 1378
f 1375 1378 1380
f 1375 1380 1377
f 1376 1379 1377
f 1376 1378 1379
f 1376 1380 1378
f 1376 1377 1380
v 0.224354993444 -0.158365276531 -0.084626687047
v 0.222540327475 -0.160754195301 -0.0846193024759
v 0.224624364717 -0.16045277662 -0.0843625232841
v 0.222270956202 -0.158666695212 -0.0848834662388
v 0.223652877286 -0.159720188643 -0.0861002019157
v 0.223242443633 -0.159399283189 -0.0831457876072
f 1381 1383 1385
f 1381 1385 1384
f 1381 1384 1386
f 1381 1386 1383
f 1382 1385 1383
f 1382 1384 1385
f 1382 1386 1384
f 1382 1383 1386
v 0.224395812711 -0.158397295984 -0.0849541992835
v 0.222581146743 -0.160786214755 -0.0849468147124
v 0.224671629132 -0.160489851777 -0.084741747979
v 0.222305330322 -0.158693658962 -0.0851592660169
v 0.223652505155 -0.159720943682 -0.086435904601
v 0.2233244543 -0.159462567057 -0.0834651093949
f 1387 1389 1391
f 1387 1391 1390
f 1387 1390 1392
f 1387 1392 1389
f 1388 1391 1389
f 1388 1390 1391
f 1388 1392 1390
f 1388 1389 1392
v 0.224427502572 -0.158422385554 -0.0852833223445
v 0.222612836604 -0.160811304324 -0.0852759377734
v 0.224708322655 -0.160518902858 -0.085122837839
v 0.222332016521 -0.158714787021 -0.0854364222788
v 0.223642803777 -0.159714611441 -0.0867714083825
v 0.223397535399 -0.159519078437 -0.0837878517353
f 1393 1395 1397
f 1393 1397 1396
f 1393 1396 1398
f 1393 1398 1395
f 1394 1397 1395
f 1394 1396 1397
f 1394 1398 1396
f 1394 1395 1398
v 0.224450024417 -0.158440514673 -0.0856136552442
v 0.222635358448 -0.160829433443 -0.0856062706731
v 0.22473440058 -0.160539894469 -0.085505328565
v 0.222350982284 -0.158730053647 -0.0857145973523
v 0.223623784972 -0.159701199636 -0.0871063045008
v 0.223461597893 -0.15956874848 -0.0841136214165
f 1399 1401 1403
f 1399 1403 1402
f 1399 1402 1404
f 1399 1404 1401
f 1400 1403 1401
f 1400 1402 1403
f 1400 1404 1402
f 1400 1401 1404
v 0.224463350806 -0.158451661252 -0.0859447955229
v 0.222648684837 -0.160840580023 -0.0859374109518
v 0.224749831136 -0.160552801035 -0.0858887541509
v 0.222362204507 -0.15873944024 -0.0859934523238
v 0.223595471911 -0.159680724606 -0.0874401849363
v 0.223516563732 -0.159611516669 -0.0844420215384
f 1405 1407 1409
f 1405 1409 1408
f 1405 1408 1410
f 1405 1410 1407
f 1406 1409 1407
f 1406 1408 1409
f 1406 1410 1408
f 1406 1407 1410
v 0.22466654267 -0.158607034335 -0.0862763397371
v 0.222851876702 -0.160995953105 -0.086268955166
v 0.22495367269 -0.160708829453 -0.0862726474516
v 0.222564746682 -0.158894157987 -0.0862726474516
v 0.223756976258 -0.159804433919 -0.0877726429072
v 0.223761443115 -0.159798553521 -0.0847726519959
f 1411 1413 1415
f 1411 1415 1414
f 1411 1414 1416
f 1411 1416 1413
f 1412 1415 1413
f 1412 1414 1415
f 1412 1416 1414
f 1412 1413 1416
v 0.2246613064 -0.158604108601 -0.0866166087991
v 0.222846640431 -0.160993027371 -0.086609224228
v 0.224947630839 -0.160705453606 -0.0866652656
v 0.222560315992 -0.158891682366 -0.0865605674271
v 0.22371005519 -0.159769840834 -0.0881119982125
v 0.223797891641 -0.159827295139 -0.0851138348146
f 1417 1419 1421
f 1417 1421 1420
f 1417 1420 1422
f 1417 1422 1419
f 1418 1421 1419
f 1418 1420 1421
f 1418 1422 1420
f 1418 1419 1422
v 0.224646617259 -0.158594001014 -0.0869564632956
v 0.22283195129 -0.160982919784 -0.0869490787245
v 0.22493068183 -0.160693791006 -0.0870574054037
v 0.222547886719 -0.158883129792 -0.0868481366165
v 0.22365373476 -0.159728100895 -0.0884491125522
v 0.22382483379 -0.159848819904 -0.085456429468
f 1423 1425 1427
f 1423 1427 1426
f 1423 1426 1428
f 1423 1428 1425
f 1424 1427 1425
f 1424 1426 1427
f 1424 1428 1426
f 1424 1425 1428
v 0.224622493144 -0.158576723889 -0.0872954891664
v 0.222807827176 -0.160965642659 -0.0872881045953
v 0.224902846314 -0.160673855861 -0.0874485891007
v 0.222527474007 -0.158868510686 -0.087135004661
v 0.223588083584 -0.159679264956 -0.0887835752045
v 0.223842236736 -0.159863101592 -0.0858000185572
f 1429 1431 1433
f 1429 1433 1432
f 1429 1432 1434
f 1429 1434 1431
f 1430 1433 1431
f 1430 1432 1433
f 1430 1434 1432
f 1430 1431 1434
v 0.224588963448 -0.158552298275 -0.0876332733605
v 0.222774297479 -0.160941217045 -0.0876258887895
v 0.224864158202 -0.160645672461 -0.087838340094
v 0.222499102725 -0.158847842859 -0.087420822056
v 0.223513181651 -0.159623392518 -0.089114978678
v 0.223850079277 -0.159870122802 -0.086144183472
f 1435 1437 1439
f 1435 1439 1438
f 1435 1438 1440
f 1435 1440 1437
f 1436 1439 1437
f 1436 1438 1439
f 1436 1440 1438
f 1436 1437 1440
v 0.22454606902 -0.158520753931 -0.0879694043401
v 0.222731403052 -0.160909672701 -0.087962019769
v 0.224814664632 -0.160609275141 -0.088226183532
v 0.22246280744 -0.158821151491 -0.0877052405772
v 0.223429120214 -0.15956055165 -0.0894429192088
v 0.223848351857 -0.159869874982 -0.0864885049003
f 1441 1443 1445
f 1441 1445 1444
f 1441 1444 1446
f 1441 1446 1443
f 1442 1445 1443
f 1442 1444 1445
f 1442 1446 1444
f 1442 1443 1446
v 0.224493862121 -0.158482129289 -0.0883034725812
v 0.222679196153 -0.160871048059 -0.0882960880102
v 0.224754425902 -0.160564708246 -0.0886116468871
v 0.222418632371 -0.158788469102 -0.0879879137043
v 0.223336001692 -0.159490818916 -0.0897669972518
v 0.223837056582 -0.159862358432 -0.0868325633396
f 1447 1449 1451
f 1447 1451 1450
f 1447 1450 1452
f 1447 1452 1449
f 1448 1451 1449
f 1448 1450 1451
f 1448 1452 1450
f 1448 1449 1452
v 0.224432406357 -0.158436471407 -0.0886350710733
v 0.222617740389 -0.160825390177 -0.0886276865022
v 0.224683515406 -0.160512026075 -0.0889942605318
v 0.22236663134 -0.15874983551 -0.0882684970437
v 0.223233939533 -0.159414279274 -0.0900868179678
v 0.223816207213 -0.15984758231 -0.0871759396077
f 1453 1455 1457
f 1453 1457 1456
f 1453 1456 1458
f 1453 1458 1455
f 1454 1457 1455
f 1454 1456 1457
f 1454 1458 1456
f 1454 1455 1458
v 0.224361776603 -0.158383835913 -0.0889637958145
v 0.222547110634 -0.160772754683 -0.0889564112434
v 0.224602019535 -0.160451292812 -0.0893735583101
v 0.222306867702 -0.158705297784 -0.0885466487478
v 0.223123058085 -0.159331025976 -0.0904019917046
v 0.223785829152 -0.15982556462 -0.0875182153533
f 1459 1461 1463
f 1459 1463 1462
f 1459 1462 1464
f 1459 1464 1461
f 1460 1463 1461
f 1460 1462 1463
f 1460 1464 1462
f 1460 1461 1464
v 0.224282058909 -0.158324286934 -0.0892892463045
v 0.222467392941 -0.160713205704 -0.0892818617334
v 0.224510037581 -0.160382582452 -0.0897490781062
v 0.222239414269 -0.158654910186 -0.0888220299316
v 0.223003492441 -0.159241160453 -0.0907121344715
v 0.223745959409 -0.159796332185 -0.0878589735664
f 1465 1467 1469
f 1465 1469 1468
f 1465 1468 1470
f 1465 1470 1467
f 1466 1469 1467
f 1466 1468 1469
f 1466 1470 1468
f 1466 1467 1470
v 0.2241933504 -0.158257897022 -0.0896110260319
v 0.222378684431 -0.160646815792 -0.0896036414608
v 0.224407681609 -0.160305978707 -0.0901203624071
v 0.222164353223 -0.158598734107 -0.0890943050856
v 0.222875388272 -0.159144792193 -0.0910168684072
v 0.22369664656 -0.159759920621 -0.0881977990854
f 1471 1473 1475
f 1471 1475 1474
f 1471 1474 1476
f 1471 1476 1473
f 1472 1475 1473
f 1472 1474 1475
f 1472 1476 1474
f 1472 1473 1476
v 0.224095759153 -0.158184747062 -0.0899287429577
v 0.222281093185 -0.160573665832 -0.0899213583866
v 0.224295076324 -0.160221574908 -0.09048695886
v 0.222081776014 -0.158536837987 -0.0893631424844
v 0.222738901653 -0.159042038604 -0.0913158222406
v 0.223637950684 -0.15971637429 -0.0885342791038
f 1477 1479 1481
f 1477 1481 1480
f 1477 1480 1482
f 1477 1482 1479
f 1478 1481 1479
f 1478 1480 1481
f 1478 1482 1480
f 1478 1479 1482
v 0.223989404068 -0.158104926177 -0.0902420099928
v 0.2221747381 -0.160493844948 -0.0902346254218
v 0.224172358918 -0.160129473887 -0.0908484208236
v 0.22199178325 -0.158469297238 -0.089628214591
v 0.222594198873 -0.158933024878 -0.0916086317423
v 0.223569943295 -0.159665746247 -0.0888680036723
f 1483 1485 1487
f 1483 1487 1486
f 1483 1486 1488
f 1483 1488 1485
f 1484 1487 1485
f 1484 1486 1487
f 1484 1488 1486
f 1484 1485 1488
v 0.223874414723 -0.158018531617 -0.0905504454696
v 0.222059748755 -0.160407450387 -0.0905430608985
v 0.224039678905 -0.160029787855 -0.0912043079122
v 0.221894484573 -0.158396194148 -0.089889198456
v 0.22244145623 -0.158817883829 -0.0918949401691
v 0.223492707248 -0.159608098174 -0.0891985661991
f 1489 1491 1493
f 1489 1493 1492
f 1489 1492 1494
f 1489 1494 1491
f 1490 1493 1491
f 1490 1492 1493
f 1490 1494 1492
f 1490 1491 1494
v 0.223750931214 -0.157925668638 -0.0908536736069
v 0.221936265246 -0.160314587409 -0.0908462890359
v 0.223897197933 -0.159922638265 -0.0915541865321
v 0.221789998527 -0.158317617782 -0.0901457761107
v 0.222280859817 -0.15869675574 -0.0921743986983
v 0.223406336643 -0.159543500306 -0.0895255639445
f 1495 1497 1499
f 1495 1499 1498
f 1495 1498 1500
f 1495 1500 1497
f 1496 1499 1497
f 1496 1498 1499
f 1496 1500 1498
f 1496 1497 1500
v 0.223619103987 -0.157826450382 -0.091151324968
v 0.221804438018 -0.160215369152 -0.0911439403969
v 0.223745089594 -0.159808155661 -0.0918976304103
v 0.221678452412 -0.158233663873 -0.0903976349547
v 0.222112605295 -0.158569788187 -0.0924466668527
v 0.22331093671 -0.159472031347 -0.0898485985123
f 1501 1503 1505
f 1501 1505 1504
f 1501 1504 1506
f 1501 1506 1503
f 1502 1505 1503
f 1502 1504 1505
f 1502 1506 1504
f 1502 1503 1506
v 0.223479093653 -0.157720997729 -0.0914430369105
v 0.221664427684 -0.1601099165 -0.0914356523395
v 0.223583539208 -0.159686479524 -0.0922342211132
v 0.221559982129 -0.158144434705 -0.0906444681368
v 0.221936897658 -0.15843713586 -0.0927114129154
v 0.223206623679 -0.159393778368 -0.0901672763346
f 1507 1509 1511
f 1507 1511 1510
f 1507 1510 1512
f 1507 1512 1509
f 1508 1511 1509
f 1508 1510 1511
f 1508 1512 1510
f 1508 1509 1512
v 0.223331070793 -0.157609439159 -0.0917284540284
v 0.221516404824 -0.159998357929 -0.0917210694573
v 0.2234127436 -0.159557758096 -0.0925635485569
v 0.221434732017 -0.158050038992 -0.0908859749288
v 0.221753950977 -0.158298960376 -0.0929683143343
v 0.22309352464 -0.159308836711 -0.0904812091515
f 1513 1515 1517
f 1513 1517 1516
f 1513 1516 1518
f 1513 1518 1515
f 1514 1517 1515
f 1514 1516 1517
f 1514 1518 1516
f 1514 1515 1518
v 0.22317521575 -0.157491910586 -0.0920072285849
v 0.221360549781 -0.159880829357 -0.0919998440138
v 0.223232910859 -0.159422148205 -0.0928852115067
v 0.221302854673 -0.157950591738 -0.091121861092
v 0.221563988146 -0.15815543008 -0.0932170581144
v 0.222971777385 -0.159217309863 -0.0907900144842
f 1519 1521 1523
f 1519 1523 1522
f 1519 1522 1524
f 1519 1524 1521
f 1520 1523 1521
f 1520 1522 1523
f 1520 1524 1522
f 1520 1521 1524
v 0.223011718409 -0.157368555203 -0.092279020936
v 0.221197052441 -0.159757473974 -0.0922716363649
v 0.223044260081 -0.159279815071 -0.0931988180657
v 0.221164510769 -0.157846214107 -0.0913518392353
v 0.221367240604 -0.158006719841 -0.0934573411999
v 0.222841530246 -0.159119309336 -0.0910933161011
f 1525 1527 1529
f 1525 1529 1528
f 1525 1528 1530
f 1525 1530 1527
f 1526 1529 1527
f 1526 1528 1529
f 1526 1530 1528
f 1526 1527 1530
v 0.222840777968 -0.157239523299 -0.0925434999448
v 0.221026111999 -0.159628442069 -0.0925361153737
v 0.22284702111 -0.159130932104 -0.0935039861527
v 0.221019868857 -0.157737033264 -0.0915756291658
v 0.221163948059 -0.15785301084 -0.0936888708428
v 0.222702941908 -0.159014954528 -0.0913907444757
f 1531 1533 1535
f 1531 1535 1534
f 1531 1534 1536
f 1531 1536 1533
f 1532 1535 1533
f 1532 1534 1535
f 1532 1536 1534
f 1532 1533 1536
v 0.22266260269 -0.157104972079 -0.0928003433842
v 0.220847936721 -0.159493890849 -0.0927929588131
v 0.22264143425 -0.158975680696 -0.0938003439675
v 0.22086910516 -0.157623182232 -0.0917929582299
v 0.22095435819 -0.157694490349 -0.0939113649598
v 0.22255618122 -0.15890437258 -0.0916819372376
f 1537 1539 1541
f 1537 1541 1540
f 1537 1540 1542
f 1537 1542 1539
f 1538 1541 1539
f 1538 1540 1541
f 1538 1542 1540
f 1538 1539 1542
v 0.222477409654 -0.156965065473 -0.0930492383302
v 0.220662743685 -0.159353984243 -0.0930418537591
v 0.222427749978 -0.158814249997 -0.0940875304435
v 0.220712403361 -0.157504799719 -0.0920035616457
v 0.220738726352 -0.157531351499 -0.0941245524762
v 0.222401426987 -0.158787698218 -0.091966539613
f 1543 1545 1547
f 1543 1547 1546
f 1543 1546 1548
f 1543 1548 1545
f 1544 1547 1545
f 1544 1546 1547
f 1544 1548 1546
f 1544 1545 1548
v 0.22228542449 -0.156819973936 -0.0932898815424
v 0.220470758521 -0.159208892706 -0.0932824969714
v 0.222206228635 -0.158646836685 -0.0943651956885
v 0.220549954376 -0.157382029957 -0.0922071828253
v 0.220517315257 -0.15736379305 -0.0943281736558
v 0.222238867754 -0.158665073592 -0.092244204858
f 1549 1551 1553
f 1549 1553 1552
f 1549 1552 1554
f 1549 1554 1551
f 1550 1553 1551
f 1550 1552 1553
f 1550 1554 1552
f 1550 1551 1554
v 0.222086881102 -0.156669874239 -0.0935219798344
v 0.220272215133 -0.159058793009 -0.0935145952633
v 0.221977140111 -0.158473644727 -0.09463300141
v 0.220381956124 -0.157255022521 -0.0924035736877
v 0.220290394662 -0.157192019146 -0.0945219804176
v 0.222068701573 -0.158536648102 -0.0925145946801
f 1555 1557 1559
f 1555 1559 1558
f 1555 1558 1560
f 1555 1560 1557
f 1556 1559 1557
f 1556 1558 1559
f 1556 1560 1558
f 1556 1557 1560
v 0.221882021384 -0.156514949256 -0.09374525043
v 0.220067355416 -0.158903868026 -0.0937378658589
v 0.221740763514 -0.158294885131 -0.094890621328
v 0.220208613287 -0.157123932151 -0.0925924949609
v 0.220058241034 -0.157016239068 -0.0947057366379
v 0.221891135767 -0.158402578214 -0.0927773796509
f 1561 1563 1565
f 1561 1565 1564
f 1561 1564 1566
f 1561 1566 1563
f 1562 1565 1563
f 1562 1564 1565
f 1562 1566 1564
f 1562 1563 1566
v 0.221671094928 -0.156355387739 -0.0939594213084
v 0.219856428959 -0.158744306509 -0.0939520367373
v 0.221497386833 -0.158110775689 -0.0951377415723
v 0.220030137054 -0.15698891856 -0.0927737164734
v 0.219821137216 -0.156836666977 -0.0948792184381
v 0.221706386671 -0.158263027272 -0.0930322396076
f 1567 1569 1571
f 1567 1571 1570
f 1567 1570 1572
f 1567 1572 1569
f 1568 1571 1569
f 1568 1570 1571
f 1568 1572 1570
f 1568 1569 1572
v 0.221454358713 -0.156191384089 -0.0941642315354
v 0.219639692744 -0.15858030286 -0.0941568469643
v 0.221247306585 -0.157921540708 -0.095374061065
v 0.219846744872 -0.156850146241 -0.0929470174347
v 0.219579372083 -0.156653521652 -0.0950422144572
v 0.221514679374 -0.158118165297 -0.0932788640425
f 1573 1575 1577
f 1573 1577 1576
f 1573 1576 1578
f 1573 1578 1575
f 1574 1577 1575
f 1574 1576 1577
f 1574 1578 1576
f 1574 1575 1578
v 0.2212320768 -0.15602313812 -0.0943594315813
v 0.219417410831 -0.15841205689 -0.0943520470102
v 0.220990827455 -0.157727410744 -0.0955992918871
v 0.219658660177 -0.156707784267 -0.0931121867043
v 0.219333240189 -0.15646702623 -0.0951945261098
v 0.221316247442 -0.15796816878 -0.0935169524817
f 1579 1581 1583
f 1579 1583 1582
f 1579 1582 1584
f 1579 1584 1581
f 1580 1583 1581
f 1580 1582 1583
f 1580 1584 1582
f 1580 1581 1584
v 0.221004520005 -0.155850854813 -0.0945447836249
v 0.219189854036 -0.158239773583 -0.0945373990538
v 0.220728261922 -0.157528622312 -0.0958131596297
v 0.219466112119 -0.156562006084 -0.0932690230489
v 0.219083041408 -0.156277407925 -0.0953359678275
v 0.221111332634 -0.157813220471 -0.0937462148511
f 1585 1587 1589
f 1585 1589 1588
f 1585 1588 1590
f 1585 1590 1587
f 1586 1589 1587
f 1586 1588 1589
f 1586 1590 1588
f 1586 1587 1590
v 0.220771965571 -0.155674744068 -0.0947200618432
v 0.218957299602 -0.158063662838 -0.0947126772721
v 0.220459929883 -0.157325417607 -0.0960154037278
v 0.21926933529 -0.1564129893 -0.0934173353875
v 0.218829080567 -0.156084897758 -0.0954663672855
v 0.220900184606 -0.157653509149 -0.0939663718298
f 1591 1593 1595
f 1591 1595 1594
f 1591 1594 1596
f 1591 1596 1593
f 1592 1595 1593
f 1592 1594 1595
f 1592 1596 1594
f 1592 1593 1596
v 0.220534696829 -0.15549502045 -0.0948850526868
v 0.218720030861 -0.157883939221 -0.0948776681158
v 0.220186158258 -0.157118044202 -0.0962057777782
v 0.219068569432 -0.156260915469 -0.0935569430244
v 0.21857166708 -0.155889730274 -0.095585565612
v 0.22068306061 -0.157489229397 -0.0941771551906
f 1597 1599 1601
f 1597 1601 1600
f 1597 1600 1602
f 1597 1602 1599
f 1598 1601 1599
f 1598 1600 1601
f 1598 1602 1600
f 1598 1599 1602
v 0.220293002856 -0.155311902925 -0.0950395551398
v 0.218478336887 -0.157700821695 -0.0950321705687
v 0.219907280596 -0.156906754749 -0.0963840498393
v 0.218864059147 -0.156105969871 -0.0936876758692
v 0.218311114565 -0.155692143253 -0.0956934175823
v 0.220460225178 -0.157320581366 -0.0943783081262
f 1603 1605 1607
f 1603 1607 1606
f 1603 1606 1608
f 1603 1608 1605
f 1604 1607 1605
f 1604 1606 1607
f 1604 1608 1606
f 1604 1605 1608
v 0.220047178117 -0.155125614592 -0.0951833809647
v 0.218232512149 -0.157514533362 -0.0951759963936
v 0.219623636667 -0.156691806673 -0.0965500027141
v 0.218656053599 -0.155948341281 -0.0938093746441
v 0.218047740464 -0.155492377426 -0.0957897917954
v 0.220231949802 -0.157147770528 -0.0945695855629
f 1609 1611 1613
f 1609 1613 1612
f 1609 1612 1614
f 1609 1614 1611
f 1610 1613 1611
f 1610 1612 1613
f 1610 1614 1612
f 1610 1611 1614
v 0.219797522113 -0.154936382415 -0.0953163549318
v 0.217982856145 -0.157325301185 -0.0953089703607
v 0.219335572047 -0.156473461853 -0.0967034342147
v 0.218444806211 -0.155788221747 -0.0939218910779
v 0.21778186566 -0.155290676176 -0.0958745708341
v 0.219998512598 -0.156971007425 -0.0947507544585
f 1615 1617 1619
f 1615 1619 1618
f 1615 1618 1620
f 1615 1620 1617
f 1616 1619 1617
f 1616 1618 1619
f 1616 1620 1618
f 1616 1617 1620
v 0.219544339011 -0.154744436945 -0.095438315033
v 0.217729673042 -0.157133355715 -0.0954309304619
v 0.219043437698 -0.156251986311 -0.0968441574083
v 0.218230574355 -0.155625806349 -0.0940250880865
v 0.217513814079 -0.155087285245 -0.0959476514082
v 0.219760197975 -0.156790507416 -0.0949215940867
f 1621 1623 1625
f 1621 1625 1624
f 1621 1624 1626
f 1621 1626 1623
f 1622 1625 1623
f 1622 1624 1625
f 1622 1626 1624
f 1622 1623 1626
v 0.219287937275 -0.154550012038 -0.0955491126785
v 0.217473271307 -0.156938930808 -0.0955417281074
v 0.218747589542 -0.156027649879 -0.0969720008455
v 0.21801361904 -0.155461292966 -0.0941188399405
v 0.2172439123 -0.154882452433 -0.0960089444803
v 0.219517296281 -0.156606490413 -0.0950818963057
f 1627 1629 1631
f 1627 1631 1630
f 1627 1630 1632
f 1627 1632 1629
f 1628 1631 1629
f 1628 1630 1631
f 1628 1632 1630
f 1628 1629 1632
v 0.219028629292 -0.154353344569 -0.0956486128786
v 0.217213963323 -0.15674226334 -0.0956412283075
v 0.218448388023 -0.155800725878 -0.0970868087687
v 0.217794204593 -0.155294882032 -0.0942030324174
v 0.216972489159 -0.154676427298 -0.0960583753742
v 0.219270103457 -0.156419180611 -0.0952314658119
f 1633 1635 1637
f 1633 1637 1636
f 1633 1636 1638
f 1633 1638 1635
f 1634 1637 1635
f 1634 1636 1637
f 1634 1638 1636
f 1634 1635 1638
v 0.218766730988 -0.15415467415 -0.0957366944076
v 0.21695206502 -0.15654359292 -0.0957293098365
v 0.218146197672 -0.155571490778 -0.0971884413021
v 0.217572598336 -0.155126776292 -0.0942775629419
v 0.216699875341 -0.154469460849 -0.096095883866
v 0.219018920667 -0.15622880622 -0.095370120378
f 1639 1641 1643
f 1639 1643 1642
f 1639 1642 1644
f 1639 1644 1641
f 1640 1643 1641
f 1640 1642 1643
f 1640 1644 1642
f 1640 1641 1644
v 0.218502561446 -0.153954242828 -0.0958132499516
v 0.216687895478 -0.156343161598 -0.0958058653805
v 0.217841386662 -0.155340223868 -0.0972767746221
v 0.217349070262 -0.154957180558 -0.09434234071
v 0.216426402985 -0.154261805244 -0.0961214242575
v 0.218764053939 -0.156035599181 -0.0954976910746
f 1645 1647 1649
f 1645 1649 1648
f 1645 1648 1650
f 1645 1650 1647
f 1646 1649 1647
f 1646 1648 1649
f 1646 1650 1648
f 1646 1647 1650
v 0.218236442517 -0.153752294798 -0.0958781862396
v 0.216421776548 -0.156141213568 -0.0958708016685
v 0.217534326359 -0.15510720691 -0.0973517011083
v 0.217123892706 -0.154786301456 -0.0943972867998
v 0.216152405275 -0.154053713479 -0.0961349654314
v 0.21850581379 -0.155839794887 -0.0956140224766
f 1651 1653 1655
f 1651 1655 1654
f 1651 1654 1656
f 1651 1656 1653
f 1652 1655 1653
f 1652 1654 1655
f 1652 1656 1654
f 1652 1653 1656
v 0.217968698424 -0.153549076103 -0.0959314241566
v 0.216154032455 -0.155937994873 -0.0959240395856
v 0.217225390867 -0.154872723801 -0.0974131294741
v 0.216897340012 -0.154614347175 -0.0944423342681
v 0.215878216034 -0.153845439081 -0.0961364908901
v 0.218244514845 -0.155641631896 -0.0957189728521
f 1657 1659 1661
f 1657 1661 1660
f 1657 1660 1662
f 1657 1662 1659
f 1658 1661 1659
f 1658 1660 1661
f 1658 1662 1660
f 1658 1659 1662
v 0.217699655373 -0.153344834334 -0.0959728988406
v 0.215884989404 -0.155733753104 -0.0959655142695
v 0.216914956577 -0.154637060221 -0.0974609848787
v 0.2166696882 -0.154441527217 -0.0944774282314
v 0.215604169321 -0.1536372358 -0.096125998775
v 0.217980475456 -0.155441351638 -0.0958124143352
f 1663 1665 1667
f 1663 1667 1666
f 1663 1666 1668
f 1663 1668 1665
f 1664 1667 1665
f 1664 1666 1667
f 1664 1668 1666
f 1664 1665 1668
v 0.217429641151 -0.153139818327 -0.0960025597609
v 0.215614975182 -0.155528737098 -0.0959951751899
v 0.216603401706 -0.154400503291 -0.0974952090175
v 0.216441214627 -0.154268052134 -0.0945025259333
v 0.215330599019 -0.153429357302 -0.096103501869
v 0.217714017315 -0.155239198123 -0.0958942330818
f 1669 1671 1673
f 1669 1673 1672
f 1669 1672 1674
f 1669 1674 1671
f 1670 1673 1671
f 1670 1672 1673
f 1670 1674 1672
f 1670 1671 1674
v 0.217158984729 -0.152934277864 -0.0960203707804
v 0.215344318761 -0.155323196634 -0.0960129862093
v 0.216291105835 -0.154163341218 -0.0975157601938
v 0.216212197655 -0.154094133281 -0.0945175967959
v 0.21505783843 -0.153222056852 -0.0960690275813
v 0.21744546506 -0.155035417647 -0.0959643294084
f 1675 1677 1679
f 1675 1679 1678
f 1675 1678 1680
f 1675 1680 1677
f 1676 1679 1677
f 1676 1678 1679
f 1676 1680 1678
f 1676 1677 1680
v 0.21061278445 -0.147949260227 -0.0920072285849
v 0.208798118481 -0.150338178997 -0.0919998440138
v 0.20873779782 -0.14841139779 -0.0928852115067
v 0.210673105111 -0.149876041434 -0.091121861092
v 0.209005170609 -0.148608022378 -0.0907900144842
v 0.210405732322 -0.149679416845 -0.0932170581144
f 1681 1683 1685
f 1681 1685 1684
f 1681 1684 1686
f 1681 1686 1683
f 1682 1685 1683
f 1682 1684 1685
f 1682 1686 1684
f 1682 1683 1686
v 0.210457759574 -0.147830638781 -0.0917284540284
v 0.208643093605 -0.150219557551 -0.0917210694573
v 0.208558922963 -0.148274526891 -0.0925635485569
v 0.210541930216 -0.149775669441 -0.0908859749288
v 0.20888434295 -0.148515284928 -0.0904812091515
v 0.210216510228 -0.149534911405 -0.0929683143343
f 1687 1689 1691
f 1687 1691 1690
f 1687 1690 1692
f 1687 1692 1689
f 1688 1691 1689
f 1688 1690 1691
f 1688 1692 1690
f 1688 1689 1692
v 0.210310586661 -0.147717961296 -0.0914430369105
v 0.208495920692 -0.150106880066 -0.0914356523395
v 0.208389108064 -0.148144514408 -0.0922342211132
v 0.21041739929 -0.149680326954 -0.0906444681368
v 0.208772178775 -0.148429112567 -0.0901672763346
v 0.210034328578 -0.149395728795 -0.0927114129154
f 1693 1695 1697
f 1693 1697 1696
f 1693 1696 1698
f 1693 1698 1695
f 1694 1697 1695
f 1694 1696 1697
f 1694 1698 1696
f 1694 1695 1698
v 0.21017144502 -0.147611365052 -0.091151324968
v 0.208356779051 -0.150000283822 -0.0911439403969
v 0.208228560016 -0.148021518742 -0.0918976304103
v 0.210299664055 -0.149590130132 -0.0903976349547
v 0.208668814739 -0.148349610283 -0.0898485985123
v 0.209859409332 -0.14926203859 -0.0924466668527
f 1699 1701 1703
f 1699 1703 1702
f 1699 1702 1704
f 1699 1704 1701
f 1700 1703 1701
f 1700 1702 1703
f 1700 1704 1702
f 1700 1701 1704
v 0.210040504173 -0.147510979919 -0.0908536736069
v 0.208225838204 -0.14989989869 -0.0908462890359
v 0.208077474423 -0.147905689743 -0.0915541865321
v 0.210188867953 -0.149505188866 -0.0901457761107
v 0.208574376776 -0.148276874938 -0.0895255639445
v 0.209691965601 -0.149134003671 -0.0921743986983
f 1705 1707 1709
f 1705 1709 1708
f 1705 1708 1710
f 1705 1710 1707
f 1706 1709 1707
f 1706 1708 1709
f 1706 1710 1708
f 1706 1707 1710
v 0.209917923651 -0.147416928203 -0.0905504454696
v 0.208103257682 -0.149805846973 -0.0905430608985
v 0.20793603536 -0.147797168531 -0.0912043079122
v 0.210085145973 -0.149425606644 -0.089889198456
v 0.208488979942 -0.148210995149 -0.0891985661991
v 0.209532201391 -0.149011780027 -0.0918949401691
f 1711 1713 1715
f 1711 1715 1714
f 1711 1714 1716
f 1711 1716 1713
f 1712 1715 1713
f 1712 1714 1715
f 1712 1716 1714
f 1712 1713 1716
v 0.2098038528 -0.147329324489 -0.0902420099928
v 0.207989186831 -0.14971824326 -0.0902346254218
v 0.207804415147 -0.147696087324 -0.0908484208236
v 0.209988624484 -0.149351480425 -0.089628214591
v 0.208412728281 -0.148152051179 -0.0888680036723
v 0.20938031135 -0.14889551657 -0.0916086317423
f 1717 1719 1721
f 1717 1721 1720
f 1717 1720 1722
f 1717 1722 1719
f 1718 1721 1719
f 1718 1720 1721
f 1718 1722 1720
f 1718 1719 1722
v 0.209698430597 -0.147248275511 -0.0899287429577
v 0.207883764629 -0.149637194281 -0.0899213583866
v 0.207682774144 -0.147602569272 -0.09048695886
v 0.209899421082 -0.149282900521 -0.0893631424844
v 0.208345714695 -0.148100114843 -0.0885342791038
v 0.209236480531 -0.148785354949 -0.0913158222406
f 1723 1725 1727
f 1723 1727 1726
f 1723 1726 1728
f 1723 1728 1725
f 1724 1727 1725
f 1724 1726 1727
f 1724 1728 1726
f 1724 1725 1728
v 0.209601785484 -0.147173880013 -0.0896110260319
v 0.207787119515 -0.149562798783 -0.0896036414608
v 0.207571260552 -0.147516728313 -0.0901203624071
v 0.209817644448 -0.149219950484 -0.0890943050856
v 0.208288020828 -0.148055249417 -0.0881977990854
v 0.209100884171 -0.148681429379 -0.0910168684072
f 1729 1731 1733
f 1729 1733 1732
f 1729 1732 1734
f 1729 1734 1731
f 1730 1733 1731
f 1730 1732 1733
f 1730 1734 1732
f 1730 1731 1734
v 0.209514035207 -0.147106228635 -0.0892892463045
v 0.207699369238 -0.149495147405 -0.0892818617334
v 0.207470010232 -0.14743866903 -0.0897490781062
v 0.209743394213 -0.14916270701 -0.0888220299316
v 0.208239716972 -0.148017509564 -0.0878589735664
v 0.208973687473 -0.148583866477 -0.0907121344715
f 1735 1737 1739
f 1735 1739 1738
f 1735 1738 1740
f 1735 1740 1737
f 1736 1739 1737
f 1736 1738 1739
f 1736 1740 1738
f 1736 1737 1740
v 0.209435286677 -0.1470454038 -0.0889637958145
v 0.207620620708 -0.14943432257 -0.0889564112434
v 0.207379146543 -0.147368486528 -0.0893735583101
v 0.209676760842 -0.149111239842 -0.0885466487478
v 0.208200861978 -0.147986941262 -0.0875182153533
v 0.208855045407 -0.148492785108 -0.0904019917046
f 1741 1743 1745
f 1741 1745 1744
f 1741 1744 1746
f 1741 1746 1743
f 1742 1745 1743
f 1742 1744 1745
f 1742 1746 1744
f 1742 1743 1746
v 0.209365635836 -0.146991479614 -0.0886350710733
v 0.207550969868 -0.149380398384 -0.0886276865022
v 0.207298780189 -0.147306266313 -0.0889942605318
v 0.209617825515 -0.149065611684 -0.0882684970437
v 0.208171503184 -0.147963581756 -0.0871759396077
v 0.20874510252 -0.148408296242 -0.0900868179678
f 1747 1749 1751
f 1747 1751 1750
f 1747 1750 1752
f 1747 1752 1749
f 1748 1751 1749
f 1748 1750 1751
f 1748 1752 1750
f 1748 1749 1752
v 0.209305167544 -0.146944521774 -0.0883034725812
v 0.207490501575 -0.149333440544 -0.0882960880102
v 0.207229009082 -0.14725208419 -0.0886116468871
v 0.209566660037 -0.149025878128 -0.0879879137043
v 0.20815167636 -0.147947459504 -0.0868325633396
v 0.20864399276 -0.148330502814 -0.0897669972518
f 1753 1755 1757
f 1753 1757 1756
f 1753 1756 1758
f 1753 1758 1755
f 1754 1757 1755
f 1754 1756 1757
f 1754 1758 1756
f 1754 1755 1758
v 0.209253955471 -0.146904587492 -0.0879694043401
v 0.207439289503 -0.149293506262 -0.087962019769
v 0.207169918229 -0.147206006173 -0.088226183532
v 0.209523326745 -0.148992087581 -0.0877052405772
v 0.208141405661 -0.14793859415 -0.0864885049003
v 0.208551839313 -0.148259499604 -0.0894429192088
f 1759 1761 1763
f 1759 1763 1762
f 1759 1762 1764
f 1759 1764 1761
f 1760 1763 1761
f 1760 1762 1763
f 1760 1764 1762
f 1760 1761 1764
v 0.209212062013 -0.146871725421 -0.0876332733605
v 0.207397396044 -0.149260644192 -0.0876258887895
v 0.207121579623 -0.147168088399 -0.087838340094
v 0.209487878433 -0.148964281214 -0.087420822056
v 0.208140703601 -0.147936996494 -0.086144183472
v 0.208468754456 -0.148195373119 -0.089114978678
f 1765 1767 1769
f 1765 1769 1768
f 1765 1768 1770
f 1765 1770 1767
f 1766 1769 1767
f 1766 1768 1769
f 1766 1770 1768
f 1766 1767 1770
v 0.209179538208 -0.1468459756 -0.0872954891664
v 0.20736487224 -0.14923489437 -0.0872881045953
v 0.207084052157 -0.147138377066 -0.0874485891007
v 0.209460358291 -0.148942492903 -0.087135004661
v 0.208149571035 -0.147942668483 -0.0858000185572
v 0.208394839413 -0.148138201487 -0.0887835752045
f 1771 1773 1775
f 1771 1775 1774
f 1771 1774 1776
f 1771 1776 1773
f 1772 1775 1773
f 1772 1774 1775
f 1772 1776 1774
f 1772 1773 1776
v 0.209156423683 -0.146827369399 -0.0869564632956
v 0.207341757715 -0.149216288169 -0.0869490787245
v 0.207057381551 -0.147116908373 -0.0870574054037
v 0.209440799847 -0.148926749195 -0.0868481366165
v 0.20816799716 -0.147955603206 -0.085456429468
v 0.208330184238 -0.148088054362 -0.0884491125522
f 1777 1779 1781
f 1777 1781 1780
f 1777 1780 1782
f 1777 1782 1779
f 1778 1781 1779
f 1778 1780 1781
f 1778 1782 1780
f 1778 1779 1782
v 0.2091427466 -0.146815929488 -0.0866166087991
v 0.207328080631 -0.149204848258 -0.086609224228
v 0.207041600301 -0.147103708476 -0.0866652656
v 0.20942922693 -0.14891706927 -0.0865605674271
v 0.208195959526 -0.147975784905 -0.0851138348146
v 0.208274867705 -0.148044992842 -0.0881119982125
f 1783 1785 1787
f 1783 1787 1786
f 1783 1786 1788
f 1783 1788 1785
f 1784 1787 1785
f 1784 1786 1787
f 1784 1788 1786
f 1784 1785 1788
v 0.209138523621 -0.146811669805 -0.0862763397371
v 0.207323857653 -0.149200588575 -0.086268955166
v 0.207036727633 -0.147098793457 -0.0862726474516
v 0.209425653641 -0.148913464923 -0.0862726474516
v 0.208233424065 -0.148003188991 -0.0847726519959
v 0.208228957208 -0.148009069389 -0.0877726429072
f 1789 1791 1793
f 1789 1793 1792
f 1789 1792 1794
f 1789 1794 1791
f 1790 1793 1791
f 1790 1792 1793
f 1790 1794 1792
f 1790 1791 1794
v 0.209143759892 -0.146814595539 -0.0859360706751
v 0.207329093923 -0.149203514309 -0.085928686104
v 0.207042769484 -0.147102169304 -0.0858800293031
v 0.209430084331 -0.148915940544 -0.085984727476
v 0.208280345133 -0.148037782077 -0.0844332966906
v 0.208192508682 -0.147980327772 -0.0874314600885
f 1795 1797 1799
f 1795 1799 1798
f 1795 1798 1800
f 1795 1800 1797
f 1796 1799 1797
f 1796 1798 1799
f 1796 1800 1798
f 1796 1797 1800
v 0.209158449033 -0.146824703126 -0.0855962161786
v 0.207343783064 -0.149213621896 -0.0855888316075
v 0.207059718492 -0.147113831904 -0.0854878894994
v 0.209442513604 -0.148924493118 -0.0856971582867
v 0.208336665563 -0.148079522016 -0.0840961823509
v 0.208165566533 -0.147958803007 -0.0870888654352
f 1801 1803 1805
f 1801 1805 1804
f 1801 1804 1806
f 1801 1806 1803
f 1802 1805 1803
f 1802 1804 1805
f 1802 1806 1804
f 1802 1803 1806
v 0.209182573147 -0.146841980251 -0.0852571903078
v 0.207367907179 -0.149230899022 -0.0852498057367
v 0.207087554009 -0.147133767049 -0.0850967058024
v 0.209462926316 -0.148939112224 -0.0854102902422
v 0.208402316738 -0.148128357954 -0.0837617196987
v 0.208148163587 -0.147944521319 -0.0867452763459
f 1807 1809 1811
f 1807 1811 1810
f 1807 1810 1812
f 1807 1812 1809
f 1808 1811 1809
f 1808 1810 1811
f 1808 1812 1810
f 1808 1809 1812
v 0.209216102844 -0.146866405865 -0.0849194061137
v 0.207401436875 -0.149255324636 -0.0849120215426
v 0.20712624212 -0.14716195045 -0.0847069548091
v 0.209491297598 -0.148959780051 -0.0851244728471
v 0.208477218672 -0.148184230393 -0.0834303162251
v 0.208140321046 -0.147937500108 -0.0864011114311
f 1813 1815 1817
f 1813 1817 1816
f 1813 1816 1818
f 1813 1818 1815
f 1814 1817 1815
f 1814 1816 1817
f 1814 1818 1816
f 1814 1815 1818
v 0.209258997271 -0.146897950209 -0.0845832751341
v 0.207444331303 -0.14928686898 -0.084575890563
v 0.207175735691 -0.14719834777 -0.0843191113712
v 0.209527592883 -0.148986471419 -0.0848400543259
v 0.208561280109 -0.14824707126 -0.0831023756943
v 0.208142048466 -0.147937747929 -0.0860567900028
f 1819 1821 1823
f 1819 1823 1822
f 1819 1822 1824
f 1819 1824 1821
f 1820 1823 1821
f 1820 1822 1823
f 1820 1824 1822
f 1820 1821 1824
v 0.20931120417 -0.146936574851 -0.084249206893
v 0.207496538202 -0.149325493621 -0.0842418223219
v 0.207235974421 -0.147242914664 -0.083933648016
v 0.209571767951 -0.149019153808 -0.0845573811988
v 0.208654398631 -0.148316803994 -0.0827782976513
v 0.208153343741 -0.147945264479 -0.0857127315635
f 1825 1827 1829
f 1825 1829 1828
f 1825 1828 1830
f 1825 1830 1827
f 1826 1829 1827
f 1826 1828 1829
f 1826 1830 1828
f 1826 1827 1830
v 0.209372659934 -0.146982232733 -0.0839176084009
v 0.207557993966 -0.149371151503 -0.0839102238298
v 0.207306884917 -0.147295596835 -0.0835510343714
v 0.209623768982 -0.149057787401 -0.0842767978594
v 0.20875646079 -0.148393343636 -0.0824584769353
v 0.20817419311 -0.1479600406 -0.0853693552955
f 1831 1833 1835
f 1831 1835 1834
f 1831 1834 1836
f 1831 1836 1833
f 1832 1835 1833
f 1832 1834 1835
f 1832 1836 1834
f 1832 1833 1836
v 0.209443289689 -0.147034868227 -0.0835888836597
v 0.20762862372 -0.149423786998 -0.0835814990886
v 0.207388380788 -0.147356330098 -0.083171736593
v 0.209683532621 -0.149102325127 -0.0839986461553
v 0.208867342238 -0.148476596934 -0.0821433031985
v 0.208204571171 -0.147982058291 -0.0850270795498
f 1837 1839 1841
f 1837 1841 1840
f 1837 1840 1842
f 1837 1842 1839
f 1838 1841 1839
f 1838 1840 1841
f 1838 1842 1840
f 1838 1839 1842
v 0.209523007382 -0.147094417206 -0.0832634331697
v 0.207708341414 -0.149483335977 -0.0832560485987
v 0.207480362742 -0.147425040459 -0.0827962167969
v 0.209750986054 -0.149152712724 -0.0837232649715
v 0.208986907882 -0.148566462457 -0.0818331604317
v 0.208244440914 -0.148011290726 -0.0846863213367
f 1843 1845 1847
f 1843 1847 1846
f 1843 1846 1848
f 1843 1848 1845
f 1844 1847 1845
f 1844 1846 1847
f 1844 1848 1846
f 1844 1845 1848
v 0.209611715891 -0.147160807118 -0.0829416534423
v 0.207797049923 -0.149549725889 -0.0829342688712
v 0.207582718714 -0.147501644203 -0.082424932496
v 0.2098260471 -0.149208888804 -0.0834509898175
v 0.209115012051 -0.148662830718 -0.0815284264959
v 0.208293753763 -0.148047702289 -0.0843474958177
f 1849 1851 1853
f 1849 1853 1852
f 1849 1852 1854
f 1849 1854 1851
f 1850 1853 1851
f 1850 1852 1853
f 1850 1854 1852
f 1850 1851 1854
v 0.209709307138 -0.147233957078 -0.0826239365165
v 0.20789464117 -0.149622875848 -0.0826165519454
v 0.207695323999 -0.147586048003 -0.0820583360432
v 0.209908624309 -0.149270784923 -0.0831821524187
v 0.20925149867 -0.148765584306 -0.0812294726625
v 0.208352449638 -0.14809124862 -0.0840110157994
f 1855 1857 1859
f 1855 1859 1858
f 1855 1858 1860
f 1855 1860 1857
f 1856 1859 1857
f 1856 1858 1859
f 1856 1860 1858
f 1856 1857 1860
v 0.209815662223 -0.147313777963 -0.0823106694814
v 0.208000996254 -0.149702696733 -0.0823032849103
v 0.207818041404 -0.147678149024 -0.0816968740796
v 0.209998617073 -0.149338325672 -0.0829170803121
v 0.20939620145 -0.148874598033 -0.0809366631608
v 0.208420457028 -0.148141876663 -0.0836772912308
f 1861 1863 1865
f 1861 1865 1864
f 1861 1864 1866
f 1861 1866 1863
f 1862 1865 1863
f 1862 1864 1865
f 1862 1866 1864
f 1862 1863 1866
v 0.209930651568 -0.147400172524 -0.0820022340046
v 0.2081159856 -0.149789091294 -0.0819948494335
v 0.207950721418 -0.147777835055 -0.081340986991
v 0.21009591575 -0.149411428762 -0.0826560964471
v 0.209548944093 -0.148989739081 -0.080650354734
v 0.208497693075 -0.148199524736 -0.0833467287041
f 1867 1869 1871
f 1867 1871 1870
f 1867 1870 1872
f 1867 1872 1869
f 1868 1871 1869
f 1868 1870 1871
f 1868 1872 1870
f 1868 1869 1872
v 0.210054135077 -0.147493035502 -0.0816990058673
v 0.208239469109 -0.149881954272 -0.0816916212962
v 0.20809320239 -0.147884984646 -0.080991108371
v 0.210200401796 -0.149490005128 -0.0823995187925
v 0.209709540506 -0.14911086717 -0.0803708962048
v 0.20858406368 -0.148264122604 -0.0830197309586
f 1873 1875 1877
f 1873 1877 1876
f 1873 1876 1878
f 1873 1878 1875
f 1874 1877 1875
f 1874 1876 1877
f 1874 1878 1876
f 1874 1875 1878
v 0.210185962304 -0.147592253758 -0.0814013545062
v 0.208371296336 -0.149981172529 -0.0813939699351
v 0.208245310729 -0.147999467249 -0.0806476644928
v 0.210311947911 -0.149573959038 -0.0821476599485
v 0.209877795028 -0.149237834723 -0.0800986280505
v 0.208679463613 -0.148335591564 -0.0826966963908
f 1879 1881 1883
f 1879 1883 1882
f 1879 1882 1884
f 1879 1884 1881
f 1880 1883 1881
f 1880 1882 1883
f 1880 1884 1882
f 1880 1881 1884
v 0.210325972639 -0.147697706411 -0.0811096425637
v 0.20851130667 -0.150086625181 -0.0811022579926
v 0.208406861115 -0.148121143387 -0.0803110737899
v 0.210430418194 -0.149663188205 -0.0819008267663
v 0.210053502665 -0.14937048705 -0.0798338819877
v 0.208783776643 -0.148413844542 -0.0823780185685
f 1885 1887 1889
f 1885 1889 1888
f 1885 1888 1890
f 1885 1890 1887
f 1886 1889 1887
f 1886 1888 1889
f 1886 1890 1888
f 1886 1887 1890
v 0.210473995499 -0.147809264982 -0.0808242254458
v 0.20865932953 -0.150198183752 -0.0808168408747
v 0.208577656723 -0.148249864815 -0.0799817463462
v 0.210555668306 -0.149757583919 -0.0816593199743
v 0.210236449346 -0.149508662534 -0.0795769805688
v 0.208896875683 -0.148498786199 -0.0820640857517
f 1891 1893 1895
f 1891 1895 1894
f 1891 1894 1896
f 1891 1896 1893
f 1892 1895 1893
f 1892 1894 1895
f 1892 1896 1894
f 1892 1893 1896
v 0.210629850542 -0.147926793554 -0.0805454508893
v 0.208815184573 -0.150315712324 -0.0805380663183
v 0.208757489464 -0.148385474706 -0.0796600833965
v 0.21068754565 -0.149857031172 -0.0814234338111
v 0.210426412177 -0.149652192831 -0.0793282367887
v 0.209018622938 -0.148590313047 -0.0817552804189
f 1897 1899 1901
f 1897 1901 1900
f 1897 1900 1902
f 1897 1902 1899
f 1898 1901 1899
f 1898 1900 1901
f 1898 1902 1900
f 1898 1899 1902
v 0.210793347882 -0.148050148937 -0.0802736585382
v 0.208978681914 -0.150439067707 -0.0802662739671
v 0.208946140242 -0.14852780784 -0.0793464768374
v 0.210825889554 -0.149961408804 -0.0811934556679
v 0.210623159719 -0.149800903069 -0.0790879537032
v 0.209148870077 -0.148688313574 -0.0814519788021
f 1903 1905 1907
f 1903 1907 1906
f 1903 1906 1908
f 1903 1908 1905
f 1904 1907 1905
f 1904 1906 1907
f 1904 1908 1906
f 1904 1905 1908
v 0.210964288324 -0.148179180841 -0.0800091795294
v 0.209149622355 -0.150568099611 -0.0800017949583
v 0.209143379213 -0.148676690806 -0.0790413087504
v 0.210970531466 -0.150070589646 -0.0809696657374
v 0.210826452264 -0.14995461207 -0.0788564240604
v 0.209287458415 -0.148792668382 -0.0811545504274
f 1909 1911 1913
f 1909 1913 1912
f 1909 1912 1914
f 1909 1914 1911
f 1910 1913 1911
f 1910 1912 1913
f 1910 1914 1912
f 1910 1911 1914
v 0.211142463602 -0.148313732061 -0.07975233609
v 0.209327797633 -0.150702650831 -0.0797449515189
v 0.209348966073 -0.148831942214 -0.0787449509357
v 0.211121295163 -0.150184440678 -0.0807523366732
v 0.211036042132 -0.150113132562 -0.0786339299433
v 0.209434219103 -0.148903250331 -0.0808633576656
f 1915 1917 1919
f 1915 1919 1918
f 1915 1918 1920
f 1915 1920 1917
f 1916 1919 1917
f 1916 1918 1919
f 1916 1920 1918
f 1916 1917 1920
v 0.211327656638 -0.148453638667 -0.0795034411441
v 0.209512990669 -0.150842557437 -0.079496056573
v 0.209562650345 -0.148993372913 -0.0784577644596
v 0.211277996962 -0.150302823191 -0.0805417332574
v 0.211251673971 -0.150276271412 -0.0784207424269
v 0.209588973336 -0.149019924693 -0.0805787552901
f 1921 1923 1925
f 1921 1925 1924
f 1921 1924 1926
f 1921 1926 1923
f 1922 1925 1923
f 1922 1924 1925
f 1922 1926 1924
f 1922 1923 1926
v 0.211519641802 -0.148598730204 -0.0792627979318
v 0.209704975833 -0.150987648975 -0.0792554133607
v 0.209784171688 -0.149160786225 -0.0781800992146
v 0.211440445947 -0.150425592953 -0.0803381120778
v 0.211473085066 -0.150443829861 -0.0782171212473
v 0.209751532569 -0.149142549318 -0.0803010900452
f 1927 1929 1931
f 1927 1931 1930
f 1927 1930 1932
f 1927 1932 1929
f 1928 1931 1929
f 1928 1930 1931
f 1928 1932 1930
f 1928 1929 1932
v 0.21171818519 -0.148748829901 -0.0790306996398
v 0.209903519221 -0.151137748671 -0.0790233150687
v 0.210013260212 -0.149333978183 -0.0779122934932
v 0.211608444199 -0.150552600389 -0.0801417212154
v 0.211700005661 -0.150615603764 -0.0780233144855
v 0.20992169875 -0.149270974808 -0.0800307002231
f 1933 1935 1937
f 1933 1937 1936
f 1933 1936 1938
f 1933 1938 1935
f 1934 1937 1935
f 1934 1936 1937
f 1934 1938 1936
f 1934 1935 1938
v 0.211923044907 -0.148903754884 -0.0788074290442
v 0.210108378938 -0.151292673654 -0.0788000444731
v 0.210249636809 -0.149512737779 -0.0776546735752
v 0.211781787036 -0.150683690759 -0.0799527999422
v 0.211932159289 -0.150791383842 -0.0778395582652
v 0.210099264556 -0.149405044696 -0.0797679152522
f 1939 1941 1943
f 1939 1943 1942
f 1939 1942 1944
f 1939 1944 1941
f 1940 1943 1941
f 1940 1942 1943
f 1940 1944 1942
f 1940 1941 1944
v 0.212133971364 -0.149063316401 -0.0785932581658
v 0.210319305395 -0.151452235171 -0.0785858735947
v 0.21049301349 -0.149696847222 -0.0774075533308
v 0.211960263269 -0.150818704351 -0.0797715784297
v 0.212169263107 -0.150970955934 -0.0776660764651
v 0.210284013652 -0.149544595639 -0.0795130552955
f 1945 1947 1949
f 1945 1949 1948
f 1945 1948 1950
f 1945 1950 1947
f 1946 1949 1947
f 1946 1948 1949
f 1946 1950 1948
f 1946 1947 1950
v 0.212350707578 -0.149227320051 -0.0783884479388
v 0.21053604161 -0.151616238821 -0.0783810633677
v 0.210743093738 -0.149886082202 -0.0771712338382
v 0.212143655451 -0.15095747667 -0.0795982774684
v 0.21241102824 -0.151154101258 -0.0775030804459
v 0.210475720949 -0.149689457614 -0.0792664308606
f 1951 1953 1955
f 1951 1955 1954
f 1951 1954 1956
f 1951 1956 1953
f 1952 1955 1953
f 1952 1954 1955
f 1952 1956 1954
f 1952 1953 1956
v 0.212572989491 -0.14939556602 -0.0781932478929
v 0.210758323523 -0.15178448479 -0.0781858633218
v 0.210999572868 -0.150080212167 -0.076946003016
v 0.212331740146 -0.151099838644 -0.0794331081988
v 0.212657160134 -0.151340596681 -0.0773507687933
v 0.210674152881 -0.14983945413 -0.0790283424214
f 1957 1959 1961
f 1957 1961 1960
f 1957 1960 1962
f 1957 1962 1959
f 1958 1961 1959
f 1958 1960 1961
f 1958 1962 1960
f 1958 1959 1962
v 0.212800546287 -0.149567849327 -0.0780078958494
v 0.210985880318 -0.151956768098 -0.0780005112783
v 0.211262138401 -0.150279000598 -0.0767321352734
v 0.212524288204 -0.151245616827 -0.0792762718542
v 0.212907358915 -0.151530214986 -0.0772093270756
v 0.210879067689 -0.14999440244 -0.078799080052
f 1963 1965 1967
f 1963 1967 1966
f 1963 1966 1968
f 1963 1968 1965
f 1964 1967 1965
f 1964 1966 1967
f 1964 1968 1966
f 1964 1965 1968
v 0.213033100721 -0.149743960072 -0.077832617631
v 0.211218434752 -0.152132878842 -0.0778252330599
v 0.21153047044 -0.150482205303 -0.0765298911753
v 0.212721065033 -0.151394633611 -0.0791279595156
v 0.213161319756 -0.151722725152 -0.0770789276176
v 0.211090215717 -0.150154113762 -0.0785789230733
f 1969 1971 1973
f 1969 1973 1972
f 1969 1972 1974
f 1969 1974 1971
f 1970 1973 1971
f 1970 1972 1973
f 1970 1974 1972
f 1970 1971 1974
v 0.213270369462 -0.14992368369 -0.0776676267874
v 0.211455703494 -0.15231260246 -0.0776602422163
v 0.211804242065 -0.150689578709 -0.0763395171249
v 0.212921830891 -0.151546707441 -0.0789883518787
v 0.213418733243 -0.151917892636 -0.0769597292911
v 0.211307339713 -0.150318393513 -0.0783681397126
f 1975 1977 1979
f 1975 1979 1978
f 1975 1978 1980
f 1975 1980 1977
f 1976 1979 1977
f 1976 1978 1979
f 1976 1980 1978
f 1976 1977 1980
v 0.213512063436 -0.150106801215 -0.0775131243344
v 0.211697397467 -0.152495719986 -0.0775057397633
v 0.212083119727 -0.150900868161 -0.0761612450638
v 0.213126341176 -0.15170165304 -0.0788576190339
v 0.213679285758 -0.152115479657 -0.0768518773208
v 0.211530175145 -0.150487041544 -0.0781669867769
f 1981 1983 1985
f 1981 1985 1984
f 1981 1984 1986
f 1981 1986 1983
f 1982 1985 1983
f 1982 1984 1985
f 1982 1986 1984
f 1982 1983 1986
v 0.213757888174 -0.150293089548 -0.0773692985095
v 0.211943222206 -0.152682008319 -0.0773619139384
v 0.212366763656 -0.151115816238 -0.075995292189
v 0.213334346724 -0.151859281629 -0.078735920259
v 0.213942659859 -0.152315245484 -0.0767555031077
v 0.211758450521 -0.150659852383 -0.0779757093403
f 1987 1989 1991
f 1987 1991 1990
f 1987 1990 1992
f 1987 1992 1989
f 1988 1991 1989
f 1988 1990 1991
f 1988 1992 1990
f 1988 1989 1992
v 0.214007544178 -0.150482321725 -0.0772363245424
v 0.21219287821 -0.152871240495 -0.0772289399713
v 0.212654828276 -0.151334161057 -0.0758418606884
v 0.213545594112 -0.152019401163 -0.0786234038253
v 0.214208534663 -0.152516946735 -0.076670724069
v 0.211991887725 -0.150836615486 -0.0777945404446
f 1993 1995 1997
f 1993 1997 1996
f 1993 1996 1998
f 1993 1998 1995
f 1994 1997 1995
f 1994 1996 1997
f 1994 1998 1996
f 1994 1995 1998
v 0.214260727281 -0.150674267195 -0.0771143644412
v 0.212446061312 -0.153063185965 -0.0771069798701
v 0.212946962625 -0.151555636599 -0.0757011374948
v 0.213759825968 -0.152181816561 -0.0785202068166
v 0.214476586244 -0.152720337666 -0.0765976434949
v 0.212230202348 -0.151017115495 -0.0776237008164
f 1999 2001 2003
f 1999 2003 2002
f 1999 2002 2004
f 1999 2004 2001
f 2000 2003 2001
f 2000 2002 2003
f 2000 2004 2002
f 2000 2001 2004
v 0.214517129016 -0.150868692103 -0.0770035667957
v 0.212702463048 -0.153257610873 -0.0769961822246
v 0.213242810781 -0.151779973031 -0.0755732940576
v 0.213976781283 -0.152346329944 -0.0784264549627
v 0.214746488023 -0.152925170478 -0.0765363504228
v 0.212473104041 -0.151201132498 -0.0774633985974
f 2005 2007 2009
f 2005 2009 2008
f 2005 2008 2010
f 2005 2010 2007
f 2006 2009 2007
f 2006 2008 2009
f 2006 2010 2008
f 2006 2007 2010
v 0.214776436999 -0.151065359571 -0.0769040665956
v 0.212961771031 -0.153454278341 -0.0768966820245
v 0.2135420123 -0.152006897033 -0.0754584861344
v 0.21419619573 -0.152512740879 -0.0783422624857
v 0.215017911164 -0.153131195613 -0.0764869195289
v 0.212720296866 -0.151388442299 -0.0773138290912
f 2011 2013 2015
f 2011 2015 2014
f 2011 2014 2016
f 2011 2016 2013
f 2012 2015 2013
f 2012 2014 2015
f 2012 2016 2014
f 2012 2013 2016
v 0.215038335303 -0.151264029991 -0.0768159850667
v 0.213223669335 -0.153652948761 -0.0768086004956
v 0.213844202651 -0.152236132133 -0.075356853601
v 0.214417801987 -0.152680846619 -0.0782677319612
v 0.215290524982 -0.153338162061 -0.0764494110371
v 0.212971479656 -0.15157881669 -0.0771751745251
f 2017 2019 2021
f 2017 2021 2020
f 2017 2020 2022
f 2017 2022 2019
f 2018 2021 2019
f 2018 2020 2021
f 2018 2022 2020
f 2018 2019 2022
v 0.215302504845 -0.151464461313 -0.0767394295226
v 0.213487838877 -0.153853380083 -0.0767320449515
v 0.214149013661 -0.152467399043 -0.075268520281
v 0.214641330061 -0.152850442353 -0.0782029541932
v 0.215563997338 -0.153545817666 -0.0764238706457
v 0.213226346384 -0.151772023729 -0.0770476038285
f 2023 2025 2027
f 2023 2027 2026
f 2023 2026 2028
f 2023 2028 2025
f 2024 2027 2025
f 2024 2026 2027
f 2024 2028 2026
f 2024 2025 2028
v 0.215568623775 -0.151666409342 -0.0766744932346
v 0.213753957806 -0.154055328113 -0.0766671086636
v 0.214456073964 -0.152700416 -0.0751935937949
v 0.214866507617 -0.153021321455 -0.0781480081033
v 0.215837995048 -0.153753909432 -0.0764103294717
v 0.213484586533 -0.151967828023 -0.0769312724265
f 2029 2031 2033
f 2029 2033 2032
f 2029 2032 2034
f 2029 2034 2031
f 2030 2033 2031
f 2030 2032 2033
f 2030 2034 2032
f 2030 2031 2034
v 0.215836367868 -0.151869628037 -0.0766212553176
v 0.214021701899 -0.154258546807 -0.0766138707465
v 0.214765009456 -0.15293489911 -0.075132165429
v 0.215093060311 -0.153193275735 -0.078102960635
v 0.216112184289 -0.15396218383 -0.076408804013
v 0.213745885478 -0.152165991015 -0.076826322051
f 2035 2037 2039
f 2035 2039 2038
f 2035 2038 2040
f 2035 2040 2037
f 2036 2039 2037
f 2036 2038 2039
f 2036 2040 2038
f 2036 2037 2040
v 0.216105410919 -0.152073869806 -0.0765797806336
v 0.21429074495 -0.154462788577 -0.0765723960625
v 0.215075443746 -0.153170562689 -0.0750843100244
v 0.215320712123 -0.153366095694 -0.0780678666717
v 0.216386231002 -0.15417038711 -0.0764192961282
v 0.214009924867 -0.152366271273 -0.0767328805679
f 2041 2043 2045
f 2041 2045 2044
f 2041 2044 2046
f 2041 2046 2043
f 2042 2045 2043
f 2042 2044 2045
f 2042 2046 2044
f 2042 2043 2046
v 0.21637542514 -0.152278885813 -0.0765501197133
v 0.214560759172 -0.154667804583 -0.0765427351422
v 0.215386998617 -0.15340711962 -0.0750500858856
v 0.215549185695 -0.153539570776 -0.0780427689699
v 0.216659801304 -0.154378265609 -0.0764417930341
v 0.214276383008 -0.152568424787 -0.0766510618213
f 2047 2049 2051
f 2047 2051 2050
f 2047 2050 2052
f 2047 2052 2049
f 2048 2051 2049
f 2048 2050 2051
f 2048 2052 2050
f 2048 2049 2052
v 0.216646081562 -0.152484426276 -0.0765323086938
v 0.214831415593 -0.154873345046 -0.0765249241227
v 0.215699294488 -0.153644281693 -0.0750295347093
v 0.215778202668 -0.153713489629 -0.0780276981072
v 0.216932561893 -0.154585566058 -0.0764762673218
v 0.214544935263 -0.152772205264 -0.0765809654947
f 2053 2055 2057
f 2053 2057 2056
f 2053 2056 2058
f 2053 2058 2055
f 2054 2057 2055
f 2054 2056 2057
f 2054 2058 2056
f 2054 2055 2058
v 0.21691705043 -0.152690240777 -0.0765263692753
v 0.215102384462 -0.155079159547 -0.0765189847042
v 0.216011950875 -0.153881759963 -0.075022681534
v 0.216007484018 -0.153887640361 -0.0780226724454
v 0.21720418045 -0.154792035895 -0.0765226769897
v 0.214815254442 -0.152977364429 -0.0765226769897
f 2059 2061 2063
f 2059 2063 2062
f 2059 2062 2064
f 2059 2064 2061
f 2060 2063 2061
f 2060 2062 2063
f 2060 2064 2062
f 2060 2061 2064
v 0.217188001612 -0.152896078562 -0.0765323086938
v 0.215373335643 -0.155284997332 -0.0765249241227
v 0.216324586853 -0.154119265099 -0.0750295347093
v 0.216236750402 -0.154061810794 -0.0780276981072
v 0.217474326051 -0.154997423567 -0.0765809654947
v 0.215087011204 -0.153183652326 -0.0764762673218
f 2065 2067 2069
f 2065 2069 2068
f 2065 2068 2070
f 2065 2070 2067
f 2066 2069 2067
f 2066 2068 2069
f 2066 2070 2068
f 2066 2067 2070
v 0.217458604994 -0.153101688849 -0.0765501197133
v 0.215643939025 -0.155490607619 -0.0765427351422
v 0.216636821524 -0.154356507738 -0.0750500858856
v 0.216465722494 -0.15423578873 -0.0780427689699
v 0.217742669565 -0.155201478841 -0.0766510618213
v 0.215359874453 -0.153390817627 -0.0764417930341
f 2071 2073 2075
f 2071 2075 2074
f 2071 2074 2076
f 2071 2076 2073
f 2072 2075 2073
f 2072 2074 2075
f 2072 2076 2074
f 2072 2073 2076
v 0.217728530888 -0.153306821134 -0.0765797806336
v 0.215913864919 -0.155695739905 -0.0765723960625
v 0.216948274479 -0.154593198837 -0.0750843100244
v 0.216694121328 -0.154409362202 -0.0780678666717
v 0.218008884057 -0.155403953107 -0.0767328805679
v 0.21563351175 -0.153598607932 -0.0764192961282
f 2077 2079 2081
f 2077 2081 2080
f 2077 2080 2082
f 2077 2082 2079
f 2078 2081 2079
f 2078 2080 2081
f 2078 2082 2080
f 2078 2079 2082
v 0.217997450431 -0.153511225496 -0.0766212553176
v 0.216182784462 -0.155900144266 -0.0766138707465
v 0.217258566259 -0.154829050023 -0.075132165429
v 0.216921668633 -0.154582319738 -0.078102960635
v 0.218272645185 -0.155604599682 -0.076826322051
v 0.215907589708 -0.15380677008 -0.076408804013
f 2083 2085 2087
f 2083 2087 2086
f 2083 2086 2088
f 2083 2088 2085
f 2084 2087 2085
f 2084 2086 2087
f 2084 2088 2086
f 2084 2085 2088
v 0.218265035986 -0.153714652898 -0.0766744932346
v 0.216450370017 -0.156103571668 -0.0766671086636
v 0.217567318823 -0.155063773949 -0.0751935937949
v 0.21714808718 -0.154754450617 -0.0781480081033
v 0.218533631597 -0.155803174108 -0.0769312724265
v 0.216181774405 -0.154015050458 -0.0764103294717
f 2089 2091 2093
f 2089 2093 2092
f 2089 2092 2094
f 2089 2094 2091
f 2090 2093 2091
f 2090 2092 2093
f 2090 2094 2092
f 2090 2091 2094
v 0.218530961541 -0.153916855496 -0.0767394295226
v 0.216716295572 -0.156305774266 -0.0767320449515
v 0.217874156002 -0.155297084639 -0.075268520281
v 0.217373101111 -0.154925545123 -0.0782029541932
v 0.218791525322 -0.155999434453 -0.0770476038285
v 0.216455731791 -0.154223195309 -0.0764238706457
f 2095 2097 2099
f 2095 2099 2098
f 2095 2098 2100
f 2095 2100 2097
f 2096 2099 2097
f 2096 2098 2099
f 2096 2100 2098
f 2096 2097 2100
v 0.218794903107 -0.154117586937 -0.0768159850667
v 0.216980237138 -0.156506505707 -0.0768086004956
v 0.218178703963 -0.15552869784 -0.075356853601
v 0.217596436282 -0.155095394804 -0.0782677319612
v 0.219046012155 -0.156193141605 -0.0771751745251
v 0.21672912809 -0.154430951039 -0.0764494110371
f 2101 2103 2105
f 2101 2105 2104
f 2101 2104 2106
f 2101 2106 2103
f 2102 2105 2103
f 2102 2104 2105
f 2102 2106 2104
f 2102 2103 2106
v 0.219056539111 -0.154316602661 -0.0769040665956
v 0.217241873143 -0.156705521431 -0.0768966820245
v 0.21848059166 -0.155758331368 -0.0754584861344
v 0.217817820594 -0.155263792724 -0.0783422624857
v 0.219296782044 -0.15638405956 -0.0773138290912
v 0.217001630211 -0.154638064532 -0.0764869195289
f 2107 2109 2111
f 2107 2111 2110
f 2107 2110 2112
f 2107 2112 2109
f 2108 2111 2109
f 2108 2110 2111
f 2108 2112 2110
f 2108 2109 2112
v 0.219315550792 -0.154513660197 -0.0770035667957
v 0.217500884823 -0.156902578968 -0.0769961822246
v 0.218779451291 -0.155985705448 -0.0755732940576
v 0.218036984323 -0.155430533717 -0.0784264549627
v 0.219543529463 -0.156571955715 -0.0774633985974
v 0.217272906151 -0.15484428345 -0.0765363504228
f 2113 2115 2117
f 2113 2117 2116
f 2113 2116 2118
f 2113 2118 2115
f 2114 2117 2115
f 2114 2116 2117
f 2114 2118 2116
f 2114 2115 2118
v 0.219571622581 -0.154708519462 -0.0771143644412
v 0.217756956613 -0.157097438233 -0.0771069798701
v 0.219074918741 -0.156210543062 -0.0757011374948
v 0.218253660453 -0.155595414633 -0.0785202068166
v 0.21978595379 -0.156756601148 -0.0776237008164
v 0.217542625404 -0.155049356547 -0.0765976434949
f 2119 2121 2123
f 2119 2123 2122
f 2119 2122 2124
f 2119 2124 2121
f 2120 2123 2121
f 2120 2122 2123
f 2120 2124 2122
f 2120 2121 2124
v 0.219824442497 -0.15490094305 -0.0772363245424
v 0.218009776528 -0.15728986182 -0.0772289399713
v 0.219366634028 -0.156432570278 -0.0758418606884
v 0.218467584997 -0.155758234592 -0.0786234038253
v 0.220023759668 -0.156937770895 -0.0777945404446
v 0.217810459358 -0.155253033975 -0.076670724069
f 2125 2127 2129
f 2125 2129 2128
f 2125 2128 2130
f 2125 2130 2127
f 2126 2129 2127
f 2126 2128 2129
f 2126 2130 2128
f 2126 2127 2130
v 0.220073702516 -0.155090696521 -0.0773692985095
v 0.218259036548 -0.157479615291 -0.0773619139384
v 0.219654241743 -0.156651516591 -0.075995292189
v 0.218678497321 -0.155918795222 -0.078735920259
v 0.220256657366 -0.157115244231 -0.0779757093403
v 0.218076081698 -0.155455067582 -0.0767555031077
f 2131 2133 2135
f 2131 2135 2134
f 2131 2134 2136
f 2131 2136 2133
f 2132 2135 2133
f 2132 2134 2135
f 2132 2136 2134
f 2132 2133 2136
v 0.220319098954 -0.155277548691 -0.0775131243344
v 0.218504432985 -0.157666467462 -0.0775057397633
v 0.219937391478 -0.156867115249 -0.0761612450638
v 0.218886140461 -0.156076900904 -0.0788576190339
v 0.220484363135 -0.15728880493 -0.0781669867769
v 0.218339168804 -0.155655211223 -0.0768518773208
f 2137 2139 2141
f 2137 2141 2140
f 2137 2140 2142
f 2137 2142 2139
f 2138 2141 2139
f 2138 2140 2141
f 2138 2142 2140
f 2138 2139 2142
v 0.220560332832 -0.155461271909 -0.0776676267874
v 0.218745666864 -0.15785019068 -0.0776602422163
v 0.220215738261 -0.157079103577 -0.0763395171249
v 0.219090261435 -0.156232359012 -0.0789883518787
v 0.220706599551 -0.157458241536 -0.0783681397126
v 0.218599400145 -0.155853221053 -0.0769597292911
f 2143 2145 2147
f 2143 2147 2146
f 2143 2146 2148
f 2143 2148 2145
f 2144 2147 2145
f 2144 2146 2147
f 2144 2148 2146
f 2144 2145 2148
v 0.220797110245 -0.155641642337 -0.077832617631
v 0.218982444277 -0.158030561107 -0.0778252330599
v 0.220488942969 -0.157287223302 -0.0765298911753
v 0.219290611553 -0.156384980143 -0.0791279595156
v 0.220923095852 -0.157623347616 -0.0785789230733
v 0.21885645867 -0.156048855828 -0.0770789276176
f 2149 2151 2153
f 2149 2153 2152
f 2149 2152 2154
f 2149 2154 2151
f 2150 2153 2151
f 2150 2152 2153
f 2150 2154 2152
f 2150 2151 2154
v 0.221029142716 -0.155818440221 -0.0780078958494
v 0.219214476748 -0.158207358991 -0.0780005112783
v 0.220756672743 -0.15749122086 -0.0767321352734
v 0.219486946721 -0.156534578352 -0.0792762718542
v 0.221133588271 -0.157783922015 -0.078799080052
v 0.219110031192 -0.156241877197 -0.0772093270756
f 2155 2157 2159
f 2155 2159 2158
f 2155 2158 2160
f 2155 2160 2157
f 2156 2159 2157
f 2156 2158 2159
f 2156 2160 2158
f 2156 2157 2160
v 0.221256147549 -0.155991450159 -0.0781932478929
v 0.21944148158 -0.15838036893 -0.0781858633218
v 0.221018601396 -0.157690847712 -0.076946003016
v 0.219679027733 -0.156680971377 -0.0794331081988
v 0.221337820356 -0.157939769097 -0.0790283424214
v 0.219359808773 -0.156432049992 -0.0773507687933
f 2161 2163 2165
f 2161 2165 2164
f 2161 2164 2166
f 2161 2166 2163
f 2162 2165 2163
f 2162 2164 2165
f 2162 2166 2164
f 2162 2163 2166
v 0.221477848173 -0.156160461367 -0.0783884479388
v 0.219663182204 -0.158549380137 -0.0783810633677
v 0.221274409808 -0.157885860644 -0.0771712338382
v 0.219866620569 -0.15682398086 -0.0795982774684
v 0.221535543282 -0.158090698985 -0.0792664308606
v 0.219605487096 -0.156619142519 -0.0775030804459
f 2167 2169 2171
f 2167 2171 2170
f 2167 2170 2172
f 2167 2172 2169
f 2168 2171 2169
f 2168 2170 2171
f 2168 2172 2170
f 2168 2169 2172
v 0.221693974481 -0.15632526793 -0.0785932581658
v 0.219879308512 -0.1587141867 -0.0785858735947
v 0.221523786317 -0.158076022062 -0.0774075533308
v 0.220049496676 -0.156963432567 -0.0797715784297
v 0.221726516152 -0.158236527797 -0.0795130552955
v 0.21984676684 -0.156802926833 -0.0776660764651
f 2173 2175 2177
f 2173 2177 2176
f 2173 2176 2178
f 2173 2178 2175
f 2174 2177 2175
f 2174 2176 2177
f 2174 2178 2176
f 2174 2175 2178
v 0.221904263155 -0.156485669056 -0.0788074290442
v 0.220089597186 -0.158874587826 -0.0788000444731
v 0.221766427095 -0.158261100285 -0.0776546735752
v 0.220227433246 -0.157099156597 -0.0799527999422
v 0.221910506297 -0.158377077861 -0.0797679152522
v 0.220083354044 -0.156983179021 -0.0778395582652
f 2179 2181 2183
f 2179 2183 2182
f 2179 2182 2184
f 2179 2184 2181
f 2180 2183 2181
f 2180 2182 2183
f 2180 2184 2182
f 2180 2181 2184
v 0.222108457992 -0.156641469321 -0.0790306996398
v 0.220293792023 -0.159030388092 -0.0790233150687
v 0.222002036522 -0.158440869822 -0.0779122934932
v 0.220400213493 -0.157230987591 -0.0801417212154
v 0.222087289553 -0.158512177939 -0.0800307002231
v 0.220314960462 -0.157159679474 -0.0780233144855
f 2185 2187 2189
f 2185 2189 2188
f 2185 2188 2190
f 2185 2190 2187
f 2186 2189 2187
f 2186 2188 2189
f 2186 2190 2188
f 2186 2187 2190
v 0.222306310211 -0.156792478908 -0.0792627979318
v 0.220491644242 -0.159181397678 -0.0792554133607
v 0.222230327544 -0.158615111653 -0.0781800992146
v 0.220567626909 -0.157358764933 -0.0803381120778
v 0.222256650536 -0.158641663432 -0.0803010900452
v 0.220541303918 -0.157332213154 -0.0782171212473
f 2191 2193 2195
f 2191 2195 2194
f 2191 2194 2196
f 2191 2196 2193
f 2192 2195 2193
f 2192 2194 2195
f 2192 2196 2194
f 2192 2193 2196
v 0.22249757876 -0.156938513833 -0.0795034411441
v 0.220682912792 -0.159327432603 -0.079496056573
v 0.222451022024 -0.15878361349 -0.0784577644596
v 0.220729469528 -0.157482332947 -0.0805417332574
v 0.222418382906 -0.158765376582 -0.0805787552901
v 0.220762108646 -0.157500569854 -0.0784207424269
f 2197 2199 2201
f 2197 2201 2200
f 2197 2200 2202
f 2197 2202 2199
f 2198 2201 2199
f 2198 2200 2201
f 2198 2202 2200
f 2198 2199 2202
v 0.222682030608 -0.157079396176 -0.07975233609
v 0.22086736464 -0.159468314947 -0.0797449515189
v 0.22266385108 -0.158946170039 -0.0787449509357
v 0.220885544168 -0.157601541084 -0.0807523366732
v 0.222572289617 -0.158883166664 -0.0808633576656
v 0.220977105631 -0.157664544459 -0.0786339299433
f 2203 2205 2207
f 2203 2207 2206
f 2203 2206 2208
f 2203 2208 2205
f 2204 2207 2205
f 2204 2206 2207
f 2204 2208 2206
f 2204 2205 2208
v 0.222859441029 -0.157214954294 -0.0800091795294
v 0.221044775061 -0.159603873064 -0.0800017949583
v 0.222868555412 -0.159102583252 -0.0790413087504
v 0.221035660678 -0.157716244106 -0.0809696657374
v 0.222718183159 -0.158994890169 -0.0811545504274
v 0.221186032931 -0.157823937189 -0.0788564240604
f 2209 2211 2213
f 2209 2213 2212
f 2209 2212 2214
f 2209 2214 2211
f 2210 2213 2211
f 2210 2212 2213
f 2210 2214 2212
f 2210 2211 2214
v 0.223029593875 -0.157345023029 -0.0802736585382
v 0.221214927907 -0.1597339418 -0.0802662739671
v 0.223064885619 -0.159252662562 -0.0793464768374
v 0.221179636163 -0.157826302267 -0.0811934556679
v 0.22285588578 -0.159100410979 -0.0814519788021
v 0.221388636001 -0.15797855385 -0.0790879537032
f 2215 2217 2219
f 2215 2219 2218
f 2215 2218 2220
f 2215 2220 2217
f 2216 2219 2217
f 2216 2218 2219
f 2216 2220 2218
f 2216 2217 2220
v 0.223192281842 -0.157469443914 -0.0805454508893
v 0.221377615873 -0.159858362684 -0.0805380663183
v 0.223252602503 -0.159396225121 -0.0796600833965
v 0.221317295212 -0.157931581477 -0.0814234338111
v 0.222985229714 -0.159199600532 -0.0817552804189
v 0.221584668001 -0.158128206065 -0.0793282367887
f 2221 2223 2225
f 2221 2225 2224
f 2221 2224 2226
f 2221 2226 2223
f 2222 2225 2223
f 2222 2224 2225
f 2222 2226 2224
f 2222 2223 2226
v 0.223347306718 -0.157588065359 -0.0808242254458
v 0.221532640749 -0.159976984129 -0.0808168408747
v 0.22343147736 -0.15953309602 -0.0799817463462
v 0.221448470107 -0.158031953469 -0.0816593199743
v 0.223106057373 -0.159292337983 -0.0820640857517
v 0.221773890095 -0.158272711506 -0.0795769805688
f 2227 2229 2231
f 2227 2231 2230
f 2227 2230 2232
f 2227 2232 2229
f 2228 2231 2229
f 2228 2230 2231
f 2228 2232 2230
f 2228 2229 2232
v 0.22349447963 -0.157700742844 -0.0811096425637
v 0.221679813662 -0.160089661614 -0.0811022579926
v 0.223601292259 -0.159663108502 -0.0803110737899
v 0.221573001033 -0.158127295956 -0.0819008267663
v 0.223218221548 -0.159378510344 -0.0823780185685
v 0.221956071745 -0.158411894115 -0.0798338819877
f 2233 2235 2237
f 2233 2237 2236
f 2233 2236 2238
f 2233 2238 2235
f 2234 2237 2235
f 2234 2236 2237
f 2234 2238 2236
f 2234 2235 2238
v 0.223633621272 -0.157807339088 -0.0814013545062
v 0.221818955303 -0.160196257859 -0.0813939699351
v 0.223761840307 -0.159786104169 -0.0806476644928
v 0.221690736268 -0.158217492778 -0.0821476599485
v 0.223321585584 -0.159458012627 -0.0826966963908
v 0.222130990991 -0.15854558432 -0.0800986280505
f 2239 2241 2243
f 2239 2243 2242
f 2239 2242 2244
f 2239 2244 2241
f 2240 2243 2241
f 2240 2242 2243
f 2240 2244 2242
f 2240 2241 2244
v 0.223764562119 -0.157907724221 -0.0816990058673
v 0.22194989615 -0.160296642991 -0.0816916212962
v 0.2239129259 -0.159901933168 -0.080991108371
v 0.221801532369 -0.158302434044 -0.0823995187925
v 0.223416023547 -0.159530747972 -0.0830197309586
v 0.222298434722 -0.15867361924 -0.0803708962048
f 2245 2247 2249
f 2245 2249 2248
f 2245 2248 2250
f 2245 2250 2247
f 2246 2249 2247
f 2246 2248 2249
f 2246 2250 2248
f 2246 2247 2250
v 0.223887142641 -0.158001775937 -0.0820022340046
v 0.222072476672 -0.160390694708 -0.0819948494335
v 0.224054364963 -0.160010454379 -0.081340986991
v 0.221905254349 -0.158382016266 -0.0826560964471
v 0.223501420381 -0.159596627762 -0.0833467287041
v 0.222458198932 -0.158795842883 -0.080650354734
f 2251 2253 2255
f 2251 2255 2254
f 2251 2254 2256
f 2251 2256 2253
f 2252 2255 2253
f 2252 2254 2255
f 2252 2256 2254
f 2252 2253 2256
v 0.224001213492 -0.158089379651 -0.0823106694814
v 0.222186547523 -0.160478298421 -0.0823032849103
v 0.224185985176 -0.160111535587 -0.0816968740796
v 0.222001775839 -0.158456142485 -0.0829170803121
v 0.223577672042 -0.159655571731 -0.0836772912308
v 0.222610088973 -0.15891210634 -0.0809366631608
f 2257 2259 2261
f 2257 2261 2260
f 2257 2260 2262
f 2257 2262 2259
f 2258 2261 2259
f 2258 2260 2261
f 2258 2262 2260
f 2258 2259 2262
v 0.224106635694 -0.158170428629 -0.0826239365165
v 0.222291969726 -0.160559347399 -0.0826165519454
v 0.224307626179 -0.160205053639 -0.0820583360432
v 0.222090979241 -0.15852472239 -0.0831821524187
v 0.223644685628 -0.159707508067 -0.0840110157994
v 0.222753919792 -0.159022267961 -0.0812294726625
f 2263 2265 2267
f 2263 2267 2266
f 2263 2266 2268
f 2263 2268 2265
f 2264 2267 2265
f 2264 2266 2267
f 2264 2268 2266
f 2264 2265 2268
v 0.224203280808 -0.158244824127 -0.0829416534423
v 0.222388614839 -0.160633742897 -0.0829342688712
v 0.224419139771 -0.160290894598 -0.082424932496
v 0.222172755875 -0.158587672426 -0.0834509898175
v 0.223702379495 -0.159752373493 -0.0843474958177
v 0.222889516152 -0.159126193531 -0.0815284264959
f 2269 2271 2273
f 2269 2273 2272
f 2269 2272 2274
f 2269 2274 2271
f 2270 2273 2271
f 2270 2272 2273
f 2270 2274 2272
f 2270 2271 2274
v 0.224291031084 -0.158312475505 -0.0832634331697
v 0.222476365116 -0.160701394275 -0.0832560485987
v 0.224520390091 -0.16036895388 -0.0827962167969
v 0.22224700611 -0.1586449159 -0.0837232649715
v 0.223750683351 -0.159790113347 -0.0846863213367
v 0.223016712849 -0.159223756434 -0.0818331604317
f 2275 2277 2279
f 2275 2279 2278
f 2275 2278 2280
f 2275 2280 2277
f 2276 2279 2277
f 2276 2278 2279
f 2276 2280 2278
f 2276 2277 2280
v 0.224369779615 -0.15837330034 -0.0835888836597
v 0.222555113646 -0.16076221911 -0.0835814990886
v 0.224611253779 -0.160439136382 -0.083171736593
v 0.222313639481 -0.158696383068 -0.0839986461553
v 0.223789538345 -0.159820681648 -0.0850270795498
v 0.223135354916 -0.159314837802 -0.0821433031985
f 2281 2283 2285
f 2281 2285 2284
f 2281 2284 2286
f 2281 2286 2283
f 2282 2285 2283
f 2282 2284 2285
f 2282 2286 2284
f 2282 2283 2286
v 0.224439430455 -0.158427224527 -0.0839176084009
v 0.222624764487 -0.160816143297 -0.0839102238298
v 0.224691620134 -0.160501356597 -0.0835510343714
v 0.222372574808 -0.158742011226 -0.0842767978594
v 0.223818897139 -0.159844041155 -0.0853693552955
v 0.223245297803 -0.159399326669 -0.0824584769353
f 2287 2289 2291
f 2287 2291 2290
f 2287 2290 2292
f 2287 2292 2289
f 2288 2291 2289
f 2288 2290 2291
f 2288 2292 2290
f 2288 2289 2292
v 0.224499898748 -0.158474182366 -0.084249206893
v 0.222685232779 -0.160863101137 -0.0842418223219
v 0.224761391241 -0.16055553872 -0.083933648016
v 0.222423740286 -0.158781744783 -0.0845573811988
v 0.223838723963 -0.159860163406 -0.0857127315635
v 0.223346407563 -0.159477120096 -0.0827782976513
f 2293 2295 2297
f 2293 2297 2296
f 2293 2296 2298
f 2293 2298 2295
f 2294 2297 2295
f 2294 2296 2297
f 2294 2298 2296
f 2294 2295 2298
v 0.22455111082 -0.158514116648 -0.0845832751341
v 0.222736444852 -0.160903035419 -0.084575890563
v 0.224820482093 -0.160601616738 -0.0843191113712
v 0.222467073578 -0.158815535329 -0.0848400543259
v 0.223848994662 -0.159869028761 -0.0860567900028
v 0.22343856101 -0.159548123306 -0.0831023756943
f 2299 2301 2303
f 2299 2303 2302
f 2299 2302 2304
f 2299 2304 2301
f 2300 2303 2301
f 2300 2302 2303
f 2300 2304 2302
f 2300 2301 2304
v 0.224593004279 -0.158546978719 -0.0849194061137
v 0.22277833831 -0.160935897489 -0.0849120215426
v 0.2248688207 -0.160639534511 -0.0847069548091
v 0.22250252189 -0.158843341696 -0.0851244728471
v 0.223849696722 -0.159870626417 -0.0864011114311
v 0.223521645867 -0.159612249791 -0.0834303162251
f 2305 2307 2309
f 2305 2309 2308
f 2305 2308 2310
f 2305 2310 2307
f 2306 2309 2307
f 2306 2308 2309
f 2306 2310 2308
f 2306 2307 2310
v 0.224625528083 -0.158572728541 -0.0852571903078
v 0.222810862115 -0.160961647311 -0.0852498057367
v 0.224906348166 -0.160669245844 -0.0850967058024
v 0.222530042032 -0.158865130007 -0.0854102902422
v 0.223840829288 -0.159864954428 -0.0867452763459
v 0.22359556091 -0.159669421424 -0.0837617196987
f 2311 2313 2315
f 2311 2315 2314
f 2311 2314 2316
f 2311 2316 2313
f 2312 2315 2313
f 2312 2314 2315
f 2312 2316 2314
f 2312 2313 2316
v 0.224648642608 -0.158591334741 -0.0855962161786
v 0.222833976639 -0.160980253511 -0.0855888316075
v 0.224933018772 -0.160690714537 -0.0854878894994
v 0.222549600476 -0.158880873715 -0.0856971582867
v 0.223822403163 -0.159852019704 -0.0870888654352
v 0.223660216084 -0.159719568548 -0.0840961823509
f 2317 2319 2321
f 2317 2321 2320
f 2317 2320 2322
f 2317 2322 2319
f 2318 2321 2319
f 2318 2320 2321
f 2318 2322 2320
f 2318 2319 2322
v 0.224662319692 -0.158602774652 -0.0859360706751
v 0.222847653723 -0.160991693422 -0.085928686104
v 0.224948800022 -0.160703914434 -0.0858800293031
v 0.222561173393 -0.15889055364 -0.085984727476
v 0.223794440797 -0.159831838005 -0.0874314600885
v 0.223715532617 -0.159762630069 -0.0844332966906
f 2323 2325 2327
f 2323 2327 2326
f 2323 2326 2328
f 2323 2328 2325
f 2324 2327 2325
f 2324 2326 2327
f 2324 2328 2326
f 2324 2325 2328
v 0.224865619838 -0.158758256957 -0.0862763397371
v 0.223050953869 -0.161147175728 -0.086268955166
v 0.225152749857 -0.160860052076 -0.0862726474516
v 0.22276382385 -0.159045380609 -0.0862726474516
v 0.223956053425 -0.159955656542 -0.0877726429072
v 0.223960520282 -0.159949776144 -0.0847726519959
f 2329 2331 2333
f 2329 2333 2332
f 2329 2332 2334
f 2329 2334 2331
f 2330 2333 2331
f 2330 2332 2333
f 2330 2334 2332
f 2330 2331 2334
v 0.224860249304 -0.158755256204 -0.0866253336468
v 0.223045583335 -0.161144174975 -0.0866179490757
v 0.225146573743 -0.16085660121 -0.0866739904477
v 0.222759258896 -0.159042829969 -0.0865692922748
v 0.223908998094 -0.159920988437 -0.0881207230603
v 0.223996834545 -0.159978442742 -0.0851225596623
f 2335 2337 2339
f 2335 2339 2338
f 2335 2338 2340
f 2335 2340 2337
f 2336 2339 2337
f 2336 2338 2339
f 2336 2340 2338
f 2336 2337 2340
v 0.224845183518 -0.158744889449 -0.0869739023612
v 0.22303051755 -0.161133808219 -0.0869665177901
v 0.22512924809 -0.16084467944 -0.0870748444693
v 0.222746452978 -0.159034018227 -0.0868655756821
v 0.223852301019 -0.159878989329 -0.0884665516178
v 0.224023400049 -0.159999708338 -0.0854738685336
f 2341 2343 2345
f 2341 2345 2344
f 2341 2344 2346
f 2341 2346 2343
f 2342 2345 2343
f 2342 2344 2345
f 2342 2346 2344
f 2342 2343 2346
v 0.224820440837 -0.15872716932 -0.087321621203
v 0.223005774868 -0.16111608809 -0.0873142366319
v 0.225100794006 -0.160824301293 -0.0874747211374
v 0.222725421699 -0.159018956118 -0.0871611366976
v 0.223786031277 -0.159829710388 -0.0888097072411
v 0.224040184428 -0.160013547023 -0.0858261505939
f 2347 2349 2351
f 2347 2351 2350
f 2347 2350 2352
f 2347 2352 2349
f 2348 2351 2349
f 2348 2350 2351
f 2348 2352 2350
f 2348 2349 2352
v 0.224786051404 -0.158702117408 -0.0876680665304
v 0.222971385436 -0.161091036178 -0.0876606819593
v 0.225061246159 -0.160795491594 -0.0878731332638
v 0.222696190681 -0.158997661993 -0.0874556152258
v 0.223710269607 -0.159773211651 -0.0891497718478
v 0.224047167233 -0.160019941936 -0.0861789766418
f 2353 2355 2357
f 2353 2357 2356
f 2353 2356 2358
f 2353 2358 2355
f 2354 2357 2355
f 2354 2356 2357
f 2354 2358 2356
f 2354 2355 2358
v 0.224742057119 -0.158669764235 -0.088012816253
v 0.222927391151 -0.161058683005 -0.0880054316819
v 0.225010652731 -0.160758285445 -0.0882695954449
v 0.222658795539 -0.158970161795 -0.0877486524901
v 0.223625108314 -0.159709561954 -0.0894863311217
v 0.224044339957 -0.160018885286 -0.0865319168132
f 2359 2361 2363
f 2359 2363 2362
f 2359 2362 2364
f 2359 2364 2361
f 2360 2363 2361
f 2360 2362 2363
f 2360 2364 2362
f 2360 2361 2364
v 0.224688511582 -0.158630149218 -0.0883554503465
v 0.222873845614 -0.161019067988 -0.0883480657754
v 0.224949075363 -0.160712728175 -0.0886636246523
v 0.222613281832 -0.158936489031 -0.0880398914695
v 0.223530651152 -0.159638838845 -0.089818975017
v 0.224031706043 -0.160010378361 -0.0868845411049
f 2365 2367 2369
f 2365 2369 2368
f 2365 2368 2370
f 2365 2370 2367
f 2366 2369 2367
f 2366 2368 2369
f 2366 2370 2368
f 2366 2367 2370
v 0.224625480029 -0.158583320621 -0.0886955513639
v 0.222810814061 -0.160972239391 -0.0886881667929
v 0.224876589078 -0.160658875289 -0.0890547408224
v 0.222559705013 -0.158896684723 -0.0883289773344
v 0.223427013205 -0.159561128488 -0.0901472982585
v 0.224009280885 -0.159994431524 -0.0872364198983
f 2371 2373 2375
f 2371 2375 2374
f 2371 2374 2376
f 2371 2376 2373
f 2372 2375 2373
f 2372 2374 2375
f 2372 2376 2374
f 2372 2373 2376
v 0.224553039256 -0.158529335498 -0.0890327049447
v 0.222738373287 -0.160918254269 -0.0890253203736
v 0.224793282188 -0.160596792398 -0.0894424674403
v 0.222498130355 -0.158850797369 -0.088615557878
v 0.223314320738 -0.159476525562 -0.0904709008348
v 0.223977091804 -0.159971064205 -0.0875871244835
f 2377 2379 2381
f 2377 2381 2380
f 2377 2380 2382
f 2377 2382 2379
f 2378 2381 2379
f 2378 2380 2381
f 2378 2382 2380
f 2378 2379 2382
v 0.224471277518 -0.158468259623 -0.089366500319
v 0.22265661155 -0.160857178393 -0.0893591157479
v 0.22469925619 -0.160526555141 -0.0898263321208
v 0.222428632878 -0.158798882875 -0.0888992839462
v 0.22319271105 -0.159385133142 -0.090789388486
v 0.223935178018 -0.159940304873 -0.0879362275809
f 2383 2385 2387
f 2383 2387 2386
f 2383 2386 2388
f 2383 2388 2385
f 2384 2387 2385
f 2384 2386 2387
f 2384 2388 2386
f 2384 2385 2388
v 0.224380294432 -0.158400167405 -0.0896965308087
v 0.222565628464 -0.160789086175 -0.0896891462376
v 0.224594625641 -0.16044824909 -0.0902058671839
v 0.222351297255 -0.15874100449 -0.0891798098624
v 0.223062332304 -0.159287062576 -0.091102373184
v 0.223883590592 -0.159902191004 -0.0882833038622
f 2389 2391 2393
f 2389 2393 2392
f 2389 2392 2394
f 2389 2394 2391
f 2390 2393 2391
f 2390 2392 2393
f 2390 2394 2392
f 2390 2391 2394
v 0.224280200846 -0.158325141806 -0.0900223943224
v 0.222465534877 -0.160714060576 -0.0900150097513
v 0.224479518016 -0.160361969651 -0.0905806102246
v 0.222266217706 -0.15867723273 -0.089456793849
v 0.222923343346 -0.159182433348 -0.0914094736052
v 0.223822392377 -0.159856769034 -0.0886279304684
f 2395 2397 2399
f 2395 2399 2398
f 2395 2398 2400
f 2395 2400 2397
f 2396 2399 2397
f 2396 2398 2399
f 2396 2400 2398
f 2396 2397 2400
v 0.224171118708 -0.158243274231 -0.0903436938456
v 0.222356452739 -0.160632193002 -0.0903363092745
v 0.224354073558 -0.160267821941 -0.0909501046763
v 0.222173497889 -0.158607645292 -0.0897298984437
v 0.222775913512 -0.159071372932 -0.091710315595
v 0.223751657934 -0.159804094301 -0.088969687525
f 2401 2403 2405
f 2401 2405 2404
f 2401 2404 2406
f 2401 2406 2403
f 2402 2405 2403
f 2402 2404 2405
f 2402 2406 2404
f 2402 2403 2406
v 0.224053180918 -0.158154664425 -0.0906600379243
v 0.222238514949 -0.160543583196 -0.0906526533532
v 0.224218445099 -0.160165920664 -0.0913139003668
v 0.222073250767 -0.158532326957 -0.0899987909107
v 0.222620222424 -0.158954016638 -0.0920045326238
v 0.223671473442 -0.159744230983 -0.0893081586537
f 2407 2409 2411
f 2407 2411 2410
f 2407 2410 2412
f 2407 2412 2409
f 2408 2411 2409
f 2408 2410 2411
f 2408 2412 2410
f 2408 2409 2412
v 0.223926531165 -0.158059420345 -0.0909710411421
v 0.222111865196 -0.160448339115 -0.090963656571
v 0.224072797883 -0.160056389972 -0.0916715540673
v 0.221965598478 -0.158451369489 -0.0902631436458
v 0.222456459767 -0.158830507447 -0.0922917662334
v 0.223581936594 -0.159677252013 -0.0896429314796
f 2413 2415 2417
f 2413 2417 2416
f 2413 2416 2418
f 2413 2418 2415
f 2414 2417 2415
f 2414 2416 2417
f 2414 2418 2416
f 2414 2415 2418
v 0.223791323752 -0.157957658031 -0.0912763245893
v 0.221976657784 -0.160346576801 -0.0912689400182
v 0.223917309359 -0.15993936331 -0.0920226300316
v 0.221850672177 -0.158364871522 -0.090522634576
v 0.22228482506 -0.158700995836 -0.092571666474
v 0.223483156476 -0.159603238996 -0.0899735981336
f 2419 2421 2423
f 2419 2423 2422
f 2419 2422 2424
f 2419 2424 2421
f 2420 2423 2421
f 2420 2422 2423
f 2420 2424 2422
f 2420 2421 2424
v 0.223647723409 -0.157849501464 -0.0915755163252
v 0.221833057441 -0.160238420234 -0.0915681317542
v 0.223752168965 -0.159814983258 -0.0923667005279
v 0.221728611886 -0.15827293844 -0.0907769475515
v 0.222105527414 -0.158565639595 -0.0928438923301
v 0.223375253436 -0.159522282103 -0.0902997557493
f 2425 2427 2429
f 2425 2429 2428
f 2425 2428 2430
f 2425 2430 2427
f 2426 2429 2427
f 2426 2428 2429
f 2426 2430 2428
f 2426 2427 2430
v 0.223495905091 -0.157735082417 -0.0918682518308
v 0.221681239123 -0.160124001187 -0.0918608672597
v 0.223577577899 -0.159683401354 -0.0927033463593
v 0.221599566315 -0.15817568225 -0.0910257727312
v 0.221918785276 -0.158424603635 -0.0931081121366
v 0.223258358938 -0.15943447997 -0.0906210069538
f 2431 2433 2435
f 2431 2435 2434
f 2431 2434 2436
f 2431 2436 2433
f 2432 2435 2433
f 2432 2434 2435
f 2432 2436 2434
f 2432 2433 2436
v 0.223336053765 -0.157614540292 -0.0921541744528
v 0.221521387797 -0.160003459062 -0.0921467898817
v 0.223393748874 -0.15954477791 -0.0930321573746
v 0.221463692688 -0.158073221444 -0.0912688069599
v 0.221724826162 -0.158278059785 -0.0933640039823
v 0.223132615401 -0.159339939569 -0.0909369603521
f 2437 2439 2441
f 2437 2441 2440
f 2437 2440 2442
f 2437 2442 2439
f 2438 2441 2439
f 2438 2440 2441
f 2438 2442 2440
f 2438 2439 2442
v 0.223168364185 -0.15748802195 -0.0924329358386
v 0.221353698217 -0.159876940721 -0.0924255512675
v 0.223200905857 -0.159399281818 -0.0933527329682
v 0.221321156545 -0.157965680854 -0.0915057541378
v 0.22152388638 -0.158126186588 -0.0936112561024
v 0.222998176022 -0.159238776083 -0.0912472310036
f 2443 2445 2447
f 2443 2447 2446
f 2443 2446 2448
f 2443 2448 2445
f 2444 2447 2445
f 2444 2446 2447
f 2444 2448 2446
f 2444 2445 2448
v 0.222993040656 -0.157355681536 -0.0927041963604
v 0.221178374687 -0.159744600306 -0.0926968117893
v 0.222999283798 -0.159247090341 -0.0936646825683
v 0.221172131545 -0.157853191501 -0.0917363255813
v 0.221316210747 -0.157969169077 -0.0938495672583
v 0.222855204596 -0.159131112765 -0.0915514408913
f 2449 2451 2453
f 2449 2453 2452
f 2449 2452 2454
f 2449 2454 2451
f 2450 2453 2451
f 2450 2452 2453
f 2450 2454 2452
f 2450 2451 2454
v 0.22281029678 -0.157217680284 -0.092967625529
v 0.220995630812 -0.159606599055 -0.0929602409579
v 0.222789128341 -0.159088388902 -0.0939676261123
v 0.221016799251 -0.157735890437 -0.0919602403747
v 0.221102052281 -0.157807198554 -0.0940786471046
v 0.222703875311 -0.159017080785 -0.0918492193824
f 2455 2457 2459
f 2455 2459 2458
f 2455 2458 2460
f 2455 2460 2457
f 2456 2459 2457
f 2456 2458 2459
f 2456 2460 2458
f 2456 2457 2460
v 0.222620355205 -0.15707418633 -0.0932229023966
v 0.220805689237 -0.1594631051 -0.0932155178256
v 0.22257069553 -0.158923370854 -0.09426119451
v 0.220855348912 -0.157613920576 -0.0921772257122
v 0.220881671903 -0.157640472355 -0.0942982165427
v 0.222544372539 -0.158896819074 -0.0921402036795
f 2461 2463 2465
f 2461 2465 2464
f 2461 2464 2466
f 2461 2466 2463
f 2462 2465 2463
f 2462 2464 2465
f 2462 2466 2464
f 2462 2463 2466
v 0.222423447345 -0.156925374497 -0.0934697159477
v 0.220608781376 -0.159314293267 -0.0934623313766
v 0.22234425149 -0.158752237246 -0.0945450300937
v 0.220687977231 -0.157487430518 -0.0923870172306
v 0.220655338112 -0.15746919361 -0.0945080080611
v 0.222376890609 -0.158770474153 -0.0924240392632
f 2467 2469 2471
f 2467 2471 2470
f 2467 2470 2472
f 2467 2472 2469
f 2468 2471 2469
f 2468 2470 2471
f 2468 2472 2470
f 2468 2469 2472
v 0.222219813101 -0.15677142609 -0.0937077654779
v 0.220405147132 -0.15916034486 -0.0937003809068
v 0.22211007211 -0.158575196578 -0.0948187870535
v 0.220514888123 -0.157356574372 -0.0925893593312
v 0.220423326661 -0.157293570997 -0.0947077660611
v 0.222201633572 -0.158638199953 -0.0927003803236
f 2473 2475 2477
f 2473 2477 2476
f 2473 2476 2478
f 2473 2478 2475
f 2474 2477 2475
f 2474 2476 2477
f 2474 2478 2476
f 2474 2475 2478
v 0.22200970057 -0.156612528671 -0.0939367609606
v 0.220195034602 -0.159001447441 -0.0939293763895
v 0.221868442699 -0.158392464546 -0.0950821318585
v 0.220336292472 -0.157221511566 -0.0927840054915
v 0.220185920219 -0.157113818483 -0.0948972471685
v 0.222018814952 -0.158500157629 -0.0929688901815
f 2479 2481 2483
f 2479 2483 2482
f 2479 2482 2484
f 2479 2484 2481
f 2480 2483 2481
f 2480 2482 2483
f 2480 2484 2482
f 2480 2481 2484
v 0.221793365743 -0.156448875833 -0.0941564234
v 0.219978699774 -0.158837794603 -0.0941490388289
v 0.221619657648 -0.158204263783 -0.0953347436638
v 0.220152407869 -0.157082406654 -0.092970718565
v 0.219943408031 -0.156930155071 -0.0950762205296
v 0.221828657486 -0.158356515366 -0.0932292416992
f 2485 2487 2489
f 2485 2489 2488
f 2485 2488 2490
f 2485 2490 2487
f 2486 2489 2487
f 2486 2488 2489
f 2486 2490 2488
f 2486 2487 2490
v 0.221571072189 -0.156280666962 -0.0943664851712
v 0.219756406221 -0.158669585732 -0.0943591006002
v 0.221364020061 -0.158010823581 -0.0955763147008
v 0.219963458348 -0.156939429113 -0.0931492710706
v 0.219696085559 -0.156742804525 -0.0952444680931
v 0.22163139285 -0.158207448169 -0.0934811176784
f 2491 2493 2495
f 2491 2495 2494
f 2491 2494 2496
f 2491 2496 2493
f 2492 2495 2493
f 2492 2494 2495
f 2492 2496 2494
f 2492 2493 2496
v 0.22134309074 -0.156108106993 -0.0945666903465
v 0.219528424771 -0.158497025763 -0.0945593057754
v 0.221101841395 -0.157812379617 -0.0958065506524
v 0.219769674116 -0.15679275314 -0.0933194454696
v 0.219444254129 -0.156551995103 -0.095401784875
v 0.221427261382 -0.158053137653 -0.0937242112469
f 2497 2499 2501
f 2497 2501 2500
f 2497 2500 2502
f 2497 2502 2499
f 2498 2501 2499
f 2498 2500 2501
f 2498 2502 2500
f 2498 2499 2502
v 0.221109699155 -0.155931406165 -0.0947567950066
v 0.219295033187 -0.158320324935 -0.0947494104355
v 0.220833441072 -0.157609173664 -0.0960251710115
v 0.21957129127 -0.156642557436 -0.0934810344306
v 0.219188220558 -0.156357959277 -0.0955479792093
v 0.221216511784 -0.157893771823 -0.0939582262328
f 2503 2505 2507
f 2503 2507 2506
f 2503 2506 2508
f 2503 2508 2505
f 2504 2507 2505
f 2504 2506 2507
f 2504 2508 2506
f 2504 2505 2508
v 0.220871181787 -0.155750779761 -0.0949365675382
v 0.219056515818 -0.158139698531 -0.0949291829672
v 0.220559146099 -0.157401453299 -0.0962319094229
v 0.219368551506 -0.156489024992 -0.0936338410825
v 0.218928296783 -0.15616093345 -0.0956828729805
v 0.220999400822 -0.157729544841 -0.0941828775249
f 2509 2511 2513
f 2509 2513 2512
f 2509 2512 2514
f 2509 2514 2511
f 2510 2513 2511
f 2510 2512 2513
f 2510 2514 2512
f 2510 2511 2514
v 0.220627829231 -0.155566447845 -0.0951057889163
v 0.218813163263 -0.157955366615 -0.0950984043452
v 0.22027929066 -0.157189471596 -0.0964265140077
v 0.219161701834 -0.156332342864 -0.0937776792539
v 0.218664799482 -0.155961157668 -0.0958063018415
v 0.220776193012 -0.157560656792 -0.09439789142
f 2515 2517 2519
f 2515 2519 2518
f 2515 2518 2520
f 2515 2520 2517
f 2516 2519 2517
f 2516 2518 2519
f 2516 2520 2518
f 2516 2517 2520
v 0.220379937977 -0.155378634998 -0.0952642529706
v 0.218565272008 -0.157767553768 -0.0952568683996
v 0.219994215717 -0.156973486822 -0.0966087476701
v 0.218950994268 -0.156172701944 -0.0939123737001
v 0.218398049685 -0.155758875327 -0.0959181154132
v 0.220547160299 -0.15738731344 -0.094603005957
f 2521 2523 2525
f 2521 2525 2524
f 2521 2524 2526
f 2521 2526 2523
f 2522 2525 2523
f 2522 2524 2525
f 2522 2526 2524
f 2522 2523 2526
v 0.22012781004 -0.155187570041 -0.0954117666372
v 0.218313144071 -0.157576488811 -0.0954043820661
v 0.219704268589 -0.156753762122 -0.0967783883866
v 0.218736685521 -0.156010296731 -0.0940377603166
v 0.218128372387 -0.155554332875 -0.0960181774679
v 0.220312581724 -0.157209725977 -0.0947979712354
f 2527 2529 2531
f 2527 2531 2530
f 2527 2530 2532
f 2527 2532 2529
f 2528 2531 2529
f 2528 2530 2531
f 2528 2532 2530
f 2528 2529 2532
v 0.219871752599 -0.154993485757 -0.0955481501932
v 0.218057086631 -0.157382404528 -0.0955407656222
v 0.219409802533 -0.156530565196 -0.0969352294761
v 0.218519036697 -0.155845325089 -0.0941536863393
v 0.217856096146 -0.155347779518 -0.0961063660955
v 0.220072743084 -0.157028110767 -0.0949825497199
f 2533 2535 2537
f 2533 2537 2536
f 2533 2536 2538
f 2533 2538 2535
f 2534 2537 2535
f 2534 2536 2537
f 2534 2538 2536
f 2534 2535 2538
v 0.219612077623 -0.154796618609 -0.0956732374765
v 0.217797411654 -0.157185537379 -0.0956658529054
v 0.21911117631 -0.156304167974 -0.0970790798518
v 0.218298312967 -0.155677988013 -0.09426001053
v 0.217581552691 -0.155139466908 -0.0961825738517
v 0.219827936587 -0.156842689079 -0.0951565165302
f 2539 2541 2543
f 2539 2543 2542
f 2539 2542 2544
f 2539 2544 2541
f 2540 2543 2541
f 2540 2542 2543
f 2540 2544 2542
f 2540 2541 2544
v 0.219349101484 -0.154597208447 -0.0957868760873
v 0.217534435515 -0.156986127217 -0.0957794915162
v 0.21880875375 -0.156074846289 -0.0972097642543
v 0.218074783249 -0.155508489376 -0.0943566033492
v 0.217305076509 -0.154929648842 -0.096246707889
v 0.21957846049 -0.156653686822 -0.0953196597145
f 2545 2547 2549
f 2545 2549 2548
f 2545 2548 2550
f 2545 2550 2547
f 2546 2549 2547
f 2546 2548 2549
f 2546 2550 2548
f 2546 2547 2550
v 0.219083144578 -0.154395498223 -0.0958889275745
v 0.217268478609 -0.156784416993 -0.0958815430035
v 0.218502903308 -0.155842879531 -0.0973271234646
v 0.217848719879 -0.155337035685 -0.0944433471134
v 0.217027004444 -0.154718580951 -0.0962986900701
v 0.219324618743 -0.156461334265 -0.0954717805079
f 2551 2553 2555
f 2551 2555 2554
f 2551 2554 2556
f 2551 2556 2553
f 2552 2555 2553
f 2552 2554 2555
f 2552 2556 2554
f 2552 2553 2556
v 0.218814530933 -0.15419173369 -0.0959792676042
v 0.216999864964 -0.15658065246 -0.0959718830331
v 0.218193997617 -0.155608550318 -0.0974310144988
v 0.217620398281 -0.155163835832 -0.0945201361386
v 0.216747675286 -0.15450652039 -0.0963384570627
v 0.219066720612 -0.156265865761 -0.0956126935747
f 2557 2559 2561
f 2557 2561 2560
f 2557 2560 2562
f 2557 2562 2559
f 2558 2561 2559
f 2558 2560 2561
f 2558 2562 2560
f 2558 2559 2562
v 0.218543587813 -0.153986163103 -0.0960577861109
v 0.216728921845 -0.156375081874 -0.0960504015398
v 0.217882413029 -0.155372144143 -0.0975213107815
v 0.217390096629 -0.154989100833 -0.0945868768693
v 0.216467429352 -0.15429372552 -0.0963659604168
v 0.218805080306 -0.156067519457 -0.095742227234
f 2563 2565 2567
f 2563 2567 2566
f 2563 2566 2568
f 2563 2568 2565
f 2564 2567 2565
f 2564 2566 2567
f 2564 2568 2566
f 2564 2565 2568
v 0.218270645321 -0.153779036919 -0.0961243874319
v 0.216455979352 -0.156167955689 -0.0961170028609
v 0.217568529163 -0.155133949031 -0.0975979023006
v 0.21715809551 -0.154813043577 -0.0946434879922
v 0.216186608079 -0.1540804556 -0.0963811666238
v 0.218540016594 -0.155866537008 -0.095860223669
f 2569 2571 2573
f 2569 2573 2572
f 2569 2572 2574
f 2569 2574 2571
f 2570 2573 2571
f 2570 2572 2573
f 2570 2574 2572
f 2570 2571 2574
v 0.217996035995 -0.153570607488 -0.0961789904238
v 0.216181370026 -0.155959526259 -0.0961716058527
v 0.217252728438 -0.154894255186 -0.0976606957413
v 0.216924677583 -0.154635878561 -0.0946899005353
v 0.215905553606 -0.153866970466 -0.0963840571573
v 0.218271852416 -0.155663163281 -0.0959665391193
f 2575 2577 2579
f 2575 2579 2578
f 2575 2578 2580
f 2575 2580 2577
f 2576 2579 2577
f 2576 2578 2579
f 2576 2580 2578
f 2576 2577 2580
v 0.217720094404 -0.153361128751 -0.0962215285612
v 0.215905428436 -0.155750047521 -0.0962141439901
v 0.216935395609 -0.154653354638 -0.0977096145993
v 0.216690127231 -0.154457821634 -0.094726057952
v 0.215624608353 -0.153653530217 -0.0963746284956
v 0.218000914487 -0.155457646055 -0.0960610440558
f 2581 2583 2585
f 2581 2585 2584
f 2581 2584 2586
f 2581 2586 2583
f 2582 2585 2583
f 2582 2584 2585
f 2582 2586 2584
f 2582 2583 2586
v 0.217443156741 -0.153150855924 -0.096251950018
v 0.215628490772 -0.155539774694 -0.0962445654469
v 0.216616917296 -0.154411540887 -0.0977445992745
v 0.216454730217 -0.154279089731 -0.0947519161903
v 0.215344114609 -0.153440394898 -0.096352892126
v 0.217727532905 -0.15525023572 -0.0961436233388
f 2587 2589 2591
f 2587 2591 2590
f 2587 2590 2592
f 2587 2592 2589
f 2588 2591 2589
f 2588 2590 2591
f 2588 2592 2590
f 2588 2589 2592
v 0.217165560411 -0.152940045192 -0.0962702177302
v 0.215350894443 -0.155328963962 -0.0962628331591
v 0.216297681517 -0.154169108546 -0.0977656071436
v 0.216218773337 -0.154099900609 -0.0947674437457
v 0.215064414112 -0.15322782418 -0.0963188745311
v 0.217452040742 -0.155041184975 -0.0962141763582
f 2593 2595 2597
f 2593 2597 2596
f 2593 2596 2598
f 2593 2598 2595
f 2594 2597 2595
f 2594 2596 2597
f 2594 2598 2596
f 2594 2595 2598
v 0.210451508842 -0.14782720659 -0.0921541744528
v 0.208636842874 -0.15021612536 -0.0921467898817
v 0.208576522213 -0.148289344153 -0.0930321573746
v 0.210511829504 -0.149753987797 -0.0912688069599
v 0.208843895002 -0.148485968741 -0.0909369603521
v 0.210244456715 -0.149557363208 -0.0933640039823
f 2599 2601 2603
f 2599 2603 2602
f 2599 2602 2604
f 2599 2604 2601
f 2600 2603 2601
f 2600 2602 2603
f 2600 2604 2602
f 2600 2601 2604
v 0.210292508969 -0.147705543568 -0.0918682518308
v 0.208477843001 -0.150094462339 -0.0918608672597
v 0.208393672358 -0.148149431678 -0.0927033463593
v 0.210376679611 -0.149650574229 -0.0910257727312
v 0.208719092346 -0.148390189715 -0.0906210069538
v 0.210051259624 -0.149409816192 -0.0931081121366
f 2605 2607 2609
f 2605 2609 2608
f 2605 2608 2610
f 2605 2610 2607
f 2606 2609 2607
f 2606 2608 2609
f 2606 2610 2608
f 2606 2607 2610
v 0.210141562392 -0.147589976917 -0.0915755163252
v 0.208326896424 -0.149978895687 -0.0915681317542
v 0.208220083795 -0.148016530029 -0.0923667005279
v 0.210248375021 -0.149552342575 -0.0907769475515
v 0.208603154506 -0.148301128188 -0.0902997557493
v 0.209865304309 -0.149267744416 -0.0928438923301
f 2611 2613 2615
f 2611 2615 2614
f 2611 2614 2616
f 2611 2616 2613
f 2612 2615 2613
f 2612 2614 2615
f 2612 2616 2614
f 2612 2613 2616
v 0.209998853017 -0.147480647436 -0.0912763245893
v 0.208184187048 -0.149869566206 -0.0912689400182
v 0.208055968013 -0.147890801126 -0.0920226300316
v 0.210127072052 -0.149459412516 -0.090522634576
v 0.208496222736 -0.148218892667 -0.0899735981336
v 0.209686817328 -0.149131320975 -0.092571666474
f 2617 2619 2621
f 2617 2621 2620
f 2617 2620 2622
f 2617 2622 2619
f 2618 2621 2619
f 2618 2620 2621
f 2618 2622 2620
f 2618 2619 2622
v 0.209864554712 -0.147377688326 -0.0909710411421
v 0.208049888743 -0.149766607096 -0.090963656571
v 0.207901524962 -0.147772398149 -0.0916715540673
v 0.210012918493 -0.149371897273 -0.0902631436458
v 0.208398427315 -0.148143583345 -0.0896429314796
v 0.20951601614 -0.149000712077 -0.0922917662334
f 2623 2625 2627
f 2623 2627 2626
f 2623 2626 2628
f 2623 2628 2625
f 2624 2627 2625
f 2624 2626 2627
f 2624 2628 2626
f 2624 2625 2628
v 0.2097388311 -0.147281225027 -0.0906600379243
v 0.207924165131 -0.149670143797 -0.0906526533532
v 0.207756942808 -0.147661465355 -0.0913139003668
v 0.209906053422 -0.149289903468 -0.0899987909107
v 0.208309887391 -0.148075291973 -0.0893081586537
v 0.20935310884 -0.148876076851 -0.0920045326238
f 2629 2631 2633
f 2629 2633 2632
f 2629 2632 2634
f 2629 2634 2631
f 2630 2633 2631
f 2630 2632 2633
f 2630 2634 2632
f 2630 2631 2634
v 0.209621835355 -0.147191375064 -0.0903436938456
v 0.207807169386 -0.149580293835 -0.0903363092745
v 0.207622397702 -0.147558137899 -0.0909501046763
v 0.209806607039 -0.149213531 -0.0897298984437
v 0.208230710837 -0.148014101754 -0.088969687525
v 0.209198293905 -0.148757567145 -0.091710315595
f 2635 2637 2639
f 2635 2639 2638
f 2635 2638 2640
f 2635 2640 2637
f 2636 2639 2637
f 2636 2638 2639
f 2636 2640 2638
f 2636 2637 2640
v 0.209513710019 -0.147108247907 -0.0900223943224
v 0.20769904405 -0.149497166677 -0.0900150097513
v 0.207498053566 -0.147462541668 -0.0905806102246
v 0.209714700504 -0.149142872917 -0.089456793849
v 0.208160994117 -0.147960087239 -0.0886279304684
v 0.209051759953 -0.148645327345 -0.0914094736052
f 2641 2643 2645
f 2641 2645 2644
f 2641 2644 2646
f 2641 2646 2643
f 2642 2645 2643
f 2642 2644 2645
f 2642 2646 2644
f 2642 2643 2646
v 0.209414586826 -0.147031944832 -0.0896965308087
v 0.207599920857 -0.149420863602 -0.0896891462376
v 0.207384061894 -0.147374793132 -0.0902058671839
v 0.20963044579 -0.149078015303 -0.0891798098624
v 0.20810082217 -0.147913314237 -0.0882833038622
v 0.208913685513 -0.148539494198 -0.091102373184
f 2647 2649 2651
f 2647 2651 2650
f 2647 2650 2652
f 2647 2652 2649
f 2648 2651 2649
f 2648 2650 2651
f 2648 2652 2650
f 2648 2649 2652
v 0.209324586542 -0.146962558804 -0.089366500319
v 0.207509920573 -0.149351477574 -0.0893591157479
v 0.207280561567 -0.147294999199 -0.0898263321208
v 0.209553945548 -0.149019037179 -0.0888992839462
v 0.208050268307 -0.147873839732 -0.0879362275809
v 0.208784238808 -0.148440196645 -0.090789388486
f 2653 2655 2657
f 2653 2657 2656
f 2653 2656 2658
f 2653 2658 2655
f 2654 2657 2655
f 2654 2656 2657
f 2654 2658 2656
f 2654 2655 2658
v 0.209243818819 -0.146900174357 -0.0890327049447
v 0.20742915285 -0.149289093128 -0.0890253203736
v 0.207187678685 -0.147223257086 -0.0894424674403
v 0.209485292983 -0.148966010399 -0.088615557878
v 0.20800939412 -0.147841711819 -0.0875871244835
v 0.208663577549 -0.148347555665 -0.0904709008348
f 2659 2661 2663
f 2659 2663 2662
f 2659 2662 2664
f 2659 2664 2661
f 2660 2663 2661
f 2660 2662 2663
f 2660 2664 2662
f 2660 2661 2664
v 0.209172382059 -0.146844867499 -0.0886955513639
v 0.20735771609 -0.14923378627 -0.0886881667929
v 0.207105526412 -0.147159654199 -0.0890547408224
v 0.209424571738 -0.14891899957 -0.0883289773344
v 0.207978249407 -0.147816969641 -0.0872364198983
v 0.208551848743 -0.148261684127 -0.0901472982585
f 2665 2667 2669
f 2665 2669 2668
f 2665 2668 2670
f 2665 2670 2667
f 2666 2669 2667
f 2666 2668 2669
f 2666 2670 2668
f 2666 2667 2670
v 0.209110363298 -0.146796705612 -0.0883554503465
v 0.207295697329 -0.149185624383 -0.0883480657754
v 0.207034204836 -0.147104268029 -0.0886636246523
v 0.209371855791 -0.148878061966 -0.0880398914695
v 0.207956872113 -0.147799643343 -0.0868845411049
v 0.208449188514 -0.148182686653 -0.089818975017
f 2671 2673 2675
f 2671 2675 2674
f 2671 2674 2676
f 2671 2676 2673
f 2672 2675 2673
f 2672 2674 2675
f 2672 2676 2674
f 2672 2673 2676
v 0.209057838095 -0.146755747374 -0.088012816253
v 0.207243172127 -0.149144666145 -0.0880054316819
v 0.206973800853 -0.147057166055 -0.0882695954449
v 0.209327209368 -0.148843247464 -0.0877486524901
v 0.207945288285 -0.147789754032 -0.0865319168132
v 0.208355721937 -0.148110659487 -0.0894863311217
f 2677 2679 2681
f 2677 2681 2680
f 2677 2680 2682
f 2677 2682 2679
f 2678 2681 2679
f 2678 2680 2681
f 2678 2682 2680
f 2678 2679 2682
v 0.209014870445 -0.146722042687 -0.0876680665304
v 0.207200204476 -0.149110961457 -0.0876606819593
v 0.206924388056 -0.147018405664 -0.0878731332638
v 0.209290686866 -0.148814598479 -0.0874556152258
v 0.207943512033 -0.147787313759 -0.0861789766418
v 0.208271562888 -0.148045690385 -0.0891497718478
f 2683 2685 2687
f 2683 2687 2686
f 2683 2686 2688
f 2683 2688 2685
f 2684 2687 2685
f 2684 2686 2687
f 2684 2688 2686
f 2684 2685 2688
v 0.208981512697 -0.146695632613 -0.087321621203
v 0.207166846728 -0.149084551383 -0.0873142366319
v 0.206886026645 -0.14698803408 -0.0874747211374
v 0.20926233278 -0.148792149917 -0.0871611366976
v 0.207951545524 -0.147792325496 -0.0858261505939
v 0.208196813901 -0.1479878585 -0.0888097072411
f 2689 2691 2693
f 2689 2693 2692
f 2689 2692 2694
f 2689 2694 2691
f 2690 2693 2691
f 2690 2692 2693
f 2690 2694 2692
f 2690 2691 2694
v 0.208957805492 -0.14667654933 -0.0869739023612
v 0.207143139524 -0.149065468101 -0.0869665177901
v 0.20685876336 -0.146966088305 -0.0870748444693
v 0.209242181656 -0.148775929127 -0.0868655756821
v 0.207969378969 -0.147804783138 -0.0854738685336
v 0.208131566047 -0.147937234294 -0.0884665516178
f 2695 2697 2699
f 2695 2699 2698
f 2695 2698 2700
f 2695 2700 2697
f 2696 2699 2697
f 2696 2698 2699
f 2696 2700 2698
f 2696 2697 2700
v 0.208943777714 -0.146664816089 -0.0866253336468
v 0.207129111746 -0.149053734859 -0.0866179490757
v 0.206842631415 -0.146952595077 -0.0866739904477
v 0.209230258045 -0.148765955871 -0.0865692922748
v 0.20799699064 -0.147824671505 -0.0851225596623
v 0.20807589882 -0.147893879442 -0.0881207230603
f 2701 2703 2705
f 2701 2705 2704
f 2701 2704 2706
f 2701 2706 2703
f 2702 2705 2703
f 2702 2704 2705
f 2702 2706 2704
f 2702 2703 2706
v 0.208939446454 -0.146660447183 -0.0862763397371
v 0.207124780485 -0.149049365953 -0.086268955166
v 0.206837650466 -0.146947570835 -0.0862726474516
v 0.209226576473 -0.148762242301 -0.0862726474516
v 0.208034346898 -0.147851966369 -0.0847726519959
v 0.208029880041 -0.147857846767 -0.0877726429072
f 2707 2709 2711
f 2707 2711 2710
f 2707 2710 2712
f 2707 2712 2709
f 2708 2711 2709
f 2708 2710 2711
f 2708 2712 2710
f 2708 2709 2712
v 0.208944816988 -0.146663447936 -0.0859273458274
v 0.207130151019 -0.149052366706 -0.0859199612563
v 0.20684382658 -0.146951021701 -0.0858713044554
v 0.209231141427 -0.148764792941 -0.0859760026283
v 0.208081402229 -0.147886634473 -0.0844245718429
v 0.207993565778 -0.147829180168 -0.0874227352408
f 2713 2715 2717
f 2713 2717 2716
f 2713 2716 2718
f 2713 2718 2715
f 2714 2717 2715
f 2714 2716 2717
f 2714 2718 2716
f 2714 2715 2718
v 0.208959882773 -0.146673814692 -0.085578777113
v 0.207145216805 -0.149062733462 -0.0855713925419
v 0.206861152233 -0.14696294347 -0.0854704504338
v 0.209243947345 -0.148773604684 -0.085679719221
v 0.208138099304 -0.147928633581 -0.0840787432853
v 0.207967000274 -0.147807914572 -0.0870714263696
f 2719 2721 2723
f 2719 2723 2722
f 2719 2722 2724
f 2719 2724 2721
f 2720 2723 2721
f 2720 2722 2723
f 2720 2724 2722
f 2720 2721 2724
v 0.208984625455 -0.14669153482 -0.0852310582712
v 0.207169959486 -0.14908045359 -0.0852236737001
v 0.206889606317 -0.146983321618 -0.0850705737657
v 0.209264978624 -0.148788666793 -0.0853841582055
v 0.208204369046 -0.147977912523 -0.083735587662
v 0.207950215895 -0.147794075888 -0.0867191443092
f 2725 2727 2729
f 2725 2729 2728
f 2725 2728 2730
f 2725 2730 2727
f 2726 2729 2727
f 2726 2728 2729
f 2726 2730 2728
f 2726 2727 2730
v 0.209019014887 -0.146716586732 -0.0848846129438
v 0.207204348919 -0.149105505502 -0.0848772283727
v 0.206929154164 -0.147012131316 -0.0846721616393
v 0.209294209642 -0.148809960918 -0.0850896796773
v 0.208280130716 -0.148034411259 -0.0833955230553
v 0.20794323309 -0.147787680975 -0.0863663182613
f 2731 2733 2735
f 2731 2735 2734
f 2731 2734 2736
f 2731 2736 2733
f 2732 2735 2733
f 2732 2734 2735
f 2732 2736 2734
f 2732 2733 2736
v 0.209063009172 -0.146748939905 -0.0845398632212
v 0.207248343204 -0.149137858675 -0.0845324786501
v 0.206979747592 -0.147049337466 -0.0842756994583
v 0.209331604784 -0.148837461115 -0.084796642413
v 0.208365292009 -0.148098060956 -0.0830589637814
v 0.207946060366 -0.147788737624 -0.0860133780899
f 2737 2739 2741
f 2737 2741 2740
f 2737 2740 2742
f 2737 2742 2739
f 2738 2741 2739
f 2738 2740 2741
f 2738 2742 2740
f 2738 2739 2742
v 0.209116554709 -0.146788554923 -0.0841972291277
v 0.207301888741 -0.149177473693 -0.0841898445566
v 0.20704132496 -0.147094894736 -0.0838816702508
v 0.209377118491 -0.14887113388 -0.0845054034336
v 0.20845974917 -0.148168784065 -0.0827263198861
v 0.20795869428 -0.14779724455 -0.0856607537983
f 2743 2745 2747
f 2743 2747 2746
f 2743 2746 2748
f 2743 2748 2745
f 2744 2747 2745
f 2744 2746 2747
f 2744 2748 2746
f 2744 2745 2748
v 0.209179586262 -0.146835383519 -0.0838571281103
v 0.207364920294 -0.149224302289 -0.0838497435392
v 0.207113811245 -0.147148747622 -0.0834905540807
v 0.20943069531 -0.148910938187 -0.0842163175687
v 0.208563387118 -0.148246494422 -0.0823979966447
v 0.207981119438 -0.147813191386 -0.0853088750048
f 2749 2751 2753
f 2749 2753 2752
f 2749 2752 2754
f 2749 2754 2751
f 2750 2753 2751
f 2750 2752 2753
f 2750 2754 2752
f 2750 2751 2754
v 0.209252027036 -0.146889368642 -0.0835199745295
v 0.207437361067 -0.149278287412 -0.0835125899584
v 0.207197118135 -0.147210830513 -0.0831028274628
v 0.209492269968 -0.148956825541 -0.0839297370251
v 0.208676079585 -0.148331097348 -0.0820743940684
v 0.208013308519 -0.147836558705 -0.0849581704196
f 2755 2757 2759
f 2755 2759 2758
f 2755 2758 2760
f 2755 2760 2757
f 2756 2759 2757
f 2756 2758 2759
f 2756 2760 2758
f 2756 2757 2760
v 0.209333788773 -0.146950444518 -0.0831861791552
v 0.207519122805 -0.149339363288 -0.0831787945841
v 0.207291144133 -0.14728106777 -0.0827189627824
v 0.209561767445 -0.149008740036 -0.0836460109569
v 0.208797689273 -0.148422489768 -0.0817559064171
v 0.208055222305 -0.147867318037 -0.0846090673222
f 2761 2763 2765
f 2761 2765 2764
f 2761 2764 2766
f 2761 2766 2763
f 2762 2765 2763
f 2762 2764 2765
f 2762 2766 2764
f 2762 2763 2766
v 0.209424771859 -0.147018536735 -0.0828561486655
v 0.207610105891 -0.149407455505 -0.0828487640944
v 0.207395774682 -0.14735937382 -0.0823394277193
v 0.209639103068 -0.14906661842 -0.0833654850407
v 0.208928068019 -0.148520560334 -0.0814429217191
v 0.208106809731 -0.147905431906 -0.0842619910409
f 2767 2769 2771
f 2767 2771 2770
f 2767 2770 2772
f 2767 2772 2769
f 2768 2771 2769
f 2768 2770 2771
f 2768 2772 2770
f 2768 2769 2772
v 0.209524865446 -0.147093562335 -0.0825302851519
v 0.207710199477 -0.149482481105 -0.0825229005808
v 0.207510882307 -0.147445653259 -0.0819646846785
v 0.209724182617 -0.14913039018 -0.0830885010541
v 0.209067056977 -0.148625189563 -0.0811358212979
v 0.208168007946 -0.147950853877 -0.0839173644347
f 2773 2775 2777
f 2773 2777 2776
f 2773 2776 2778
f 2773 2778 2775
f 2774 2777 2775
f 2774 2776 2777
f 2774 2778 2776
f 2774 2775 2778
v 0.209633947584 -0.147175429909 -0.0822089856287
v 0.207819281615 -0.149564348679 -0.0822016010576
v 0.207636326765 -0.14753980097 -0.0815951902268
v 0.209816902434 -0.149199977618 -0.0828153964594
v 0.20921448681 -0.148736249979 -0.0808349793081
v 0.208238742389 -0.148003528609 -0.0835756073781
f 2779 2781 2783
f 2779 2783 2782
f 2779 2782 2784
f 2779 2784 2781
f 2780 2783 2781
f 2780 2782 2783
f 2780 2784 2782
f 2780 2781 2784
v 0.209751885374 -0.147264039715 -0.0818926415499
v 0.207937219405 -0.149652958485 -0.0818852569788
v 0.207771955224 -0.147641702247 -0.0812313945363
v 0.209917149555 -0.149275295953 -0.0825465039924
v 0.209370177899 -0.148853606272 -0.0805407622793
v 0.208318926881 -0.148063391927 -0.0832371362494
f 2785 2787 2789
f 2785 2789 2788
f 2785 2788 2790
f 2785 2790 2787
f 2786 2789 2787
f 2786 2788 2789
f 2786 2790 2788
f 2786 2787 2790
v 0.209878535127 -0.147359283795 -0.0815816383321
v 0.208063869158 -0.149748202565 -0.0815742537611
v 0.20791760244 -0.147751232939 -0.0808737408359
v 0.210024801845 -0.149356253421 -0.0822821512573
v 0.209533940556 -0.148977115463 -0.0802535286697
v 0.208408463729 -0.148130370897 -0.0829023634235
f 2791 2793 2795
f 2791 2795 2794
f 2791 2794 2796
f 2791 2796 2793
f 2792 2795 2793
f 2792 2794 2795
f 2792 2796 2794
f 2792 2793 2796
v 0.210013742539 -0.147461046109 -0.0812763548849
v 0.208199076571 -0.14984996488 -0.0812689703138
v 0.208073090964 -0.1478682596 -0.0805226648715
v 0.210139728146 -0.149442751389 -0.0820226603272
v 0.209705575263 -0.149106627074 -0.0799736284292
v 0.208507243847 -0.148204383915 -0.0825716967695
f 2797 2799 2801
f 2797 2801 2800
f 2797 2800 2802
f 2797 2802 2799
f 2798 2801 2799
f 2798 2800 2801
f 2798 2802 2800
f 2798 2799 2802
v 0.210157342882 -0.147569202676 -0.080977163149
v 0.208342676913 -0.149958121446 -0.0809697785779
v 0.208238231358 -0.147992639652 -0.0801785943752
v 0.210261788437 -0.14953468447 -0.0817683473516
v 0.209884872909 -0.149241983315 -0.079701402573
v 0.208615146887 -0.148285340807 -0.0822455391538
f 2803 2805 2807
f 2803 2807 2806
f 2803 2806 2808
f 2803 2808 2805
f 2804 2807 2805
f 2804 2806 2807
f 2804 2808 2806
f 2804 2805 2808
v 0.2103091612 -0.147683621723 -0.0806844276434
v 0.208494495231 -0.150072540493 -0.0806770430724
v 0.208412822424 -0.148124221556 -0.0798419485439
v 0.210390834008 -0.14963194066 -0.081519522172
v 0.210071615047 -0.149383019276 -0.0794371827665
v 0.208732041384 -0.14837314294 -0.0819242879493
f 2809 2811 2813
f 2809 2813 2812
f 2809 2812 2814
f 2809 2814 2811
f 2810 2813 2811
f 2810 2812 2813
f 2810 2814 2812
f 2810 2811 2814
v 0.210469012526 -0.147804163848 -0.0803985050215
v 0.208654346558 -0.150193082618 -0.0803911204504
v 0.208596651449 -0.148262845 -0.0795131375286
v 0.210526707635 -0.149734401467 -0.0812764879433
v 0.210265574161 -0.149529563125 -0.0791812909208
v 0.208857784922 -0.148467683341 -0.081608334551
f 2815 2817 2819
f 2815 2819 2818
f 2815 2818 2820
f 2815 2820 2817
f 2816 2819 2817
f 2816 2818 2819
f 2816 2820 2818
f 2816 2817 2820
v 0.210636702106 -0.14793068219 -0.0801197436356
v 0.208822036138 -0.15031960096 -0.0801123590646
v 0.208789494466 -0.148408341093 -0.0791925619349
v 0.210669243778 -0.149841942057 -0.0810395407653
v 0.210466513943 -0.149681436322 -0.0789340388007
v 0.208992224301 -0.148568846827 -0.0812980638995
f 2821 2823 2825
f 2821 2825 2824
f 2821 2824 2826
f 2821 2826 2823
f 2822 2825 2823
f 2822 2824 2825
f 2822 2826 2824
f 2822 2823 2826
v 0.210812025636 -0.148063022604 -0.0798484831138
v 0.208997359667 -0.150451941375 -0.0798410985428
v 0.208991116525 -0.14856053257 -0.0788806123348
v 0.210818268778 -0.149954431409 -0.0808089693218
v 0.210674189576 -0.149838453833 -0.0786957276448
v 0.209135195727 -0.148676510145 -0.0809938540118
f 2827 2829 2831
f 2827 2831 2830
f 2827 2830 2832
f 2827 2832 2829
f 2828 2831 2829
f 2828 2830 2831
f 2828 2832 2830
f 2828 2829 2832
v 0.210994769511 -0.148201023856 -0.0795850539452
v 0.209180103543 -0.150589942626 -0.0795776693741
v 0.209201271982 -0.148719234009 -0.0785776687909
v 0.210973601072 -0.150071732473 -0.0805850545284
v 0.210888348042 -0.150000424356 -0.0784666477985
v 0.209286525012 -0.148790542125 -0.0806960755208
f 2833 2835 2837
f 2833 2837 2836
f 2833 2836 2838
f 2833 2838 2835
f 2834 2837 2835
f 2834 2836 2837
f 2834 2838 2836
f 2834 2835 2838
v 0.211184711086 -0.148344517811 -0.0793297770776
v 0.209370045118 -0.150733436581 -0.0793223925065
v 0.209419704793 -0.148884252057 -0.0782841003931
v 0.211135051411 -0.150193702335 -0.080368069191
v 0.21110872842 -0.150167150555 -0.0782470783604
v 0.209446027784 -0.148910803836 -0.0804050912236
f 2839 2841 2843
f 2839 2843 2842
f 2839 2842 2844
f 2839 2844 2841
f 2840 2843 2841
f 2840 2842 2843
f 2840 2844 2842
f 2840 2841 2844
v 0.211381618947 -0.148493329644 -0.0790829635265
v 0.209566952978 -0.150882248414 -0.0790755789554
v 0.209646148833 -0.149055385665 -0.0780002648094
v 0.211302423092 -0.150320192393 -0.0801582776726
v 0.211335062211 -0.1503384293 -0.078037286842
v 0.209613509714 -0.149037148758 -0.0801212556399
f 2845 2847 2849
f 2845 2849 2848
f 2845 2848 2850
f 2845 2850 2847
f 2846 2849 2847
f 2846 2848 2849
f 2846 2850 2848
f 2846 2847 2850
v 0.211585253191 -0.148647278051 -0.0788449139963
v 0.209770587222 -0.151036196821 -0.0788375294252
v 0.209880328213 -0.149232426333 -0.0777265078496
v 0.2114755122 -0.150451048539 -0.0799559355719
v 0.211567073662 -0.150514051914 -0.077837528842
v 0.209788766751 -0.149169422958 -0.0798449145795
f 2851 2853 2855
f 2851 2855 2854
f 2851 2854 2856
f 2851 2856 2853
f 2852 2855 2853
f 2852 2854 2855
f 2852 2856 2854
f 2852 2853 2856
v 0.211795365721 -0.148806175469 -0.0786159185136
v 0.209980699753 -0.151195094239 -0.0786085339426
v 0.210121957623 -0.149415158364 -0.0774631630446
v 0.211654107851 -0.150586111344 -0.0797612894116
v 0.211804480104 -0.150693804427 -0.0776480477346
v 0.20997158537 -0.149307465281 -0.0795764047216
f 2857 2859 2861
f 2857 2861 2860
f 2857 2860 2862
f 2857 2862 2859
f 2858 2861 2859
f 2858 2860 2861
f 2858 2862 2860
f 2858 2859 2862
v 0.212011700549 -0.148969828307 -0.0783962560742
v 0.21019703458 -0.151358747077 -0.0783888715032
v 0.210370742675 -0.149603359128 -0.0772105512393
v 0.211837992454 -0.150725216257 -0.0795745763381
v 0.212046992292 -0.15087746784 -0.0774690743735
v 0.210161742837 -0.149451107544 -0.0793160532039
f 2863 2865 2867
f 2863 2867 2866
f 2863 2866 2868
f 2863 2868 2865
f 2864 2867 2865
f 2864 2866 2867
f 2864 2868 2866
f 2864 2865 2868
v 0.212233994102 -0.149138037178 -0.078186194303
v 0.210419328134 -0.151526955949 -0.0781788097319
v 0.210626380262 -0.14979679933 -0.0769689802023
v 0.212026941975 -0.150868193797 -0.0793960238325
v 0.212294314764 -0.151064818386 -0.0773008268101
v 0.210359007473 -0.149600174742 -0.0790641772248
f 2869 2871 2873
f 2869 2873 2872
f 2869 2872 2874
f 2869 2874 2871
f 2870 2873 2871
f 2870 2872 2873
f 2870 2874 2872
f 2870 2871 2874
v 0.212461975552 -0.149310597147 -0.0779859891277
v 0.210647309583 -0.151699515917 -0.0779786045566
v 0.210888558928 -0.149995243294 -0.0767387442507
v 0.212220726206 -0.151014869771 -0.0792258494336
v 0.212546146194 -0.151255627807 -0.0771435100281
v 0.210563138941 -0.149754485257 -0.0788210836562
f 2875 2877 2879
f 2875 2879 2878
f 2875 2878 2880
f 2875 2880 2877
f 2876 2879 2877
f 2876 2878 2879
f 2876 2880 2878
f 2876 2877 2880
v 0.212695367136 -0.149487297975 -0.0777958844676
v 0.210880701168 -0.151876216745 -0.0777884998965
v 0.211156959251 -0.150198449246 -0.0765201238916
v 0.212419109053 -0.151165065474 -0.0790642604725
v 0.212802179765 -0.151449663633 -0.0769973156939
v 0.210773888539 -0.149913851087 -0.0785870686703
f 2881 2883 2885
f 2881 2885 2884
f 2881 2884 2886
f 2881 2886 2883
f 2882 2885 2883
f 2882 2884 2885
f 2882 2886 2884
f 2882 2883 2886
v 0.212933884505 -0.14966792438 -0.077616111936
v 0.211119218536 -0.15205684315 -0.0776087273649
v 0.211431254224 -0.150406169611 -0.0763133854803
v 0.212621848817 -0.151318597918 -0.0789114538206
v 0.21306210354 -0.15164668946 -0.0768624219226
v 0.210990999501 -0.15007807807 -0.0783624173783
f 2887 2889 2891
f 2887 2891 2890
f 2887 2890 2892
f 2887 2892 2889
f 2888 2891 2889
f 2888 2890 2891
f 2888 2892 2890
f 2888 2889 2892
v 0.21317723706 -0.149852256295 -0.0774468905579
v 0.211362571092 -0.152241175066 -0.0774395059868
v 0.211711109663 -0.150618151314 -0.0761187808955
v 0.212828698489 -0.151475280047 -0.0787676156492
v 0.213325600841 -0.151846465242 -0.0767389930616
v 0.211214207311 -0.150246966119 -0.0781474034831
f 2893 2895 2897
f 2893 2897 2896
f 2893 2896 2898
f 2893 2898 2895
f 2894 2897 2895
f 2894 2896 2897
f 2894 2898 2896
f 2894 2895 2898
v 0.213425128315 -0.150040069142 -0.0772884265036
v 0.211610462346 -0.152428987912 -0.0772810419325
v 0.211996184606 -0.150834136088 -0.075936547233
v 0.213039406055 -0.151634920966 -0.0786329212031
v 0.213592350638 -0.152048747584 -0.0766271794899
v 0.211443240024 -0.150420309471 -0.0779422889461
f 2899 2901 2903
f 2899 2903 2902
f 2899 2902 2904
f 2899 2904 2901
f 2900 2903 2901
f 2900 2902 2903
f 2900 2904 2902
f 2900 2901 2904
v 0.213677256252 -0.150231134099 -0.077140912837
v 0.211862590283 -0.152620052869 -0.0771335282659
v 0.212286131734 -0.151053860789 -0.0757669065165
v 0.213253714802 -0.15179732618 -0.0785075345865
v 0.213862027936 -0.152253290035 -0.0765271174352
v 0.211677818599 -0.150597896933 -0.0777473236678
f 2905 2907 2909
f 2905 2909 2908
f 2905 2908 2910
f 2905 2910 2907
f 2906 2909 2907
f 2906 2908 2909
f 2906 2910 2908
f 2906 2907 2910
v 0.213933313692 -0.150425218383 -0.077004529281
v 0.212118647723 -0.152814137153 -0.0769971447099
v 0.21258059779 -0.151277057715 -0.075610065427
v 0.213471363626 -0.151962297821 -0.0783916085638
v 0.214134304177 -0.152459843392 -0.0764389288076
v 0.211917657239 -0.150779512143 -0.0775627451832
f 2911 2913 2915
f 2911 2915 2914
f 2911 2914 2916
f 2911 2916 2913
f 2912 2915 2913
f 2912 2914 2915
f 2912 2916 2914
f 2912 2913 2916
v 0.214192988669 -0.150622085532 -0.0768794419977
v 0.2123783227 -0.153011004302 -0.0768720574267
v 0.212879224013 -0.151503454936 -0.0754662150513
v 0.213692087356 -0.152129634898 -0.0782852843731
v 0.214408847632 -0.152668156002 -0.0763627210515
v 0.212162463736 -0.150964933831 -0.0773887783729
f 2917 2919 2921
f 2917 2921 2920
f 2917 2920 2922
f 2917 2922 2919
f 2918 2921 2919
f 2918 2920 2921
f 2918 2922 2920
f 2918 2919 2922
v 0.214455964808 -0.150821495693 -0.0767658033869
v 0.212641298839 -0.153210414463 -0.0767584188158
v 0.213181646573 -0.151732776622 -0.0753355306489
v 0.213915617074 -0.152299133535 -0.0781886915539
v 0.214685323814 -0.152877974068 -0.0762985870141
v 0.212411939833 -0.151153936088 -0.0772256351887
f 2923 2925 2927
f 2923 2927 2926
f 2923 2926 2928
f 2923 2928 2925
f 2924 2927 2925
f 2924 2926 2927
f 2924 2928 2926
f 2924 2925 2928
v 0.214721921714 -0.151023205917 -0.0766637518997
v 0.212907255745 -0.153412124687 -0.0766563673286
v 0.213487497015 -0.151964743379 -0.0752181714385
v 0.214141680444 -0.152470587225 -0.0781019477897
v 0.214963395878 -0.153089041959 -0.076246604833
v 0.21266578158 -0.151346288645 -0.0770735143953
f 2929 2931 2933
f 2929 2933 2932
f 2929 2932 2934
f 2929 2934 2931
f 2930 2933 2931
f 2930 2932 2933
f 2930 2934 2932
f 2930 2931 2934
v 0.214990535359 -0.15122697045 -0.07657341187
v 0.21317586939 -0.15361588922 -0.0765660272989
v 0.213796402706 -0.152199072592 -0.0751142804044
v 0.214370002042 -0.152643787078 -0.0780251587645
v 0.215242725037 -0.153301102521 -0.0762068378404
v 0.212923679711 -0.15154175715 -0.0769326013285
f 2935 2937 2939
f 2935 2939 2938
f 2935 2938 2940
f 2935 2940 2937
f 2936 2939 2937
f 2936 2938 2939
f 2936 2940 2938
f 2936 2937 2940
v 0.215261478478 -0.151432541037 -0.0764948933633
v 0.21344681251 -0.153821459807 -0.0764875087922
v 0.214107987294 -0.152435478767 -0.0750239841217
v 0.214600303694 -0.152818522077 -0.0779584180338
v 0.215522970971 -0.153513897391 -0.0761793344863
v 0.213185320017 -0.151740103453 -0.0768030676691
f 2941 2943 2945
f 2941 2945 2944
f 2941 2944 2946
f 2941 2946 2943
f 2942 2945 2943
f 2942 2944 2945
f 2942 2946 2944
f 2942 2943 2946
v 0.21553442097 -0.151639667221 -0.0764282920423
v 0.213719755002 -0.154028585991 -0.0764209074712
v 0.21442187116 -0.152673673879 -0.0749473926025
v 0.214832304812 -0.152994579334 -0.0779018069109
v 0.215803792244 -0.153727167311 -0.0761641282793
v 0.213450383729 -0.151941085902 -0.0766850712341
f 2947 2949 2951
f 2947 2951 2950
f 2947 2950 2952
f 2947 2952 2949
f 2948 2951 2949
f 2948 2950 2951
f 2948 2952 2950
f 2948 2949 2952
v 0.215809030297 -0.151848096652 -0.0763736890504
v 0.213994364328 -0.154237015422 -0.0763663044793
v 0.214737671885 -0.152913367724 -0.0748845991618
v 0.21506572274 -0.15317174435 -0.0778553943679
v 0.216084846717 -0.153940652444 -0.0761612377459
v 0.213718547907 -0.152144459629 -0.0765787557838
f 2953 2955 2957
f 2953 2957 2956
f 2953 2956 2958
f 2953 2958 2955
f 2954 2957 2955
f 2954 2956 2957
f 2954 2958 2956
f 2954 2955 2958
v 0.216084971887 -0.152057575389 -0.076331150913
v 0.214270305919 -0.15444649416 -0.0763237663419
v 0.215055004714 -0.153154268272 -0.0748356803038
v 0.215300273092 -0.153349801277 -0.0778192369511
v 0.21636579197 -0.154154092693 -0.0761706664076
v 0.213989485836 -0.152349976856 -0.0764842508473
f 2959 2961 2963
f 2959 2963 2962
f 2959 2962 2964
f 2959 2964 2961
f 2960 2963 2961
f 2960 2962 2963
f 2960 2964 2962
f 2960 2961 2964
v 0.216361909551 -0.152267848216 -0.0763007294562
v 0.214547243582 -0.154656766987 -0.0762933448852
v 0.215373483027 -0.153396082023 -0.0748006956286
v 0.215535670106 -0.15352853318 -0.0777933787128
v 0.216646285714 -0.154367228012 -0.0761924027771
v 0.214262867418 -0.152557387191 -0.0764016715643
f 2965 2967 2969
f 2965 2969 2968
f 2965 2968 2970
f 2965 2970 2967
f 2966 2969 2967
f 2966 2968 2969
f 2966 2970 2968
f 2966 2967 2970
v 0.21663950588 -0.152478658948 -0.076282461744
v 0.214824839912 -0.154867577718 -0.0762750771729
v 0.215692718806 -0.153638514365 -0.0747796877595
v 0.215771626986 -0.153707722301 -0.0777778511574
v 0.216925986211 -0.15457979873 -0.076226420372
v 0.214538359581 -0.152766437936 -0.0763311185449
f 2971 2973 2975
f 2971 2975 2974
f 2971 2974 2976
f 2971 2976 2973
f 2972 2975 2973
f 2972 2974 2975
f 2972 2976 2974
f 2972 2973 2976
v 0.216917422668 -0.152689750744 -0.0762763700326
v 0.2151027567 -0.155078669514 -0.0762689854616
v 0.216012323113 -0.15388126993 -0.0747726822914
v 0.216007856256 -0.153887150328 -0.0777726732028
v 0.217204552688 -0.154791545862 -0.0762726777471
v 0.21481562668 -0.152976874396 -0.0762726777471
f 2977 2979 2981
f 2977 2981 2980
f 2977 2980 2982
f 2977 2982 2979
f 2978 2981 2979
f 2978 2980 2981
f 2978 2982 2980
f 2978 2979 2982
v 0.217195321316 -0.15290086642 -0.076282461744
v 0.215380655347 -0.155289785191 -0.0762750771729
v 0.216331906557 -0.154124052958 -0.0747796877595
v 0.216244070106 -0.154066598653 -0.0777778511574
v 0.217481645755 -0.155002211426 -0.0763311185449
v 0.215094330908 -0.153188440185 -0.076226420372
f 2983 2985 2987
f 2983 2987 2986
f 2983 2986 2988
f 2983 2988 2985
f 2984 2987 2985
f 2984 2986 2987
f 2984 2988 2986
f 2984 2985 2988
v 0.217472863246 -0.153111748766 -0.0763007294562
v 0.215658197278 -0.155500667537 -0.0762933448852
v 0.216651079777 -0.154366567656 -0.0748006956286
v 0.216479980747 -0.154245848647 -0.0777933787128
v 0.217756927818 -0.155211538758 -0.0764016715643
v 0.215374132706 -0.153400877545 -0.0761924027771
f 2989 2991 2993
f 2989 2993 2992
f 2989 2992 2994
f 2989 2994 2991
f 2990 2993 2991
f 2990 2992 2993
f 2990 2994 2992
f 2990 2991 2994
v 0.217749710317 -0.153322140854 -0.076331150913
v 0.215935044348 -0.155711059624 -0.0763237663419
v 0.216969453908 -0.154608518557 -0.0748356803038
v 0.216715300757 -0.154424681921 -0.0778192369511
v 0.218030063486 -0.155419272827 -0.0764842508473
v 0.215654691179 -0.153613927652 -0.0761706664076
f 2995 2997 2999
f 2995 2999 2998
f 2995 2998 3000
f 2995 3000 2997
f 2996 2999 2997
f 2996 2998 2999
f 2996 3000 2998
f 2996 2997 3000
v 0.218025525233 -0.153531786353 -0.0763736890504
v 0.216210859264 -0.155920705123 -0.0763663044793
v 0.217286641062 -0.15484961088 -0.0748845991618
v 0.216949743435 -0.154602880596 -0.0778553943679
v 0.218300719987 -0.155625160539 -0.0765787557838
v 0.21593566451 -0.153827330937 -0.0761612377459
f 3001 3003 3005
f 3001 3005 3004
f 3001 3004 3006
f 3001 3006 3003
f 3002 3005 3003
f 3002 3004 3005
f 3002 3006 3004
f 3002 3003 3006
v 0.218299971956 -0.153740429842 -0.0764282920423
v 0.216485305987 -0.156129348612 -0.0764209074712
v 0.217602254793 -0.155089550893 -0.0749473926025
v 0.21718302315 -0.154780227562 -0.0779018069109
v 0.218568567568 -0.155828951052 -0.0766850712341
v 0.216216710375 -0.154040827403 -0.0761641282793
f 3007 3009 3011
f 3007 3011 3010
f 3007 3010 3012
f 3007 3012 3009
f 3008 3011 3009
f 3008 3010 3011
f 3008 3012 3010
f 3008 3009 3012
v 0.218572716115 -0.153947817122 -0.0764948933633
v 0.216758050146 -0.156336735892 -0.0764875087922
v 0.217915910576 -0.155328046265 -0.0750239841217
v 0.217414855685 -0.15495650675 -0.0779584180338
v 0.218833279896 -0.156030396079 -0.0768030676691
v 0.216497486365 -0.154254156935 -0.0761793344863
f 3013 3015 3017
f 3013 3017 3016
f 3013 3016 3018
f 3013 3018 3015
f 3014 3017 3015
f 3014 3016 3017
f 3014 3018 3016
f 3014 3015 3018
v 0.218843425413 -0.154153695523 -0.07657341187
v 0.217028759445 -0.156542614294 -0.0765660272989
v 0.218227226269 -0.155564806426 -0.0751142804044
v 0.217644958589 -0.15513150339 -0.0780251587645
v 0.219094534462 -0.156229250191 -0.0769326013285
v 0.216777650397 -0.154467059626 -0.0762068378404
f 3019 3021 3023
f 3019 3023 3022
f 3019 3022 3024
f 3019 3024 3021
f 3020 3023 3021
f 3020 3022 3023
f 3020 3024 3022
f 3020 3021 3024
v 0.219111770034 -0.154357814214 -0.0766637518997
v 0.217297104065 -0.156746732985 -0.0766563673286
v 0.218535822582 -0.155799542921 -0.0752181714385
v 0.217873051516 -0.155305004278 -0.0781019477897
v 0.219352012966 -0.156425271114 -0.0770735143953
v 0.217056861133 -0.154679276085 -0.076246604833
f 3025 3027 3029
f 3025 3029 3028
f 3025 3028 3030
f 3025 3030 3027
f 3026 3029 3027
f 3026 3028 3029
f 3026 3030 3028
f 3026 3027 3030
v 0.219377423039 -0.154559924508 -0.0767658033869
v 0.21756275707 -0.156948843278 -0.0767584188158
v 0.218841323539 -0.156031969759 -0.0753355306489
v 0.218098856571 -0.155476798028 -0.0781886915539
v 0.21960540171 -0.156618220026 -0.0772256351887
v 0.217334778399 -0.15489054776 -0.0762985870141
f 3031 3033 3035
f 3031 3035 3034
f 3031 3034 3036
f 3031 3036 3033
f 3032 3035 3033
f 3032 3034 3035
f 3032 3036 3034
f 3032 3033 3036
v 0.219640060772 -0.154759780165 -0.0768794419977
v 0.217825394804 -0.157148698935 -0.0768720574267
v 0.219143356932 -0.156261803764 -0.0754662150513
v 0.218322098644 -0.155646675336 -0.0782852843731
v 0.219854391981 -0.15680786185 -0.0773887783729
v 0.217611063595 -0.15510061725 -0.0763627210515
f 3037 3039 3041
f 3037 3041 3040
f 3037 3040 3042
f 3037 3042 3039
f 3038 3041 3039
f 3038 3040 3041
f 3038 3042 3040
f 3038 3039 3042
v 0.21989936325 -0.15495713769 -0.077004529281
v 0.218084697281 -0.157346056461 -0.0769971447099
v 0.219441554781 -0.156488764918 -0.075610065427
v 0.21854250575 -0.155814429232 -0.0783916085638
v 0.22009868042 -0.156993965536 -0.0775627451832
v 0.21788538011 -0.155309228615 -0.0764389288076
f 3043 3045 3047
f 3043 3047 3046
f 3043 3046 3048
f 3043 3048 3045
f 3044 3047 3045
f 3044 3046 3047
f 3044 3048 3046
f 3044 3045 3048
v 0.220155014551 -0.155151756635 -0.077140912837
v 0.218340348583 -0.157540675406 -0.0771335282659
v 0.219735553778 -0.156712576705 -0.0757669065165
v 0.218759809356 -0.155979855336 -0.0785075345865
v 0.220337969401 -0.157176304345 -0.0777473236678
v 0.218157393733 -0.155516127696 -0.0765271174352
f 3049 3051 3053
f 3049 3053 3052
f 3049 3052 3054
f 3049 3054 3051
f 3050 3053 3051
f 3050 3052 3053
f 3050 3054 3052
f 3050 3051 3054
v 0.220406703205 -0.155343399887 -0.0772884265036
v 0.218592037237 -0.157732318657 -0.0772810419325
v 0.22002499573 -0.156932966444 -0.075936547233
v 0.218973744712 -0.156142752099 -0.0786329212031
v 0.220571967387 -0.157354656125 -0.0779422889461
v 0.218426773055 -0.155721062419 -0.0766271794899
f 3055 3057 3059
f 3055 3059 3058
f 3055 3058 3060
f 3055 3060 3057
f 3056 3059 3057
f 3056 3058 3059
f 3056 3060 3058
f 3056 3057 3060
v 0.220654122568 -0.155531833957 -0.0774468905579
v 0.218839456599 -0.157920752727 -0.0774395059868
v 0.220309527997 -0.157149665625 -0.0761187808955
v 0.21918405117 -0.156302921059 -0.0787676156492
v 0.220800389286 -0.157528803583 -0.0781474034831
v 0.218693189881 -0.1559237831 -0.0767389930616
f 3061 3063 3065
f 3061 3065 3064
f 3061 3064 3066
f 3061 3066 3063
f 3062 3065 3063
f 3062 3064 3065
f 3062 3066 3064
f 3062 3063 3066
v 0.220896971197 -0.155716829267 -0.077616111936
v 0.219082305228 -0.158105748037 -0.0776087273649
v 0.22058880392 -0.157362410232 -0.0763133854803
v 0.219390472505 -0.156460167073 -0.0789114538206
v 0.221022956803 -0.157698534546 -0.0783624173783
v 0.218956319621 -0.156124042758 -0.0768624219226
f 3067 3069 3071
f 3067 3071 3070
f 3067 3070 3072
f 3067 3072 3069
f 3068 3071 3069
f 3068 3070 3071
f 3068 3072 3070
f 3068 3069 3072
v 0.221134953218 -0.15589816043 -0.0777958844676
v 0.219320287249 -0.1582870792 -0.0777884998965
v 0.220862483245 -0.157570941069 -0.0765201238916
v 0.219592757223 -0.156614298561 -0.0790642604725
v 0.221239398773 -0.157863642224 -0.0785870686703
v 0.219215841694 -0.156321597406 -0.0769973156939
f 3073 3075 3077
f 3073 3077 3076
f 3073 3076 3078
f 3073 3078 3075
f 3074 3077 3075
f 3074 3076 3077
f 3074 3078 3076
f 3074 3075 3078
v 0.221367778687 -0.156075606521 -0.0779859891277
v 0.219553112719 -0.158464525291 -0.0779786045566
v 0.221130232534 -0.157775004073 -0.0767387442507
v 0.219790658872 -0.156765127738 -0.0792258494336
v 0.221449451495 -0.158023925458 -0.0788210836562
v 0.219471439911 -0.156516206354 -0.0771435100281
f 3079 3081 3083
f 3079 3083 3082
f 3079 3082 3084
f 3079 3084 3081
f 3080 3083 3081
f 3080 3082 3083
f 3080 3084 3082
f 3080 3081 3084
v 0.221595163943 -0.156248951349 -0.078186194303
v 0.219780497974 -0.158637870119 -0.0781788097319
v 0.221391725578 -0.157974350626 -0.0769689802023
v 0.219983936339 -0.156912470842 -0.0793960238325
v 0.221652859052 -0.158179188967 -0.0790641772248
v 0.219722802866 -0.156707632501 -0.0773008268101
f 3085 3087 3089
f 3085 3089 3088
f 3085 3088 3090
f 3085 3090 3087
f 3086 3089 3087
f 3086 3088 3089
f 3086 3090 3088
f 3086 3087 3090
v 0.221816831951 -0.156417983721 -0.0783962560742
v 0.220002165982 -0.158806902491 -0.0783888715032
v 0.221646643787 -0.158168737854 -0.0772105512393
v 0.220172354146 -0.157056148358 -0.0795745763381
v 0.221849373622 -0.158329243588 -0.0793160532039
v 0.21996962431 -0.156895642624 -0.0774690743735
f 3091 3093 3095
f 3091 3095 3094
f 3091 3094 3096
f 3091 3096 3093
f 3092 3095 3093
f 3092 3094 3095
f 3092 3096 3094
f 3092 3093 3096
v 0.222032512642 -0.156582497697 -0.0786159185136
v 0.220217846674 -0.158971416467 -0.0786085339426
v 0.221894676583 -0.158357928926 -0.0774631630446
v 0.220355682734 -0.157195985238 -0.0797612894116
v 0.222038755785 -0.158473906502 -0.0795764047216
v 0.220211603532 -0.157080007662 -0.0776480477346
f 3097 3099 3101
f 3097 3101 3100
f 3097 3100 3102
f 3097 3102 3099
f 3098 3101 3099
f 3098 3100 3101
f 3098 3102 3100
f 3098 3099 3102
v 0.222241943244 -0.156742292841 -0.0788449139963
v 0.220427277276 -0.159131211611 -0.0788375294252
v 0.222135521775 -0.158541693341 -0.0777265078496
v 0.220533698745 -0.15733181111 -0.0799559355719
v 0.222220774805 -0.158613001458 -0.0798449145795
v 0.220448445715 -0.157260502994 -0.077837528842
f 3103 3105 3107
f 3103 3107 3106
f 3103 3106 3108
f 3103 3108 3105
f 3104 3107 3105
f 3104 3106 3107
f 3104 3108 3106
f 3104 3105 3108
v 0.222444868597 -0.156897174468 -0.0790829635265
v 0.220630202629 -0.159286093238 -0.0790755789554
v 0.222368885931 -0.158719807213 -0.0780002648094
v 0.220706185295 -0.157463460493 -0.0801582776726
v 0.222395208922 -0.158746358992 -0.0801212556399
v 0.220679862304 -0.157436908714 -0.078037286842
f 3109 3111 3113
f 3109 3113 3112
f 3109 3112 3114
f 3109 3114 3111
f 3110 3113 3111
f 3110 3112 3113
f 3110 3114 3112
f 3110 3111 3114
v 0.222641041468 -0.157046953878 -0.0793297770776
v 0.2208263755 -0.159435872649 -0.0793223925065
v 0.222594484733 -0.158892053535 -0.0782841003931
v 0.220872932236 -0.157590772992 -0.080368069191
v 0.222561845614 -0.158873816628 -0.0804050912236
v 0.220905571354 -0.1576090099 -0.0782470783604
f 3115 3117 3119
f 3115 3119 3118
f 3115 3118 3120
f 3115 3120 3117
f 3116 3119 3117
f 3116 3118 3119
f 3116 3120 3118
f 3116 3117 3120
v 0.222830222851 -0.157191448589 -0.0795850539452
v 0.221015556883 -0.15958036736 -0.0795776693741
v 0.222812043323 -0.159058222452 -0.0785776687909
v 0.221033736411 -0.157713593497 -0.0805850545284
v 0.22272048186 -0.158995219077 -0.0806960755208
v 0.221125297874 -0.157776596872 -0.0784666477985
f 3121 3123 3125
f 3121 3125 3124
f 3121 3124 3126
f 3121 3126 3123
f 3122 3125 3123
f 3122 3124 3125
f 3122 3126 3124
f 3122 3123 3126
v 0.223012182257 -0.157330482556 -0.0798484831138
v 0.221197516288 -0.159719401326 -0.0798410985428
v 0.223021296639 -0.159218111514 -0.0788806123348
v 0.221188401906 -0.157831772368 -0.0808089693218
v 0.222870924386 -0.159110418431 -0.0809938540118
v 0.221338774159 -0.157939465451 -0.0786957276448
f 3127 3129 3131
f 3127 3131 3130
f 3127 3130 3132
f 3127 3132 3129
f 3128 3131 3129
f 3128 3130 3131
f 3128 3132 3130
f 3128 3129 3132
v 0.223186697996 -0.157463886387 -0.0801197436356
v 0.221372032028 -0.159852805157 -0.0801123590646
v 0.22322198974 -0.15937152592 -0.0791925619349
v 0.221336740285 -0.157945165625 -0.0810395407653
v 0.223012989902 -0.159219274337 -0.0812980638995
v 0.221545740123 -0.158097417208 -0.0789340388007
f 3133 3135 3137
f 3133 3137 3136
f 3133 3136 3138
f 3133 3138 3135
f 3134 3137 3135
f 3134 3136 3137
f 3134 3138 3136
f 3134 3135 3138
v 0.223353557449 -0.157591497551 -0.0803985050215
v 0.221538891481 -0.159980416321 -0.0803911204504
v 0.22341387811 -0.159518278758 -0.0795131375286
v 0.221478570819 -0.158053635114 -0.0812764879433
v 0.223146505321 -0.159321654169 -0.081608334551
v 0.221745943608 -0.158250259702 -0.0791812909208
f 3139 3141 3143
f 3139 3143 3142
f 3139 3142 3144
f 3139 3144 3141
f 3140 3143 3141
f 3140 3142 3143
f 3140 3144 3142
f 3140 3141 3144
v 0.223512557322 -0.157713160572 -0.0806844276434
v 0.221697891354 -0.160102079342 -0.0806770430724
v 0.223596727965 -0.159658191232 -0.0798419485439
v 0.221613720712 -0.158157048682 -0.081519522172
v 0.223271307977 -0.159417433195 -0.0819242879493
v 0.221939140699 -0.158397806718 -0.0794371827665
f 3145 3147 3149
f 3145 3149 3148
f 3145 3148 3150
f 3145 3150 3147
f 3146 3149 3147
f 3146 3148 3149
f 3146 3150 3148
f 3146 3147 3150
v 0.223663503899 -0.157828727223 -0.080977163149
v 0.221848837931 -0.160217645993 -0.0809697785779
v 0.223770316528 -0.159791092881 -0.0801785943752
v 0.221742025302 -0.158255280335 -0.0817683473516
v 0.223387245816 -0.159506494722 -0.0822455391538
v 0.222125096014 -0.158539878494 -0.079701402573
f 3151 3153 3155
f 3151 3155 3154
f 3151 3154 3156
f 3151 3156 3153
f 3152 3155 3153
f 3152 3154 3155
f 3152 3156 3154
f 3152 3153 3156
v 0.223806213275 -0.157938056704 -0.0812763548849
v 0.221991547306 -0.160326975475 -0.0812689703138
v 0.22393443231 -0.159916821785 -0.0805226648715
v 0.221863328271 -0.158348210394 -0.0820226603272
v 0.223494177587 -0.159588730243 -0.0825716967695
v 0.222303582994 -0.158676301936 -0.0799736284292
f 3157 3159 3161
f 3157 3161 3160
f 3157 3160 3162
f 3157 3162 3159
f 3158 3161 3159
f 3158 3160 3161
f 3158 3162 3160
f 3158 3159 3162
v 0.22394051158 -0.158041015814 -0.0815816383321
v 0.222125845611 -0.160429934585 -0.0815742537611
v 0.22408887536 -0.160035224761 -0.0808737408359
v 0.22197748183 -0.158435725638 -0.0822821512573
v 0.223591973008 -0.159664039566 -0.0829023634235
v 0.222474384183 -0.158806910833 -0.0802535286697
f 3163 3165 3167
f 3163 3167 3166
f 3163 3166 3168
f 3163 3168 3165
f 3164 3167 3165
f 3164 3166 3167
f 3164 3168 3166
f 3164 3165 3168
v 0.224066235192 -0.158137479113 -0.0818926415499
v 0.222251569223 -0.160526397884 -0.0818852569788
v 0.224233457514 -0.160146157555 -0.0812313945363
v 0.222084346901 -0.158517719442 -0.0825465039924
v 0.223680512932 -0.159732330938 -0.0832371362494
v 0.222637291483 -0.158931546059 -0.0805407622793
f 3169 3171 3173
f 3169 3173 3172
f 3169 3172 3174
f 3169 3174 3171
f 3170 3173 3171
f 3170 3172 3173
f 3170 3174 3172
f 3170 3171 3174
v 0.224183230937 -0.158227329076 -0.0822089856287
v 0.222368564968 -0.160616247846 -0.0822016010576
v 0.224368002621 -0.160249485012 -0.0815951902268
v 0.222183793284 -0.15859409191 -0.0828153964594
v 0.223759689486 -0.159793521157 -0.0835756073781
v 0.222792106418 -0.159050055765 -0.0808349793081
f 3175 3177 3179
f 3175 3179 3178
f 3175 3178 3180
f 3175 3180 3177
f 3176 3179 3177
f 3176 3178 3179
f 3176 3180 3178
f 3176 3177 3180
v 0.224291356272 -0.158310456233 -0.0825302851519
v 0.222476690304 -0.160699375003 -0.0825229005808
v 0.224492346757 -0.160345081243 -0.0819646846785
v 0.222275699819 -0.158664749994 -0.0830885010541
v 0.223829406206 -0.159847535671 -0.0839173644347
v 0.22293864037 -0.159162295565 -0.0811358212979
f 3181 3183 3185
f 3181 3185 3184
f 3181 3184 3186
f 3181 3186 3183
f 3182 3185 3183
f 3182 3184 3185
f 3182 3186 3184
f 3182 3183 3186
v 0.224390479466 -0.158386759308 -0.0828561486655
v 0.222575813497 -0.160775678078 -0.0828487640944
v 0.224606338429 -0.160432829779 -0.0823394277193
v 0.222359954533 -0.158729607607 -0.0833654850407
v 0.223889578153 -0.159894308674 -0.0842619910409
v 0.22307671481 -0.159268128712 -0.0814429217191
f 3187 3189 3191
f 3187 3191 3190
f 3187 3190 3192
f 3187 3192 3189
f 3188 3191 3189
f 3188 3190 3191
f 3188 3192 3190
f 3188 3189 3192
v 0.22448047975 -0.158456145337 -0.0831861791552
v 0.222665813781 -0.160845064107 -0.0831787945841
v 0.224709838756 -0.160512623712 -0.0827189627824
v 0.222436454775 -0.158788585732 -0.0836460109569
v 0.223940132016 -0.159933783178 -0.0846090673222
v 0.223206161515 -0.159367426265 -0.0817559064171
f 3193 3195 3197
f 3193 3197 3196
f 3193 3196 3198
f 3193 3198 3195
f 3194 3197 3195
f 3194 3196 3197
f 3194 3198 3196
f 3194 3195 3198
v 0.224561247473 -0.158518529783 -0.0835199745295
v 0.222746581504 -0.160907448553 -0.0835125899584
v 0.224802721638 -0.160584365825 -0.0831028274628
v 0.22250510734 -0.158841612511 -0.0839297370251
v 0.223981006203 -0.159965911091 -0.0849581704196
v 0.223326822774 -0.159460067245 -0.0820743940684
f 3199 3201 3203
f 3199 3203 3202
f 3199 3202 3204
f 3199 3204 3201
f 3200 3203 3201
f 3200 3202 3203
f 3200 3204 3202
f 3200 3201 3204
v 0.224632684233 -0.158573836641 -0.0838571281103
v 0.222818018264 -0.160962755411 -0.0838497435392
v 0.224884873911 -0.160647968712 -0.0834905540807
v 0.222565828585 -0.15888862334 -0.0842163175687
v 0.224012150916 -0.159990653269 -0.0853088750048
v 0.22343855158 -0.159545938783 -0.0823979966447
f 3205 3207 3209
f 3205 3209 3208
f 3205 3208 3210
f 3205 3210 3207
f 3206 3209 3207
f 3206 3208 3209
f 3206 3210 3208
f 3206 3207 3210
v 0.224694702994 -0.158621998528 -0.0841972291277
v 0.222880037025 -0.161010917298 -0.0841898445566
v 0.224956195487 -0.160703354882 -0.0838816702508
v 0.222618544532 -0.158929560944 -0.0845054034336
v 0.22403352821 -0.160007979568 -0.0856607537983
v 0.223541211809 -0.159624936258 -0.0827263198861
f 3211 3213 3215
f 3211 3215 3214
f 3211 3214 3216
f 3211 3216 3213
f 3212 3215 3213
f 3212 3214 3215
f 3212 3216 3214
f 3212 3213 3216
v 0.224747228196 -0.158662956766 -0.0845398632212
v 0.222932562228 -0.161051875536 -0.0845324786501
v 0.22501659947 -0.160750456855 -0.0842756994583
v 0.222663190955 -0.158964375446 -0.084796642413
v 0.224045112038 -0.160017868878 -0.0860133780899
v 0.223634678386 -0.159696963423 -0.0830589637814
f 3217 3219 3221
f 3217 3221 3220
f 3217 3220 3222
f 3217 3222 3219
f 3218 3221 3219
f 3218 3220 3221
f 3218 3222 3220
f 3218 3219 3222
v 0.224790195846 -0.158696661453 -0.0848846129438
v 0.222975529878 -0.161085580224 -0.0848772283727
v 0.225066012267 -0.160789217246 -0.0846721616393
v 0.222699713457 -0.158993024431 -0.0850896796773
v 0.22404688829 -0.160020309151 -0.0863663182613
v 0.223718837435 -0.159761932526 -0.0833955230553
f 3223 3225 3227
f 3223 3227 3226
f 3223 3226 3228
f 3223 3228 3225
f 3224 3227 3225
f 3224 3226 3227
f 3224 3228 3226
f 3224 3225 3228
v 0.224823553595 -0.158723071527 -0.0852310582712
v 0.223008887626 -0.161111990297 -0.0852236737001
v 0.225104373678 -0.160819588831 -0.0850705737657
v 0.222728067543 -0.159015472994 -0.0853841582055
v 0.224038854799 -0.160015297414 -0.0867191443092
v 0.223793586422 -0.15981976441 -0.083735587662
f 3229 3231 3233
f 3229 3233 3232
f 3229 3232 3234
f 3229 3234 3231
f 3230 3233 3231
f 3230 3232 3233
f 3230 3234 3232
f 3230 3231 3234
v 0.224847260799 -0.15874215481 -0.085578777113
v 0.223032594831 -0.16113107358 -0.0855713925419
v 0.225131636963 -0.160841534606 -0.0854704504338
v 0.222748218667 -0.159031693784 -0.085679719221
v 0.224021021354 -0.160002839773 -0.0870714263696
v 0.223858834276 -0.159870388617 -0.0840787432853
f 3235 3237 3239
f 3235 3239 3238
f 3235 3238 3240
f 3235 3240 3237
f 3236 3239 3237
f 3236 3238 3239
f 3236 3240 3238
f 3236 3237 3240
v 0.224861288577 -0.158753888052 -0.0859273458274
v 0.223046622609 -0.161142806822 -0.0859199612563
v 0.225147768908 -0.160855027834 -0.0858713044554
v 0.222760142278 -0.159041667039 -0.0859760026283
v 0.223993409683 -0.159982951405 -0.0874227352408
v 0.223914501503 -0.159913743468 -0.0844245718429
f 3241 3243 3245
f 3241 3245 3244
f 3241 3244 3246
f 3241 3246 3243
f 3242 3245 3243
f 3242 3244 3245
f 3242 3246 3244
f 3242 3243 3246
o local_feasible_arc
usemtl feasible_arc
g local_feasible_arc
v 0.215980310639 -0.153923412782 -0.096272617156
v 0.215702411991 -0.153712297105 -0.0962665254447
v 0.215424870061 -0.153501414759 -0.0962482577324
v 0.21514802299 -0.153291022671 -0.0962178362757
v 0.214872208074 -0.153081377172 -0.0961752981383
v 0.214597761351 -0.152872733683 -0.0961206951464
v 0.214325017192 -0.152665346403 -0.0960540938254
v 0.214054307894 -0.152459468002 -0.0959755753187
v 0.213785963274 -0.152255349311 -0.095885235289
v 0.213520310268 -0.152053239017 -0.0957831838017
v 0.213257672535 -0.151853383361 -0.0956695451909
v 0.212998370058 -0.151656025835 -0.0955444579077
v 0.212742718756 -0.15146140689 -0.0954080743516
v 0.212491030102 -0.151269763639 -0.0952605606851
v 0.212243610739 -0.151081329569 -0.0951020966308
v 0.212000762111 -0.150896334258 -0.0949328752527
v 0.211762780089 -0.150715003096 -0.0947531027211
v 0.21152995462 -0.150537557005 -0.094562998061
v 0.211302569364 -0.150364212176 -0.0943627928857
v 0.211080901357 -0.150195179804 -0.0941527311144
v 0.210865220665 -0.150030665829 -0.093933068675
v 0.210655790063 -0.149870870685 -0.0937040731924
v 0.21045286471 -0.149715989057 -0.0934660236622
v 0.210256691839 -0.149566209647 -0.0932192101111
v 0.210067510456 -0.149421714936 -0.0929639332435
v 0.20988555105 -0.149282680969 -0.0927005040748
v 0.209711035311 -0.149149277138 -0.092429243553
l 3247 3248
l 3248 3249
l 3249 3250
l 3250 3251
l 3251 3252
l 3252 3253
l 3253 3254
l 3254 3255
l 3255 3256
l 3256 3257
l 3257 3258
l 3258 3259
l 3259 3260
l 3260 3261
l 3261 3262
l 3262 3263
l 3263 3264
l 3264 3265
l 3265 3266
l 3266 3267
l 3267 3268
l 3268 3269
l 3269 3270
l 3270 3271
l 3271 3272
l 3272 3273
