# FeiLunQieGe feasible-center export
# units: normalized
# wheel_model: zero_thickness_disk
# radius: 0.01
# delta: 0.0005
# root_line_vertex_count: 145
# feasible_center_count: 6636
# p primitives are feasible wheel-center points; l primitives are sampled root-line segments.
o root_line
g root_line
v -0.137955142 0.136125754 0.202105026106
v -0.137955142 0.136125754 0.199403115853
v -0.137955142 0.136125754 0.1967012056
v -0.137955142 0.136125754 0.193999295347
v -0.137955142 0.136125754 0.191297385094
v -0.137955142 0.136125754 0.188595474841
v -0.137955142 0.136125754 0.185893564588
v -0.137955142 0.136125754 0.183191654335
v -0.137955142 0.136125754 0.180489744082
v -0.137944038761 0.136119342016 0.177787865213
v -0.137930319639 0.136111419979 0.175086014188
v -0.137893723003 0.136090292392 0.172384434404
v -0.137843095242 0.136061063082 0.169683257575
v -0.137763343068 0.136015017018 0.166982917159
v -0.137634678997 0.135940735311 0.164285341909
v -0.13745866183 0.135837692935 0.161591676412
v -0.137206543434 0.135686693625 0.158905795823
v -0.136804886977 0.135436127182 0.15624574227
v -0.135627904578 0.135454713643 0.156574465253
v -0.134166973916 0.134865657563 0.154973205533
v -0.133064902988 0.136646231367 0.156423618846
v -0.25471929 0.213103993 -0.115649346
v -0.255236259303 0.213618466838 -0.117650119115
v -0.255753228607 0.214132940676 -0.11965089223
v -0.256238206669 0.214511010341 -0.121096842626
v -0.256521333475 0.214028427128 -0.119042095366
v -0.256985710434 0.214146417483 -0.119598578798
v -0.257550507709 0.214597151211 -0.12160179541
v -0.258115304983 0.215047884939 -0.123605012021
v -0.258707562697 0.215516979016 -0.125595822106
v -0.259319458 0.215999203 -0.12757776
v -0.145612212259 0.176751438714 0.222875378936
v -0.145605667642 0.176743544781 0.225573490973
v -0.145603003503 0.176740335976 0.228271620571
v -0.145602514628 0.176739780966 0.230969754056
v -0.145602507 0.176739789523 0.233667887866
v -0.145602426109 0.17673993168 0.236366021669
v -0.14560220207 0.17674038433 0.23906415543
v -0.145601725371 0.176741314835 0.241762289034
v -0.145600980259 0.176742850465 0.244460422301
v -0.14559983921 0.176745125666 0.247158554909
v -0.145598288247 0.176748235499 0.24985668648
v -0.145596271393 0.176752291427 0.252554816488
v -0.145593775072 0.176757325787 0.255252944438
v -0.145590701172 0.176763171087 0.257951070147
v -0.145586997377 0.176769656146 0.260649193596
v -0.14558256309 0.176776661162 0.263347314632
v -0.145577306573 0.176784082797 0.266045433068
v -0.145571117229 0.17679181965 0.268743548628
v -0.145563849006 0.176799782382 0.271441660822
v -0.145555312312 0.17680787669 0.274139768888
v -0.145545283755 0.176815989463 0.276837871743
v 0.277609937025 0.232658296938 -0.297147813
v 0.277834440211 0.230453110271 -0.297147813
v 0.277597635001 0.228250359873 -0.297147813
v 0.276884169234 0.226152821124 -0.297147813
v 0.275773271358 0.224232840447 -0.297147813
v 0.274356144262 0.222523892054 -0.297147813
v 0.272685539099 0.221061912487 -0.297147813
v 0.270814440229 0.219869697871 -0.297147813
v 0.26877626235 0.218994869506 -0.297147813
v 0.266617690733 0.218486400363 -0.297147813
v 0.172621753628 0.156683561351 0.183230954555
v 0.172825968786 0.156792935547 0.180602741385
v 0.172966553568 0.156874096808 0.177969092868
v 0.173056545898 0.156926050676 0.175332605364
v 0.173119064738 0.156962145297 0.172695057196
v 0.173158206142 0.156984745698 0.170056797748
v 0.173171226494 0.15699225927 0.167418196853
v 0.173177912524 0.15699612 0.164779571552
v 0.17317790297 0.15699612 0.162140924978
v 0.173177910292 0.15699612 0.159502278403
v 0.173177914548 0.15699612 0.156863631829
v 0.173177905573 0.15699612 0.154224985255
v 0.173177907287 0.15699612 0.151586338681
v 0.173177916071 0.15699612 0.148947692107
v 0.173177909268 0.15699612 0.146309045533
v 0.173177903364 0.15699612 0.143670398959
v 0.173177911923 0.15699612 0.141031752385
v 0.173177913535 0.15699612 0.138393105811
v 0.173177905016 0.15699612 0.135754459236
v 0.173177907506 0.15699612 0.133115812662
v 0.173177916029 0.15699612 0.130477166088
v 0.173177909402 0.15699612 0.127838519514
v 0.173177903186 0.15699612 0.12519987294
v 0.173177911859 0.15699612 0.122561226366
v 0.173183803601 0.156999518581 0.119922601291
v -0.272216659651 0.213813395593 -0.5
v -0.269656670953 0.212883617619 -0.5
v -0.26700795253 0.212249648955 -0.5
v -0.264296189354 0.212004963936 -0.5
v -0.261576143157 0.212124302391 -0.5
v -0.258928451073 0.212751802344 -0.5
v -0.256441057275 0.213849301176 -0.5
v -0.254200803727 0.215395020586 -0.5
v -0.252276894084 0.217319767144 -0.5
v -0.250659205395 0.219508843673 -0.5
v -0.249378898998 0.221912591273 -0.5
v -0.248416666398 0.224459447132 -0.5
v -0.247788134532 0.227109359411 -0.5
v -0.24753248078 0.229819292413 -0.5
v -0.247664035192 0.232538659788 -0.5
v -0.0168791306 -0.0845034591 0.164045407165
v -0.0168791306 -0.0845034591 0.166672295734
v -0.0168791306 -0.0845034591 0.169299184303
v -0.0168791306 -0.0845034591 0.171926072873
v -0.0168791306 -0.0845034591 0.174552961442
v -0.0168791306 -0.0845034591 0.177179850011
v -0.0168791306 -0.0845034591 0.17980673858
v -0.0168791306 -0.0845034591 0.182433627149
v -0.0168791306 -0.0845034591 0.185060515718
v -0.0168791306 -0.0845034591 0.187687404287
v -0.0168791306 -0.0845034591 0.190314292856
v -0.0168791306 -0.0845034591 0.192941181425
v -0.0168791306 -0.0845034591 0.195568069994
v -0.0168791306 -0.0845034591 0.198194958564
v -0.0168791306 -0.0845034591 0.200821847133
v -0.0168791306 -0.0845034591 0.203448735702
v -0.0168791306 -0.0845034591 0.206075624271
v -0.0168791306 -0.0845034591 0.20870251284
v -0.0168791306 -0.0845034591 0.211329401409
v -0.0168791306 -0.0844946029892 0.21395626729
v -0.0168791306 -0.0844811434282 0.216583121377
v -0.0168791306 -0.0844418642812 0.219209703606
v -0.0168791306 -0.0843899483357 0.221836011781
v -0.0168791306 -0.0843029042793 0.224461457816
v -0.0168791306 -0.0841772545166 0.227085150379
v -0.0168787592302 -0.0840221653833 0.229707398819
v -0.0168705657445 -0.0837876697331 0.23232378721
v -0.0168516151864 -0.0834889957869 0.234932981514
v -0.0167913621163 -0.0831085478791 0.237529930396
v -0.016721156533 -0.0825318753037 0.240083550365
v -0.0168438225096 -0.0816808441816 0.24256273624
v -0.0168702048093 -0.080667102848 0.244984484425
v -0.0168791306 -0.0794878563553 0.247330242517
v 0.223668918863 0.186831868022 0.0170666829759
v 0.224170664548 0.187117281524 0.0149207421555
v 0.224750087771 0.187451919747 0.012803722535
v 0.225402944209 0.187833093038 0.0107140438518
v 0.226163989407 0.188278717506 0.00867505208493
v 0.226971089643 0.188750203229 0.00665993754143
v 0.227863910351 0.189267995144 0.00469193491905
v 0.228844844973 0.189834944258 0.00278148355308
v 0.229905443792 0.190447282701 0.000929374072235
v 0.231077561114 0.191123519442 -0.000830897218038
l 1 2
l 2 3
l 3 4
l 4 5
l 5 6
l 6 7
l 7 8
l 8 9
l 9 10
l 10 11
l 11 12
l 12 13
l 13 14
l 14 15
l 15 16
l 16 17
l 17 18
l 18 19
l 19 20
l 20 21
l 22 23
l 23 24
l 24 25
l 25 26
l 26 27
l 27 28
l 28 29
l 29 30
l 30 31
l 32 33
l 33 34
l 34 35
l 35 36
l 36 37
l 37 38
l 38 39
l 39 40
l 40 41
l 41 42
l 42 43
l 43 44
l 44 45
l 45 46
l 46 47
l 47 48
l 48 49
l 49 50
l 50 51
l 51 52
l 53 54
l 54 55
l 55 56
l 56 57
l 57 58
l 58 59
l 59 60
l 60 61
l 61 62
l 63 64
l 64 65
l 65 66
l 66 67
l 67 68
l 68 69
l 69 70
l 70 71
l 71 72
l 72 73
l 73 74
l 74 75
l 75 76
l 76 77
l 77 78
l 78 79
l 79 80
l 80 81
l 81 82
l 82 83
l 83 84
l 84 85
l 85 86
l 86 87
l 88 89
l 89 90
l 90 91
l 91 92
l 92 93
l 93 94
l 94 95
l 95 96
l 96 97
l 97 98
l 98 99
l 99 100
l 100 101
l 101 102
l 103 104
l 104 105
l 105 106
l 106 107
l 107 108
l 108 109
l 109 110
l 110 111
l 111 112
l 112 113
l 113 114
l 114 115
l 115 116
l 116 117
l 117 118
l 118 119
l 119 120
l 120 121
l 121 122
l 122 123
l 123 124
l 124 125
l 125 126
l 126 127
l 127 128
l 128 129
l 129 130
l 130 131
l 131 132
l 132 133
l 133 134
l 134 135
l 136 137
l 137 138
l 138 139
l 139 140
l 140 141
l 141 142
l 142 143
l 143 144
l 144 145
o feasible_centers
g feasible_centers
v -0.137955142 0.126625754 0.202105026106
v -0.138286687219 0.126631541143 0.202105026106
v -0.138617828501 0.126648895523 0.202105026106
v -0.138948162401 0.126677795994 0.202105026106
v -0.139277286459 0.126718207347 0.202105026106
v -0.139604799688 0.126770080346 0.202105026106
v -0.139930303063 0.126833351793 0.202105026106
v -0.140253400008 0.1269079446 0.202105026106
v -0.14057369688 0.126993767889 0.202105026106
v -0.140890803447 0.127090717095 0.202105026106
v -0.141204333362 0.127198674103 0.202105026106
v -0.134396379363 0.127317507382 0.202105026106
v -0.134705950638 0.127198674103 0.202105026106
v -0.135019480553 0.127090717095 0.202105026106
v -0.13533658712 0.126993767889 0.202105026106
v -0.135656883992 0.1269079446 0.202105026106
v -0.135979980937 0.126833351793 0.202105026106
v -0.136305484312 0.126770080346 0.202105026106
v -0.136632997541 0.126718207347 0.202105026106
v -0.136962121599 0.126677795994 0.202105026106
v -0.137292455499 0.126648895523 0.202105026106
v -0.137623596781 0.126631541143 0.202105026106
v -0.137955142 0.126375754 0.202105026106
v -0.138295412093 0.126381693437 0.202105026106
v -0.138635267619 0.12639950451 0.202105026106
v -0.138974294517 0.12642916552 0.202105026106
v -0.139312079734 0.12647064033 0.202105026106
v -0.139648211732 0.126523878408 0.202105026106
v -0.139982280985 0.126588814893 0.202105026106
v -0.140313880482 0.126665370669 0.202105026106
v -0.140642606219 0.126753452465 0.202105026106
v -0.140968057695 0.126852952966 0.202105026106
v -0.141289838397 0.126963750947 0.202105026106
v -0.134302727714 0.127085711418 0.202105026106
v -0.134620445603 0.126963750947 0.202105026106
v -0.134942226305 0.126852952966 0.202105026106
v -0.135267677781 0.126753452465 0.202105026106
v -0.135596403518 0.126665370669 0.202105026106
v -0.135928003015 0.126588814893 0.202105026106
v -0.136262072268 0.126523878408 0.202105026106
v -0.136598204266 0.12647064033 0.202105026106
v -0.136935989483 0.12642916552 0.202105026106
v -0.137275016381 0.12639950451 0.202105026106
v -0.137614871907 0.126381693437 0.202105026106
v -0.137955142 0.126125754 0.202105026106
v -0.138304136967 0.12613184573 0.202105026106
v -0.138652706737 0.126150113497 0.202105026106
v -0.139000426633 0.126180535046 0.202105026106
v -0.13934687301 0.126223073313 0.202105026106
v -0.139691623777 0.12627767647 0.202105026106
v -0.140034258908 0.126344277993 0.202105026106
v -0.140374360956 0.126422796737 0.202105026106
v -0.140711515558 0.126513137041 0.202105026106
v -0.141045311944 0.126615188837 0.202105026106
v -0.141375343433 0.126728827792 0.202105026106
v -0.134534940567 0.126728827792 0.202105026106
v -0.134864972056 0.126615188837 0.202105026106
v -0.135198768442 0.126513137041 0.202105026106
v -0.135535923044 0.126422796737 0.202105026106
v -0.135876025092 0.126344277993 0.202105026106
v -0.136218660223 0.12627767647 0.202105026106
v -0.13656341099 0.126223073313 0.202105026106
v -0.136909857367 0.126180535046 0.202105026106
v -0.137257577263 0.126150113497 0.202105026106
v -0.137606147033 0.12613184573 0.202105026106
v -0.137955142 0.126625754 0.199403115853
v -0.138286687219 0.126631541143 0.199403115853
v -0.138617828501 0.126648895523 0.199403115853
v -0.138948162401 0.126677795994 0.199403115853
v -0.139277286459 0.126718207347 0.199403115853
v -0.139604799688 0.126770080346 0.199403115853
v -0.139930303063 0.126833351793 0.199403115853
v -0.140253400008 0.1269079446 0.199403115853
v -0.14057369688 0.126993767889 0.199403115853
v -0.140890803447 0.127090717095 0.199403115853
v -0.134396379363 0.127317507382 0.199403115853
v -0.134705950638 0.127198674103 0.199403115853
v -0.135019480553 0.127090717095 0.199403115853
v -0.13533658712 0.126993767889 0.199403115853
v -0.135656883992 0.1269079446 0.199403115853
v -0.135979980937 0.126833351793 0.199403115853
v -0.136305484312 0.126770080346 0.199403115853
v -0.136632997541 0.126718207347 0.199403115853
v -0.136962121599 0.126677795994 0.199403115853
v -0.137292455499 0.126648895523 0.199403115853
v -0.137623596781 0.126631541143 0.199403115853
v -0.137955142 0.126375754 0.199403115853
v -0.138295412093 0.126381693437 0.199403115853
v -0.138635267619 0.12639950451 0.199403115853
v -0.138974294517 0.12642916552 0.199403115853
v -0.139312079734 0.12647064033 0.199403115853
v -0.139648211732 0.126523878408 0.199403115853
v -0.139982280985 0.126588814893 0.199403115853
v -0.140313880482 0.126665370669 0.199403115853
v -0.140642606219 0.126753452465 0.199403115853
v -0.140968057695 0.126852952966 0.199403115853
v -0.134302727714 0.127085711418 0.199403115853
v -0.134620445603 0.126963750947 0.199403115853
v -0.134942226305 0.126852952966 0.199403115853
v -0.135267677781 0.126753452465 0.199403115853
v -0.135596403518 0.126665370669 0.199403115853
v -0.135928003015 0.126588814893 0.199403115853
v -0.136262072268 0.126523878408 0.199403115853
v -0.136598204266 0.12647064033 0.199403115853
v -0.136935989483 0.12642916552 0.199403115853
v -0.137275016381 0.12639950451 0.199403115853
v -0.137614871907 0.126381693437 0.199403115853
v -0.137955142 0.126125754 0.199403115853
v -0.138304136967 0.12613184573 0.199403115853
v -0.138652706737 0.126150113497 0.199403115853
v -0.139000426633 0.126180535046 0.199403115853
v -0.13934687301 0.126223073313 0.199403115853
v -0.139691623777 0.12627767647 0.199403115853
v -0.140034258908 0.126344277993 0.199403115853
v -0.140374360956 0.126422796737 0.199403115853
v -0.140711515558 0.126513137041 0.199403115853
v -0.141045311944 0.126615188837 0.199403115853
v -0.134534940567 0.126728827792 0.199403115853
v -0.134864972056 0.126615188837 0.199403115853
v -0.135198768442 0.126513137041 0.199403115853
v -0.135535923044 0.126422796737 0.199403115853
v -0.135876025092 0.126344277993 0.199403115853
v -0.136218660223 0.12627767647 0.199403115853
v -0.13656341099 0.126223073313 0.199403115853
v -0.136909857367 0.126180535046 0.199403115853
v -0.137257577263 0.126150113497 0.199403115853
v -0.137606147033 0.12613184573 0.199403115853
v -0.137955142 0.126625754 0.1967012056
v -0.138286687219 0.126631541143 0.1967012056
v -0.138617828501 0.126648895523 0.1967012056
v -0.138948162401 0.126677795994 0.1967012056
v -0.139277286459 0.126718207347 0.1967012056
v -0.139604799688 0.126770080346 0.1967012056
v -0.139930303063 0.126833351793 0.1967012056
v -0.140253400008 0.1269079446 0.1967012056
v -0.14057369688 0.126993767889 0.1967012056
v -0.140890803447 0.127090717095 0.1967012056
v -0.141204333362 0.127198674103 0.1967012056
v -0.134396379363 0.127317507382 0.1967012056
v -0.134705950638 0.127198674103 0.1967012056
v -0.135019480553 0.127090717095 0.1967012056
v -0.13533658712 0.126993767889 0.1967012056
v -0.135656883992 0.1269079446 0.1967012056
v -0.135979980937 0.126833351793 0.1967012056
v -0.136305484312 0.126770080346 0.1967012056
v -0.136632997541 0.126718207347 0.1967012056
v -0.136962121599 0.126677795994 0.1967012056
v -0.137292455499 0.126648895523 0.1967012056
v -0.137623596781 0.126631541143 0.1967012056
v -0.137955142 0.126375754 0.1967012056
v -0.138295412093 0.126381693437 0.1967012056
v -0.138635267619 0.12639950451 0.1967012056
v -0.138974294517 0.12642916552 0.1967012056
v -0.139312079734 0.12647064033 0.1967012056
v -0.139648211732 0.126523878408 0.1967012056
v -0.139982280985 0.126588814893 0.1967012056
v -0.140313880482 0.126665370669 0.1967012056
v -0.140642606219 0.126753452465 0.1967012056
v -0.140968057695 0.126852952966 0.1967012056
v -0.141289838397 0.126963750947 0.1967012056
v -0.134302727714 0.127085711418 0.1967012056
v -0.134620445603 0.126963750947 0.1967012056
v -0.134942226305 0.126852952966 0.1967012056
v -0.135267677781 0.126753452465 0.1967012056
v -0.135596403518 0.126665370669 0.1967012056
v -0.135928003015 0.126588814893 0.1967012056
v -0.136262072268 0.126523878408 0.1967012056
v -0.136598204266 0.12647064033 0.1967012056
v -0.136935989483 0.12642916552 0.1967012056
v -0.137275016381 0.12639950451 0.1967012056
v -0.137614871907 0.126381693437 0.1967012056
v -0.137955142 0.126125754 0.1967012056
v -0.138304136967 0.12613184573 0.1967012056
v -0.138652706737 0.126150113497 0.1967012056
v -0.139000426633 0.126180535046 0.1967012056
v -0.13934687301 0.126223073313 0.1967012056
v -0.139691623777 0.12627767647 0.1967012056
v -0.140034258908 0.126344277993 0.1967012056
v -0.140374360956 0.126422796737 0.1967012056
v -0.140711515558 0.126513137041 0.1967012056
v -0.141045311944 0.126615188837 0.1967012056
v -0.141375343433 0.126728827792 0.1967012056
v -0.134534940567 0.126728827792 0.1967012056
v -0.134864972056 0.126615188837 0.1967012056
v -0.135198768442 0.126513137041 0.1967012056
v -0.135535923044 0.126422796737 0.1967012056
v -0.135876025092 0.126344277993 0.1967012056
v -0.136218660223 0.12627767647 0.1967012056
v -0.13656341099 0.126223073313 0.1967012056
v -0.136909857367 0.126180535046 0.1967012056
v -0.137257577263 0.126150113497 0.1967012056
v -0.137606147033 0.12613184573 0.1967012056
v -0.137955142 0.126625754 0.193999295347
v -0.138286687219 0.126631541143 0.193999295347
v -0.138617828501 0.126648895523 0.193999295347
v -0.138948162401 0.126677795994 0.193999295347
v -0.139277286459 0.126718207347 0.193999295347
v -0.139604799688 0.126770080346 0.193999295347
v -0.139930303063 0.126833351793 0.193999295347
v -0.140253400008 0.1269079446 0.193999295347
v -0.14057369688 0.126993767889 0.193999295347
v -0.140890803447 0.127090717095 0.193999295347
v -0.134396379363 0.127317507382 0.193999295347
v -0.134705950638 0.127198674103 0.193999295347
v -0.135019480553 0.127090717095 0.193999295347
v -0.13533658712 0.126993767889 0.193999295347
v -0.135656883992 0.1269079446 0.193999295347
v -0.135979980937 0.126833351793 0.193999295347
v -0.136305484312 0.126770080346 0.193999295347
v -0.136632997541 0.126718207347 0.193999295347
v -0.136962121599 0.126677795994 0.193999295347
v -0.137292455499 0.126648895523 0.193999295347
v -0.137623596781 0.126631541143 0.193999295347
v -0.137955142 0.126375754 0.193999295347
v -0.138295412093 0.126381693437 0.193999295347
v -0.138635267619 0.12639950451 0.193999295347
v -0.138974294517 0.12642916552 0.193999295347
v -0.139312079734 0.12647064033 0.193999295347
v -0.139648211732 0.126523878408 0.193999295347
v -0.139982280985 0.126588814893 0.193999295347
v -0.140313880482 0.126665370669 0.193999295347
v -0.140642606219 0.126753452465 0.193999295347
v -0.140968057695 0.126852952966 0.193999295347
v -0.134302727714 0.127085711418 0.193999295347
v -0.134620445603 0.126963750947 0.193999295347
v -0.134942226305 0.126852952966 0.193999295347
v -0.135267677781 0.126753452465 0.193999295347
v -0.135596403518 0.126665370669 0.193999295347
v -0.135928003015 0.126588814893 0.193999295347
v -0.136262072268 0.126523878408 0.193999295347
v -0.136598204266 0.12647064033 0.193999295347
v -0.136935989483 0.12642916552 0.193999295347
v -0.137275016381 0.12639950451 0.193999295347
v -0.137614871907 0.126381693437 0.193999295347
v -0.137955142 0.126125754 0.193999295347
v -0.138304136967 0.12613184573 0.193999295347
v -0.138652706737 0.126150113497 0.193999295347
v -0.139000426633 0.126180535046 0.193999295347
v -0.13934687301 0.126223073313 0.193999295347
v -0.139691623777 0.12627767647 0.193999295347
v -0.140034258908 0.126344277993 0.193999295347
v -0.140374360956 0.126422796737 0.193999295347
v -0.140711515558 0.126513137041 0.193999295347
v -0.141045311944 0.126615188837 0.193999295347
v -0.134534940567 0.126728827792 0.193999295347
v -0.134864972056 0.126615188837 0.193999295347
v -0.135198768442 0.126513137041 0.193999295347
v -0.135535923044 0.126422796737 0.193999295347
v -0.135876025092 0.126344277993 0.193999295347
v -0.136218660223 0.12627767647 0.193999295347
v -0.13656341099 0.126223073313 0.193999295347
v -0.136909857367 0.126180535046 0.193999295347
v -0.137257577263 0.126150113497 0.193999295347
v -0.137606147033 0.12613184573 0.193999295347
v -0.137955142 0.126625754 0.191297385094
v -0.138286687219 0.126631541143 0.191297385094
v -0.138617828501 0.126648895523 0.191297385094
v -0.138948162401 0.126677795994 0.191297385094
v -0.139277286459 0.126718207347 0.191297385094
v -0.139604799688 0.126770080346 0.191297385094
v -0.139930303063 0.126833351793 0.191297385094
v -0.140253400008 0.1269079446 0.191297385094
v -0.14057369688 0.126993767889 0.191297385094
v -0.140890803447 0.127090717095 0.191297385094
v -0.141204333362 0.127198674103 0.191297385094
v -0.134705950638 0.127198674103 0.191297385094
v -0.135019480553 0.127090717095 0.191297385094
v -0.13533658712 0.126993767889 0.191297385094
v -0.135656883992 0.1269079446 0.191297385094
v -0.135979980937 0.126833351793 0.191297385094
v -0.136305484312 0.126770080346 0.191297385094
v -0.136632997541 0.126718207347 0.191297385094
v -0.136962121599 0.126677795994 0.191297385094
v -0.137292455499 0.126648895523 0.191297385094
v -0.137623596781 0.126631541143 0.191297385094
v -0.137955142 0.126375754 0.191297385094
v -0.138295412093 0.126381693437 0.191297385094
v -0.138635267619 0.12639950451 0.191297385094
v -0.138974294517 0.12642916552 0.191297385094
v -0.139312079734 0.12647064033 0.191297385094
v -0.139648211732 0.126523878408 0.191297385094
v -0.139982280985 0.126588814893 0.191297385094
v -0.140313880482 0.126665370669 0.191297385094
v -0.140642606219 0.126753452465 0.191297385094
v -0.140968057695 0.126852952966 0.191297385094
v -0.141289838397 0.126963750947 0.191297385094
v -0.134620445603 0.126963750947 0.191297385094
v -0.134942226305 0.126852952966 0.191297385094
v -0.135267677781 0.126753452465 0.191297385094
v -0.135596403518 0.126665370669 0.191297385094
v -0.135928003015 0.126588814893 0.191297385094
v -0.136262072268 0.126523878408 0.191297385094
v -0.136598204266 0.12647064033 0.191297385094
v -0.136935989483 0.12642916552 0.191297385094
v -0.137275016381 0.12639950451 0.191297385094
v -0.137614871907 0.126381693437 0.191297385094
v -0.137955142 0.126125754 0.191297385094
v -0.138304136967 0.12613184573 0.191297385094
v -0.138652706737 0.126150113497 0.191297385094
v -0.139000426633 0.126180535046 0.191297385094
v -0.13934687301 0.126223073313 0.191297385094
v -0.139691623777 0.12627767647 0.191297385094
v -0.140034258908 0.126344277993 0.191297385094
v -0.140374360956 0.126422796737 0.191297385094
v -0.140711515558 0.126513137041 0.191297385094
v -0.141045311944 0.126615188837 0.191297385094
v -0.141375343433 0.126728827792 0.191297385094
v -0.134864972056 0.126615188837 0.191297385094
v -0.135198768442 0.126513137041 0.191297385094
v -0.135535923044 0.126422796737 0.191297385094
v -0.135876025092 0.126344277993 0.191297385094
v -0.136218660223 0.12627767647 0.191297385094
v -0.13656341099 0.126223073313 0.191297385094
v -0.136909857367 0.126180535046 0.191297385094
v -0.137257577263 0.126150113497 0.191297385094
v -0.137606147033 0.12613184573 0.191297385094
v -0.137955142 0.126625754 0.188595474841
v -0.138286687219 0.126631541143 0.188595474841
v -0.138617828501 0.126648895523 0.188595474841
v -0.138948162401 0.126677795994 0.188595474841
v -0.139277286459 0.126718207347 0.188595474841
v -0.139604799688 0.126770080346 0.188595474841
v -0.139930303063 0.126833351793 0.188595474841
v -0.140253400008 0.1269079446 0.188595474841
v -0.14057369688 0.126993767889 0.188595474841
v -0.140890803447 0.127090717095 0.188595474841
v -0.134705950638 0.127198674103 0.188595474841
v -0.135019480553 0.127090717095 0.188595474841
v -0.13533658712 0.126993767889 0.188595474841
v -0.135656883992 0.1269079446 0.188595474841
v -0.135979980937 0.126833351793 0.188595474841
v -0.136305484312 0.126770080346 0.188595474841
v -0.136632997541 0.126718207347 0.188595474841
v -0.136962121599 0.126677795994 0.188595474841
v -0.137292455499 0.126648895523 0.188595474841
v -0.137623596781 0.126631541143 0.188595474841
v -0.137955142 0.126375754 0.188595474841
v -0.138295412093 0.126381693437 0.188595474841
v -0.138635267619 0.12639950451 0.188595474841
v -0.138974294517 0.12642916552 0.188595474841
v -0.139312079734 0.12647064033 0.188595474841
v -0.139648211732 0.126523878408 0.188595474841
v -0.139982280985 0.126588814893 0.188595474841
v -0.140313880482 0.126665370669 0.188595474841
v -0.140642606219 0.126753452465 0.188595474841
v -0.140968057695 0.126852952966 0.188595474841
v -0.134620445603 0.126963750947 0.188595474841
v -0.134942226305 0.126852952966 0.188595474841
v -0.135267677781 0.126753452465 0.188595474841
v -0.135596403518 0.126665370669 0.188595474841
v -0.135928003015 0.126588814893 0.188595474841
v -0.136262072268 0.126523878408 0.188595474841
v -0.136598204266 0.12647064033 0.188595474841
v -0.136935989483 0.12642916552 0.188595474841
v -0.137275016381 0.12639950451 0.188595474841
v -0.137614871907 0.126381693437 0.188595474841
v -0.137955142 0.126125754 0.188595474841
v -0.138304136967 0.12613184573 0.188595474841
v -0.138652706737 0.126150113497 0.188595474841
v -0.139000426633 0.126180535046 0.188595474841
v -0.13934687301 0.126223073313 0.188595474841
v -0.139691623777 0.12627767647 0.188595474841
v -0.140034258908 0.126344277993 0.188595474841
v -0.140374360956 0.126422796737 0.188595474841
v -0.140711515558 0.126513137041 0.188595474841
v -0.141045311944 0.126615188837 0.188595474841
v -0.134864972056 0.126615188837 0.188595474841
v -0.135198768442 0.126513137041 0.188595474841
v -0.135535923044 0.126422796737 0.188595474841
v -0.135876025092 0.126344277993 0.188595474841
v -0.136218660223 0.12627767647 0.188595474841
v -0.13656341099 0.126223073313 0.188595474841
v -0.136909857367 0.126180535046 0.188595474841
v -0.137257577263 0.126150113497 0.188595474841
v -0.137606147033 0.12613184573 0.188595474841
v -0.137955142 0.126625754 0.185893564588
v -0.138286687219 0.126631541143 0.185893564588
v -0.138617828501 0.126648895523 0.185893564588
v -0.138948162401 0.126677795994 0.185893564588
v -0.139277286459 0.126718207347 0.185893564588
v -0.139604799688 0.126770080346 0.185893564588
v -0.139930303063 0.126833351793 0.185893564588
v -0.140253400008 0.1269079446 0.185893564588
v -0.14057369688 0.126993767889 0.185893564588
v -0.140890803447 0.127090717095 0.185893564588
v -0.141204333362 0.127198674103 0.185893564588
v -0.134705950638 0.127198674103 0.185893564588
v -0.135019480553 0.127090717095 0.185893564588
v -0.13533658712 0.126993767889 0.185893564588
v -0.135656883992 0.1269079446 0.185893564588
v -0.135979980937 0.126833351793 0.185893564588
v -0.136305484312 0.126770080346 0.185893564588
v -0.136632997541 0.126718207347 0.185893564588
v -0.136962121599 0.126677795994 0.185893564588
v -0.137292455499 0.126648895523 0.185893564588
v -0.137623596781 0.126631541143 0.185893564588
v -0.137955142 0.126375754 0.185893564588
v -0.138295412093 0.126381693437 0.185893564588
v -0.138635267619 0.12639950451 0.185893564588
v -0.138974294517 0.12642916552 0.185893564588
v -0.139312079734 0.12647064033 0.185893564588
v -0.139648211732 0.126523878408 0.185893564588
v -0.139982280985 0.126588814893 0.185893564588
v -0.140313880482 0.126665370669 0.185893564588
v -0.140642606219 0.126753452465 0.185893564588
v -0.140968057695 0.126852952966 0.185893564588
v -0.141289838397 0.126963750947 0.185893564588
v -0.134620445603 0.126963750947 0.185893564588
v -0.134942226305 0.126852952966 0.185893564588
v -0.135267677781 0.126753452465 0.185893564588
v -0.135596403518 0.126665370669 0.185893564588
v -0.135928003015 0.126588814893 0.185893564588
v -0.136262072268 0.126523878408 0.185893564588
v -0.136598204266 0.12647064033 0.185893564588
v -0.136935989483 0.12642916552 0.185893564588
v -0.137275016381 0.12639950451 0.185893564588
v -0.137614871907 0.126381693437 0.185893564588
v -0.137955142 0.126125754 0.185893564588
v -0.138304136967 0.12613184573 0.185893564588
v -0.138652706737 0.126150113497 0.185893564588
v -0.139000426633 0.126180535046 0.185893564588
v -0.13934687301 0.126223073313 0.185893564588
v -0.139691623777 0.12627767647 0.185893564588
v -0.140034258908 0.126344277993 0.185893564588
v -0.140374360956 0.126422796737 0.185893564588
v -0.140711515558 0.126513137041 0.185893564588
v -0.141045311944 0.126615188837 0.185893564588
v -0.141375343433 0.126728827792 0.185893564588
v -0.134864972056 0.126615188837 0.185893564588
v -0.135198768442 0.126513137041 0.185893564588
v -0.135535923044 0.126422796737 0.185893564588
v -0.135876025092 0.126344277993 0.185893564588
v -0.136218660223 0.12627767647 0.185893564588
v -0.13656341099 0.126223073313 0.185893564588
v -0.136909857367 0.126180535046 0.185893564588
v -0.137257577263 0.126150113497 0.185893564588
v -0.137606147033 0.12613184573 0.185893564588
v -0.137955142 0.126625754 0.183191654335
v -0.138286687219 0.126631541143 0.183191654335
v -0.138617828501 0.126648895523 0.183191654335
v -0.138948162401 0.126677795994 0.183191654335
v -0.139277286459 0.126718207347 0.183191654335
v -0.139604799688 0.126770080346 0.183191654335
v -0.139930303063 0.126833351793 0.183191654335
v -0.140253400008 0.1269079446 0.183191654335
v -0.14057369688 0.126993767889 0.183191654335
v -0.140890803447 0.127090717095 0.183191654335
v -0.141204333362 0.127198674103 0.183191654335
v -0.134705950638 0.127198674103 0.183191654335
v -0.135019480553 0.127090717095 0.183191654335
v -0.13533658712 0.126993767889 0.183191654335
v -0.135656883992 0.1269079446 0.183191654335
v -0.135979980937 0.126833351793 0.183191654335
v -0.136305484312 0.126770080346 0.183191654335
v -0.136632997541 0.126718207347 0.183191654335
v -0.136962121599 0.126677795994 0.183191654335
v -0.137292455499 0.126648895523 0.183191654335
v -0.137623596781 0.126631541143 0.183191654335
v -0.137955142 0.126375754 0.183191654335
v -0.138295412093 0.126381693437 0.183191654335
v -0.138635267619 0.12639950451 0.183191654335
v -0.138974294517 0.12642916552 0.183191654335
v -0.139312079734 0.12647064033 0.183191654335
v -0.139648211732 0.126523878408 0.183191654335
v -0.139982280985 0.126588814893 0.183191654335
v -0.140313880482 0.126665370669 0.183191654335
v -0.140642606219 0.126753452465 0.183191654335
v -0.140968057695 0.126852952966 0.183191654335
v -0.141289838397 0.126963750947 0.183191654335
v -0.134620445603 0.126963750947 0.183191654335
v -0.134942226305 0.126852952966 0.183191654335
v -0.135267677781 0.126753452465 0.183191654335
v -0.135596403518 0.126665370669 0.183191654335
v -0.135928003015 0.126588814893 0.183191654335
v -0.136262072268 0.126523878408 0.183191654335
v -0.136598204266 0.12647064033 0.183191654335
v -0.136935989483 0.12642916552 0.183191654335
v -0.137275016381 0.12639950451 0.183191654335
v -0.137614871907 0.126381693437 0.183191654335
v -0.137955142 0.126125754 0.183191654335
v -0.138304136967 0.12613184573 0.183191654335
v -0.138652706737 0.126150113497 0.183191654335
v -0.139000426633 0.126180535046 0.183191654335
v -0.13934687301 0.126223073313 0.183191654335
v -0.139691623777 0.12627767647 0.183191654335
v -0.140034258908 0.126344277993 0.183191654335
v -0.140374360956 0.126422796737 0.183191654335
v -0.140711515558 0.126513137041 0.183191654335
v -0.141045311944 0.126615188837 0.183191654335
v -0.141375343433 0.126728827792 0.183191654335
v -0.134864972056 0.126615188837 0.183191654335
v -0.135198768442 0.126513137041 0.183191654335
v -0.135535923044 0.126422796737 0.183191654335
v -0.135876025092 0.126344277993 0.183191654335
v -0.136218660223 0.12627767647 0.183191654335
v -0.13656341099 0.126223073313 0.183191654335
v -0.136909857367 0.126180535046 0.183191654335
v -0.137257577263 0.126150113497 0.183191654335
v -0.137606147033 0.12613184573 0.183191654335
v -0.134705979262 0.127198680387 0.180507012794
v -0.135019508778 0.127090723456 0.18050649668
v -0.135336614912 0.126993774317 0.180505960154
v -0.135656911317 0.126907951089 0.180505403873
v -0.135980007762 0.126833358335 0.180504828512
v -0.136305510604 0.126770086933 0.180504234772
v -0.136633023268 0.12671821397 0.180503623379
v -0.13696214673 0.126677802645 0.180502995075
v -0.137292480003 0.126648902194 0.180502350627
v -0.137623620629 0.126631547827 0.18050169082
v -0.137955165162 0.126625760688 0.180501016458
v -0.138286709666 0.126631547827 0.180500328362
v -0.138617850207 0.126648902194 0.180499627371
v -0.138948183339 0.126677802645 0.180498914339
v -0.139277306604 0.12671821397 0.180498190134
v -0.139604819015 0.126770086933 0.180497455639
v -0.139930321549 0.126833358335 0.180496711748
v -0.14025341763 0.126907951089 0.180495959369
v -0.140573713617 0.126993774317 0.180495199417
v -0.140890819278 0.127090723456 0.180494432818
v -0.141204348268 0.127198680387 0.180493660507
v -0.1415139186 0.127317513582 0.180492883425
v -0.134942255272 0.126852959494 0.180506937538
v -0.135267706304 0.126753459062 0.180506386893
v -0.135596431562 0.126665377329 0.180505815972
v -0.135928030545 0.126588821607 0.18050522547
v -0.136262099252 0.126523885168 0.180504616106
v -0.13659823067 0.126470647127 0.180503988623
v -0.136936015275 0.126429172346 0.180503343786
v -0.13727504153 0.126399511357 0.180502682379
v -0.137614896382 0.126381700296 0.180502005208
v -0.137955165771 0.126375760864 0.1805013131
v -0.138295435131 0.126381700296 0.180500606896
v -0.138635289896 0.126399511357 0.180499887458
v -0.138974316006 0.126429172346 0.180499155661
v -0.13931210041 0.126470647127 0.180498412398
v -0.139648231568 0.126523885168 0.180497658574
v -0.139982299958 0.126588821607 0.180496895108
v -0.140313898568 0.126665377329 0.180496122929
v -0.140642623396 0.126753459062 0.180495342978
v -0.140968073943 0.126852959494 0.180494556206
v -0.141289853696 0.126963757397 0.180493763571
v -0.141607570616 0.127085717782 0.180492966039
v -0.135198797696 0.126513143808 0.180506813632
v -0.135535951807 0.126422803568 0.180506228072
v -0.135876053328 0.126344284879 0.180505622429
v -0.136218687899 0.126277683403 0.18050499744
v -0.136563438071 0.126223080284 0.180504353868
v -0.136909883821 0.126180542047 0.180503692496
v -0.137257603056 0.12615012052 0.18050301413
v -0.137606172135 0.126131852765 0.180502319596
v -0.137955166381 0.12612576104 0.180501609741
v -0.138304160596 0.126131852765 0.18050088543
v -0.138652729586 0.12615012052 0.180500147544
v -0.139000448673 0.126180542047 0.180499396984
v -0.139346894215 0.126223080284 0.180498634663
v -0.139691644121 0.126277683403 0.18049786151
v -0.140034278367 0.126344284879 0.180497078467
v -0.140374379506 0.126422803568 0.180496286489
v -0.140711533176 0.126513143808 0.180495486539
v -0.141045328608 0.126615195532 0.180494679594
v -0.141375359124 0.126728834407 0.180493866635
v -0.141701222632 0.126853921981 0.180493048653
v -0.135008518375 0.127084336897 0.177825316104
v -0.135325622777 0.126987388032 0.177824116634
v -0.135645917316 0.126901565046 0.177822872997
v -0.135969011761 0.126826972501 0.177821586708
v -0.136294512473 0.126763701277 0.177820259335
v -0.136622022879 0.12671182846 0.177818892495
v -0.136951143957 0.126671417249 0.177817487853
v -0.137281474724 0.126642516879 0.17781604712
v -0.137612612724 0.126625162561 0.177814572052
v -0.137944154515 0.126619375438 0.177813064445
v -0.138275696166 0.126625162561 0.177811526138
v -0.138606833742 0.126642516879 0.177809959003
v -0.138937163806 0.126671417249 0.17780836495
v -0.139266283899 0.12671182846 0.177806745921
v -0.13959379304 0.126763701277 0.17780510389
v -0.13991929221 0.126826972501 0.177803440855
v -0.140242384838 0.126901565046 0.177801758844
v -0.140562677285 0.126987388032 0.177800059906
v -0.140879779324 0.127084336897 0.177798346111
v -0.141193304616 0.127192293525 0.177796619546
v -0.135256717093 0.126747073453 0.177825070618
v -0.135585440436 0.126658991967 0.177823794254
v -0.135917037367 0.126582436461 0.177822474116
v -0.136251103887 0.126517500205 0.177821111812
v -0.136587232987 0.126464262314 0.177819709002
v -0.136925015146 0.12642278765 0.177818267396
v -0.137264038828 0.126393126744 0.177816788749
v -0.137603890986 0.126375315733 0.177815274863
v -0.137944157561 0.126369376318 0.177813727583
v -0.138284423992 0.126375315733 0.177812148794
v -0.138624275716 0.126393126744 0.177810540418
v -0.138963298675 0.12642278765 0.177808904417
v -0.139301079824 0.126464262314 0.177807242782
v -0.139637207627 0.126517500205 0.177805557539
v -0.139971272564 0.126582436461 0.177803850741
v -0.140302867629 0.126658991967 0.177802124466
v -0.140631588825 0.126747073453 0.177800380819
v -0.140957035655 0.126846573605 0.177798621924
v -0.141278811612 0.126957371196 0.177796849923
v -0.13518781141 0.126506758875 0.177826024603
v -0.135524963556 0.126416418889 0.177824715512
v -0.135865062972 0.126337900421 0.177823361524
v -0.1362076953 0.126271299133 0.177821964289
v -0.136552443095 0.126216696167 0.17782052551
v -0.136898886335 0.126174158051 0.177819046939
v -0.137246602933 0.126143736609 0.177817530378
v -0.137595169248 0.126125468905 0.177815977675
v -0.137944160608 0.126119377197 0.177814390721
v -0.138293151818 0.126125468905 0.177812771449
v -0.138641717689 0.126143736609 0.177811121834
v -0.138989433545 0.126174158051 0.177809443884
v -0.139335875748 0.126216696167 0.177807739643
v -0.139680622213 0.126271299133 0.177806011188
v -0.140023252918 0.126337900421 0.177804260626
v -0.140363350421 0.126416418889 0.177802490088
v -0.140700500365 0.126506758875 0.177800701732
v -0.141034291986 0.126608810312 0.177798897737
v -0.141364318609 0.126722448868 0.1777970803
v -0.135312335395 0.126979565824 0.175159486544
v -0.135632622678 0.126893743776 0.175156965479
v -0.13595570935 0.126819152047 0.175154357971
v -0.136281201781 0.126755881514 0.175151667196
v -0.136608703408 0.126704009264 0.175148896434
v -0.13693781522 0.126663598495 0.175146049059
v -0.137268136247 0.126634698442 0.175143128541
v -0.137599264042 0.126617344313 0.175140138438
v -0.137930795177 0.126611557253 0.175137082393
v -0.138262325733 0.126617344313 0.175133964129
v -0.13859345179 0.126634698442 0.175130787445
v -0.138923769923 0.126663598495 0.175127556213
v -0.13925287769 0.126704009264 0.175124274367
v -0.139580374124 0.126755881514 0.175120945908
v -0.13990586022 0.126819152047 0.175117574889
v -0.140228939425 0.126893743776 0.175114165419
v -0.140549218116 0.126979565824 0.175110721651
v -0.140866306082 0.12707651363 0.17510724778
v -0.141179817001 0.127184469077 0.17510374804
v -0.135243441073 0.126739253873 0.175161420027
v -0.135572156968 0.12665117335 0.175158832618
v -0.135903745921 0.12657461868 0.175156156491
v -0.136237803942 0.126509683134 0.175153394907
v -0.136573924033 0.126456445825 0.17515055123
v -0.136911696683 0.126414971614 0.175147628924
v -0.137250710368 0.126385311033 0.17514463155
v -0.137590552052 0.126367500217 0.17514156276
v -0.137930807691 0.126361560866 0.175138426293
v -0.138271062735 0.126367500217 0.175135225969
v -0.138610902636 0.126385311033 0.175131965689
v -0.138949913352 0.126414971614 0.175128649424
v -0.13928768185 0.126456445825 0.175125281214
v -0.13962379661 0.126509683134 0.175121865163
v -0.139957848131 0.12657461868 0.175118405434
v -0.140289429419 0.12665117335 0.175114906241
v -0.140618136497 0.126739253873 0.175111371847
v -0.140943568883 0.126838752937 0.175107806559
v -0.141265330089 0.126949549317 0.17510421472
v -0.135511691259 0.126408602923 0.175160699757
v -0.135851782493 0.126330085313 0.175157955012
v -0.136194406104 0.126263484753 0.175155122618
v -0.136539144659 0.126208882385 0.175152206026
v -0.136885578146 0.126166344733 0.175149208789
v -0.137233284489 0.126135923624 0.17514613456
v -0.137581840063 0.12611765612 0.175142987083
v -0.137930820205 0.126111564478 0.175139770193
v -0.138279799738 0.12611765612 0.17513648781
v -0.138628353482 0.126135923624 0.175133143933
v -0.13897605678 0.126166344733 0.175129742635
v -0.139322486009 0.126208882385 0.175126288061
v -0.139667219097 0.126263484753 0.175122784419
v -0.140009836041 0.126330085313 0.175119235979
v -0.140349919414 0.126408602923 0.175115647063
v -0.140687054878 0.126498941921 0.175112022043
v -0.141020831684 0.126600992243 0.175108365338
v -0.141350843177 0.126714629556 0.1751046814
v -0.135597151082 0.126872883254 0.172507422959
v -0.13592021715 0.126798293685 0.172502902463
v -0.136245687631 0.126735024986 0.172498237631
v -0.136573165989 0.126683154239 0.172493434147
v -0.136902253243 0.126642744641 0.172488497864
v -0.13723254845 0.126613845425 0.172483434796
v -0.137563649196 0.126596491799 0.172478251111
v -0.137895152086 0.126590704907 0.172472953125
v -0.138226653236 0.126596491799 0.172467547292
v -0.138557748761 0.126613845425 0.1724620402
v -0.138888035272 0.126642744641 0.172456438556
v -0.139217110368 0.126683154239 0.172450749187
v -0.13954457312 0.126735024986 0.172444979023
v -0.139870024565 0.126798293685 0.172439135094
v -0.140193068191 0.126872883254 0.172433224522
v -0.14051331042 0.126958702815 0.172427254506
v -0.140830361084 0.127055647812 0.172421232321
v -0.141143833908 0.127163600132 0.172415165303
v -0.135536714978 0.126630319855 0.1725106595
v -0.135868282785 0.126553767404 0.172506020043
v -0.136202318279 0.126488833739 0.172501232453
v -0.136538414489 0.126435597972 0.172496302562
v -0.136876161934 0.126394124963 0.172491236376
v -0.13721514912 0.126364465241 0.17248604007
v -0.137554963043 0.126346654941 0.172480719972
v -0.137895189694 0.126340715763 0.172475282565
v -0.138235414558 0.126346654941 0.172469734474
v -0.138575223123 0.126364465241 0.172464082457
v -0.138914201385 0.126394124963 0.172458333402
v -0.139251936351 0.126435597972 0.172452494312
v -0.139588016544 0.126488833739 0.172446572302
v -0.139922032501 0.126553767404 0.172440574586
v -0.140253577275 0.126630319855 0.172434508472
v -0.140582246931 0.126718397826 0.172428381351
v -0.140907641034 0.126817894007 0.172422200687
v -0.141229363142 0.126928687178 0.172415974011
v -0.135816348421 0.126309241122 0.172509137624
v -0.136158948927 0.126242642491 0.172504227274
v -0.136503662989 0.126188041705 0.172499170976
v -0.136850070624 0.126145505286 0.172493974889
v -0.137197749789 0.126115085058 0.172488645343
v -0.137546276891 0.126096818083 0.172483188833
v -0.137895227301 0.126090726618 0.172477612005
v -0.138244175879 0.126096818083 0.172471921655
v -0.138592697485 0.126115085058 0.172466124715
v -0.138940367497 0.126145505286 0.172460228248
v -0.139286762335 0.126188041705 0.172454239438
v -0.139631459968 0.126242642491 0.172448165581
v -0.139974040437 0.126309241122 0.172442014078
v -0.140314086359 0.126387756457 0.172435792423
v -0.140651183442 0.126478092838 0.172429508196
v -0.140984920983 0.126580140203 0.172423169053
v -0.141314892377 0.126693774223 0.172416782718
v -0.135871632988 0.126769562563 0.1698603301
v -0.136197062849 0.126706297255 0.169853356651
v -0.136524498148 0.12665442929 0.169846175963
v -0.136853539954 0.126614021858 0.169838796783
v -0.137183787381 0.126585124191 0.169831228103
v -0.137514838073 0.126567771496 0.169823479144
v -0.137846288696 0.126561984914 0.169815559346
v -0.138177735428 0.126567771496 0.169807478359
v -0.138508774453 0.126585124191 0.169799246029
v -0.138839002449 0.126614021858 0.169790872384
v -0.139168017087 0.12665442929 0.169782367627
v -0.139495417511 0.126706297255 0.169773742119
v -0.139820804835 0.126769562563 0.169765006371
v -0.140143782625 0.126844148132 0.169756171023
v -0.140463957381 0.126929963092 0.169747246842
v -0.140780939021 0.127026902891 0.1697382447
v -0.14109434135 0.127134849423 0.169729175565
v -0.135819752402 0.126525049391 0.169864989903
v -0.136153746207 0.126460119207 0.169857832943
v -0.136489798225 0.126406886295 0.169850463289
v -0.136827499026 0.12636541551 0.16984288992
v -0.137166437174 0.126335757378 0.169835122065
v -0.137506199727 0.126317948033 0.169827169185
v -0.137846372734 0.126312009173 0.169819040972
v -0.138186541749 0.126317948033 0.169810747327
v -0.138526292326 0.126335757378 0.169802298356
v -0.138865210534 0.12636541551 0.169793704352
v -0.139202883451 0.126406886295 0.169784975786
v -0.139538899676 0.126460119207 0.169776123292
v -0.139872849824 0.126525049391 0.169767157655
v -0.14020432703 0.126601597738 0.169758089798
v -0.140532927437 0.126689670987 0.169748930771
v -0.140858250699 0.126789161834 0.16973969173
v -0.141179900458 0.126899949064 0.169730383933
v -0.136110429566 0.126213941159 0.169862309234
v -0.136455098301 0.1261593433 0.169854750615
v -0.136801458097 0.126116809162 0.169846983057
v -0.137149086968 0.126086390565 0.169839016026
v -0.13749756138 0.12606812457 0.169830859227
v -0.137846456773 0.126062033431 0.169822522598
v -0.138195348069 0.12606812457 0.169814016295
v -0.1385438102 0.126086390565 0.169805350684
v -0.138891418618 0.126116809162 0.169796536321
v -0.139237749816 0.1261593433 0.169787583945
v -0.139582381841 0.126213941159 0.169778504464
v -0.139924894814 0.126280536219 0.169769308939
v -0.140264871434 0.126359047345 0.169760008573
v -0.140601897494 0.126449378882 0.169750614699
v -0.140935562377 0.126551420776 0.16974113876
v -0.136122951964 0.126661663515 0.167254753998
v -0.136450265911 0.12660980338 0.167243272283
v -0.13677917964 0.126569402049 0.167231473365
v -0.13710929242 0.126540508744 0.16721937162
v -0.13744020206 0.126523158669 0.167206981792
v -0.137771505398 0.126517372961 0.167194318975
v -0.138102798792 0.126523158669 0.167181398598
v -0.13843367861 0.126540508744 0.167168236402
v -0.138763741729 0.126569402049 0.167154848422
v -0.139092586015 0.12660980338 0.167141250971
v -0.139419810824 0.126661663515 0.167127460615
v -0.139745017482 0.126724919271 0.167113494155
v -0.140067809775 0.126799493579 0.167099368607
v -0.14038779443 0.126885295584 0.16708510118
v -0.140704581596 0.126982220748 0.167070709258
v -0.136415711249 0.126362297758 0.167250123734
v -0.136753280602 0.126320833234 0.167238014318
v -0.137092080561 0.126291179579 0.167225594106
v -0.13743169835 0.126273372923 0.16721287823
v -0.137771720196 0.126267434959 0.167199882181
v -0.138111731837 0.126273372923 0.167186621794
v -0.13845131902 0.126291179579 0.167173113224
v -0.138790068009 0.126320833234 0.167159372929
v -0.139127566093 0.126362297758 0.167145417651
v -0.139463402081 0.126415522633 0.16713126439
v -0.139797166809 0.126480443014 0.167116930392
v -0.140128453636 0.126556979805 0.167102433118
v -0.14045685894 0.126645039757 0.167087790233
v -0.14078198261 0.126744515583 0.167073019577
v -0.136727381564 0.126072264419 0.167244555271
v -0.137074868702 0.126041850414 0.167231816592
v -0.137423194639 0.126023587177 0.167218774667
v -0.137771934995 0.126017496958 0.167205445387
v -0.138120664882 0.126023587177 0.167191844989
v -0.138468959429 0.126041850414 0.167177990046
v -0.13881639429 0.126072264419 0.167163897436
v -0.13916254617 0.126114792136 0.16714958433
v -0.139506993338 0.126169381752 0.167135068165
v -0.139849316136 0.126235966758 0.167120366628
v -0.140189097497 0.12631446603 0.16710549763
v -0.140525923449 0.12640478393 0.167090479287
v -0.140859383624 0.126506810418 0.167075329895
v -0.136990598403 0.126468982547 0.164633278356
v -0.13732124428 0.126451637518 0.164615162693
v -0.137652272028 0.126445853492 0.164596645194
v -0.137983278343 0.126451637518 0.164577748419
v -0.138313859942 0.126468982547 0.164558495392
v -0.138643614064 0.126497867448 0.16453890957
v -0.138972138955 0.126538257029 0.164519014815
v -0.139299034356 0.126590102082 0.164498835365
v -0.139623901996 0.126653339441 0.164478395807
v -0.139946346075 0.126727892061 0.164457721042
v -0.140265973744 0.126813669111 0.164436836259
v -0.140582395585 0.126910566086 0.164415766904
v -0.140895226088 0.127018464931 0.164394538646
v -0.136973648914 0.126219725895 0.164642434579
v -0.137312995998 0.126201924418 0.164623842187
v -0.137652735003 0.126195988181 0.164604837385
v -0.13799245201 0.126201924418 0.164585443327
v -0.138331733125 0.126219725895 0.164565683642
v -0.138670164987 0.126249370925 0.164545582403
v -0.139007335269 0.12629082339 0.164525164102
v -0.139342833181 0.126344032786 0.164504453614
v -0.13967624997 0.126408934286 0.164483476172
v -0.14000717942 0.126485448817 0.164462257334
v -0.140335218343 0.126573483158 0.164440822952
v -0.140659967074 0.126672930053 0.164419199141
v -0.140981029959 0.126783668342 0.164397412245
v -0.137304747716 0.125952211318 0.164632521682
v -0.137653197977 0.12594612287 0.164613029577
v -0.138001625677 0.125952211318 0.164593138235
v -0.138349606308 0.125970469244 0.164572871892
v -0.13869671591 0.126000874403 0.164552255237
v -0.139042531584 0.126043389751 0.164531313389
v -0.139386632006 0.126097963491 0.164510071863
v -0.139728597944 0.126164529132 0.164488556538
v -0.140068012764 0.126243005574 0.164466793627
v -0.140404462941 0.126333297206 0.164444809646
v -0.140737538564 0.126435294021 0.164422631377
v -0.14106683383 0.126548871753 0.164400285843
v -0.137494102005 0.126348201638 0.162036984089
v -0.137824580609 0.12635398238 0.162010409692
v -0.138154613397 0.126371317562 0.161983325133
v -0.138483798275 0.126400186065 0.161955763411
v -0.138811734183 0.126440552715 0.161927758105
v -0.13913802158 0.126492368334 0.161899343334
v -0.139462262936 0.126555569791 0.16187055372
v -0.139784063212 0.126630080085 0.161841424336
v -0.140103030346 0.126715808438 0.161811990672
v -0.140418775723 0.126812650401 0.16178228859
v -0.140730914658 0.126920487988 0.161752354276
v -0.141039066857 0.127039189817 0.161722224201
v -0.137495034641 0.126098478183 0.162048702712
v -0.13783421005 0.12610441105 0.162021428989
v -0.138172927912 0.126122202421 0.161993631679
v -0.13851077555 0.126151830621 0.161965344648
v -0.13884734135 0.126193259552 0.16193660236
v -0.139182215257 0.126246438739 0.161907439832
v -0.139514989281 0.126311303392 0.161877892596
v -0.139845257986 0.126387774484 0.161847996649
v -0.140172618991 0.126475758845 0.161817788416
v -0.140496673457 0.126575149282 0.1617873047
v -0.140817026575 0.1266858247 0.161756582641
v -0.141133288042 0.126807650261 0.161725659669
v -0.137843839492 0.125854839719 0.162032448286
v -0.138191242427 0.125873087279 0.162003938224
v -0.138537752825 0.125903475177 0.161974925885
v -0.138882948517 0.125945966388 0.161945446615
v -0.139226408935 0.126000509144 0.16191553633
v -0.139567715625 0.126067036994 0.161885231473
v -0.139906452759 0.126145468883 0.161854568963
v -0.140242207636 0.126235709253 0.16182358616
v -0.140574571191 0.126337648162 0.16179232081
v -0.140903138491 0.126451161412 0.161760811006
v -0.141227509227 0.126576110705 0.161729095137
v -0.137949865764 0.126236068103 0.15952478626
v -0.13827749598 0.126264888575 0.159482554219
v -0.138603821404 0.126305188065 0.159439619487
v -0.138928444461 0.126356917474 0.159396034372
v -0.139250969647 0.126420013779 0.159351851978
v -0.139571004014 0.126494400105 0.159307126133
v -0.139888157651 0.126579985826 0.159261911328
v -0.140202044153 0.126676666666 0.159216262652
v -0.140512281099 0.126784324837 0.15917023572
v -0.140818490513 0.126902829173 0.159123886608
v -0.138305678941 0.126016946337 0.159497732071
v -0.138640591877 0.12605830634 0.159453667478
v -0.138973757646 0.126111397049 0.159408935387
v -0.139304770337 0.126176153783 0.159363590298
v -0.139633226661 0.126252497644 0.159317687456
v -0.139958726446 0.12634033562 0.159271282789
v -0.140280873119 0.126439560694 0.159224432832
v -0.140599274196 0.126550051974 0.159177194664
v -0.140913541752 0.126671674845 0.159129625839
v -0.138333861903 0.125769004099 0.159512909924
v -0.13867736235 0.125811424614 0.159467715469
v -0.139019070831 0.125865876624 0.159421836401
v -0.139358571027 0.125932293787 0.159375328617
v -0.139695449308 0.126010595183 0.15932824878
v -0.140029295241 0.126100685415 0.15928065425
v -0.140359702086 0.126202454721 0.159232603011
v -0.140686267292 0.126315779112 0.159184153609
v -0.141008592991 0.126440520518 0.159135365071
v -0.254650432476 0.20390784631 -0.118031812094
v -0.255293445656 0.203885390257 -0.117871441574
v -0.255933661608 0.20390784631 -0.117700245228
v -0.256251744966 0.203935890727 -0.117610846061
v -0.254648620436 0.203665842449 -0.11809450857
v -0.254978745779 0.203648558953 -0.118013653444
v -0.255308555016 0.203642795448 -0.117929917773
v -0.255637646324 0.203648558953 -0.117843403578
v -0.255965618756 0.203665842449 -0.117754216261
v -0.256292072728 0.203694624878 -0.117662464483
v -0.254985398492 0.203406111927 -0.118074276712
v -0.255661193922 0.203406111927 -0.117899661464
v -0.254204489947 0.204539915384 -0.120251148814
v -0.254524724066 0.204489578903 -0.120181348593
v -0.254845825081 0.204450364565 -0.120108464458
v -0.255167401779 0.204422320147 -0.120032585209
v -0.25548906237 0.204405479818 -0.119953803291
v -0.25581041496 0.204399864094 -0.119872214689
v -0.256131068029 0.204405479818 -0.119787918806
v -0.254177338122 0.204301006135 -0.120319596964
v -0.254505999454 0.20424934501 -0.120247959895
v -0.254835550496 0.204209098715 -0.120173157757
v -0.255165589739 0.204180316287 -0.120095281685
v -0.255495715083 0.204163032791 -0.120014426559
v -0.255825524319 0.204157269285 -0.119930690888
v -0.256154615627 0.204163032791 -0.119844176692
v -0.254150186297 0.204062096887 -0.120388045114
v -0.254487274843 0.204009111117 -0.120314571197
v -0.254825275911 0.203967832866 -0.120237851055
v -0.255163777699 0.203938312427 -0.120157978161
v -0.255502367795 0.203920585764 -0.120075049827
v -0.255840633679 0.203914674476 -0.119989167088
v -0.256178163225 0.203920585764 -0.119900434579
v -0.255117331751 0.205003410397 -0.122199874787
v -0.255436095324 0.2049641933 -0.12211736705
v -0.255755245276 0.204936146909 -0.122031854293
v -0.25607439277 0.204919305395 -0.121943440701
v -0.256393148975 0.204913689276 -0.121852233992
v -0.255100597623 0.2047631596 -0.122266953276
v -0.255427749712 0.204722910474 -0.122182274282
v -0.255755298346 0.204694126021 -0.12209451119
v -0.256082844458 0.204676841309 -0.122003770924
v -0.256409988985 0.204671077397 -0.121910164038
v -0.255083863495 0.204522908803 -0.122334031764
v -0.255419404099 0.204481627649 -0.122247181514
v -0.255755351416 0.204452105132 -0.122157168086
v -0.256091296147 0.204434377222 -0.122064101147
v -0.256426828995 0.204428465518 -0.121968094085
v -0.256485461379 0.205208078449 -0.123005853715
v -0.256277715846 0.205156497879 -0.122752600953
v -0.256491968082 0.204963264452 -0.123056090849
v -0.256278755562 0.204910326499 -0.122796173541
v -0.256498474785 0.204718450455 -0.123106327983
v -0.256279795277 0.204664155118 -0.122839746128
v -0.257406104012 0.204948783511 -0.121692991986
v -0.257108828635 0.204886960726 -0.121559721521
v -0.256810837486 0.204836275409 -0.121423383716
v -0.256512493622 0.204796789313 -0.121284144678
v -0.257429387447 0.204709845521 -0.121762752423
v -0.257124289034 0.20464639582 -0.12162597484
v -0.256818456013 0.20459437668 -0.121486049199
v -0.256512260994 0.204553851476 -0.121343145976
v -0.257452670882 0.204470907531 -0.12183251286
v -0.257139749433 0.204405830915 -0.12169222816
v -0.25682607454 0.20435247795 -0.121548714682
v -0.256512028366 0.204310913639 -0.121402147273
v -0.256775970397 0.204893029156 -0.121738862325
v -0.257084635363 0.204864723856 -0.121621046909
v -0.257393179804 0.20484772687 -0.121500767428
v -0.257701227806 0.204842058906 -0.121378170423
v -0.25800840406 0.20484772687 -0.12125340526
v -0.25831433432 0.204864723856 -0.121126623946
v -0.258618645856 0.204893029156 -0.120997980944
v -0.256770450923 0.204649518936 -0.121795185575
v -0.25708723865 0.20462046876 -0.121674269754
v -0.257403902682 0.204603024485 -0.121550825024
v -0.25772005721 0.204597207364 -0.121425001782
v -0.25803531705 0.204603024485 -0.121296953325
v -0.258349298106 0.20462046876 -0.12116683566
v -0.258661617841 0.204649518936 -0.121034807316
v -0.256764931448 0.204406008717 -0.121851508826
v -0.257089841938 0.204376213665 -0.121727492599
v -0.25741462556 0.2043583221 -0.121600882619
v -0.257738886615 0.204352355823 -0.12147183314
v -0.258062230041 0.2043583221 -0.12134050139
v -0.258384261893 0.204376213665 -0.121207047374
v -0.258704589826 0.204406008717 -0.121071633688
v -0.257137402423 0.205363243217 -0.123795943805
v -0.257457000919 0.205334997506 -0.123712189974
v -0.257776713339 0.205318036302 -0.123625864953
v -0.258096150162 0.205312380271 -0.123537073915
v -0.258414922203 0.205318036302 -0.123445925038
v -0.258732641089 0.205334997506 -0.123352529373
v -0.259048919727 0.205363243217 -0.123257000708
v -0.259363372782 0.205402739023 -0.123159455431
v -0.257126531231 0.205120245638 -0.123853684552
v -0.257454540214 0.205091256619 -0.123767726673
v -0.257782666118 0.205073849068 -0.123679129941
v -0.258110509173 0.205068044193 -0.123588002297
v -0.258437669953 0.205073849068 -0.123494454765
v -0.258763749862 0.205091256619 -0.123398601319
v -0.259088351623 0.205120245638 -0.123300558743
v -0.259411079757 0.205160780808 -0.123200446484
v -0.257115660039 0.20487724806 -0.1239114253
v -0.257452079509 0.204847515732 -0.123823263373
v -0.257788618898 0.204829661833 -0.123732394929
v -0.258124868185 0.204823708116 -0.123638930678
v -0.258460417703 0.204829661833 -0.123542984492
v -0.258794858635 0.204847515732 -0.123444673266
v -0.259127783518 0.20487724806 -0.123344116777
v -0.259458786733 0.204918822592 -0.123241437537
v -0.257093062217 0.205913035113 -0.126004915849
v -0.257410758512 0.205862386483 -0.125924544813
v -0.257729313188 0.205822928967 -0.125841347784
v -0.258048338136 0.205794710639 -0.125755426123
v -0.258367444672 0.205777765879 -0.125666884515
v -0.258686244016 0.20577211533 -0.125575830832
v -0.259004347757 0.205777765879 -0.125482376011
v -0.259321368338 0.205794710639 -0.12538663391
v -0.259636919516 0.205822928967 -0.125288721178
v -0.259950616841 0.205862386483 -0.125188757105
v -0.260262078121 0.205913035113 -0.125086863483
v -0.260570923889 0.205974813151 -0.124983164453
v -0.257066161091 0.205672644328 -0.126068071213
v -0.257392217815 0.205620662839 -0.12598558515
v -0.257719155509 0.205580166968 -0.125900198725
v -0.25804657585 0.205551206052 -0.125812015968
v -0.258374079927 0.205533815377 -0.125721144317
v -0.258701268727 0.20552801613 -0.125627694485
v -0.25902774362 0.205533815377 -0.125531780326
v -0.259353106847 0.205551206052 -0.125433518697
v -0.259676962003 0.205580166968 -0.125333029313
v -0.259998914521 0.205620662839 -0.125230434607
v -0.260318572151 0.205672644328 -0.125125859574
v -0.260635545439 0.205736048104 -0.125019431622
v -0.257039259966 0.205432253544 -0.126131226577
v -0.257373677118 0.205378939195 -0.126046625486
v -0.25770899783 0.205337404968 -0.125959049666
v -0.258044813565 0.205307701465 -0.125868605813
v -0.258380715182 0.205289864875 -0.12577540412
v -0.258716293438 0.20528391693 -0.125679558138
v -0.259051139482 0.205289864875 -0.125581184642
v -0.259384845356 0.205307701465 -0.125480403483
v -0.259717004491 0.205337404968 -0.125377337449
v -0.260047212202 0.205378939195 -0.125272112109
v -0.260375066181 0.205432253544 -0.125164855665
v -0.260700166989 0.205497283057 -0.125055698792
v -0.256176497501 0.206815463223 -0.128446669676
v -0.256483542241 0.206710234008 -0.128378801692
v -0.256793296607 0.206615734456 -0.128307543076
v -0.257105383211 0.206532079699 -0.128232980645
v -0.257419421825 0.206459371658 -0.128155205243
v -0.257735029839 0.206397698917 -0.128074311627
v -0.258051822735 0.206347136613 -0.127990398353
v -0.25836941455 0.20630774635 -0.127903567657
v -0.258687418345 0.206279576118 -0.127813925328
v -0.259005446684 0.206262660239 -0.127721580583
v -0.259323112096 0.206257019322 -0.127626645928
v -0.259640027557 0.206262660239 -0.127529237027
v -0.256425015387 0.206478477561 -0.128452037997
v -0.256742921184 0.206381491178 -0.128378904154
v -0.257063220593 0.206295634981 -0.128302379554
v -0.257385523381 0.20622101357 -0.128222557431
v -0.257709436869 0.206157717862 -0.128139535035
v -0.258034566421 0.206105824971 -0.128053413518
v -0.258360515914 0.206065398122 -0.127964297803
v -0.258686888231 0.206036486569 -0.127872296466
v -0.259013285736 0.206019125535 -0.127777521595
v -0.259339310765 0.206013336172 -0.12768008866
v -0.259664566106 0.206019125535 -0.127580116367
v -0.256366488533 0.206246721113 -0.128525274302
v -0.25669254576 0.206147247901 -0.128450265232
v -0.257021057975 0.206059190262 -0.128371778463
v -0.257351624937 0.205982655482 -0.128289909619
v -0.257683843899 0.205917736806 -0.128204758444
v -0.258017310106 0.205864513329 -0.128116428682
v -0.258351617279 0.205823049894 -0.128025027949
v -0.258686358116 0.205793397019 -0.127930667603
v -0.259021124788 0.20577559083 -0.127833462608
v -0.259355509433 0.205769653022 -0.127733531392
v -0.259689104655 0.20577559083 -0.127630995707
v -0.257117977659 0.207198856049 -0.130398642461
v -0.257739224741 0.207020831169 -0.130250156322
v -0.258368170561 0.206886548013 -0.130088650538
v -0.258684574004 0.206836022443 -0.130003258791
v -0.259001750957 0.206796660796 -0.129914911947
v -0.259319314986 0.20676851103 -0.129823717644
v -0.25963687919 0.20675160744 -0.129729786987
v -0.259954056665 0.206745970621 -0.129633234417
v -0.257060043966 0.206967267972 -0.130472876209
v -0.257377658919 0.206870352049 -0.130398397632
v -0.258019596327 0.206709991027 -0.130239225866
v -0.258343136681 0.206646741303 -0.130154726605
v -0.258667866531 0.206594886112 -0.130067087706
v -0.258993390245 0.206554488633 -0.129976415946
v -0.259319311223 0.206525598084 -0.129882821792
v -0.259970756629 0.206502464506 -0.129687325849
v -0.257002110273 0.206735679894 -0.130547109958
v -0.25765605457 0.206548285283 -0.13039080876
v -0.257986266541 0.206471806105 -0.130307468581
v -0.258318102801 0.206406934592 -0.130220802671
v -0.258651159057 0.206353749782 -0.130130916622
v -0.259319307459 0.206282685137 -0.129941925941
v -0.259653585568 0.206264891884 -0.129843051565
v -0.145612212259 0.186251398055 0.2229031732
v -0.145943756503 0.186245608583 0.222903960465
v -0.14627489681 0.186228251928 0.222904712907
v -0.146605229739 0.186199349236 0.222905429611
v -0.146934352829 0.186158935721 0.222906109702
v -0.147261865094 0.186107060619 0.222906752353
v -0.147587367512 0.186043787133 0.22290735678
v -0.147910463506 0.185969192352 0.222907922247
v -0.148230759436 0.185883367158 0.222908448065
v -0.144949527708 0.186228261334 0.222901498082
v -0.145280668016 0.186245613289 0.222902352072
v -0.145612212259 0.186501396985 0.222903904628
v -0.145952481351 0.186495455159 0.22290471261
v -0.146292335877 0.18647764175 0.222905484854
v -0.146631361778 0.186447978461 0.222906220418
v -0.146969146002 0.186406501431 0.222906918407
v -0.147305277011 0.186353261195 0.222907577969
v -0.147639345281 0.186288322618 0.222908198302
v -0.147970943802 0.186211764816 0.22290877865
v -0.144932088641 0.186477651403 0.222902185428
v -0.145271943167 0.186495459988 0.222903061892
v -0.145612212259 0.186751395915 0.222904636056
v -0.1459612062 0.186745301734 0.222905464756
v -0.146309774945 0.186727031571 0.222906256801
v -0.146657493817 0.186696607685 0.222907011225
v -0.147003939175 0.186654067142 0.222907727111
v -0.147348688928 0.186599461772 0.222908403586
v -0.147691323051 0.186532858103 0.222909039825
v -0.148031424098 0.18645433728 0.222909635053
v -0.144914649574 0.186727041472 0.222902872774
v -0.145263218319 0.186745306688 0.222903771711
v -0.145605667642 0.186243524673 0.22559303713
v -0.145937212378 0.186237736378 0.225593591006
v -0.146268353178 0.186220380873 0.225594120393
v -0.146598686597 0.186191479303 0.225594624647
v -0.146927810176 0.18615106688 0.225595103152
v -0.147255322928 0.18609919284 0.225595555326
v -0.147580825829 0.186035920385 0.225595980619
v -0.147903922304 0.185961326601 0.225596378511
v -0.14822421871 0.18587550237 0.225596748518
v -0.144942982107 0.186220385526 0.22559185864
v -0.145274122906 0.186237738706 0.22559245944
v -0.145605667642 0.186493524144 0.225593551503
v -0.14594593724 0.186487583525 0.225594119954
v -0.146285792271 0.186469771296 0.225594663273
v -0.146624818675 0.186440109159 0.225595180796
v -0.146962603401 0.186398633251 0.225595671894
v -0.147298734909 0.186345394105 0.225596135967
v -0.147632803676 0.186280456585 0.225596572451
v -0.14796440269 0.186203899806 0.225596980814
v -0.148293127948 0.186115817043 0.225597360558
v -0.144925543014 0.186469776072 0.225592342
v -0.145265398045 0.186487585915 0.22559295861
v -0.145605667642 0.186743523615 0.225594065875
v -0.145954662101 0.186737430673 0.225594648903
v -0.146303231364 0.18671916172 0.225595206152
v -0.146650950753 0.186688739014 0.225595736945
v -0.146997396625 0.186646199622 0.225596240635
v -0.147342146891 0.18659159537 0.225596716608
v -0.147684781523 0.186524992785 0.225597164284
v -0.148024883076 0.186446473012 0.225597583118
v -0.144908103921 0.186719166618 0.225592825359
v -0.145256673183 0.186737433123 0.22559345778
v -0.145603003503 0.186240333665 0.228278246682
v -0.145934548665 0.186234546388 0.228278436366
v -0.14626568989 0.186217191878 0.228278617746
v -0.146596023734 0.186188291279 0.228278790601
v -0.146925147736 0.186147879802 0.22827895472
v -0.147252660909 0.186096006681 0.228279109904
v -0.147578164228 0.186032735117 0.228279255963
v -0.147901261118 0.185958142197 0.22827939272
v -0.148221557936 0.185872318799 0.228279520007
v -0.144940317115 0.186217192418 0.228277843336
v -0.14527145834 0.186234546658 0.228278048925
v -0.145603003503 0.186490333604 0.228278421053
v -0.145943273537 0.18648439403 0.228278615729
v -0.146283129005 0.186466582823 0.228278801882
v -0.146622155845 0.186436921682 0.228278979286
v -0.146959941005 0.186395446744 0.228279147724
v -0.147296072946 0.186342208542 0.228279306992
v -0.147630142142 0.186277271937 0.228279456894
v -0.147961741582 0.186200716045 0.22827959725
v -0.148290467263 0.186112634136 0.228279727887
v -0.144922878 0.186466583377 0.228278007093
v -0.145262733468 0.186484394308 0.228278218092
v -0.145603003503 0.186740333543 0.228278595424
v -0.14595199841 0.186734241673 0.228278795092
v -0.146300568121 0.186715973768 0.228278986018
v -0.146648287957 0.186685552084 0.228279167971
v -0.146994734275 0.186643013687 0.228279340728
v -0.147339484983 0.186588410403 0.228279504079
v -0.147682120056 0.186521808757 0.228279657826
v -0.148022222046 0.186443289892 0.22827980178
v -0.144905438884 0.186715974336 0.22827817085
v -0.145254008595 0.186734241957 0.228278387259
v -0.145602514628 0.186239780917 0.230970716074
v -0.145934059845 0.186233993771 0.230970745993
v -0.146265201126 0.186216639389 0.230970774703
v -0.146595535025 0.186187738914 0.23097080217
v -0.146924659081 0.186147327558 0.23097082836
v -0.147252172309 0.186095454556 0.230970853241
v -0.147577675682 0.186032183107 0.230970876783
v -0.147900772626 0.185957590297 0.230970898957
v -0.148221069497 0.185871767006 0.230970919736
v -0.14493982813 0.186216639401 0.230970652758
v -0.14527096941 0.186233993777 0.230970684983
v -0.145602514628 0.186489780916 0.23097074139
v -0.145942784719 0.186483841476 0.230970772096
v -0.146282640244 0.1864660304 0.230970801562
v -0.14662166714 0.186436369387 0.230970829752
v -0.146959452356 0.186394894574 0.230970856631
v -0.147295584353 0.186341656493 0.230970882167
v -0.147629653605 0.186276720005 0.230970906328
v -0.1479612531 0.186200164227 0.230970929086
v -0.148289978836 0.186112082428 0.230970950412
v -0.144922389012 0.186466030412 0.230970676408
v -0.145262244536 0.186483841483 0.230970709481
v -0.145602514628 0.186739780915 0.230970766706
v -0.145951509593 0.186733689182 0.2309707982
v -0.146300079362 0.186715421411 0.230970828421
v -0.146647799256 0.186684999859 0.230970857334
v -0.146994245631 0.18664246159 0.230970884902
v -0.147338996397 0.186587858429 0.230970911093
v -0.147681631527 0.186521256904 0.230970935874
v -0.148021733574 0.186442738156 0.230970959215
v -0.144904949893 0.186715421424 0.230970700058
v -0.145253519662 0.186733689188 0.230970733979
v -0.145602507 0.186239789519 0.233667622537
v -0.145934052219 0.186234002376 0.233667628138
v -0.1462651935 0.186216647997 0.233667634054
v -0.146595527401 0.186187747525 0.23366764028
v -0.146924651459 0.186147336173 0.233667646808
v -0.147252164688 0.186095463173 0.233667653629
v -0.147577668063 0.186032191727 0.233667660735
v -0.147900765008 0.18595759892 0.233667668119
v -0.14822106188 0.185871775632 0.23366767577
v -0.1449398205 0.186216647996 0.233667612313
v -0.145270961781 0.186234002375 0.23366761726
v -0.145602507 0.186489789519 0.233667615555
v -0.145942777093 0.186483850082 0.233667621303
v -0.146282632619 0.186466039009 0.233667627375
v -0.146621659517 0.186436377999 0.233667633765
v -0.146959444734 0.18639490319 0.233667640464
v -0.147295576732 0.186341665112 0.233667647465
v -0.147629645985 0.186276728627 0.233667654758
v -0.147961245482 0.186200172851 0.233667662336
v -0.148289971219 0.186112091056 0.233667670188
v -0.144922381381 0.186466039009 0.233667605062
v -0.145262236907 0.186483850082 0.233667610139
v -0.145602507 0.186739789519 0.233667608573
v -0.145951501967 0.186733697789 0.233667614468
v -0.146300071737 0.186715430022 0.233667620696
v -0.146647791633 0.186685008473 0.233667627249
v -0.146994238009 0.186642470207 0.23366763412
v -0.147338988776 0.18658786705 0.233667641301
v -0.147681623908 0.186521265527 0.233667648781
v -0.148021725956 0.186442746783 0.233667656553
v -0.144904942263 0.186715430021 0.23366759781
v -0.145253512033 0.186733697789 0.233667603018
v -0.145602426109 0.186239931622 0.236364974525
v -0.145933971327 0.186234144481 0.236364993897
v -0.146265112609 0.186216790104 0.236365014522
v -0.146595446509 0.186187889635 0.236365036374
v -0.146924570566 0.186147478284 0.236365059427
v -0.147252083794 0.186095605287 0.236365083651
v -0.147577587169 0.186032333843 0.236365109019
v -0.147900684114 0.185957741038 0.236365135498
v -0.148220980985 0.185871917752 0.236365163057
v -0.14493973961 0.186216790096 0.236364939629
v -0.145270880891 0.186234144477 0.236364956428
v -0.145602426109 0.186489931621 0.236364946968
v -0.145942696201 0.186483992186 0.236364966851
v -0.146282551727 0.186466181115 0.236364988018
v -0.146621578624 0.186436520107 0.236365010445
v -0.146959363841 0.1863950453 0.236365034104
v -0.147295495839 0.186341807224 0.236365058967
v -0.147629565091 0.186276870742 0.236365085002
v -0.147961164587 0.186200314968 0.236365112178
v -0.148289890324 0.186112233175 0.236365140462
v -0.144922300491 0.186466181107 0.236364911154
v -0.145262156017 0.186483992182 0.236364928395
v -0.145602426109 0.186739931619 0.236364919412
v -0.145951421076 0.186733839891 0.236364939804
v -0.146299990845 0.186715572126 0.236364961515
v -0.14664771074 0.18668515058 0.236364984517
v -0.146994157116 0.186642612316 0.236365008782
v -0.147338907883 0.186588009161 0.236365034282
v -0.147681543014 0.186521407641 0.236365060984
v -0.148021645061 0.186442888899 0.236365088858
v -0.144904861373 0.186715572117 0.236364882679
v -0.145253431143 0.186733839887 0.236364900362
v -0.14560220207 0.186240384018 0.239061720419
v -0.145933747286 0.186234596886 0.239061764955
v -0.146264888565 0.186217242519 0.239061812404
v -0.146595222463 0.186188342059 0.239061862708
v -0.146924346518 0.186147930718 0.239061915804
v -0.147251859744 0.186096057732 0.23906197163
v -0.147577363117 0.186032786298 0.239062030116
v -0.147900460059 0.185958193504 0.239062091192
v -0.148220756929 0.185872370229 0.239062154782
v -0.144939515575 0.186217242474 0.239061640296
v -0.145270656855 0.186234596864 0.239061678849
v -0.14560220207 0.18649038401 0.239061656339
v -0.14594247216 0.186484444585 0.239061702048
v -0.146282327684 0.186466633524 0.239061750745
v -0.146621354579 0.186436972526 0.239061802373
v -0.146959139793 0.186395497729 0.239061856867
v -0.147295271788 0.186342259663 0.239061914162
v -0.147629341039 0.186277323192 0.239061974187
v -0.147960940533 0.186200767429 0.239062036869
v -0.148289666267 0.186112685647 0.239062102133
v -0.144922076457 0.186466633478 0.239061574109
v -0.14526193198 0.186484444562 0.239061613676
v -0.14560220207 0.186740384002 0.23906159226
v -0.145951197035 0.186734292284 0.239061639141
v -0.146299766802 0.186716024528 0.239061689087
v -0.146647486694 0.186685602992 0.239061742038
v -0.146993933068 0.186643064739 0.239061797929
v -0.147338683832 0.186588461595 0.239061856693
v -0.147681318961 0.186521860086 0.239061918257
v -0.148021421006 0.186443341355 0.239061982547
v -0.144904637339 0.186716024482 0.239061507921
v -0.145253207106 0.186734292261 0.239061548503
v -0.145601725371 0.186241313843 0.241757947462
v -0.145933270581 0.186235526734 0.241758025174
v -0.146264411855 0.186218172391 0.241758108082
v -0.146594745747 0.186189271957 0.241758196083
v -0.146923869796 0.186148860642 0.241758289071
v -0.147251383017 0.186096987682 0.241758386932
v -0.147576886383 0.186033716276 0.241758489547
v -0.14789998332 0.185959123509 0.241758596792
v -0.148220280184 0.185873300263 0.241758708535
v -0.144939038888 0.186218172254 0.241757807994
v -0.145270180161 0.186235526665 0.241757875039
v -0.145601725371 0.186491313816 0.24175783321
v -0.145941995455 0.186485374416 0.241757912968
v -0.146281850973 0.186467563379 0.241757998057
v -0.146620877862 0.186437902407 0.241758088374
v -0.146958663071 0.186396427637 0.241758183809
v -0.14729479506 0.186343189599 0.241758284245
v -0.147628864305 0.186278253156 0.241758389561
v -0.147960463793 0.186201697422 0.241758499628
v -0.148289189522 0.186113615669 0.241758614311
v -0.14492159977 0.186467563239 0.241757690072
v -0.145261455287 0.186485374345 0.241757758881
v -0.145601725371 0.18674131379 0.241757718958
v -0.145950720329 0.186735222097 0.241757800761
v -0.146299290091 0.186716954368 0.241757888032
v -0.146647009977 0.186686532858 0.241757980665
v -0.146993456345 0.186643994632 0.241758078547
v -0.147338207103 0.186589391516 0.241758181558
v -0.147680842226 0.186522790036 0.241758289574
v -0.148020944265 0.186444271334 0.241758402463
v -0.144904160652 0.186716954223 0.241757572149
v -0.145252730413 0.186735222025 0.241757642723
v -0.145600980259 0.186242848096 0.244453713424
v -0.145932525457 0.186237061036 0.244453833396
v -0.146263666719 0.186219706743 0.244453961395
v -0.146594000599 0.18619080636 0.244454097267
v -0.146923124637 0.186150395099 0.244454240844
v -0.147250637846 0.186098522193 0.244454391952
v -0.147576141201 0.186035250843 0.244454550408
v -0.147899238127 0.185960658134 0.244454716017
v -0.148219534979 0.185874834946 0.244454888579
v -0.144938293799 0.186219706416 0.244453498137
v -0.14526943506 0.186237060873 0.244453601625
v -0.145600980259 0.186492848034 0.244453536874
v -0.145941250331 0.186486908683 0.244453660003
v -0.146281105836 0.186469097698 0.244453791371
v -0.146620132713 0.186439436779 0.244453930818
v -0.14695791791 0.186397962063 0.244454078174
v -0.147294049888 0.186344724081 0.244454233259
v -0.147628119121 0.186279787695 0.244454395884
v -0.147959718597 0.18620323202 0.244454565852
v -0.148288444314 0.186115150327 0.244454742955
v -0.144920854681 0.186469097362 0.244453315922
v -0.145260710187 0.186486908515 0.244453422134
v -0.145600980259 0.186742847972 0.244453360325
v -0.145949975205 0.18673675633 0.244453486611
v -0.146298544954 0.186718488653 0.244453621348
v -0.146646264828 0.186688067197 0.24445376437
v -0.146992711183 0.186645529027 0.244453915504
v -0.147337461929 0.186590925968 0.244454074566
v -0.14768009704 0.186524324547 0.244454241361
v -0.148020199067 0.186445805906 0.244454415687
v -0.144903415564 0.186718488308 0.244453133707
v -0.145251985313 0.186736756157 0.244453242642
v -0.14559983921 0.186245120936 0.247149074683
v -0.145931384387 0.18623933396 0.247149245855
v -0.146262525628 0.186221979754 0.247149428368
v -0.146592859487 0.186193079462 0.247149622001
v -0.146921983504 0.186152668293 0.247149826516
v -0.147249496692 0.186100795482 0.247150041666
v -0.147575000027 0.186037524229 0.247150267188
v -0.147898096932 0.18596293162 0.247150502808
v -0.148218393764 0.185877108534 0.247150748237
v -0.144937152792 0.186221979095 0.247148767186
v -0.145268294032 0.18623933363 0.247148915062
v -0.14559983921 0.186495120811 0.247148825204
v -0.14594010926 0.186489181547 0.24714900088
v -0.146279964744 0.186471370652 0.247149188196
v -0.1466189916 0.186441709825 0.247149386924
v -0.146956776775 0.186400235204 0.247149596822
v -0.147292908731 0.18634699732 0.247149817634
v -0.147626977943 0.186282061034 0.24715004909
v -0.147958577398 0.186205505461 0.24715029091
v -0.148287303095 0.186117423872 0.247150542799
v -0.144919713676 0.186471369974 0.247148509614
v -0.145259569159 0.186489181208 0.247148661382
v -0.14559983921 0.186745120687 0.247148575724
v -0.145948834133 0.186739029134 0.247148755905
v -0.146297403861 0.186720761549 0.247148948024
v -0.146645123712 0.186690340188 0.247149151847
v -0.146991570046 0.186647802115 0.247149367127
v -0.14733632077 0.186593199157 0.247149593601
v -0.147678955859 0.186526597838 0.247149830993
v -0.148019057865 0.186448079302 0.247150079013
v -0.144902274559 0.186720760854 0.247148252042
v -0.145250844286 0.186739028786 0.247148407702
v -0.145598288247 0.186248227124 0.249844071327
v -0.145929833393 0.186242440276 0.249844298217
v -0.146260974603 0.186225086203 0.249844540201
v -0.146591308431 0.186196186047 0.249844796982
v -0.146920432417 0.186155775019 0.24984506825
v -0.147247945574 0.186103902353 0.249845353672
v -0.147573448878 0.186040631248 0.249845652902
v -0.147896545753 0.18596603879 0.249845965574
v -0.148216842555 0.185880215858 0.249846291309
v -0.144935601891 0.18622508504 0.249843663913
v -0.145266743101 0.186242439694 0.249843859806
v -0.145598288247 0.186498226903 0.249843739349
v -0.145938558266 0.186492287771 0.24984397221
v -0.146278413717 0.186474477011 0.249844220562
v -0.146617440541 0.186444816325 0.249844484101
v -0.146955225685 0.186403341848 0.249844762507
v -0.147291357609 0.186350104112 0.24984505544
v -0.14762542679 0.186285167978 0.249845362545
v -0.147957026214 0.186208612561 0.249845683445
v -0.148285751879 0.186120531131 0.249846017751
v -0.144918162777 0.186474475817 0.249843321214
v -0.145258018229 0.186492287173 0.249843522262
v -0.145598288247 0.186748226683 0.249843407371
v -0.145947283138 0.186742135265 0.249843646203
v -0.146295852832 0.186723867819 0.249843900923
v -0.146643572651 0.186693446602 0.249844171219
v -0.146990018953 0.186650908678 0.249844456764
v -0.147334769644 0.186596305871 0.249844757209
v -0.147677404701 0.186529704708 0.249845072187
v -0.148017506674 0.186451186331 0.249845401316
v -0.144900723662 0.186723866594 0.249842978514
v -0.145249293356 0.186742134652 0.249843184718
v -0.145596271393 0.186252277948 0.252538813248
v -0.145927816496 0.18624649128 0.252539100284
v -0.146258957662 0.186229137392 0.252539406469
v -0.146589291447 0.186200237426 0.252539731428
v -0.14691841539 0.186159826595 0.252540074766
v -0.147245928504 0.18610795413 0.252540436064
v -0.147571431765 0.186044683232 0.252540814883
v -0.147894528598 0.185970090986 0.252541210761
v -0.148214825358 0.18588426827 0.252541623215
v -0.144933585124 0.186229135524 0.252538297993
v -0.145264726291 0.186246490345 0.252538545708
v -0.145596271393 0.186502277593 0.25253839211
v -0.145936541367 0.186496338644 0.2525386867
v -0.146276396774 0.186478528075 0.252539000942
v -0.146615423554 0.186448867584 0.252539334452
v -0.146953208653 0.186407393309 0.252539686826
v -0.147289340533 0.18635415578 0.252540057632
v -0.14762340967 0.186289219858 0.25254044642
v -0.14795500905 0.186212664658 0.252540852715
v -0.148283734673 0.18612458345 0.252541276023
v -0.144916146012 0.186478526158 0.252537863296
v -0.145256001419 0.186496337685 0.25253811753
v -0.145596271393 0.186752277238 0.252537970972
v -0.145945266238 0.186746186009 0.252538273116
v -0.146293835887 0.186727918758 0.252538595415
v -0.14664155566 0.186697497742 0.252538937477
v -0.146988001916 0.186654960024 0.252539298886
v -0.147332752563 0.18660035743 0.2525396792
v -0.147675387574 0.186533756485 0.252540077956
v -0.148015489503 0.186455238331 0.25254049467
v -0.148352643987 0.186364898631 0.252540928832
v -0.1448987069 0.186727916793 0.252537428598
v -0.145247276548 0.186746185025 0.252537689352
v -0.145593775072 0.186257306479 0.255233791046
v -0.145925320114 0.186251520038 0.255234144946
v -0.146256461219 0.186234166383 0.25523452175
v -0.146586794944 0.186205266658 0.255234920999
v -0.146915918827 0.186164856072 0.255235342207
v -0.147243431881 0.186112983859 0.255235784861
v -0.147568935082 0.186049713219 0.255236248421
v -0.147892031856 0.185975121235 0.255236732323
v -0.148212328557 0.185889298788 0.255237235976
v -0.144931088924 0.186234163624 0.255233153655
v -0.14526223003 0.186251518658 0.255233460481
v -0.145593775072 0.186507305971 0.255233287009
v -0.145934044983 0.186501367255 0.255233650222
v -0.146273900329 0.186483556925 0.255234036942
v -0.146612927046 0.18645389668 0.255234446698
v -0.146950712083 0.186412422658 0.255234878991
v -0.147286843902 0.186359185387 0.255235333293
v -0.147620912977 0.18629424973 0.255235809052
v -0.147952512297 0.1862176948 0.255236305688
v -0.148281237859 0.186129613867 0.255236822596
v -0.144913649815 0.186483554094 0.255232632845
v -0.14525350516 0.186501365838 0.255232947746
v -0.145593775072 0.186757305463 0.255232782972
v -0.145942769853 0.186751214472 0.255233155499
v -0.146291339438 0.186732947467 0.255233552135
v -0.146639059148 0.186702526703 0.255233972397
v -0.14698550534 0.186659989245 0.255234415774
v -0.147330255923 0.186605386916 0.255234881726
v -0.147672890872 0.186538786241 0.255235369684
v -0.148012992739 0.186460268364 0.255235879054
v -0.148350147162 0.186369928946 0.255236409215
v -0.144896210706 0.186732944563 0.255232112035
v -0.145244780291 0.186751213019 0.25523243501
v -0.145590701172 0.186263146286 0.257929362828
v -0.145922246129 0.18625736011 0.25792979247
v -0.14625338715 0.186240006726 0.257930248036
v -0.14658372079 0.186211107278 0.25793072897
v -0.146912844589 0.186170696975 0.257931234687
v -0.147240357559 0.186118825051 0.25793176457
v -0.147565860677 0.186055554704 0.257932317975
v -0.147888957368 0.185980963019 0.257932894225
v -0.148209253987 0.185895140874 0.257933492621
v -0.148526360303 0.18579819283 0.257934112432
v -0.144928015194 0.186240002922 0.257928583376
v -0.145259156215 0.186257358207 0.257928959633
v -0.145590701172 0.186513145634 0.257928791583
v -0.145930970997 0.186507207189 0.257929232531
v -0.146270826255 0.186489397138 0.257929700086
v -0.146609852885 0.186459737178 0.257930193676
v -0.146947637836 0.186418263446 0.257930712701
v -0.147283769569 0.186365026471 0.257931256529
v -0.147617838559 0.186300091115 0.257931824496
v -0.147949437794 0.18622353649 0.257932415912
v -0.148278163272 0.186135455868 0.257933030054
v -0.148603614491 0.18603595656 0.257933666176
v -0.14491057609 0.186489393234 0.257927991619
v -0.145250431348 0.186507205236 0.257928377777
v -0.145590701172 0.186763144981 0.257928220338
v -0.145939695864 0.186757054269 0.257928672593
v -0.14628826536 0.186738787549 0.257929152135
v -0.14663598498 0.186708367078 0.257929658382
v -0.146982431084 0.186665829917 0.257930190716
v -0.147327181579 0.186611227891 0.257930748487
v -0.147669816441 0.186544627526 0.257931331018
v -0.14800991822 0.186466109962 0.257931937598
v -0.148347072556 0.186375770862 0.257932567488
v -0.144893136985 0.186738783545 0.257927399862
v -0.145241706481 0.186757052266 0.257927795922
v -0.145586997377 0.186269626461 0.260625444613
v -0.145918542219 0.186263840585 0.260625959081
v -0.146249683124 0.186246487509 0.260626501856
v -0.146580016649 0.186217588373 0.260627072277
v -0.146909140333 0.186177178387 0.26062766965
v -0.147236653189 0.186125306785 0.260628293246
v -0.147562156194 0.186062036763 0.260628942306
v -0.147885252772 0.185987445407 0.260629616039
v -0.14820554928 0.185901623594 0.260630313625
v -0.148522655485 0.185804675886 0.260631034213
v -0.14492431163 0.186246482512 0.260624503074
v -0.145255452536 0.186263838085 0.260624959081
v -0.145586997377 0.186519625679 0.26062481964
v -0.145927267083 0.186513687544 0.260625347646
v -0.146267122223 0.186495877808 0.260625904704
v -0.146606148735 0.186466218168 0.260626490137
v -0.146943933569 0.186424744762 0.26062710323
v -0.147280065184 0.186371508117 0.260627743237
v -0.147614134057 0.186306573095 0.260628409377
v -0.147945733177 0.186230018808 0.26062910084
v -0.14827445854 0.186141938527 0.260629816784
v -0.148599909646 0.186042439563 0.260630556334
v -0.144906872532 0.18649587268 0.260623853323
v -0.145246727671 0.186513684979 0.26062432133
v -0.145586997377 0.186769624898 0.260624194667
v -0.145935991947 0.186763534503 0.260624736211
v -0.146284561321 0.186745268107 0.260625307553
v -0.146632280821 0.186714847964 0.260625907997
v -0.146978726804 0.186672311137 0.26062653681
v -0.147323477179 0.18661770945 0.260627193227
v -0.147666111921 0.186551109427 0.260627876449
v -0.148006213582 0.18647259221 0.260628585642
v -0.148343367801 0.18638225346 0.260629319942
v -0.148677163807 0.186280203241 0.260630078456
v -0.144889433433 0.186745262847 0.260623203573
v -0.145238002807 0.186763531872 0.26062368358
v -0.14558256309 0.186276627212 0.263321916815
v -0.145914107774 0.186270841681 0.263322527685
v -0.146245248522 0.186253488954 0.263323168754
v -0.14657558189 0.186224590172 0.263323839241
v -0.146904705417 0.186184180543 0.263324538329
v -0.147232218118 0.186132309302 0.263325265167
v -0.147557720968 0.186069039644 0.263326018868
v -0.147880817393 0.185994448654 0.263326798516
v -0.148201113748 0.185908627211 0.263327603158
v -0.148518219803 0.185811679873 0.263328431817
v -0.144919877658 0.186253482591 0.263320788612
v -0.145251018406 0.186270838498 0.263321336888
v -0.14558256309 0.186526626319 0.263321248451
v -0.145922832634 0.186520688537 0.263321875397
v -0.146262687613 0.186502879159 0.263322533336
v -0.146601713964 0.186473219882 0.263323221468
v -0.146939498637 0.186431746843 0.263323938953
v -0.147275630092 0.186378510568 0.263324684918
v -0.147609698807 0.18631357592 0.263325458454
v -0.147941297769 0.186237022009 0.263326258618
v -0.148270022976 0.186148942107 0.263327084435
v -0.148595473927 0.186049443523 0.2633279349
v -0.144902438568 0.186502872628 0.263320090559
v -0.145242293546 0.18652068527 0.263320653264
v -0.14558256309 0.186776625425 0.263320580088
v -0.145931557495 0.186770535393 0.263321223109
v -0.146280126703 0.186752269364 0.263321897918
v -0.146627846037 0.186721849593 0.263322603694
v -0.146974291856 0.186679313142 0.263323339577
v -0.147319042067 0.186624711835 0.263324104669
v -0.147661676646 0.186558112195 0.263324898039
v -0.148001778145 0.186479595364 0.26332571872
v -0.148338932204 0.186389257003 0.263326565712
v -0.148672728051 0.186287207173 0.263327437984
v -0.144884999478 0.186752262666 0.263319392505
v -0.145233568686 0.186770532042 0.263319969639
v -0.145577306573 0.186284045316 0.266018746852
v -0.145908851046 0.186278260171 0.266019466336
v -0.146239991583 0.186260907833 0.266020217457
v -0.14657032474 0.186232009444 0.266020999299
v -0.146899448058 0.186191600211 0.26602181091
v -0.14722696055 0.186139729368 0.266022651301
v -0.147552463193 0.18607646011 0.266023519448
v -0.147875559411 0.186001869522 0.266024414294
v -0.148195855563 0.185916048481 0.266025334747
v -0.148512961416 0.185819101546 0.266026279687
v -0.144914621563 0.186260899936 0.266017406259
v -0.1452457621 0.18627825622 0.26601805988
v -0.145577306573 0.186534044329 0.266018044583
v -0.1459175759 0.186528106944 0.266018783001
v -0.146257430662 0.186510297965 0.266019553888
v -0.146596456797 0.186480639092 0.266020356305
v -0.146934241255 0.186439166459 0.266021189274
v -0.147270372497 0.186385930593 0.266022051781
v -0.147604440998 0.186320996355 0.266022942774
v -0.147936039749 0.186244442857 0.266023861168
v -0.148264764747 0.186156363367 0.266024805844
v -0.148590215491 0.186056865198 0.266025775651
v -0.144897182484 0.186510289861 0.266016668711
v -0.145237037245 0.186528102889 0.266017339533
v -0.145577306573 0.186784043343 0.266017342314
v -0.145926300755 0.186777953716 0.266018099666
v -0.146274869741 0.186759688098 0.26601889032
v -0.146622588854 0.186729268741 0.266019713311
v -0.146969034452 0.186686732707 0.266020567639
v -0.147313784443 0.186632131819 0.266021452261
v -0.147656418804 0.1865655326 0.2660223661
v -0.147996520087 0.186487016192 0.266023308042
v -0.148333673931 0.186396678254 0.266024276941
v -0.148667469565 0.186294628849 0.266025271615
v -0.144879743405 0.186759679785 0.266015931164
v -0.145228312391 0.186777949558 0.266016619186
v -0.145571117229 0.186291779445 0.268715909798
v -0.145902661417 0.186285994731 0.26871675346
v -0.146233801669 0.186268642828 0.268717629769
v -0.146564134542 0.186239744876 0.268718537655
v -0.146893257577 0.186199336082 0.268719476014
v -0.147220769787 0.186147465678 0.268720443701
v -0.14754627215 0.186084196861 0.268721439538
v -0.14786936809 0.186009606714 0.268722462312
v -0.148189663966 0.185923786113 0.268723510776
v -0.148506769546 0.185826839617 0.268724583653
v -0.144908432789 0.186268633212 0.26871432448
v -0.145239573041 0.18628598992 0.268715099809
v -0.145571117229 0.186541778387 0.26871518246
v -0.145911386264 0.186535841444 0.268716048324
v -0.146251240733 0.186518032912 0.268716947693
v -0.146590266577 0.186488374487 0.268717879472
v -0.146928050744 0.186446902304 0.268718842524
v -0.147264181696 0.186393666889 0.268719835677
v -0.147598249911 0.186328733103 0.26872085772
v -0.147929848376 0.186252180057 0.268721907409
v -0.148258573091 0.186164101019 0.268722983464
v -0.148584023555 0.1860646033 0.268724084575
v -0.144890993725 0.186518023042 0.268713555424
v -0.145230848194 0.186535836506 0.268714351156
v -0.145571117229 0.186791777329 0.268714455122
v -0.145920111111 0.186785688157 0.268715343188
v -0.146268679797 0.186767422995 0.268716265618
v -0.146616398611 0.186737004098 0.268717221288
v -0.146962843911 0.186694468526 0.268718209034
v -0.147307593606 0.186639868101 0.268719227652
v -0.147650227672 0.186573269346 0.268720275902
v -0.147990328662 0.186494753401 0.268721352506
v -0.148327482216 0.186404415926 0.268722456152
v -0.148661277563 0.186302366984 0.268723585497
v -0.144873554661 0.186767412873 0.268712786367
v -0.145222123347 0.186785683092 0.268713602502
v -0.145563849006 0.186299740325 0.271413392665
v -0.145895392803 0.186293956097 0.271414380931
v -0.146226532664 0.18627660468 0.271415402433
v -0.146556865148 0.186247707215 0.271416455927
v -0.146885987794 0.18620729891 0.27141754013
v -0.147213499618 0.186155428994 0.271418653719
v -0.147539001597 0.186092160665 0.271419795339
v -0.147862097157 0.186017571003 0.271420963599
v -0.148182392655 0.185931750886 0.271422157075
v -0.148499497861 0.185834804873 0.271423374314
v -0.144901165348 0.186276593129 0.271411520617
v -0.145232305209 0.186293950318 0.27141243884
v -0.145563849006 0.186549739218 0.271412648767
v -0.145904117639 0.186543802773 0.271413663039
v -0.146243971708 0.186525994741 0.271414711423
v -0.146582997152 0.186496336816 0.271415792641
v -0.14692078092 0.186454865134 0.271416905374
v -0.147256911476 0.186401630221 0.271418048269
v -0.147590979297 0.186336696935 0.271419219932
v -0.147922577371 0.186260144388 0.271420418935
v -0.148251301698 0.186172065847 0.271421643819
v -0.148576751778 0.186072568622 0.27142289309
v -0.144883726304 0.186525982886 0.271410727454
v -0.145223580373 0.186543796842 0.271411669841
v -0.145563849006 0.186799738111 0.271411904868
v -0.145912842476 0.18679364945 0.271412945147
v -0.146261410751 0.186775384801 0.271414020413
v -0.146609129155 0.186744966417 0.271415129354
v -0.146955574046 0.186702431359 0.271416270619
v -0.147300323335 0.186647831448 0.271417442819
v -0.147642956997 0.186581233206 0.271418644524
v -0.147983057586 0.186502717773 0.271419874272
v -0.148320210742 0.186412380808 0.271421130562
v -0.148654005696 0.186310332372 0.271422411866
v -0.14486628726 0.186775372642 0.271409934291
v -0.145214855536 0.186793643367 0.271410900841
v -0.144892727656 0.186284692425 0.274109026469
v -0.145223867158 0.186302046726 0.274110113607
v -0.145555410474 0.186307833843 0.274111236876
v -0.145886953671 0.186302046726 0.274112394906
v -0.146218092813 0.186284692425 0.274113586287
v -0.14654842446 0.186255792084 0.274114809568
v -0.146877546153 0.186215380913 0.274116063257
v -0.147205056907 0.186163508148 0.274117345829
v -0.147530557702 0.186100236986 0.274118655719
v -0.147853651965 0.186025644515 0.274119991333
v -0.148173946054 0.185939821614 0.274121351042
v -0.148491049742 0.185842872845 0.274122733191
v -0.148804576686 0.185734916325 0.274124136095
v -0.144875291218 0.186534082313 0.274108217458
v -0.145215144917 0.186551893306 0.274109333205
v -0.145555413057 0.186557832716 0.274110486033
v -0.145895681075 0.186551893306 0.274111674538
v -0.146235534406 0.186534082313 0.274112897271
v -0.146574558991 0.186504421436 0.274114152743
v -0.14691234178 0.186462946814 0.274115439425
v -0.147248471239 0.186409708975 0.274116755748
v -0.147582537844 0.186344772784 0.274118100109
v -0.147914134587 0.186268217353 0.274119470871
v -0.148242857469 0.186180135954 0.274120866362
v -0.14856830599 0.186080635902 0.274122284883
v -0.148890083643 0.18596983842 0.274123724706
v -0.144857854779 0.1867834722 0.274107408447
v -0.145206422676 0.186801739886 0.274108552803
v -0.14555541564 0.186807831588 0.274109735191
v -0.145904408479 0.186801739886 0.27411095417
v -0.146252975998 0.1867834722 0.274112208255
v -0.146600693521 0.186753050789 0.274113495919
v -0.146947137408 0.186710512714 0.274114815592
v -0.14729188557 0.186655909803 0.274116165668
v -0.147634517986 0.186589308581 0.2741175445
v -0.14797461721 0.18651079019 0.274118950409
v -0.148311768883 0.186420450295 0.274120381682
v -0.148645562239 0.186318398958 0.274121836575
v -0.148975590601 0.186204760516 0.274123313316
v -0.144882707744 0.186292805101 0.276806913716
v -0.145213846932 0.186310159402 0.276808092343
v -0.145545389926 0.186315946519 0.276809307251
v -0.14587693279 0.186310159402 0.276810556961
v -0.14620807159 0.186292805101 0.27681183995
v -0.146538402886 0.18626390476 0.276813154655
v -0.146867524219 0.18622349359 0.276814499473
v -0.147195034605 0.186171620825 0.276815872767
v -0.147520535025 0.186108349664 0.276817272864
v -0.147843628905 0.186033757194 0.276818698057
v -0.148163922605 0.185947934294 0.27682014661
v -0.148481025898 0.185850985526 0.276821616758
v -0.14879455244 0.185743029006 0.276823106711
v -0.144865271533 0.186542194986 0.276806099031
v -0.145205124911 0.186560005979 0.276807308674
v -0.14554539272 0.186565945389 0.276808555554
v -0.145885660396 0.186560005979 0.276809838151
v -0.146225513375 0.186542194986 0.276811154903
v -0.1465645376 0.18651253411 0.276812504205
v -0.14690232002 0.186471059488 0.276813884414
v -0.147238449101 0.18641782165 0.276815293847
v -0.147572515321 0.186352885459 0.276816730788
v -0.147904111672 0.186276330029 0.276818193486
v -0.148232834154 0.186188248632 0.276819680159
v -0.14855828227 0.18608874858 0.276821188996
v -0.148880059511 0.1859779511 0.276822718158
v -0.144847835322 0.186791584872 0.276805284346
v -0.145196402889 0.186809852557 0.276806525006
v -0.145545395514 0.186815944259 0.276807803857
v -0.145894388002 0.186809852557 0.276809119341
v -0.14624295516 0.186791584872 0.276810469856
v -0.146590672314 0.18676116346 0.276811853755
v -0.146937115822 0.186718625386 0.276813269354
v -0.147281863598 0.186664022476 0.276814714927
v -0.147624495618 0.186597421254 0.276816188712
v -0.147964594439 0.186518902864 0.276817688915
v -0.148301745703 0.186428562969 0.276819213708
v -0.148635538642 0.186326511634 0.276820761233
v -0.148965566582 0.186212873193 0.276822329604
v 0.286851252514 0.226205510363 -0.297810499501
v 0.286868198086 0.226201765757 -0.297479358219
v 0.286873848905 0.226200517048 -0.297147813
v 0.286868198086 0.226201765757 -0.296816267781
v 0.286851252514 0.226205510363 -0.296485126499
v 0.286823032835 0.226211746302 -0.296154792599
v 0.286783573429 0.226220465978 -0.295825668541
v 0.286732922372 0.226231658767 -0.295498155312
v 0.286671141375 0.226245311032 -0.295172651937
v 0.286598305708 0.226261406141 -0.294849554992
v 0.28651450411 0.226279924483 -0.29452925812
v 0.286419838681 0.226300843497 -0.294212151553
v 0.286314424755 0.226324137697 -0.293898621638
v 0.286198390764 0.226349778702 -0.293589050363
v 0.286071878077 0.226377735272 -0.293283814891
v 0.28593504083 0.226407973346 -0.292983287106
v 0.285788045738 0.226440456085 -0.292687833154
v 0.285631071893 0.226475143913 -0.292397813
v 0.285464310542 0.226511994568 -0.29211357999
v 0.285287964858 0.226550963154 -0.291835480417
v 0.285102249693 0.226592002192 -0.291563853103
v 0.287094768765 0.226151698533 -0.297827938619
v 0.287112160273 0.226147855386 -0.297488083093
v 0.287117959797 0.226146573816 -0.297147813
v 0.287112160273 0.226147855386 -0.296807542907
v 0.287094768765 0.226151698533 -0.296467687381
v 0.287065806462 0.226158098576 -0.296128660483
v 0.287025308651 0.226167047718 -0.295790875266
v 0.286973324672 0.226178535054 -0.295454743268
v 0.286909917859 0.226192546589 -0.295120674015
v 0.286835165464 0.226209065253 -0.294789074518
v 0.286749158561 0.22622807092 -0.294460348781
v 0.286652001936 0.226249540435 -0.294134897305
v 0.28654381396 0.22627344764 -0.293813116603
v 0.286424726442 0.226299763408 -0.293495398714
v 0.286294884474 0.226328455677 -0.29318213073
v 0.286154446247 0.22635948949 -0.292873694319
v 0.286003582863 0.226392827038 -0.292570465263
v 0.285842478127 0.226428427704 -0.292272813
v 0.285671328319 0.226466248113 -0.291981100174
v 0.28549034196 0.226506242187 -0.291695682191
v 0.285299739553 0.2265483612 -0.29141690679
v 0.287356122459 0.226093945014 -0.297496807967
v 0.287362070689 0.226092630584 -0.297147813
v 0.287356122459 0.226093945014 -0.296798818033
v 0.287338285015 0.226097886704 -0.296450248263
v 0.287308580089 0.226104450851 -0.296102528367
v 0.287267043873 0.226113629457 -0.29575608199
v 0.287213726971 0.22612541134 -0.295411331223
v 0.287148694342 0.226139782146 -0.295068696092
v 0.287072025219 0.226156724365 -0.294728594044
v 0.286983813011 0.226176217357 -0.294391439442
v 0.28688416519 0.226198237372 -0.294057643056
v 0.286773203164 0.226222757582 -0.293727611567
v 0.28665106212 0.226249748114 -0.293401747066
v 0.286517890871 0.226279176082 -0.293080446569
v 0.286373851663 0.226311005635 -0.292764101532
v 0.286219119988 0.226345197991 -0.292453097372
v 0.286053884361 0.226381711494 -0.292147813
v 0.285878346097 0.226420501657 -0.291848620358
v 0.285692719062 0.226461521221 -0.291555883965
v 0.275244236523 0.211491884828 -0.297810499501
v 0.275252348532 0.211476543062 -0.297479358219
v 0.275255053634 0.211471427062 -0.297147813
v 0.275252348532 0.211476543062 -0.296816267781
v 0.275244236523 0.211491884828 -0.296485126499
v 0.275230727489 0.211517433668 -0.296154792599
v 0.275211837889 0.211553158456 -0.295825668541
v 0.275187590738 0.211599015666 -0.295498155312
v 0.275158015577 0.211654949429 -0.295172651937
v 0.275123148438 0.211720891597 -0.294849554992
v 0.275083031801 0.21179676183 -0.29452925812
v 0.275037714544 0.211882467692 -0.294212151553
v 0.274987251877 0.211977904764 -0.293898621638
v 0.274931705282 0.212082956771 -0.293589050363
v 0.274871142434 0.212197495721 -0.293283814891
v 0.274805637119 0.212321382069 -0.292983287106
v 0.274735269145 0.212454464876 -0.292687833154
v 0.274660124246 0.212596582003 -0.292397813
v 0.274580293973 0.2127475603 -0.29211357999
v 0.274495875587 0.212907215826 -0.291835480417
v 0.274406971939 0.213075354063 -0.291563853103
v 0.275360810109 0.211271416063 -0.297827938619
v 0.275369135593 0.211255670567 -0.297488083093
v 0.275371911881 0.211250419935 -0.297147813
v 0.275369135593 0.211255670567 -0.296807542907
v 0.275360810109 0.211271416063 -0.296467687381
v 0.275346945575 0.211297637242 -0.296128660483
v 0.27532755888 0.211334302156 -0.295790875266
v 0.275302673646 0.211381366135 -0.295454743268
v 0.275272320191 0.211438771838 -0.295120674015
v 0.275236535496 0.211506449326 -0.294789074518
v 0.275195363159 0.211584316145 -0.294460348781
v 0.275148853342 0.211672277425 -0.294134897305
v 0.27509706271 0.211770225998 -0.293813116603
v 0.275040054362 0.211878042531 -0.293495398714
v 0.274977897755 0.211995595665 -0.29318213073
v 0.274910668616 0.212122742179 -0.292873694319
v 0.274838448854 0.212259327166 -0.292570465263
v 0.274761326457 0.212405184217 -0.292272813
v 0.274679395387 0.212560135628 -0.291981100174
v 0.274592755464 0.212723992614 -0.291695682191
v 0.274501512247 0.212896555542 -0.29141690679
v 0.275485922653 0.211034798072 -0.297496807967
v 0.275488770129 0.211029412809 -0.297147813
v 0.275485922653 0.211034798072 -0.296798818033
v 0.275477383696 0.211050947299 -0.296450248263
v 0.27546316366 0.211077840815 -0.296102528367
v 0.275443279871 0.211115445855 -0.29575608199
v 0.275417756554 0.211163716603 -0.295411331223
v 0.275386624805 0.211222594248 -0.295068696092
v 0.275349922554 0.211292007056 -0.294728594044
v 0.275307694516 0.21137187046 -0.294391439442
v 0.275259992139 0.211462087157 -0.294057643056
v 0.275206873543 0.211562547232 -0.293727611567
v 0.275148403443 0.211673128292 -0.293401747066
v 0.275084653076 0.211793695608 -0.293080446569
v 0.275015700113 0.21192410229 -0.292764101532
v 0.274941628562 0.212064189455 -0.292453097372
v 0.274862528668 0.21221378643 -0.292147813
v 0.274778496801 0.212372710955 -0.291848620358
v 0.274689635342 0.212540769402 -0.291555883965
v 0.271742943824 0.209994333542 -0.297810499501
v 0.271748376522 0.209977851422 -0.297479358219
v 0.271750188158 0.209972355151 -0.297147813
v 0.271748376522 0.209977851422 -0.296816267781
v 0.271742943824 0.209994333542 -0.296485126499
v 0.271733896681 0.210021781428 -0.296154792599
v 0.271721246116 0.21006016164 -0.295825668541
v 0.271705007542 0.210109427417 -0.295498155312
v 0.271685200744 0.210169518737 -0.295172651937
v 0.271661849852 0.210240362387 -0.294849554992
v 0.271634983316 0.210321872055 -0.29452925812
v 0.271604633868 0.210413948435 -0.294212151553
v 0.271570838486 0.210516479345 -0.293898621638
v 0.271533638344 0.210629339868 -0.293589050363
v 0.271493078763 0.2107523925 -0.293283814891
v 0.27144920916 0.210885487321 -0.292983287106
v 0.271402082983 0.211028462174 -0.292687833154
v 0.271351757649 0.211181142868 -0.292397813
v 0.271298294469 0.211343343384 -0.29211357999
v 0.271241758583 0.211514866106 -0.291835480417
v 0.271182218869 0.21169550206 -0.291563853103
v 0.271821014389 0.209757477332 -0.297827938619
v 0.271826590053 0.209740561473 -0.297488083093
v 0.271828449363 0.209734920562 -0.297147813
v 0.271826590053 0.209740561473 -0.296807542907
v 0.271821014389 0.209757477332 -0.296467687381
v 0.271811729163 0.209785647531 -0.296128660483
v 0.271798745689 0.209825037749 -0.295790875266
v 0.271782079784 0.209875599994 -0.295454743268
v 0.271761751754 0.209937272664 -0.295120674015
v 0.271737786365 0.21000998062 -0.294789074518
v 0.271710212815 0.21009363528 -0.294460348781
v 0.271679064698 0.210188134722 -0.294134897305
v 0.271644379964 0.210293363815 -0.293813116603
v 0.27160620087 0.210409194351 -0.293495398714
v 0.271564573932 0.21053548521 -0.29318213073
v 0.271519549866 0.210672082526 -0.292873694319
v 0.271471183526 0.210818819876 -0.292570465263
v 0.271419533841 0.210975518483 -0.292272813
v 0.271364663736 0.211141987434 -0.291981100174
v 0.271306640062 0.211318023912 -0.291695682191
v 0.271245533514 0.211503413443 -0.29141690679
v 0.271899084954 0.209520621123 -0.297845377737
v 0.271904803584 0.209503271523 -0.297496807967
v 0.271906710569 0.209497485974 -0.297147813
v 0.271904803584 0.209503271523 -0.296798818033
v 0.271899084954 0.209520621123 -0.296450248263
v 0.271889561646 0.209549513635 -0.296102528367
v 0.271876245262 0.209589913858 -0.29575608199
v 0.271859152026 0.20964177257 -0.295411331223
v 0.271838302764 0.209705026591 -0.295068696092
v 0.271813722878 0.209779598854 -0.294728594044
v 0.271785442314 0.209865398505 -0.294391439442
v 0.271753495527 0.20996232101 -0.294057643056
v 0.271717921441 0.210070248284 -0.293727611567
v 0.271678763396 0.210189048834 -0.293401747066
v 0.271636069101 0.210318577921 -0.293080446569
v 0.271589890571 0.210458677732 -0.292764101532
v 0.271540284069 0.210609177578 -0.292453097372
v 0.271487310033 0.210769894098 -0.292147813
v 0.271431033002 0.210940631483 -0.291848620358
v 0.271371521542 0.211121181717 -0.291555883965
v 0.181734706128 0.154067257421 0.183830162761
v 0.181639066622 0.153750423444 0.183809546284
v 0.181532440909 0.153437163044 0.183788224881
v 0.181414958896 0.153127857881 0.18376622453
v 0.181286763717 0.152822884794 0.183743572036
v 0.181148011558 0.152522615347 0.183720294996
v 0.180998871467 0.152227415372 0.18369642177
v 0.180839525148 0.151937644524 0.183671981444
v 0.18067016674 0.151653655845 0.183647003794
v 0.180491002581 0.151375795331 0.183621519253
v 0.180302250955 0.151104401512 0.183595558869
v 0.180104141825 0.15083980504 0.18356915427
v 0.179896916558 0.150582328285 0.183542337627
v 0.179680827625 0.150332284943 0.183515141612
v 0.179456138298 0.150089979652 0.183487599359
v 0.181974520668 0.153998407318 0.183845931398
v 0.181876364332 0.153673235605 0.183824772382
v 0.181766932679 0.15335173151 0.18380288989
v 0.181646359035 0.153034286737 0.183780310582
v 0.181514790298 0.152721288043 0.18375706197
v 0.181372386766 0.152413116768 0.183733172376
v 0.181219321936 0.152110148372 0.183708670907
v 0.181055782293 0.151812751976 0.183683587414
v 0.180881967086 0.151521289911 0.183657952458
v 0.18069808808 0.151236117278 0.183631797271
v 0.180504369305 0.150957581516 0.183605153719
v 0.180301046777 0.150686021979 0.183578054263
v 0.180088368214 0.15042176952 0.183550531919
v 0.17986659273 0.15016514609 0.183522620219
v 0.179635990527 0.149916464344 0.18349435317
v 0.182113662043 0.153596047765 0.18383999848
v 0.18200142445 0.153266299976 0.183817554898
v 0.181877759173 0.152940715593 0.183794396634
v 0.181742816879 0.152619691291 0.183770551903
v 0.181596761975 0.152303618189 0.183746049756
v 0.181439772406 0.151992881373 0.183720920044
v 0.181272039438 0.151687859428 0.183695193385
v 0.181093767431 0.151388923976 0.183668901123
v 0.180905173579 0.151096439225 0.18364207529
v 0.180706487656 0.150810761521 0.183614748569
v 0.18049795173 0.150532238918 0.183586954255
v 0.18027981987 0.150261210755 0.18355872621
v 0.180052357836 0.149998007237 0.183530098826
v 0.179815842755 0.149742949037 0.18350110698
v 0.181944594483 0.154176088394 0.181105510097
v 0.181848601485 0.153859188633 0.181087744708
v 0.1817416158 0.153545863191 0.181069388417
v 0.181623767771 0.153236493807 0.181050463589
v 0.18149520098 0.152931457398 0.18103099328
v 0.181356072064 0.152631125607 0.181011001212
v 0.181206550532 0.152335864339 0.180990511742
v 0.181046818552 0.152046033326 0.180969549834
v 0.180877070733 0.151761985683 0.180948141026
v 0.180697513886 0.151484067477 0.180926311402
v 0.180508366774 0.151212617308 0.180904087558
v 0.180309859843 0.150947965898 0.18088149657
v 0.180102234944 0.150690435683 0.180858565961
v 0.179885745036 0.150440340425 0.18083532367
v 0.179660653878 0.150197984824 0.180811798013
v 0.179427235708 0.149963664156 0.180788017653
v 0.182184558317 0.154107223995 0.181118740853
v 0.182086039188 0.153781984767 0.181100507953
v 0.181976238089 0.153460413919 0.181081668602
v 0.181855288797 0.153142903234 0.181062245752
v 0.181723338669 0.152829839552 0.181042263066
v 0.181580548466 0.152521604292 0.181021744891
v 0.181427092157 0.152218572992 0.181000716225
v 0.181263156704 0.151921114847 0.180979202688
v 0.181088941837 0.151629592265 0.18095723049
v 0.18090465981 0.151344360422 0.180934826402
v 0.180710535142 0.151065766828 0.18091201772
v 0.180506804345 0.150794150908 0.180888832232
v 0.180293715633 0.150529843582 0.180865298187
v 0.180071528621 0.150273166869 0.180841444256
v 0.179840514011 0.15002443349 0.180817299503
v 0.179600953259 0.149783946488 0.180792893344
v 0.182323476891 0.153704780901 0.181113271199
v 0.182210860379 0.153374964646 0.181093948787
v 0.182086809823 0.153049312662 0.181074027915
v 0.181951476358 0.152728221706 0.181053532853
v 0.181805024869 0.152412082978 0.181032488571
v 0.181647633782 0.152101281644 0.181010920708
v 0.181479494856 0.151796196367 0.180988855542
v 0.18130081294 0.151497198848 0.180966319954
v 0.181111805733 0.151204653368 0.180943341403
v 0.18091270351 0.150918916348 0.180919947883
v 0.180703748846 0.150640335917 0.180896167895
v 0.180485196321 0.15036925148 0.180872030413
v 0.180257312207 0.150105993313 0.180847564843
v 0.180020374145 0.149850882155 0.180822800994
v 0.179774670809 0.149604228819 0.180797769035
v 0.182092699261 0.154256375234 0.178302257318
v 0.181996192364 0.153939369581 0.178290027931
v 0.181888684243 0.153625939442 0.178277407535
v 0.181770305881 0.153316466681 0.178264411504
v 0.181641201502 0.153011328345 0.178251055674
v 0.181501528401 0.152710896197 0.178237356315
v 0.181351456748 0.152415536268 0.178223330118
v 0.181191169381 0.152125608408 0.178208994173
v 0.181020861588 0.15184146585 0.178194365945
v 0.180840740861 0.151563454777 0.178179463256
v 0.180651026649 0.151291913903 0.178164304263
v 0.180451950091 0.15102717406 0.178148907435
v 0.18024375373 0.150769557791 0.178133291531
v 0.180026691221 0.150519378963 0.178117475576
v 0.179801027023 0.15027694238 0.17810147884
v 0.179567036071 0.150042543413 0.178085320812
v 0.179325003448 0.149816467641 0.178069021178
v 0.18233286099 0.154187487825 0.178311024803
v 0.182233814438 0.153862139918 0.178298473591
v 0.182123477156 0.153540461616 0.178285521079
v 0.182001983573 0.153222844836 0.178272183047
v 0.181869481711 0.152909676543 0.178258475748
v 0.181726133002 0.152601338286 0.178244415879
v 0.181572112094 0.152298205727 0.178230020572
v 0.18140760664 0.152000648187 0.178215307365
v 0.181232817062 0.151709028193 0.178200294184
v 0.181047956316 0.151423701039 0.178184999319
v 0.180853249625 0.151145014353 0.178169441405
v 0.18064893421 0.150873307672 0.178153639398
v 0.180435258997 0.150608912028 0.178137612549
v 0.180212484318 0.150352149546 0.178121380385
v 0.179980881587 0.150103333053 0.178104962682
v 0.179740732979 0.149862765692 0.178088379442
v 0.179492331077 0.149630740558 0.17807165087
v 0.182471436511 0.153784910254 0.17830691925
v 0.182358270068 0.153454983791 0.178293634622
v 0.182233661265 0.15312922299 0.178279954591
v 0.182097761919 0.152808024742 0.178265895821
v 0.181950737602 0.152491780375 0.178251475444
v 0.181792767441 0.152180875187 0.178236711026
v 0.181624043898 0.151875687966 0.178221620557
v 0.181444772536 0.151576590536 0.178206222422
v 0.181255171771 0.151283947302 0.178190535382
v 0.181055472601 0.150998114803 0.178174578547
v 0.180845918329 0.150719441284 0.17815837136
v 0.180626764265 0.150448266264 0.178141933566
v 0.180398277414 0.150184920129 0.178125285193
v 0.180160736152 0.149929723726 0.178108446523
v 0.179914429887 0.149682987971 0.178091438072
v 0.179659658705 0.149445013475 0.178074280563
v 0.182185979177 0.154307860328 0.175552894516
v 0.182089223419 0.153990797907 0.17554480333
v 0.181981462735 0.153677311638 0.175536453614
v 0.181862828415 0.153367783458 0.17552785554
v 0.181733464996 0.153062590479 0.175519019584
v 0.181593530088 0.15276210453 0.175509956511
v 0.18144319418 0.152466691709 0.175500677363
v 0.181282640432 0.152176711929 0.175491193446
v 0.181112064456 0.151892518487 0.175481516313
v 0.180931674071 0.151614457629 0.175471657754
v 0.180741689055 0.151342868129 0.175461629782
v 0.180542340876 0.151078080877 0.175451444614
v 0.180333872409 0.150820418475 0.175441114658
v 0.180116537641 0.150570194845 0.175430652501
v 0.17989060136 0.150327714847 0.175420070888
v 0.179656338836 0.150093273904 0.175409382712
v 0.17941403548 0.149867157648 0.175398600994
v 0.182426227421 0.154238960582 0.175558691599
v 0.182326925459 0.153913554413 0.175550387487
v 0.182216328968 0.153591818506 0.175541818042
v 0.182094572692 0.153274144847 0.175532993703
v 0.181961804973 0.152960920474 0.175523925222
v 0.181818187567 0.152652527 0.175514623647
v 0.18166389545 0.152349340157 0.175505100311
v 0.181499116604 0.152051729331 0.175495366816
v 0.181324051786 0.151760057114 0.175485435022
v 0.181138914286 0.151474678865 0.175475317028
v 0.180943929664 0.151195942273 0.175465025162
v 0.180739335481 0.150924186935 0.175454571963
v 0.180525381002 0.150659743943 0.175443970166
v 0.180302326897 0.150402935481 0.175433232689
v 0.180070444925 0.15015407443 0.175422372612
v 0.179830017597 0.149913463989 0.175411403168
v 0.179581337837 0.149681397305 0.175400337721
v 0.182564627499 0.153836310919 0.175555971644
v 0.1824511952 0.153506325373 0.175547182469
v 0.182326316969 0.153180506236 0.175538131866
v 0.182190144949 0.152859250468 0.175528830859
v 0.182042845045 0.15254294947 0.175519290782
v 0.181884596721 0.152231988605 0.175509523258
v 0.181715592776 0.151926746732 0.175499540187
v 0.181536039117 0.151627595741 0.175489353731
v 0.181346154501 0.1513349001 0.175478976301
v 0.181146170274 0.151049016416 0.175468420541
v 0.180936330085 0.150770292992 0.175457699311
v 0.180716889594 0.150499069411 0.175446825674
v 0.180488116154 0.150235676117 0.175435812876
v 0.18025028849 0.149980434014 0.175424674337
v 0.180003696359 0.149733654074 0.175413423625
v 0.179748640195 0.149495636962 0.175402074448
v 0.18224991708 0.154343752394 0.172841870368
v 0.182153053817 0.154026665443 0.172836476204
v 0.182045184031 0.153713154922 0.172830909744
v 0.181926439142 0.153403602796 0.172825177768
v 0.181796963825 0.153098386205 0.17281928726
v 0.181656915825 0.15279787701 0.172813245396
v 0.181506465768 0.152502441334 0.172807059539
v 0.181345796955 0.15221243912 0.172800737224
v 0.181175105136 0.151928223692 0.172794286155
v 0.180994598272 0.151650141322 0.17278771419
v 0.180804496284 0.15137853081 0.172781029336
v 0.180605030782 0.151113723073 0.17277423974
v 0.180396444783 0.150856040737 0.172767353671
v 0.180178992418 0.150605797749 0.17276037952
v 0.179952938618 0.150363298991 0.172753325784
v 0.179718558795 0.150128839911 0.172746201057
v 0.179476138506 0.149902706162 0.172739014018
v 0.182390790372 0.153949415973 0.172840197757
v 0.182280081907 0.153627655175 0.172834484811
v 0.182158212153 0.15330995694 0.172828601993
v 0.182025329591 0.152996708334 0.172822556472
v 0.181881596116 0.152688291002 0.172816355612
v 0.181727186847 0.152385080703 0.172810006969
v 0.181562289908 0.152087446852 0.172803518278
v 0.181387106199 0.151795752071 0.172796897443
v 0.181201849155 0.151510351743 0.172790152532
v 0.181006744483 0.151231593587 0.172783291761
v 0.180802029888 0.150959817225 0.172776323491
v 0.180587954784 0.150695353775 0.17276925621
v 0.180364779988 0.150438525445 0.172762098528
v 0.180132777404 0.150189645141 0.172754859168
v 0.179892229692 0.149949016085 0.172747546948
v 0.179643429921 0.149716931447 0.172740170777
v 0.182628526927 0.153872166503 0.17284391931
v 0.182514979783 0.153542155429 0.172838059878
v 0.182389985164 0.153216311085 0.172832026219
v 0.182253695356 0.152895030463 0.172825825684
v 0.182106276408 0.152578704995 0.172819465828
v 0.181947907927 0.152267720073 0.172812954399
v 0.181778782861 0.151962454585 0.172806299331
v 0.181599107262 0.15166328045 0.172799508731
v 0.181409100037 0.151370562165 0.172792590874
v 0.181208992681 0.151084656364 0.172785554186
v 0.180999028995 0.150805911377 0.172778407242
v 0.180779464786 0.150534666813 0.172771158748
v 0.180550567559 0.150271253141 0.172763817537
v 0.180312616191 0.150015991291 0.172756392552
v 0.180065900588 0.14976919226 0.172748892839
v 0.179810721336 0.149531156733 0.172741327535
v 0.180644272484 0.151136056911 0.17009742022
v 0.180435617265 0.15087836283 0.170093887056
v 0.180218095641 0.150628108437 0.170090308704
v 0.179991972629 0.150385598626 0.170086689524
v 0.179757523726 0.15015112886 0.170083033925
v 0.17951503457 0.149924984803 0.170079346362
v 0.179264800598 0.149707441978 0.170075631327
v 0.18084127423 0.150982144048 0.170098489233
v 0.180627128084 0.150717668544 0.17009486309
v 0.180403882207 0.150460828509 0.170091190571
v 0.18017180859 0.150211936861 0.170087476149
v 0.179931189978 0.149971296838 0.170083724351
v 0.179682319529 0.149739201622 0.170079939747
v 0.179425500453 0.149515933985 0.170076126947
v 0.181038275976 0.150828231185 0.170099558245
v 0.180818638903 0.150556974258 0.170095839125
v 0.180589668773 0.150293548581 0.170092072438
v 0.18035164455 0.150038275096 0.170088262775
v 0.18010485623 0.149791464816 0.170084414777
v 0.179849604488 0.149553418441 0.170080533131
v 0.179586200307 0.149324425993 0.170076622568
v 0.182303170011 0.154373710472 0.167446653736
v 0.182206224032 0.154056604642 0.167445608241
v 0.182098270301 0.153743075455 0.16744452935
v 0.181979440342 0.153433504898 0.167443418377
v 0.181849878931 0.153128270135 0.167442276675
v 0.18170974392 0.152827743048 0.167441105635
v 0.181559206039 0.152532289782 0.167439906685
v 0.181398448698 0.152242270303 0.167438681285
v 0.181227667754 0.151958037953 0.167437430927
v 0.181047071277 0.151679939026 0.167436157136
v 0.180856879297 0.151408312343 0.167434861463
v 0.180657323532 0.151143488839 0.167433545487
v 0.180448647112 0.150885791161 0.16743221081
v 0.180231104275 0.150635533274 0.16743085906
v 0.180004960065 0.150393020079 0.167429491883
v 0.179770490003 0.150158547039 0.167428110945
v 0.179527979755 0.149932399826 0.167426717928
v 0.182443987126 0.153979350573 0.167446329593
v 0.182333192507 0.153657570618 0.16744522231
v 0.182211235443 0.153339853467 0.167444082101
v 0.182078264522 0.153026586211 0.167442910354
v 0.181934441747 0.152718150516 0.167441708498
v 0.181779942343 0.152414922164 0.167440477996
v 0.181614954546 0.152117270593 0.167439220349
v 0.181439679366 0.151825558444 0.167437937087
v 0.181254330351 0.151540141125 0.167436629775
v 0.181059133318 0.151261366371 0.167435300005
v 0.180854326086 0.150989573828 0.167433949398
v 0.180640158181 0.150725094632 0.167432579599
v 0.180416890533 0.150468251011 0.167431192276
v 0.180184795159 0.150219355889 0.167429789121
v 0.179944154832 0.149978712507 0.167428371842
v 0.179695262736 0.149746614051 0.167426942167
v 0.182681750219 0.153902096503 0.167447050946
v 0.182568114712 0.153572065781 0.167445915271
v 0.182443030545 0.153246202037 0.167444745825
v 0.182306650112 0.152924902286 0.167443544034
v 0.182159139574 0.152608557984 0.167442311361
v 0.182000678647 0.152297554546 0.167441049308
v 0.181831460393 0.151992270883 0.167439759413
v 0.181651690978 0.151693078936 0.167438443247
v 0.181461589424 0.151400343223 0.167437102414
v 0.181261387339 0.151114420399 0.167435738548
v 0.18105132864 0.150835658817 0.167434353309
v 0.18083166925 0.150564398103 0.167432948387
v 0.18060267679 0.150300968748 0.167431525492
v 0.180364630253 0.1500456917 0.167430086358
v 0.180117819661 0.149798877975 0.167428632739
v 0.179862545716 0.149560828276 0.167427166405
v 0.182309893751 0.15437756582 0.164789209093
v 0.182212944915 0.154060459339 0.164788854451
v 0.182104988285 0.153746929508 0.1647884885
v 0.181986155387 0.153437358315 0.164788111685
v 0.181856591003 0.153132122925 0.164787724465
v 0.181716452985 0.15283159522 0.164787327312
v 0.181565912071 0.152536141347 0.16478692071
v 0.181405151672 0.152246121271 0.164786505154
v 0.18123436765 0.151961888337 0.16478608115
v 0.181053768077 0.151683788839 0.164785649216
v 0.180863572988 0.151412161597 0.164785209876
v 0.180664014106 0.15114733755 0.164784763668
v 0.180455334562 0.150889639342 0.164784311133
v 0.1802377886 0.150639380941 0.164783852824
v 0.180011641266 0.150396867247 0.164783389299
v 0.179777168087 0.150162393726 0.164782921123
v 0.179534654732 0.149936246047 0.164782448866
v 0.182450708926 0.153983205111 0.164789098738
v 0.182339911331 0.153661424495 0.164788723157
v 0.182217951252 0.153343706692 0.164788336425
v 0.182084977278 0.153030438791 0.164787939015
v 0.181941151418 0.152722002463 0.164787531411
v 0.181786648902 0.152418773488 0.164787114109
v 0.181621657966 0.152121121305 0.164786687617
v 0.181446379627 0.151829408556 0.164786252455
v 0.181261027434 0.15154399065 0.164785809154
v 0.181065827211 0.151265215324 0.164785358253
v 0.180861016779 0.150993422222 0.164784900302
v 0.180646845668 0.150728942483 0.164784435859
v 0.180423574812 0.150472098334 0.164783965489
v 0.180191476233 0.1502232027 0.164783489766
v 0.179950832707 0.149982558824 0.16478300927
v 0.179701937421 0.149750459891 0.164782524585
v 0.182688472936 0.153905950883 0.164789343025
v 0.182574834377 0.153575919482 0.164788957813
v 0.182449747117 0.153250055068 0.164788561166
v 0.182313363554 0.152928754658 0.164788153566
v 0.182165849851 0.152612409705 0.16478773551
v 0.182007385732 0.152301405628 0.164787307508
v 0.181838164259 0.151996121338 0.16478687008
v 0.181658391604 0.151696928776 0.164786423761
v 0.181468286791 0.151404192462 0.164785969093
v 0.181268081434 0.15111826905 0.16478550663
v 0.181058019452 0.150839506894 0.164785036937
v 0.180838356774 0.150568245623 0.164784560585
v 0.180609361025 0.150304815727 0.164784078154
v 0.1803713112 0.150049538154 0.164783590233
v 0.180124497327 0.149802723922 0.164783097416
v 0.179869220111 0.149564673734 0.164782600303
v 0.182212939875 0.154060458553 0.162140921156
v 0.182104982868 0.153746928638 0.162140921201
v 0.181986149589 0.153437357363 0.162140921252
v 0.181856584818 0.153132121891 0.162140921306
v 0.18171644641 0.152831594106 0.162140921366
v 0.181565905102 0.152536140154 0.162140921429
v 0.181405144306 0.15224612 0.162140921497
v 0.181234359884 0.15196188699 0.16214092157
v 0.181053759909 0.151683787417 0.162140921646
v 0.180863564417 0.151412160103 0.162140921726
v 0.180664005129 0.151147335984 0.162140921811
v 0.18045532518 0.150889637708 0.162140921899
v 0.180237778812 0.15063937924 0.162140921991
v 0.180011631073 0.150396865481 0.162140922087
v 0.17977715749 0.150162391897 0.162140922186
v 0.179534643731 0.149936244158 0.162140922289
v 0.179284385262 0.14971869779 0.162140922394
v 0.182450704004 0.153983204305 0.162140921055
v 0.182339906023 0.153661423603 0.162140921102
v 0.182217945552 0.153343705714 0.162140921154
v 0.182084971182 0.15303043773 0.16214092121
v 0.181941144922 0.152722001319 0.162140921271
v 0.181786642001 0.152418772263 0.162140921336
v 0.181621650657 0.15212112 0.162140921406
v 0.181446371908 0.151829407174 0.16214092148
v 0.181261019303 0.151543989191 0.162140921558
v 0.181065818665 0.15126521379 0.162140921641
v 0.180861007818 0.150993420616 0.162140921728
v 0.180646836291 0.150728940806 0.162140921818
v 0.180423565019 0.150472096588 0.162140921913
v 0.180191466023 0.150223200888 0.162140922011
v 0.179950822082 0.149982556947 0.162140922113
v 0.179701926382 0.149750457952 0.162140922218
v 0.179445082165 0.14952718668 0.162140922327
v 0.182688468133 0.153905950056 0.162140920955
v 0.182574829178 0.153575918567 0.162140921003
v 0.182449741516 0.153250054066 0.162140921056
v 0.182313357547 0.152928753569 0.162140921113
v 0.182165843433 0.152612408532 0.162140921176
v 0.182007378899 0.152301404372 0.162140921243
v 0.181838157008 0.15199612 0.162140921314
v 0.181658383932 0.151696927358 0.16214092139
v 0.181468278696 0.151404190965 0.162140921471
v 0.181268072914 0.151118267477 0.162140921555
v 0.181058010506 0.150839505247 0.162140921644
v 0.180838347401 0.150568243903 0.162140921737
v 0.180609351225 0.150304813936 0.162140921834
v 0.180371300974 0.150049536295 0.162140921935
v 0.180124486675 0.149802721997 0.162140922039
v 0.179869209034 0.149564671745 0.162140922147
v 0.179605779067 0.149335675569 0.162140922259
v 0.182309896403 0.15437756512 0.159502298439
v 0.182212947197 0.154060458553 0.159502298226
v 0.182104990189 0.153746928638 0.159502297989
v 0.18198615691 0.153437357363 0.159502297729
v 0.181856592139 0.153132121891 0.159502297444
v 0.181716453732 0.152831594106 0.159502297137
v 0.181565912424 0.152536140154 0.159502296807
v 0.181405151628 0.15224612 0.159502296454
v 0.181234367205 0.15196188699 0.159502296079
v 0.181053767231 0.151683787417 0.159502295683
v 0.180863571738 0.151412160103 0.159502295266
v 0.180664012451 0.151147335984 0.159502294828
v 0.180455332501 0.150889637708 0.15950229437
v 0.180237786134 0.15063937924 0.159502293893
v 0.180011638395 0.150396865481 0.159502293396
v 0.179777164811 0.150162391897 0.159502292882
v 0.179534651052 0.149936244158 0.15950229235
v 0.182450711326 0.153983204305 0.159502298748
v 0.182339913344 0.153661423603 0.159502298505
v 0.182217952874 0.153343705714 0.159502298237
v 0.182084978504 0.15303043773 0.159502297945
v 0.181941152243 0.152722001319 0.15950229763
v 0.181786649322 0.152418772263 0.159502297291
v 0.181621657979 0.15212112 0.159502296929
v 0.181446379229 0.151829407174 0.159502296544
v 0.181261026624 0.151543989191 0.159502296138
v 0.181065825987 0.15126521379 0.159502295709
v 0.180861015139 0.150993420616 0.15950229526
v 0.180646843612 0.150728940806 0.15950229479
v 0.18042357234 0.150472096588 0.1595022943
v 0.180191473345 0.150223200888 0.159502293791
v 0.179950829404 0.149982556947 0.159502293263
v 0.179701933704 0.149750457952 0.159502292717
v 0.182688475455 0.153905950056 0.159502299269
v 0.1825748365 0.153575918567 0.15950229902
v 0.182449748837 0.153250054066 0.159502298746
v 0.182313364868 0.152928753569 0.159502298446
v 0.182165850755 0.152612408532 0.159502298123
v 0.18200738622 0.152301404372 0.159502297775
v 0.18183816433 0.15199612 0.159502297404
v 0.181658391253 0.151696927358 0.159502297009
v 0.181468286017 0.151404190965 0.159502296592
v 0.181268080236 0.151118267477 0.159502296153
v 0.181058017828 0.150839505247 0.159502295692
v 0.180838354723 0.150568243903 0.15950229521
v 0.180609358547 0.150304813936 0.159502294708
v 0.180371308295 0.150049536295 0.159502294186
v 0.180124493996 0.149802721997 0.159502293644
v 0.179869216355 0.149564671745 0.159502293084
v 0.18230990066 0.15437756512 0.156863623664
v 0.182212951453 0.154060458553 0.15686362375
v 0.182104994446 0.153746928638 0.156863623847
v 0.181986161167 0.153437357363 0.156863623953
v 0.181856596396 0.153132121891 0.156863624069
v 0.181716457988 0.152831594106 0.156863624194
v 0.181565916681 0.152536140154 0.156863624329
v 0.181405155884 0.15224612 0.156863624473
v 0.181234371462 0.15196188699 0.156863624625
v 0.181053771488 0.151683787417 0.156863624787
v 0.180863575995 0.151412160103 0.156863624957
v 0.180664016708 0.151147335984 0.156863625135
v 0.180455336758 0.150889637708 0.156863625322
v 0.18023779039 0.15063937924 0.156863625516
v 0.180011642652 0.150396865481 0.156863625719
v 0.179777169068 0.150162391897 0.156863625928
v 0.179534655309 0.149936244158 0.156863626145
v 0.17928439684 0.14971869779 0.156863626369
v 0.182550216084 0.154308655781 0.156863623449
v 0.182450715582 0.153983204305 0.156863623538
v 0.182339917601 0.153661423603 0.156863623637
v 0.18221795713 0.153343705714 0.156863623746
v 0.18208498276 0.15303043773 0.156863623865
v 0.1819411565 0.152722001319 0.156863623993
v 0.181786653579 0.152418772263 0.156863624131
v 0.181621662235 0.15212112 0.156863624279
v 0.181446383486 0.151829407174 0.156863624436
v 0.181261030881 0.151543989191 0.156863624601
v 0.181065830244 0.15126521379 0.156863624776
v 0.180861019396 0.150993420616 0.156863624959
v 0.180646847869 0.150728940806 0.156863625151
v 0.180423576597 0.150472096588 0.15686362535
v 0.180191477602 0.150223200888 0.156863625558
v 0.17995083366 0.149982556947 0.156863625773
v 0.17970193796 0.149750457952 0.156863625996
v 0.179445093743 0.14952718668 0.156863626225
v 0.182688479711 0.153905950056 0.156863623325
v 0.182574840756 0.153575918567 0.156863623427
v 0.182449753094 0.153250054066 0.156863623539
v 0.182313369125 0.152928753569 0.15686362366
v 0.182165855011 0.152612408532 0.156863623792
v 0.182007390477 0.152301404372 0.156863623934
v 0.181838168586 0.15199612 0.156863624085
v 0.18165839551 0.151696927358 0.156863624246
v 0.181468290274 0.151404190965 0.156863624416
v 0.181268084492 0.151118267477 0.156863624595
v 0.181058022085 0.150839505247 0.156863624783
v 0.18083835898 0.150568243903 0.156863624979
v 0.180609362803 0.150304813936 0.156863625184
v 0.180371312552 0.150049536295 0.156863625397
v 0.180124498253 0.149802721997 0.156863625618
v 0.179869220612 0.149564671745 0.156863625846
v 0.179605790645 0.149335675569 0.156863626082
v 0.182395714973 0.154697861992 0.154224972572
v 0.182309891684 0.15437756512 0.15422497269
v 0.182212942478 0.154060458553 0.154224972823
v 0.18210498547 0.153746928638 0.154224972972
v 0.181986152191 0.153437357363 0.154224973135
v 0.181856587421 0.153132121891 0.154224973314
v 0.181716449013 0.152831594106 0.154224973506
v 0.181565907705 0.152536140154 0.154224973714
v 0.181405146909 0.15224612 0.154224973935
v 0.181234362486 0.15196188699 0.15422497417
v 0.181053762512 0.151683787417 0.154224974418
v 0.180863567019 0.151412160103 0.15422497468
v 0.180664007732 0.151147335984 0.154224974955
v 0.180455327783 0.150889637708 0.154224975242
v 0.180237781415 0.15063937924 0.154224975541
v 0.180011633676 0.150396865481 0.154224975852
v 0.179777160092 0.150162391897 0.154224976175
v 0.179534646333 0.149936244158 0.154224976509
v 0.182550207108 0.154308655781 0.154224972359
v 0.182450706607 0.153983204305 0.154224972496
v 0.182339908626 0.153661423603 0.154224972649
v 0.182217948155 0.153343705714 0.154224972816
v 0.182084973785 0.15303043773 0.154224972999
v 0.181941147524 0.152722001319 0.154224973197
v 0.181786644603 0.152418772263 0.15422497341
v 0.18162165326 0.15212112 0.154224973637
v 0.18144637451 0.151829407174 0.154224973878
v 0.181261021905 0.151543989191 0.154224974133
v 0.181065821268 0.15126521379 0.154224974402
v 0.180861010421 0.150993420616 0.154224974684
v 0.180646838893 0.150728940806 0.154224974978
v 0.180423567621 0.150472096588 0.154224975285
v 0.180191468626 0.150223200888 0.154224975605
v 0.179950824685 0.149982556947 0.154224975936
v 0.179701928985 0.149750457952 0.154224976278
v 0.182790522532 0.154239746442 0.154224972029
v 0.182688470736 0.153905950056 0.154224972169
v 0.182574831781 0.153575918567 0.154224972325
v 0.182449744119 0.153250054066 0.154224972497
v 0.182313360149 0.152928753569 0.154224972685
v 0.182165846036 0.152612408532 0.154224972888
v 0.182007381502 0.152301404372 0.154224973106
v 0.181838159611 0.15199612 0.154224973339
v 0.181658386534 0.151696927358 0.154224973586
v 0.181468281298 0.151404190965 0.154224973848
v 0.181268075517 0.151118267477 0.154224974123
v 0.181058013109 0.150839505247 0.154224974412
v 0.180838350004 0.150568243903 0.154224974715
v 0.180609353828 0.150304813936 0.15422497503
v 0.180371303576 0.150049536295 0.154224975357
v 0.180124489278 0.149802721997 0.154224975697
v 0.179869211637 0.149564671745 0.154224976048
v 0.182395716687 0.154697861992 0.151586357017
v 0.182309893398 0.15437756512 0.151586356847
v 0.182212944192 0.154060458553 0.151586356654
v 0.182104987185 0.153746928638 0.151586356439
v 0.181986153905 0.153437357363 0.151586356203
v 0.181856589135 0.153132121891 0.151586355945
v 0.181716450727 0.152831594106 0.151586355666
v 0.181565909419 0.152536140154 0.151586355367
v 0.181405148623 0.15224612 0.151586355047
v 0.181234364201 0.15196188699 0.151586354707
v 0.181053764226 0.151683787417 0.151586354348
v 0.180863568734 0.151412160103 0.15158635397
v 0.180664009446 0.151147335984 0.151586353573
v 0.180455329497 0.150889637708 0.151586353158
v 0.180237783129 0.15063937924 0.151586352725
v 0.18001163539 0.150396865481 0.151586352275
v 0.179777161806 0.150162391897 0.151586351809
v 0.179534648047 0.149936244158 0.151586351326
v 0.182638290618 0.154637381518 0.1515863575
v 0.182550208822 0.154308655781 0.151586357325
v 0.182450708321 0.153983204305 0.151586357127
v 0.18233991034 0.153661423603 0.151586356906
v 0.182217949869 0.153343705714 0.151586356664
v 0.182084975499 0.15303043773 0.151586356399
v 0.181941149238 0.152722001319 0.151586356113
v 0.181786646317 0.152418772263 0.151586355806
v 0.181621654974 0.15212112 0.151586355478
v 0.181446376225 0.151829407174 0.151586355129
v 0.181261023619 0.151543989191 0.15158635476
v 0.181065822982 0.15126521379 0.151586354372
v 0.180861012135 0.150993420616 0.151586353965
v 0.180646840607 0.150728940806 0.151586353539
v 0.180423569335 0.150472096588 0.151586353094
v 0.18019147034 0.150223200888 0.151586352633
v 0.179950826399 0.149982556947 0.151586352154
v 0.179701930699 0.149750457952 0.151586351659
v 0.18288086455 0.154576901044 0.151586357983
v 0.182790524246 0.154239746442 0.151586357803
v 0.18268847245 0.153905950056 0.1515863576
v 0.182574833495 0.153575918567 0.151586357374
v 0.182449745833 0.153250054066 0.151586357125
v 0.182313361863 0.152928753569 0.151586356854
v 0.18216584775 0.152612408532 0.15158635656
v 0.182007383216 0.152301404372 0.151586356245
v 0.181838161325 0.15199612 0.151586355908
v 0.181658388249 0.151696927358 0.151586355551
v 0.181468283013 0.151404190965 0.151586355173
v 0.181268077231 0.151118267477 0.151586354774
v 0.181058014823 0.150839505247 0.151586354356
v 0.180838351718 0.150568243903 0.151586353919
v 0.180609355542 0.150304813936 0.151586353464
v 0.18037130529 0.150049536295 0.15158635299
v 0.180124490992 0.149802721997 0.151586352499
v 0.179869213351 0.149564671745 0.151586351992
v 0.182533589724 0.155346462312 0.14894769562
v 0.182470318278 0.155020958937 0.148947695596
v 0.18239572547 0.154697861992 0.148947695568
v 0.182309902182 0.15437756512 0.148947695536
v 0.182212952975 0.154060458553 0.148947695499
v 0.182104995968 0.153746928638 0.148947695459
v 0.181986162689 0.153437357363 0.148947695414
v 0.181856597918 0.153132121891 0.148947695365
v 0.181716459511 0.152831594106 0.148947695313
v 0.181565918203 0.152536140154 0.148947695256
v 0.181405157407 0.15224612 0.148947695196
v 0.181234372984 0.15196188699 0.148947695132
v 0.18105377301 0.151683787417 0.148947695064
v 0.180863577517 0.151412160103 0.148947694993
v 0.18066401823 0.151147335984 0.148947694918
v 0.18045533828 0.150889637708 0.148947694839
v 0.180237791913 0.15063937924 0.148947694758
v 0.180011644174 0.150396865481 0.148947694673
v 0.17977717059 0.150162391897 0.148947694585
v 0.179534656831 0.149936244158 0.148947694494
v 0.179284398363 0.14971869779 0.1489476944
v 0.182714855178 0.154968981015 0.148947695688
v 0.182638299402 0.154637381518 0.148947695659
v 0.182550217606 0.154308655781 0.148947695626
v 0.182450717105 0.153983204305 0.148947695588
v 0.182339919123 0.153661423603 0.148947695547
v 0.182217958653 0.153343705714 0.148947695501
v 0.182084984283 0.15303043773 0.148947695451
v 0.181941158022 0.152722001319 0.148947695397
v 0.181786655101 0.152418772263 0.148947695339
v 0.181621663758 0.15212112 0.148947695277
v 0.181446385008 0.151829407174 0.148947695211
v 0.181261032403 0.151543989191 0.148947695142
v 0.181065831766 0.15126521379 0.148947695068
v 0.180861020918 0.150993420616 0.148947694992
v 0.180646849391 0.150728940806 0.148947694911
v 0.180423578119 0.150472096588 0.148947694827
v 0.180191479124 0.150223200888 0.14894769474
v 0.179950835183 0.149982556947 0.14894769465
v 0.179701939483 0.149750457952 0.148947694556
v 0.179445095265 0.14952718668 0.14894769446
v 0.182959392078 0.154917003092 0.148947695779
v 0.182880873333 0.154576901044 0.14894769575
v 0.18279053303 0.154239746442 0.148947695716
v 0.182688481234 0.153905950056 0.148947695678
v 0.182574842279 0.153575918567 0.148947695635
v 0.182449754616 0.153250054066 0.148947695588
v 0.182313370647 0.152928753569 0.148947695537
v 0.182165856534 0.152612408532 0.148947695481
v 0.182007391999 0.152301404372 0.148947695422
v 0.181838170109 0.15199612 0.148947695358
v 0.181658397032 0.151696927358 0.148947695291
v 0.181468291796 0.151404190965 0.14894769522
v 0.181268086014 0.151118267477 0.148947695144
v 0.181058023607 0.150839505247 0.148947695066
v 0.180838360502 0.150568243903 0.148947694983
v 0.180609364325 0.150304813936 0.148947694897
v 0.180371314074 0.150049536295 0.148947694808
v 0.180124499775 0.149802721997 0.148947694715
v 0.179869222134 0.149564671745 0.148947694619
v 0.179605792168 0.149335675569 0.14894769452
v 0.182625867274 0.156003099599 0.146309022784
v 0.182585455921 0.155673975541 0.146309022881
v 0.182533582922 0.155346462312 0.146309023006
v 0.182470311475 0.155020958937 0.146309023159
v 0.182395718668 0.154697861992 0.146309023338
v 0.18230989538 0.15437756512 0.146309023545
v 0.182212946173 0.154060458553 0.146309023778
v 0.182104989166 0.153746928638 0.146309024038
v 0.181986155887 0.153437357363 0.146309024324
v 0.181856591116 0.153132121891 0.146309024636
v 0.181716452708 0.152831594106 0.146309024974
v 0.181565911401 0.152536140154 0.146309025336
v 0.181405150604 0.15224612 0.146309025723
v 0.181234366182 0.15196188699 0.146309026134
v 0.181053766208 0.151683787417 0.146309026569
v 0.180863570715 0.151412160103 0.146309027027
v 0.180664011428 0.151147335984 0.146309027508
v 0.180455331478 0.150889637708 0.14630902801
v 0.18023778511 0.15063937924 0.146309028534
v 0.180011637372 0.150396865481 0.146309029079
v 0.179777163788 0.150162391897 0.146309029643
v 0.179534650029 0.149936244158 0.146309030227
v 0.182833022939 0.155639182266 0.146309022285
v 0.18277978486 0.155303050268 0.146309022413
v 0.182714848376 0.154968981015 0.14630902257
v 0.1826382926 0.154637381518 0.146309022754
v 0.182550210804 0.154308655781 0.146309022966
v 0.182450710302 0.153983204305 0.146309023206
v 0.182339912321 0.153661423603 0.146309023472
v 0.18221795185 0.153343705714 0.146309023766
v 0.18208497748 0.15303043773 0.146309024086
v 0.18194115122 0.152722001319 0.146309024433
v 0.181786648299 0.152418772263 0.146309024805
v 0.181621656955 0.15212112 0.146309025202
v 0.181446378206 0.151829407174 0.146309025624
v 0.181261025601 0.151543989191 0.14630902607
v 0.181065824964 0.15126521379 0.14630902654
v 0.180861014116 0.150993420616 0.146309027033
v 0.180646842589 0.150728940806 0.146309027549
v 0.180423571317 0.150472096588 0.146309028087
v 0.180191472322 0.150223200888 0.146309028646
v 0.17995082838 0.149982556947 0.146309029225
v 0.17970193268 0.149750457952 0.146309029824
v 0.183080589956 0.15560438899 0.146309021689
v 0.183025986799 0.155259638223 0.146309021821
v 0.182959385276 0.154917003092 0.146309021981
v 0.182880866531 0.154576901044 0.14630902217
v 0.182790526228 0.154239746442 0.146309022387
v 0.182688474431 0.153905950056 0.146309022633
v 0.182574835476 0.153575918567 0.146309022907
v 0.182449747814 0.153250054066 0.146309023208
v 0.182313363845 0.152928753569 0.146309023536
v 0.182165849731 0.152612408532 0.146309023892
v 0.182007385197 0.152301404372 0.146309024273
v 0.181838163306 0.15199612 0.146309024681
v 0.18165839023 0.151696927358 0.146309025113
v 0.181468284994 0.151404190965 0.146309025571
v 0.181268079212 0.151118267477 0.146309026053
v 0.181058016804 0.150839505247 0.146309026559
v 0.1808383537 0.150568243903 0.146309027088
v 0.180609357523 0.150304813936 0.146309027639
v 0.180371307272 0.150049536295 0.146309028213
v 0.180124492973 0.149802721997 0.146309028807
v 0.179869215332 0.149564671745 0.146309029421
v 0.18262586137 0.156003099599 0.143670403711
v 0.182585450017 0.155673975541 0.143670403691
v 0.182533577018 0.155346462312 0.143670403665
v 0.182470305571 0.155020958937 0.143670403633
v 0.182395712764 0.154697861992 0.143670403595
v 0.182309889475 0.15437756512 0.143670403552
v 0.182212940269 0.154060458553 0.143670403503
v 0.182104983261 0.153746928638 0.143670403449
v 0.181986149982 0.153437357363 0.143670403389
v 0.181856585212 0.153132121891 0.143670403324
v 0.181716446804 0.152831594106 0.143670403254
v 0.181565905496 0.152536140154 0.143670403178
v 0.1814051447 0.15224612 0.143670403097
v 0.181234360277 0.15196188699 0.143670403011
v 0.181053760303 0.151683787417 0.14367040292
v 0.180863564811 0.151412160103 0.143670402825
v 0.180664005523 0.151147335984 0.143670402724
v 0.180455325574 0.150889637708 0.143670402619
v 0.180237779206 0.15063937924 0.14367040251
v 0.180011631467 0.150396865481 0.143670402396
v 0.179777157883 0.150162391897 0.143670402278
v 0.179534644124 0.149936244158 0.143670402156
v 0.179284385656 0.14971869779 0.14367040203
v 0.182874491844 0.155976967483 0.143670403836
v 0.182833017034 0.155639182266 0.143670403815
v 0.182779778956 0.155303050268 0.143670403788
v 0.182714842471 0.154968981015 0.143670403756
v 0.182638286695 0.154637381518 0.143670403717
v 0.182550204899 0.154308655781 0.143670403673
v 0.182450704398 0.153983204305 0.143670403623
v 0.182339906417 0.153661423603 0.143670403567
v 0.182217945946 0.153343705714 0.143670403506
v 0.182084971576 0.15303043773 0.143670403439
v 0.181941145315 0.152722001319 0.143670403367
v 0.181786642394 0.152418772263 0.143670403289
v 0.181621651051 0.15212112 0.143670403206
v 0.181446372301 0.151829407174 0.143670403118
v 0.181261019696 0.151543989191 0.143670403024
v 0.181065819059 0.15126521379 0.143670402926
v 0.180861008212 0.150993420616 0.143670402823
v 0.180646836684 0.150728940806 0.143670402716
v 0.180423565412 0.150472096588 0.143670402603
v 0.180191466417 0.150223200888 0.143670402487
v 0.179950822476 0.149982556947 0.143670402365
v 0.179701926776 0.149750457952 0.14367040224
v 0.179445082558 0.14952718668 0.143670402111
v 0.183123122318 0.155950835367 0.143670403961
v 0.183080584051 0.15560438899 0.14367040394
v 0.183025980894 0.155259638223 0.143670403912
v 0.182959379371 0.154917003092 0.143670403879
v 0.182880860627 0.154576901044 0.143670403839
v 0.182790520323 0.154239746442 0.143670403794
v 0.182688468527 0.153905950056 0.143670403742
v 0.182574829572 0.153575918567 0.143670403685
v 0.18244974191 0.153250054066 0.143670403622
v 0.18231335794 0.152928753569 0.143670403554
v 0.182165843827 0.152612408532 0.14367040348
v 0.182007379293 0.152301404372 0.1436704034
v 0.181838157402 0.15199612 0.143670403315
v 0.181658384326 0.151696927358 0.143670403224
v 0.18146827909 0.151404190965 0.143670403129
v 0.181268073308 0.151118267477 0.143670403028
v 0.1810580109 0.150839505247 0.143670402922
v 0.180838347795 0.150568243903 0.143670402812
v 0.180609351619 0.150304813936 0.143670402697
v 0.180371301367 0.150049536295 0.143670402577
v 0.180124487069 0.149802721997 0.143670402453
v 0.179869209428 0.149564671745 0.143670402324
v 0.179605779461 0.149335675569 0.143670402192
v 0.182625869929 0.156003099599 0.141031770593
v 0.182585458576 0.155673975541 0.141031770515
v 0.182533585576 0.155346462312 0.141031770415
v 0.18247031413 0.155020958937 0.141031770293
v 0.182395721322 0.154697861992 0.14103177015
v 0.182309898034 0.15437756512 0.141031769984
v 0.182212948828 0.154060458553 0.141031769797
v 0.18210499182 0.153746928638 0.141031769589
v 0.181986158541 0.153437357363 0.14103176936
v 0.18185659377 0.153132121891 0.141031769111
v 0.181716455363 0.152831594106 0.141031768841
v 0.181565914055 0.152536140154 0.14103176855
v 0.181405153259 0.15224612 0.141031768241
v 0.181234368836 0.15196188699 0.141031767911
v 0.181053768862 0.151683787417 0.141031767563
v 0.180863573369 0.151412160103 0.141031767197
v 0.180664014082 0.151147335984 0.141031766812
v 0.180455334132 0.150889637708 0.14103176641
v 0.180237787765 0.15063937924 0.141031765991
v 0.180011640026 0.150396865481 0.141031765555
v 0.179777166442 0.150162391897 0.141031765103
v 0.179534652683 0.149936244158 0.141031764636
v 0.179284394215 0.14971869779 0.141031764153
v 0.182874500403 0.155976967483 0.141031771072
v 0.182833025593 0.155639182266 0.141031770992
v 0.182779787515 0.155303050268 0.14103177089
v 0.18271485103 0.154968981015 0.141031770765
v 0.182638295254 0.154637381518 0.141031770617
v 0.182550213458 0.154308655781 0.141031770447
v 0.182450712957 0.153983204305 0.141031770256
v 0.182339914976 0.153661423603 0.141031770042
v 0.182217954505 0.153343705714 0.141031769807
v 0.182084980135 0.15303043773 0.141031769551
v 0.181941153874 0.152722001319 0.141031769274
v 0.181786650953 0.152418772263 0.141031768976
v 0.18162165961 0.15212112 0.141031768658
v 0.18144638086 0.151829407174 0.14103176832
v 0.181261028255 0.151543989191 0.141031767963
v 0.181065827618 0.15126521379 0.141031767587
v 0.180861016771 0.150993420616 0.141031767192
v 0.180646845243 0.150728940806 0.141031766779
v 0.180423573971 0.150472096588 0.141031766349
v 0.180191474976 0.150223200888 0.141031765902
v 0.179950831035 0.149982556947 0.141031765438
v 0.179701935335 0.149750457952 0.141031764958
v 0.179445091117 0.14952718668 0.141031764463
v 0.183123130877 0.155950835367 0.141031771552
v 0.18308059261 0.15560438899 0.14103177147
v 0.183025989453 0.155259638223 0.141031771364
v 0.18295938793 0.154917003092 0.141031771236
v 0.182880869186 0.154576901044 0.141031771085
v 0.182790528882 0.154239746442 0.141031770911
v 0.182688477086 0.153905950056 0.141031770714
v 0.182574838131 0.153575918567 0.141031770495
v 0.182449750469 0.153250054066 0.141031770254
v 0.182313366499 0.152928753569 0.141031769991
v 0.182165852386 0.152612408532 0.141031769707
v 0.182007387851 0.152301404372 0.141031769401
v 0.181838165961 0.15199612 0.141031769075
v 0.181658392884 0.151696927358 0.141031768729
v 0.181468287648 0.151404190965 0.141031768362
v 0.181268081867 0.151118267477 0.141031767976
v 0.181058019459 0.150839505247 0.141031767572
v 0.180838356354 0.150568243903 0.141031767148
v 0.180609360178 0.150304813936 0.141031766707
v 0.180371309926 0.150049536295 0.141031766248
v 0.180124495627 0.149802721997 0.141031765772
v 0.179869217986 0.149564671745 0.14103176528
v 0.17960578802 0.149335675569 0.141031764773
v 0.182654772012 0.156333433499 0.138393093408
v 0.182625871541 0.156003099599 0.138393093445
v 0.182585460188 0.155673975541 0.138393093498
v 0.182533587188 0.155346462312 0.138393093566
v 0.182470315742 0.155020958937 0.138393093649
v 0.182395722934 0.154697861992 0.138393093747
v 0.182309899646 0.15437756512 0.138393093859
v 0.182212950439 0.154060458553 0.138393093986
v 0.182104993432 0.153746928638 0.138393094127
v 0.181986160153 0.153437357363 0.138393094283
v 0.181856595382 0.153132121891 0.138393094452
v 0.181716456974 0.152831594106 0.138393094636
v 0.181565915667 0.152536140154 0.138393094833
v 0.181405154871 0.15224612 0.138393095043
v 0.181234370448 0.15196188699 0.138393095267
v 0.181053770474 0.151683787417 0.138393095503
v 0.180863574981 0.151412160103 0.138393095752
v 0.180664015694 0.151147335984 0.138393096013
v 0.180455335744 0.150889637708 0.138393096286
v 0.180237789377 0.15063937924 0.138393096571
v 0.180011641638 0.150396865481 0.138393096867
v 0.179777168054 0.150162391897 0.138393097174
v 0.179534654295 0.149936244158 0.138393097491
v 0.182904163025 0.156315994381 0.138393093081
v 0.182874502014 0.155976967483 0.13839309312
v 0.182833027205 0.155639182266 0.138393093174
v 0.182779789127 0.155303050268 0.138393093244
v 0.182714852642 0.154968981015 0.138393093329
v 0.182638296866 0.154637381518 0.138393093429
v 0.18255021507 0.154308655781 0.138393093544
v 0.182450714569 0.153983204305 0.138393093675
v 0.182339916587 0.153661423603 0.13839309382
v 0.182217956117 0.153343705714 0.138393093979
v 0.182084981747 0.15303043773 0.138393094153
v 0.181941155486 0.152722001319 0.138393094342
v 0.181786652565 0.152418772263 0.138393094544
v 0.181621661222 0.15212112 0.13839309476
v 0.181446382472 0.151829407174 0.138393094989
v 0.181261029867 0.151543989191 0.138393095232
v 0.18106582923 0.15126521379 0.138393095487
v 0.180861018382 0.150993420616 0.138393095755
v 0.180646846855 0.150728940806 0.138393096035
v 0.180423575583 0.150472096588 0.138393096328
v 0.180191476588 0.150223200888 0.138393096631
v 0.179950832647 0.149982556947 0.138393096946
v 0.179701936947 0.149750457952 0.138393097272
v 0.183153554037 0.156298555263 0.138393092755
v 0.183123132488 0.155950835367 0.138393092795
v 0.183080594222 0.15560438899 0.13839309285
v 0.183025991065 0.155259638223 0.138393092922
v 0.182959389542 0.154917003092 0.138393093009
v 0.182880870797 0.154576901044 0.138393093112
v 0.182790530494 0.154239746442 0.13839309323
v 0.182688478698 0.153905950056 0.138393093363
v 0.182574839743 0.153575918567 0.138393093512
v 0.18244975208 0.153250054066 0.138393093676
v 0.182313368111 0.152928753569 0.138393093854
v 0.182165853998 0.152612408532 0.138393094047
v 0.182007389463 0.152301404372 0.138393094255
v 0.181838167572 0.15199612 0.138393094476
v 0.181658394496 0.151696927358 0.138393094712
v 0.18146828926 0.151404190965 0.13839309496
v 0.181268083478 0.151118267477 0.138393095222
v 0.181058021071 0.150839505247 0.138393095497
v 0.180838357966 0.150568243903 0.138393095785
v 0.180609361789 0.150304813936 0.138393096085
v 0.180371311538 0.150049536295 0.138393096396
v 0.180124497239 0.149802721997 0.138393096719
v 0.179869219598 0.149564671745 0.138393097053
v 0.182625863022 0.156003099599 0.135754448443
v 0.182585451669 0.155673975541 0.135754448489
v 0.18253357867 0.155346462312 0.135754448548
v 0.182470307223 0.155020958937 0.13575444862
v 0.182395714416 0.154697861992 0.135754448706
v 0.182309891128 0.15437756512 0.135754448804
v 0.182212941921 0.154060458553 0.135754448914
v 0.182104984914 0.153746928638 0.135754449038
v 0.181986151635 0.153437357363 0.135754449173
v 0.181856586864 0.153132121891 0.135754449321
v 0.181716448456 0.152831594106 0.135754449482
v 0.181565907148 0.152536140154 0.135754449654
v 0.181405146352 0.15224612 0.135754449837
v 0.18123436193 0.15196188699 0.135754450032
v 0.181053761955 0.151683787417 0.135754450239
v 0.180863566463 0.151412160103 0.135754450456
v 0.180664007175 0.151147335984 0.135754450684
v 0.180455327226 0.150889637708 0.135754450922
v 0.180237780858 0.15063937924 0.135754451171
v 0.180011633119 0.150396865481 0.135754451429
v 0.179777159536 0.150162391897 0.135754451697
v 0.179534645777 0.149936244158 0.135754451974
v 0.182874493496 0.155976967483 0.135754448159
v 0.182833018686 0.155639182266 0.135754448206
v 0.182779780608 0.155303050268 0.135754448267
v 0.182714844123 0.154968981015 0.135754448341
v 0.182638288347 0.154637381518 0.135754448428
v 0.182550206552 0.154308655781 0.135754448529
v 0.18245070605 0.153983204305 0.135754448643
v 0.182339908069 0.153661423603 0.135754448769
v 0.182217947598 0.153343705714 0.135754448909
v 0.182084973228 0.15303043773 0.135754449061
v 0.181941146968 0.152722001319 0.135754449225
v 0.181786644047 0.152418772263 0.135754449401
v 0.181621652703 0.15212112 0.13575444959
v 0.181446373954 0.151829407174 0.13575444979
v 0.181261021349 0.151543989191 0.135754450002
v 0.181065820711 0.15126521379 0.135754450225
v 0.180861009864 0.150993420616 0.135754450459
v 0.180646838337 0.150728940806 0.135754450704
v 0.180423567065 0.150472096588 0.135754450959
v 0.180191468069 0.150223200888 0.135754451224
v 0.179950824128 0.149982556947 0.135754451499
v 0.179701928428 0.149750457952 0.135754451783
v 0.18312312397 0.155950835367 0.135754447874
v 0.183080585704 0.15560438899 0.135754447923
v 0.183025982546 0.155259638223 0.135754447985
v 0.182959381023 0.154917003092 0.135754448062
v 0.182880862279 0.154576901044 0.135754448151
v 0.182790521976 0.154239746442 0.135754448254
v 0.182688470179 0.153905950056 0.135754448371
v 0.182574831224 0.153575918567 0.135754448501
v 0.182449743562 0.153250054066 0.135754448644
v 0.182313359593 0.152928753569 0.1357544488
v 0.182165845479 0.152612408532 0.135754448968
v 0.182007380945 0.152301404372 0.135754449149
v 0.181838159054 0.15199612 0.135754449342
v 0.181658385978 0.151696927358 0.135754449548
v 0.181468280742 0.151404190965 0.135754449765
v 0.18126807496 0.151118267477 0.135754449994
v 0.181058012552 0.150839505247 0.135754450234
v 0.180838349447 0.150568243903 0.135754450485
v 0.180609353271 0.150304813936 0.135754450746
v 0.18037130302 0.150049536295 0.135754451018
v 0.180124488721 0.149802721997 0.1357544513
v 0.17986921108 0.149564671745 0.135754451592
v 0.182625865512 0.156003099599 0.133115832379
v 0.182585454159 0.155673975541 0.133115832295
v 0.182533581159 0.155346462312 0.133115832186
v 0.182470309713 0.155020958937 0.133115832054
v 0.182395716905 0.154697861992 0.133115831899
v 0.182309893617 0.15437756512 0.13311583172
v 0.18221294441 0.154060458553 0.133115831517
v 0.182104987403 0.153746928638 0.133115831292
v 0.181986154124 0.153437357363 0.133115831044
v 0.181856589353 0.153132121891 0.133115830774
v 0.181716450945 0.152831594106 0.133115830481
v 0.181565909638 0.152536140154 0.133115830167
v 0.181405148842 0.15224612 0.133115829831
v 0.181234364419 0.15196188699 0.133115829475
v 0.181053764445 0.151683787417 0.133115829098
v 0.180863568952 0.151412160103 0.133115828701
v 0.180664009665 0.151147335984 0.133115828285
v 0.180455329715 0.150889637708 0.133115827849
v 0.180237783348 0.15063937924 0.133115827395
v 0.180011635609 0.150396865481 0.133115826923
v 0.179777162025 0.150162391897 0.133115826434
v 0.179534648266 0.149936244158 0.133115825928
v 0.182874495985 0.155976967483 0.133115832898
v 0.182833021176 0.155639182266 0.133115832811
v 0.182779783097 0.155303050268 0.1331158327
v 0.182714846613 0.154968981015 0.133115832565
v 0.182638290837 0.154637381518 0.133115832405
v 0.182550209041 0.154308655781 0.133115832221
v 0.182450708539 0.153983204305 0.133115832013
v 0.182339910558 0.153661423603 0.133115831782
v 0.182217950088 0.153343705714 0.133115831528
v 0.182084975718 0.15303043773 0.13311583125
v 0.181941149457 0.152722001319 0.13311583095
v 0.181786646536 0.152418772263 0.133115830628
v 0.181621655192 0.15212112 0.133115830283
v 0.181446376443 0.151829407174 0.133115829918
v 0.181261023838 0.151543989191 0.133115829531
v 0.181065823201 0.15126521379 0.133115829123
v 0.180861012353 0.150993420616 0.133115828696
v 0.180646840826 0.150728940806 0.133115828249
v 0.180423569554 0.150472096588 0.133115827783
v 0.180191470559 0.150223200888 0.133115827299
v 0.179950826618 0.149982556947 0.133115826796
v 0.179701930918 0.149750457952 0.133115826277
v 0.183123126459 0.155950835367 0.133115833417
v 0.183080588193 0.15560438899 0.133115833328
v 0.183025985036 0.155259638223 0.133115833214
v 0.182959383513 0.154917003092 0.133115833075
v 0.182880864768 0.154576901044 0.133115832911
v 0.182790524465 0.154239746442 0.133115832723
v 0.182688472669 0.153905950056 0.13311583251
v 0.182574833713 0.153575918567 0.133115832272
v 0.182449746051 0.153250054066 0.133115832011
v 0.182313362082 0.152928753569 0.133115831727
v 0.182165847969 0.152612408532 0.133115831419
v 0.182007383434 0.152301404372 0.133115831088
v 0.181838161543 0.15199612 0.133115830735
v 0.181658388467 0.151696927358 0.13311583036
v 0.181468283231 0.151404190965 0.133115829963
v 0.181268077449 0.151118267477 0.133115829545
v 0.181058015042 0.150839505247 0.133115829107
v 0.180838351937 0.150568243903 0.133115828649
v 0.18060935576 0.150304813936 0.133115828171
v 0.180371305509 0.150049536295 0.133115827674
v 0.18012449121 0.149802721997 0.133115827159
v 0.179869213569 0.149564671745 0.133115826626
v 0.182654774507 0.156333433499 0.130477169494
v 0.182625874035 0.156003099599 0.130477169483
v 0.182585462682 0.155673975541 0.130477169469
v 0.182533589683 0.155346462312 0.13047716945
v 0.182470318236 0.155020958937 0.130477169427
v 0.182395725429 0.154697861992 0.130477169401
v 0.182309902141 0.15437756512 0.13047716937
v 0.182212952934 0.154060458553 0.130477169335
v 0.182104995927 0.153746928638 0.130477169296
v 0.181986162648 0.153437357363 0.130477169254
v 0.181856597877 0.153132121891 0.130477169207
v 0.181716459469 0.152831594106 0.130477169157
v 0.181565918161 0.152536140154 0.130477169102
v 0.181405157365 0.15224612 0.130477169045
v 0.181234372943 0.15196188699 0.130477168983
v 0.181053772968 0.151683787417 0.130477168918
v 0.180863577476 0.151412160103 0.13047716885
v 0.180664018188 0.151147335984 0.130477168778
v 0.180455338239 0.150889637708 0.130477168703
v 0.180237791871 0.15063937924 0.130477168625
v 0.180011644132 0.150396865481 0.130477168544
v 0.179777170549 0.150162391897 0.13047716846
v 0.17953465679 0.149936244158 0.130477168373
v 0.179284398321 0.14971869779 0.130477168283
v 0.182904165519 0.156315994381 0.130477169583
v 0.182874504509 0.155976967483 0.130477169573
v 0.182833029699 0.155639182266 0.130477169558
v 0.182779791621 0.155303050268 0.130477169539
v 0.182714855136 0.154968981015 0.130477169515
v 0.18263829936 0.154637381518 0.130477169488
v 0.182550217565 0.154308655781 0.130477169456
v 0.182450717063 0.153983204305 0.13047716942
v 0.182339919082 0.153661423603 0.130477169381
v 0.182217958611 0.153343705714 0.130477169337
v 0.182084984241 0.15303043773 0.130477169289
v 0.181941157981 0.152722001319 0.130477169237
v 0.18178665506 0.152418772263 0.130477169182
v 0.181621663716 0.15212112 0.130477169123
v 0.181446384967 0.151829407174 0.13047716906
v 0.181261032362 0.151543989191 0.130477168993
v 0.181065831724 0.15126521379 0.130477168923
v 0.180861020877 0.150993420616 0.130477168849
v 0.18064684935 0.150728940806 0.130477168772
v 0.180423578078 0.150472096588 0.130477168692
v 0.180191479082 0.150223200888 0.130477168609
v 0.179950835141 0.149982556947 0.130477168522
v 0.179701939441 0.149750457952 0.130477168433
v 0.179445095224 0.14952718668 0.13047716834
v 0.183153556532 0.156298555263 0.130477169673
v 0.183123134983 0.155950835367 0.130477169662
v 0.183080596717 0.15560438899 0.130477169647
v 0.183025993559 0.155259638223 0.130477169627
v 0.182959392037 0.154917003092 0.130477169603
v 0.182880873292 0.154576901044 0.130477169575
v 0.182790532989 0.154239746442 0.130477169543
v 0.182688481192 0.153905950056 0.130477169506
v 0.182574842237 0.153575918567 0.130477169465
v 0.182449754575 0.153250054066 0.13047716942
v 0.182313370606 0.152928753569 0.130477169371
v 0.182165856492 0.152612408532 0.130477169318
v 0.182007391958 0.152301404372 0.130477169261
v 0.181838170067 0.15199612 0.1304771692
v 0.181658396991 0.151696927358 0.130477169136
v 0.181468291755 0.151404190965 0.130477169067
v 0.181268085973 0.151118267477 0.130477168995
v 0.181058023565 0.150839505247 0.13047716892
v 0.18083836046 0.150568243903 0.130477168841
v 0.180609364284 0.150304813936 0.130477168759
v 0.180371314033 0.150049536295 0.130477168673
v 0.180124499734 0.149802721997 0.130477168585
v 0.179869222093 0.149564671745 0.130477168493
v 0.179605792126 0.149335675569 0.130477168398
v 0.182625867408 0.156003099599 0.127838496521
v 0.182585456055 0.155673975541 0.127838496619
v 0.182533583056 0.155346462312 0.127838496745
v 0.182470311609 0.155020958937 0.127838496899
v 0.182395718802 0.154697861992 0.127838497081
v 0.182309895513 0.15437756512 0.12783849729
v 0.182212946307 0.154060458553 0.127838497526
v 0.1821049893 0.153746928638 0.127838497788
v 0.18198615602 0.153437357363 0.127838498078
v 0.18185659125 0.153132121891 0.127838498393
v 0.181716452842 0.152831594106 0.127838498734
v 0.181565911534 0.152536140154 0.1278384991
v 0.181405150738 0.15224612 0.127838499492
v 0.181234366316 0.15196188699 0.127838499907
v 0.181053766341 0.151683787417 0.127838500347
v 0.180863570849 0.151412160103 0.12783850081
v 0.180664011561 0.151147335984 0.127838501295
v 0.180455331612 0.150889637708 0.127838501803
v 0.180237785244 0.15063937924 0.127838502333
v 0.180011637505 0.150396865481 0.127838502883
v 0.179777163921 0.150162391897 0.127838503454
v 0.179534650162 0.149936244158 0.127838504044
v 0.179284391694 0.14971869779 0.127838504653
v 0.182874497882 0.155976967483 0.127838495916
v 0.182833023072 0.155639182266 0.127838496017
v 0.182779784994 0.155303050268 0.127838496146
v 0.182714848509 0.154968981015 0.127838496304
v 0.182638292733 0.154637381518 0.12783849649
v 0.182550210937 0.154308655781 0.127838496705
v 0.182450710436 0.153983204305 0.127838496947
v 0.182339912455 0.153661423603 0.127838497217
v 0.182217951984 0.153343705714 0.127838497513
v 0.182084977614 0.15303043773 0.127838497837
v 0.181941151353 0.152722001319 0.127838498187
v 0.181786648432 0.152418772263 0.127838498563
v 0.181621657089 0.15212112 0.127838498965
v 0.18144637834 0.151829407174 0.127838499391
v 0.181261025734 0.151543989191 0.127838499842
v 0.181065825097 0.15126521379 0.127838500317
v 0.18086101425 0.150993420616 0.127838500816
v 0.180646842722 0.150728940806 0.127838501337
v 0.18042357145 0.150472096588 0.12783850188
v 0.180191472455 0.150223200888 0.127838502445
v 0.179950828514 0.149982556947 0.127838503031
v 0.179701932814 0.149750457952 0.127838503637
v 0.179445088596 0.14952718668 0.127838504262
v 0.183123128356 0.155950835367 0.127838495311
v 0.183080590089 0.15560438899 0.127838495414
v 0.183025986932 0.155259638223 0.127838495547
v 0.182959385409 0.154917003092 0.127838495709
v 0.182880866665 0.154576901044 0.1278384959
v 0.182790526361 0.154239746442 0.12783849612
v 0.182688474565 0.153905950056 0.127838496368
v 0.18257483561 0.153575918567 0.127838496645
v 0.182449747948 0.153250054066 0.127838496949
v 0.182313363978 0.152928753569 0.127838497281
v 0.182165849865 0.152612408532 0.12783849764
v 0.182007385331 0.152301404372 0.127838498026
v 0.18183816344 0.15199612 0.127838498438
v 0.181658390364 0.151696927358 0.127838498875
v 0.181468285128 0.151404190965 0.127838499338
v 0.181268079346 0.151118267477 0.127838499825
v 0.181058016938 0.150839505247 0.127838500336
v 0.180838353833 0.150568243903 0.127838500871
v 0.180609357657 0.150304813936 0.127838501428
v 0.180371307405 0.150049536295 0.127838502008
v 0.180124493107 0.149802721997 0.127838502608
v 0.179869215466 0.149564671745 0.12783850323
v 0.179605785499 0.149335675569 0.127838503871
v 0.182625861192 0.156003099599 0.125199877338
v 0.182585449839 0.155673975541 0.12519987732
v 0.18253357684 0.155346462312 0.125199877295
v 0.182470305393 0.155020958937 0.125199877266
v 0.182395712586 0.154697861992 0.125199877231
v 0.182309889297 0.15437756512 0.125199877191
v 0.182212940091 0.154060458553 0.125199877146
v 0.182104983083 0.153746928638 0.125199877096
v 0.181986149804 0.153437357363 0.125199877041
v 0.181856585034 0.153132121891 0.12519987698
v 0.181716446626 0.152831594106 0.125199876915
v 0.181565905318 0.152536140154 0.125199876845
v 0.181405144522 0.15224612 0.12519987677
v 0.181234360099 0.15196188699 0.125199876691
v 0.181053760125 0.151683787417 0.125199876606
v 0.180863564632 0.151412160103 0.125199876518
v 0.180664005345 0.151147335984 0.125199876425
v 0.180455325396 0.150889637708 0.125199876328
v 0.180237779028 0.15063937924 0.125199876227
v 0.180011631289 0.150396865481 0.125199876121
v 0.179777157705 0.150162391897 0.125199876012
v 0.179534643946 0.149936244158 0.125199875899
v 0.182874491666 0.155976967483 0.125199877454
v 0.182833016856 0.155639182266 0.125199877435
v 0.182779778778 0.155303050268 0.12519987741
v 0.182714842293 0.154968981015 0.12519987738
v 0.182638286517 0.154637381518 0.125199877344
v 0.182550204721 0.154308655781 0.125199877303
v 0.18245070422 0.153983204305 0.125199877257
v 0.182339906239 0.153661423603 0.125199877205
v 0.182217945768 0.153343705714 0.125199877148
v 0.182084971398 0.15303043773 0.125199877087
v 0.181941145137 0.152722001319 0.12519987702
v 0.181786642216 0.152418772263 0.125199876948
v 0.181621650873 0.15212112 0.125199876871
v 0.181446372123 0.151829407174 0.125199876789
v 0.181261019518 0.151543989191 0.125199876703
v 0.181065818881 0.15126521379 0.125199876612
v 0.180861008034 0.150993420616 0.125199876517
v 0.180646836506 0.150728940806 0.125199876417
v 0.180423565234 0.150472096588 0.125199876313
v 0.180191466239 0.150223200888 0.125199876205
v 0.179950822298 0.149982556947 0.125199876093
v 0.179701926598 0.149750457952 0.125199875977
v 0.18312312214 0.155950835367 0.12519987757
v 0.183080583873 0.15560438899 0.12519987755
v 0.183025980716 0.155259638223 0.125199877525
v 0.182959379193 0.154917003092 0.125199877494
v 0.182880860449 0.154576901044 0.125199877457
v 0.182790520145 0.154239746442 0.125199877415
v 0.182688468349 0.153905950056 0.125199877367
v 0.182574829394 0.153575918567 0.125199877315
v 0.182449741732 0.153250054066 0.125199877256
v 0.182313357762 0.152928753569 0.125199877193
v 0.182165843649 0.152612408532 0.125199877124
v 0.182007379115 0.152301404372 0.12519987705
v 0.181838157224 0.15199612 0.125199876972
v 0.181658384148 0.151696927358 0.125199876888
v 0.181468278911 0.151404190965 0.125199876799
v 0.18126807313 0.151118267477 0.125199876706
v 0.181058010722 0.150839505247 0.125199876608
v 0.180838347617 0.150568243903 0.125199876506
v 0.180609351441 0.150304813936 0.1251998764
v 0.180371301189 0.150049536295 0.125199876289
v 0.180124486891 0.149802721997 0.125199876174
v 0.17986920925 0.149564671745 0.125199876055
v 0.182625864674 0.156003099805 0.122571150431
v 0.182585453584 0.155673975815 0.122570893291
v 0.182533580853 0.155346462654 0.122570624373
v 0.18247030968 0.155020959347 0.122570344006
v 0.182395717152 0.154697862468 0.12257005253
v 0.182309894148 0.154377565663 0.122569750301
v 0.18221294523 0.154060459162 0.122569437686
v 0.182104988516 0.153746929312 0.122569115068
v 0.181986155534 0.153437358101 0.122568782838
v 0.181856591064 0.153132122692 0.122568441402
v 0.18171645296 0.152831594969 0.122568091175
v 0.181565911959 0.152536141078 0.122567732585
v 0.181405151473 0.152246120985 0.122567366068
v 0.181234367362 0.151961888034 0.12256699207
v 0.1810537677 0.151683788519 0.122566611048
v 0.180863572522 0.151412161261 0.122566223466
v 0.18066401355 0.151147337197 0.122565829795
v 0.180455333917 0.150889638974 0.122565430516
v 0.180237787865 0.150639380558 0.122565026115
v 0.180011640442 0.150396866849 0.122564617084
v 0.179777167174 0.150162393314 0.122564203922
v 0.179534653729 0.149936245622 0.122563787133
v 0.179284395574 0.149718699299 0.122563367224
v 0.182874495012 0.155976967694 0.12257141159
v 0.182833020471 0.155639182547 0.122571147684
v 0.182779782668 0.155303050619 0.122570871689
v 0.182714846465 0.154968981435 0.122570583944
v 0.182638290975 0.154637382007 0.122570284797
v 0.182550209471 0.154308656338 0.122569974615
v 0.182450709266 0.15398320493 0.122569653774
v 0.182339911586 0.153661424294 0.122569322665
v 0.18221795142 0.153343706472 0.122568981693
v 0.182084977359 0.153030438552 0.122568631271
v 0.18194115141 0.152722002205 0.122568271828
v 0.181786648804 0.152418773212 0.122567903801
v 0.181621657778 0.152121121011 0.122567527639
v 0.181446379348 0.151829408245 0.122567143799
v 0.181261027065 0.151543990322 0.122566752751
v 0.18106582675 0.151265214979 0.122566354969
v 0.180861016226 0.15099342186 0.122565950938
v 0.180646845023 0.150728942105 0.122565541152
v 0.180423574076 0.150472097941 0.122565126108
v 0.180191475405 0.150223202293 0.122564706314
v 0.179950831787 0.149982558401 0.122564282279
v 0.17970193641 0.149750459454 0.122563854521
v 0.179445092514 0.149527188228 0.122563423562
v 0.183123125349 0.155950835584 0.12257167275
v 0.183080587359 0.155604389279 0.122571402076
v 0.183025984484 0.155259638583 0.122571119005
v 0.182959383249 0.154917003523 0.122570823882
v 0.182880864799 0.154576901546 0.122570517065
v 0.182790524795 0.154239747013 0.122570198929
v 0.182688473302 0.153905950697 0.122569869861
v 0.182574834656 0.153575919276 0.122569530263
v 0.182449747306 0.153250054843 0.122569180547
v 0.182313363654 0.152928754413 0.122568821141
v 0.18216584986 0.152612409441 0.122568452481
v 0.182007385649 0.152301405346 0.122568075018
v 0.181838164084 0.151996121037 0.12256768921
v 0.181658391335 0.151696928457 0.122567295529
v 0.181468286429 0.151404192125 0.122566894453
v 0.181268080978 0.151118268696 0.122566486471
v 0.181058018902 0.150839506523 0.122566072081
v 0.18083835613 0.150568245236 0.122565651787
v 0.180609360287 0.150304815324 0.122565226102
v 0.180371310368 0.150049537736 0.122564795543
v 0.180124496401 0.149802723488 0.122564360636
v 0.179869219091 0.149564673286 0.12256392191
v 0.179605789454 0.149335677157 0.1225634799
v 0.18266064036 0.15633683263 0.119942908417
v 0.182631740911 0.156006499004 0.119942418414
v 0.182591330605 0.155677375218 0.119941904267
v 0.182539458677 0.155349862261 0.119941366602
v 0.182476188324 0.155024359156 0.119940806075
v 0.182401596632 0.154701262479 0.119940223368
v 0.182315774479 0.154380965873 0.119939619191
v 0.182218826426 0.154063859569 0.119938994281
v 0.182110870589 0.153750329914 0.119938349398
v 0.181992038497 0.153440758895 0.119937685329
v 0.181862474927 0.153135523677 0.119937002882
v 0.181722337733 0.152834996141 0.119936302889
v 0.18157179765 0.152539542434 0.119935586202
v 0.181411038089 0.152249522521 0.119934853696
v 0.181240254909 0.151965289746 0.119934106262
v 0.181059656185 0.151687190404 0.11993334481
v 0.180869461948 0.151415563316 0.11993257027
v 0.18066990392 0.151150739417 0.119931783584
v 0.180461225231 0.150893041354 0.11993098571
v 0.180243680126 0.150642783093 0.119930177622
v 0.180017533648 0.150400269535 0.119929360302
v 0.179783061323 0.150165796146 0.119928534749
v 0.179540548819 0.149939648595 0.119927701966
v 0.182910030801 0.156319393526 0.119943442815
v 0.18288037084 0.155980366909 0.119942939917
v 0.182838897105 0.155642581972 0.11994241224
v 0.182785660126 0.155306450253 0.119941860426
v 0.182720724764 0.154972381277 0.119941285148
v 0.182644170133 0.154640782055 0.119940687107
v 0.182556089502 0.154312056591 0.119940067031
v 0.182456590184 0.153986605385 0.119939425675
v 0.182345793405 0.15366482495 0.119938763822
v 0.182223834152 0.153347107325 0.119938082277
v 0.182090861014 0.1530338396 0.119937381871
v 0.181947035999 0.152725403445 0.119936663457
v 0.181792534335 0.152422174641 0.11993592791
v 0.181627544259 0.152124522625 0.119935176127
v 0.181452266786 0.15183281004 0.119934409024
v 0.181266915464 0.151547392295 0.119933627534
v 0.181071716115 0.151268617125 0.119932832611
v 0.18086690656 0.150996824176 0.119932025223
v 0.180652736327 0.150732344585 0.119931206353
v 0.18042946635 0.15047550058 0.119930376999
v 0.180197368649 0.150226605087 0.119929538171
v 0.179956726 0.149985961345 0.119928690892
v 0.179707831588 0.149753862543 0.119927836194
v 0.183159421242 0.156301954422 0.119943977213
v 0.183129000769 0.155954234815 0.11994346142
v 0.183086463605 0.155607788726 0.119942920213
v 0.183031861575 0.155263038245 0.11994235425
v 0.182965261204 0.154920403397 0.119941764222
v 0.182886743633 0.154580301632 0.119941150846
v 0.182796404525 0.154243147309 0.11994051487
v 0.182694353943 0.1539093512 0.11993985707
v 0.18258071622 0.153579319985 0.119939178246
v 0.182455629807 0.153253455754 0.119938479225
v 0.182319247102 0.152932155524 0.11993776086
v 0.182171734266 0.152615810749 0.119937024025
v 0.182013271021 0.152304806847 0.119936269619
v 0.18184405043 0.151999522728 0.119935498559
v 0.181664278662 0.151700330334 0.119934711786
v 0.181474174742 0.151407594185 0.119933910259
v 0.181273970282 0.151121670934 0.119933094953
v 0.181063909199 0.150842908934 0.119932266862
v 0.180844247422 0.150571647816 0.119931426995
v 0.180615252574 0.150308218068 0.119930576376
v 0.180377203651 0.150052940638 0.11992971604
v 0.180130390677 0.149806126544 0.119928847036
v 0.179875114357 0.14956807649 0.119927970422
v -0.275459746576 0.204884096225 -0.5
v -0.275457770976 0.204889535713 -0.500331545219
v -0.27545184658 0.20490584755 -0.500662686501
v -0.275441980607 0.204933011862 -0.500993020401
v -0.275428185077 0.204970995553 -0.501322144459
v -0.275410476799 0.205019752347 -0.501649657688
v -0.275388877346 0.20507922284 -0.501975161063
v -0.275363413035 0.205149334578 -0.502298258008
v -0.275334114889 0.205230002139 -0.50261855488
v -0.275301018604 0.205321127243 -0.502935661447
v -0.275264164503 0.205422598868 -0.503249191362
v -0.275223597487 0.205534293387 -0.503558762637
v -0.27517936698 0.205656074716 -0.503863998109
v -0.275131526871 0.205787794484 -0.504164525894
v -0.275080135445 0.20592929221 -0.504459979846
v -0.275025255315 0.206080395503 -0.50475
v -0.274966953344 0.206240920264 -0.50503423301
v -0.274905300563 0.206410670921 -0.505312332583
v -0.274840372088 0.206589440657 -0.505583959897
v -0.274772247023 0.206777011669 -0.505848784016
v -0.274701008369 0.206973155431 -0.506106482292
v -0.274626742918 0.207177632973 -0.50635674076
v -0.274549541152 0.207390195169 -0.506599254519
v -0.27446949713 0.207610583045 -0.506833728103
v -0.274386708372 0.207838528093 -0.507059875842
v -0.274301275744 0.208073752596 -0.50727742221
v -0.274213303332 0.208315969971 -0.507486102159
v -0.274122898318 0.208564885111 -0.507685661447
v -0.274030170845 0.208820194753 -0.507875856939
v -0.273935233888 0.209081587842 -0.508056456913
v -0.273838203114 0.209348745909 -0.508227241336
v -0.273739196738 0.209621343464 -0.508388002132
v -0.273638335386 0.209899048389 -0.50853854344
v -0.27353574194 0.210181522343 -0.508678681848
v -0.273431541396 0.210468421175 -0.508808246618
v -0.273325860706 0.210759395343 -0.508927079897
v -0.273218828625 0.21105409034 -0.509035036905
v -0.273110575556 0.211352147126 -0.509131986111
v -0.273001233387 0.211653202563 -0.5092178094
v -0.272890935337 0.211956889863 -0.509292402207
v -0.272779815785 0.21226283903 -0.509355673654
v -0.272668010115 0.21257067731 -0.509407546653
v -0.272555654543 0.212880029652 -0.509447958006
v -0.272442885959 0.213190519156 -0.509476858477
v -0.272329841752 0.213501767539 -0.509494212857
v -0.272216659651 0.213813395593 -0.5095
v -0.272103477549 0.214125023647 -0.509494212857
v -0.275545090969 0.204649114663 -0.5
v -0.275543063379 0.204654697295 -0.500340270093
v -0.275536983078 0.204671438391 -0.500680125619
v -0.275526857474 0.204699317553 -0.501019152517
v -0.275512698904 0.204738300815 -0.501356937734
v -0.275494524619 0.204788340682 -0.501693069732
v -0.275472356759 0.204849376189 -0.502027138985
v -0.275446222334 0.204921332972 -0.502358738482
v -0.275416153185 0.205004123364 -0.502687464219
v -0.275382185945 0.205097646497 -0.503012915695
v -0.275344362 0.205201788428 -0.503334696397
v -0.27530272743 0.205316422276 -0.503652414286
v -0.275257332963 0.205441408377 -0.50396568227
v -0.275208233903 0.205576594454 -0.504274118681
v -0.275155490071 0.205721815806 -0.504577347737
v -0.275099165727 0.2058768955 -0.504875
v -0.275039329494 0.206041644598 -0.505166712826
v -0.274976054271 0.206215862377 -0.505452130809
v -0.274909417152 0.206399336579 -0.50573090621
v -0.274839499322 0.206591843671 -0.506002699384
v -0.274766385967 0.206793149111 -0.506267179194
v -0.274690166162 0.207003007641 -0.506524023412
v -0.274610932771 0.207221163578 -0.506772919112
v -0.274528782327 0.207447351136 -0.507013563053
v -0.274443814917 0.207681294737 -0.507245662048
v -0.274356134062 0.207922709359 -0.50746893332
v -0.274265846587 0.208171300875 -0.507683104848
v -0.274173062493 0.208426766414 -0.507887915695
v -0.274077894824 0.208688794731 -0.508083116332
v -0.273980459526 0.208957066585 -0.508268468938
v -0.27388087531 0.209231255128 -0.508443747687
v -0.273779263503 0.209511026303 -0.50860873903
v -0.273675747905 0.209796039252 -0.508763241951
v -0.273570454632 0.210085946731 -0.508907068212
v -0.273463511968 0.210380395533 -0.509040042582
v -0.273355050207 0.210679026916 -0.509162003053
v -0.273245201493 0.210981477044 -0.509272801034
v -0.273134099658 0.211287377429 -0.509372301535
v -0.273021880065 0.211596355378 -0.509460383331
v -0.272908679434 0.211908034449 -0.509536939107
v -0.272794635684 0.21222203491 -0.509601875592
v -0.272679887759 0.212537974198 -0.50965511367
v -0.272564575462 0.21285546739 -0.50969658848
v -0.272448839283 0.213174127671 -0.50972624949
v -0.272332820229 0.213493566801 -0.509744060563
v -0.272216659651 0.213813395593 -0.50975
v -0.272100499073 0.214133224385 -0.509744060563
v -0.275630435362 0.204414133101 -0.5
v -0.275628355782 0.204419858877 -0.500348994967
v -0.275622119576 0.204437029232 -0.500697564737
v -0.275611734341 0.204465623244 -0.501045284633
v -0.275597212731 0.204505606077 -0.50139173101
v -0.275578572438 0.204556929018 -0.501736481777
v -0.275555836172 0.204619529537 -0.502079116908
v -0.275529031634 0.204693331367 -0.502419218956
v -0.27549819148 0.204778244589 -0.502756373558
v -0.275463353286 0.204874165751 -0.503090169944
v -0.275424559496 0.204980977988 -0.503420201433
v -0.275381857373 0.205098551165 -0.503746065934
v -0.275335298945 0.205226742038 -0.504067366431
v -0.275284940935 0.205365394425 -0.504383711468
v -0.275230844698 0.205514339401 -0.504694715628
v -0.27517307614 0.205673395498 -0.505
v -0.275111705643 0.205842368931 -0.505299192642
v -0.27504680798 0.206021053833 -0.505591929035
v -0.274978462216 0.206209232502 -0.505877852523
v -0.274906751622 0.206406675673 -0.506156614753
v -0.274831763564 0.206613142791 -0.506427876097
v -0.274753589406 0.206828382308 -0.506691306064
v -0.274672324389 0.207052131988 -0.506946583705
v -0.274588067523 0.207284119226 -0.507193398003
v -0.274500921462 0.207524061382 -0.507431448255
v -0.27441099238 0.207771666123 -0.507660444431
v -0.274318389842 0.20802663178 -0.507880107536
v -0.274223226668 0.208288647717 -0.508090169944
v -0.274125618803 0.208557394709 -0.508290375726
v -0.274025685164 0.208832545329 -0.508480480962
v -0.273923547506 0.209113764347 -0.508660254038
v -0.273819330269 0.209400709142 -0.508829475929
v -0.273713160424 0.209693030115 -0.508987940463
v -0.273605167324 0.209990371119 -0.509135454576
v -0.273495482541 0.21029236989 -0.509271838546
v -0.273384239709 0.210598658488 -0.509396926208
v -0.273271574361 0.210908863748 -0.509510565163
v -0.273157623761 0.211222607733 -0.509612616959
v -0.273042526742 0.211539508193 -0.509702957263
v -0.272926423531 0.211859179036 -0.509781476007
v -0.272809455582 0.21218123079 -0.50984807753
v -0.272691765403 0.212505271085 -0.509902680687
v -0.27257349638 0.212830905129 -0.509945218954
v -0.272454792607 0.213157736185 -0.509975640503
v -0.272335798705 0.213485366062 -0.50999390827
v -0.272216659651 0.213813395593 -0.51
v -0.272097520597 0.214141425123 -0.50999390827
v -0.272388293975 0.20378481354 -0.5
v -0.272386629944 0.203790356285 -0.500331545219
v -0.272381639879 0.203806977769 -0.500662686501
v -0.272373329859 0.203834657741 -0.500993020401
v -0.272361710008 0.203873362476 -0.501322144459
v -0.272346794484 0.203923044819 -0.501649657688
v -0.272328601458 0.203983644239 -0.501975161063
v -0.272307153097 0.204055086907 -0.502298258008
v -0.272282475532 0.204137285779 -0.50261855488
v -0.272254598828 0.204230140709 -0.502935661447
v -0.27222355695 0.204333538568 -0.503249191362
v -0.272189387716 0.204447353381 -0.503558762637
v -0.272152132757 0.204571446483 -0.503863998109
v -0.272111837462 0.204705666684 -0.504164525894
v -0.272068550925 0.204849850459 -0.504459979846
v -0.272022325884 0.205003822142 -0.50475
v -0.271973218656 0.205167394142 -0.50503423301
v -0.271921289073 0.205340367172 -0.505312332583
v -0.2718666004 0.20552253049 -0.505583959897
v -0.271809219269 0.20571366216 -0.505848784016
v -0.27174921559 0.205913529315 -0.506106482292
v -0.271686662467 0.206121888449 -0.50635674076
v -0.271621636112 0.206338485709 -0.506599254519
v -0.27155421575 0.206563057204 -0.506833728103
v -0.271484483522 0.206795329328 -0.507059875842
v -0.271412524386 0.207035019094 -0.50727742221
v -0.271338426013 0.207281834476 -0.507486102159
v -0.27126227868 0.207535474768 -0.507685661447
v -0.271184175162 0.207795630948 -0.507875856939
v -0.271104210615 0.208061986056 -0.508056456913
v -0.271022482464 0.208334215579 -0.508227241336
v -0.270939090282 0.208611987848 -0.508388002132
v -0.27085413567 0.20889496444 -0.50853854344
v -0.270767722131 0.209182800592 -0.508678681848
v -0.270679954948 0.209475145619 -0.508808246618
v -0.27059094105 0.209771643343 -0.508927079897
v -0.270500788889 0.21007193253 -0.509035036905
v -0.2704096083 0.210375647321 -0.509131986111
v -0.270317510372 0.210682417688 -0.5092178094
v -0.270224607314 0.210991869878 -0.509292402207
v -0.270131012313 0.211303626871 -0.509355673654
v -0.2700368394 0.21161730884 -0.509407546653
v -0.26994220331 0.211932533611 -0.509447958006
v -0.269847219342 0.212248917131 -0.509476858477
v -0.269752003221 0.212566073936 -0.509494212857
v -0.269656670953 0.212883617619 -0.5095
v -0.269561338684 0.213201161302 -0.509494212857
v -0.272460178792 0.203545371327 -0.5
v -0.272458470971 0.203551059935 -0.500340270093
v -0.272453349588 0.203568118826 -0.500680125619
v -0.272444820882 0.203596527218 -0.501019152517
v -0.272432895246 0.203636250498 -0.501356937734
v -0.272417587208 0.203687240271 -0.501693069732
v -0.272398915419 0.203749434414 -0.502027138985
v -0.272376902627 0.203822757151 -0.502358738482
v -0.272351575653 0.203907119152 -0.502687464219
v -0.272322965352 0.204002417632 -0.503012915695
v -0.272291106581 0.204108536488 -0.503334696397
v -0.272256038157 0.204225346427 -0.503652414286
v -0.272217802805 0.204352705137 -0.50396568227
v -0.272176447107 0.204490457449 -0.504274118681
v -0.272132021451 0.204638435534 -0.504577347737
v -0.272084579961 0.204796459104 -0.504875
v -0.272034180438 0.20496433563 -0.505166712826
v -0.271980884286 0.205141860581 -0.505452130809
v -0.271924756438 0.205328817671 -0.50573090621
v -0.271865865278 0.205524979121 -0.506002699384
v -0.271804282554 0.205730105939 -0.506267179194
v -0.271740083296 0.205943948208 -0.506524023412
v -0.271673345722 0.206166245396 -0.506772919112
v -0.27160415114 0.206396726667 -0.507013563053
v -0.271532583853 0.206635111215 -0.507245662048
v -0.271458731055 0.206881108606 -0.50746893332
v -0.271382682725 0.20713441913 -0.507683104848
v -0.271304531515 0.207394734166 -0.507887915695
v -0.271224372641 0.207661736562 -0.508083116332
v -0.271142303764 0.207935101015 -0.508268468938
v -0.271058424872 0.208214494473 -0.508443747687
v -0.270972838159 0.208499576539 -0.50860873903
v -0.270885647899 0.208789999883 -0.508763241951
v -0.27079696032 0.20908541067 -0.508907068212
v -0.270706883474 0.209385448987 -0.509040042582
v -0.270615527106 0.209689749284 -0.509162003053
v -0.270523002519 0.209997940817 -0.509272801034
v -0.270429422441 0.210309648103 -0.509372301535
v -0.270334900884 0.210624491374 -0.509460383331
v -0.270239553008 0.210942087043 -0.509536939107
v -0.27014349498 0.211262048167 -0.509601875592
v -0.270046843832 0.211583984925 -0.50965511367
v -0.269949717319 0.211907505084 -0.50969658848
v -0.269852233774 0.212232214486 -0.50972624949
v -0.269754511965 0.212557717523 -0.509744060563
v -0.269656670953 0.212883617619 -0.50975
v -0.26955882994 0.213209517714 -0.509744060563
v -0.272532063608 0.203305929115 -0.5
v -0.272530311997 0.203311763584 -0.500348994967
v -0.272525059296 0.203329259883 -0.500697564737
v -0.272516311906 0.203358396694 -0.501045284633
v -0.272504080484 0.203399138521 -0.50139173101
v -0.272488379933 0.203451435724 -0.501736481777
v -0.27246922938 0.203515224588 -0.502079116908
v -0.272446652158 0.203590427396 -0.502419218956
v -0.272420675773 0.203676952524 -0.502756373558
v -0.272391331875 0.203774694556 -0.503090169944
v -0.272358656213 0.203883534407 -0.503420201433
v -0.272322688598 0.204003339474 -0.503746065934
v -0.272283472852 0.204133963791 -0.504067366431
v -0.272241056752 0.204275248214 -0.504383711468
v -0.272195491976 0.204427020609 -0.504694715628
v -0.272146834038 0.204589096065 -0.505
v -0.27209514222 0.204761277117 -0.505299192642
v -0.2720404795 0.204943353991 -0.505591929035
v -0.271982912476 0.205135104852 -0.505877852523
v -0.271922511286 0.205336296083 -0.506156614753
v -0.271859349518 0.205546682562 -0.506427876097
v -0.271793504126 0.205766007967 -0.506691306064
v -0.271725055331 0.205994005082 -0.506946583705
v -0.271654086529 0.20623039613 -0.507193398003
v -0.271580684184 0.206474893102 -0.507431448255
v -0.271504937725 0.206727198119 -0.507660444431
v -0.271426939437 0.206987003784 -0.507880107536
v -0.27134678435 0.207253993565 -0.508090169944
v -0.27126457012 0.207527842176 -0.508290375726
v -0.271180396913 0.207808215974 -0.508480480962
v -0.27109436728 0.208094773367 -0.508660254038
v -0.271006586036 0.208387165229 -0.508829475929
v -0.270917160129 0.208685035326 -0.508987940463
v -0.270826198509 0.208988020748 -0.509135454576
v -0.270733812 0.209295752355 -0.509271838546
v -0.270640113161 0.209607855224 -0.509396926208
v -0.270545216149 0.209923949104 -0.509510565163
v -0.270449236581 0.210243648885 -0.509612616959
v -0.270352291395 0.21056656506 -0.509702957263
v -0.270254498702 0.210892304208 -0.509781476007
v -0.270155977647 0.211220469464 -0.50984807753
v -0.270056848265 0.211550661009 -0.509902680687
v -0.269957231328 0.211882476558 -0.509945218954
v -0.269857248205 0.212215511842 -0.509975640503
v -0.269757020709 0.21254936111 -0.50999390827
v -0.269656670953 0.212883617619 -0.51
v -0.269556321196 0.213217874127 -0.50999390827
v -0.267168578174 0.21126970563 -0.509447958006
v -0.267115145137 0.211595689366 -0.509476858477
v -0.267061581503 0.211922469852 -0.509494212857
v -0.26700795253 0.212249648955 -0.5095
v -0.266954323557 0.212576828057 -0.509494212857
v -0.266900759922 0.212903608543 -0.509476858477
v -0.267172805165 0.211243917648 -0.50969658848
v -0.267117965995 0.211578479904 -0.50972624949
v -0.267062992792 0.211913859875 -0.509744060563
v -0.26700795253 0.212249648955 -0.50975
v -0.266952912268 0.212585438034 -0.509744060563
v -0.266897939064 0.212920818005 -0.50972624949
v -0.267177032155 0.211218129666 -0.509945218954
v -0.267120786853 0.211561270441 -0.509975640503
v -0.26706440408 0.211905249899 -0.50999390827
v -0.26700795253 0.212249648955 -0.51
v -0.266951500979 0.21259404801 -0.50999390827
v -0.266895118206 0.212938027468 -0.509975640503
v -0.264515356733 0.202507492395 -0.5
v -0.264515223222 0.202513277998 -0.500331545219
v -0.264514822852 0.202530627759 -0.500662686501
v -0.264514156111 0.202559520538 -0.500993020401
v -0.264513223811 0.202599921136 -0.501322144459
v -0.264512027088 0.202651780329 -0.501649657688
v -0.2645105674 0.202715034936 -0.501975161063
v -0.264508846525 0.20278960789 -0.502298258008
v -0.26450686656 0.202875408336 -0.50261855488
v -0.264504629918 0.202972331739 -0.502935661447
v -0.264502139322 0.203080260013 -0.503249191362
v -0.264499397809 0.203199061664 -0.503558762637
v -0.264496408717 0.203328591951 -0.503863998109
v -0.264493175689 0.20346869306 -0.504164525894
v -0.264489702663 0.203619194301 -0.504459979846
v -0.264485993872 0.20377991231 -0.50475
v -0.264482053832 0.203950651278 -0.50503423301
v -0.264477887346 0.204131203185 -0.505312332583
v -0.264473499488 0.204321348056 -0.505583959897
v -0.264468895605 0.20452085423 -0.505848784016
v -0.264464081306 0.204729478639 -0.506106482292
v -0.264459062457 0.204946967105 -0.50635674076
v -0.264453845172 0.205173054654 -0.506599254519
v -0.264448435808 0.205407465832 -0.506833728103
v -0.264442840955 0.205649915045 -0.507059875842
v -0.264437067429 0.205900106906 -0.50727742221
v -0.264431122266 0.206157736595 -0.507486102159
v -0.264425012707 0.20642249023 -0.507685661447
v -0.264418746197 0.20669404525 -0.507875856939
v -0.26441233037 0.206972070805 -0.508056456913
v -0.264405773043 0.207256228166 -0.508227241336
v -0.264399082206 0.207546171129 -0.508388002132
v -0.264392266009 0.207841546445 -0.50853854344
v -0.264385332758 0.208141994244 -0.508678681848
v -0.264378290899 0.208447148476 -0.508808246618
v -0.264371149012 0.208756637358 -0.508927079897
v -0.264363915798 0.209070083826 -0.509035036905
v -0.26435660007 0.209387105993 -0.509131986111
v -0.264349210741 0.209707317617 -0.5092178094
v -0.264341756814 0.210030328569 -0.509292402207
v -0.26433424737 0.21035574531 -0.509355673654
v -0.264326691557 0.21068317137 -0.509407546653
v -0.264319098583 0.211012207831 -0.509447958006
v -0.264311477697 0.211342453812 -0.509476858477
v -0.264303838185 0.211673506959 -0.509494212857
v -0.264296189354 0.212004963936 -0.5095
v -0.264288540522 0.212336420913 -0.509494212857
v -0.264521124295 0.202257558934 -0.5
v -0.264520987271 0.20226349679 -0.500340270093
v -0.264520576365 0.202281303123 -0.500680125619
v -0.264519892078 0.202310956238 -0.501019152517
v -0.264518935244 0.202352420009 -0.501356937734
v -0.264517707028 0.202405643918 -0.501693069732
v -0.264516208927 0.20247056312 -0.502027138985
v -0.264514442766 0.20254709852 -0.502358738482
v -0.264512410697 0.202635156873 -0.502687464219
v -0.264510115196 0.202734630892 -0.503012915695
v -0.264507559058 0.202845399384 -0.503334696397
v -0.2645047454 0.202967327394 -0.503652414286
v -0.264501677648 0.203100266372 -0.50396568227
v -0.26449835954 0.203244054353 -0.504274118681
v -0.264494795119 0.203398516153 -0.504577347737
v -0.264490988727 0.203563463583 -0.504875
v -0.264486945003 0.203738695681 -0.505166712826
v -0.264482668872 0.203923998954 -0.505452130809
v -0.264478165544 0.204119147638 -0.50573090621
v -0.264473440506 0.204323903975 -0.506002699384
v -0.264468499516 0.204538018499 -0.506267179194
v -0.264463348592 0.204761230347 -0.506524023412
v -0.26445799401 0.204993267568 -0.506772919112
v -0.264452442294 0.205233847461 -0.507013563053
v -0.264446700207 0.205482676916 -0.507245662048
v -0.264440774747 0.205739452774 -0.50746893332
v -0.264434673132 0.206003862192 -0.507683104848
v -0.264428402795 0.206275583028 -0.507887915695
v -0.264421971377 0.206554284231 -0.508083116332
v -0.264415386712 0.206839626249 -0.508268468938
v -0.264408656824 0.207131261435 -0.508443747687
v -0.264401789912 0.207428834476 -0.50860873903
v -0.264394794342 0.207731982827 -0.508763241951
v -0.264387678637 0.208040337147 -0.508907068212
v -0.264380451466 0.208353521753 -0.509040042582
v -0.264373121635 0.20867115508 -0.509162003053
v -0.264365698073 0.208992850139 -0.509272801034
v -0.264358189826 0.209318214995 -0.509372301535
v -0.264350606041 0.209646853241 -0.509460383331
v -0.264342955958 0.209978364481 -0.509536939107
v -0.264335248896 0.21031234482 -0.509601875592
v -0.264327494247 0.210648387355 -0.50965511367
v -0.264319701457 0.21098608267 -0.50969658848
v -0.264311880022 0.211325019335 -0.50972624949
v -0.26430403947 0.211664784407 -0.509744060563
v -0.264296189354 0.212004963936 -0.50975
v -0.264288339237 0.212345143465 -0.509744060563
v -0.264526891858 0.202007625472 -0.5
v -0.26452675132 0.202013715581 -0.500348994967
v -0.264526329878 0.202031978486 -0.500697564737
v -0.264525628045 0.202062391938 -0.501045284633
v -0.264524646677 0.202104918883 -0.50139173101
v -0.264523386968 0.202159507507 -0.501736481777
v -0.264521850455 0.202226091304 -0.502079116908
v -0.264520039008 0.202304589151 -0.502419218956
v -0.264517954834 0.202394905409 -0.502756373558
v -0.264515600474 0.202496930044 -0.503090169944
v -0.264512978794 0.202610538754 -0.503420201433
v -0.264510092991 0.202735593124 -0.503746065934
v -0.264506946578 0.202871940794 -0.504067366431
v -0.264503543391 0.203019415646 -0.504383711468
v -0.264499887574 0.203177838004 -0.504694715628
v -0.264495983583 0.203347014856 -0.505
v -0.264491836173 0.203526740085 -0.505299192642
v -0.264487450398 0.203716794724 -0.505591929035
v -0.2644828316 0.20391694722 -0.505877852523
v -0.264477985408 0.204126953719 -0.506156614753
v -0.264472917725 0.20434655836 -0.506427876097
v -0.264467634726 0.204575493588 -0.506691306064
v -0.264462142847 0.204813480482 -0.506946583705
v -0.264456448779 0.20506022909 -0.507193398003
v -0.26445055946 0.205315438788 -0.507431448255
v -0.264444482065 0.205578798642 -0.507660444431
v -0.264438223998 0.205849987788 -0.507880107536
v -0.264431792883 0.206128675825 -0.508090169944
v -0.264425196557 0.206414523213 -0.508290375726
v -0.264418443055 0.206707181693 -0.508480480962
v -0.264411540606 0.207006294704 -0.508660254038
v -0.264404497619 0.207311497824 -0.508829475929
v -0.264397322675 0.207622419209 -0.508987940463
v -0.264390024516 0.207938680049 -0.509135454576
v -0.264382612033 0.208259895031 -0.509271838546
v -0.264375094257 0.208585672802 -0.509396926208
v -0.264367480348 0.208915616452 -0.509510565163
v -0.264359779582 0.209249323997 -0.509612616959
v -0.264352001341 0.209586388864 -0.509702957263
v -0.264344155101 0.209926400392 -0.509781476007
v -0.264336250423 0.21026894433 -0.50984807753
v -0.264328296936 0.21061360334 -0.509902680687
v -0.264320304332 0.210959957509 -0.509945218954
v -0.264312282347 0.211307584858 -0.509975640503
v -0.264304240755 0.211656061855 -0.50999390827
v -0.264296189354 0.212004963936 -0.51
v -0.264288137952 0.212353866017 -0.50999390827
v -0.261576143157 0.212124302391 -0.5095
v -0.261621832469 0.212452684361 -0.509494212857
v -0.261576143157 0.212124302391 -0.50975
v -0.261623034819 0.212461325992 -0.509744060563
v -0.261576143157 0.212124302391 -0.51
v -0.261624237169 0.212469967623 -0.50999390827
v -0.255903297993 0.203746334625 -0.5
v -0.255905140834 0.203751820513 -0.500331545219
v -0.255910667114 0.203768271492 -0.500662686501
v -0.255919870098 0.203795667519 -0.500993020401
v -0.255932738575 0.203833975218 -0.501322144459
v -0.255949256866 0.203883147915 -0.501649657688
v -0.255969404846 0.203943125701 -0.501975161063
v -0.255993157968 0.204013835503 -0.502298258008
v -0.256020487293 0.204095191172 -0.50261855488
v -0.256051359523 0.204187093588 -0.502935661447
v -0.256085737047 0.204289430782 -0.503249191362
v -0.256123577979 0.204402078072 -0.503558762637
v -0.256164836218 0.204524898215 -0.503863998109
v -0.256209461495 0.204657741574 -0.504164525894
v -0.256257399443 0.204800446299 -0.504459979846
v -0.256308591655 0.204952838526 -0.50475
v -0.256362975763 0.20511473259 -0.50503423301
v -0.256420485507 0.205285931247 -0.505312332583
v -0.256481050821 0.205466225917 -0.505583959897
v -0.256544597915 0.20565539694 -0.505848784016
v -0.256611049366 0.20585321384 -0.506106482292
v -0.256680324215 0.206059435608 -0.50635674076
v -0.25675233806 0.206273810993 -0.506599254519
v -0.256827003164 0.206496078813 -0.506833728103
v -0.256904228558 0.206725968269 -0.507059875842
v -0.256983920156 0.206963199275 -0.50727742221
v -0.257065980865 0.207207482802 -0.507486102159
v -0.257150310707 0.207458521229 -0.507685661447
v -0.257236806939 0.207716008703 -0.507875856939
v -0.257325364179 0.207979631516 -0.508056456913
v -0.257415874533 0.208249068485 -0.508227241336
v -0.257508227729 0.20852399134 -0.508388002132
v -0.257602311248 0.208804065133 -0.50853854344
v -0.257698010465 0.209088948635 -0.508678681848
v -0.257795208783 0.20937829476 -0.508808246618
v -0.257893787783 0.209671750984 -0.508927079897
v -0.257993627361 0.209968959777 -0.509035036905
v -0.258094605877 0.210269559034 -0.509131986111
v -0.258196600306 0.210573182523 -0.5092178094
v -0.258299486381 0.210879460324 -0.509292402207
v -0.258403138754 0.211188019286 -0.509355673654
v -0.258507431138 0.211498483476 -0.509407546653
v -0.258612236471 0.211810474642 -0.509447958006
v -0.258717427062 0.212123612672 -0.509476858477
v -0.258822874753 0.212437516053 -0.509494212857
v -0.258928451073 0.212751802344 -0.5095
v -0.259034027393 0.213066088635 -0.509494212857
v -0.255823688701 0.203509348632 -0.5
v -0.255825580039 0.203514978885 -0.500340270093
v -0.255831251746 0.203531862785 -0.500680125619
v -0.255840696914 0.203559979761 -0.501019152517
v -0.255853904035 0.203599295557 -0.501356937734
v -0.255870857018 0.203649762272 -0.501693069732
v -0.255891535208 0.203711318421 -0.502027138985
v -0.255915913413 0.203783889007 -0.502358738482
v -0.25594396193 0.203867385615 -0.502687464219
v -0.255975646588 0.203961706515 -0.503012915695
v -0.256010928783 0.204066736793 -0.503334696397
v -0.25604976553 0.204182348486 -0.503652414286
v -0.256092109511 0.204308400738 -0.50396568227
v -0.256137909138 0.204444739975 -0.504274118681
v -0.25618710861 0.204591200087 -0.504577347737
v -0.256239647986 0.204747602636 -0.504875
v -0.256295463255 0.20491375707 -0.505166712826
v -0.256354486413 0.205089460955 -0.505452130809
v -0.256416645551 0.205274500222 -0.50573090621
v -0.256481864937 0.20546864943 -0.506002699384
v -0.256550065111 0.205671672037 -0.506267179194
v -0.256621162982 0.205883320694 -0.506524023412
v -0.256695071928 0.206103337536 -0.506772919112
v -0.256771701903 0.20633145451 -0.507013563053
v -0.256850959545 0.206567393688 -0.507245662048
v -0.25693274829 0.206810867615 -0.50746893332
v -0.257016968491 0.207061579656 -0.507683104848
v -0.257103517539 0.207319224357 -0.507887915695
v -0.257192289988 0.207583487818 -0.508083116332
v -0.257283177682 0.207854048073 -0.508268468938
v -0.257376069887 0.208130575488 -0.508443747687
v -0.25747085343 0.208412733156 -0.50860873903
v -0.257567412832 0.208700177311 -0.508763241951
v -0.257665630449 0.208992557748 -0.508907068212
v -0.257765386618 0.209289518244 -0.509040042582
v -0.257866559802 0.209590697001 -0.509162003053
v -0.257969026737 0.209895727077 -0.509272801034
v -0.258072662583 0.210204236842 -0.509372301535
v -0.258177341075 0.210515850422 -0.509460383331
v -0.258282934679 0.210830188166 -0.509536939107
v -0.258389314745 0.2111468671 -0.509601875592
v -0.258496351666 0.211465501401 -0.50965511367
v -0.258603915034 0.211785702861 -0.50969658848
v -0.258711873799 0.212107081364 -0.50972624949
v -0.258820096429 0.212429245361 -0.509744060563
v -0.258928451073 0.212751802344 -0.50975
v -0.259036805718 0.213074359327 -0.509744060563
v -0.25574407941 0.20327236264 -0.5
v -0.255746019243 0.203278137258 -0.500348994967
v -0.255751836379 0.203295454078 -0.500697564737
v -0.255761523731 0.203324292002 -0.501045284633
v -0.255775069496 0.203364615895 -0.50139173101
v -0.25579245717 0.203416376629 -0.501736481777
v -0.255813665571 0.203479511141 -0.502079116908
v -0.255838668857 0.203553942512 -0.502419218956
v -0.255867436567 0.203639580057 -0.502756373558
v -0.255899933652 0.203736319443 -0.503090169944
v -0.255936120519 0.203844042805 -0.503420201433
v -0.25597595308 0.2039626189 -0.503746065934
v -0.256019382804 0.204091903261 -0.504067366431
v -0.256066356781 0.204231738376 -0.504383711468
v -0.256116817778 0.204381953876 -0.504694715628
v -0.256170704317 0.204542366747 -0.505
v -0.256227950746 0.20471278155 -0.505299192642
v -0.256288487319 0.204892990662 -0.505591929035
v -0.256352240281 0.205082774526 -0.505877852523
v -0.256419131959 0.205281901919 -0.506156614753
v -0.256489080856 0.205490130235 -0.506427876097
v -0.256562001749 0.205707205779 -0.506691306064
v -0.256637805797 0.20593286408 -0.506946583705
v -0.256716400642 0.206166830206 -0.507193398003
v -0.256797690531 0.206408819107 -0.507431448255
v -0.256881576423 0.206658535955 -0.507660444431
v -0.256967956117 0.20691567651 -0.507880107536
v -0.257056724372 0.207179927486 -0.508090169944
v -0.257147773037 0.207450966933 -0.508290375726
v -0.257240991184 0.207728464631 -0.508480480962
v -0.257336265242 0.208012082492 -0.508660254038
v -0.257433479132 0.208301474972 -0.508829475929
v -0.257532514415 0.20859628949 -0.508987940463
v -0.257633250433 0.208896166861 -0.509135454576
v -0.257735564452 0.209200741729 -0.509271838546
v -0.257839331821 0.209509643018 -0.509396926208
v -0.257944426113 0.209822494378 -0.509510565163
v -0.258050719288 0.210138914649 -0.509612616959
v -0.258158081844 0.210458518322 -0.509702957263
v -0.258266382977 0.210780916007 -0.509781476007
v -0.258375490737 0.211105714914 -0.50984807753
v -0.258485272194 0.211432519325 -0.509902680687
v -0.258595593597 0.211760931079 -0.509945218954
v -0.258706320535 0.212090550057 -0.509975640503
v -0.258817318105 0.212420974669 -0.50999390827
v -0.258928451073 0.212751802344 -0.51
v -0.259039584042 0.213082630019 -0.50999390827
v -0.253848618175 0.209212477156 -0.507875856939
v -0.253984331856 0.209455213988 -0.508056456913
v -0.254123038678 0.209703304338 -0.508227241336
v -0.254264569648 0.209956445946 -0.508388002132
v -0.254408752333 0.210214330399 -0.50853854344
v -0.254555411069 0.210476643503 -0.508678681848
v -0.254704367175 0.210743065672 -0.508808246618
v -0.254855439169 0.21101327231 -0.508927079897
v -0.255008442995 0.211286934212 -0.509035036905
v -0.255163192241 0.211563717964 -0.509131986111
v -0.255319498369 0.211843286347 -0.5092178094
v -0.255477170943 0.21212529875 -0.509292402207
v -0.255636017865 0.212409411585 -0.509355673654
v -0.255795845603 0.212695278703 -0.509407546653
v -0.255956459431 0.212982551819 -0.509447958006
v -0.256117663668 0.213270880936 -0.509476858477
v -0.25627926191 0.21355991477 -0.509494212857
v -0.256441057275 0.213849301176 -0.5095
v -0.25660285264 0.214138687582 -0.509494212857
v -0.253780396094 0.209090455472 -0.508083116332
v -0.253919681187 0.209339580114 -0.508268468938
v -0.254062038188 0.209594199158 -0.508443747687
v -0.254207293658 0.209854002387 -0.50860873903
v -0.254355270624 0.210118673273 -0.508763241951
v -0.254505788801 0.210387889354 -0.508907068212
v -0.254658664803 0.210661322632 -0.509040042582
v -0.254813712377 0.210938639971 -0.509162003053
v -0.254970742619 0.211219503503 -0.509272801034
v -0.255129564214 0.211503571038 -0.509372301535
v -0.255289983661 0.211790496483 -0.509460383331
v -0.255451805513 0.212079930265 -0.509536939107
v -0.255614832617 0.212371519753 -0.509601875592
v -0.255778866348 0.21266490969 -0.50965511367
v -0.255943706857 0.212959742626 -0.50969658848
v -0.25610915331 0.213255659351 -0.50972624949
v -0.256275004138 0.213552299338 -0.509744060563
v -0.256441057275 0.213849301176 -0.50975
v -0.256607110413 0.214146303013 -0.509744060563
v -0.253855030518 0.209223946241 -0.508480480962
v -0.254001037699 0.209485093978 -0.508660254038
v -0.254150017668 0.209751558829 -0.508829475929
v -0.254301788915 0.210023016147 -0.508987940463
v -0.254456166532 0.210299135205 -0.509135454576
v -0.254612962432 0.210579579593 -0.509271838546
v -0.254771985585 0.210864007633 -0.509396926208
v -0.254933042244 0.211152072793 -0.509510565163
v -0.255095936187 0.211443424111 -0.509612616959
v -0.255260468953 0.211737706619 -0.509702957263
v -0.255426440084 0.21203456178 -0.509781476007
v -0.255593647369 0.212333627922 -0.50984807753
v -0.255761887093 0.212634540678 -0.509902680687
v -0.255930954282 0.212936933432 -0.509945218954
v -0.256100642952 0.213240437766 -0.509975640503
v -0.256270746365 0.213544683906 -0.50999390827
v -0.256441057275 0.213849301176 -0.51
v -0.256611368185 0.214153918445 -0.50999390827
v -0.252936265471 0.21387771896 -0.509292402207
v -0.253144659348 0.214127767834 -0.509355673654
v -0.253354339973 0.21437936066 -0.509407546653
v -0.253565051884 0.214632190912 -0.509447958006
v -0.253776538361 0.214885950554 -0.509476858477
v -0.253988541739 0.215140330419 -0.509494212857
v -0.254200803727 0.215395020586 -0.5095
v -0.254413065714 0.215649710752 -0.509494212857
v -0.252902988149 0.213837789969 -0.509536939107
v -0.253116866074 0.214094419077 -0.509601875592
v -0.253332064611 0.214352632767 -0.50965511367
v -0.253548321572 0.214612116447 -0.50969658848
v -0.253765373483 0.214872553974 -0.50972624949
v -0.253982955898 0.215133628047 -0.509744060563
v -0.254200803727 0.215395020586 -0.50975
v -0.254418651556 0.215656413125 -0.509744060563
v -0.252869710826 0.213797860979 -0.509781476007
v -0.253089072801 0.21406107032 -0.50984807753
v -0.253309789249 0.214325904875 -0.509902680687
v -0.253531591261 0.214592041982 -0.509945218954
v -0.253754208605 0.214859157394 -0.509975640503
v -0.253977370056 0.215126925674 -0.50999390827
v -0.254200803727 0.215395020586 -0.51
v -0.254424237397 0.215663115498 -0.50999390827
v -0.245077345933 0.211121662076 -0.5
v -0.245081731703 0.211125437794 -0.500331545219
v -0.24509488367 0.211136760349 -0.500662686501
v -0.245116785811 0.211155615944 -0.500993020401
v -0.245147411441 0.211181981609 -0.501322144459
v -0.245186723247 0.211215825219 -0.501649657688
v -0.245234673334 0.211257105543 -0.501975161063
v -0.245291203282 0.211305772286 -0.502298258008
v -0.245356244218 0.211361766155 -0.50261855488
v -0.2454297169 0.211425018931 -0.502935661447
v -0.245511531813 0.211495453549 -0.503249191362
v -0.245601589278 0.211572984196 -0.503558762637
v -0.245699779573 0.211657516413 -0.503863998109
v -0.24580598307 0.211748947211 -0.504164525894
v -0.245920070374 0.211847165194 -0.504459979846
v -0.246041902489 0.2119520507 -0.50475
v -0.246171330981 0.212063475941 -0.50503423301
v -0.246308198161 0.212181305164 -0.505312332583
v -0.246452337278 0.212305394811 -0.505583959897
v -0.24660357272 0.212435593699 -0.505848784016
v -0.24676172023 0.212571743199 -0.506106482292
v -0.24692658713 0.212713677435 -0.50635674076
v -0.247097972554 0.212861223482 -0.506599254519
v -0.247275667697 0.213014201578 -0.506833728103
v -0.247459456064 0.213172425342 -0.507059875842
v -0.247649113737 0.213335702003 -0.50727742221
v -0.247844409647 0.213503832634 -0.507486102159
v -0.248045105857 0.213676612393 -0.507685661447
v -0.24825095785 0.213853830775 -0.507875856939
v -0.248461714825 0.214035271867 -0.508056456913
v -0.248677120008 0.21422071461 -0.508227241336
v -0.248896910962 0.214409933071 -0.508388002132
v -0.249120819904 0.214602696717 -0.50853854344
v -0.249348574037 0.214798770695 -0.508678681848
v -0.249579895877 0.214997916119 -0.508808246618
v -0.249814503593 0.21519989036 -0.508927079897
v -0.250052111353 0.215404447345 -0.509035036905
v -0.250292429668 0.215611337852 -0.509131986111
v -0.250535165748 0.215820309817 -0.5092178094
v -0.250780023855 0.216031108639 -0.509292402207
v -0.251026705667 0.216243477494 -0.509355673654
v -0.251274910642 0.216457157641 -0.509407546653
v -0.251524336379 0.216671888746 -0.509447958006
v -0.251774678992 0.21688740919 -0.509476858477
v -0.252025633477 0.217103456396 -0.509494212857
v -0.252276894084 0.217319767144 -0.5095
v -0.252528154691 0.217536077891 -0.509494212857
v -0.244887884139 0.210958554048 -0.5
v -0.244892385325 0.210962429127 -0.500340270093
v -0.244905883396 0.210974049644 -0.500680125619
v -0.244928361909 0.210993401439 -0.501019152517
v -0.244959793476 0.211020460937 -0.501356937734
v -0.245000139803 0.211055195169 -0.501693069732
v -0.245049351735 0.211097561817 -0.502027138985
v -0.245107369313 0.211147509263 -0.502358738482
v -0.245174121853 0.211204976655 -0.502687464219
v -0.245249528027 0.211269893978 -0.503012915695
v -0.245333495964 0.211342182139 -0.503334696397
v -0.245425923362 0.211421753066 -0.503652414286
v -0.245526697613 0.211508509815 -0.50396568227
v -0.245635695938 0.211602346686 -0.504274118681
v -0.24575278554 0.211703149353 -0.504577347737
v -0.245877823763 0.211810795004 -0.504875
v -0.246010658268 0.211925152489 -0.505166712826
v -0.246151127216 0.21204608248 -0.505452130809
v -0.246299059467 0.212173437645 -0.50573090621
v -0.246454274789 0.212307062818 -0.506002699384
v -0.246616584076 0.2124467952 -0.506267179194
v -0.246785789578 0.212592464548 -0.506524023412
v -0.246961685146 0.212743893386 -0.506772919112
v -0.247144056477 0.212900897221 -0.507013563053
v -0.247332681379 0.213063284768 -0.507245662048
v -0.247527330044 0.213230858183 -0.50746893332
v -0.24772776532 0.213403413304 -0.507683104848
v -0.247933743009 0.213580739899 -0.507887915695
v -0.248145012159 0.213762621923 -0.508083116332
v -0.248361315371 0.21394883778 -0.508268468938
v -0.248582389112 0.214139160596 -0.508443747687
v -0.248807964038 0.21433335849 -0.50860873903
v -0.249037765321 0.214531194864 -0.508763241951
v -0.249271512983 0.214732428683 -0.508907068212
v -0.24950892224 0.214936814776 -0.509040042582
v -0.249749703844 0.215144104129 -0.509162003053
v -0.249993564439 0.215354044192 -0.509272801034
v -0.250240206921 0.215566379186 -0.509372301535
v -0.250489330791 0.215780850413 -0.509460383331
v -0.250740632533 0.215997196573 -0.509536939107
v -0.250993805972 0.216215154082 -0.509601875592
v -0.251248542657 0.216434457391 -0.50965511367
v -0.251504532229 0.216654839314 -0.50969658848
v -0.251761462806 0.216876031349 -0.50972624949
v -0.252019021356 0.217097764008 -0.509744060563
v -0.252276894084 0.217319767144 -0.50975
v -0.252534766812 0.217541770279 -0.509744060563
v -0.244698422346 0.21079544602 -0.5
v -0.244703038946 0.21079942046 -0.500348994967
v -0.244716883122 0.210811338938 -0.500697564737
v -0.244739938007 0.210831186934 -0.501045284633
v -0.244772175512 0.210858940265 -0.50139173101
v -0.24481355636 0.210894565118 -0.501736481777
v -0.244864030136 0.21093801809 -0.502079116908
v -0.244923535345 0.210989246241 -0.502419218956
v -0.244991999488 0.211048187156 -0.502756373558
v -0.245069339154 0.211114769025 -0.503090169944
v -0.245155460115 0.211188910728 -0.503420201433
v -0.245250257446 0.211270521936 -0.503746065934
v -0.245353615652 0.211359503217 -0.504067366431
v -0.245465408806 0.211455746162 -0.504383711468
v -0.245585500705 0.211559133513 -0.504694715628
v -0.245713745037 0.211669539308 -0.505
v -0.245849985555 0.211786829036 -0.505299192642
v -0.245994056271 0.211910859797 -0.505591929035
v -0.246145781656 0.212041480478 -0.505877852523
v -0.246304976858 0.212178531938 -0.506156614753
v -0.246471447922 0.212321847202 -0.506427876097
v -0.246644992027 0.212471251661 -0.506691306064
v -0.246825397737 0.212626563289 -0.506946583705
v -0.247012445256 0.212787592864 -0.507193398003
v -0.247205906695 0.212954144194 -0.507431448255
v -0.24740554635 0.213126014364 -0.507660444431
v -0.247611120993 0.213302993975 -0.507880107536
v -0.247822380161 0.213484867406 -0.508090169944
v -0.248039066469 0.213671413071 -0.508290375726
v -0.248260915916 0.213862403694 -0.508480480962
v -0.248487658215 0.214057606582 -0.508660254038
v -0.248719017113 0.21425678391 -0.508829475929
v -0.248954710737 0.214459693011 -0.508987940463
v -0.249194451929 0.214666086671 -0.509135454576
v -0.249437948603 0.214875713433 -0.509271838546
v -0.249684904094 0.215088317898 -0.509396926208
v -0.249935017525 0.21530364104 -0.509510565163
v -0.250187984173 0.215521420521 -0.509612616959
v -0.250443495835 0.21574139101 -0.509702957263
v -0.250701241211 0.215963284507 -0.509781476007
v -0.250960906277 0.21618683067 -0.50984807753
v -0.251222174671 0.216411757141 -0.509902680687
v -0.251484728079 0.216637789883 -0.509945218954
v -0.251748246619 0.216864653508 -0.509975640503
v -0.252012409234 0.21709207162 -0.50999390827
v -0.252276894084 0.217319767144 -0.51
v -0.252541378933 0.217547462667 -0.50999390827
v -0.247649501891 0.217609771181 -0.508808246618
v -0.247911311359 0.21777496857 -0.508927079897
v -0.248176468713 0.217942278418 -0.509035036905
v -0.248444650899 0.218111496885 -0.509131986111
v -0.248715531179 0.218282417803 -0.5092178094
v -0.248988779526 0.218454832933 -0.509292402207
v -0.24926406303 0.218628532212 -0.509355673654
v -0.249541046299 0.218803304015 -0.509407546653
v -0.249819391874 0.21897893541 -0.509447958006
v -0.250098760632 0.219155212416 -0.509476858477
v -0.250378812205 0.219331920267 -0.509494212857
v -0.250659205395 0.219508843673 -0.5095
v -0.250939598584 0.219685767078 -0.509494212857
v -0.247838998358 0.217729340277 -0.509162003053
v -0.248111133537 0.217901053016 -0.509272801034
v -0.248386373149 0.218074724601 -0.509372301535
v -0.248664381857 0.218250143438 -0.509460383331
v -0.24894482095 0.218427095808 -0.509536939107
v -0.249227348757 0.218605366121 -0.509601875592
v -0.24951162106 0.218784737182 -0.50965511367
v -0.249797291518 0.218964990456 -0.50969658848
v -0.250084012085 0.21914590633 -0.50972624949
v -0.250371433437 0.219327264388 -0.509744060563
v -0.250659205395 0.219508843673 -0.50975
v -0.250946977352 0.219690422957 -0.509744060563
v -0.247766685357 0.217683711985 -0.509396926208
v -0.248045798361 0.217859827615 -0.509510565163
v -0.248328095399 0.218037952317 -0.509612616959
v -0.248613232536 0.218217869073 -0.509702957263
v -0.248900862375 0.218399358683 -0.509781476007
v -0.249190634484 0.21858220003 -0.50984807753
v -0.249482195821 0.218766170349 -0.509902680687
v -0.249775191162 0.218951045501 -0.509945218954
v -0.250069263539 0.219136600245 -0.509975640503
v -0.250364054669 0.219322608509 -0.50999390827
v -0.250659205395 0.219508843673 -0.51
v -0.25095435612 0.219695078836 -0.50999390827
v -0.240725331129 0.217992672506 -0.5
v -0.240730602649 0.217995060415 -0.500331545219
v -0.240746410785 0.218002221232 -0.500662686501
v -0.240772736279 0.218014146232 -0.500993020401
v -0.240809547057 0.218030820886 -0.501322144459
v -0.240856798269 0.218052224881 -0.501649657688
v -0.240914432349 0.218078332136 -0.501975161063
v -0.240982379078 0.218109110846 -0.502298258008
v -0.241060555672 0.218144523512 -0.50261855488
v -0.241148866887 0.218184526987 -0.502935661447
v -0.241247205128 0.218229072534 -0.503249191362
v -0.241355450585 0.218278105881 -0.503558762637
v -0.241473471379 0.218331567289 -0.503863998109
v -0.241601123718 0.218389391624 -0.504164525894
v -0.241738252078 0.218451508434 -0.504459979846
v -0.24188468939 0.21851784204 -0.50475
v -0.242040257242 0.218588311626 -0.50503423301
v -0.242204766098 0.218662831334 -0.505312332583
v -0.24237801553 0.218741310374 -0.505583959897
v -0.24255979446 0.218823653132 -0.505848784016
v -0.242749881419 0.218909759284 -0.506106482292
v -0.242948044814 0.218999523925 -0.50635674076
v -0.243154043215 0.21909283769 -0.506599254519
v -0.243367625643 0.21918958689 -0.506833728103
v -0.243588531883 0.219289653652 -0.507059875842
v -0.243816492792 0.219392916059 -0.50727742221
v -0.244051230637 0.219499248302 -0.507486102159
v -0.244292459425 0.219608520832 -0.507685661447
v -0.244539885256 0.219720600516 -0.507875856939
v -0.24479320668 0.219835350804 -0.508056456913
v -0.245052115063 0.21995263189 -0.508227241336
v -0.245316294967 0.220072300884 -0.508388002132
v -0.245585424527 0.220194211988 -0.50853854344
v -0.245859175852 0.220318216673 -0.508678681848
v -0.246137215418 0.220444163857 -0.508808246618
v -0.246419204475 0.220571900094 -0.508927079897
v -0.246704799465 0.220701269757 -0.509035036905
v -0.246993652432 0.220832115229 -0.509131986111
v -0.247285411455 0.220964277094 -0.5092178094
v -0.247579721071 0.221097594334 -0.509292402207
v -0.247876222707 0.221231904522 -0.509355673654
v -0.248174555123 0.221367044023 -0.509407546653
v -0.248474354847 0.221502848188 -0.509447958006
v -0.248775256618 0.221639151562 -0.509476858477
v -0.249076893835 0.221775788081 -0.509494212857
v -0.249378898998 0.221912591273 -0.5095
v -0.249680904161 0.222049394465 -0.509494212857
v -0.240497605659 0.217889516749 -0.5
v -0.240503015903 0.217891967498 -0.500340270093
v -0.240519240043 0.217899316757 -0.500680125619
v -0.240546258313 0.217911555573 -0.501019152517
v -0.240584037795 0.217928669034 -0.501356937734
v -0.240632532461 0.217950636291 -0.501693069732
v -0.240691683227 0.21797743058 -0.502027138985
v -0.240761418027 0.218009019256 -0.502358738482
v -0.240841651901 0.218045363834 -0.502687464219
v -0.240932287095 0.218086420032 -0.503012915695
v -0.241033213184 0.21813213783 -0.503334696397
v -0.241144307206 0.218182461529 -0.503652414286
v -0.24126543381 0.218237329816 -0.50396568227
v -0.241396445421 0.218296675843 -0.504274118681
v -0.241537182423 0.218360427306 -0.504577347737
v -0.241687473348 0.218428506534 -0.504875
v -0.24184713509 0.218500830583 -0.505166712826
v -0.242015973127 0.218577311336 -0.505452130809
v -0.242193781754 0.218657855614 -0.50573090621
v -0.242380344341 0.218742365286 -0.506002699384
v -0.242575433588 0.21883073739 -0.506267179194
v -0.242778811809 0.218922864258 -0.506524023412
v -0.242990231221 0.219018633648 -0.506772919112
v -0.243209434239 0.21911792888 -0.507013563053
v -0.243436153801 0.219220628978 -0.507245662048
v -0.243670113682 0.219326608816 -0.50746893332
v -0.243911028838 0.219435739276 -0.507683104848
v -0.244158605752 0.219547887399 -0.507887915695
v -0.244412542789 0.219662916549 -0.508083116332
v -0.244672530566 0.219780686581 -0.508268468938
v -0.244938252328 0.219901054011 -0.508443747687
v -0.245209384334 0.220023872189 -0.50860873903
v -0.245485596252 0.22014899148 -0.508763241951
v -0.245766551559 0.220276259446 -0.508907068212
v -0.246051907955 0.220405521031 -0.509040042582
v -0.246341317777 0.220536618748 -0.509162003053
v -0.246634428424 0.220669392875 -0.509272801034
v -0.246930882786 0.220803681649 -0.509372301535
v -0.247230319678 0.220939321458 -0.509460383331
v -0.247532374283 0.221076147046 -0.509536939107
v -0.247836678594 0.221213991713 -0.509601875592
v -0.248142861863 0.221352687516 -0.50965511367
v -0.248450551053 0.221492065475 -0.50969658848
v -0.248759371292 0.22163195578 -0.50972624949
v -0.24906894633 0.221772187997 -0.509744060563
v -0.249378898998 0.221912591273 -0.50975
v -0.249688851666 0.222052994549 -0.509744060563
v -0.240269880188 0.217786360992 -0.5
v -0.240275429157 0.21778887458 -0.500348994967
v -0.2402920693 0.217796412282 -0.500697564737
v -0.240319780347 0.217808964914 -0.501045284633
v -0.240358528533 0.217826517182 -0.50139173101
v -0.240408266652 0.217849047702 -0.501736481777
v -0.240468934104 0.217876529024 -0.502079116908
v -0.240540456977 0.217908927666 -0.502419218956
v -0.240622748129 0.217946204156 -0.502756373558
v -0.240715707302 0.217988313077 -0.503090169944
v -0.24081922124 0.218035203127 -0.503420201433
v -0.240933163827 0.218086817177 -0.503746065934
v -0.241057396241 0.218143092343 -0.504067366431
v -0.241191767124 0.218203960063 -0.504383711468
v -0.241336112767 0.218269346179 -0.504694715628
v -0.241490257305 0.218339171028 -0.505
v -0.241654012939 0.218413349539 -0.505299192642
v -0.241827180156 0.218491791337 -0.505591929035
v -0.242009547979 0.218574400853 -0.505877852523
v -0.242200894221 0.21866107744 -0.506156614753
v -0.242400985757 0.218751715495 -0.506427876097
v -0.242609578805 0.218846204591 -0.506691306064
v -0.242826419226 0.218944429607 -0.506946583705
v -0.243051242835 0.21904627087 -0.507193398003
v -0.243283775719 0.219151604303 -0.507431448255
v -0.243523734571 0.219260301574 -0.507660444431
v -0.243770827039 0.219372230251 -0.507880107536
v -0.244024752079 0.219487253966 -0.508090169944
v -0.244285200322 0.219605232582 -0.508290375726
v -0.244551854453 0.219726022359 -0.508480480962
v -0.244824389593 0.219849476133 -0.508660254038
v -0.245102473702 0.219975443495 -0.508829475929
v -0.245385767976 0.220103770973 -0.508987940463
v -0.245673927266 0.22023430222 -0.509135454576
v -0.245966600492 0.220366878204 -0.509271838546
v -0.246263431079 0.220501337401 -0.509396926208
v -0.246564057384 0.220637515993 -0.509510565163
v -0.246868113139 0.220775248069 -0.509612616959
v -0.247175227901 0.220914365822 -0.509702957263
v -0.247485027496 0.221054699758 -0.509781476007
v -0.247797134481 0.221196078904 -0.50984807753
v -0.248111168604 0.221338331009 -0.509902680687
v -0.24842674726 0.221481282762 -0.509945218954
v -0.248743485967 0.221624759999 -0.509975640503
v -0.249060998826 0.221768587913 -0.50999390827
v -0.249378898998 0.221912591273 -0.51
v -0.24969679917 0.222056594633 -0.50999390827
v -0.239332726252 0.221678794077 -0.5
v -0.239338259942 0.221680487976 -0.500331545219
v -0.239354854273 0.221685567609 -0.500662686501
v -0.239382489026 0.221694026786 -0.500993020401
v -0.239421130533 0.221705855202 -0.501322144459
v -0.239470731714 0.221721038445 -0.501649657688
v -0.239531232139 0.221739558018 -0.501975161063
v -0.239602558096 0.221761391357 -0.502298258008
v -0.239684622687 0.221786511861 -0.50261855488
v -0.239777325928 0.221814888925 -0.502935661447
v -0.239880554875 0.221846487976 -0.503249191362
v -0.239994183758 0.221881270515 -0.503558762637
v -0.24011807414 0.221919194165 -0.503863998109
v -0.240252075077 0.221960212722 -0.504164525894
v -0.240396023312 0.222004276211 -0.504459979846
v -0.240549743465 0.222051330948 -0.50475
v -0.240713048251 0.222101319603 -0.50503423301
v -0.24088573871 0.222154181274 -0.505312332583
v -0.241067604444 0.222209851555 -0.505583959897
v -0.241258423878 0.222268262623 -0.505848784016
v -0.241457964527 0.222329343311 -0.506106482292
v -0.241665983283 0.222393019203 -0.50635674076
v -0.241882226707 0.222459212719 -0.506599254519
v -0.242106431339 0.222527843212 -0.506833728103
v -0.24233832402 0.222598827068 -0.507059875842
v -0.242577622225 0.222672077802 -0.50727742221
v -0.242824034406 0.22274750617 -0.507486102159
v -0.243077260347 0.222825020275 -0.507685661447
v -0.243336991533 0.222904525677 -0.507875856939
v -0.243602911519 0.222985925511 -0.508056456913
v -0.243874696325 0.223069120605 -0.508227241336
v -0.244152014821 0.223154009597 -0.508388002132
v -0.244434529139 0.223240489064 -0.50853854344
v -0.244721895077 0.223328453643 -0.508678681848
v -0.245013762525 0.223417796164 -0.508808246618
v -0.245309775887 0.223508407776 -0.508927079897
v -0.245609574517 0.223600178083 -0.509035036905
v -0.245912793156 0.223692995277 -0.509131986111
v -0.246219062378 0.223786746274 -0.5092178094
v -0.246528009043 0.223881316854 -0.509292402207
v -0.246839256746 0.223976591797 -0.509355673654
v -0.247152426279 0.224072455024 -0.509407546653
v -0.247467136094 0.224168789742 -0.509447958006
v -0.247783002766 0.22426547858 -0.509476858477
v -0.248099641459 0.22436240374 -0.509494212857
v -0.248416666398 0.224459447132 -0.5095
v -0.248733691337 0.224556490524 -0.509494212857
v -0.239093675195 0.221605618997 -0.5
v -0.239099354509 0.221607357472 -0.500340270093
v -0.239116385533 0.221612570779 -0.500680125619
v -0.239144747516 0.221621252566 -0.501019152517
v -0.239184405905 0.221633392256 -0.501356937734
v -0.23923531238 0.221648975059 -0.501693069732
v -0.239297404921 0.221667981989 -0.502027138985
v -0.239370607878 0.221690389889 -0.502358738482
v -0.239454832063 0.221716171459 -0.502687464219
v -0.239549974863 0.221745295288 -0.503012915695
v -0.239655920361 0.221777725893 -0.503334696397
v -0.239772539478 0.221813423762 -0.503652414286
v -0.239899690133 0.221852345402 -0.50396568227
v -0.240037217411 0.221894443395 -0.504274118681
v -0.240184953757 0.22193966645 -0.504577347737
v -0.240342719177 0.221987959469 -0.504875
v -0.240510321458 0.222039263615 -0.505166712826
v -0.240687556402 0.222093516383 -0.505452130809
v -0.240874208076 0.222150651672 -0.50573090621
v -0.241070049074 0.222210599873 -0.506002699384
v -0.241274840794 0.222273287948 -0.506267179194
v -0.241488333728 0.222338639521 -0.506524023412
v -0.241710267768 0.222406574971 -0.506772919112
v -0.241940372521 0.22247701153 -0.507013563053
v -0.242178367641 0.222549863382 -0.507245662048
v -0.242423963168 0.222625041767 -0.50746893332
v -0.24267685988 0.222702455092 -0.507683104848
v -0.242936749662 0.222782009042 -0.507887915695
v -0.243203315878 0.222863606691 -0.508083116332
v -0.243476233759 0.222947148627 -0.508268468938
v -0.243755170797 0.223032533065 -0.508443747687
v -0.244039787148 0.223119655978 -0.50860873903
v -0.244329736053 0.22320841122 -0.508763241951
v -0.244624664253 0.223298690657 -0.508907068212
v -0.244924212423 0.223390384296 -0.509040042582
v -0.245228015611 0.223483380424 -0.509162003053
v -0.245535703678 0.223577565739 -0.509272801034
v -0.245846901755 0.223672825491 -0.509372301535
v -0.246161230694 0.22376904362 -0.509460383331
v -0.246478307534 0.223866102899 -0.509536939107
v -0.246797745965 0.223963885077 -0.509601875592
v -0.247119156802 0.224062271021 -0.50965511367
v -0.247442148455 0.224161140863 -0.50969658848
v -0.247766327407 0.224260374145 -0.50972624949
v -0.248091298698 0.224359849967 -0.509744060563
v -0.248416666398 0.224459447132 -0.50975
v -0.248742034099 0.224559044298 -0.509744060563
v -0.238854624139 0.221532443917 -0.5
v -0.238860449076 0.221534226968 -0.500348994967
v -0.238877916793 0.221539573949 -0.500697564737
v -0.238907006007 0.221548478347 -0.501045284633
v -0.238947681277 0.221560929311 -0.50139173101
v -0.238999893046 0.221576911672 -0.501736481777
v -0.239063577704 0.22159640596 -0.502079116908
v -0.239138657659 0.221619388421 -0.502419218956
v -0.239225041439 0.221645831057 -0.502756373558
v -0.239322623798 0.221675701651 -0.503090169944
v -0.239431285847 0.22170896381 -0.503420201433
v -0.239550895198 0.221745577009 -0.503746065934
v -0.239681306126 0.22178549664 -0.504067366431
v -0.239822359745 0.221828674069 -0.504383711468
v -0.239973884202 0.221875056689 -0.504694715628
v -0.240135694889 0.221924587991 -0.505
v -0.240307594665 0.221977207628 -0.505299192642
v -0.240489374095 0.222032851492 -0.505591929035
v -0.240680811709 0.222091451788 -0.505877852523
v -0.240881674271 0.222152937123 -0.506156614753
v -0.24109171706 0.222217232584 -0.506427876097
v -0.241310684172 0.222284259838 -0.506691306064
v -0.241538308828 0.222353937224 -0.506946583705
v -0.241774313704 0.222426179848 -0.507193398003
v -0.242018411263 0.222500899696 -0.507431448255
v -0.24227030411 0.222578005732 -0.507660444431
v -0.242529685354 0.222657404014 -0.507880107536
v -0.242796238976 0.222738997809 -0.508090169944
v -0.243069640224 0.222822687706 -0.508290375726
v -0.243349555999 0.222908371742 -0.508480480962
v -0.243635645268 0.222995945524 -0.508660254038
v -0.243927559475 0.223085302358 -0.508829475929
v -0.244224942967 0.223176333376 -0.508987940463
v -0.244527433429 0.22326892767 -0.509135454576
v -0.244834662321 0.223362972429 -0.509271838546
v -0.245146255334 0.223458353073 -0.509396926208
v -0.245461832839 0.223554953396 -0.509510565163
v -0.245781010354 0.223652655705 -0.509612616959
v -0.246103399009 0.223751340966 -0.509702957263
v -0.246428606024 0.223850888945 -0.509781476007
v -0.246756235185 0.223951178358 -0.50984807753
v -0.247085887325 0.224052087018 -0.509902680687
v -0.247417160815 0.224153491984 -0.509945218954
v -0.247749652048 0.224255269709 -0.509975640503
v -0.248082955936 0.224357296193 -0.50999390827
v -0.248416666398 0.224459447132 -0.51
v -0.248750376861 0.224561598071 -0.50999390827
v -0.242017344785 0.226157382435 -0.507486102159
v -0.242278637441 0.226200486516 -0.507685661447
v -0.242546642571 0.22624469792 -0.507875856939
v -0.242821033651 0.22628996278 -0.508056456913
v -0.243101476378 0.226336225948 -0.508227241336
v -0.243387629077 0.226383431061 -0.508388002132
v -0.243679143113 0.226431520606 -0.50853854344
v -0.243975663323 0.226480435993 -0.508678681848
v -0.244276828441 0.226530117626 -0.508808246618
v -0.244582271545 0.226580504976 -0.508927079897
v -0.244891620499 0.226631536653 -0.509035036905
v -0.24520449841 0.226683150484 -0.509131986111
v -0.245520524083 0.226735283585 -0.5092178094
v -0.24583931249 0.22678787244 -0.509292402207
v -0.246160475236 0.226840852977 -0.509355673654
v -0.246483621035 0.226894160648 -0.509407546653
v -0.246808356183 0.226947730505 -0.509447958006
v -0.247134285039 0.227001497282 -0.509476858477
v -0.24746101051 0.227055395473 -0.509494212857
v -0.247788134532 0.227109359411 -0.5095
v -0.248115258553 0.227163323348 -0.509494212857
v -0.241865481897 0.226132330409 -0.507683104848
v -0.242133650676 0.226176568809 -0.507887915695
v -0.242408708572 0.22622194367 -0.508083116332
v -0.24269032047 0.226268399711 -0.508268468938
v -0.242978143269 0.226315880331 -0.508443747687
v -0.243271826301 0.226364327684 -0.50860873903
v -0.24357101176 0.226413682742 -0.508763241951
v -0.243875335133 0.226463885376 -0.508907068212
v -0.244184425649 0.226514874421 -0.509040042582
v -0.24449790673 0.226566587754 -0.509162003053
v -0.244815396446 0.22661896237 -0.509272801034
v -0.245136507985 0.22667193446 -0.509372301535
v -0.245460850124 0.226725439484 -0.509460383331
v -0.245788027699 0.226779412256 -0.509536939107
v -0.246117642097 0.226833787018 -0.509601875592
v -0.246449291733 0.226888497522 -0.50965511367
v -0.246782572542 0.226943477113 -0.50969658848
v -0.247117078473 0.226998658805 -0.50972624949
v -0.247452401983 0.22705397537 -0.509744060563
v -0.247788134532 0.227109359411 -0.50975
v -0.24812386708 0.227164743452 -0.509744060563
v -0.24198866391 0.226152651101 -0.508090169944
v -0.242270774573 0.22619918942 -0.508290375726
v -0.242559607289 0.226246836641 -0.508480480962
v -0.24285481016 0.226295534714 -0.508660254038
v -0.243156023526 0.226345224306 -0.508829475929
v -0.243462880407 0.226395844879 -0.508987940463
v -0.243775006943 0.22644733476 -0.509135454576
v -0.244092022857 0.226499631216 -0.509271838546
v -0.244413541914 0.226552670532 -0.509396926208
v -0.244739172392 0.226606388087 -0.509510565163
v -0.245068517561 0.226660718435 -0.509612616959
v -0.245401176164 0.226715595384 -0.509702957263
v -0.245736742909 0.226770952073 -0.509781476007
v -0.246074808958 0.226826721059 -0.50984807753
v -0.24641496243 0.226882834397 -0.509902680687
v -0.246756788901 0.226939223721 -0.509945218954
v -0.247099871908 0.226995820328 -0.509975640503
v -0.247443793457 0.227052555266 -0.50999390827
v -0.247788134532 0.227109359411 -0.51
v -0.248132475607 0.227166163555 -0.50999390827
v -0.238034961482 0.229602204428 -0.5
v -0.238040747114 0.229602336672 -0.500331545219
v -0.238058096962 0.229602733244 -0.500662686501
v -0.238086989887 0.229603393659 -0.500993020401
v -0.238127390687 0.229604317114 -0.501322144459
v -0.238179250141 0.229605502483 -0.501649657688
v -0.238242505066 0.229606948322 -0.501975161063
v -0.238317078395 0.229608652869 -0.502298258008
v -0.238402879273 0.229610614049 -0.50261855488
v -0.238499803163 0.22961282947 -0.502935661447
v -0.23860773198 0.229615296436 -0.503249191362
v -0.238726534229 0.229618011939 -0.503558762637
v -0.238856065167 0.229620972671 -0.503863998109
v -0.238996166981 0.229624175025 -0.504164525894
v -0.239146668978 0.229627615099 -0.504459979846
v -0.239307387795 0.229631288703 -0.50475
v -0.239478127621 0.229635191361 -0.50503423301
v -0.239658680436 0.229639318317 -0.505312332583
v -0.239848826264 0.229643664544 -0.505583959897
v -0.240048333441 0.229648224747 -0.505848784016
v -0.240256958898 0.229652993369 -0.506106482292
v -0.240474448459 0.2296579646 -0.50635674076
v -0.240700537145 0.229663132385 -0.506599254519
v -0.240934949501 0.229668490427 -0.506833728103
v -0.241177399933 0.229674032198 -0.507059875842
v -0.241427593053 0.229679750946 -0.50727742221
v -0.241685224037 0.229685639704 -0.507486102159
v -0.241949979003 0.229691691297 -0.507685661447
v -0.242221535388 0.229697898353 -0.507875856939
v -0.242499562342 0.229704253308 -0.508056456913
v -0.242783721131 0.229710748421 -0.508227241336
v -0.243073665553 0.229717375778 -0.508388002132
v -0.243369042354 0.229724127304 -0.50853854344
v -0.243669491663 0.229730994775 -0.508678681848
v -0.24397464743 0.229737969823 -0.508808246618
v -0.244284137868 0.229745043949 -0.508927079897
v -0.244597585912 0.229752208537 -0.509035036905
v -0.244914609674 0.229759454855 -0.509131986111
v -0.245234822908 0.229766774076 -0.5092178094
v -0.245557835484 0.229774157283 -0.509292402207
v -0.245883253861 0.22978159548 -0.509355673654
v -0.246210681568 0.229789079605 -0.509407546653
v -0.246539719683 0.22979660054 -0.509447958006
v -0.246869967324 0.229804149121 -0.509476858477
v -0.247201022136 0.229811716152 -0.509494212857
v -0.24753248078 0.229819292413 -0.5095
v -0.247863939423 0.229826868675 -0.509494212857
v -0.237785026764 0.229596491587 -0.5
v -0.23779096465 0.229596627311 -0.500340270093
v -0.237808771072 0.229597034318 -0.500680125619
v -0.237838424337 0.229597712113 -0.501019152517
v -0.237879888316 0.229598659869 -0.501356937734
v -0.237933112493 0.229599876432 -0.501693069732
v -0.237998032021 0.229601360319 -0.502027138985
v -0.238074567806 0.229603109723 -0.502358738482
v -0.238162626601 0.229605122513 -0.502687464219
v -0.238262101121 0.229607396235 -0.503012915695
v -0.23837287017 0.22960992812 -0.503334696397
v -0.238494798793 0.229612715084 -0.503652414286
v -0.23862773844 0.22961575373 -0.50396568227
v -0.238771527144 0.229619040357 -0.504274118681
v -0.23892598972 0.22962257096 -0.504577347737
v -0.23909093798 0.229626341237 -0.504875
v -0.239266170959 0.229630346596 -0.505166712826
v -0.239451475164 0.229634582157 -0.505452130809
v -0.239646624829 0.229639042758 -0.50573090621
v -0.239851382195 0.229643722966 -0.506002699384
v -0.240065497796 0.229648617078 -0.506267179194
v -0.240288710766 0.229653719132 -0.506524023412
v -0.240520749154 0.229659022911 -0.506772919112
v -0.240761330257 0.229664521954 -0.507013563053
v -0.241010160964 0.229670209561 -0.507245662048
v -0.241266938112 0.229676078802 -0.50746893332
v -0.24153134886 0.229682122528 -0.507683104848
v -0.241803071062 0.229688333373 -0.507887915695
v -0.242081773667 0.229694703772 -0.508083116332
v -0.24236711712 0.229701225963 -0.508268468938
v -0.242658753772 0.229707892 -0.508443747687
v -0.24295632831 0.229714693761 -0.50860873903
v -0.243259478185 0.229721622959 -0.508763241951
v -0.243567834055 0.229728671153 -0.508907068212
v -0.243881020236 0.229735829755 -0.509040042582
v -0.24419865516 0.229743090043 -0.509162003053
v -0.244520351837 0.229750443171 -0.509272801034
v -0.244845718329 0.229757880182 -0.509372301535
v -0.245174358227 0.229765392015 -0.509460383331
v -0.245505871134 0.229772969517 -0.509536939107
v -0.245839853153 0.229780603456 -0.509601875592
v -0.246175897378 0.229788284531 -0.50965511367
v -0.246513594391 0.229796003385 -0.50969658848
v -0.24685253276 0.229803750613 -0.50972624949
v -0.24719229954 0.229811516776 -0.509744060563
v -0.24753248078 0.229819292413 -0.50975
v -0.247872662019 0.22982706805 -0.509744060563
v -0.237535092046 0.229590778745 -0.5
v -0.237541182185 0.229590917949 -0.500348994967
v -0.237559445182 0.229591335393 -0.500697564737
v -0.237589858787 0.229592030567 -0.501045284633
v -0.237632385945 0.229593002624 -0.50139173101
v -0.237686974844 0.229594250381 -0.501736481777
v -0.237753558976 0.229595772317 -0.502079116908
v -0.237832057217 0.229597566577 -0.502419218956
v -0.23792237393 0.229599630977 -0.502756373558
v -0.238024399078 0.229601963 -0.503090169944
v -0.238138008359 0.229604559805 -0.503420201433
v -0.238263063358 0.229607418229 -0.503746065934
v -0.238399411713 0.229610534789 -0.504067366431
v -0.238546887307 0.229613905689 -0.504383711468
v -0.238705310462 0.22961752682 -0.504694715628
v -0.238874488164 0.229621393771 -0.505
v -0.239054214297 0.229625501832 -0.505299192642
v -0.239244269892 0.229629845996 -0.505591929035
v -0.239444423394 0.229634420972 -0.505877852523
v -0.239654430949 0.229639221185 -0.506156614753
v -0.239874036694 0.229644240787 -0.506427876097
v -0.240102973074 0.229649473663 -0.506691306064
v -0.240340961164 0.229654913437 -0.506946583705
v -0.240587711013 0.229660553481 -0.507193398003
v -0.240842921994 0.229666386924 -0.507431448255
v -0.241106283172 0.229672406659 -0.507660444431
v -0.241377473682 0.229678605351 -0.507880107536
v -0.24165616312 0.229684975449 -0.508090169944
v -0.241942011946 0.229691509191 -0.508290375726
v -0.242234671897 0.229698198618 -0.508480480962
v -0.242533786413 0.229705035579 -0.508660254038
v -0.242838991067 0.229712011744 -0.508829475929
v -0.243149914015 0.229719118614 -0.508987940463
v -0.243466176446 0.229726347531 -0.509135454576
v -0.243787393043 0.229733689686 -0.509271838546
v -0.244113172452 0.229741136136 -0.509396926208
v -0.244443117762 0.229748677806 -0.509510565163
v -0.244776826984 0.22975630551 -0.509612616959
v -0.245113893546 0.229764009953 -0.509702957263
v -0.245453906784 0.22977178175 -0.509781476007
v -0.245796452445 0.229779611431 -0.50984807753
v -0.246141113188 0.229787489457 -0.509902680687
v -0.246487469099 0.229795406231 -0.509945218954
v -0.246835098195 0.229803352105 -0.509975640503
v -0.247183576945 0.229811317401 -0.50999390827
v -0.24753248078 0.229819292413 -0.51
v -0.247881384615 0.229827267425 -0.50999390827
v -0.239285831165 0.232943970859 -0.504459979846
v -0.239446404175 0.232936202844 -0.50475
v -0.239616989103 0.232927950483 -0.50503423301
v -0.239797378117 0.232919223832 -0.505312332583
v -0.23998735144 0.232910033522 -0.505583959897
v -0.24018667762 0.23290039075 -0.505848784016
v -0.240395113809 0.232890307265 -0.506106482292
v -0.240612406059 0.232879795352 -0.50635674076
v -0.240838289632 0.232868867818 -0.506599254519
v -0.241072489325 0.232857537976 -0.506833728103
v -0.241314719801 0.23284581963 -0.507059875842
v -0.24156468594 0.232833727057 -0.50727742221
v -0.241822083197 0.23282127499 -0.507486102159
v -0.242086597972 0.232808478599 -0.507685661447
v -0.242357907996 0.232795353477 -0.507875856939
v -0.242635682717 0.232781915612 -0.508056456913
v -0.242919583712 0.232768181378 -0.508227241336
v -0.243209265091 0.232754167507 -0.508388002132
v -0.24350437392 0.232739891073 -0.50853854344
v -0.243804550656 0.23272536947 -0.508678681848
v -0.244109429579 0.23271062039 -0.508808246618
v -0.244418639242 0.232695661802 -0.508927079897
v -0.24473180292 0.232680511932 -0.509035036905
v -0.245048539071 0.232665189236 -0.509131986111
v -0.245368461801 0.232649712384 -0.5092178094
v -0.245691181334 0.232634100232 -0.509292402207
v -0.246016304485 0.2326183718 -0.509355673654
v -0.246343435142 0.232602546251 -0.509407546653
v -0.246672174747 0.232586642866 -0.509447958006
v -0.247002122782 0.232570681021 -0.509476858477
v -0.247332877254 0.232554680164 -0.509494212857
v -0.247664035192 0.232538659788 -0.5095
v -0.247995193129 0.232522639412 -0.509494212857
v -0.239230150728 0.232946664503 -0.504875
v -0.239405224732 0.232938194975 -0.505166712826
v -0.239590360825 0.232929238675 -0.505452130809
v -0.239785333447 0.232919806515 -0.50573090621
v -0.239989905053 0.232909909986 -0.506002699384
v -0.240203826404 0.232899561146 -0.506267179194
v -0.240426836871 0.232888772604 -0.506524023412
v -0.240658664749 0.232877557503 -0.506772919112
v -0.240899027592 0.232865929507 -0.507013563053
v -0.241147632554 0.232853902783 -0.507245662048
v -0.24140417675 0.232841491985 -0.50746893332
v -0.241668347618 0.232828712232 -0.507683104848
v -0.241939823309 0.232815579094 -0.507887915695
v -0.242218273069 0.232802108574 -0.508083116332
v -0.242503357652 0.232788317081 -0.508268468938
v -0.242794729726 0.23277422142 -0.508443747687
v -0.243092034298 0.232759838763 -0.50860873903
v -0.24339490915 0.232745186633 -0.508763241951
v -0.243702985273 0.232730282883 -0.508907068212
v -0.244015887326 0.232715145669 -0.509040042582
v -0.244333234085 0.232699793434 -0.509162003053
v -0.244654638912 0.232684244883 -0.509272801034
v -0.244979710225 0.232668518959 -0.509372301535
v -0.245308051975 0.232652634821 -0.509460383331
v -0.245639264127 0.232636611822 -0.509536939107
v -0.24597294315 0.232620469484 -0.509601875592
v -0.246308682509 0.232604227473 -0.50965511367
v -0.246646073157 0.232587905579 -0.50969658848
v -0.246984704034 0.232571523685 -0.50972624949
v -0.247324162572 0.232555101753 -0.509744060563
v -0.247664035192 0.232538659788 -0.50975
v -0.248003907812 0.232522217823 -0.509744060563
v -0.239193460362 0.232948439467 -0.505299192642
v -0.239383343534 0.232939253518 -0.505591929035
v -0.239583315453 0.232929579508 -0.505877852523
v -0.239793132485 0.232919429222 -0.506156614753
v -0.240012538999 0.232908815027 -0.506427876097
v -0.240241267683 0.232897749855 -0.506691306064
v -0.240479039866 0.232886247188 -0.506946583705
v -0.240725565858 0.232874321038 -0.507193398003
v -0.240980545307 0.232861985937 -0.507431448255
v -0.241243667559 0.232849256913 -0.507660444431
v -0.241514612039 0.232836149474 -0.507880107536
v -0.241793048645 0.23282267959 -0.508090169944
v -0.242078638143 0.232808863671 -0.508290375726
v -0.242371032587 0.23279471855 -0.508480480962
v -0.24266987574 0.232780261462 -0.508660254038
v -0.242974803506 0.232765510019 -0.508829475929
v -0.243285444379 0.232750482194 -0.508987940463
v -0.243601419891 0.232735196295 -0.509135454576
v -0.243922345073 0.232719670948 -0.509271838546
v -0.244247828929 0.232703925066 -0.509396926208
v -0.244577474905 0.232687977834 -0.509510565163
v -0.24491088138 0.232671848681 -0.509612616959
v -0.245247642149 0.232655557258 -0.509702957263
v -0.24558734692 0.232639123413 -0.509781476007
v -0.245929581816 0.232622567169 -0.50984807753
v -0.246273929876 0.232605908696 -0.509902680687
v -0.246619971566 0.232589168291 -0.509945218954
v -0.246967285286 0.232572366349 -0.509975640503
v -0.247315447889 0.232555523341 -0.50999390827
v -0.247664035192 0.232538659788 -0.51
v -0.248012622494 0.232521796234 -0.50999390827
v -0.026171532807 -0.0864786201628 0.164045407165
v -0.0260969399996 -0.0868017171082 0.164045407165
v -0.0260111167114 -0.0871220139803 0.164045407165
v -0.0259141675048 -0.0874391205466 0.164045407165
v -0.0258062104975 -0.0877526504616 0.164045407165
v -0.0256873772184 -0.0880622217375 0.164045407165
v -0.0255578124476 -0.0883674572092 0.164045407165
v -0.0254176740398 -0.0886679849945 0.164045407165
v -0.0252671327322 -0.0889634389465 0.164045407165
v -0.025106371936 -0.0892534591 0.164045407165
v -0.0249355875135 -0.0895376921102 0.164045407165
v -0.0247549875393 -0.089815791683 0.164045407165
v -0.0245647920466 -0.0900874189968 0.164045407165
v -0.0243652327593 -0.0903522431156 0.164045407165
v -0.0241565528096 -0.090609941392 0.164045407165
v -0.023939006442 -0.0908601998604 0.164045407165
v -0.0237128587032 -0.0911027136194 0.164045407165
v -0.0234783851194 -0.0913371872032 0.164045407165
v -0.0232358713604 -0.091563334942 0.164045407165
v -0.022985612892 -0.0917808813096 0.164045407165
v -0.0227279146156 -0.0919895612593 0.164045407165
v -0.0264160697072 -0.0865305980855 0.164045407165
v -0.0263395139312 -0.0868621975821 0.164045407165
v -0.0262514321354 -0.0871909233192 0.164045407165
v -0.0261519316339 -0.0875163747952 0.164045407165
v -0.0260411336527 -0.0878381554974 0.164045407165
v -0.025919173182 -0.0881558733858 0.164045407165
v -0.025786198812 -0.08846914137 0.164045407165
v -0.0256423725514 -0.0887775777812 0.164045407165
v -0.0254878696304 -0.0890808068372 0.164045407165
v -0.0253228782869 -0.0893784591 0.164045407165
v -0.0251475995375 -0.0896701719263 0.164045407165
v -0.0249622469324 -0.0899555899088 0.164045407165
v -0.0247670462952 -0.0902343653099 0.164045407165
v -0.0245622354477 -0.0905061584844 0.164045407165
v -0.0243480639204 -0.0907706382944 0.164045407165
v -0.0241247926484 -0.091027482512 0.164045407165
v -0.0238926936533 -0.091276378212 0.164045407165
v -0.023652049712 -0.0915170221533 0.164045407165
v -0.023403154012 -0.0917491211484 0.164045407165
v -0.0231463097944 -0.0919723924204 0.164045407165
v -0.0228818299844 -0.0921865639477 0.164045407165
v -0.0266606066073 -0.0865825760082 0.164045407165
v -0.0265820878628 -0.086922678056 0.164045407165
v -0.0264917475594 -0.0872598326582 0.164045407165
v -0.026389695763 -0.0875936290437 0.164045407165
v -0.0262760568079 -0.0879236605333 0.164045407165
v -0.0261509691457 -0.0882495250342 0.164045407165
v -0.0260145851764 -0.0885708255308 0.164045407165
v -0.025867071063 -0.0888871705679 0.164045407165
v -0.0257086065286 -0.0891981747279 0.164045407165
v -0.0255393846378 -0.0895034591 0.164045407165
v -0.0253596115616 -0.0898026517423 0.164045407165
v -0.0251695063256 -0.0900953881347 0.164045407165
v -0.0249693005437 -0.0903813116229 0.164045407165
v -0.0247592381361 -0.0906600738533 0.164045407165
v -0.0245395750312 -0.0909313351969 0.164045407165
v -0.0243105788548 -0.0911947651636 0.164045407165
v -0.0240725286034 -0.0914500428046 0.164045407165
v -0.0238257143046 -0.0916968571034 0.164045407165
v -0.0235704366636 -0.0919349073548 0.164045407165
v -0.0233070066969 -0.0921639035312 0.164045407165
v -0.0230357453533 -0.0923835666361 0.164045407165
v -0.0262348042536 -0.0861531167878 0.166672295734
v -0.026171532807 -0.0864786201628 0.166672295734
v -0.0260969399996 -0.0868017171082 0.166672295734
v -0.0260111167114 -0.0871220139803 0.166672295734
v -0.0259141675048 -0.0874391205466 0.166672295734
v -0.0258062104975 -0.0877526504616 0.166672295734
v -0.0256873772184 -0.0880622217375 0.166672295734
v -0.0255578124476 -0.0883674572092 0.166672295734
v -0.0254176740398 -0.0886679849945 0.166672295734
v -0.0252671327322 -0.0889634389465 0.166672295734
v -0.025106371936 -0.0892534591 0.166672295734
v -0.0249355875135 -0.0895376921102 0.166672295734
v -0.0247549875393 -0.089815791683 0.166672295734
v -0.0245647920466 -0.0900874189968 0.166672295734
v -0.0243652327593 -0.0903522431156 0.166672295734
v -0.0241565528096 -0.090609941392 0.166672295734
v -0.023939006442 -0.0908601998604 0.166672295734
v -0.0237128587032 -0.0911027136194 0.166672295734
v -0.0234783851194 -0.0913371872032 0.166672295734
v -0.0232358713604 -0.091563334942 0.166672295734
v -0.022985612892 -0.0917808813096 0.166672295734
v -0.0227279146156 -0.0919895612593 0.166672295734
v -0.0264810061919 -0.0861965288323 0.166672295734
v -0.0264160697072 -0.0865305980855 0.166672295734
v -0.0263395139312 -0.0868621975821 0.166672295734
v -0.0262514321354 -0.0871909233192 0.166672295734
v -0.0261519316339 -0.0875163747952 0.166672295734
v -0.0260411336527 -0.0878381554974 0.166672295734
v -0.025919173182 -0.0881558733858 0.166672295734
v -0.025786198812 -0.08846914137 0.166672295734
v -0.0256423725514 -0.0887775777812 0.166672295734
v -0.0254878696304 -0.0890808068372 0.166672295734
v -0.0253228782869 -0.0893784591 0.166672295734
v -0.0251475995375 -0.0896701719263 0.166672295734
v -0.0249622469324 -0.0899555899088 0.166672295734
v -0.0247670462952 -0.0902343653099 0.166672295734
v -0.0245622354477 -0.0905061584844 0.166672295734
v -0.0243480639204 -0.0907706382944 0.166672295734
v -0.0241247926484 -0.091027482512 0.166672295734
v -0.0238926936533 -0.091276378212 0.166672295734
v -0.023652049712 -0.0915170221533 0.166672295734
v -0.023403154012 -0.0917491211484 0.166672295734
v -0.0231463097944 -0.0919723924204 0.166672295734
v -0.0228818299844 -0.0921865639477 0.166672295734
v -0.0267272081301 -0.0862399408767 0.166672295734
v -0.0266606066073 -0.0865825760082 0.166672295734
v -0.0265820878628 -0.086922678056 0.166672295734
v -0.0264917475594 -0.0872598326582 0.166672295734
v -0.026389695763 -0.0875936290437 0.166672295734
v -0.0262760568079 -0.0879236605333 0.166672295734
v -0.0261509691457 -0.0882495250342 0.166672295734
v -0.0260145851764 -0.0885708255308 0.166672295734
v -0.025867071063 -0.0888871705679 0.166672295734
v -0.0257086065286 -0.0891981747279 0.166672295734
v -0.0255393846378 -0.0895034591 0.166672295734
v -0.0253596115616 -0.0898026517423 0.166672295734
v -0.0251695063256 -0.0900953881347 0.166672295734
v -0.0249693005437 -0.0903813116229 0.166672295734
v -0.0247592381361 -0.0906600738533 0.166672295734
v -0.0245395750312 -0.0909313351969 0.166672295734
v -0.0243105788548 -0.0911947651636 0.166672295734
v -0.0240725286034 -0.0914500428046 0.166672295734
v -0.0238257143046 -0.0916968571034 0.166672295734
v -0.0235704366636 -0.0919349073548 0.166672295734
v -0.0233070066969 -0.0921639035312 0.166672295734
v -0.0230357453533 -0.0923835666361 0.166672295734
v -0.0262348042536 -0.0861531167878 0.169299184303
v -0.026171532807 -0.0864786201628 0.169299184303
v -0.0260969399996 -0.0868017171082 0.169299184303
v -0.0260111167114 -0.0871220139803 0.169299184303
v -0.0259141675048 -0.0874391205466 0.169299184303
v -0.0258062104975 -0.0877526504616 0.169299184303
v -0.0256873772184 -0.0880622217375 0.169299184303
v -0.0255578124476 -0.0883674572092 0.169299184303
v -0.0254176740398 -0.0886679849945 0.169299184303
v -0.0252671327322 -0.0889634389465 0.169299184303
v -0.025106371936 -0.0892534591 0.169299184303
v -0.0249355875135 -0.0895376921102 0.169299184303
v -0.0247549875393 -0.089815791683 0.169299184303
v -0.0245647920466 -0.0900874189968 0.169299184303
v -0.0243652327593 -0.0903522431156 0.169299184303
v -0.0241565528096 -0.090609941392 0.169299184303
v -0.023939006442 -0.0908601998604 0.169299184303
v -0.0237128587032 -0.0911027136194 0.169299184303
v -0.0234783851194 -0.0913371872032 0.169299184303
v -0.0232358713604 -0.091563334942 0.169299184303
v -0.022985612892 -0.0917808813096 0.169299184303
v -0.0227279146156 -0.0919895612593 0.169299184303
v -0.0264810061919 -0.0861965288323 0.169299184303
v -0.0264160697072 -0.0865305980855 0.169299184303
v -0.0263395139312 -0.0868621975821 0.169299184303
v -0.0262514321354 -0.0871909233192 0.169299184303
v -0.0261519316339 -0.0875163747952 0.169299184303
v -0.0260411336527 -0.0878381554974 0.169299184303
v -0.025919173182 -0.0881558733858 0.169299184303
v -0.025786198812 -0.08846914137 0.169299184303
v -0.0256423725514 -0.0887775777812 0.169299184303
v -0.0254878696304 -0.0890808068372 0.169299184303
v -0.0253228782869 -0.0893784591 0.169299184303
v -0.0251475995375 -0.0896701719263 0.169299184303
v -0.0249622469324 -0.0899555899088 0.169299184303
v -0.0247670462952 -0.0902343653099 0.169299184303
v -0.0245622354477 -0.0905061584844 0.169299184303
v -0.0243480639204 -0.0907706382944 0.169299184303
v -0.0241247926484 -0.091027482512 0.169299184303
v -0.0238926936533 -0.091276378212 0.169299184303
v -0.023652049712 -0.0915170221533 0.169299184303
v -0.023403154012 -0.0917491211484 0.169299184303
v -0.0231463097944 -0.0919723924204 0.169299184303
v -0.0228818299844 -0.0921865639477 0.169299184303
v -0.0267272081301 -0.0862399408767 0.169299184303
v -0.0266606066073 -0.0865825760082 0.169299184303
v -0.0265820878628 -0.086922678056 0.169299184303
v -0.0264917475594 -0.0872598326582 0.169299184303
v -0.026389695763 -0.0875936290437 0.169299184303
v -0.0262760568079 -0.0879236605333 0.169299184303
v -0.0261509691457 -0.0882495250342 0.169299184303
v -0.0260145851764 -0.0885708255308 0.169299184303
v -0.025867071063 -0.0888871705679 0.169299184303
v -0.0257086065286 -0.0891981747279 0.169299184303
v -0.0255393846378 -0.0895034591 0.169299184303
v -0.0253596115616 -0.0898026517423 0.169299184303
v -0.0251695063256 -0.0900953881347 0.169299184303
v -0.0249693005437 -0.0903813116229 0.169299184303
v -0.0247592381361 -0.0906600738533 0.169299184303
v -0.0245395750312 -0.0909313351969 0.169299184303
v -0.0243105788548 -0.0911947651636 0.169299184303
v -0.0240725286034 -0.0914500428046 0.169299184303
v -0.0238257143046 -0.0916968571034 0.169299184303
v -0.0235704366636 -0.0919349073548 0.169299184303
v -0.0233070066969 -0.0921639035312 0.169299184303
v -0.0230357453533 -0.0923835666361 0.169299184303
v -0.026286677253 -0.0858256035591 0.171926072873
v -0.0262348042536 -0.0861531167878 0.171926072873
v -0.026171532807 -0.0864786201628 0.171926072873
v -0.0260969399996 -0.0868017171082 0.171926072873
v -0.0260111167114 -0.0871220139803 0.171926072873
v -0.0259141675048 -0.0874391205466 0.171926072873
v -0.0258062104975 -0.0877526504616 0.171926072873
v -0.0256873772184 -0.0880622217375 0.171926072873
v -0.0255578124476 -0.0883674572092 0.171926072873
v -0.0254176740398 -0.0886679849945 0.171926072873
v -0.0252671327322 -0.0889634389465 0.171926072873
v -0.025106371936 -0.0892534591 0.171926072873
v -0.0249355875135 -0.0895376921102 0.171926072873
v -0.0247549875393 -0.089815791683 0.171926072873
v -0.0245647920466 -0.0900874189968 0.171926072873
v -0.0243652327593 -0.0903522431156 0.171926072873
v -0.0241565528096 -0.090609941392 0.171926072873
v -0.023939006442 -0.0908601998604 0.171926072873
v -0.0237128587032 -0.0911027136194 0.171926072873
v -0.0234783851194 -0.0913371872032 0.171926072873
v -0.0232358713604 -0.091563334942 0.171926072873
v -0.022985612892 -0.0917808813096 0.171926072873
v -0.0227279146156 -0.0919895612593 0.171926072873
v -0.0265342442702 -0.0858603968344 0.171926072873
v -0.0264810061919 -0.0861965288323 0.171926072873
v -0.0264160697072 -0.0865305980855 0.171926072873
v -0.0263395139312 -0.0868621975821 0.171926072873
v -0.0262514321354 -0.0871909233192 0.171926072873
v -0.0261519316339 -0.0875163747952 0.171926072873
v -0.0260411336527 -0.0878381554974 0.171926072873
v -0.025919173182 -0.0881558733858 0.171926072873
v -0.025786198812 -0.08846914137 0.171926072873
v -0.0256423725514 -0.0887775777812 0.171926072873
v -0.0254878696304 -0.0890808068372 0.171926072873
v -0.0253228782869 -0.0893784591 0.171926072873
v -0.0251475995375 -0.0896701719263 0.171926072873
v -0.0249622469324 -0.0899555899088 0.171926072873
v -0.0247670462952 -0.0902343653099 0.171926072873
v -0.0245622354477 -0.0905061584844 0.171926072873
v -0.0243480639204 -0.0907706382944 0.171926072873
v -0.0241247926484 -0.091027482512 0.171926072873
v -0.0238926936533 -0.091276378212 0.171926072873
v -0.023652049712 -0.0915170221533 0.171926072873
v -0.023403154012 -0.0917491211484 0.171926072873
v -0.0231463097944 -0.0919723924204 0.171926072873
v -0.0228818299844 -0.0921865639477 0.171926072873
v -0.0267818112874 -0.0858951901096 0.171926072873
v -0.0267272081301 -0.0862399408767 0.171926072873
v -0.0266606066073 -0.0865825760082 0.171926072873
v -0.0265820878628 -0.086922678056 0.171926072873
v -0.0264917475594 -0.0872598326582 0.171926072873
v -0.026389695763 -0.0875936290437 0.171926072873
v -0.0262760568079 -0.0879236605333 0.171926072873
v -0.0261509691457 -0.0882495250342 0.171926072873
v -0.0260145851764 -0.0885708255308 0.171926072873
v -0.025867071063 -0.0888871705679 0.171926072873
v -0.0257086065286 -0.0891981747279 0.171926072873
v -0.0255393846378 -0.0895034591 0.171926072873
v -0.0253596115616 -0.0898026517423 0.171926072873
v -0.0251695063256 -0.0900953881347 0.171926072873
v -0.0249693005437 -0.0903813116229 0.171926072873
v -0.0247592381361 -0.0906600738533 0.171926072873
v -0.0245395750312 -0.0909313351969 0.171926072873
v -0.0243105788548 -0.0911947651636 0.171926072873
v -0.0240725286034 -0.0914500428046 0.171926072873
v -0.0238257143046 -0.0916968571034 0.171926072873
v -0.0235704366636 -0.0919349073548 0.171926072873
v -0.0233070066969 -0.0921639035312 0.171926072873
v -0.0230357453533 -0.0923835666361 0.171926072873
v -0.0262348042536 -0.0861531167878 0.174552961442
v -0.026171532807 -0.0864786201628 0.174552961442
v -0.0260969399996 -0.0868017171082 0.174552961442
v -0.0260111167114 -0.0871220139803 0.174552961442
v -0.0259141675048 -0.0874391205466 0.174552961442
v -0.0258062104975 -0.0877526504616 0.174552961442
v -0.0256873772184 -0.0880622217375 0.174552961442
v -0.0255578124476 -0.0883674572092 0.174552961442
v -0.0254176740398 -0.0886679849945 0.174552961442
v -0.0252671327322 -0.0889634389465 0.174552961442
v -0.025106371936 -0.0892534591 0.174552961442
v -0.0249355875135 -0.0895376921102 0.174552961442
v -0.0247549875393 -0.089815791683 0.174552961442
v -0.0245647920466 -0.0900874189968 0.174552961442
v -0.0243652327593 -0.0903522431156 0.174552961442
v -0.0241565528096 -0.090609941392 0.174552961442
v -0.023939006442 -0.0908601998604 0.174552961442
v -0.0237128587032 -0.0911027136194 0.174552961442
v -0.0234783851194 -0.0913371872032 0.174552961442
v -0.0232358713604 -0.091563334942 0.174552961442
v -0.022985612892 -0.0917808813096 0.174552961442
v -0.0227279146156 -0.0919895612593 0.174552961442
v -0.0224630904968 -0.0921891205466 0.174552961442
v -0.0264810061919 -0.0861965288323 0.174552961442
v -0.0264160697072 -0.0865305980855 0.174552961442
v -0.0263395139312 -0.0868621975821 0.174552961442
v -0.0262514321354 -0.0871909233192 0.174552961442
v -0.0261519316339 -0.0875163747952 0.174552961442
v -0.0260411336527 -0.0878381554974 0.174552961442
v -0.025919173182 -0.0881558733858 0.174552961442
v -0.025786198812 -0.08846914137 0.174552961442
v -0.0256423725514 -0.0887775777812 0.174552961442
v -0.0254878696304 -0.0890808068372 0.174552961442
v -0.0253228782869 -0.0893784591 0.174552961442
v -0.0251475995375 -0.0896701719263 0.174552961442
v -0.0249622469324 -0.0899555899088 0.174552961442
v -0.0247670462952 -0.0902343653099 0.174552961442
v -0.0245622354477 -0.0905061584844 0.174552961442
v -0.0243480639204 -0.0907706382944 0.174552961442
v -0.0241247926484 -0.091027482512 0.174552961442
v -0.0238926936533 -0.091276378212 0.174552961442
v -0.023652049712 -0.0915170221533 0.174552961442
v -0.023403154012 -0.0917491211484 0.174552961442
v -0.0231463097944 -0.0919723924204 0.174552961442
v -0.0228818299844 -0.0921865639477 0.174552961442
v -0.0226100368099 -0.0923913747952 0.174552961442
v -0.0267272081301 -0.0862399408767 0.174552961442
v -0.0266606066073 -0.0865825760082 0.174552961442
v -0.0265820878628 -0.086922678056 0.174552961442
v -0.0264917475594 -0.0872598326582 0.174552961442
v -0.026389695763 -0.0875936290437 0.174552961442
v -0.0262760568079 -0.0879236605333 0.174552961442
v -0.0261509691457 -0.0882495250342 0.174552961442
v -0.0260145851764 -0.0885708255308 0.174552961442
v -0.025867071063 -0.0888871705679 0.174552961442
v -0.0257086065286 -0.0891981747279 0.174552961442
v -0.0255393846378 -0.0895034591 0.174552961442
v -0.0253596115616 -0.0898026517423 0.174552961442
v -0.0251695063256 -0.0900953881347 0.174552961442
v -0.0249693005437 -0.0903813116229 0.174552961442
v -0.0247592381361 -0.0906600738533 0.174552961442
v -0.0245395750312 -0.0909313351969 0.174552961442
v -0.0243105788548 -0.0911947651636 0.174552961442
v -0.0240725286034 -0.0914500428046 0.174552961442
v -0.0238257143046 -0.0916968571034 0.174552961442
v -0.0235704366636 -0.0919349073548 0.174552961442
v -0.0233070066969 -0.0921639035312 0.174552961442
v -0.0230357453533 -0.0923835666361 0.174552961442
v -0.0227569831229 -0.0925936290437 0.174552961442
v -0.026286677253 -0.0858256035591 0.177179850011
v -0.0262348042536 -0.0861531167878 0.177179850011
v -0.026171532807 -0.0864786201628 0.177179850011
v -0.0260969399996 -0.0868017171082 0.177179850011
v -0.0260111167114 -0.0871220139803 0.177179850011
v -0.0259141675048 -0.0874391205466 0.177179850011
v -0.0258062104975 -0.0877526504616 0.177179850011
v -0.0256873772184 -0.0880622217375 0.177179850011
v -0.0255578124476 -0.0883674572092 0.177179850011
v -0.0254176740398 -0.0886679849945 0.177179850011
v -0.0252671327322 -0.0889634389465 0.177179850011
v -0.025106371936 -0.0892534591 0.177179850011
v -0.0249355875135 -0.0895376921102 0.177179850011
v -0.0247549875393 -0.089815791683 0.177179850011
v -0.0245647920466 -0.0900874189968 0.177179850011
v -0.0243652327593 -0.0903522431156 0.177179850011
v -0.0241565528096 -0.090609941392 0.177179850011
v -0.023939006442 -0.0908601998604 0.177179850011
v -0.0237128587032 -0.0911027136194 0.177179850011
v -0.0234783851194 -0.0913371872032 0.177179850011
v -0.0232358713604 -0.091563334942 0.177179850011
v -0.022985612892 -0.0917808813096 0.177179850011
v -0.0227279146156 -0.0919895612593 0.177179850011
v -0.0224630904968 -0.0921891205466 0.177179850011
v -0.0265342442702 -0.0858603968344 0.177179850011
v -0.0264810061919 -0.0861965288323 0.177179850011
v -0.0264160697072 -0.0865305980855 0.177179850011
v -0.0263395139312 -0.0868621975821 0.177179850011
v -0.0262514321354 -0.0871909233192 0.177179850011
v -0.0261519316339 -0.0875163747952 0.177179850011
v -0.0260411336527 -0.0878381554974 0.177179850011
v -0.025919173182 -0.0881558733858 0.177179850011
v -0.025786198812 -0.08846914137 0.177179850011
v -0.0256423725514 -0.0887775777812 0.177179850011
v -0.0254878696304 -0.0890808068372 0.177179850011
v -0.0253228782869 -0.0893784591 0.177179850011
v -0.0251475995375 -0.0896701719263 0.177179850011
v -0.0249622469324 -0.0899555899088 0.177179850011
v -0.0247670462952 -0.0902343653099 0.177179850011
v -0.0245622354477 -0.0905061584844 0.177179850011
v -0.0243480639204 -0.0907706382944 0.177179850011
v -0.0241247926484 -0.091027482512 0.177179850011
v -0.0238926936533 -0.091276378212 0.177179850011
v -0.023652049712 -0.0915170221533 0.177179850011
v -0.023403154012 -0.0917491211484 0.177179850011
v -0.0231463097944 -0.0919723924204 0.177179850011
v -0.0228818299844 -0.0921865639477 0.177179850011
v -0.0226100368099 -0.0923913747952 0.177179850011
v -0.0267818112874 -0.0858951901096 0.177179850011
v -0.0267272081301 -0.0862399408767 0.177179850011
v -0.0266606066073 -0.0865825760082 0.177179850011
v -0.0265820878628 -0.086922678056 0.177179850011
v -0.0264917475594 -0.0872598326582 0.177179850011
v -0.026389695763 -0.0875936290437 0.177179850011
v -0.0262760568079 -0.0879236605333 0.177179850011
v -0.0261509691457 -0.0882495250342 0.177179850011
v -0.0260145851764 -0.0885708255308 0.177179850011
v -0.025867071063 -0.0888871705679 0.177179850011
v -0.0257086065286 -0.0891981747279 0.177179850011
v -0.0255393846378 -0.0895034591 0.177179850011
v -0.0253596115616 -0.0898026517423 0.177179850011
v -0.0251695063256 -0.0900953881347 0.177179850011
v -0.0249693005437 -0.0903813116229 0.177179850011
v -0.0247592381361 -0.0906600738533 0.177179850011
v -0.0245395750312 -0.0909313351969 0.177179850011
v -0.0243105788548 -0.0911947651636 0.177179850011
v -0.0240725286034 -0.0914500428046 0.177179850011
v -0.0238257143046 -0.0916968571034 0.177179850011
v -0.0235704366636 -0.0919349073548 0.177179850011
v -0.0233070066969 -0.0921639035312 0.177179850011
v -0.0230357453533 -0.0923835666361 0.177179850011
v -0.0227569831229 -0.0925936290437 0.177179850011
v -0.0262348042536 -0.0861531167878 0.17980673858
v -0.026171532807 -0.0864786201628 0.17980673858
v -0.0260969399996 -0.0868017171082 0.17980673858
v -0.0260111167114 -0.0871220139803 0.17980673858
v -0.0259141675048 -0.0874391205466 0.17980673858
v -0.0258062104975 -0.0877526504616 0.17980673858
v -0.0256873772184 -0.0880622217375 0.17980673858
v -0.0255578124476 -0.0883674572092 0.17980673858
v -0.0254176740398 -0.0886679849945 0.17980673858
v -0.0252671327322 -0.0889634389465 0.17980673858
v -0.025106371936 -0.0892534591 0.17980673858
v -0.0249355875135 -0.0895376921102 0.17980673858
v -0.0247549875393 -0.089815791683 0.17980673858
v -0.0245647920466 -0.0900874189968 0.17980673858
v -0.0243652327593 -0.0903522431156 0.17980673858
v -0.0241565528096 -0.090609941392 0.17980673858
v -0.023939006442 -0.0908601998604 0.17980673858
v -0.0237128587032 -0.0911027136194 0.17980673858
v -0.0234783851194 -0.0913371872032 0.17980673858
v -0.0232358713604 -0.091563334942 0.17980673858
v -0.022985612892 -0.0917808813096 0.17980673858
v -0.0227279146156 -0.0919895612593 0.17980673858
v -0.0224630904968 -0.0921891205466 0.17980673858
v -0.0264810061919 -0.0861965288323 0.17980673858
v -0.0264160697072 -0.0865305980855 0.17980673858
v -0.0263395139312 -0.0868621975821 0.17980673858
v -0.0262514321354 -0.0871909233192 0.17980673858
v -0.0261519316339 -0.0875163747952 0.17980673858
v -0.0260411336527 -0.0878381554974 0.17980673858
v -0.025919173182 -0.0881558733858 0.17980673858
v -0.025786198812 -0.08846914137 0.17980673858
v -0.0256423725514 -0.0887775777812 0.17980673858
v -0.0254878696304 -0.0890808068372 0.17980673858
v -0.0253228782869 -0.0893784591 0.17980673858
v -0.0251475995375 -0.0896701719263 0.17980673858
v -0.0249622469324 -0.0899555899088 0.17980673858
v -0.0247670462952 -0.0902343653099 0.17980673858
v -0.0245622354477 -0.0905061584844 0.17980673858
v -0.0243480639204 -0.0907706382944 0.17980673858
v -0.0241247926484 -0.091027482512 0.17980673858
v -0.0238926936533 -0.091276378212 0.17980673858
v -0.023652049712 -0.0915170221533 0.17980673858
v -0.023403154012 -0.0917491211484 0.17980673858
v -0.0231463097944 -0.0919723924204 0.17980673858
v -0.0228818299844 -0.0921865639477 0.17980673858
v -0.0226100368099 -0.0923913747952 0.17980673858
v -0.0267272081301 -0.0862399408767 0.17980673858
v -0.0266606066073 -0.0865825760082 0.17980673858
v -0.0265820878628 -0.086922678056 0.17980673858
v -0.0264917475594 -0.0872598326582 0.17980673858
v -0.026389695763 -0.0875936290437 0.17980673858
v -0.0262760568079 -0.0879236605333 0.17980673858
v -0.0261509691457 -0.0882495250342 0.17980673858
v -0.0260145851764 -0.0885708255308 0.17980673858
v -0.025867071063 -0.0888871705679 0.17980673858
v -0.0257086065286 -0.0891981747279 0.17980673858
v -0.0255393846378 -0.0895034591 0.17980673858
v -0.0253596115616 -0.0898026517423 0.17980673858
v -0.0251695063256 -0.0900953881347 0.17980673858
v -0.0249693005437 -0.0903813116229 0.17980673858
v -0.0247592381361 -0.0906600738533 0.17980673858
v -0.0245395750312 -0.0909313351969 0.17980673858
v -0.0243105788548 -0.0911947651636 0.17980673858
v -0.0240725286034 -0.0914500428046 0.17980673858
v -0.0238257143046 -0.0916968571034 0.17980673858
v -0.0235704366636 -0.0919349073548 0.17980673858
v -0.0233070066969 -0.0921639035312 0.17980673858
v -0.0230357453533 -0.0923835666361 0.17980673858
v -0.026286677253 -0.0858256035591 0.182433627149
v -0.0262348042536 -0.0861531167878 0.182433627149
v -0.026171532807 -0.0864786201628 0.182433627149
v -0.0260969399996 -0.0868017171082 0.182433627149
v -0.0260111167114 -0.0871220139803 0.182433627149
v -0.0259141675048 -0.0874391205466 0.182433627149
v -0.0258062104975 -0.0877526504616 0.182433627149
v -0.0256873772184 -0.0880622217375 0.182433627149
v -0.0255578124476 -0.0883674572092 0.182433627149
v -0.0254176740398 -0.0886679849945 0.182433627149
v -0.0252671327322 -0.0889634389465 0.182433627149
v -0.025106371936 -0.0892534591 0.182433627149
v -0.0249355875135 -0.0895376921102 0.182433627149
v -0.0247549875393 -0.089815791683 0.182433627149
v -0.0245647920466 -0.0900874189968 0.182433627149
v -0.0243652327593 -0.0903522431156 0.182433627149
v -0.0241565528096 -0.090609941392 0.182433627149
v -0.023939006442 -0.0908601998604 0.182433627149
v -0.0237128587032 -0.0911027136194 0.182433627149
v -0.0234783851194 -0.0913371872032 0.182433627149
v -0.0232358713604 -0.091563334942 0.182433627149
v -0.022985612892 -0.0917808813096 0.182433627149
v -0.0227279146156 -0.0919895612593 0.182433627149
v -0.0224630904968 -0.0921891205466 0.182433627149
v -0.022191463183 -0.0923793160393 0.182433627149
v -0.0265342442702 -0.0858603968344 0.182433627149
v -0.0264810061919 -0.0861965288323 0.182433627149
v -0.0264160697072 -0.0865305980855 0.182433627149
v -0.0263395139312 -0.0868621975821 0.182433627149
v -0.0262514321354 -0.0871909233192 0.182433627149
v -0.0261519316339 -0.0875163747952 0.182433627149
v -0.0260411336527 -0.0878381554974 0.182433627149
v -0.025919173182 -0.0881558733858 0.182433627149
v -0.025786198812 -0.08846914137 0.182433627149
v -0.0256423725514 -0.0887775777812 0.182433627149
v -0.0254878696304 -0.0890808068372 0.182433627149
v -0.0253228782869 -0.0893784591 0.182433627149
v -0.0251475995375 -0.0896701719263 0.182433627149
v -0.0249622469324 -0.0899555899088 0.182433627149
v -0.0247670462952 -0.0902343653099 0.182433627149
v -0.0245622354477 -0.0905061584844 0.182433627149
v -0.0243480639204 -0.0907706382944 0.182433627149
v -0.0241247926484 -0.091027482512 0.182433627149
v -0.0238926936533 -0.091276378212 0.182433627149
v -0.023652049712 -0.0915170221533 0.182433627149
v -0.023403154012 -0.0917491211484 0.182433627149
v -0.0231463097944 -0.0919723924204 0.182433627149
v -0.0228818299844 -0.0921865639477 0.182433627149
v -0.0226100368099 -0.0923913747952 0.182433627149
v -0.0223312614088 -0.0925865754324 0.182433627149
v -0.0267818112874 -0.0858951901096 0.182433627149
v -0.0267272081301 -0.0862399408767 0.182433627149
v -0.0266606066073 -0.0865825760082 0.182433627149
v -0.0265820878628 -0.086922678056 0.182433627149
v -0.0264917475594 -0.0872598326582 0.182433627149
v -0.026389695763 -0.0875936290437 0.182433627149
v -0.0262760568079 -0.0879236605333 0.182433627149
v -0.0261509691457 -0.0882495250342 0.182433627149
v -0.0260145851764 -0.0885708255308 0.182433627149
v -0.025867071063 -0.0888871705679 0.182433627149
v -0.0257086065286 -0.0891981747279 0.182433627149
v -0.0255393846378 -0.0895034591 0.182433627149
v -0.0253596115616 -0.0898026517423 0.182433627149
v -0.0251695063256 -0.0900953881347 0.182433627149
v -0.0249693005437 -0.0903813116229 0.182433627149
v -0.0247592381361 -0.0906600738533 0.182433627149
v -0.0245395750312 -0.0909313351969 0.182433627149
v -0.0243105788548 -0.0911947651636 0.182433627149
v -0.0240725286034 -0.0914500428046 0.182433627149
v -0.0238257143046 -0.0916968571034 0.182433627149
v -0.0235704366636 -0.0919349073548 0.182433627149
v -0.0233070066969 -0.0921639035312 0.182433627149
v -0.0230357453533 -0.0923835666361 0.182433627149
v -0.0227569831229 -0.0925936290437 0.182433627149
v -0.0262348042536 -0.0861531167878 0.185060515718
v -0.026171532807 -0.0864786201628 0.185060515718
v -0.0260969399996 -0.0868017171082 0.185060515718
v -0.0260111167114 -0.0871220139803 0.185060515718
v -0.0259141675048 -0.0874391205466 0.185060515718
v -0.0258062104975 -0.0877526504616 0.185060515718
v -0.0256873772184 -0.0880622217375 0.185060515718
v -0.0255578124476 -0.0883674572092 0.185060515718
v -0.0254176740398 -0.0886679849945 0.185060515718
v -0.0252671327322 -0.0889634389465 0.185060515718
v -0.025106371936 -0.0892534591 0.185060515718
v -0.0249355875135 -0.0895376921102 0.185060515718
v -0.0247549875393 -0.089815791683 0.185060515718
v -0.0245647920466 -0.0900874189968 0.185060515718
v -0.0243652327593 -0.0903522431156 0.185060515718
v -0.0241565528096 -0.090609941392 0.185060515718
v -0.023939006442 -0.0908601998604 0.185060515718
v -0.0237128587032 -0.0911027136194 0.185060515718
v -0.0234783851194 -0.0913371872032 0.185060515718
v -0.0232358713604 -0.091563334942 0.185060515718
v -0.022985612892 -0.0917808813096 0.185060515718
v -0.0227279146156 -0.0919895612593 0.185060515718
v -0.0264810061919 -0.0861965288323 0.185060515718
v -0.0264160697072 -0.0865305980855 0.185060515718
v -0.0263395139312 -0.0868621975821 0.185060515718
v -0.0262514321354 -0.0871909233192 0.185060515718
v -0.0261519316339 -0.0875163747952 0.185060515718
v -0.0260411336527 -0.0878381554974 0.185060515718
v -0.025919173182 -0.0881558733858 0.185060515718
v -0.025786198812 -0.08846914137 0.185060515718
v -0.0256423725514 -0.0887775777812 0.185060515718
v -0.0254878696304 -0.0890808068372 0.185060515718
v -0.0253228782869 -0.0893784591 0.185060515718
v -0.0251475995375 -0.0896701719263 0.185060515718
v -0.0249622469324 -0.0899555899088 0.185060515718
v -0.0247670462952 -0.0902343653099 0.185060515718
v -0.0245622354477 -0.0905061584844 0.185060515718
v -0.0243480639204 -0.0907706382944 0.185060515718
v -0.0241247926484 -0.091027482512 0.185060515718
v -0.0238926936533 -0.091276378212 0.185060515718
v -0.023652049712 -0.0915170221533 0.185060515718
v -0.023403154012 -0.0917491211484 0.185060515718
v -0.0231463097944 -0.0919723924204 0.185060515718
v -0.0228818299844 -0.0921865639477 0.185060515718
v -0.0267272081301 -0.0862399408767 0.185060515718
v -0.0266606066073 -0.0865825760082 0.185060515718
v -0.0265820878628 -0.086922678056 0.185060515718
v -0.0264917475594 -0.0872598326582 0.185060515718
v -0.026389695763 -0.0875936290437 0.185060515718
v -0.0262760568079 -0.0879236605333 0.185060515718
v -0.0261509691457 -0.0882495250342 0.185060515718
v -0.0260145851764 -0.0885708255308 0.185060515718
v -0.025867071063 -0.0888871705679 0.185060515718
v -0.0257086065286 -0.0891981747279 0.185060515718
v -0.0255393846378 -0.0895034591 0.185060515718
v -0.0253596115616 -0.0898026517423 0.185060515718
v -0.0251695063256 -0.0900953881347 0.185060515718
v -0.0249693005437 -0.0903813116229 0.185060515718
v -0.0247592381361 -0.0906600738533 0.185060515718
v -0.0245395750312 -0.0909313351969 0.185060515718
v -0.0243105788548 -0.0911947651636 0.185060515718
v -0.0240725286034 -0.0914500428046 0.185060515718
v -0.0238257143046 -0.0916968571034 0.185060515718
v -0.0235704366636 -0.0919349073548 0.185060515718
v -0.0233070066969 -0.0921639035312 0.185060515718
v -0.0230357453533 -0.0923835666361 0.185060515718
v -0.026286677253 -0.0858256035591 0.187687404287
v -0.0262348042536 -0.0861531167878 0.187687404287
v -0.026171532807 -0.0864786201628 0.187687404287
v -0.0260969399996 -0.0868017171082 0.187687404287
v -0.0260111167114 -0.0871220139803 0.187687404287
v -0.0259141675048 -0.0874391205466 0.187687404287
v -0.0258062104975 -0.0877526504616 0.187687404287
v -0.0256873772184 -0.0880622217375 0.187687404287
v -0.0255578124476 -0.0883674572092 0.187687404287
v -0.0254176740398 -0.0886679849945 0.187687404287
v -0.0252671327322 -0.0889634389465 0.187687404287
v -0.025106371936 -0.0892534591 0.187687404287
v -0.0249355875135 -0.0895376921102 0.187687404287
v -0.0247549875393 -0.089815791683 0.187687404287
v -0.0245647920466 -0.0900874189968 0.187687404287
v -0.0243652327593 -0.0903522431156 0.187687404287
v -0.0241565528096 -0.090609941392 0.187687404287
v -0.023939006442 -0.0908601998604 0.187687404287
v -0.0237128587032 -0.0911027136194 0.187687404287
v -0.0234783851194 -0.0913371872032 0.187687404287
v -0.0232358713604 -0.091563334942 0.187687404287
v -0.022985612892 -0.0917808813096 0.187687404287
v -0.0227279146156 -0.0919895612593 0.187687404287
v -0.0224630904968 -0.0921891205466 0.187687404287
v -0.022191463183 -0.0923793160393 0.187687404287
v -0.0265342442702 -0.0858603968344 0.187687404287
v -0.0264810061919 -0.0861965288323 0.187687404287
v -0.0264160697072 -0.0865305980855 0.187687404287
v -0.0263395139312 -0.0868621975821 0.187687404287
v -0.0262514321354 -0.0871909233192 0.187687404287
v -0.0261519316339 -0.0875163747952 0.187687404287
v -0.0260411336527 -0.0878381554974 0.187687404287
v -0.025919173182 -0.0881558733858 0.187687404287
v -0.025786198812 -0.08846914137 0.187687404287
v -0.0256423725514 -0.0887775777812 0.187687404287
v -0.0254878696304 -0.0890808068372 0.187687404287
v -0.0253228782869 -0.0893784591 0.187687404287
v -0.0251475995375 -0.0896701719263 0.187687404287
v -0.0249622469324 -0.0899555899088 0.187687404287
v -0.0247670462952 -0.0902343653099 0.187687404287
v -0.0245622354477 -0.0905061584844 0.187687404287
v -0.0243480639204 -0.0907706382944 0.187687404287
v -0.0241247926484 -0.091027482512 0.187687404287
v -0.0238926936533 -0.091276378212 0.187687404287
v -0.023652049712 -0.0915170221533 0.187687404287
v -0.023403154012 -0.0917491211484 0.187687404287
v -0.0231463097944 -0.0919723924204 0.187687404287
v -0.0228818299844 -0.0921865639477 0.187687404287
v -0.0226100368099 -0.0923913747952 0.187687404287
v -0.0223312614088 -0.0925865754324 0.187687404287
v -0.0267272081301 -0.0862399408767 0.187687404287
v -0.0266606066073 -0.0865825760082 0.187687404287
v -0.0265820878628 -0.086922678056 0.187687404287
v -0.0264917475594 -0.0872598326582 0.187687404287
v -0.026389695763 -0.0875936290437 0.187687404287
v -0.0262760568079 -0.0879236605333 0.187687404287
v -0.0261509691457 -0.0882495250342 0.187687404287
v -0.0260145851764 -0.0885708255308 0.187687404287
v -0.025867071063 -0.0888871705679 0.187687404287
v -0.0257086065286 -0.0891981747279 0.187687404287
v -0.0255393846378 -0.0895034591 0.187687404287
v -0.0253596115616 -0.0898026517423 0.187687404287
v -0.0251695063256 -0.0900953881347 0.187687404287
v -0.0249693005437 -0.0903813116229 0.187687404287
v -0.0247592381361 -0.0906600738533 0.187687404287
v -0.0245395750312 -0.0909313351969 0.187687404287
v -0.0243105788548 -0.0911947651636 0.187687404287
v -0.0240725286034 -0.0914500428046 0.187687404287
v -0.0238257143046 -0.0916968571034 0.187687404287
v -0.0235704366636 -0.0919349073548 0.187687404287
v -0.0233070066969 -0.0921639035312 0.187687404287
v -0.0230357453533 -0.0923835666361 0.187687404287
v -0.0227569831229 -0.0925936290437 0.187687404287
v -0.0224710596347 -0.0927938348256 0.187687404287
v -0.0262348042536 -0.0861531167878 0.190314292856
v -0.026171532807 -0.0864786201628 0.190314292856
v -0.0260969399996 -0.0868017171082 0.190314292856
v -0.0260111167114 -0.0871220139803 0.190314292856
v -0.0259141675048 -0.0874391205466 0.190314292856
v -0.0258062104975 -0.0877526504616 0.190314292856
v -0.0256873772184 -0.0880622217375 0.190314292856
v -0.0255578124476 -0.0883674572092 0.190314292856
v -0.0254176740398 -0.0886679849945 0.190314292856
v -0.0252671327322 -0.0889634389465 0.190314292856
v -0.025106371936 -0.0892534591 0.190314292856
v -0.0249355875135 -0.0895376921102 0.190314292856
v -0.0247549875393 -0.089815791683 0.190314292856
v -0.0245647920466 -0.0900874189968 0.190314292856
v -0.0243652327593 -0.0903522431156 0.190314292856
v -0.0241565528096 -0.090609941392 0.190314292856
v -0.023939006442 -0.0908601998604 0.190314292856
v -0.0237128587032 -0.0911027136194 0.190314292856
v -0.0234783851194 -0.0913371872032 0.190314292856
v -0.0232358713604 -0.091563334942 0.190314292856
v -0.022985612892 -0.0917808813096 0.190314292856
v -0.0227279146156 -0.0919895612593 0.190314292856
v -0.0264810061919 -0.0861965288323 0.190314292856
v -0.0264160697072 -0.0865305980855 0.190314292856
v -0.0263395139312 -0.0868621975821 0.190314292856
v -0.0262514321354 -0.0871909233192 0.190314292856
v -0.0261519316339 -0.0875163747952 0.190314292856
v -0.0260411336527 -0.0878381554974 0.190314292856
v -0.025919173182 -0.0881558733858 0.190314292856
v -0.025786198812 -0.08846914137 0.190314292856
v -0.0256423725514 -0.0887775777812 0.190314292856
v -0.0254878696304 -0.0890808068372 0.190314292856
v -0.0253228782869 -0.0893784591 0.190314292856
v -0.0251475995375 -0.0896701719263 0.190314292856
v -0.0249622469324 -0.0899555899088 0.190314292856
v -0.0247670462952 -0.0902343653099 0.190314292856
v -0.0245622354477 -0.0905061584844 0.190314292856
v -0.0243480639204 -0.0907706382944 0.190314292856
v -0.0241247926484 -0.091027482512 0.190314292856
v -0.0238926936533 -0.091276378212 0.190314292856
v -0.023652049712 -0.0915170221533 0.190314292856
v -0.023403154012 -0.0917491211484 0.190314292856
v -0.0231463097944 -0.0919723924204 0.190314292856
v -0.0228818299844 -0.0921865639477 0.190314292856
v -0.0267272081301 -0.0862399408767 0.190314292856
v -0.0266606066073 -0.0865825760082 0.190314292856
v -0.0265820878628 -0.086922678056 0.190314292856
v -0.0264917475594 -0.0872598326582 0.190314292856
v -0.026389695763 -0.0875936290437 0.190314292856
v -0.0262760568079 -0.0879236605333 0.190314292856
v -0.0261509691457 -0.0882495250342 0.190314292856
v -0.0260145851764 -0.0885708255308 0.190314292856
v -0.025867071063 -0.0888871705679 0.190314292856
v -0.0257086065286 -0.0891981747279 0.190314292856
v -0.0255393846378 -0.0895034591 0.190314292856
v -0.0253596115616 -0.0898026517423 0.190314292856
v -0.0251695063256 -0.0900953881347 0.190314292856
v -0.0249693005437 -0.0903813116229 0.190314292856
v -0.0247592381361 -0.0906600738533 0.190314292856
v -0.0245395750312 -0.0909313351969 0.190314292856
v -0.0243105788548 -0.0911947651636 0.190314292856
v -0.0240725286034 -0.0914500428046 0.190314292856
v -0.0238257143046 -0.0916968571034 0.190314292856
v -0.0235704366636 -0.0919349073548 0.190314292856
v -0.0233070066969 -0.0921639035312 0.190314292856
v -0.0230357453533 -0.0923835666361 0.190314292856
v -0.0262348042536 -0.0861531167878 0.192941181425
v -0.026171532807 -0.0864786201628 0.192941181425
v -0.0260969399996 -0.0868017171082 0.192941181425
v -0.0260111167114 -0.0871220139803 0.192941181425
v -0.0259141675048 -0.0874391205466 0.192941181425
v -0.0258062104975 -0.0877526504616 0.192941181425
v -0.0256873772184 -0.0880622217375 0.192941181425
v -0.0255578124476 -0.0883674572092 0.192941181425
v -0.0254176740398 -0.0886679849945 0.192941181425
v -0.0252671327322 -0.0889634389465 0.192941181425
v -0.025106371936 -0.0892534591 0.192941181425
v -0.0249355875135 -0.0895376921102 0.192941181425
v -0.0247549875393 -0.089815791683 0.192941181425
v -0.0245647920466 -0.0900874189968 0.192941181425
v -0.0243652327593 -0.0903522431156 0.192941181425
v -0.0241565528096 -0.090609941392 0.192941181425
v -0.023939006442 -0.0908601998604 0.192941181425
v -0.0237128587032 -0.0911027136194 0.192941181425
v -0.0234783851194 -0.0913371872032 0.192941181425
v -0.0232358713604 -0.091563334942 0.192941181425
v -0.022985612892 -0.0917808813096 0.192941181425
v -0.0227279146156 -0.0919895612593 0.192941181425
v -0.0224630904968 -0.0921891205466 0.192941181425
v -0.022191463183 -0.0923793160393 0.192941181425
v -0.0264810061919 -0.0861965288323 0.192941181425
v -0.0264160697072 -0.0865305980855 0.192941181425
v -0.0263395139312 -0.0868621975821 0.192941181425
v -0.0262514321354 -0.0871909233192 0.192941181425
v -0.0261519316339 -0.0875163747952 0.192941181425
v -0.0260411336527 -0.0878381554974 0.192941181425
v -0.025919173182 -0.0881558733858 0.192941181425
v -0.025786198812 -0.08846914137 0.192941181425
v -0.0256423725514 -0.0887775777812 0.192941181425
v -0.0254878696304 -0.0890808068372 0.192941181425
v -0.0253228782869 -0.0893784591 0.192941181425
v -0.0251475995375 -0.0896701719263 0.192941181425
v -0.0249622469324 -0.0899555899088 0.192941181425
v -0.0247670462952 -0.0902343653099 0.192941181425
v -0.0245622354477 -0.0905061584844 0.192941181425
v -0.0243480639204 -0.0907706382944 0.192941181425
v -0.0241247926484 -0.091027482512 0.192941181425
v -0.0238926936533 -0.091276378212 0.192941181425
v -0.023652049712 -0.0915170221533 0.192941181425
v -0.023403154012 -0.0917491211484 0.192941181425
v -0.0231463097944 -0.0919723924204 0.192941181425
v -0.0228818299844 -0.0921865639477 0.192941181425
v -0.0226100368099 -0.0923913747952 0.192941181425
v -0.0223312614088 -0.0925865754324 0.192941181425
v -0.0267272081301 -0.0862399408767 0.192941181425
v -0.0266606066073 -0.0865825760082 0.192941181425
v -0.0265820878628 -0.086922678056 0.192941181425
v -0.0264917475594 -0.0872598326582 0.192941181425
v -0.026389695763 -0.0875936290437 0.192941181425
v -0.0262760568079 -0.0879236605333 0.192941181425
v -0.0261509691457 -0.0882495250342 0.192941181425
v -0.0260145851764 -0.0885708255308 0.192941181425
v -0.025867071063 -0.0888871705679 0.192941181425
v -0.0257086065286 -0.0891981747279 0.192941181425
v -0.0255393846378 -0.0895034591 0.192941181425
v -0.0253596115616 -0.0898026517423 0.192941181425
v -0.0251695063256 -0.0900953881347 0.192941181425
v -0.0249693005437 -0.0903813116229 0.192941181425
v -0.0247592381361 -0.0906600738533 0.192941181425
v -0.0245395750312 -0.0909313351969 0.192941181425
v -0.0243105788548 -0.0911947651636 0.192941181425
v -0.0240725286034 -0.0914500428046 0.192941181425
v -0.0238257143046 -0.0916968571034 0.192941181425
v -0.0235704366636 -0.0919349073548 0.192941181425
v -0.0233070066969 -0.0921639035312 0.192941181425
v -0.0230357453533 -0.0923835666361 0.192941181425
v -0.0227569831229 -0.0925936290437 0.192941181425
v -0.0262348042536 -0.0861531167878 0.195568069994
v -0.026171532807 -0.0864786201628 0.195568069994
v -0.0260969399996 -0.0868017171082 0.195568069994
v -0.0260111167114 -0.0871220139803 0.195568069994
v -0.0259141675048 -0.0874391205466 0.195568069994
v -0.0258062104975 -0.0877526504616 0.195568069994
v -0.0256873772184 -0.0880622217375 0.195568069994
v -0.0255578124476 -0.0883674572092 0.195568069994
v -0.0254176740398 -0.0886679849945 0.195568069994
v -0.0252671327322 -0.0889634389465 0.195568069994
v -0.025106371936 -0.0892534591 0.195568069994
v -0.0249355875135 -0.0895376921102 0.195568069994
v -0.0247549875393 -0.089815791683 0.195568069994
v -0.0245647920466 -0.0900874189968 0.195568069994
v -0.0243652327593 -0.0903522431156 0.195568069994
v -0.0241565528096 -0.090609941392 0.195568069994
v -0.023939006442 -0.0908601998604 0.195568069994
v -0.0237128587032 -0.0911027136194 0.195568069994
v -0.0234783851194 -0.0913371872032 0.195568069994
v -0.0232358713604 -0.091563334942 0.195568069994
v -0.022985612892 -0.0917808813096 0.195568069994
v -0.0227279146156 -0.0919895612593 0.195568069994
v -0.0264810061919 -0.0861965288323 0.195568069994
v -0.0264160697072 -0.0865305980855 0.195568069994
v -0.0263395139312 -0.0868621975821 0.195568069994
v -0.0262514321354 -0.0871909233192 0.195568069994
v -0.0261519316339 -0.0875163747952 0.195568069994
v -0.0260411336527 -0.0878381554974 0.195568069994
v -0.025919173182 -0.0881558733858 0.195568069994
v -0.025786198812 -0.08846914137 0.195568069994
v -0.0256423725514 -0.0887775777812 0.195568069994
v -0.0254878696304 -0.0890808068372 0.195568069994
v -0.0253228782869 -0.0893784591 0.195568069994
v -0.0251475995375 -0.0896701719263 0.195568069994
v -0.0249622469324 -0.0899555899088 0.195568069994
v -0.0247670462952 -0.0902343653099 0.195568069994
v -0.0245622354477 -0.0905061584844 0.195568069994
v -0.0243480639204 -0.0907706382944 0.195568069994
v -0.0241247926484 -0.091027482512 0.195568069994
v -0.0238926936533 -0.091276378212 0.195568069994
v -0.023652049712 -0.0915170221533 0.195568069994
v -0.023403154012 -0.0917491211484 0.195568069994
v -0.0231463097944 -0.0919723924204 0.195568069994
v -0.0267272081301 -0.0862399408767 0.195568069994
v -0.0266606066073 -0.0865825760082 0.195568069994
v -0.0265820878628 -0.086922678056 0.195568069994
v -0.0264917475594 -0.0872598326582 0.195568069994
v -0.026389695763 -0.0875936290437 0.195568069994
v -0.0262760568079 -0.0879236605333 0.195568069994
v -0.0261509691457 -0.0882495250342 0.195568069994
v -0.0260145851764 -0.0885708255308 0.195568069994
v -0.025867071063 -0.0888871705679 0.195568069994
v -0.0257086065286 -0.0891981747279 0.195568069994
v -0.0255393846378 -0.0895034591 0.195568069994
v -0.0253596115616 -0.0898026517423 0.195568069994
v -0.0251695063256 -0.0900953881347 0.195568069994
v -0.0249693005437 -0.0903813116229 0.195568069994
v -0.0247592381361 -0.0906600738533 0.195568069994
v -0.0245395750312 -0.0909313351969 0.195568069994
v -0.0243105788548 -0.0911947651636 0.195568069994
v -0.0240725286034 -0.0914500428046 0.195568069994
v -0.0238257143046 -0.0916968571034 0.195568069994
v -0.0235704366636 -0.0919349073548 0.195568069994
v -0.0233070066969 -0.0921639035312 0.195568069994
v -0.0262348042536 -0.0861531167878 0.198194958564
v -0.026171532807 -0.0864786201628 0.198194958564
v -0.0260969399996 -0.0868017171082 0.198194958564
v -0.0260111167114 -0.0871220139803 0.198194958564
v -0.0259141675048 -0.0874391205466 0.198194958564
v -0.0258062104975 -0.0877526504616 0.198194958564
v -0.0256873772184 -0.0880622217375 0.198194958564
v -0.0255578124476 -0.0883674572092 0.198194958564
v -0.0254176740398 -0.0886679849945 0.198194958564
v -0.0252671327322 -0.0889634389465 0.198194958564
v -0.025106371936 -0.0892534591 0.198194958564
v -0.0249355875135 -0.0895376921102 0.198194958564
v -0.0247549875393 -0.089815791683 0.198194958564
v -0.0245647920466 -0.0900874189968 0.198194958564
v -0.0243652327593 -0.0903522431156 0.198194958564
v -0.0241565528096 -0.090609941392 0.198194958564
v -0.023939006442 -0.0908601998604 0.198194958564
v -0.0237128587032 -0.0911027136194 0.198194958564
v -0.0234783851194 -0.0913371872032 0.198194958564
v -0.0232358713604 -0.091563334942 0.198194958564
v -0.0264810061919 -0.0861965288323 0.198194958564
v -0.0264160697072 -0.0865305980855 0.198194958564
v -0.0263395139312 -0.0868621975821 0.198194958564
v -0.0262514321354 -0.0871909233192 0.198194958564
v -0.0261519316339 -0.0875163747952 0.198194958564
v -0.0260411336527 -0.0878381554974 0.198194958564
v -0.025919173182 -0.0881558733858 0.198194958564
v -0.025786198812 -0.08846914137 0.198194958564
v -0.0256423725514 -0.0887775777812 0.198194958564
v -0.0254878696304 -0.0890808068372 0.198194958564
v -0.0253228782869 -0.0893784591 0.198194958564
v -0.0251475995375 -0.0896701719263 0.198194958564
v -0.0249622469324 -0.0899555899088 0.198194958564
v -0.0247670462952 -0.0902343653099 0.198194958564
v -0.0245622354477 -0.0905061584844 0.198194958564
v -0.0243480639204 -0.0907706382944 0.198194958564
v -0.0241247926484 -0.091027482512 0.198194958564
v -0.0238926936533 -0.091276378212 0.198194958564
v -0.023652049712 -0.0915170221533 0.198194958564
v -0.0267272081301 -0.0862399408767 0.198194958564
v -0.0266606066073 -0.0865825760082 0.198194958564
v -0.0265820878628 -0.086922678056 0.198194958564
v -0.0264917475594 -0.0872598326582 0.198194958564
v -0.026389695763 -0.0875936290437 0.198194958564
v -0.0262760568079 -0.0879236605333 0.198194958564
v -0.0261509691457 -0.0882495250342 0.198194958564
v -0.0260145851764 -0.0885708255308 0.198194958564
v -0.025867071063 -0.0888871705679 0.198194958564
v -0.0257086065286 -0.0891981747279 0.198194958564
v -0.0255393846378 -0.0895034591 0.198194958564
v -0.0253596115616 -0.0898026517423 0.198194958564
v -0.0251695063256 -0.0900953881347 0.198194958564
v -0.0249693005437 -0.0903813116229 0.198194958564
v -0.0247592381361 -0.0906600738533 0.198194958564
v -0.0245395750312 -0.0909313351969 0.198194958564
v -0.0243105788548 -0.0911947651636 0.198194958564
v -0.0240725286034 -0.0914500428046 0.198194958564
v -0.0238257143046 -0.0916968571034 0.198194958564
v -0.0262348042536 -0.0861531167878 0.200821847133
v -0.026171532807 -0.0864786201628 0.200821847133
v -0.0260969399996 -0.0868017171082 0.200821847133
v -0.0260111167114 -0.0871220139803 0.200821847133
v -0.0259141675048 -0.0874391205466 0.200821847133
v -0.0258062104975 -0.0877526504616 0.200821847133
v -0.0256873772184 -0.0880622217375 0.200821847133
v -0.0255578124476 -0.0883674572092 0.200821847133
v -0.0254176740398 -0.0886679849945 0.200821847133
v -0.0252671327322 -0.0889634389465 0.200821847133
v -0.025106371936 -0.0892534591 0.200821847133
v -0.0249355875135 -0.0895376921102 0.200821847133
v -0.0247549875393 -0.089815791683 0.200821847133
v -0.0245647920466 -0.0900874189968 0.200821847133
v -0.0243652327593 -0.0903522431156 0.200821847133
v -0.0241565528096 -0.090609941392 0.200821847133
v -0.023939006442 -0.0908601998604 0.200821847133
v -0.0237128587032 -0.0911027136194 0.200821847133
v -0.0234783851194 -0.0913371872032 0.200821847133
v -0.0264810061919 -0.0861965288323 0.200821847133
v -0.0264160697072 -0.0865305980855 0.200821847133
v -0.0263395139312 -0.0868621975821 0.200821847133
v -0.0262514321354 -0.0871909233192 0.200821847133
v -0.0261519316339 -0.0875163747952 0.200821847133
v -0.0260411336527 -0.0878381554974 0.200821847133
v -0.025919173182 -0.0881558733858 0.200821847133
v -0.025786198812 -0.08846914137 0.200821847133
v -0.0256423725514 -0.0887775777812 0.200821847133
v -0.0254878696304 -0.0890808068372 0.200821847133
v -0.0253228782869 -0.0893784591 0.200821847133
v -0.0251475995375 -0.0896701719263 0.200821847133
v -0.0249622469324 -0.0899555899088 0.200821847133
v -0.0247670462952 -0.0902343653099 0.200821847133
v -0.0245622354477 -0.0905061584844 0.200821847133
v -0.0243480639204 -0.0907706382944 0.200821847133
v -0.0241247926484 -0.091027482512 0.200821847133
v -0.0238926936533 -0.091276378212 0.200821847133
v -0.0267272081301 -0.0862399408767 0.200821847133
v -0.0266606066073 -0.0865825760082 0.200821847133
v -0.0265820878628 -0.086922678056 0.200821847133
v -0.0264917475594 -0.0872598326582 0.200821847133
v -0.026389695763 -0.0875936290437 0.200821847133
v -0.0262760568079 -0.0879236605333 0.200821847133
v -0.0261509691457 -0.0882495250342 0.200821847133
v -0.0260145851764 -0.0885708255308 0.200821847133
v -0.025867071063 -0.0888871705679 0.200821847133
v -0.0257086065286 -0.0891981747279 0.200821847133
v -0.0255393846378 -0.0895034591 0.200821847133
v -0.0253596115616 -0.0898026517423 0.200821847133
v -0.0251695063256 -0.0900953881347 0.200821847133
v -0.0249693005437 -0.0903813116229 0.200821847133
v -0.0247592381361 -0.0906600738533 0.200821847133
v -0.0245395750312 -0.0909313351969 0.200821847133
v -0.0243105788548 -0.0911947651636 0.200821847133
v -0.0240725286034 -0.0914500428046 0.200821847133
v -0.0262348042536 -0.0861531167878 0.203448735702
v -0.026171532807 -0.0864786201628 0.203448735702
v -0.0260969399996 -0.0868017171082 0.203448735702
v -0.0260111167114 -0.0871220139803 0.203448735702
v -0.0259141675048 -0.0874391205466 0.203448735702
v -0.0258062104975 -0.0877526504616 0.203448735702
v -0.0256873772184 -0.0880622217375 0.203448735702
v -0.0255578124476 -0.0883674572092 0.203448735702
v -0.0254176740398 -0.0886679849945 0.203448735702
v -0.0252671327322 -0.0889634389465 0.203448735702
v -0.025106371936 -0.0892534591 0.203448735702
v -0.0249355875135 -0.0895376921102 0.203448735702
v -0.0247549875393 -0.089815791683 0.203448735702
v -0.0245647920466 -0.0900874189968 0.203448735702
v -0.0243652327593 -0.0903522431156 0.203448735702
v -0.0241565528096 -0.090609941392 0.203448735702
v -0.023939006442 -0.0908601998604 0.203448735702
v -0.0237128587032 -0.0911027136194 0.203448735702
v -0.0264810061919 -0.0861965288323 0.203448735702
v -0.0264160697072 -0.0865305980855 0.203448735702
v -0.0263395139312 -0.0868621975821 0.203448735702
v -0.0262514321354 -0.0871909233192 0.203448735702
v -0.0261519316339 -0.0875163747952 0.203448735702
v -0.0260411336527 -0.0878381554974 0.203448735702
v -0.025919173182 -0.0881558733858 0.203448735702
v -0.025786198812 -0.08846914137 0.203448735702
v -0.0256423725514 -0.0887775777812 0.203448735702
v -0.0254878696304 -0.0890808068372 0.203448735702
v -0.0253228782869 -0.0893784591 0.203448735702
v -0.0251475995375 -0.0896701719263 0.203448735702
v -0.0249622469324 -0.0899555899088 0.203448735702
v -0.0247670462952 -0.0902343653099 0.203448735702
v -0.0245622354477 -0.0905061584844 0.203448735702
v -0.0243480639204 -0.0907706382944 0.203448735702
v -0.0241247926484 -0.091027482512 0.203448735702
v -0.0238926936533 -0.091276378212 0.203448735702
v -0.0267272081301 -0.0862399408767 0.203448735702
v -0.0266606066073 -0.0865825760082 0.203448735702
v -0.0265820878628 -0.086922678056 0.203448735702
v -0.0264917475594 -0.0872598326582 0.203448735702
v -0.026389695763 -0.0875936290437 0.203448735702
v -0.0262760568079 -0.0879236605333 0.203448735702
v -0.0261509691457 -0.0882495250342 0.203448735702
v -0.0260145851764 -0.0885708255308 0.203448735702
v -0.025867071063 -0.0888871705679 0.203448735702
v -0.0257086065286 -0.0891981747279 0.203448735702
v -0.0255393846378 -0.0895034591 0.203448735702
v -0.0253596115616 -0.0898026517423 0.203448735702
v -0.0251695063256 -0.0900953881347 0.203448735702
v -0.0249693005437 -0.0903813116229 0.203448735702
v -0.0247592381361 -0.0906600738533 0.203448735702
v -0.0245395750312 -0.0909313351969 0.203448735702
v -0.0243105788548 -0.0911947651636 0.203448735702
v -0.026171532807 -0.0864786201628 0.206075624271
v -0.0260969399996 -0.0868017171082 0.206075624271
v -0.0260111167114 -0.0871220139803 0.206075624271
v -0.0259141675048 -0.0874391205466 0.206075624271
v -0.0258062104975 -0.0877526504616 0.206075624271
v -0.0256873772184 -0.0880622217375 0.206075624271
v -0.0255578124476 -0.0883674572092 0.206075624271
v -0.0254176740398 -0.0886679849945 0.206075624271
v -0.0252671327322 -0.0889634389465 0.206075624271
v -0.025106371936 -0.0892534591 0.206075624271
v -0.0249355875135 -0.0895376921102 0.206075624271
v -0.0247549875393 -0.089815791683 0.206075624271
v -0.0245647920466 -0.0900874189968 0.206075624271
v -0.0243652327593 -0.0903522431156 0.206075624271
v -0.0241565528096 -0.090609941392 0.206075624271
v -0.023939006442 -0.0908601998604 0.206075624271
v -0.0237128587032 -0.0911027136194 0.206075624271
v -0.0264160697072 -0.0865305980855 0.206075624271
v -0.0263395139312 -0.0868621975821 0.206075624271
v -0.0262514321354 -0.0871909233192 0.206075624271
v -0.0261519316339 -0.0875163747952 0.206075624271
v -0.0260411336527 -0.0878381554974 0.206075624271
v -0.025919173182 -0.0881558733858 0.206075624271
v -0.025786198812 -0.08846914137 0.206075624271
v -0.0256423725514 -0.0887775777812 0.206075624271
v -0.0254878696304 -0.0890808068372 0.206075624271
v -0.0253228782869 -0.0893784591 0.206075624271
v -0.0251475995375 -0.0896701719263 0.206075624271
v -0.0249622469324 -0.0899555899088 0.206075624271
v -0.0247670462952 -0.0902343653099 0.206075624271
v -0.0245622354477 -0.0905061584844 0.206075624271
v -0.0243480639204 -0.0907706382944 0.206075624271
v -0.0241247926484 -0.091027482512 0.206075624271
v -0.0266606066073 -0.0865825760082 0.206075624271
v -0.0265820878628 -0.086922678056 0.206075624271
v -0.0264917475594 -0.0872598326582 0.206075624271
v -0.026389695763 -0.0875936290437 0.206075624271
v -0.0262760568079 -0.0879236605333 0.206075624271
v -0.0261509691457 -0.0882495250342 0.206075624271
v -0.0260145851764 -0.0885708255308 0.206075624271
v -0.025867071063 -0.0888871705679 0.206075624271
v -0.0257086065286 -0.0891981747279 0.206075624271
v -0.0255393846378 -0.0895034591 0.206075624271
v -0.0253596115616 -0.0898026517423 0.206075624271
v -0.0251695063256 -0.0900953881347 0.206075624271
v -0.0249693005437 -0.0903813116229 0.206075624271
v -0.0247592381361 -0.0906600738533 0.206075624271
v -0.0245395750312 -0.0909313351969 0.206075624271
v -0.0243105788548 -0.0911947651636 0.206075624271
v -0.0262348042536 -0.0861531167878 0.20870251284
v -0.026171532807 -0.0864786201628 0.20870251284
v -0.0260969399996 -0.0868017171082 0.20870251284
v -0.0260111167114 -0.0871220139803 0.20870251284
v -0.0259141675048 -0.0874391205466 0.20870251284
v -0.0258062104975 -0.0877526504616 0.20870251284
v -0.0256873772184 -0.0880622217375 0.20870251284
v -0.0255578124476 -0.0883674572092 0.20870251284
v -0.0254176740398 -0.0886679849945 0.20870251284
v -0.0252671327322 -0.0889634389465 0.20870251284
v -0.025106371936 -0.0892534591 0.20870251284
v -0.0249355875135 -0.0895376921102 0.20870251284
v -0.0247549875393 -0.089815791683 0.20870251284
v -0.0245647920466 -0.0900874189968 0.20870251284
v -0.0243652327593 -0.0903522431156 0.20870251284
v -0.0241565528096 -0.090609941392 0.20870251284
v -0.023939006442 -0.0908601998604 0.20870251284
v -0.0237128587032 -0.0911027136194 0.20870251284
v -0.0264810061919 -0.0861965288323 0.20870251284
v -0.0264160697072 -0.0865305980855 0.20870251284
v -0.0263395139312 -0.0868621975821 0.20870251284
v -0.0262514321354 -0.0871909233192 0.20870251284
v -0.0261519316339 -0.0875163747952 0.20870251284
v -0.0260411336527 -0.0878381554974 0.20870251284
v -0.025919173182 -0.0881558733858 0.20870251284
v -0.025786198812 -0.08846914137 0.20870251284
v -0.0256423725514 -0.0887775777812 0.20870251284
v -0.0254878696304 -0.0890808068372 0.20870251284
v -0.0253228782869 -0.0893784591 0.20870251284
v -0.0251475995375 -0.0896701719263 0.20870251284
v -0.0249622469324 -0.0899555899088 0.20870251284
v -0.0247670462952 -0.0902343653099 0.20870251284
v -0.0245622354477 -0.0905061584844 0.20870251284
v -0.0243480639204 -0.0907706382944 0.20870251284
v -0.0241247926484 -0.091027482512 0.20870251284
v -0.0267272081301 -0.0862399408767 0.20870251284
v -0.0266606066073 -0.0865825760082 0.20870251284
v -0.0265820878628 -0.086922678056 0.20870251284
v -0.0264917475594 -0.0872598326582 0.20870251284
v -0.026389695763 -0.0875936290437 0.20870251284
v -0.0262760568079 -0.0879236605333 0.20870251284
v -0.0261509691457 -0.0882495250342 0.20870251284
v -0.0260145851764 -0.0885708255308 0.20870251284
v -0.025867071063 -0.0888871705679 0.20870251284
v -0.0257086065286 -0.0891981747279 0.20870251284
v -0.0255393846378 -0.0895034591 0.20870251284
v -0.0253596115616 -0.0898026517423 0.20870251284
v -0.0251695063256 -0.0900953881347 0.20870251284
v -0.0249693005437 -0.0903813116229 0.20870251284
v -0.0247592381361 -0.0906600738533 0.20870251284
v -0.0245395750312 -0.0909313351969 0.20870251284
v -0.0243105788548 -0.0911947651636 0.20870251284
v -0.026171532807 -0.0864786173566 0.21133273088
v -0.0260969399996 -0.086801713843 0.211333275515
v -0.0260111167114 -0.08712201026 0.21133381543
v -0.0259141675048 -0.0874391163757 0.211334349967
v -0.0258062104975 -0.0877526458453 0.211334878475
v -0.0256873772184 -0.0880622166814 0.21133540031
v -0.0255578124476 -0.0883674517195 0.211335914836
v -0.0254176740398 -0.0886679790778 0.211336421427
v -0.0252671327322 -0.08896343261 0.211336919465
v -0.025106371936 -0.0892534523515 0.211337408343
v -0.0249355875135 -0.0895376849579 0.211337887467
v -0.0247549875393 -0.0898157841355 0.211338356251
v -0.0245647920466 -0.0900874110634 0.211338814125
v -0.0243652327593 -0.090352234806 0.211339260531
v -0.0241565528096 -0.0906099327163 0.211339694925
v -0.023939006442 -0.0908601908291 0.211340116779
v -0.0237128587032 -0.0911027042435 0.211340525577
v -0.0264160697072 -0.0865305952054 0.211332818497
v -0.0263395139312 -0.0868621942309 0.211333377465
v -0.0262514321354 -0.087190919501 0.211333931588
v -0.0261519316339 -0.0875163705146 0.211334480192
v -0.0260411336527 -0.0878381507597 0.211335022608
v -0.025919173182 -0.0881558681967 0.211335558176
v -0.025786198812 -0.0884691357358 0.211336086242
v -0.0256423725514 -0.0887775717088 0.211336606164
v -0.0254878696304 -0.0890808003339 0.211337117309
v -0.0253228782869 -0.0893784521739 0.211337619052
v -0.0251475995375 -0.0896701645857 0.211338110784
v -0.0249622469324 -0.0899555821628 0.211338591905
v -0.0247670462952 -0.0902343571677 0.211339061828
v -0.0245622354477 -0.0905061499561 0.211339519982
v -0.0243480639204 -0.0907706293904 0.211339965807
v -0.0241247926484 -0.091027473243 0.211340398762
v -0.0266606066073 -0.0865825730543 0.211332906115
v -0.0265820878628 -0.0869226746189 0.211333479415
v -0.0264917475594 -0.0872598287421 0.211334047746
v -0.026389695763 -0.0875936246534 0.211334610417
v -0.0262760568079 -0.087923655674 0.211335166741
v -0.0261509691457 -0.088249519712 0.211335716041
v -0.0260145851764 -0.0885708197521 0.211336257648
v -0.025867071063 -0.0888871643398 0.211336790902
v -0.0257086065286 -0.0891981680579 0.211337315152
v -0.0255393846378 -0.0895034519963 0.211337829761
v -0.0253596115616 -0.0898026442135 0.211338334101
v -0.0251695063256 -0.09009538019 0.211338827558
v -0.0249693005437 -0.090381303272 0.211339309531
v -0.0247592381361 -0.0906600651063 0.211339779432
v -0.0245395750312 -0.0909313260645 0.211340236689
v -0.0243105788548 -0.091194755657 0.211340680746
v -0.0262348042536 -0.0861442457956 0.213963274303
v -0.026171532807 -0.0864697462342 0.213964656897
v -0.0260969399996 -0.086792840265 0.21396602927
v -0.0260111167114 -0.0871131342477 0.213967389749
v -0.0259141675048 -0.0874302379534 0.213968736677
v -0.0258062104975 -0.0877437650401 0.213970068412
v -0.0256873772184 -0.0880533335234 0.213971383334
v -0.0255578124476 -0.0883585662416 0.213972679839
v -0.0254176740398 -0.0886590913159 0.213973956347
v -0.0252671327322 -0.0889545426026 0.213975211304
v -0.025106371936 -0.0892445601399 0.213976443181
v -0.0249355875135 -0.089528790586 0.213977650477
v -0.0247549875393 -0.0898068876501 0.213978831721
v -0.0245647920466 -0.0900785125136 0.213979985473
v -0.0243652327593 -0.0903433342434 0.213981110328
v -0.0241565528096 -0.0906010301952 0.213982204916
v -0.023939006442 -0.090851286406 0.213983267903
v -0.0237128587032 -0.0910937979773 0.213984297994
v -0.0264810061919 -0.0861876574484 0.213963458698
v -0.0264160697072 -0.086521723688 0.213964877676
v -0.0263395139312 -0.0868533201933 0.213966286164
v -0.0262514321354 -0.087182042965 0.213967682445
v -0.0261519316339 -0.0875074915051 0.213969064818
v -0.0260411336527 -0.0878292693046 0.2139704316
v -0.025919173182 -0.0881469843269 0.213971781124
v -0.025786198812 -0.0884602494851 0.213973111748
v -0.0256423725514 -0.0887686831139 0.213974421849
v -0.0254878696304 -0.0890719094345 0.213975709831
v -0.0253228782869 -0.0893695590123 0.213976974126
v -0.0251475995375 -0.089661269207 0.213978213192
v -0.0249622469324 -0.0899466846149 0.213979425521
v -0.0247670462952 -0.0902254575011 0.213980609636
v -0.0245622354477 -0.0904972482238 0.213981764092
v -0.0243480639204 -0.090761725648 0.213982887485
v -0.0241247926484 -0.0910185675486 0.213983978445
v -0.0267272081301 -0.0862310691012 0.213963643094
v -0.0266606066073 -0.0865737011418 0.213965098456
v -0.0265820878628 -0.0869138001216 0.213966543058
v -0.0264917475594 -0.0872509516824 0.213967975141
v -0.026389695763 -0.0875847450568 0.21396939296
v -0.0262760568079 -0.0879147735691 0.213970794787
v -0.0261509691457 -0.0882406351304 0.213972178915
v -0.0260145851764 -0.0885619327286 0.213973543657
v -0.025867071063 -0.088878274912 0.21397488735
v -0.0257086065286 -0.0891892762664 0.213976208358
v -0.0255393846378 -0.0894945578846 0.21397750507
v -0.0253596115616 -0.089793747828 0.213978775908
v -0.0251695063256 -0.0900864815796 0.213980019322
v -0.0249693005437 -0.0903724024885 0.213981233798
v -0.0247592381361 -0.0906511622042 0.213982417856
v -0.0245395750312 -0.0909224211008 0.213983570054
v -0.0243105788548 -0.0911858486911 0.213984688988
v -0.0262348042536 -0.0861307179966 0.216599681287
v -0.026171532807 -0.0864562049707 0.216602948817
v -0.0260969399996 -0.0867792856366 0.216606192191
v -0.0260111167114 -0.0870995663702 0.216609407456
v -0.0259141675048 -0.0874166569588 0.216612590696
v -0.0258062104975 -0.0877301710763 0.216615738032
v -0.0256873772184 -0.0880397267542 0.21661884563
v -0.0255578124476 -0.0883449468464 0.216621909703
v -0.0254176740398 -0.0886454594893 0.216624926518
v -0.0252671327322 -0.0889408985545 0.216627892401
v -0.025106371936 -0.0892309040951 0.216630803737
v -0.0249355875135 -0.089515122784 0.216633656979
v -0.0247549875393 -0.0897932083444 0.216636448651
v -0.0245647920466 -0.0900648219721 0.216639175353
v -0.0243652327593 -0.0903296327475 0.216641833761
v -0.0241565528096 -0.0905873180395 0.216644420637
v -0.023939006442 -0.0908375638984 0.216646932829
v -0.0237128587032 -0.0910800654381 0.216649367278
v -0.0264810061919 -0.0861741278536 0.216600117074
v -0.0264160697072 -0.0865081802745 0.216603470592
v -0.0263395139312 -0.0868397630631 0.216606799317
v -0.0262514321354 -0.0871684722371 0.216610099195
v -0.0261519316339 -0.0874939073149 0.216613366204
v -0.0260411336527 -0.0878156718039 0.216616596365
v -0.025919173182 -0.0881333736838 0.216619785741
v -0.025786198812 -0.0884466258837 0.216622930448
v -0.0256423725514 -0.088755046754 0.216626026654
v -0.0254878696304 -0.0890582605315 0.216629070586
v -0.0253228782869 -0.0893558977969 0.216632058536
v -0.0251475995375 -0.0896475959249 0.216634986863
v -0.0249622469324 -0.0899329995264 0.216637852001
v -0.0247670462952 -0.0902117608811 0.216640650457
v -0.0245622354477 -0.0904835403611 0.216643378824
v -0.0243480639204 -0.0907480068451 0.216646033775
v -0.0241247926484 -0.0910048381213 0.216648612078
v -0.0267272081301 -0.0862175377107 0.216600552861
v -0.0266606066073 -0.0865601555782 0.216603992366
v -0.0265820878628 -0.0869002404897 0.216607406444
v -0.0264917475594 -0.087237378104 0.216610790934
v -0.026389695763 -0.0875711576709 0.216614141713
v -0.0262760568079 -0.0879011725315 0.216617454698
v -0.0261509691457 -0.0882270206134 0.216620725853
v -0.0260145851764 -0.088548304921 0.216623951194
v -0.025867071063 -0.0888646340188 0.216627126789
v -0.0257086065286 -0.0891756225085 0.21663024877
v -0.0255393846378 -0.0894808914986 0.216633313334
v -0.0253596115616 -0.0897800690659 0.216636316747
v -0.0251695063256 -0.0900727907085 0.21663925535
v -0.0249693005437 -0.0903586997902 0.216642125562
v -0.0247592381361 -0.0906374479748 0.216644923886
v -0.0245395750312 -0.0909086956506 0.216647646914
v -0.0243105788548 -0.0911721123442 0.216650291327
v -0.0262348042536 -0.0860912734201 0.219238338892
v -0.026171532807 -0.0864167277524 0.219243989084
v -0.0260969399996 -0.0867397760178 0.219249597504
v -0.0260111167114 -0.0870600246317 0.21925515732
v -0.0259141675048 -0.0873770834205 0.219260661757
v -0.0258062104975 -0.087690566097 0.21926610411
v -0.0256873772184 -0.0880000907307 0.219271477747
v -0.0255578124476 -0.0883052802135 0.219276776122
v -0.0254176740398 -0.0886057627192 0.219281992779
v -0.0252671327322 -0.088901172156 0.219287121364
v -0.025106371936 -0.0891911486131 0.219292155626
v -0.0249355875135 -0.0894753387987 0.219297089434
v -0.0247549875393 -0.0897533964711 0.219301916775
v -0.0245647920466 -0.0900249828596 0.219306631769
v -0.0243652327593 -0.0902897670782 0.219311228671
v -0.0241565528096 -0.090547426528 0.21931570188
v -0.023939006442 -0.0907976472907 0.219320045947
v -0.0237128587032 -0.0910401245108 0.219324255578
v -0.0264810061919 -0.0861346789238 0.219239092453
v -0.0264160697072 -0.0864686978438 0.219244891334
v -0.0263395139312 -0.0868002473793 0.219250647344
v -0.0262514321354 -0.0871289235883 0.21925635347
v -0.0261519316339 -0.0874543260295 0.219262002761
v -0.0260411336527 -0.08777605825 0.219267588333
v -0.025919173182 -0.0880937282688 0.219273103382
v -0.025786198812 -0.0884069490538 0.219278541188
v -0.0256423725514 -0.0887153389939 0.219283895126
v -0.0254878696304 -0.0890185223632 0.219289158673
v -0.0253228782869 -0.0893161297797 0.219294325416
v -0.0251475995375 -0.0896077986545 0.219299389061
v -0.0249622469324 -0.089893173634 0.219304343438
v -0.0247670462952 -0.0901719070327 0.21930918251
v -0.0245622354477 -0.090443659257 0.219313900383
v -0.0243480639204 -0.0907080992187 0.219318491308
v -0.0241247926484 -0.0909649047383 0.219322949692
v -0.0267272081301 -0.0861780844274 0.219239846013
v -0.0266606066073 -0.0865206679351 0.219245793583
v -0.0265820878628 -0.0868607187408 0.219251697183
v -0.0264917475594 -0.0871978225449 0.219257549621
v -0.026389695763 -0.0875315686384 0.219263343765
v -0.0262760568079 -0.0878615504031 0.219269072557
v -0.0261509691457 -0.0881873658069 0.219274729018
v -0.0260145851764 -0.0885086178942 0.219280306254
v -0.025867071063 -0.0888249152685 0.219285797473
v -0.0257086065286 -0.0891358725704 0.219291195982
v -0.0255393846378 -0.0894411109463 0.219296495206
v -0.0253596115616 -0.0897402585102 0.219301688688
v -0.0251695063256 -0.0900329507969 0.2193067701
v -0.0249693005437 -0.0903188312058 0.219311733251
v -0.0247592381361 -0.0905975514359 0.219316572095
v -0.0245395750312 -0.0908687719094 0.219321280736
v -0.0243105788548 -0.0911321621859 0.219325853438
v -0.0262348042536 -0.0860390288496 0.221879646007
v -0.026171532807 -0.086364418339 0.221888255725
v -0.0260969399996 -0.0866874022409 0.221896801792
v -0.0260111167114 -0.0870075870491 0.221905273796
v -0.0259141675048 -0.0873245826678 0.221913661415
v -0.0258062104975 -0.0876380028865 0.221921954429
v -0.0256873772184 -0.0879474658512 0.221930142736
v -0.0255578124476 -0.0882525945287 0.221938216359
v -0.0254176740398 -0.0885530171668 0.221946165461
v -0.0252671327322 -0.0888483677468 0.221953980358
v -0.025106371936 -0.0891382864296 0.221961651528
v -0.0249355875135 -0.0894224199938 0.221969169625
v -0.0247549875393 -0.0897004222664 0.221976525491
v -0.0245647920466 -0.0899719545447 0.221983710162
v -0.0243652327593 -0.0902366860081 0.221990714885
v -0.0241565528096 -0.0904942941224 0.221997531126
v -0.023939006442 -0.0907444650316 0.222004150581
v -0.0237128587032 -0.0909868939411 0.222010565185
v -0.0264160697072 -0.086416378076 0.221889630566
v -0.0263395139312 -0.0867478615542 0.221898401529
v -0.0262514321354 -0.0870764722784 0.221907096481
v -0.0261519316339 -0.087401809887 0.221915704826
v -0.0260411336527 -0.0877234780063 0.221924216078
v -0.025919173182 -0.0880410847331 0.221932619866
v -0.025786198812 -0.0883542431127 0.221940905953
v -0.0256423725514 -0.0886625716097 0.221949064242
v -0.0254878696304 -0.0889656945734 0.221957084794
v -0.0253228782869 -0.0892632426952 0.221964957837
v -0.0251475995375 -0.0895548534585 0.221972673779
v -0.0249622469324 -0.0898401715804 0.22198022322
v -0.0247670462952 -0.0901188494449 0.221987596961
v -0.0245622354477 -0.0903905475258 0.221994786019
v -0.0243480639204 -0.090654934801 0.222001781635
v -0.0241247926484 -0.0909116891552 0.222008575286
v -0.0238926936533 -0.0911604977728 0.222015158695
v -0.0266606066073 -0.0864683378129 0.221891005407
v -0.0265820878628 -0.0868083208675 0.221900001267
v -0.0264917475594 -0.0871453575077 0.221908919165
v -0.026389695763 -0.0874790371063 0.221917748238
v -0.0262760568079 -0.0878089531261 0.221926477727
v -0.0261509691457 -0.0881347036151 0.221935096997
v -0.0260145851764 -0.0884558916967 0.221943595547
v -0.025867071063 -0.0887721260526 0.221951963023
v -0.0257086065286 -0.0890830214 0.22196018923
v -0.0255393846378 -0.0893881989608 0.221968264146
v -0.0253596115616 -0.0896872869231 0.221976177933
v -0.0251695063256 -0.0899799208944 0.221983920949
v -0.0249693005437 -0.0902657443451 0.221991483761
v -0.0247592381361 -0.0905444090435 0.221998857154
v -0.0245395750312 -0.0908155754796 0.222006032144
v -0.0243105788548 -0.0910789132788 0.222012999992
v -0.026171532807 -0.0862764458762 0.224541425242
v -0.0260969399996 -0.0865992779093 0.224554506317
v -0.0260111167114 -0.0869193121649 0.224567474028
v -0.0259141675048 -0.0872361587305 0.224580312573
v -0.0258062104975 -0.0875494315774 0.224593006313
v -0.0256873772184 -0.0878587490308 0.224605539781
v -0.0255578124476 -0.0881637342352 0.224617897707
v -0.0254176740398 -0.088464015613 0.224630065035
v -0.0252671327322 -0.0887592273176 0.224642026942
v -0.025106371936 -0.089049009679 0.224653768853
v -0.0249355875135 -0.0893330096421 0.224665276462
v -0.0247549875393 -0.0896108811966 0.22467653575
v -0.0245647920466 -0.0898822857988 0.224687532998
v -0.0243652327593 -0.0901468927842 0.224698254809
v -0.0241565528096 -0.0904043797697 0.224708688119
v -0.023939006442 -0.0906544330472 0.224718820217
v -0.0237128587032 -0.0908967479653 0.224728638759
v -0.0264160697072 -0.0863283811814 0.224543529648
v -0.0263395139312 -0.0866597087943 0.224556954962
v -0.0262514321354 -0.086988165004 0.224570263928
v -0.0261519316339 -0.0873133496371 0.22458344033
v -0.0260411336527 -0.0876348665063 0.224596468115
v -0.025919173182 -0.0879523238927 0.224609331411
v -0.025786198812 -0.0882653350235 0.224622014546
v -0.0256423725514 -0.0885735185428 0.224634502068
v -0.0254878696304 -0.0888764989765 0.224646778761
v -0.0253228782869 -0.0891739071895 0.224658829669
v -0.0251475995375 -0.0894653808358 0.224670640111
v -0.0249622469324 -0.0897505647997 0.224682195696
v -0.0247670462952 -0.0900291116283 0.224693482345
v -0.0245622354477 -0.0903006819553 0.224704486309
v -0.0243480639204 -0.0905649449142 0.22471519418
v -0.0241247926484 -0.0908215785411 0.224725592912
v -0.0238926936533 -0.0910702701675 0.224735669836
v -0.0266606066073 -0.0863803164865 0.224545634054
v -0.0265820878628 -0.0867201396793 0.224559403607
v -0.0264917475594 -0.0870570178431 0.224573053828
v -0.026389695763 -0.0873905405437 0.224586568087
v -0.0262760568079 -0.0877203014352 0.224599929918
v -0.0261509691457 -0.0880458987546 0.224613123042
v -0.0260145851764 -0.0883669358118 0.224626131386
v -0.025867071063 -0.0886830214727 0.2246389391
v -0.0257086065286 -0.0889937706354 0.22465153058
v -0.0255393846378 -0.0892988047 0.224663890486
v -0.0253596115616 -0.0895977520296 0.224676003759
v -0.0251695063256 -0.0898902484027 0.224687855641
v -0.0249693005437 -0.0901759374578 0.224699431692
v -0.0247592381361 -0.0904544711265 0.224710717809
v -0.0245395750312 -0.0907255100587 0.22472170024
v -0.0243105788548 -0.090988724035 0.224732365607
v -0.0261715327838 -0.0861495582014 0.227191356925
v -0.0260969399766 -0.0864721937607 0.227208617632
v -0.0260111166886 -0.0867920332902 0.227225727913
v -0.0259141674822 -0.0871086871144 0.227242666922
v -0.0258062104752 -0.0874217694396 0.227259414021
v -0.0256873771964 -0.0877308988231 0.227275948807
v -0.0255578124259 -0.0880356986385 0.227292251134
v -0.0254176740185 -0.088335797534 0.227308301141
v -0.0252671327112 -0.0886308298854 0.227324079273
v -0.0251063719154 -0.0889204362413 0.227339566307
v -0.0249355874934 -0.0892042637609 0.227354743375
v -0.0247549875196 -0.0894819666441 0.227369591984
v -0.0245647920274 -0.0897532065526 0.227384094046
v -0.0243652327406 -0.0900176530225 0.227398231891
v -0.0241565527914 -0.0902749838665 0.227411988294
v -0.0239390064244 -0.0905248855666 0.227425346496
v -0.0237128586861 -0.0907670536559 0.227438290221
v -0.0264160696833 -0.0862014609299 0.227194151834
v -0.0263395139076 -0.0865325868987 0.22721186677
v -0.026251432112 -0.0868608432579 0.227229427322
v -0.0261519316107 -0.0871858300775 0.227246812094
v -0.0260411336298 -0.0875071514113 0.227263999906
v -0.0259191731594 -0.0878244157786 0.227280969818
v -0.0257861987898 -0.0881372366417 0.227297701154
v -0.0256423725295 -0.0884452328766 0.227314173529
v -0.0254878696089 -0.0887480292373 0.227330366876
v -0.0253228782658 -0.089045256813 0.227346261463
v -0.0251475995169 -0.0893365534778 0.227361837927
v -0.0249622469122 -0.0896215643316 0.22737707729
v -0.0247670462754 -0.0898999421325 0.227391960985
v -0.0245622354285 -0.09017134772 0.227406470878
v -0.0243480639017 -0.0904354504283 0.227420589292
v -0.0241247926303 -0.0906919284889 0.227434299025
v -0.0238926936358 -0.0909404694228 0.227447583374
v -0.0266606065829 -0.0862533636584 0.227196946744
v -0.0265820878385 -0.0865929800367 0.227215115909
v -0.0264917475354 -0.0869296532256 0.227233126731
v -0.0263896957392 -0.0872629730406 0.227250957266
v -0.0262760567844 -0.0875925333829 0.227268585792
v -0.0261509691225 -0.087917932734 0.227285990829
v -0.0260145851536 -0.0882387746449 0.227303151174
v -0.0258670710405 -0.0885546682191 0.227320045918
v -0.0257086065065 -0.0888652285891 0.227336654478
v -0.0255393846162 -0.0891700773847 0.227352956619
v -0.0253596115404 -0.0894688431948 0.22736893248
v -0.0251695063048 -0.0897611620192 0.227384562595
v -0.0249693005235 -0.0900466777124 0.227399827923
v -0.0247592381164 -0.0903250424176 0.227414709865
v -0.024539575012 -0.0905959169902 0.22742919029
v -0.0243105788362 -0.0908589714113 0.227443251554
v -0.0261711490861 -0.0859907635305 0.229868991212
v -0.0260965563779 -0.0863129797344 0.229892831699
v -0.0260107332038 -0.086632404934 0.229916446265
v -0.025913784126 -0.0869486499587 0.229939806138
v -0.0264156856612 -0.0860425687449 0.229873243643
v -0.026339129987 -0.0863732643226 0.229897711511
v -0.0262510483083 -0.0867010954485 0.229921947513
v -0.026151547939 -0.0870256627107 0.22994592212
v -0.0265817035962 -0.0864335489108 0.229902591324
v -0.0264913634129 -0.086769785963 0.229927448762
v -0.0260024299265 -0.0863879102434 0.232636526477
v -0.0259054820143 -0.0867034298587 0.232668215557
v -0.0257975264484 -0.0870153970693 0.232699485004
v -0.025678694756 -0.0873234317914 0.232730296721
v -0.0255491317152 -0.0876271587321 0.232760613169
v -0.0254089951785 -0.0879262078469 0.232790397412
v -0.0252584558808 -0.0882202147904 0.232819613162
v -0.0250976972311 -0.0885088213606 0.232848224825
v -0.0249269150889 -0.0887916759347 0.232876197541
v -0.0247463175261 -0.0890684338982 0.23290349723
v -0.0245561245728 -0.0893387580639 0.232930090632
v -0.02435656795 -0.0896023190835 0.232955945346
v -0.0241478907867 -0.0898587958486 0.232981029874
v -0.0239303473237 -0.0901078758818 0.233005313652
v -0.0237042026044 -0.0903492557172 0.233028767095
v -0.0262427421418 -0.0864563376253 0.232644756458
v -0.0261432429688 -0.0867801603883 0.232677279461
v -0.0260324464669 -0.0871003372624 0.232709371788
v -0.0259104876247 -0.0874164781614 0.23274099434
v -0.0257775150302 -0.0877281979163 0.232772108589
v -0.0256336906899 -0.0880351167446 0.232802676628
v -0.0254791898318 -0.088336860713 0.232832661214
v -0.0253142006913 -0.0886330621929 0.232862025815
v -0.0251389242822 -0.0889233603085 0.232890734655
v -0.0249535741519 -0.0892074013762 0.232918752757
v -0.0247583761209 -0.0894848393357 0.232946045985
v -0.0245535680081 -0.0897553361717 0.232972581087
v -0.0243393993404 -0.0900185623254 0.232998325733
v -0.0241161310495 -0.0902741970962 0.233023248558
v -0.0238840351534 -0.0905219290326 0.233047319197
v -0.0264830543571 -0.0865247650071 0.232652986439
v -0.0263810039233 -0.0868568909179 0.232686343365
v -0.0262673664855 -0.0871852774555 0.232719258572
v -0.0261422804934 -0.0875095245313 0.232751691959
v -0.0260058983452 -0.0878292371005 0.232783604009
v -0.0258583862013 -0.0881440256423 0.232814955844
v -0.0256999237827 -0.0884535066355 0.232845709265
v -0.0255307041514 -0.0887573030252 0.232875826804
v -0.0253509334755 -0.0890550446822 0.232905271769
v -0.0251608307777 -0.0893463688542 0.232934008284
v -0.024960627669 -0.0896309206076 0.232962001338
v -0.0247505680661 -0.0899083532599 0.232989216827
v -0.0245309078941 -0.0901783288021 0.233015621593
v -0.0243019147753 -0.0904405183106 0.233041183465
v -0.0258856241793 -0.0863823661906 0.235447849674
v -0.0257776794542 -0.0866934727628 0.235486790143
v -0.0256588596947 -0.0870006751733 0.235525055881
v -0.0255293096645 -0.0873035991435 0.235562600269
v -0.0253891872002 -0.0876018756071 0.235599377562
v -0.0252386630195 -0.0878951411601 0.235635342955
v -0.025077920513 -0.0881830385038 0.235670452629
v -0.0249071555206 -0.0884652168794 0.235704663808
v -0.0247265760931 -0.0887413324962 0.23573793481
v -0.0245364022389 -0.0890110489497 0.235770225101
v -0.0243368656553 -0.0892740376321 0.23580149534
v -0.0241282094471 -0.0895299781321 0.235831707428
v -0.0239106878297 -0.0897785586256 0.235860824558
v -0.0236845658196 -0.0900194762557 0.235888811253
v -0.0261233612581 -0.0864585075171 0.235461398836
v -0.0260125758823 -0.0867778011043 0.235501364054
v -0.025890629287 -0.0870930877888 0.235540636786
v -0.0257576700455 -0.0874039834424 0.235579169183
v -0.0256138601479 -0.0877101092866 0.235616914301
v -0.0254593748046 -0.0880110923542 0.235653826151
v -0.0252944022321 -0.0883065659437 0.235689859764
v -0.0251191434241 -0.088596170066 0.235724971236
v -0.0249338119065 -0.0888795518832 0.235759117792
v -0.0247386334771 -0.0891563661382 0.235792257827
v -0.0245338459308 -0.0894262755754 0.235824350967
v -0.0243196987698 -0.0896889513517 0.23585535811
v -0.0240964528992 -0.0899440734372 0.23588524148
v -0.0238643803099 -0.0901913310049 0.235913964667
v -0.0262474723104 -0.0868621294457 0.235515937965
v -0.0261223988794 -0.0871855004042 0.23555621769
v -0.0259860304265 -0.0875043677412 0.235595738098
v -0.0258385330956 -0.087818342966 0.235634451039
v -0.0256800865897 -0.0881270435482 0.235672309347
v -0.0255108839512 -0.0884300933836 0.235709266898
v -0.0253311313276 -0.0887271232527 0.235745278665
v -0.0251410477198 -0.0890177712703 0.235780300773
v -0.0249408647153 -0.0893016833267 0.235814290553
v -0.0247308262063 -0.0895785135187 0.235847206594
v -0.0245111880924 -0.0898479245713 0.235879008792
v -0.0242822179688 -0.0901095882487 0.235909658402
v -0.0258752117668 -0.0845158939506 0.243366789033
v -0.0257672983441 -0.0848078377298 0.243481153565
v -0.0256485130407 -0.085095971749 0.243594399146
v -0.0255190005781 -0.0853799449613 0.243706387805
v -0.0253789187474 -0.0856594113891 0.243816983101
v -0.0252284382166 -0.0859340305457 0.24392605029
v -0.0250677423232 -0.0862034678498 0.244033456492
v -0.0248970268502 -0.0864673950336 0.244139070847
v -0.0247164997883 -0.0867254905426 0.244242764681
v -0.0245263810818 -0.086977439927 0.244344411659
v -0.024326902361 -0.0872229362253 0.24444388794
v -0.0241183066602 -0.0874616803382 0.244541072328
v -0.023900848121 -0.0876933813928 0.244635846417
v -0.0236747916831 -0.0879177570969 0.244728094742
v -0.0261128799051 -0.0845905005235 0.243387948317
v -0.0260021266556 -0.0848901270337 0.243505322442
v -0.0258802154231 -0.0851858435271 0.24362154817
v -0.0257472947378 -0.0854772897187 0.243736483899
v -0.0256035265431 -0.0857641105262 0.243849989598
v -0.0254490859984 -0.0860459565026 0.243961926976
v -0.0252841612656 -0.0863224842621 0.244072159656
v -0.0251089532802 -0.0865933568982 0.244180553336
v -0.0249236755061 -0.0868582443942 0.244286975955
v -0.0247285536758 -0.0871168240255 0.244391297854
v -0.024523825515 -0.0873687807528 0.244493391932
v -0.0243097404536 -0.0876138076055 0.244593133804
v -0.0240865593213 -0.0878516060562 0.244690401948
v -0.0238545540298 -0.0880818863841 0.24478507786
v -0.0263505480435 -0.0846651070963 0.243409107601
v -0.026236954967 -0.0849724163376 0.243529491319
v -0.0261119178055 -0.0852757153052 0.243648697194
v -0.0259755888975 -0.085574634476 0.243766579993
v -0.0258281343389 -0.0858688096632 0.243882996094
v -0.0256697337802 -0.0861578824596 0.243997803661
v -0.0255005802081 -0.0864415006744 0.244110862821
v -0.0253208797103 -0.0867193187627 0.244222035826
v -0.025130851224 -0.0869909982458 0.24433118723
v -0.0249307262698 -0.0872562081241 0.244438184049
v -0.024720748669 -0.0875146252803 0.244542895924
v -0.0245011742471 -0.0877659348728 0.24464519528
v -0.0242722705216 -0.0880098307197 0.244744957479
v -0.0240343163764 -0.0882460156713 0.244842060979
v -0.0261623966896 -0.0824876542192 0.245753095357
v -0.0260878055706 -0.0827809765003 0.245888572024
v -0.0260019842249 -0.0830717233521 0.2460229472
v -0.0259050372127 -0.0833595405442 0.246156057169
v -0.0257970826489 -0.0836440774156 0.246287739757
v -0.0256782520595 -0.0839249873022 0.246417834529
v -0.0255486902213 -0.0842019279583 0.246546182985
v -0.0254085549855 -0.0844745619746 0.246672628752
v -0.0252580170852 -0.0847425571884 0.246797017774
v -0.0250972599277 -0.0850055870889 0.246919198505
v -0.0249264793708 -0.0852633312146 0.247039022084
v -0.0247458834843 -0.085515475544 0.247156342525
v -0.0245556922966 -0.0857617128782 0.247271016892
v -0.0243561375261 -0.0860017432148 0.247382905471
v -0.0241474622998 -0.0862352741138 0.247491871944
v -0.0239299208562 -0.0864620210539 0.247597783551
v -0.0237037782361 -0.0866817077787 0.247700511256
v -0.0234693099594 -0.086894066634 0.2477999299
v -0.0264069280548 -0.0825355634658 0.24577332196
v -0.0263303740117 -0.0828366047544 0.245912363803
v -0.0262422942095 -0.083135002839 0.246050275168
v -0.0261427959601 -0.0834303941677 0.246186888031
v -0.0260320004867 -0.0837224188516 0.24632203595
v -0.0259100427766 -0.0840107211036 0.246455554269
v -0.0257770714164 -0.0842949496717 0.246587280315
v -0.0256332484112 -0.0845747582674 0.246717053602
v -0.0254787489872 -0.0848498059868 0.24684471602
v -0.0253137613782 -0.0851197577268 0.246970112033
v -0.0251384865961 -0.0853842845926 0.247093088864
v -0.0249531381863 -0.0856430642992 0.247213496686
v -0.0247579419673 -0.0858957815632 0.247331188799
v -0.0245531357555 -0.0861421284876 0.247446021815
v -0.0243389690759 -0.0863818049366 0.247557855826
v -0.0241157028575 -0.0866145189014 0.247666554581
v -0.0238836091157 -0.0868399868559 0.247771985646
v -0.0236429706212 -0.087057934102 0.247874020571
v -0.0266514594201 -0.0825834727124 0.245793548564
v -0.0265729424527 -0.0828922330084 0.245936155582
v -0.0264826041942 -0.083198282326 0.246077603136
v -0.0263805547076 -0.0835012477913 0.246217718892
v -0.0262669183246 -0.0838007602876 0.246356332143
v -0.0261418334937 -0.084096454905 0.246493274008
v -0.0260054526114 -0.0843879713852 0.246628377646
v -0.0258579418369 -0.0846749545602 0.246761478453
v -0.0256994808892 -0.0849570547853 0.246892414267
v -0.0255302628286 -0.0852339283647 0.247021025561
v -0.0253504938214 -0.0855052379707 0.247147155645
v -0.0251603928883 -0.0857706530543 0.247270650846
v -0.024960191638 -0.0860298502482 0.247391360706
v -0.0247501339849 -0.0862825137604 0.247509138158
v -0.0245304758519 -0.0865283357594 0.247623839708
v -0.0243014848587 -0.0867670167489 0.24773532561
v -0.0240634399954 -0.086998265933 0.247843460036
v -0.0262347501889 -0.0809760369898 0.248042773574
v -0.0261714791079 -0.0812667629916 0.248189166487
v -0.0260968867316 -0.0815553216697 0.248334512935
v -0.0260110639394 -0.0818413614598 0.248478635833
v -0.025914115293 -0.0821245338664 0.248621359591
v -0.0258061589096 -0.0824044938876 0.248762510322
v -0.0256873263172 -0.0826809004353 0.248901916056
v -0.0264809507044 -0.0810151996381 0.248061524391
v -0.026416014595 -0.0813135763241 0.24821176975
v -0.0263394592614 -0.0816097286516 0.248360941104
v -0.0262513779746 -0.0819032958046 0.24850885671
v -0.0261518780481 -0.0821939201167 0.248655336357
v -0.0260410807072 -0.0824812475069 0.24880020158
v -0.0259191209413 -0.0827649279111 0.248943275885
v -0.0267271512199 -0.0810543622863 0.248080275208
v -0.026660550082 -0.0813603896567 0.248234373012
v -0.0265820317912 -0.0816641356336 0.248387369273
v -0.0264916920099 -0.0819652301495 0.248539077587
v -0.0263896408032 -0.082263306367 0.248689313122
v -0.0262760025048 -0.0825580011262 0.248837892838
v -0.0261509155655 -0.0828489553869 0.248984635715
v 0.232897792383 0.185847072025 0.0190935205074
v 0.232868066291 0.185520673841 0.0190431587329
v 0.232827132454 0.185195873146 0.0189903889272
v 0.232775040744 0.184873065659 0.0189352753821
v 0.233110149118 0.185486168731 0.0190951712528
v 0.233068138074 0.185152820649 0.019041012768
v 0.23301467553 0.184821518228 0.0189844488665
v 0.233309143695 0.185109768153 0.0190916366089
v 0.233254310317 0.184769970797 0.0190336223509
v 0.233295842696 0.185483778857 0.0169974686164
v 0.233245684346 0.185161463121 0.0169378663563
v 0.233184469481 0.184841530249 0.016875806541
v 0.233112272684 0.184524370029 0.0168113647809
v 0.233029181915 0.184210368872 0.0167446195884
v 0.233484500656 0.185109994215 0.0169909485721
v 0.233421674874 0.184781642057 0.0169272556038
v 0.233347578161 0.184456135516 0.0168611180079
v 0.233723316967 0.18505852531 0.0170440307879
v 0.233658880267 0.184721753866 0.0169787046665
v 0.233582883639 0.184387901003 0.0169108712349
v 0.233757239852 0.18550257844 0.0151105124822
v 0.233700293438 0.185183705092 0.0150395715446
v 0.233632442577 0.184867595214 0.0149659065695
v 0.233553769935 0.184554633937 0.0148896073061
v 0.233464371363 0.184245202556 0.0148107667134
v 0.233935825166 0.185124015233 0.0150984096765
v 0.233866188756 0.184799586673 0.0150228061493
v 0.233785445782 0.184478389573 0.0149444990106
v 0.233693694615 0.184160815262 0.0148635836655
v 0.234099934935 0.184731578133 0.0150797057292
v 0.234017121628 0.18440214521 0.0149993907151
v 0.233923017868 0.184076427967 0.0149164006175
v 0.234200284682 0.185260304394 0.0132115544502
v 0.23412768903 0.184948740112 0.0131243002685
v 0.234044463621 0.184640689969 0.0130341095607
v 0.234357287578 0.184872836087 0.0131877280689
v 0.234271872026 0.184556679362 0.0130951639214
v 0.234499280432 0.184472668755 0.0131562182822
v 0.234731900656 0.18509951569 0.011269964925
v 0.234644124755 0.184796612766 0.0111674908641
v 0.234867286211 0.184704978431 0.0112330813583
v 0.235290991709 0.184983239146 0.00927512609984
g feasible_centers_point_000000
p 146 147 148 149 150 151 152 153 154 155 156 157 158 159 160 161 162 163 164 165 166 167 168 169 170 171 172 173 174 175 176 177 178 179 180 181 182 183 184 185 186 187 188 189 190 191 192 193 194 195 196 197 198 199 200 201 202 203 204 205 206 207 208 209 210
g feasible_centers_point_000001
p 211 212 213 214 215 216 217 218 219 220 221 222 223 224 225 226 227 228 229 230 231 232 233 234 235 236 237 238 239 240 241 242 243 244 245 246 247 248 249 250 251 252 253 254 255 256 257 258 259 260 261 262 263 264 265 266 267 268 269 270 271 272
g feasible_centers_point_000002
p 273 274 275 276 277 278 279 280 281 282 283 284 285 286 287 288 289 290 291 292 293 294 295 296 297 298 299 300 301 302 303 304 305 306 307 308 309 310 311 312 313 314 315 316 317 318 319 320 321 322 323 324 325 326 327 328 329 330 331 332 333 334 335 336 337
g feasible_centers_point_000003
p 338 339 340 341 342 343 344 345 346 347 348 349 350 351 352 353 354 355 356 357 358 359 360 361 362 363 364 365 366 367 368 369 370 371 372 373 374 375 376 377 378 379 380 381 382 383 384 385 386 387 388 389 390 391 392 393 394 395 396 397 398 399
g feasible_centers_point_000004
p 400 401 402 403 404 405 406 407 408 409 410 411 412 413 414 415 416 417 418 419 420 421 422 423 424 425 426 427 428 429 430 431 432 433 434 435 436 437 438 439 440 441 442 443 444 445 446 447 448 449 450 451 452 453 454 455 456 457 458 459 460 461
g feasible_centers_point_000005
p 462 463 464 465 466 467 468 469 470 471 472 473 474 475 476 477 478 479 480 481 482 483 484 485 486 487 488 489 490 491 492 493 494 495 496 497 498 499 500 501 502 503 504 505 506 507 508 509 510 511 512 513 514 515 516 517 518 519 520
g feasible_centers_point_000006
p 521 522 523 524 525 526 527 528 529 530 531 532 533 534 535 536 537 538 539 540 541 542 543 544 545 546 547 548 549 550 551 552 553 554 555 556 557 558 559 560 561 562 563 564 565 566 567 568 569 570 571 572 573 574 575 576 577 578 579 580 581 582
g feasible_centers_point_000007
p 583 584 585 586 587 588 589 590 591 592 593 594 595 596 597 598 599 600 601 602 603 604 605 606 607 608 609 610 611 612 613 614 615 616 617 618 619 620 621 622 623 624 625 626 627 628 629 630 631 632 633 634 635 636 637 638 639 640 641 642 643 644
g feasible_centers_point_000008
p 645 646 647 648 649 650 651 652 653 654 655 656 657 658 659 660 661 662 663 664 665 666 667 668 669 670 671 672 673 674 675 676 677 678 679 680 681 682 683 684 685 686 687 688 689 690 691 692 693 694 695 696 697 698 699 700 701 702 703 704 705 706 707
g feasible_centers_point_000009
p 708 709 710 711 712 713 714 715 716 717 718 719 720 721 722 723 724 725 726 727 728 729 730 731 732 733 734 735 736 737 738 739 740 741 742 743 744 745 746 747 748 749 750 751 752 753 754 755 756 757 758 759 760 761 762 763 764 765
g feasible_centers_point_000010
p 766 767 768 769 770 771 772 773 774 775 776 777 778 779 780 781 782 783 784 785 786 787 788 789 790 791 792 793 794 795 796 797 798 799 800 801 802 803 804 805 806 807 808 809 810 811 812 813 814 815 816 817 818 819 820 821
g feasible_centers_point_000011
p 822 823 824 825 826 827 828 829 830 831 832 833 834 835 836 837 838 839 840 841 842 843 844 845 846 847 848 849 850 851 852 853 854 855 856 857 858 859 860 861 862 863 864 865 866 867 868 869 870 871 872 873 874
g feasible_centers_point_000012
p 875 876 877 878 879 880 881 882 883 884 885 886 887 888 889 890 891 892 893 894 895 896 897 898 899 900 901 902 903 904 905 906 907 908 909 910 911 912 913 914 915 916 917 918 919 920 921 922 923
g feasible_centers_point_000013
p 924 925 926 927 928 929 930 931 932 933 934 935 936 937 938 939 940 941 942 943 944 945 946 947 948 949 950 951 952 953 954 955 956 957 958 959 960 961 962 963 964 965
g feasible_centers_point_000014
p 966 967 968 969 970 971 972 973 974 975 976 977 978 979 980 981 982 983 984 985 986 987 988 989 990 991 992 993 994 995 996 997 998 999 1000 1001 1002 1003
g feasible_centers_point_000015
p 1004 1005 1006 1007 1008 1009 1010 1011 1012 1013 1014 1015 1016 1017 1018 1019 1020 1021 1022 1023 1024 1025 1026 1027 1028 1029 1030 1031 1032 1033 1034 1035 1036 1037 1038
g feasible_centers_point_000016
p 1039 1040 1041 1042 1043 1044 1045 1046 1047 1048 1049 1050 1051 1052 1053 1054 1055 1056 1057 1058 1059 1060 1061 1062 1063 1064 1065 1066
g feasible_centers_point_000021
p 1067 1068 1069 1070 1071 1072 1073 1074 1075 1076 1077 1078
g feasible_centers_point_000022
p 1079 1080 1081 1082 1083 1084 1085 1086 1087 1088 1089 1090 1091 1092 1093 1094 1095 1096 1097 1098 1099
g feasible_centers_point_000023
p 1100 1101 1102 1103 1104 1105 1106 1107 1108 1109 1110 1111 1112 1113 1114
g feasible_centers_point_000024
p 1115 1116 1117 1118 1119 1120
g feasible_centers_point_000025
p 1121 1122 1123 1124 1125 1126 1127 1128 1129 1130 1131 1132
g feasible_centers_point_000026
p 1133 1134 1135 1136 1137 1138 1139 1140 1141 1142 1143 1144 1145 1146 1147 1148 1149 1150 1151 1152 1153
g feasible_centers_point_000027
p 1154 1155 1156 1157 1158 1159 1160 1161 1162 1163 1164 1165 1166 1167 1168 1169 1170 1171 1172 1173 1174 1175 1176 1177
g feasible_centers_point_000028
p 1178 1179 1180 1181 1182 1183 1184 1185 1186 1187 1188 1189 1190 1191 1192 1193 1194 1195 1196 1197 1198 1199 1200 1201 1202 1203 1204 1205 1206 1207 1208 1209 1210 1211 1212 1213
g feasible_centers_point_000029
p 1214 1215 1216 1217 1218 1219 1220 1221 1222 1223 1224 1225 1226 1227 1228 1229 1230 1231 1232 1233 1234 1235 1236 1237 1238 1239 1240 1241 1242 1243 1244 1245 1246 1247
g feasible_centers_point_000030
p 1248 1249 1250 1251 1252 1253 1254 1255 1256 1257 1258 1259 1260 1261 1262 1263 1264 1265 1266 1267 1268 1269 1270
g feasible_centers_point_000031
p 1271 1272 1273 1274 1275 1276 1277 1278 1279 1280 1281 1282 1283 1284 1285 1286 1287 1288 1289 1290 1291 1292 1293 1294 1295 1296 1297 1298 1299 1300 1301
g feasible_centers_point_000032
p 1302 1303 1304 1305 1306 1307 1308 1309 1310 1311 1312 1313 1314 1315 1316 1317 1318 1319 1320 1321 1322 1323 1324 1325 1326 1327 1328 1329 1330 1331 1332 1333
g feasible_centers_point_000033
p 1334 1335 1336 1337 1338 1339 1340 1341 1342 1343 1344 1345 1346 1347 1348 1349 1350 1351 1352 1353 1354 1355 1356 1357 1358 1359 1360 1361 1362 1363 1364 1365
g feasible_centers_point_000034
p 1366 1367 1368 1369 1370 1371 1372 1373 1374 1375 1376 1377 1378 1379 1380 1381 1382 1383 1384 1385 1386 1387 1388 1389 1390 1391 1392 1393 1394 1395 1396 1397
g feasible_centers_point_000035
p 1398 1399 1400 1401 1402 1403 1404 1405 1406 1407 1408 1409 1410 1411 1412 1413 1414 1415 1416 1417 1418 1419 1420 1421 1422 1423 1424 1425 1426 1427 1428 1429
g feasible_centers_point_000036
p 1430 1431 1432 1433 1434 1435 1436 1437 1438 1439 1440 1441 1442 1443 1444 1445 1446 1447 1448 1449 1450 1451 1452 1453 1454 1455 1456 1457 1458 1459 1460 1461
g feasible_centers_point_000037
p 1462 1463 1464 1465 1466 1467 1468 1469 1470 1471 1472 1473 1474 1475 1476 1477 1478 1479 1480 1481 1482 1483 1484 1485 1486 1487 1488 1489 1490 1491 1492 1493
g feasible_centers_point_000038
p 1494 1495 1496 1497 1498 1499 1500 1501 1502 1503 1504 1505 1506 1507 1508 1509 1510 1511 1512 1513 1514 1515 1516 1517 1518 1519 1520 1521 1522 1523 1524 1525
g feasible_centers_point_000039
p 1526 1527 1528 1529 1530 1531 1532 1533 1534 1535 1536 1537 1538 1539 1540 1541 1542 1543 1544 1545 1546 1547 1548 1549 1550 1551 1552 1553 1554 1555 1556 1557
g feasible_centers_point_000040
p 1558 1559 1560 1561 1562 1563 1564 1565 1566 1567 1568 1569 1570 1571 1572 1573 1574 1575 1576 1577 1578 1579 1580 1581 1582 1583 1584 1585 1586 1587 1588 1589
g feasible_centers_point_000041
p 1590 1591 1592 1593 1594 1595 1596 1597 1598 1599 1600 1601 1602 1603 1604 1605 1606 1607 1608 1609 1610 1611 1612 1613 1614 1615 1616 1617 1618 1619 1620 1621
g feasible_centers_point_000042
p 1622 1623 1624 1625 1626 1627 1628 1629 1630 1631 1632 1633 1634 1635 1636 1637 1638 1639 1640 1641 1642 1643 1644 1645 1646 1647 1648 1649 1650 1651 1652 1653 1654
g feasible_centers_point_000043
p 1655 1656 1657 1658 1659 1660 1661 1662 1663 1664 1665 1666 1667 1668 1669 1670 1671 1672 1673 1674 1675 1676 1677 1678 1679 1680 1681 1682 1683 1684 1685 1686 1687
g feasible_centers_point_000044
p 1688 1689 1690 1691 1692 1693 1694 1695 1696 1697 1698 1699 1700 1701 1702 1703 1704 1705 1706 1707 1708 1709 1710 1711 1712 1713 1714 1715 1716 1717 1718 1719 1720 1721 1722
g feasible_centers_point_000045
p 1723 1724 1725 1726 1727 1728 1729 1730 1731 1732 1733 1734 1735 1736 1737 1738 1739 1740 1741 1742 1743 1744 1745 1746 1747 1748 1749 1750 1751 1752 1753 1754 1755 1756 1757 1758
g feasible_centers_point_000046
p 1759 1760 1761 1762 1763 1764 1765 1766 1767 1768 1769 1770 1771 1772 1773 1774 1775 1776 1777 1778 1779 1780 1781 1782 1783 1784 1785 1786 1787 1788 1789 1790 1791 1792 1793 1794
g feasible_centers_point_000047
p 1795 1796 1797 1798 1799 1800 1801 1802 1803 1804 1805 1806 1807 1808 1809 1810 1811 1812 1813 1814 1815 1816 1817 1818 1819 1820 1821 1822 1823 1824 1825 1826 1827 1828 1829 1830
g feasible_centers_point_000048
p 1831 1832 1833 1834 1835 1836 1837 1838 1839 1840 1841 1842 1843 1844 1845 1846 1847 1848 1849 1850 1851 1852 1853 1854 1855 1856 1857 1858 1859 1860 1861 1862 1863 1864 1865 1866
g feasible_centers_point_000049
p 1867 1868 1869 1870 1871 1872 1873 1874 1875 1876 1877 1878 1879 1880 1881 1882 1883 1884 1885 1886 1887 1888 1889 1890 1891 1892 1893 1894 1895 1896 1897 1898 1899 1900 1901 1902
g feasible_centers_point_000050
p 1903 1904 1905 1906 1907 1908 1909 1910 1911 1912 1913 1914 1915 1916 1917 1918 1919 1920 1921 1922 1923 1924 1925 1926 1927 1928 1929 1930 1931 1932 1933 1934 1935 1936 1937 1938 1939 1940 1941
g feasible_centers_point_000051
p 1942 1943 1944 1945 1946 1947 1948 1949 1950 1951 1952 1953 1954 1955 1956 1957 1958 1959 1960 1961 1962 1963 1964 1965 1966 1967 1968 1969 1970 1971 1972 1973 1974 1975 1976 1977 1978 1979 1980
g feasible_centers_point_000054
p 1981 1982 1983 1984 1985 1986 1987 1988 1989 1990 1991 1992 1993 1994 1995 1996 1997 1998 1999 2000 2001 2002 2003 2004 2005 2006 2007 2008 2009 2010 2011 2012 2013 2014 2015 2016 2017 2018 2019 2020 2021 2022 2023 2024 2025 2026 2027 2028 2029 2030 2031 2032 2033 2034 2035 2036 2037 2038 2039 2040 2041
g feasible_centers_point_000059
p 2042 2043 2044 2045 2046 2047 2048 2049 2050 2051 2052 2053 2054 2055 2056 2057 2058 2059 2060 2061 2062 2063 2064 2065 2066 2067 2068 2069 2070 2071 2072 2073 2074 2075 2076 2077 2078 2079 2080 2081 2082 2083 2084 2085 2086 2087 2088 2089 2090 2091 2092 2093 2094 2095 2096 2097 2098 2099 2100 2101 2102
g feasible_centers_point_000060
p 2103 2104 2105 2106 2107 2108 2109 2110 2111 2112 2113 2114 2115 2116 2117 2118 2119 2120 2121 2122 2123 2124 2125 2126 2127 2128 2129 2130 2131 2132 2133 2134 2135 2136 2137 2138 2139 2140 2141 2142 2143 2144 2145 2146 2147 2148 2149 2150 2151 2152 2153 2154 2155 2156 2157 2158 2159 2160 2161 2162 2163 2164
g feasible_centers_point_000062
p 2165 2166 2167 2168 2169 2170 2171 2172 2173 2174 2175 2176 2177 2178 2179 2180 2181 2182 2183 2184 2185 2186 2187 2188 2189 2190 2191 2192 2193 2194 2195 2196 2197 2198 2199 2200 2201 2202 2203 2204 2205 2206 2207 2208
g feasible_centers_point_000063
p 2209 2210 2211 2212 2213 2214 2215 2216 2217 2218 2219 2220 2221 2222 2223 2224 2225 2226 2227 2228 2229 2230 2231 2232 2233 2234 2235 2236 2237 2238 2239 2240 2241 2242 2243 2244 2245 2246 2247 2248 2249 2250 2251 2252 2253 2254 2255
g feasible_centers_point_000064
p 2256 2257 2258 2259 2260 2261 2262 2263 2264 2265 2266 2267 2268 2269 2270 2271 2272 2273 2274 2275 2276 2277 2278 2279 2280 2281 2282 2283 2284 2285 2286 2287 2288 2289 2290 2291 2292 2293 2294 2295 2296 2297 2298 2299 2300 2301 2302 2303 2304 2305
g feasible_centers_point_000065
p 2306 2307 2308 2309 2310 2311 2312 2313 2314 2315 2316 2317 2318 2319 2320 2321 2322 2323 2324 2325 2326 2327 2328 2329 2330 2331 2332 2333 2334 2335 2336 2337 2338 2339 2340 2341 2342 2343 2344 2345 2346 2347 2348 2349 2350 2351 2352 2353 2354 2355
g feasible_centers_point_000066
p 2356 2357 2358 2359 2360 2361 2362 2363 2364 2365 2366 2367 2368 2369 2370 2371 2372 2373 2374 2375 2376 2377 2378 2379 2380 2381 2382 2383 2384 2385 2386 2387 2388 2389 2390 2391 2392 2393 2394 2395 2396 2397 2398 2399 2400 2401 2402 2403 2404
g feasible_centers_point_000067
p 2405 2406 2407 2408 2409 2410 2411 2412 2413 2414 2415 2416 2417 2418 2419 2420 2421 2422 2423 2424 2425
g feasible_centers_point_000068
p 2426 2427 2428 2429 2430 2431 2432 2433 2434 2435 2436 2437 2438 2439 2440 2441 2442 2443 2444 2445 2446 2447 2448 2449 2450 2451 2452 2453 2454 2455 2456 2457 2458 2459 2460 2461 2462 2463 2464 2465 2466 2467 2468 2469 2470 2471 2472 2473 2474
g feasible_centers_point_000069
p 2475 2476 2477 2478 2479 2480 2481 2482 2483 2484 2485 2486 2487 2488 2489 2490 2491 2492 2493 2494 2495 2496 2497 2498 2499 2500 2501 2502 2503 2504 2505 2506 2507 2508 2509 2510 2511 2512 2513 2514 2515 2516 2517 2518 2519 2520 2521 2522 2523
g feasible_centers_point_000070
p 2524 2525 2526 2527 2528 2529 2530 2531 2532 2533 2534 2535 2536 2537 2538 2539 2540 2541 2542 2543 2544 2545 2546 2547 2548 2549 2550 2551 2552 2553 2554 2555 2556 2557 2558 2559 2560 2561 2562 2563 2564 2565 2566 2567 2568 2569 2570 2571 2572 2573 2574
g feasible_centers_point_000071
p 2575 2576 2577 2578 2579 2580 2581 2582 2583 2584 2585 2586 2587 2588 2589 2590 2591 2592 2593 2594 2595 2596 2597 2598 2599 2600 2601 2602 2603 2604 2605 2606 2607 2608 2609 2610 2611 2612 2613 2614 2615 2616 2617 2618 2619 2620 2621 2622 2623
g feasible_centers_point_000072
p 2624 2625 2626 2627 2628 2629 2630 2631 2632 2633 2634 2635 2636 2637 2638 2639 2640 2641 2642 2643 2644 2645 2646 2647 2648 2649 2650 2651 2652 2653 2654 2655 2656 2657 2658 2659 2660 2661 2662 2663 2664 2665 2666 2667 2668 2669 2670 2671 2672 2673 2674 2675 2676
g feasible_centers_point_000073
p 2677 2678 2679 2680 2681 2682 2683 2684 2685 2686 2687 2688 2689 2690 2691 2692 2693 2694 2695 2696 2697 2698 2699 2700 2701 2702 2703 2704 2705 2706 2707 2708 2709 2710 2711 2712 2713 2714 2715 2716 2717 2718 2719 2720 2721 2722 2723 2724 2725 2726 2727 2728
g feasible_centers_point_000074
p 2729 2730 2731 2732 2733 2734 2735 2736 2737 2738 2739 2740 2741 2742 2743 2744 2745 2746 2747 2748 2749 2750 2751 2752 2753 2754 2755 2756 2757 2758 2759 2760 2761 2762 2763 2764 2765 2766 2767 2768 2769 2770 2771 2772 2773 2774 2775 2776 2777 2778 2779 2780 2781 2782
g feasible_centers_point_000075
p 2783 2784 2785 2786 2787 2788 2789 2790 2791 2792 2793 2794 2795 2796 2797 2798 2799 2800 2801 2802 2803 2804 2805 2806 2807 2808 2809 2810 2811 2812 2813 2814 2815 2816 2817 2818 2819 2820 2821 2822 2823 2824 2825 2826 2827 2828 2829 2830 2831 2832 2833 2834 2835 2836 2837 2838 2839 2840 2841 2842 2843
g feasible_centers_point_000076
p 2844 2845 2846 2847 2848 2849 2850 2851 2852 2853 2854 2855 2856 2857 2858 2859 2860 2861 2862 2863 2864 2865 2866 2867 2868 2869 2870 2871 2872 2873 2874 2875 2876 2877 2878 2879 2880 2881 2882 2883 2884 2885 2886 2887 2888 2889 2890 2891 2892 2893 2894 2895 2896 2897 2898 2899 2900 2901 2902 2903 2904 2905 2906 2907
g feasible_centers_point_000077
p 2908 2909 2910 2911 2912 2913 2914 2915 2916 2917 2918 2919 2920 2921 2922 2923 2924 2925 2926 2927 2928 2929 2930 2931 2932 2933 2934 2935 2936 2937 2938 2939 2940 2941 2942 2943 2944 2945 2946 2947 2948 2949 2950 2951 2952 2953 2954 2955 2956 2957 2958 2959 2960 2961 2962 2963 2964 2965 2966 2967 2968 2969 2970 2971 2972 2973 2974 2975 2976
g feasible_centers_point_000078
p 2977 2978 2979 2980 2981 2982 2983 2984 2985 2986 2987 2988 2989 2990 2991 2992 2993 2994 2995 2996 2997 2998 2999 3000 3001 3002 3003 3004 3005 3006 3007 3008 3009 3010 3011 3012 3013 3014 3015 3016 3017 3018 3019 3020 3021 3022 3023 3024 3025 3026 3027 3028 3029 3030 3031 3032 3033 3034 3035 3036 3037 3038 3039 3040 3041 3042 3043 3044 3045
g feasible_centers_point_000079
p 3046 3047 3048 3049 3050 3051 3052 3053 3054 3055 3056 3057 3058 3059 3060 3061 3062 3063 3064 3065 3066 3067 3068 3069 3070 3071 3072 3073 3074 3075 3076 3077 3078 3079 3080 3081 3082 3083 3084 3085 3086 3087 3088 3089 3090 3091 3092 3093 3094 3095 3096 3097 3098 3099 3100 3101 3102 3103 3104 3105 3106 3107 3108 3109 3110 3111 3112 3113 3114
g feasible_centers_point_000080
p 3115 3116 3117 3118 3119 3120 3121 3122 3123 3124 3125 3126 3127 3128 3129 3130 3131 3132 3133 3134 3135 3136 3137 3138 3139 3140 3141 3142 3143 3144 3145 3146 3147 3148 3149 3150 3151 3152 3153 3154 3155 3156 3157 3158 3159 3160 3161 3162 3163 3164 3165 3166 3167 3168 3169 3170 3171 3172 3173 3174 3175 3176 3177 3178 3179 3180
g feasible_centers_point_000081
p 3181 3182 3183 3184 3185 3186 3187 3188 3189 3190 3191 3192 3193 3194 3195 3196 3197 3198 3199 3200 3201 3202 3203 3204 3205 3206 3207 3208 3209 3210 3211 3212 3213 3214 3215 3216 3217 3218 3219 3220 3221 3222 3223 3224 3225 3226 3227 3228 3229 3230 3231 3232 3233 3234 3235 3236 3237 3238 3239 3240 3241 3242 3243 3244 3245 3246
g feasible_centers_point_000082
p 3247 3248 3249 3250 3251 3252 3253 3254 3255 3256 3257 3258 3259 3260 3261 3262 3263 3264 3265 3266 3267 3268 3269 3270 3271 3272 3273 3274 3275 3276 3277 3278 3279 3280 3281 3282 3283 3284 3285 3286 3287 3288 3289 3290 3291 3292 3293 3294 3295 3296 3297 3298 3299 3300 3301 3302 3303 3304 3305 3306 3307 3308 3309 3310 3311 3312 3313 3314 3315 3316 3317 3318
g feasible_centers_point_000083
p 3319 3320 3321 3322 3323 3324 3325 3326 3327 3328 3329 3330 3331 3332 3333 3334 3335 3336 3337 3338 3339 3340 3341 3342 3343 3344 3345 3346 3347 3348 3349 3350 3351 3352 3353 3354 3355 3356 3357 3358 3359 3360 3361 3362 3363 3364 3365 3366 3367 3368 3369 3370 3371 3372 3373 3374 3375 3376 3377 3378 3379 3380 3381 3382 3383 3384 3385 3386 3387
g feasible_centers_point_000084
p 3388 3389 3390 3391 3392 3393 3394 3395 3396 3397 3398 3399 3400 3401 3402 3403 3404 3405 3406 3407 3408 3409 3410 3411 3412 3413 3414 3415 3416 3417 3418 3419 3420 3421 3422 3423 3424 3425 3426 3427 3428 3429 3430 3431 3432 3433 3434 3435 3436 3437 3438 3439 3440 3441 3442 3443 3444 3445 3446 3447 3448 3449 3450 3451 3452 3453
g feasible_centers_point_000085
p 3454 3455 3456 3457 3458 3459 3460 3461 3462 3463 3464 3465 3466 3467 3468 3469 3470 3471 3472 3473 3474 3475 3476 3477 3478 3479 3480 3481 3482 3483 3484 3485 3486 3487 3488 3489 3490 3491 3492 3493 3494 3495 3496 3497 3498 3499 3500 3501 3502 3503 3504 3505 3506 3507 3508 3509 3510 3511 3512 3513 3514 3515 3516 3517 3518 3519 3520 3521 3522
g feasible_centers_point_000086
p 3523 3524 3525 3526 3527 3528 3529 3530 3531 3532 3533 3534 3535 3536 3537 3538 3539 3540 3541 3542 3543 3544 3545 3546 3547 3548 3549 3550 3551 3552 3553 3554 3555 3556 3557 3558 3559 3560 3561 3562 3563 3564 3565 3566 3567 3568 3569 3570 3571 3572 3573 3574 3575 3576 3577 3578 3579 3580 3581 3582 3583 3584 3585 3586 3587 3588 3589 3590 3591
g feasible_centers_point_000087
p 3592 3593 3594 3595 3596 3597 3598 3599 3600 3601 3602 3603 3604 3605 3606 3607 3608 3609 3610 3611 3612 3613 3614 3615 3616 3617 3618 3619 3620 3621 3622 3623 3624 3625 3626 3627 3628 3629 3630 3631 3632 3633 3634 3635 3636 3637 3638 3639 3640 3641 3642 3643 3644 3645 3646 3647 3648 3649 3650 3651 3652 3653 3654 3655 3656 3657 3658 3659 3660 3661 3662 3663 3664 3665 3666 3667 3668 3669 3670 3671 3672 3673 3674 3675 3676 3677 3678 3679 3680 3681 3682 3683 3684 3685 3686 3687 3688 3689 3690 3691 3692 3693 3694 3695 3696 3697 3698 3699 3700 3701 3702 3703 3704 3705 3706 3707 3708 3709 3710 3711 3712 3713 3714 3715 3716 3717 3718 3719 3720 3721 3722 3723 3724 3725 3726 3727 3728 3729 3730 3731 3732
g feasible_centers_point_000088
p 3733 3734 3735 3736 3737 3738 3739 3740 3741 3742 3743 3744 3745 3746 3747 3748 3749 3750 3751 3752 3753 3754 3755 3756 3757 3758 3759 3760 3761 3762 3763 3764 3765 3766 3767 3768 3769 3770 3771 3772 3773 3774 3775 3776 3777 3778 3779 3780 3781 3782 3783 3784 3785 3786 3787 3788 3789 3790 3791 3792 3793 3794 3795 3796 3797 3798 3799 3800 3801 3802 3803 3804 3805 3806 3807 3808 3809 3810 3811 3812 3813 3814 3815 3816 3817 3818 3819 3820 3821 3822 3823 3824 3825 3826 3827 3828 3829 3830 3831 3832 3833 3834 3835 3836 3837 3838 3839 3840 3841 3842 3843 3844 3845 3846 3847 3848 3849 3850 3851 3852 3853 3854 3855 3856 3857 3858 3859 3860 3861 3862 3863 3864 3865 3866 3867 3868 3869 3870 3871 3872 3873
g feasible_centers_point_000089
p 3874 3875 3876 3877 3878 3879 3880 3881 3882 3883 3884 3885 3886 3887 3888 3889 3890 3891
g feasible_centers_point_000090
p 3892 3893 3894 3895 3896 3897 3898 3899 3900 3901 3902 3903 3904 3905 3906 3907 3908 3909 3910 3911 3912 3913 3914 3915 3916 3917 3918 3919 3920 3921 3922 3923 3924 3925 3926 3927 3928 3929 3930 3931 3932 3933 3934 3935 3936 3937 3938 3939 3940 3941 3942 3943 3944 3945 3946 3947 3948 3949 3950 3951 3952 3953 3954 3955 3956 3957 3958 3959 3960 3961 3962 3963 3964 3965 3966 3967 3968 3969 3970 3971 3972 3973 3974 3975 3976 3977 3978 3979 3980 3981 3982 3983 3984 3985 3986 3987 3988 3989 3990 3991 3992 3993 3994 3995 3996 3997 3998 3999 4000 4001 4002 4003 4004 4005 4006 4007 4008 4009 4010 4011 4012 4013 4014 4015 4016 4017 4018 4019 4020 4021 4022 4023 4024 4025 4026 4027 4028 4029 4030 4031 4032
g feasible_centers_point_000091
p 4033 4034 4035 4036 4037 4038
g feasible_centers_point_000092
p 4039 4040 4041 4042 4043 4044 4045 4046 4047 4048 4049 4050 4051 4052 4053 4054 4055 4056 4057 4058 4059 4060 4061 4062 4063 4064 4065 4066 4067 4068 4069 4070 4071 4072 4073 4074 4075 4076 4077 4078 4079 4080 4081 4082 4083 4084 4085 4086 4087 4088 4089 4090 4091 4092 4093 4094 4095 4096 4097 4098 4099 4100 4101 4102 4103 4104 4105 4106 4107 4108 4109 4110 4111 4112 4113 4114 4115 4116 4117 4118 4119 4120 4121 4122 4123 4124 4125 4126 4127 4128 4129 4130 4131 4132 4133 4134 4135 4136 4137 4138 4139 4140 4141 4142 4143 4144 4145 4146 4147 4148 4149 4150 4151 4152 4153 4154 4155 4156 4157 4158 4159 4160 4161 4162 4163 4164 4165 4166 4167 4168 4169 4170 4171 4172 4173 4174 4175 4176 4177 4178 4179
g feasible_centers_point_000093
p 4180 4181 4182 4183 4184 4185 4186 4187 4188 4189 4190 4191 4192 4193 4194 4195 4196 4197 4198 4199 4200 4201 4202 4203 4204 4205 4206 4207 4208 4209 4210 4211 4212 4213 4214 4215 4216 4217 4218 4219 4220 4221 4222 4223 4224 4225 4226 4227 4228 4229 4230 4231 4232 4233 4234 4235
g feasible_centers_point_000094
p 4236 4237 4238 4239 4240 4241 4242 4243 4244 4245 4246 4247 4248 4249 4250 4251 4252 4253 4254 4255 4256 4257 4258 4259
g feasible_centers_point_000095
p 4260 4261 4262 4263 4264 4265 4266 4267 4268 4269 4270 4271 4272 4273 4274 4275 4276 4277 4278 4279 4280 4281 4282 4283 4284 4285 4286 4287 4288 4289 4290 4291 4292 4293 4294 4295 4296 4297 4298 4299 4300 4301 4302 4303 4304 4305 4306 4307 4308 4309 4310 4311 4312 4313 4314 4315 4316 4317 4318 4319 4320 4321 4322 4323 4324 4325 4326 4327 4328 4329 4330 4331 4332 4333 4334 4335 4336 4337 4338 4339 4340 4341 4342 4343 4344 4345 4346 4347 4348 4349 4350 4351 4352 4353 4354 4355 4356 4357 4358 4359 4360 4361 4362 4363 4364 4365 4366 4367 4368 4369 4370 4371 4372 4373 4374 4375 4376 4377 4378 4379 4380 4381 4382 4383 4384 4385 4386 4387 4388 4389 4390 4391 4392 4393 4394 4395 4396 4397 4398 4399 4400
g feasible_centers_point_000096
p 4401 4402 4403 4404 4405 4406 4407 4408 4409 4410 4411 4412 4413 4414 4415 4416 4417 4418 4419 4420 4421 4422 4423 4424 4425 4426 4427 4428 4429 4430 4431 4432 4433 4434 4435 4436 4437
g feasible_centers_point_000097
p 4438 4439 4440 4441 4442 4443 4444 4445 4446 4447 4448 4449 4450 4451 4452 4453 4454 4455 4456 4457 4458 4459 4460 4461 4462 4463 4464 4465 4466 4467 4468 4469 4470 4471 4472 4473 4474 4475 4476 4477 4478 4479 4480 4481 4482 4483 4484 4485 4486 4487 4488 4489 4490 4491 4492 4493 4494 4495 4496 4497 4498 4499 4500 4501 4502 4503 4504 4505 4506 4507 4508 4509 4510 4511 4512 4513 4514 4515 4516 4517 4518 4519 4520 4521 4522 4523 4524 4525 4526 4527 4528 4529 4530 4531 4532 4533 4534 4535 4536 4537 4538 4539 4540 4541 4542 4543 4544 4545 4546 4547 4548 4549 4550 4551 4552 4553 4554 4555 4556 4557 4558 4559 4560 4561 4562 4563 4564 4565 4566 4567 4568 4569 4570 4571 4572 4573 4574 4575 4576 4577 4578
g feasible_centers_point_000098
p 4579 4580 4581 4582 4583 4584 4585 4586 4587 4588 4589 4590 4591 4592 4593 4594 4595 4596 4597 4598 4599 4600 4601 4602 4603 4604 4605 4606 4607 4608 4609 4610 4611 4612 4613 4614 4615 4616 4617 4618 4619 4620 4621 4622 4623 4624 4625 4626 4627 4628 4629 4630 4631 4632 4633 4634 4635 4636 4637 4638 4639 4640 4641 4642 4643 4644 4645 4646 4647 4648 4649 4650 4651 4652 4653 4654 4655 4656 4657 4658 4659 4660 4661 4662 4663 4664 4665 4666 4667 4668 4669 4670 4671 4672 4673 4674 4675 4676 4677 4678 4679 4680 4681 4682 4683 4684 4685 4686 4687 4688 4689 4690 4691 4692 4693 4694 4695 4696 4697 4698 4699 4700 4701 4702 4703 4704 4705 4706 4707 4708 4709 4710 4711 4712 4713 4714 4715 4716 4717 4718 4719
g feasible_centers_point_000099
p 4720 4721 4722 4723 4724 4725 4726 4727 4728 4729 4730 4731 4732 4733 4734 4735 4736 4737 4738 4739 4740 4741 4742 4743 4744 4745 4746 4747 4748 4749 4750 4751 4752 4753 4754 4755 4756 4757 4758 4759 4760 4761 4762 4763 4764 4765 4766 4767 4768 4769 4770 4771 4772 4773 4774 4775 4776 4777 4778 4779 4780 4781
g feasible_centers_point_000100
p 4782 4783 4784 4785 4786 4787 4788 4789 4790 4791 4792 4793 4794 4795 4796 4797 4798 4799 4800 4801 4802 4803 4804 4805 4806 4807 4808 4809 4810 4811 4812 4813 4814 4815 4816 4817 4818 4819 4820 4821 4822 4823 4824 4825 4826 4827 4828 4829 4830 4831 4832 4833 4834 4835 4836 4837 4838 4839 4840 4841 4842 4843 4844 4845 4846 4847 4848 4849 4850 4851 4852 4853 4854 4855 4856 4857 4858 4859 4860 4861 4862 4863 4864 4865 4866 4867 4868 4869 4870 4871 4872 4873 4874 4875 4876 4877 4878 4879 4880 4881 4882 4883 4884 4885 4886 4887 4888 4889 4890 4891 4892 4893 4894 4895 4896 4897 4898 4899 4900 4901 4902 4903 4904 4905 4906 4907 4908 4909 4910 4911 4912 4913 4914 4915 4916 4917 4918 4919 4920 4921 4922
g feasible_centers_point_000101
p 4923 4924 4925 4926 4927 4928 4929 4930 4931 4932 4933 4934 4935 4936 4937 4938 4939 4940 4941 4942 4943 4944 4945 4946 4947 4948 4949 4950 4951 4952 4953 4954 4955 4956 4957 4958 4959 4960 4961 4962 4963 4964 4965 4966 4967 4968 4969 4970 4971 4972 4973 4974 4975 4976 4977 4978 4979 4980 4981 4982 4983 4984 4985 4986 4987 4988 4989 4990 4991 4992 4993 4994 4995 4996 4997 4998 4999 5000 5001 5002 5003 5004 5005 5006 5007 5008 5009 5010 5011 5012 5013 5014 5015 5016 5017 5018
g feasible_centers_point_000102
p 5019 5020 5021 5022 5023 5024 5025 5026 5027 5028 5029 5030 5031 5032 5033 5034 5035 5036 5037 5038 5039 5040 5041 5042 5043 5044 5045 5046 5047 5048 5049 5050 5051 5052 5053 5054 5055 5056 5057 5058 5059 5060 5061 5062 5063 5064 5065 5066 5067 5068 5069 5070 5071 5072 5073 5074 5075 5076 5077 5078 5079 5080 5081
g feasible_centers_point_000103
p 5082 5083 5084 5085 5086 5087 5088 5089 5090 5091 5092 5093 5094 5095 5096 5097 5098 5099 5100 5101 5102 5103 5104 5105 5106 5107 5108 5109 5110 5111 5112 5113 5114 5115 5116 5117 5118 5119 5120 5121 5122 5123 5124 5125 5126 5127 5128 5129 5130 5131 5132 5133 5134 5135 5136 5137 5138 5139 5140 5141 5142 5143 5144 5145 5146 5147
g feasible_centers_point_000104
p 5148 5149 5150 5151 5152 5153 5154 5155 5156 5157 5158 5159 5160 5161 5162 5163 5164 5165 5166 5167 5168 5169 5170 5171 5172 5173 5174 5175 5176 5177 5178 5179 5180 5181 5182 5183 5184 5185 5186 5187 5188 5189 5190 5191 5192 5193 5194 5195 5196 5197 5198 5199 5200 5201 5202 5203 5204 5205 5206 5207 5208 5209 5210 5211 5212 5213
g feasible_centers_point_000105
p 5214 5215 5216 5217 5218 5219 5220 5221 5222 5223 5224 5225 5226 5227 5228 5229 5230 5231 5232 5233 5234 5235 5236 5237 5238 5239 5240 5241 5242 5243 5244 5245 5246 5247 5248 5249 5250 5251 5252 5253 5254 5255 5256 5257 5258 5259 5260 5261 5262 5263 5264 5265 5266 5267 5268 5269 5270 5271 5272 5273 5274 5275 5276 5277 5278 5279 5280 5281 5282
g feasible_centers_point_000106
p 5283 5284 5285 5286 5287 5288 5289 5290 5291 5292 5293 5294 5295 5296 5297 5298 5299 5300 5301 5302 5303 5304 5305 5306 5307 5308 5309 5310 5311 5312 5313 5314 5315 5316 5317 5318 5319 5320 5321 5322 5323 5324 5325 5326 5327 5328 5329 5330 5331 5332 5333 5334 5335 5336 5337 5338 5339 5340 5341 5342 5343 5344 5345 5346 5347 5348 5349 5350 5351
g feasible_centers_point_000107
p 5352 5353 5354 5355 5356 5357 5358 5359 5360 5361 5362 5363 5364 5365 5366 5367 5368 5369 5370 5371 5372 5373 5374 5375 5376 5377 5378 5379 5380 5381 5382 5383 5384 5385 5386 5387 5388 5389 5390 5391 5392 5393 5394 5395 5396 5397 5398 5399 5400 5401 5402 5403 5404 5405 5406 5407 5408 5409 5410 5411 5412 5413 5414 5415 5416 5417 5418 5419 5420 5421 5422 5423
g feasible_centers_point_000108
p 5424 5425 5426 5427 5428 5429 5430 5431 5432 5433 5434 5435 5436 5437 5438 5439 5440 5441 5442 5443 5444 5445 5446 5447 5448 5449 5450 5451 5452 5453 5454 5455 5456 5457 5458 5459 5460 5461 5462 5463 5464 5465 5466 5467 5468 5469 5470 5471 5472 5473 5474 5475 5476 5477 5478 5479 5480 5481 5482 5483 5484 5485 5486 5487 5488 5489 5490 5491
g feasible_centers_point_000109
p 5492 5493 5494 5495 5496 5497 5498 5499 5500 5501 5502 5503 5504 5505 5506 5507 5508 5509 5510 5511 5512 5513 5514 5515 5516 5517 5518 5519 5520 5521 5522 5523 5524 5525 5526 5527 5528 5529 5530 5531 5532 5533 5534 5535 5536 5537 5538 5539 5540 5541 5542 5543 5544 5545 5546 5547 5548 5549 5550 5551 5552 5553 5554 5555 5556 5557 5558 5559 5560 5561 5562 5563 5564 5565
g feasible_centers_point_000110
p 5566 5567 5568 5569 5570 5571 5572 5573 5574 5575 5576 5577 5578 5579 5580 5581 5582 5583 5584 5585 5586 5587 5588 5589 5590 5591 5592 5593 5594 5595 5596 5597 5598 5599 5600 5601 5602 5603 5604 5605 5606 5607 5608 5609 5610 5611 5612 5613 5614 5615 5616 5617 5618 5619 5620 5621 5622 5623 5624 5625 5626 5627 5628 5629 5630 5631
g feasible_centers_point_000111
p 5632 5633 5634 5635 5636 5637 5638 5639 5640 5641 5642 5643 5644 5645 5646 5647 5648 5649 5650 5651 5652 5653 5654 5655 5656 5657 5658 5659 5660 5661 5662 5663 5664 5665 5666 5667 5668 5669 5670 5671 5672 5673 5674 5675 5676 5677 5678 5679 5680 5681 5682 5683 5684 5685 5686 5687 5688 5689 5690 5691 5692 5693 5694 5695 5696 5697 5698 5699 5700 5701 5702 5703 5704 5705
g feasible_centers_point_000112
p 5706 5707 5708 5709 5710 5711 5712 5713 5714 5715 5716 5717 5718 5719 5720 5721 5722 5723 5724 5725 5726 5727 5728 5729 5730 5731 5732 5733 5734 5735 5736 5737 5738 5739 5740 5741 5742 5743 5744 5745 5746 5747 5748 5749 5750 5751 5752 5753 5754 5755 5756 5757 5758 5759 5760 5761 5762 5763 5764 5765 5766 5767 5768 5769 5770 5771
g feasible_centers_point_000113
p 5772 5773 5774 5775 5776 5777 5778 5779 5780 5781 5782 5783 5784 5785 5786 5787 5788 5789 5790 5791 5792 5793 5794 5795 5796 5797 5798 5799 5800 5801 5802 5803 5804 5805 5806 5807 5808 5809 5810 5811 5812 5813 5814 5815 5816 5817 5818 5819 5820 5821 5822 5823 5824 5825 5826 5827 5828 5829 5830 5831 5832 5833 5834 5835 5836 5837 5838 5839 5840 5841 5842
g feasible_centers_point_000114
p 5843 5844 5845 5846 5847 5848 5849 5850 5851 5852 5853 5854 5855 5856 5857 5858 5859 5860 5861 5862 5863 5864 5865 5866 5867 5868 5869 5870 5871 5872 5873 5874 5875 5876 5877 5878 5879 5880 5881 5882 5883 5884 5885 5886 5887 5888 5889 5890 5891 5892 5893 5894 5895 5896 5897 5898 5899 5900 5901 5902 5903 5904 5905 5906
g feasible_centers_point_000115
p 5907 5908 5909 5910 5911 5912 5913 5914 5915 5916 5917 5918 5919 5920 5921 5922 5923 5924 5925 5926 5927 5928 5929 5930 5931 5932 5933 5934 5935 5936 5937 5938 5939 5940 5941 5942 5943 5944 5945 5946 5947 5948 5949 5950 5951 5952 5953 5954 5955 5956 5957 5958 5959 5960 5961 5962 5963 5964
g feasible_centers_point_000116
p 5965 5966 5967 5968 5969 5970 5971 5972 5973 5974 5975 5976 5977 5978 5979 5980 5981 5982 5983 5984 5985 5986 5987 5988 5989 5990 5991 5992 5993 5994 5995 5996 5997 5998 5999 6000 6001 6002 6003 6004 6005 6006 6007 6008 6009 6010 6011 6012 6013 6014 6015 6016 6017 6018 6019
g feasible_centers_point_000117
p 6020 6021 6022 6023 6024 6025 6026 6027 6028 6029 6030 6031 6032 6033 6034 6035 6036 6037 6038 6039 6040 6041 6042 6043 6044 6045 6046 6047 6048 6049 6050 6051 6052 6053 6054 6055 6056 6057 6058 6059 6060 6061 6062 6063 6064 6065 6066 6067 6068 6069 6070 6071 6072
g feasible_centers_point_000118
p 6073 6074 6075 6076 6077 6078 6079 6080 6081 6082 6083 6084 6085 6086 6087 6088 6089 6090 6091 6092 6093 6094 6095 6096 6097 6098 6099 6100 6101 6102 6103 6104 6105 6106 6107 6108 6109 6110 6111 6112 6113 6114 6115 6116 6117 6118 6119 6120 6121
g feasible_centers_point_000119
p 6122 6123 6124 6125 6126 6127 6128 6129 6130 6131 6132 6133 6134 6135 6136 6137 6138 6139 6140 6141 6142 6143 6144 6145 6146 6147 6148 6149 6150 6151 6152 6153 6154 6155 6156 6157 6158 6159 6160 6161 6162 6163 6164 6165 6166 6167 6168 6169 6170 6171 6172 6173
g feasible_centers_point_000120
p 6174 6175 6176 6177 6178 6179 6180 6181 6182 6183 6184 6185 6186 6187 6188 6189 6190 6191 6192 6193 6194 6195 6196 6197 6198 6199 6200 6201 6202 6203 6204 6205 6206 6207 6208 6209 6210 6211 6212 6213 6214 6215 6216 6217 6218 6219 6220 6221 6222
g feasible_centers_point_000121
p 6223 6224 6225 6226 6227 6228 6229 6230 6231 6232 6233 6234 6235 6236 6237 6238 6239 6240 6241 6242 6243 6244 6245 6246 6247 6248 6249 6250 6251 6252 6253 6254 6255 6256 6257 6258 6259 6260 6261 6262 6263 6264 6265 6266 6267 6268 6269 6270 6271 6272 6273 6274
g feasible_centers_point_000122
p 6275 6276 6277 6278 6279 6280 6281 6282 6283 6284 6285 6286 6287 6288 6289 6290 6291 6292 6293 6294 6295 6296 6297 6298 6299 6300 6301 6302 6303 6304 6305 6306 6307 6308 6309 6310 6311 6312 6313 6314 6315 6316 6317 6318 6319 6320 6321 6322 6323 6324 6325 6326
g feasible_centers_point_000123
p 6327 6328 6329 6330 6331 6332 6333 6334 6335 6336 6337 6338 6339 6340 6341 6342 6343 6344 6345 6346 6347 6348 6349 6350 6351 6352 6353 6354 6355 6356 6357 6358 6359 6360 6361 6362 6363 6364 6365 6366 6367 6368 6369 6370 6371 6372 6373 6374 6375 6376 6377 6378
g feasible_centers_point_000124
p 6379 6380 6381 6382 6383 6384 6385 6386 6387 6388 6389 6390 6391 6392 6393 6394 6395 6396 6397 6398 6399 6400 6401 6402 6403 6404 6405 6406 6407 6408 6409 6410 6411 6412 6413 6414 6415 6416 6417 6418 6419 6420 6421 6422 6423 6424 6425 6426 6427 6428 6429
g feasible_centers_point_000125
p 6430 6431 6432 6433 6434 6435 6436 6437 6438 6439 6440 6441 6442 6443 6444 6445 6446 6447 6448 6449 6450 6451 6452 6453 6454 6455 6456 6457 6458 6459 6460 6461 6462 6463 6464 6465 6466 6467 6468 6469 6470 6471 6472 6473 6474 6475 6476 6477 6478 6479
g feasible_centers_point_000126
p 6480 6481 6482 6483 6484 6485 6486 6487 6488 6489 6490 6491 6492 6493 6494 6495 6496 6497 6498 6499 6500 6501 6502 6503 6504 6505 6506 6507 6508 6509 6510 6511 6512 6513 6514 6515 6516 6517 6518 6519 6520 6521 6522 6523 6524 6525 6526 6527 6528 6529
g feasible_centers_point_000127
p 6530 6531 6532 6533 6534 6535 6536 6537 6538 6539
g feasible_centers_point_000128
p 6540 6541 6542 6543 6544 6545 6546 6547 6548 6549 6550 6551 6552 6553 6554 6555 6556 6557 6558 6559 6560 6561 6562 6563 6564 6565 6566 6567 6568 6569 6570 6571 6572 6573 6574 6575 6576 6577 6578 6579 6580 6581 6582 6583
g feasible_centers_point_000129
p 6584 6585 6586 6587 6588 6589 6590 6591 6592 6593 6594 6595 6596 6597 6598 6599 6600 6601 6602 6603 6604 6605 6606 6607 6608 6609 6610 6611 6612 6613 6614 6615 6616 6617 6618 6619 6620 6621 6622 6623
g feasible_centers_point_000132
p 6624 6625 6626 6627 6628 6629 6630 6631 6632 6633 6634 6635 6636 6637 6638 6639 6640 6641 6642 6643 6644 6645 6646 6647 6648 6649 6650 6651 6652 6653 6654 6655 6656 6657 6658 6659 6660 6661 6662 6663 6664 6665
g feasible_centers_point_000133
p 6666 6667 6668 6669 6670 6671 6672 6673 6674 6675 6676 6677 6678 6679 6680 6681 6682 6683 6684 6685 6686 6687 6688 6689 6690 6691 6692 6693 6694 6695 6696 6697 6698 6699 6700 6701 6702 6703 6704 6705 6706 6707 6708 6709 6710 6711 6712 6713 6714 6715 6716 6717 6718
g feasible_centers_point_000134
p 6719 6720 6721 6722 6723 6724 6725 6726 6727 6728 6729 6730 6731 6732 6733 6734 6735 6736 6737 6738 6739
g feasible_centers_point_000135
p 6740 6741 6742 6743 6744 6745 6746 6747 6748
g feasible_centers_point_000136
p 6749 6750 6751 6752 6753 6754 6755 6756 6757 6758 6759
g feasible_centers_point_000137
p 6760 6761 6762 6763 6764 6765 6766 6767 6768 6769 6770 6771
g feasible_centers_point_000138
p 6772 6773 6774 6775 6776 6777
g feasible_centers_point_000139
p 6778 6779 6780
g feasible_centers_point_000140
p 6781
o feasible_center_arcs
g feasible_center_arcs
l 190 191
l 191 192
l 192 193
l 193 194
l 194 195
l 195 196
l 196 197
l 197 198
l 198 199
l 199 200
l 201 202
l 202 203
l 203 204
l 204 205
l 205 206
l 206 207
l 207 208
l 208 209
l 209 210
l 210 190
l 253 254
l 254 255
l 255 256
l 256 257
l 257 258
l 258 259
l 259 260
l 260 261
l 261 262
l 263 264
l 264 265
l 265 266
l 266 267
l 267 268
l 268 269
l 269 270
l 270 271
l 271 272
l 272 253
l 317 318
l 318 319
l 319 320
l 320 321
l 321 322
l 322 323
l 323 324
l 324 325
l 325 326
l 326 327
l 328 329
l 329 330
l 330 331
l 331 332
l 332 333
l 333 334
l 334 335
l 335 336
l 336 337
l 337 317
l 380 381
l 381 382
l 382 383
l 383 384
l 384 385
l 385 386
l 386 387
l 387 388
l 388 389
l 390 391
l 391 392
l 392 393
l 393 394
l 394 395
l 395 396
l 396 397
l 397 398
l 398 399
l 399 380
l 442 443
l 443 444
l 444 445
l 445 446
l 446 447
l 447 448
l 448 449
l 449 450
l 450 451
l 451 452
l 453 454
l 454 455
l 455 456
l 456 457
l 457 458
l 458 459
l 459 460
l 460 461
l 461 442
l 502 503
l 503 504
l 504 505
l 505 506
l 506 507
l 507 508
l 508 509
l 509 510
l 510 511
l 512 513
l 513 514
l 514 515
l 515 516
l 516 517
l 517 518
l 518 519
l 519 520
l 520 502
l 563 564
l 564 565
l 565 566
l 566 567
l 567 568
l 568 569
l 569 570
l 570 571
l 571 572
l 572 573
l 574 575
l 575 576
l 576 577
l 577 578
l 578 579
l 579 580
l 580 581
l 581 582
l 582 563
l 625 626
l 626 627
l 627 628
l 628 629
l 629 630
l 630 631
l 631 632
l 632 633
l 633 634
l 634 635
l 636 637
l 637 638
l 638 639
l 639 640
l 640 641
l 641 642
l 642 643
l 643 644
l 644 625
l 688 689
l 689 690
l 690 691
l 691 692
l 692 693
l 693 694
l 694 695
l 695 696
l 696 697
l 697 698
l 698 699
l 699 700
l 700 701
l 701 702
l 702 703
l 703 704
l 704 705
l 705 706
l 706 707
l 747 748
l 748 749
l 749 750
l 750 751
l 751 752
l 752 753
l 753 754
l 754 755
l 755 756
l 756 757
l 757 758
l 758 759
l 759 760
l 760 761
l 761 762
l 762 763
l 763 764
l 764 765
l 804 805
l 805 806
l 806 807
l 807 808
l 808 809
l 809 810
l 810 811
l 811 812
l 812 813
l 813 814
l 814 815
l 815 816
l 816 817
l 817 818
l 818 819
l 819 820
l 820 821
l 858 859
l 859 860
l 860 861
l 861 862
l 862 863
l 863 864
l 864 865
l 865 866
l 866 867
l 867 868
l 868 869
l 869 870
l 870 871
l 871 872
l 872 873
l 873 874
l 909 910
l 910 911
l 911 912
l 912 913
l 913 914
l 914 915
l 915 916
l 916 917
l 917 918
l 918 919
l 919 920
l 920 921
l 921 922
l 922 923
l 953 954
l 954 955
l 955 956
l 956 957
l 957 958
l 958 959
l 959 960
l 960 961
l 961 962
l 962 963
l 963 964
l 964 965
l 992 993
l 993 994
l 994 995
l 995 996
l 996 997
l 997 998
l 998 999
l 999 1000
l 1000 1001
l 1001 1002
l 1002 1003
l 1028 1029
l 1029 1030
l 1030 1031
l 1031 1032
l 1032 1033
l 1033 1034
l 1034 1035
l 1035 1036
l 1036 1037
l 1037 1038
l 1058 1059
l 1059 1060
l 1060 1061
l 1061 1062
l 1062 1063
l 1063 1064
l 1064 1065
l 1065 1066
l 1093 1094
l 1094 1095
l 1095 1096
l 1096 1097
l 1097 1098
l 1098 1099
l 1110 1111
l 1111 1112
l 1112 1113
l 1113 1114
l 1119 1120
l 1129 1130
l 1130 1131
l 1131 1132
l 1147 1148
l 1148 1149
l 1149 1150
l 1150 1151
l 1151 1152
l 1152 1153
l 1170 1171
l 1171 1172
l 1172 1173
l 1173 1174
l 1174 1175
l 1175 1176
l 1176 1177
l 1202 1203
l 1203 1204
l 1204 1205
l 1205 1206
l 1206 1207
l 1207 1208
l 1208 1209
l 1209 1210
l 1210 1211
l 1211 1212
l 1212 1213
l 1237 1238
l 1238 1239
l 1239 1240
l 1240 1241
l 1241 1242
l 1242 1243
l 1243 1244
l 1244 1245
l 1245 1246
l 1246 1247
l 1265 1266
l 1266 1267
l 1267 1268
l 1269 1270
l 1292 1293
l 1293 1294
l 1294 1295
l 1295 1296
l 1296 1297
l 1297 1298
l 1298 1299
l 1300 1301
l 1301 1292
l 1324 1325
l 1325 1326
l 1326 1327
l 1327 1328
l 1328 1329
l 1329 1330
l 1330 1331
l 1332 1333
l 1333 1324
l 1356 1357
l 1357 1358
l 1358 1359
l 1359 1360
l 1360 1361
l 1361 1362
l 1362 1363
l 1364 1365
l 1365 1356
l 1388 1389
l 1389 1390
l 1390 1391
l 1391 1392
l 1392 1393
l 1393 1394
l 1394 1395
l 1396 1397
l 1397 1388
l 1420 1421
l 1421 1422
l 1422 1423
l 1423 1424
l 1424 1425
l 1425 1426
l 1426 1427
l 1428 1429
l 1429 1420
l 1452 1453
l 1453 1454
l 1454 1455
l 1455 1456
l 1456 1457
l 1457 1458
l 1458 1459
l 1460 1461
l 1461 1452
l 1484 1485
l 1485 1486
l 1486 1487
l 1487 1488
l 1488 1489
l 1489 1490
l 1490 1491
l 1492 1493
l 1493 1484
l 1516 1517
l 1517 1518
l 1518 1519
l 1519 1520
l 1520 1521
l 1521 1522
l 1522 1523
l 1524 1525
l 1525 1516
l 1548 1549
l 1549 1550
l 1550 1551
l 1551 1552
l 1552 1553
l 1553 1554
l 1554 1555
l 1556 1557
l 1557 1548
l 1580 1581
l 1581 1582
l 1582 1583
l 1583 1584
l 1584 1585
l 1585 1586
l 1586 1587
l 1588 1589
l 1589 1580
l 1612 1613
l 1613 1614
l 1614 1615
l 1615 1616
l 1616 1617
l 1617 1618
l 1618 1619
l 1620 1621
l 1621 1612
l 1644 1645
l 1645 1646
l 1646 1647
l 1647 1648
l 1648 1649
l 1649 1650
l 1650 1651
l 1651 1652
l 1653 1654
l 1654 1644
l 1677 1678
l 1678 1679
l 1679 1680
l 1680 1681
l 1681 1682
l 1682 1683
l 1683 1684
l 1684 1685
l 1686 1687
l 1687 1677
l 1712 1713
l 1713 1714
l 1714 1715
l 1715 1716
l 1716 1717
l 1717 1718
l 1718 1719
l 1719 1720
l 1721 1722
l 1722 1712
l 1747 1748
l 1748 1749
l 1749 1750
l 1750 1751
l 1751 1752
l 1752 1753
l 1753 1754
l 1754 1755
l 1755 1756
l 1757 1758
l 1758 1747
l 1783 1784
l 1784 1785
l 1785 1786
l 1786 1787
l 1787 1788
l 1788 1789
l 1789 1790
l 1790 1791
l 1791 1792
l 1793 1794
l 1794 1783
l 1819 1820
l 1820 1821
l 1821 1822
l 1822 1823
l 1823 1824
l 1824 1825
l 1825 1826
l 1826 1827
l 1827 1828
l 1829 1830
l 1830 1819
l 1855 1856
l 1856 1857
l 1857 1858
l 1858 1859
l 1859 1860
l 1860 1861
l 1861 1862
l 1862 1863
l 1863 1864
l 1865 1866
l 1866 1855
l 1891 1892
l 1892 1893
l 1893 1894
l 1894 1895
l 1895 1896
l 1896 1897
l 1897 1898
l 1898 1899
l 1899 1900
l 1901 1902
l 1902 1891
l 1929 1930
l 1930 1931
l 1931 1932
l 1932 1933
l 1933 1934
l 1934 1935
l 1935 1936
l 1936 1937
l 1937 1938
l 1938 1939
l 1939 1940
l 1940 1941
l 1968 1969
l 1969 1970
l 1970 1971
l 1971 1972
l 1972 1973
l 1973 1974
l 1974 1975
l 1975 1976
l 1976 1977
l 1977 1978
l 1978 1979
l 1979 1980
l 2023 2024
l 2024 2025
l 2025 2026
l 2026 2027
l 2027 2028
l 2028 2029
l 2029 2030
l 2030 2031
l 2031 2032
l 2032 2033
l 2033 2034
l 2034 2035
l 2035 2036
l 2036 2037
l 2037 2038
l 2038 2039
l 2039 2040
l 2040 2041
l 2084 2085
l 2085 2086
l 2086 2087
l 2087 2088
l 2088 2089
l 2089 2090
l 2090 2091
l 2091 2092
l 2092 2093
l 2093 2094
l 2094 2095
l 2095 2096
l 2096 2097
l 2097 2098
l 2098 2099
l 2099 2100
l 2100 2101
l 2101 2102
l 2145 2146
l 2146 2147
l 2147 2148
l 2148 2149
l 2149 2150
l 2150 2151
l 2151 2152
l 2152 2153
l 2153 2154
l 2154 2155
l 2155 2156
l 2156 2157
l 2157 2158
l 2158 2159
l 2159 2160
l 2160 2161
l 2161 2162
l 2162 2163
l 2163 2164
l 2195 2196
l 2196 2197
l 2197 2198
l 2198 2199
l 2199 2200
l 2200 2201
l 2201 2202
l 2202 2203
l 2203 2204
l 2204 2205
l 2205 2206
l 2206 2207
l 2207 2208
l 2241 2242
l 2242 2243
l 2243 2244
l 2244 2245
l 2245 2246
l 2246 2247
l 2247 2248
l 2248 2249
l 2249 2250
l 2250 2251
l 2251 2252
l 2252 2253
l 2253 2254
l 2254 2255
l 2290 2291
l 2291 2292
l 2292 2293
l 2293 2294
l 2294 2295
l 2295 2296
l 2296 2297
l 2297 2298
l 2298 2299
l 2299 2300
l 2300 2301
l 2301 2302
l 2302 2303
l 2303 2304
l 2304 2305
l 2340 2341
l 2341 2342
l 2342 2343
l 2343 2344
l 2344 2345
l 2345 2346
l 2346 2347
l 2347 2348
l 2348 2349
l 2349 2350
l 2350 2351
l 2351 2352
l 2352 2353
l 2353 2354
l 2354 2355
l 2389 2390
l 2390 2391
l 2391 2392
l 2392 2393
l 2393 2394
l 2394 2395
l 2395 2396
l 2396 2397
l 2397 2398
l 2398 2399
l 2399 2400
l 2400 2401
l 2401 2402
l 2402 2403
l 2403 2404
l 2419 2420
l 2420 2421
l 2421 2422
l 2422 2423
l 2423 2424
l 2424 2425
l 2459 2460
l 2460 2461
l 2461 2462
l 2462 2463
l 2463 2464
l 2464 2465
l 2465 2466
l 2466 2467
l 2467 2468
l 2468 2469
l 2469 2470
l 2470 2471
l 2471 2472
l 2472 2473
l 2473 2474
l 2508 2509
l 2509 2510
l 2510 2511
l 2511 2512
l 2512 2513
l 2513 2514
l 2514 2515
l 2515 2516
l 2516 2517
l 2517 2518
l 2518 2519
l 2519 2520
l 2520 2521
l 2521 2522
l 2522 2523
l 2558 2559
l 2559 2560
l 2560 2561
l 2561 2562
l 2562 2563
l 2563 2564
l 2564 2565
l 2565 2566
l 2566 2567
l 2567 2568
l 2568 2569
l 2569 2570
l 2570 2571
l 2571 2572
l 2572 2573
l 2573 2574
l 2608 2609
l 2609 2610
l 2610 2611
l 2611 2612
l 2612 2613
l 2613 2614
l 2614 2615
l 2615 2616
l 2616 2617
l 2617 2618
l 2618 2619
l 2619 2620
l 2620 2621
l 2621 2622
l 2622 2623
l 2660 2661
l 2661 2662
l 2662 2663
l 2663 2664
l 2664 2665
l 2665 2666
l 2666 2667
l 2667 2668
l 2668 2669
l 2669 2670
l 2670 2671
l 2671 2672
l 2672 2673
l 2673 2674
l 2674 2675
l 2675 2676
l 2712 2713
l 2713 2714
l 2714 2715
l 2715 2716
l 2716 2717
l 2717 2718
l 2718 2719
l 2719 2720
l 2720 2721
l 2721 2722
l 2722 2723
l 2723 2724
l 2724 2725
l 2725 2726
l 2726 2727
l 2727 2728
l 2765 2766
l 2766 2767
l 2767 2768
l 2768 2769
l 2769 2770
l 2770 2771
l 2771 2772
l 2772 2773
l 2773 2774
l 2774 2775
l 2775 2776
l 2776 2777
l 2777 2778
l 2778 2779
l 2779 2780
l 2780 2781
l 2781 2782
l 2824 2825
l 2825 2826
l 2826 2827
l 2827 2828
l 2828 2829
l 2829 2830
l 2830 2831
l 2831 2832
l 2832 2833
l 2833 2834
l 2834 2835
l 2835 2836
l 2836 2837
l 2837 2838
l 2838 2839
l 2839 2840
l 2840 2841
l 2841 2842
l 2842 2843
l 2887 2888
l 2888 2889
l 2889 2890
l 2890 2891
l 2891 2892
l 2892 2893
l 2893 2894
l 2894 2895
l 2895 2896
l 2896 2897
l 2897 2898
l 2898 2899
l 2899 2900
l 2900 2901
l 2901 2902
l 2902 2903
l 2903 2904
l 2904 2905
l 2905 2906
l 2906 2907
l 2954 2955
l 2955 2956
l 2956 2957
l 2957 2958
l 2958 2959
l 2959 2960
l 2960 2961
l 2961 2962
l 2962 2963
l 2963 2964
l 2964 2965
l 2965 2966
l 2966 2967
l 2967 2968
l 2968 2969
l 2969 2970
l 2970 2971
l 2971 2972
l 2972 2973
l 2973 2974
l 2974 2975
l 2975 2976
l 3023 3024
l 3024 3025
l 3025 3026
l 3026 3027
l 3027 3028
l 3028 3029
l 3029 3030
l 3030 3031
l 3031 3032
l 3032 3033
l 3033 3034
l 3034 3035
l 3035 3036
l 3036 3037
l 3037 3038
l 3038 3039
l 3039 3040
l 3040 3041
l 3041 3042
l 3042 3043
l 3043 3044
l 3044 3045
l 3092 3093
l 3093 3094
l 3094 3095
l 3095 3096
l 3096 3097
l 3097 3098
l 3098 3099
l 3099 3100
l 3100 3101
l 3101 3102
l 3102 3103
l 3103 3104
l 3104 3105
l 3105 3106
l 3106 3107
l 3107 3108
l 3108 3109
l 3109 3110
l 3110 3111
l 3111 3112
l 3112 3113
l 3113 3114
l 3159 3160
l 3160 3161
l 3161 3162
l 3162 3163
l 3163 3164
l 3164 3165
l 3165 3166
l 3166 3167
l 3167 3168
l 3168 3169
l 3169 3170
l 3170 3171
l 3171 3172
l 3172 3173
l 3173 3174
l 3174 3175
l 3175 3176
l 3176 3177
l 3177 3178
l 3178 3179
l 3179 3180
l 3225 3226
l 3226 3227
l 3227 3228
l 3228 3229
l 3229 3230
l 3230 3231
l 3231 3232
l 3232 3233
l 3233 3234
l 3234 3235
l 3235 3236
l 3236 3237
l 3237 3238
l 3238 3239
l 3239 3240
l 3240 3241
l 3241 3242
l 3242 3243
l 3243 3244
l 3244 3245
l 3245 3246
l 3295 3296
l 3296 3297
l 3297 3298
l 3298 3299
l 3299 3300
l 3300 3301
l 3301 3302
l 3302 3303
l 3303 3304
l 3304 3305
l 3305 3306
l 3306 3307
l 3307 3308
l 3308 3309
l 3309 3310
l 3310 3311
l 3311 3312
l 3312 3313
l 3313 3314
l 3314 3315
l 3315 3316
l 3316 3317
l 3317 3318
l 3365 3366
l 3366 3367
l 3367 3368
l 3368 3369
l 3369 3370
l 3370 3371
l 3371 3372
l 3372 3373
l 3373 3374
l 3374 3375
l 3375 3376
l 3376 3377
l 3377 3378
l 3378 3379
l 3379 3380
l 3380 3381
l 3381 3382
l 3382 3383
l 3383 3384
l 3384 3385
l 3385 3386
l 3386 3387
l 3432 3433
l 3433 3434
l 3434 3435
l 3435 3436
l 3436 3437
l 3437 3438
l 3438 3439
l 3439 3440
l 3440 3441
l 3441 3442
l 3442 3443
l 3443 3444
l 3444 3445
l 3445 3446
l 3446 3447
l 3447 3448
l 3448 3449
l 3449 3450
l 3450 3451
l 3451 3452
l 3452 3453
l 3500 3501
l 3501 3502
l 3502 3503
l 3503 3504
l 3504 3505
l 3505 3506
l 3506 3507
l 3507 3508
l 3508 3509
l 3509 3510
l 3510 3511
l 3511 3512
l 3512 3513
l 3513 3514
l 3514 3515
l 3515 3516
l 3516 3517
l 3517 3518
l 3518 3519
l 3519 3520
l 3520 3521
l 3521 3522
l 3569 3570
l 3570 3571
l 3571 3572
l 3572 3573
l 3573 3574
l 3574 3575
l 3575 3576
l 3576 3577
l 3577 3578
l 3578 3579
l 3579 3580
l 3580 3581
l 3581 3582
l 3582 3583
l 3583 3584
l 3584 3585
l 3585 3586
l 3586 3587
l 3587 3588
l 3588 3589
l 3589 3590
l 3590 3591
l 3686 3687
l 3687 3688
l 3688 3689
l 3689 3690
l 3690 3691
l 3691 3692
l 3692 3693
l 3693 3694
l 3694 3695
l 3695 3696
l 3696 3697
l 3697 3698
l 3698 3699
l 3699 3700
l 3700 3701
l 3701 3702
l 3702 3703
l 3703 3704
l 3704 3705
l 3705 3706
l 3706 3707
l 3707 3708
l 3708 3709
l 3709 3710
l 3710 3711
l 3711 3712
l 3712 3713
l 3713 3714
l 3714 3715
l 3715 3716
l 3716 3717
l 3717 3718
l 3718 3719
l 3719 3720
l 3720 3721
l 3721 3722
l 3722 3723
l 3723 3724
l 3724 3725
l 3725 3726
l 3726 3727
l 3727 3728
l 3728 3729
l 3729 3730
l 3730 3731
l 3731 3732
l 3827 3828
l 3828 3829
l 3829 3830
l 3830 3831
l 3831 3832
l 3832 3833
l 3833 3834
l 3834 3835
l 3835 3836
l 3836 3837
l 3837 3838
l 3838 3839
l 3839 3840
l 3840 3841
l 3841 3842
l 3842 3843
l 3843 3844
l 3844 3845
l 3845 3846
l 3846 3847
l 3847 3848
l 3848 3849
l 3849 3850
l 3850 3851
l 3851 3852
l 3852 3853
l 3853 3854
l 3854 3855
l 3855 3856
l 3856 3857
l 3857 3858
l 3858 3859
l 3859 3860
l 3860 3861
l 3861 3862
l 3862 3863
l 3863 3864
l 3864 3865
l 3865 3866
l 3866 3867
l 3867 3868
l 3868 3869
l 3869 3870
l 3870 3871
l 3871 3872
l 3872 3873
l 3886 3887
l 3887 3888
l 3888 3889
l 3889 3890
l 3890 3891
l 3986 3987
l 3987 3988
l 3988 3989
l 3989 3990
l 3990 3991
l 3991 3992
l 3992 3993
l 3993 3994
l 3994 3995
l 3995 3996
l 3996 3997
l 3997 3998
l 3998 3999
l 3999 4000
l 4000 4001
l 4001 4002
l 4002 4003
l 4003 4004
l 4004 4005
l 4005 4006
l 4006 4007
l 4007 4008
l 4008 4009
l 4009 4010
l 4010 4011
l 4011 4012
l 4012 4013
l 4013 4014
l 4014 4015
l 4015 4016
l 4016 4017
l 4017 4018
l 4018 4019
l 4019 4020
l 4020 4021
l 4021 4022
l 4022 4023
l 4023 4024
l 4024 4025
l 4025 4026
l 4026 4027
l 4027 4028
l 4028 4029
l 4029 4030
l 4030 4031
l 4031 4032
l 4037 4038
l 4133 4134
l 4134 4135
l 4135 4136
l 4136 4137
l 4137 4138
l 4138 4139
l 4139 4140
l 4140 4141
l 4141 4142
l 4142 4143
l 4143 4144
l 4144 4145
l 4145 4146
l 4146 4147
l 4147 4148
l 4148 4149
l 4149 4150
l 4150 4151
l 4151 4152
l 4152 4153
l 4153 4154
l 4154 4155
l 4155 4156
l 4156 4157
l 4157 4158
l 4158 4159
l 4159 4160
l 4160 4161
l 4161 4162
l 4162 4163
l 4163 4164
l 4164 4165
l 4165 4166
l 4166 4167
l 4167 4168
l 4168 4169
l 4169 4170
l 4170 4171
l 4171 4172
l 4172 4173
l 4173 4174
l 4174 4175
l 4175 4176
l 4176 4177
l 4177 4178
l 4178 4179
l 4218 4219
l 4219 4220
l 4220 4221
l 4221 4222
l 4222 4223
l 4223 4224
l 4224 4225
l 4225 4226
l 4226 4227
l 4227 4228
l 4228 4229
l 4229 4230
l 4230 4231
l 4231 4232
l 4232 4233
l 4233 4234
l 4234 4235
l 4252 4253
l 4253 4254
l 4254 4255
l 4255 4256
l 4256 4257
l 4257 4258
l 4258 4259
l 4354 4355
l 4355 4356
l 4356 4357
l 4357 4358
l 4358 4359
l 4359 4360
l 4360 4361
l 4361 4362
l 4362 4363
l 4363 4364
l 4364 4365
l 4365 4366
l 4366 4367
l 4367 4368
l 4368 4369
l 4369 4370
l 4370 4371
l 4371 4372
l 4372 4373
l 4373 4374
l 4374 4375
l 4375 4376
l 4376 4377
l 4377 4378
l 4378 4379
l 4379 4380
l 4380 4381
l 4381 4382
l 4382 4383
l 4383 4384
l 4384 4385
l 4385 4386
l 4386 4387
l 4387 4388
l 4388 4389
l 4389 4390
l 4390 4391
l 4391 4392
l 4392 4393
l 4393 4394
l 4394 4395
l 4395 4396
l 4396 4397
l 4397 4398
l 4398 4399
l 4399 4400
l 4426 4427
l 4427 4428
l 4428 4429
l 4429 4430
l 4430 4431
l 4431 4432
l 4432 4433
l 4433 4434
l 4434 4435
l 4435 4436
l 4436 4437
l 4532 4533
l 4533 4534
l 4534 4535
l 4535 4536
l 4536 4537
l 4537 4538
l 4538 4539
l 4539 4540
l 4540 4541
l 4541 4542
l 4542 4543
l 4543 4544
l 4544 4545
l 4545 4546
l 4546 4547
l 4547 4548
l 4548 4549
l 4549 4550
l 4550 4551
l 4551 4552
l 4552 4553
l 4553 4554
l 4554 4555
l 4555 4556
l 4556 4557
l 4557 4558
l 4558 4559
l 4559 4560
l 4560 4561
l 4561 4562
l 4562 4563
l 4563 4564
l 4564 4565
l 4565 4566
l 4566 4567
l 4567 4568
l 4568 4569
l 4569 4570
l 4570 4571
l 4571 4572
l 4572 4573
l 4573 4574
l 4574 4575
l 4575 4576
l 4576 4577
l 4577 4578
l 4673 4674
l 4674 4675
l 4675 4676
l 4676 4677
l 4677 4678
l 4678 4679
l 4679 4680
l 4680 4681
l 4681 4682
l 4682 4683
l 4683 4684
l 4684 4685
l 4685 4686
l 4686 4687
l 4687 4688
l 4688 4689
l 4689 4690
l 4690 4691
l 4691 4692
l 4692 4693
l 4693 4694
l 4694 4695
l 4695 4696
l 4696 4697
l 4697 4698
l 4698 4699
l 4699 4700
l 4700 4701
l 4701 4702
l 4702 4703
l 4703 4704
l 4704 4705
l 4705 4706
l 4706 4707
l 4707 4708
l 4708 4709
l 4709 4710
l 4710 4711
l 4711 4712
l 4712 4713
l 4713 4714
l 4714 4715
l 4715 4716
l 4716 4717
l 4717 4718
l 4718 4719
l 4762 4763
l 4763 4764
l 4764 4765
l 4765 4766
l 4766 4767
l 4767 4768
l 4768 4769
l 4769 4770
l 4770 4771
l 4771 4772
l 4772 4773
l 4773 4774
l 4774 4775
l 4775 4776
l 4776 4777
l 4777 4778
l 4778 4779
l 4779 4780
l 4780 4781
l 4876 4877
l 4877 4878
l 4878 4879
l 4879 4880
l 4880 4881
l 4881 4882
l 4882 4883
l 4883 4884
l 4884 4885
l 4885 4886
l 4886 4887
l 4887 4888
l 4888 4889
l 4889 4890
l 4890 4891
l 4891 4892
l 4892 4893
l 4893 4894
l 4894 4895
l 4895 4896
l 4896 4897
l 4897 4898
l 4898 4899
l 4899 4900
l 4900 4901
l 4901 4902
l 4902 4903
l 4903 4904
l 4904 4905
l 4905 4906
l 4906 4907
l 4907 4908
l 4908 4909
l 4909 4910
l 4910 4911
l 4911 4912
l 4912 4913
l 4913 4914
l 4914 4915
l 4915 4916
l 4916 4917
l 4917 4918
l 4918 4919
l 4919 4920
l 4920 4921
l 4921 4922
l 4988 4989
l 4989 4990
l 4990 4991
l 4991 4992
l 4992 4993
l 4993 4994
l 4994 4995
l 4995 4996
l 4996 4997
l 4997 4998
l 4998 4999
l 4999 5000
l 5000 5001
l 5001 5002
l 5002 5003
l 5003 5004
l 5004 5005
l 5005 5006
l 5006 5007
l 5007 5008
l 5008 5009
l 5009 5010
l 5010 5011
l 5011 5012
l 5012 5013
l 5013 5014
l 5014 5015
l 5015 5016
l 5016 5017
l 5017 5018
l 5061 5062
l 5062 5063
l 5063 5064
l 5064 5065
l 5065 5066
l 5066 5067
l 5067 5068
l 5068 5069
l 5069 5070
l 5070 5071
l 5071 5072
l 5072 5073
l 5073 5074
l 5074 5075
l 5075 5076
l 5076 5077
l 5077 5078
l 5078 5079
l 5079 5080
l 5080 5081
l 5126 5127
l 5127 5128
l 5128 5129
l 5129 5130
l 5130 5131
l 5131 5132
l 5132 5133
l 5133 5134
l 5134 5135
l 5135 5136
l 5136 5137
l 5137 5138
l 5138 5139
l 5139 5140
l 5140 5141
l 5141 5142
l 5142 5143
l 5143 5144
l 5144 5145
l 5145 5146
l 5146 5147
l 5192 5193
l 5193 5194
l 5194 5195
l 5195 5196
l 5196 5197
l 5197 5198
l 5198 5199
l 5199 5200
l 5200 5201
l 5201 5202
l 5202 5203
l 5203 5204
l 5204 5205
l 5205 5206
l 5206 5207
l 5207 5208
l 5208 5209
l 5209 5210
l 5210 5211
l 5211 5212
l 5212 5213
l 5260 5261
l 5261 5262
l 5262 5263
l 5263 5264
l 5264 5265
l 5265 5266
l 5266 5267
l 5267 5268
l 5268 5269
l 5269 5270
l 5270 5271
l 5271 5272
l 5272 5273
l 5273 5274
l 5274 5275
l 5275 5276
l 5276 5277
l 5277 5278
l 5278 5279
l 5279 5280
l 5280 5281
l 5281 5282
l 5329 5330
l 5330 5331
l 5331 5332
l 5332 5333
l 5333 5334
l 5334 5335
l 5335 5336
l 5336 5337
l 5337 5338
l 5338 5339
l 5339 5340
l 5340 5341
l 5341 5342
l 5342 5343
l 5343 5344
l 5344 5345
l 5345 5346
l 5346 5347
l 5347 5348
l 5348 5349
l 5349 5350
l 5350 5351
l 5400 5401
l 5401 5402
l 5402 5403
l 5403 5404
l 5404 5405
l 5405 5406
l 5406 5407
l 5407 5408
l 5408 5409
l 5409 5410
l 5410 5411
l 5411 5412
l 5412 5413
l 5413 5414
l 5414 5415
l 5415 5416
l 5416 5417
l 5417 5418
l 5418 5419
l 5419 5420
l 5420 5421
l 5421 5422
l 5422 5423
l 5470 5471
l 5471 5472
l 5472 5473
l 5473 5474
l 5474 5475
l 5475 5476
l 5476 5477
l 5477 5478
l 5478 5479
l 5479 5480
l 5480 5481
l 5481 5482
l 5482 5483
l 5483 5484
l 5484 5485
l 5485 5486
l 5486 5487
l 5487 5488
l 5488 5489
l 5489 5490
l 5490 5491
l 5542 5543
l 5543 5544
l 5544 5545
l 5545 5546
l 5546 5547
l 5547 5548
l 5548 5549
l 5549 5550
l 5550 5551
l 5551 5552
l 5552 5553
l 5553 5554
l 5554 5555
l 5555 5556
l 5556 5557
l 5557 5558
l 5558 5559
l 5559 5560
l 5560 5561
l 5561 5562
l 5562 5563
l 5563 5564
l 5564 5565
l 5610 5611
l 5611 5612
l 5612 5613
l 5613 5614
l 5614 5615
l 5615 5616
l 5616 5617
l 5617 5618
l 5618 5619
l 5619 5620
l 5620 5621
l 5621 5622
l 5622 5623
l 5623 5624
l 5624 5625
l 5625 5626
l 5626 5627
l 5627 5628
l 5628 5629
l 5629 5630
l 5630 5631
l 5682 5683
l 5683 5684
l 5684 5685
l 5685 5686
l 5686 5687
l 5687 5688
l 5688 5689
l 5689 5690
l 5690 5691
l 5691 5692
l 5692 5693
l 5693 5694
l 5694 5695
l 5695 5696
l 5696 5697
l 5697 5698
l 5698 5699
l 5699 5700
l 5700 5701
l 5701 5702
l 5702 5703
l 5703 5704
l 5704 5705
l 5750 5751
l 5751 5752
l 5752 5753
l 5753 5754
l 5754 5755
l 5755 5756
l 5756 5757
l 5757 5758
l 5758 5759
l 5759 5760
l 5760 5761
l 5761 5762
l 5762 5763
l 5763 5764
l 5764 5765
l 5765 5766
l 5766 5767
l 5767 5768
l 5768 5769
l 5769 5770
l 5770 5771
l 5820 5821
l 5821 5822
l 5822 5823
l 5823 5824
l 5824 5825
l 5825 5826
l 5826 5827
l 5827 5828
l 5828 5829
l 5829 5830
l 5830 5831
l 5831 5832
l 5832 5833
l 5833 5834
l 5834 5835
l 5835 5836
l 5836 5837
l 5837 5838
l 5838 5839
l 5839 5840
l 5840 5841
l 5841 5842
l 5886 5887
l 5887 5888
l 5888 5889
l 5889 5890
l 5890 5891
l 5891 5892
l 5892 5893
l 5893 5894
l 5894 5895
l 5895 5896
l 5896 5897
l 5897 5898
l 5898 5899
l 5899 5900
l 5900 5901
l 5901 5902
l 5902 5903
l 5903 5904
l 5904 5905
l 5905 5906
l 5946 5947
l 5947 5948
l 5948 5949
l 5949 5950
l 5950 5951
l 5951 5952
l 5952 5953
l 5953 5954
l 5954 5955
l 5955 5956
l 5956 5957
l 5957 5958
l 5958 5959
l 5959 5960
l 5960 5961
l 5961 5962
l 5962 5963
l 5963 5964
l 6002 6003
l 6003 6004
l 6004 6005
l 6005 6006
l 6006 6007
l 6007 6008
l 6008 6009
l 6009 6010
l 6010 6011
l 6011 6012
l 6012 6013
l 6013 6014
l 6014 6015
l 6015 6016
l 6016 6017
l 6017 6018
l 6018 6019
l 6056 6057
l 6057 6058
l 6058 6059
l 6059 6060
l 6060 6061
l 6061 6062
l 6062 6063
l 6063 6064
l 6064 6065
l 6065 6066
l 6066 6067
l 6067 6068
l 6068 6069
l 6069 6070
l 6070 6071
l 6071 6072
l 6106 6107
l 6107 6108
l 6108 6109
l 6109 6110
l 6110 6111
l 6111 6112
l 6112 6113
l 6113 6114
l 6114 6115
l 6115 6116
l 6116 6117
l 6117 6118
l 6118 6119
l 6119 6120
l 6120 6121
l 6157 6158
l 6158 6159
l 6159 6160
l 6160 6161
l 6161 6162
l 6162 6163
l 6163 6164
l 6164 6165
l 6165 6166
l 6166 6167
l 6167 6168
l 6168 6169
l 6169 6170
l 6170 6171
l 6171 6172
l 6172 6173
l 6207 6208
l 6208 6209
l 6209 6210
l 6210 6211
l 6211 6212
l 6212 6213
l 6213 6214
l 6214 6215
l 6215 6216
l 6216 6217
l 6217 6218
l 6218 6219
l 6219 6220
l 6220 6221
l 6221 6222
l 6258 6259
l 6259 6260
l 6260 6261
l 6261 6262
l 6262 6263
l 6263 6264
l 6264 6265
l 6265 6266
l 6266 6267
l 6267 6268
l 6268 6269
l 6269 6270
l 6270 6271
l 6271 6272
l 6272 6273
l 6273 6274
l 6310 6311
l 6311 6312
l 6312 6313
l 6313 6314
l 6314 6315
l 6315 6316
l 6316 6317
l 6317 6318
l 6318 6319
l 6319 6320
l 6320 6321
l 6321 6322
l 6322 6323
l 6323 6324
l 6324 6325
l 6325 6326
l 6362 6363
l 6363 6364
l 6364 6365
l 6365 6366
l 6366 6367
l 6367 6368
l 6368 6369
l 6369 6370
l 6370 6371
l 6371 6372
l 6372 6373
l 6373 6374
l 6374 6375
l 6375 6376
l 6376 6377
l 6377 6378
l 6414 6415
l 6415 6416
l 6416 6417
l 6417 6418
l 6418 6419
l 6419 6420
l 6420 6421
l 6421 6422
l 6422 6423
l 6423 6424
l 6424 6425
l 6425 6426
l 6426 6427
l 6427 6428
l 6428 6429
l 6464 6465
l 6465 6466
l 6466 6467
l 6467 6468
l 6468 6469
l 6469 6470
l 6470 6471
l 6471 6472
l 6472 6473
l 6473 6474
l 6474 6475
l 6475 6476
l 6476 6477
l 6477 6478
l 6478 6479
l 6514 6515
l 6515 6516
l 6516 6517
l 6517 6518
l 6518 6519
l 6519 6520
l 6520 6521
l 6521 6522
l 6522 6523
l 6523 6524
l 6524 6525
l 6525 6526
l 6526 6527
l 6527 6528
l 6528 6529
l 6538 6539
l 6570 6571
l 6571 6572
l 6572 6573
l 6573 6574
l 6574 6575
l 6575 6576
l 6576 6577
l 6577 6578
l 6578 6579
l 6579 6580
l 6580 6581
l 6581 6582
l 6582 6583
l 6612 6613
l 6613 6614
l 6614 6615
l 6615 6616
l 6616 6617
l 6617 6618
l 6618 6619
l 6619 6620
l 6620 6621
l 6621 6622
l 6622 6623
l 6652 6653
l 6653 6654
l 6654 6655
l 6655 6656
l 6656 6657
l 6657 6658
l 6658 6659
l 6659 6660
l 6660 6661
l 6661 6662
l 6662 6663
l 6663 6664
l 6664 6665
l 6702 6703
l 6703 6704
l 6704 6705
l 6705 6706
l 6706 6707
l 6707 6708
l 6708 6709
l 6709 6710
l 6710 6711
l 6711 6712
l 6712 6713
l 6713 6714
l 6714 6715
l 6715 6716
l 6716 6717
l 6717 6718
l 6733 6734
l 6734 6735
l 6735 6736
l 6736 6737
l 6737 6738
l 6738 6739
l 6747 6748
l 6757 6758
l 6758 6759
l 6769 6770
l 6770 6771
