# FeiLunQieGe visualization export
# units: normalized
# radius: 0.01
# delta: 0.0005
# local display proxy for sampled target point 87
mtllib local_feasible_centers.mtl
o target_point_000087
usemtl target_point
g target_point
v -0.270191659651 0.213813395593 -0.5
v -0.274241659651 0.213813395593 -0.5
v -0.272216659651 0.215838395593 -0.5
v -0.272216659651 0.211788395593 -0.5
v -0.272216659651 0.213813395593 -0.497975
v -0.272216659651 0.213813395593 -0.502025
f 1 3 5
f 1 5 4
f 1 4 6
f 1 6 3
f 2 5 3
f 2 4 5
f 2 6 4
f 2 3 6
o feasible_candidates
usemtl feasible_marker
g feasible_candidates
v -0.274049857203 0.204372029869 -0.5
v -0.27686963595 0.205396162582 -0.5
v -0.275971812933 0.203474206852 -0.5
v -0.27494768022 0.206293985599 -0.5
v -0.275459746576 0.204884096225 -0.5015
v -0.275459746576 0.204884096225 -0.4985
f 7 9 11
f 7 11 10
f 7 10 12
f 7 12 9
f 8 11 9
f 8 10 11
f 8 12 10
f 8 9 12
v -0.274047881602 0.204377469357 -0.500331545219
v -0.276867660349 0.20540160207 -0.500331545219
v -0.275969525395 0.203480505206 -0.500383894464
v -0.274946016556 0.206298566221 -0.500279195974
v -0.275439900117 0.204938740143 -0.501830631459
v -0.275475641834 0.204840331284 -0.498832458978
f 13 15 17
f 13 17 16
f 13 16 18
f 13 18 15
f 14 17 15
f 14 16 17
f 14 18 16
f 14 15 18
v -0.274041957206 0.204393781193 -0.500662686501
v -0.276861735953 0.205417913906 -0.500662686501
v -0.275962665568 0.203499392596 -0.500767321211
v -0.274941027591 0.206312302504 -0.50055805179
v -0.275416126636 0.205004196461 -0.502159032576
v -0.275487566523 0.204807498639 -0.499166340425
f 19 21 23
f 19 23 22
f 19 22 24
f 19 24 21
f 20 23 21
f 20 22 23
f 20 24 22
f 20 21 24
v -0.274032091233 0.204420945505 -0.500993020401
v -0.276851869981 0.205445078218 -0.500993020401
v -0.275951241811 0.203530846009 -0.501149813096
v -0.274932719403 0.206335177714 -0.500836227706
v -0.275388455098 0.205080385431 -0.502484803244
v -0.275495506116 0.204785638292 -0.499501237558
f 25 27 29
f 25 29 28
f 25 28 30
f 25 30 27
f 26 29 27
f 26 28 29
f 26 30 28
f 26 27 30
v -0.274018295704 0.204458929196 -0.501322144459
v -0.276838074451 0.20548306191 -0.501322144459
v -0.27593526804 0.203574827126 -0.501530904111
v -0.274921102115 0.20636716398 -0.501113384808
v -0.275356919215 0.205167214229 -0.502807546562
v -0.27549945094 0.204774776877 -0.499836742356
f 31 33 35
f 31 35 34
f 31 34 36
f 31 36 33
f 32 35 33
f 32 34 35
f 32 36 34
f 32 33 36
v -0.274000587425 0.20450768599 -0.501649657688
v -0.276820366173 0.205531818703 -0.501649657688
v -0.275914763717 0.203631282361 -0.501910129954
v -0.274906189881 0.206408222333 -0.501389185421
v -0.275321557409 0.205264577067 -0.503126869317
v -0.275499396189 0.204774927626 -0.500172446058
f 37 39 41
f 37 41 40
f 37 40 42
f 37 42 39
f 38 41 39
f 38 40 41
f 38 42 40
f 38 39 42
v -0.273978987972 0.204567156484 -0.501975161063
v -0.27679876672 0.205591289197 -0.501975161063
v -0.275889753824 0.203700142932 -0.502287028599
v -0.274888000868 0.206458302749 -0.501663293527
v -0.275282412764 0.205372355324 -0.503442382464
v -0.275495341928 0.204786090357 -0.500507939662
f 43 45 47
f 43 47 46
f 43 46 48
f 43 48 45
f 44 47 45
f 44 46 47
f 44 48 46
f 44 45 48
v -0.273953523661 0.204637268221 -0.502298258008
v -0.276773302408 0.205661400935 -0.502298258008
v -0.275860268832 0.203781324944 -0.502661140852
v -0.274866557237 0.206517344212 -0.501935375165
v -0.275239532971 0.205490417688 -0.503753701598
v -0.275487293098 0.204808251468 -0.500842814419
f 49 51 53
f 49 53 52
f 49 52 54
f 49 54 51
f 50 53 51
f 50 52 53
f 50 54 52
f 50 51 54
v -0.273924225515 0.204717935783 -0.50261855488
v -0.276744004263 0.205742068496 -0.50261855488
v -0.275826344663 0.203874729489 -0.503032010914
v -0.274841885115 0.20658527479 -0.502205098847
v -0.275192970272 0.205618620318 -0.504060447424
v -0.275475259506 0.20484138396 -0.501176662336
f 55 57 59
f 55 59 58
f 55 58 60
f 55 60 57
f 56 59 57
f 56 58 59
f 56 60 58
f 56 57 60
v -0.273891129231 0.204809060887 -0.502935661447
v -0.276710907978 0.2058331936 -0.502935661447
v -0.27578802265 0.203980242767 -0.503399186938
v -0.274814014559 0.20666201172 -0.502472135955
v -0.275142781398 0.20575680702 -0.504362246221
v -0.275459255811 0.204885447467 -0.501509076672
f 61 63 65
f 61 65 64
f 61 64 66
f 61 66 63
f 62 65 63
f 62 64 65
f 62 66 64
f 62 63 66
v -0.27385427513 0.204910532512 -0.503249191362
v -0.276674053877 0.205934665225 -0.503249191362
v -0.27574534948 0.204097736228 -0.503762221577
v -0.274782979527 0.206747461509 -0.502736161147
v -0.275089027495 0.205904809434 -0.504658730293
v -0.275439301512 0.204940388303 -0.50183965243
f 67 69 71
f 67 71 70
f 67 70 72
f 67 72 69
f 68 71 69
f 68 70 71
f 68 72 70
f 68 69 72
v -0.273813708113 0.20502222703 -0.503558762637
v -0.276633486861 0.206046359743 -0.503558762637
v -0.275698377146 0.204227066723 -0.504120672528
v -0.274748817829 0.206841520051 -0.502996852747
v -0.275031774054 0.206062447242 -0.504949538419
v -0.275415420921 0.205006139531 -0.502167986856
f 73 75 77
f 73 77 76
f 73 76 78
f 73 78 75
f 74 77 75
f 74 76 77
f 74 78 76
f 74 75 78
v -0.273769477607 0.205144008359 -0.503863998109
v -0.276589256354 0.206168141072 -0.503863998109
v -0.275647162875 0.204368076682 -0.504474103074
v -0.274711571086 0.206944072749 -0.503253893145
v -0.27497109083 0.206229528387 -0.505234316296
v -0.275387643131 0.205082621045 -0.502493679923
f 79 81 83
f 79 83 82
f 79 82 84
f 79 84 81
f 80 83 81
f 80 82 83
f 80 84 82
f 80 81 84
v -0.273721637497 0.205275728127 -0.504164525894
v -0.276541416245 0.20629986084 -0.504164525894
v -0.275591769064 0.204520594309 -0.504822082615
v -0.274671284679 0.207054994659 -0.503506969174
v -0.274907051755 0.206405849305 -0.505512716964
v -0.275356001987 0.205169739662 -0.502816334825
f 85 87 89
f 85 89 88
f 85 88 90
f 85 90 87
f 86 89 87
f 86 88 89
f 86 90 88
f 86 87 90
v -0.273670246071 0.205417225854 -0.504459979846
v -0.276490024819 0.206441358567 -0.504459979846
v -0.275532263202 0.204684433782 -0.505164187191
v -0.274628007688 0.207174150639 -0.503755772502
v -0.274839734853 0.206591195178 -0.505784401236
v -0.275320536038 0.205267389243 -0.503135558457
f 91 93 95
f 91 95 94
f 91 94 96
f 91 96 93
f 92 95 93
f 92 94 95
f 92 96 94
f 92 93 96
v -0.273615365941 0.205568329146 -0.50475
v -0.276435144689 0.206592461859 -0.50475
v -0.275468717788 0.204859395488 -0.5055
v -0.274581792842 0.207301395517 -0.504
v -0.274769222137 0.206785340189 -0.506049038106
v -0.275281288493 0.205375450816 -0.503450961894
f 97 99 101
f 97 101 100
f 97 100 102
f 97 102 99
f 98 101 99
f 98 100 101
f 98 102 100
f 98 99 102
v -0.27355706397 0.205728853907 -0.50503423301
v -0.276376842718 0.206752986621 -0.50503423301
v -0.275401210243 0.205045266265 -0.505829111907
v -0.274532696445 0.207436574263 -0.504239354114
v -0.274695599517 0.206988047804 -0.506306305154
v -0.275238307171 0.205493792725 -0.503762160866
f 103 105 107
f 103 107 106
f 103 106 108
f 103 108 105
f 104 107 105
f 104 106 107
f 104 108 106
f 104 105 108
v -0.273495411189 0.205898604564 -0.505312332583
v -0.276315189937 0.206922737277 -0.505312332583
v -0.275329822813 0.205241819657 -0.506151121938
v -0.274480778314 0.207579522185 -0.504473543228
v -0.27461895669 0.207199071053 -0.506555888942
v -0.275191644436 0.205622270788 -0.504068776224
f 109 111 113
f 109 113 112
f 109 112 114
f 109 114 111
f 110 113 111
f 110 112 113
f 110 114 112
f 110 111 114
v -0.273430482714 0.2060773743 -0.505583959897
v -0.276250261462 0.207101507013 -0.505583959897
v -0.275254642473 0.205448816193 -0.506465637775
v -0.274426101703 0.20773006512 -0.504702282018
v -0.274539387035 0.207418152838 -0.506797485388
v -0.275141357141 0.205760728475 -0.504370434405
f 115 117 119
f 115 119 118
f 115 118 120
f 115 120 117
f 116 119 117
f 116 118 119
f 116 120 118
f 116 117 120
v -0.273362357649 0.206264945312 -0.505848784016
v -0.276182136397 0.207289078026 -0.505848784016
v -0.275175760819 0.205666003681 -0.506772276229
v -0.274368733227 0.207888019657 -0.504925291803
v -0.274456987494 0.207645026241 -0.507030800146
v -0.275087506552 0.205908997097 -0.504666767885
f 121 123 125
f 121 125 124
f 121 124 126
f 121 126 123
f 122 125 123
f 122 124 125
f 122 126 124
f 122 123 126
v -0.273291118995 0.206461089075 -0.506106482292
v -0.276110897743 0.207485221788 -0.506106482292
v -0.275093273956 0.205893117511 -0.507070663707
v -0.274308742782 0.208053193352 -0.505142300877
v -0.274371858459 0.207879414852 -0.507255548957
v -0.275030158278 0.206066896011 -0.504957415627
f 127 129 131
f 127 131 130
f 127 130 132
f 127 132 129
f 128 131 129
f 128 130 131
f 128 132 130
f 128 129 132
v -0.273216853544 0.206665566616 -0.50635674076
v -0.276036632292 0.207689699329 -0.50635674076
v -0.275007282381 0.20612988098 -0.50736043667
v -0.274246203455 0.208225384965 -0.505353044851
v -0.274284103646 0.208121033104 -0.507471457999
v -0.27496938219 0.206234232841 -0.505242023522
f 133 135 137
f 133 137 136
f 133 136 138
f 133 138 135
f 134 137 135
f 134 136 137
f 134 138 136
f 134 135 138
v -0.273139651779 0.206878128812 -0.506599254519
v -0.275959430526 0.207902261525 -0.506599254519
v -0.274917890863 0.206376005628 -0.507641242075
v -0.274181191442 0.208404384709 -0.505557266964
v -0.274193829971 0.208369586624 -0.50767826422
v -0.274905252333 0.206410803714 -0.505520244819
f 139 141 143
f 139 143 142
f 139 142 144
f 139 144 141
f 140 143 141
f 140 142 143
f 140 144 142
f 140 141 144
v -0.273059607756 0.207098516688 -0.506833728103
v -0.275879386504 0.208122649401 -0.506833728103
v -0.274825208311 0.20663119159 -0.507912737804
v -0.274113785949 0.2085899745 -0.505754718403
v -0.274101147419 0.208624772585 -0.507875715659
v -0.274837846841 0.206596393504 -0.505791740548
f 145 147 149
f 145 149 148
f 145 148 150
f 145 150 147
f 146 149 147
f 146 148 149
f 146 150 148
f 146 147 150
v -0.272976818998 0.207326461736 -0.507059875842
v -0.275796597746 0.208350594449 -0.507059875842
v -0.274729347644 0.206895127961 -0.50817459308
v -0.2740440691 0.208781928224 -0.505945158604
v -0.274006168909 0.208886280085 -0.508063571752
v -0.274767247835 0.2067907761 -0.506056179932
f 151 153 155
f 151 155 154
f 151 154 156
f 151 156 153
f 152 155 153
f 152 154 155
f 152 156 154
f 152 153 156
v -0.27289138637 0.207561686239 -0.50727742221
v -0.275711165118 0.208585818953 -0.50727742221
v -0.274630425653 0.207167493176 -0.508426488874
v -0.273972125834 0.208980012017 -0.506128355545
v -0.273909010157 0.209153790516 -0.508241603624
v -0.274693541331 0.206993714676 -0.506313240795
f 157 159 161
f 157 161 160
f 157 160 162
f 157 162 159
f 158 161 159
f 158 160 161
f 158 162 160
f 158 159 162
v -0.272803413958 0.207803903614 -0.507486102159
v -0.275623192706 0.208828036327 -0.507486102159
v -0.274528562861 0.207447955399 -0.50866811829
v -0.273898043803 0.209183984542 -0.506304086029
v -0.273809789536 0.209426977959 -0.508409594372
v -0.274616817128 0.207204961983 -0.506562609946
f 163 165 167
f 163 167 166
f 163 166 168
f 163 168 165
f 164 167 165
f 164 166 167
f 164 168 166
f 164 165 168
v -0.272713008944 0.208052818755 -0.507685661447
v -0.275532787691 0.209076951468 -0.507685661447
v -0.27442388337 0.20773617293 -0.508899186938
v -0.273821913265 0.209393597293 -0.506472135955
v -0.273708627933 0.209705509575 -0.508567339325
v -0.274537168702 0.207424260648 -0.506803983568
f 169 171 173
f 169 173 172
f 169 172 174
f 169 174 171
f 170 173 171
f 170 172 173
f 170 174 172
f 170 171 174
v -0.272620281471 0.208308128397 -0.507875856939
v -0.275440060219 0.20933226111 -0.507875856939
v -0.274316514718 0.208031794621 -0.509119413298
v -0.273743826972 0.209608594886 -0.50663230058
v -0.273605648596 0.209989046018 -0.508714646294
v -0.274454693094 0.207651343489 -0.507037067584
f 175 177 179
f 175 179 178
f 175 178 180
f 175 180 177
f 176 179 177
f 176 178 179
f 176 180 178
f 176 177 180
v -0.272525344514 0.208569521485 -0.508056456913
v -0.275345123262 0.209593654198 -0.508056456913
v -0.274206587715 0.208334460302 -0.509328529058
v -0.273663880061 0.209828715381 -0.506784384769
v -0.273500976989 0.210277241841 -0.50885133581
v -0.274369490787 0.207885933843 -0.507261578017
f 181 183 185
f 181 185 184
f 181 184 186
f 181 186 183
f 182 185 183
f 182 184 185
f 182 186 184
f 182 183 186
v -0.27242831374 0.208836679552 -0.508227241336
v -0.275248092487 0.209860812266 -0.508227241336
v -0.274094236292 0.208643801222 -0.509526279442
v -0.273582169935 0.210053690596 -0.50692820323
v -0.27339474064 0.210569745923 -0.508977241336
v -0.274281665587 0.208127745895 -0.507477241336
f 187 189 191
f 187 191 190
f 187 190 192
f 187 192 189
f 188 191 189
f 188 190 191
f 188 192 190
f 188 189 192
v -0.272329307364 0.209109277107 -0.508388002132
v -0.275149086112 0.210133409821 -0.508388002132
v -0.273979597331 0.208959440496 -0.509712423521
v -0.273498796145 0.210283246432 -0.507063580743
v -0.273287068981 0.210866201893 -0.509092209476
v -0.274191324495 0.208376485035 -0.507683794788
f 193 195 197
f 193 197 196
f 193 196 198
f 193 198 195
f 194 197 195
f 194 196 197
f 194 198 196
f 194 195 198
v -0.272228446012 0.209386982032 -0.50853854344
v -0.275048224759 0.210411114746 -0.50853854344
v -0.273862810502 0.209280993567 -0.509886734509
v -0.27341386027 0.210517103211 -0.50719035237
v -0.273178093193 0.211166248564 -0.50919610016
v -0.274098577578 0.208631848214 -0.50788098672
f 199 201 203
f 199 203 202
f 199 202 204
f 199 204 201
f 200 203 201
f 200 202 203
f 200 204 202
f 200 201 204
v -0.272125852566 0.209669455986 -0.508678681848
v -0.274945631314 0.2106935887 -0.508678681848
v -0.273744018091 0.209608068672 -0.510049000034
v -0.273327465789 0.210754976014 -0.507308363661
v -0.273067946046 0.211469520376 -0.509288786812
v -0.274003537834 0.20889352431 -0.508068576883
f 205 207 209
f 205 209 208
f 205 208 210
f 205 210 207
f 206 209 207
f 206 208 209
f 206 210 208
f 206 207 210
v -0.272021652022 0.209956354818 -0.508808246618
v -0.27484143077 0.210980487532 -0.508808246618
v -0.27362336483 0.20994026732 -0.5101990224
v -0.273239717963 0.210996575031 -0.507417470837
v -0.272956761738 0.211775647839 -0.509370156509
v -0.273906321055 0.209161194511 -0.508246336728
f 211 213 215
f 211 215 214
f 211 214 216
f 211 216 213
f 212 215 213
f 212 214 215
f 212 216 214
f 212 213 216
v -0.271915971332 0.210247328987 -0.508927079897
v -0.27473575008 0.2112714617 -0.508927079897
v -0.273500997715 0.210277184778 -0.510336618829
v -0.273150723697 0.211241605909 -0.507517540966
v -0.272844675729 0.212084257984 -0.509440110112
v -0.273807045683 0.209434532703 -0.508414049682
f 217 219 221
f 217 221 220
f 217 220 222
f 217 222 219
f 218 221 219
f 218 220 221
f 218 222 220
f 218 219 222
v -0.271808939251 0.210542023984 -0.509035036905
v -0.274628717999 0.211566156697 -0.509035036905
v -0.273377065832 0.210618410564 -0.510461621679
v -0.273060591419 0.211489770117 -0.50760845213
v -0.27273182458 0.212394974817 -0.509498562396
v -0.27370583267 0.209713205864 -0.508571511413
f 223 225 227
f 223 227 226
f 223 226 228
f 223 228 225
f 224 227 225
f 224 226 227
f 224 228 226
f 224 225 228
v -0.271700686182 0.210840080769 -0.509131986111
v -0.274520464929 0.211864213482 -0.509131986111
v -0.273251720172 0.210963528947 -0.510573878655
v -0.272969430939 0.211740765305 -0.507690093568
v -0.272618345781 0.212707419776 -0.509545442145
v -0.27360280533 0.209996874475 -0.508718530078
f 229 231 233
f 229 233 232
f 229 232 234
f 229 234 231
f 230 233 231
f 230 232 233
f 230 234 232
f 230 231 234
v -0.271591344014 0.211141136207 -0.5092178094
v -0.274411122761 0.21216526892 -0.5092178094
v -0.273125113451 0.211312119453 -0.510673252989
v -0.272877353324 0.211994285673 -0.50776236581
v -0.27250437759 0.213021212197 -0.509580692243
v -0.273498089185 0.210285192929 -0.508854926556
f 235 237 239
f 235 239 238
f 235 238 240
f 235 240 237
f 236 239 237
f 236 238 239
f 236 240 238
f 236 237 240
v -0.271481045963 0.211444823507 -0.509292402207
v -0.274300824711 0.21246895622 -0.509292402207
v -0.272997399919 0.21166375738 -0.510759623608
v -0.272784470755 0.212250022347 -0.507825180806
v -0.272390058859 0.213335969772 -0.509604269743
v -0.273391811815 0.210577809955 -0.508980534671
f 241 243 245
f 241 245 244
f 241 244 246
f 241 246 243
f 242 245 243
f 242 244 245
f 242 246 244
f 242 243 246
v -0.271369926412 0.211750772673 -0.509355673654
v -0.274189705159 0.212774905386 -0.509355673654
v -0.272868735175 0.212018014309 -0.510832885283
v -0.272690896396 0.21250766375 -0.507878462024
v -0.272275528867 0.213651309016 -0.50961614592
v -0.273284102704 0.210874369044 -0.509095201387
f 247 249 251
f 247 251 250
f 247 250 252
f 247 252 249
f 248 251 249
f 248 250 251
f 248 252 250
f 248 249 252
v -0.271258120741 0.212058610954 -0.509407546653
v -0.274077899489 0.213082743667 -0.509407546653
v -0.272739275978 0.212374458634 -0.510892948756
v -0.272596744252 0.212766895987 -0.50792214455
v -0.272160927153 0.213966845738 -0.509616306304
v -0.273175093077 0.211174508883 -0.509198787002
f 253 255 257
f 253 257 256
f 253 256 258
f 253 258 255
f 254 257 255
f 254 256 257
f 254 258 256
f 254 255 258
v -0.27114576517 0.212367963295 -0.509447958006
v -0.273965543917 0.213392096008 -0.509447958006
v -0.272609180053 0.212732656082 -0.510939740849
v -0.272502129034 0.213027403221 -0.507956175163
v -0.27204639334 0.214282195504 -0.509604750701
v -0.273064915747 0.211477863799 -0.509291165311
f 259 261 263
f 259 263 262
f 259 262 264
f 259 264 261
f 260 263 261
f 260 262 263
f 260 264 262
f 260 261 264
v -0.271032996585 0.212678452799 -0.509476858477
v -0.273852775333 0.213702585513 -0.509476858477
v -0.272478605902 0.213092170245 -0.510973204553
v -0.272407166015 0.213288868067 -0.507980512402
v -0.27193206697 0.21459697411 -0.509581493188
v -0.272953704948 0.211784064202 -0.509372223767
f 265 267 269
f 265 269 268
f 265 268 270
f 265 270 267
f 266 269 267
f 266 268 269
f 266 270 268
f 266 267 270
v -0.270919952378 0.212989701182 -0.509494212857
v -0.273739731126 0.214013833896 -0.509494212857
v -0.27234771261 0.213452563109 -0.510993299097
v -0.272311970894 0.213550971968 -0.507995126616
v -0.271818087333 0.214910798046 -0.509546562102
v -0.272841596172 0.212092737032 -0.509441863612
f 271 273 275
f 271 275 274
f 271 274 276
f 271 276 273
f 272 275 273
f 272 274 275
f 272 276 274
f 272 273 276
v -0.270806770277 0.213301329236 -0.5095
v -0.273626549025 0.214325461949 -0.5095
v -0.272216659651 0.213813395593 -0.511
v -0.272216659651 0.213813395593 -0.508
v -0.271704593294 0.215223284967 -0.5095
v -0.272728726007 0.212403506219 -0.5095
f 277 279 281
f 277 281 280
f 277 280 282
f 277 282 279
f 278 281 279
f 278 280 281
f 278 282 280
f 278 279 282
v -0.270693588176 0.21361295729 -0.509494212857
v -0.273513366923 0.214637090003 -0.509494212857
v -0.272085606691 0.214174228076 -0.510993299097
v -0.272121348407 0.214075819217 -0.507995126616
v -0.27159172313 0.215534054154 -0.509441863612
v -0.272615231969 0.212715993139 -0.509546562102
f 283 285 287
f 283 287 286
f 283 286 288
f 283 288 285
f 284 287 285
f 284 286 287
f 284 288 286
f 284 285 288
v -0.274135201595 0.204137048306 -0.5
v -0.276954980343 0.20516118102 -0.5
v -0.276057157326 0.203239225289 -0.5
v -0.275033024613 0.206059004037 -0.5
v -0.275545090969 0.204649114663 -0.5015
v -0.275545090969 0.204649114663 -0.4985
f 289 291 293
f 289 293 292
f 289 292 294
f 289 294 291
f 290 293 291
f 290 292 293
f 290 294 292
f 290 291 294
v -0.274133174005 0.204142630939 -0.500340270093
v -0.276952952753 0.205166763652 -0.500340270093
v -0.276054817798 0.203245666788 -0.500392619338
v -0.275031308959 0.206063727803 -0.500287920848
v -0.275525192521 0.204703901725 -0.501839356333
v -0.275560934237 0.204605492866 -0.498841183852
f 295 297 299
f 295 299 298
f 295 298 300
f 295 300 297
f 296 299 297
f 296 298 299
f 296 300 298
f 296 297 300
v -0.274127093704 0.204159372034 -0.500680125619
v -0.276946872452 0.205183504747 -0.500680125619
v -0.276047802067 0.203264983437 -0.50078476033
v -0.275026164089 0.206077893345 -0.500575490908
v -0.275501263134 0.204769787302 -0.502176471694
v -0.275572703021 0.20457308948 -0.499183779544
f 301 303 305
f 301 305 304
f 301 304 306
f 301 306 303
f 302 305 303
f 302 304 305
f 302 306 304
f 302 303 306
v -0.2741169681 0.204187251196 -0.501019152517
v -0.276936746848 0.205211383909 -0.501019152517
v -0.276036118678 0.203297151701 -0.501175945212
v -0.275017596271 0.206101483405 -0.500862359822
v -0.275473331965 0.204846691122 -0.50251093536
v -0.275580382984 0.204551943983 -0.499527369674
f 307 309 311
f 307 311 310
f 307 310 312
f 307 312 309
f 308 311 309
f 308 310 311
f 308 312 310
f 308 309 312
v -0.274102809531 0.204226234458 -0.501356937734
v -0.276922588278 0.205250367172 -0.501356937734
v -0.276019781867 0.203342132388 -0.501565697386
v -0.275005615942 0.206134469242 -0.501148178083
v -0.275441433042 0.204934519491 -0.502842339837
v -0.275583964767 0.204542082139 -0.499871535631
f 313 315 317
f 313 317 316
f 313 316 318
f 313 318 315
f 314 317 315
f 314 316 317
f 314 318 316
f 314 315 318
v -0.274084635245 0.204276274326 -0.501693069732
v -0.276904413992 0.205300407039 -0.501693069732
v -0.275998811537 0.203399870696 -0.501953541999
v -0.2749902377 0.206176810669 -0.501432597466
v -0.275405605229 0.205033165403 -0.503170281362
v -0.275583444008 0.204543515962 -0.500215858103
f 319 321 323
f 319 323 322
f 319 322 324
f 319 324 321
f 320 323 321
f 320 322 323
f 320 324 322
f 320 321 324
v -0.274062467385 0.204337309832 -0.502027138985
v -0.276882246133 0.205361442546 -0.502027138985
v -0.275973233237 0.203470296281 -0.502339006522
v -0.274971480281 0.206228456097 -0.501715271449
v -0.275365892177 0.205142508672 -0.503494360387
v -0.275578821341 0.204556243705 -0.500559917584
f 325 327 329
f 325 329 328
f 325 328 330
f 325 330 327
f 326 329 327
f 326 328 329
f 326 330 328
f 326 327 330
v -0.27403633296 0.204409266616 -0.502358738482
v -0.276856111708 0.205433399329 -0.502358738482
v -0.275943078132 0.203553323338 -0.502721621325
v -0.274949366537 0.206289342606 -0.501995855639
v -0.275322342271 0.205262416082 -0.503814182072
v -0.275570102398 0.204580249862 -0.500903294893
f 331 333 335
f 331 335 334
f 331 334 336
f 331 336 333
f 332 335 333
f 332 334 335
f 332 336 334
f 332 333 336
v -0.274006263811 0.204492057007 -0.502687464219
v -0.276826042559 0.205516189721 -0.502687464219
v -0.275908382959 0.203648850714 -0.503100920253
v -0.27492392341 0.206359396015 -0.502274008185
v -0.275275008568 0.205392741543 -0.504129356763
v -0.275557297801 0.204615505185 -0.501245571675
f 337 339 341
f 337 341 340
f 337 340 342
f 337 342 339
f 338 341 339
f 338 340 341
f 338 342 340
f 338 339 342
v -0.273972296571 0.204585580141 -0.503012915695
v -0.276792075319 0.205609712854 -0.503012915695
v -0.275869189991 0.203756762021 -0.503476441187
v -0.2748951819 0.206438530974 -0.502549390204
v -0.275223948739 0.205533326274 -0.50443950047
v -0.275540423152 0.204661966721 -0.501586330921
f 343 345 347
f 343 347 346
f 343 346 348
f 343 348 345
f 344 347 345
f 344 346 347
f 344 348 346
f 344 345 348
v -0.273934472626 0.204689722072 -0.503334696397
v -0.276754251373 0.205713854785 -0.503334696397
v -0.275825546976 0.203876925788 -0.503847726612
v -0.274863177023 0.206526651069 -0.502821666182
v -0.275169224991 0.205683998994 -0.504744235329
v -0.275519499008 0.204719577863 -0.501925157466
f 349 351 353
f 349 353 352
f 349 352 354
f 349 354 351
f 350 353 351
f 350 352 353
f 350 354 352
f 350 351 354
v -0.273892838056 0.204804355919 -0.503652414286
v -0.276712616804 0.205828488633 -0.503652414286
v -0.275777507089 0.204009195612 -0.504214324176
v -0.274827947772 0.20662364894 -0.503090504396
v -0.275110903997 0.205844576131 -0.505043190068
v -0.275494550864 0.204788268421 -0.502261638504
f 355 357 359
f 355 359 358
f 355 358 360
f 355 360 357
f 356 359 357
f 356 358 359
f 356 360 358
f 356 357 360
v -0.273847443589 0.20492934202 -0.50396568227
v -0.276667222337 0.205953474733 -0.50396568227
v -0.275725128857 0.204153410344 -0.504575787235
v -0.274789537069 0.20672940641 -0.503355577305
v -0.275049056812 0.206014862048 -0.505336000456
v -0.275465609114 0.204867954706 -0.502595364084
f 361 363 365
f 361 365 364
f 361 364 366
f 361 366 363
f 362 365 363
f 362 364 365
f 362 366 364
f 362 363 366
v -0.27379834453 0.205064528098 -0.504274118681
v -0.276618123277 0.206088660811 -0.504274118681
v -0.275668476096 0.204309394279 -0.504931675401
v -0.274747991711 0.20684379463 -0.503616561961
v -0.274983758787 0.206194649276 -0.505622309751
v -0.275432709019 0.204958539633 -0.502925927612
f 367 369 371
f 367 371 370
f 367 370 372
f 367 372 369
f 368 371 369
f 368 370 371
f 368 372 370
f 368 369 372
v -0.273745600698 0.205209749449 -0.504577347737
v -0.276565379445 0.206233882162 -0.504577347737
v -0.275607617828 0.204476957377 -0.505281555081
v -0.274703362314 0.206966674234 -0.503873140393
v -0.274915089479 0.206383718773 -0.505901769126
v -0.275395890664 0.205059912838 -0.503252926348
f 373 375 377
f 373 377 376
f 373 376 378
f 373 378 375
f 374 377 375
f 374 376 377
f 374 378 376
f 374 375 378
v -0.273689276354 0.205364829143 -0.504875
v -0.276509055101 0.206388961857 -0.504875
v -0.275542628201 0.204655895486 -0.505625
v -0.274655703254 0.207097895514 -0.504125
v -0.274843132549 0.206581840187 -0.506174038106
v -0.275355198906 0.205171950813 -0.503575961894
f 379 381 383
f 379 383 382
f 379 382 384
f 379 384 381
f 380 383 381
f 380 382 383
f 380 384 382
f 380 381 384
v -0.27362944012 0.205529578241 -0.505166712826
v -0.276449218867 0.206553710954 -0.505166712826
v -0.275473586392 0.204845990598 -0.505961591723
v -0.274605072595 0.207237298597 -0.50437183393
v -0.274767975667 0.206788772137 -0.506438784971
v -0.275310683321 0.205294517058 -0.503894640682
f 385 387 389
f 385 389 388
f 385 388 390
f 385 390 387
f 386 389 387
f 386 388 389
f 386 390 388
f 386 387 390
v -0.273566164898 0.20570379602 -0.505452130809
v -0.276385943645 0.206727928733 -0.505452130809
v -0.275400576521 0.205047011113 -0.506290920164
v -0.274551532022 0.207384713641 -0.504613341454
v -0.274689710399 0.207004262509 -0.506695687168
v -0.275262398144 0.205427462244 -0.50420857445
f 391 393 395
f 391 395 394
f 391 394 396
f 391 396 393
f 392 395 393
f 392 394 395
f 392 396 394
f 392 393 396
v -0.273499527778 0.205887270223 -0.50573090621
v -0.276319306526 0.206911402936 -0.50573090621
v -0.275323687537 0.205258712116 -0.506612584088
v -0.274495146767 0.207539961043 -0.504849228331
v -0.274608432099 0.207228048761 -0.506944431701
v -0.275210402205 0.205570624398 -0.504517380718
f 397 399 401
f 397 401 400
f 397 400 402
f 397 402 399
f 398 401 399
f 398 400 401
f 398 402 400
f 398 399 402
v -0.273429609949 0.206079777314 -0.506002699384
v -0.276249388696 0.207103910028 -0.506002699384
v -0.275243013118 0.205480835683 -0.506926191597
v -0.274435985527 0.207702851659 -0.505079207171
v -0.274524239794 0.207459858243 -0.507184715515
v -0.275154758851 0.205723829099 -0.504820683254
f 403 405 407
f 403 407 406
f 403 406 408
f 403 408 405
f 404 407 405
f 404 406 407
f 404 408 406
f 404 405 408
v -0.273356496593 0.206281082755 -0.506267179194
v -0.27617627534 0.207305215468 -0.506267179194
v -0.275158651554 0.205713111191 -0.507231360609
v -0.27437412038 0.207873187032 -0.50530299778
v -0.274437236057 0.207699408532 -0.507416245859
v -0.275095535876 0.205886889691 -0.50511811253
f 409 411 413
f 409 413 412
f 409 412 414
f 409 414 411
f 410 413 411
f 410 412 413
f 410 414 412
f 410 411 414
v -0.273280276788 0.206490941284 -0.506524023412
v -0.276100055536 0.207515073997 -0.506524023412
v -0.275070705625 0.205955255648 -0.507527719322
v -0.274309626699 0.208050759633 -0.505520327502
v -0.27434752689 0.207946407772 -0.50763874065
v -0.275032805434 0.206059607509 -0.505409306174
f 415 417 419
f 415 419 418
f 415 418 420
f 415 420 417
f 416 419 417
f 416 418 419
f 416 420 418
f 416 417 420
v -0.273201043397 0.206709097222 -0.506772919112
v -0.276020822145 0.207733229935 -0.506772919112
v -0.274979282482 0.206206974038 -0.507814906668
v -0.27424258306 0.208235353119 -0.505730931556
v -0.27425522159 0.208200555033 -0.507851928812
v -0.274966643952 0.206241772124 -0.505693909411
f 421 423 425
f 421 425 424
f 421 424 426
f 421 426 423
f 422 425 423
f 422 424 425
f 422 426 424
f 422 423 426
v -0.273118892953 0.206935284779 -0.507013563053
v -0.2759386717 0.207959417492 -0.507013563053
v -0.274884493508 0.206467959681 -0.508092572754
v -0.274173071146 0.208426742591 -0.505934553353
v -0.274160432616 0.208461540676 -0.508055550609
v -0.274897132037 0.206433161595 -0.505971575498
f 427 429 431
f 427 431 430
f 427 430 432
f 427 432 429
f 428 431 429
f 428 430 431
f 428 432 430
f 428 429 432
v -0.273033925543 0.207169228381 -0.507245662048
v -0.275853704291 0.208193361094 -0.507245662048
v -0.274786454189 0.206737894606 -0.508360379287
v -0.274101175645 0.208624694869 -0.50613094481
v -0.274063275454 0.20872904673 -0.508249357958
v -0.27482435438 0.206633542745 -0.506241966139
f 433 435 437
f 433 437 436
f 433 436 438
f 433 438 435
f 434 437 435
f 434 436 437
f 434 438 436
f 434 435 438
v -0.272946244688 0.207410643003 -0.50746893332
v -0.275766023436 0.208434775716 -0.50746893332
v -0.274685283971 0.207016449939 -0.508617999985
v -0.274026984153 0.20882896878 -0.506319866656
v -0.273963868475 0.20900274728 -0.508433114735
v -0.274748399649 0.206842671439 -0.506504751906
f 439 441 443
f 439 443 442
f 439 442 444
f 439 444 441
f 440 443 441
f 440 442 443
f 440 444 442
f 440 441 444
v -0.272855957213 0.207659234519 -0.507683104848
v -0.275675735961 0.208683367232 -0.507683104848
v -0.274581106115 0.207303286303 -0.508865120978
v -0.273950587058 0.209039315447 -0.506501088717
v -0.273862332791 0.209282308863 -0.508606597061
v -0.274669360382 0.207060292887 -0.506759612635
f 445 447 449
f 445 449 448
f 445 448 450
f 445 450 447
f 446 449 447
f 446 448 449
f 446 450 448
f 446 447 450
v -0.272763173119 0.207914700058 -0.507887915695
v -0.275582951867 0.208938832771 -0.507887915695
v -0.274474047546 0.207598054233 -0.509101441187
v -0.27387207744 0.209255478596 -0.506674390204
v -0.273758792108 0.209567390878 -0.508769593574
v -0.274587332878 0.207286141951 -0.507006237817
f 451 453 455
f 451 455 454
f 451 454 456
f 451 456 453
f 452 455 453
f 452 454 455
f 452 456 454
f 452 453 456
v -0.27266800545 0.208176728375 -0.508083116332
v -0.275487784198 0.209200861088 -0.508083116332
v -0.274364238697 0.207900394599 -0.509326672691
v -0.273791550951 0.209477194864 -0.506839559974
v -0.273653372574 0.209857645995 -0.508921905688
v -0.274502417073 0.207519943467 -0.507244326977
f 457 459 461
f 457 461 460
f 457 460 462
f 457 462 459
f 458 461 459
f 458 460 461
f 458 462 460
f 458 459 462
v -0.272570570152 0.208445000229 -0.508268468938
v -0.2753903489 0.209469132942 -0.508268468938
v -0.274251813353 0.208209939046 -0.509540541082
v -0.273709105699 0.209704194125 -0.506996396793
v -0.273546202627 0.210152720584 -0.509063347834
v -0.274414716425 0.207761412586 -0.507473590041
f 463 465 467
f 463 467 466
f 463 466 468
f 463 468 465
f 464 467 465
f 464 466 467
f 464 468 466
f 464 465 468
v -0.272470985936 0.208719188771 -0.508443747687
v -0.275290764684 0.209743321485 -0.508443747687
v -0.274136908488 0.208526310441 -0.509742785793
v -0.273624842132 0.209936199815 -0.507144709581
v -0.273437412837 0.210452255142 -0.509193747687
v -0.274324337783 0.208010255114 -0.507693747687
f 469 471 473
f 469 473 472
f 469 472 474
f 469 474 471
f 470 473 471
f 470 472 473
f 470 474 472
f 470 471 474
v -0.27236937413 0.208998959946 -0.50860873903
v -0.275189152877 0.21002309266 -0.50860873903
v -0.274019664096 0.208849123335 -0.50993316042
v -0.273538862911 0.210172929271 -0.507284317641
v -0.273327135746 0.210755884732 -0.509312946375
v -0.274231391261 0.208266167874 -0.507904531686
f 475 477 479
f 475 479 478
f 475 478 480
f 475 480 477
f 476 479 477
f 476 478 479
f 476 480 478
f 476 477 480
v -0.272265858531 0.209283972895 -0.508763241951
v -0.275085637279 0.210308105609 -0.508763241951
v -0.273900223021 0.20917798443 -0.510111433021
v -0.273451272789 0.210414094074 -0.507415050882
v -0.273215505712 0.211063239427 -0.509420798672
v -0.274135990098 0.208528839077 -0.508105685231
f 481 483 485
f 481 485 484
f 481 484 486
f 481 486 483
f 482 485 483
f 482 484 485
f 482 486 484
f 482 483 486
v -0.272160565258 0.209573880374 -0.508907068212
v -0.274980344006 0.210598013088 -0.508907068212
v -0.273778730783 0.20951249306 -0.510277386398
v -0.273362178481 0.210659400402 -0.507536750026
v -0.273102658738 0.211373944764 -0.509517173177
v -0.274038250526 0.208797948698 -0.508296963247
f 487 489 491
f 487 491 490
f 487 490 492
f 487 492 489
f 488 491 489
f 488 490 491
f 488 492 490
f 488 489 492
v -0.272053622595 0.209868329176 -0.509040042582
v -0.274873401342 0.210892461889 -0.509040042582
v -0.273655335402 0.209852241677 -0.510430818364
v -0.273271688535 0.210908549388 -0.5076492668
v -0.27298873231 0.211687622197 -0.509601952472
v -0.273938291627 0.209073168868 -0.508478132692
f 493 495 497
f 493 497 496
f 493 496 498
f 493 498 495
f 494 497 495
f 494 496 497
f 494 498 496
f 494 495 498
v -0.271945160834 0.210166960559 -0.509162003053
v -0.274764939581 0.211191093272 -0.509162003053
v -0.273530187216 0.21019681635 -0.510571541984
v -0.273179913199 0.211161237481 -0.507752464121
v -0.272873865231 0.212003889556 -0.509675033268
v -0.273836235184 0.209354164275 -0.508648972838
f 499 501 503
f 499 503 502
f 499 502 504
f 499 504 501
f 500 503 501
f 500 502 503
f 500 504 502
f 500 501 504
v -0.271835312119 0.210469410688 -0.509272801034
v -0.274655090867 0.211493543401 -0.509272801034
v -0.273403438699 0.210545797268 -0.510699385808
v -0.273086964286 0.211417156821 -0.507846216259
v -0.272758197448 0.21232236152 -0.509736326525
v -0.273732205538 0.209640592568 -0.508809275542
f 505 507 509
f 505 509 508
f 505 508 510
f 505 510 507
f 506 509 507
f 506 508 509
f 506 510 508
f 506 507 510
v -0.271724210285 0.210775311073 -0.509372301535
v -0.274543989032 0.211799443786 -0.509372301535
v -0.273275244275 0.21089875925 -0.510814194079
v -0.272992955042 0.211675995608 -0.507930408991
v -0.272641869884 0.21264265008 -0.509785757569
v -0.273626329433 0.209932104779 -0.508958845502
f 511 513 515
f 511 515 514
f 511 514 516
f 511 516 513
f 512 515 513
f 512 514 515
f 512 516 514
f 512 513 516
v -0.271611990691 0.211084289022 -0.509460383331
v -0.274431769439 0.212108421735 -0.509460383331
v -0.273145760128 0.211255272268 -0.510915826921
v -0.272898000001 0.211937438488 -0.508004939742
v -0.272525024267 0.212964365012 -0.509823266175
v -0.273518735862 0.210228345744 -0.509097500488
f 517 519 521
f 517 521 520
f 517 520 522
f 517 522 519
f 518 521 519
f 518 520 521
f 518 522 520
f 518 519 522
v -0.27149879006 0.211395968093 -0.509536939107
v -0.274318568808 0.212420100806 -0.509536939107
v -0.273015144016 0.211614901966 -0.511004160508
v -0.272802214852 0.212201166933 -0.508069717706
v -0.272407802956 0.213287114358 -0.509848806643
v -0.273409555912 0.210528954541 -0.509225071571
f 523 525 527
f 523 527 526
f 523 526 528
f 523 528 525
f 524 527 525
f 524 526 527
f 524 528 526
f 524 525 528
v -0.27138474631 0.211709968553 -0.509601875592
v -0.274204525058 0.212734101266 -0.509601875592
v -0.272883555073 0.211977210189 -0.511079087221
v -0.272705716294 0.21246685963 -0.508124663962
v -0.272290348766 0.213610504896 -0.509862347858
v -0.273298922602 0.210833564923 -0.509341403325
f 529 531 533
f 529 533 532
f 529 532 534
f 529 534 531
f 530 533 531
f 530 532 533
f 530 534 532
f 530 531 534
v -0.271269998385 0.212025907841 -0.50965511367
v -0.274089777133 0.213050040554 -0.50965511367
v -0.272751153621 0.212341755521 -0.511140515773
v -0.272608621896 0.212734192874 -0.508169711567
v -0.272172804797 0.213934142625 -0.509863873322
v -0.273186970721 0.21114180577 -0.509446354019
f 535 537 539
f 535 539 538
f 535 538 540
f 535 540 537
f 536 539 537
f 536 538 539
f 536 540 538
f 536 537 540
v -0.271154686088 0.212343401034 -0.50969658848
v -0.273974464835 0.213367533747 -0.50969658848
v -0.272618100971 0.212708093821 -0.511188371323
v -0.272511049952 0.21300284096 -0.508204805637
v -0.272055314258 0.214257633242 -0.509853381175
v -0.273073836665 0.211453301538 -0.509539795785
f 541 543 545
f 541 545 544
f 541 544 546
f 541 546 543
f 542 545 543
f 542 544 545
f 542 546 544
f 542 543 546
v -0.271038949909 0.212662061314 -0.50972624949
v -0.273858728656 0.213686194027 -0.50972624949
v -0.272484559226 0.21307577876 -0.511222595565
v -0.272413119339 0.213272476582 -0.508229903415
v -0.271938020294 0.214580582625 -0.509830884201
v -0.272959658271 0.211767672717 -0.509621614779
f 547 549 551
f 547 551 550
f 547 550 552
f 547 552 549
f 548 551 549
f 548 550 551
f 548 552 550
f 548 549 552
v -0.270922930855 0.212981500444 -0.509744060563
v -0.273742709602 0.214005633157 -0.509744060563
v -0.272350691087 0.213444362371 -0.511243146804
v -0.272314949371 0.21354277123 -0.508244974323
v -0.271821065809 0.214902597308 -0.509796409808
v -0.272844574648 0.212084536293 -0.509691711318
f 553 555 557
f 553 557 556
f 553 556 558
f 553 558 555
f 554 557 555
f 554 556 557
f 554 558 556
f 554 555 558
v -0.270806770277 0.213301329236 -0.50975
v -0.273626549025 0.214325461949 -0.50975
v -0.272216659651 0.213813395593 -0.51125
v -0.272216659651 0.213813395593 -0.50825
v -0.271704593294 0.215223284967 -0.50975
v -0.272728726007 0.212403506219 -0.50975
f 559 561 563
f 559 563 562
f 559 562 564
f 559 564 561
f 560 563 561
f 560 562 563
f 560 564 562
f 560 561 564
v -0.270690609699 0.213621158028 -0.509744060563
v -0.273510388447 0.214645290741 -0.509744060563
v -0.272082628215 0.214182428814 -0.511243146804
v -0.272118369931 0.214084019955 -0.508244974323
v -0.271588744653 0.215542254892 -0.509691711318
v -0.272612253493 0.212724193878 -0.509796409808
f 565 567 569
f 565 569 568
f 565 568 570
f 565 570 567
f 566 569 567
f 566 568 569
f 566 570 568
f 566 567 570
v -0.274220545988 0.203902066744 -0.5
v -0.277040324736 0.204926199457 -0.5
v -0.276142501719 0.203004243727 -0.5
v -0.275118369005 0.205824022475 -0.5
v -0.275630435362 0.204414133101 -0.5015
v -0.275630435362 0.204414133101 -0.4985
f 571 573 575
f 571 575 574
f 571 574 576
f 571 576 573
f 572 575 573
f 572 574 575
f 572 576 574
f 572 573 576
v -0.274218466408 0.203907792521 -0.500348994967
v -0.277038245156 0.204931925234 -0.500348994967
v -0.276140110202 0.20301082837 -0.500401344212
v -0.275116601362 0.205828889385 -0.500296645722
v -0.275610484924 0.204469063307 -0.501848081208
v -0.27564622664 0.204370654448 -0.498849908726
f 577 579 581
f 577 581 580
f 577 580 582
f 577 582 579
f 578 581 579
f 578 580 581
f 578 582 580
f 578 579 582
v -0.274212230202 0.203924962875 -0.500697564737
v -0.27703200895 0.204949095588 -0.500697564737
v -0.276132938565 0.203030574278 -0.500802199448
v -0.275111300587 0.205843484186 -0.500592930027
v -0.275586399633 0.204535378143 -0.502193910813
v -0.275657839519 0.204338680321 -0.499201218662
f 583 585 587
f 583 587 586
f 583 586 588
f 583 588 585
f 584 587 585
f 584 586 587
f 584 588 586
f 584 585 588
v -0.274201844968 0.203953556887 -0.501045284633
v -0.277021623715 0.204977689601 -0.501045284633
v -0.276120995545 0.203063457392 -0.501202077328
v -0.275102473138 0.205867789096 -0.500888491938
v -0.275558208832 0.204612996814 -0.502537067476
v -0.275665259851 0.204318249674 -0.49955350179
f 589 591 593
f 589 593 592
f 589 592 594
f 589 594 591
f 590 593 591
f 590 592 593
f 590 594 592
f 590 591 594
v -0.274187323358 0.20399353972 -0.50139173101
v -0.277007102105 0.205017672434 -0.50139173101
v -0.276104295694 0.20310943765 -0.501600490661
v -0.275090129769 0.205901774504 -0.501182971358
v -0.275525946869 0.204701824753 -0.502877133113
v -0.275668478594 0.204309387401 -0.499906328906
f 595 597 599
f 595 599 598
f 595 598 600
f 595 600 597
f 596 599 597
f 596 598 599
f 596 600 598
f 596 597 600
v -0.274168683064 0.204044862661 -0.501736481777
v -0.276988461812 0.205068995375 -0.501736481777
v -0.276082859356 0.203168459032 -0.501996954043
v -0.27507428552 0.205945399004 -0.50147600951
v -0.275489653049 0.204801753738 -0.503213693406
v -0.275667491828 0.204312104298 -0.500259270147
f 601 603 605
f 601 605 604
f 601 604 606
f 601 606 603
f 602 605 603
f 602 604 605
f 602 606 604
f 602 603 606
v -0.274145946798 0.204107463181 -0.502079116908
v -0.276965725546 0.205131595894 -0.502079116908
v -0.27605671265 0.203240449629 -0.502390984444
v -0.275054959694 0.205998609446 -0.501767249372
v -0.27544937159 0.204912662021 -0.503546338309
v -0.275662300754 0.204326397054 -0.500611895507
f 607 609 611
f 607 611 610
f 607 610 612
f 607 612 609
f 608 611 609
f 608 610 611
f 608 612 610
f 608 609 612
v -0.27411914226 0.20418126501 -0.502419218956
v -0.276938921008 0.205205397723 -0.502419218956
v -0.276025887431 0.203325321733 -0.502782101799
v -0.275032175836 0.206061341 -0.502056336113
v -0.27540515157 0.205034414476 -0.503874662545
v -0.275652911698 0.204352248257 -0.500963775367
f 613 615 617
f 613 617 616
f 613 616 618
f 613 618 615
f 614 617 615
f 614 616 617
f 614 618 616
f 614 615 618
v -0.274088302107 0.204266178232 -0.502756373558
v -0.276908080854 0.205290310946 -0.502756373558
v -0.275990421255 0.203422971939 -0.503169829592
v -0.275005961706 0.20613351724 -0.502342917524
v -0.275357046864 0.205166862768 -0.504198266102
v -0.275639336097 0.20438962641 -0.501314481014
f 619 621 623
f 619 623 622
f 619 622 624
f 619 624 621
f 620 623 621
f 620 622 623
f 620 624 622
f 620 621 624
v -0.274053463912 0.204362099395 -0.503090169944
v -0.27687324266 0.205386232108 -0.503090169944
v -0.275950357331 0.203533281275 -0.503553695435
v -0.274976349241 0.206215050228 -0.502626644452
v -0.27530511608 0.205309845528 -0.504516754718
v -0.275621590493 0.204438485975 -0.501663585169
f 625 627 629
f 625 629 628
f 625 628 630
f 625 630 627
f 626 629 627
f 626 628 629
f 626 630 628
f 626 627 630
v -0.274014670122 0.204468911631 -0.503420201433
v -0.276834448869 0.205493044345 -0.503420201433
v -0.275905744472 0.203656115347 -0.503933231648
v -0.274943374519 0.206305840629 -0.502907171218
v -0.275249422487 0.205463188554 -0.504829740364
v -0.275599696504 0.204498767422 -0.502010662502
f 631 633 635
f 631 635 634
f 631 634 636
f 631 636 633
f 632 635 633
f 632 634 635
f 632 636 634
f 632 633 636
v -0.273971968 0.204586484809 -0.503746065934
v -0.276791746747 0.205610617522 -0.503746065934
v -0.275856637032 0.203791324501 -0.504307975824
v -0.274907077715 0.206405777829 -0.503184156044
v -0.27519003394 0.205626705021 -0.505136841716
v -0.275573680807 0.20457039731 -0.502355290152
f 637 639 641
f 637 641 640
f 637 640 642
f 637 642 639
f 638 641 639
f 638 640 641
f 638 642 640
f 638 639 642
v -0.273925409571 0.204714675681 -0.504067366431
v -0.276745188319 0.205738808395 -0.504067366431
v -0.275803094839 0.203938744005 -0.504677471395
v -0.274867503051 0.206514740071 -0.503457261466
v -0.275127022794 0.205800195709 -0.505437684617
v -0.275543575096 0.204653288367 -0.502697048244
f 643 645 647
f 643 647 646
f 643 646 648
f 643 648 645
f 644 647 645
f 644 646 647
f 644 648 646
f 644 645 648
v -0.273875051562 0.204853328069 -0.504383711468
v -0.276694830309 0.205877460782 -0.504383711468
v -0.275745183128 0.20409819425 -0.505041268188
v -0.274824698743 0.2066325946 -0.503726154748
v -0.275060465819 0.205983449247 -0.505731902537
v -0.275509416051 0.204747339604 -0.503035520398
f 649 651 653
f 649 653 652
f 649 652 654
f 649 654 651
f 650 653 651
f 650 652 653
f 650 654 652
f 650 651 654
v -0.273820955324 0.205002273044 -0.504694715628
v -0.276640734071 0.206026405757 -0.504694715628
v -0.275682972455 0.204269480972 -0.505398922972
v -0.274778716941 0.20675919783 -0.503990508284
v -0.274990444105 0.206176242368 -0.506019137017
v -0.27547124529 0.204852436433 -0.503370294239
f 655 657 659
f 655 659 658
f 655 658 660
f 655 660 657
f 656 659 657
f 656 658 659
f 656 660 658
f 656 657 660
v -0.273763186766 0.205161329141 -0.505
v -0.276582965513 0.206185461854 -0.505
v -0.275616538613 0.204452395484 -0.50575
v -0.274729613666 0.206894395512 -0.50425
v -0.274917042961 0.206378340185 -0.506299038106
v -0.275429109318 0.204968450811 -0.503700961894
f 661 663 665
f 661 665 664
f 661 664 666
f 661 666 663
f 662 665 663
f 662 664 665
f 662 666 664
f 662 663 666
v -0.27370181627 0.205330302574 -0.505299192642
v -0.276521595017 0.206354435288 -0.505299192642
v -0.275545962542 0.204646714932 -0.506094071539
v -0.274677448745 0.20703802293 -0.504504313746
v -0.274840351816 0.206589496471 -0.506571264787
v -0.27538305947 0.205095241391 -0.504027120498
f 667 669 671
f 667 671 670
f 667 670 672
f 667 672 669
f 668 671 669
f 668 670 671
f 668 672 670
f 668 669 672
v -0.273636918606 0.205508987476 -0.505591929035
v -0.276456697353 0.206533120189 -0.505591929035
v -0.275471330229 0.204852202569 -0.50643071839
v -0.27462228573 0.207189905097 -0.50475313968
v -0.274760464107 0.206809453965 -0.506835485394
v -0.275333151852 0.2052326537 -0.504348372676
f 673 675 677
f 673 677 676
f 673 676 678
f 673 678 675
f 674 677 675
f 674 676 677
f 674 678 676
f 674 675 678
v -0.273568572842 0.205697166145 -0.505877852523
v -0.27638835159 0.206721298859 -0.505877852523
v -0.275392732601 0.205068608038 -0.506759530401
v -0.274564191831 0.207349856966 -0.504996174644
v -0.274677477163 0.207037944683 -0.507091378014
v -0.275279447269 0.205380520321 -0.504664327031
f 679 681 683
f 679 683 682
f 679 682 684
f 679 684 681
f 680 683 681
f 680 682 683
f 680 684 682
f 680 681 684
v -0.273496862248 0.205894609316 -0.506156614753
v -0.276316640995 0.20691874203 -0.506156614753
v -0.275310265417 0.205295667685 -0.507080106966
v -0.274503237826 0.207517683661 -0.50523312254
v -0.274591492093 0.207274690245 -0.507338630884
v -0.27522201115 0.205538661101 -0.504974598623
f 685 687 689
f 685 689 688
f 685 688 690
f 685 690 687
f 686 689 687
f 686 688 689
f 686 690 688
f 686 687 690
v -0.273421874191 0.206101076435 -0.506427876097
v -0.276241652938 0.207125209148 -0.506427876097
v -0.275224029151 0.205533104871 -0.507392057511
v -0.274439497977 0.207693180712 -0.505463694682
v -0.274502613655 0.207519402212 -0.507576942762
v -0.275160913474 0.205706883371 -0.505278809432
f 691 693 695
f 691 695 694
f 691 694 696
f 691 696 693
f 692 695 693
f 692 694 695
f 692 696 694
f 692 693 696
v -0.273343700032 0.206316315952 -0.506691306064
v -0.27616347878 0.207340448665 -0.506691306064
v -0.275134128869 0.205780630316 -0.507695001973
v -0.274373049943 0.207876134301 -0.505687610154
v -0.274410950134 0.20777178244 -0.507806023302
v -0.275096228678 0.205884982177 -0.505576588825
f 697 699 701
f 697 701 700
f 697 700 702
f 697 702 699
f 698 701 699
f 698 700 701
f 698 702 700
f 698 699 702
v -0.273262435015 0.206540065632 -0.506946583705
v -0.276082213763 0.207564198345 -0.506946583705
v -0.2750406741 0.206037942448 -0.50798857126
v -0.274303974679 0.208066321529 -0.505904596149
v -0.274316613208 0.208031523443 -0.508025593405
v -0.27502803557 0.206072740533 -0.505867574004
f 703 705 707
f 703 707 706
f 703 706 708
f 703 708 705
f 704 707 705
f 704 706 707
f 704 708 706
f 704 705 708
v -0.27317817815 0.20677205287 -0.507193398003
v -0.275997956897 0.207796185583 -0.507193398003
v -0.274943778704 0.206304727772 -0.508272407704
v -0.274232356343 0.208263510681 -0.506114388303
v -0.274219717813 0.208298308767 -0.508235385559
v -0.274956417234 0.206269929686 -0.506151410448
f 709 711 713
f 709 713 712
f 709 712 714
f 709 714 711
f 710 713 711
f 710 712 713
f 710 714 712
f 710 711 714
v -0.273091032089 0.207011995025 -0.507431448255
v -0.275910810836 0.208036127739 -0.507431448255
v -0.274843560734 0.206580661251 -0.508546165493
v -0.274158282191 0.208467461514 -0.506316731017
v -0.274120381999 0.208571813375 -0.508435144164
v -0.274881460926 0.206476309389 -0.506427752345
f 715 717 719
f 715 719 718
f 715 718 720
f 715 720 717
f 716 719 717
f 716 718 719
f 716 720 718
f 716 717 720
v -0.273001103006 0.207259599766 -0.507660444431
v -0.275820881754 0.208283732479 -0.507660444431
v -0.27474014229 0.206865406702 -0.508809511096
v -0.274081842471 0.208677925543 -0.506511377767
v -0.274018726793 0.208851704043 -0.508624625846
v -0.274803257967 0.206691628202 -0.506696263017
f 721 723 725
f 721 725 724
f 721 724 726
f 721 726 723
f 722 725 723
f 722 724 725
f 722 726 724
f 722 723 726
v -0.272908500468 0.207514565423 -0.507880107536
v -0.275728279215 0.208538698137 -0.507880107536
v -0.27463364937 0.207158617208 -0.509062123666
v -0.274003130313 0.208894646352 -0.506698091406
v -0.273914876046 0.209137639768 -0.508803599749
v -0.274721903637 0.206915623792 -0.506956615323
f 727 729 731
f 727 731 730
f 727 730 732
f 727 732 729
f 728 731 729
f 728 730 731
f 728 732 730
f 728 729 732
v -0.272813337295 0.207776581361 -0.508090169944
v -0.275633116042 0.208800714074 -0.508090169944
v -0.274524211721 0.207459935536 -0.509303695435
v -0.273922241616 0.209117359899 -0.506876644452
v -0.273808956284 0.209429272181 -0.508971847822
v -0.274637497053 0.207148023254 -0.507208492065
f 733 735 737
f 733 737 736
f 733 736 738
f 733 738 735
f 734 737 735
f 734 736 737
f 734 738 736
f 734 735 738
v -0.272715729429 0.208045328353 -0.508290375726
v -0.275535508176 0.209069461066 -0.508290375726
v -0.274411962675 0.207768994577 -0.509533932084
v -0.27383927493 0.209345794842 -0.507046819367
v -0.273701096553 0.209726245973 -0.509129165081
v -0.274550141052 0.207388543445 -0.50745158637
f 739 741 743
f 739 743 742
f 739 742 744
f 739 744 741
f 740 743 741
f 740 742 743
f 740 744 742
f 740 741 744
v -0.27261579579 0.208320478972 -0.508480480962
v -0.275435574538 0.209344611685 -0.508480480962
v -0.274297038991 0.208085417789 -0.509752553106
v -0.273754331337 0.209579672868 -0.507208408817
v -0.273591428265 0.210028199328 -0.509275359858
v -0.274459942063 0.207636891329 -0.507685602065
f 745 747 749
f 745 749 748
f 745 748 750
f 745 750 747
f 746 749 747
f 746 748 749
f 746 750 748
f 746 747 750
v -0.272513658133 0.20860169799 -0.508660254038
v -0.27533343688 0.209625830703 -0.508660254038
v -0.274179580685 0.20840881966 -0.509959292144
v -0.273667514328 0.209818709034 -0.507361215932
v -0.273480085033 0.210334764361 -0.509410254038
v -0.27436700998 0.207892764332 -0.507910254038
f 751 753 755
f 751 755 754
f 751 754 756
f 751 756 753
f 752 755 753
f 752 754 755
f 752 756 754
f 752 753 756
v -0.272409440895 0.208888642785 -0.508829475929
v -0.275229219643 0.209912775498 -0.508829475929
v -0.274059730862 0.208738806174 -0.510153897318
v -0.273578929676 0.210062612109 -0.507505054539
v -0.273367202512 0.21064556757 -0.509533683273
v -0.274271458026 0.208155850713 -0.508125268584
f 757 759 761
f 757 761 760
f 757 760 762
f 757 762 759
f 758 761 759
f 758 760 761
f 758 762 760
f 758 759 762
v -0.27230327105 0.209180963758 -0.508987940463
v -0.275123049798 0.210205096472 -0.508987940463
v -0.27393763554 0.209074975293 -0.510336131532
v -0.273488685308 0.210311084937 -0.507639749394
v -0.273252918232 0.21096023029 -0.509645497183
v -0.274173402617 0.20842582994 -0.508330383743
f 763 765 767
f 763 767 766
f 763 766 768
f 763 768 765
f 764 767 765
f 764 766 767
f 764 768 766
f 764 765 768
v -0.27219527795 0.209478304763 -0.509135454576
v -0.275015056698 0.210502437476 -0.509135454576
v -0.273813443475 0.209416917448 -0.510505772763
v -0.273396891173 0.21056382479 -0.50776513639
v -0.27313737143 0.211278369153 -0.509745559541
v -0.274072963218 0.208702373086 -0.508525349612
f 769 771 773
f 769 773 772
f 769 772 774
f 769 774 771
f 770 773 771
f 770 772 773
f 770 774 772
f 770 771 774
v -0.272085593167 0.209780303533 -0.509271838546
v -0.274905371914 0.210804436247 -0.509271838546
v -0.273687305974 0.209764216035 -0.510662614328
v -0.273303659107 0.210820523745 -0.507881062764
v -0.273020702882 0.211599596554 -0.509833748436
v -0.273970262199 0.208985143226 -0.508709928656
f 775 777 779
f 775 779 778
f 775 778 780
f 775 780 777
f 776 779 777
f 776 778 779
f 776 780 778
f 776 777 780
v -0.271974350335 0.210086592131 -0.509396926208
v -0.274794129083 0.211110724845 -0.509396926208
v -0.273559376718 0.210116447922 -0.510806465139
v -0.2732091027 0.211080869054 -0.507987387277
v -0.272903054732 0.211923521129 -0.509909956423
v -0.273865424686 0.209273795847 -0.508883895993
f 781 783 785
f 781 785 784
f 781 784 786
f 781 786 783
f 782 785 783
f 782 784 785
f 782 786 784
f 782 783 786
v -0.271861684987 0.210396797391 -0.509510565163
v -0.274681463734 0.211420930105 -0.509510565163
v -0.273429811567 0.210473183971 -0.510937149937
v -0.273113337154 0.211344543525 -0.508083980389
v -0.272784570315 0.212249748224 -0.509974090655
v -0.273758578406 0.209567979272 -0.509047039671
f 787 789 791
f 787 791 790
f 787 790 792
f 787 792 789
f 788 791 789
f 788 790 791
f 788 792 790
f 788 789 792
v -0.271747734387 0.210710541376 -0.509612616959
v -0.274567513135 0.211734674089 -0.509612616959
v -0.273298768378 0.210833989554 -0.511054509503
v -0.273016479145 0.211611225912 -0.508170724415
v -0.272665393987 0.212577880383 -0.510026072993
v -0.273649853536 0.209867335082 -0.509199160926
f 793 795 797
f 793 797 796
f 793 796 798
f 793 798 795
f 794 797 795
f 794 796 797
f 794 798 796
f 794 795 798
v -0.271632637368 0.211027441837 -0.509702957263
v -0.274452416116 0.21205157455 -0.509702957263
v -0.273166406806 0.211198425084 -0.511158400852
v -0.272918646678 0.211880591303 -0.508247513673
v -0.272545670945 0.212907517827 -0.510065840106
v -0.273539382539 0.210171498559 -0.509340074419
f 799 801 803
f 799 803 802
f 799 802 804
f 799 804 801
f 800 803 801
f 800 802 803
f 800 804 802
f 800 801 804
v -0.271516534157 0.211347112679 -0.509781476007
v -0.274336312905 0.212371245392 -0.509781476007
v -0.273032888113 0.211566046552 -0.511248697408
v -0.272819958949 0.212152311519 -0.508314254606
v -0.272425547053 0.213238258944 -0.510093343544
v -0.273427300009 0.210480099127 -0.509469608471
f 805 807 809
f 805 809 808
f 805 808 810
f 805 810 807
f 806 809 807
f 806 808 809
f 806 810 808
f 806 807 810
v -0.271399566208 0.211669164433 -0.50984807753
v -0.274219344956 0.212693297146 -0.50984807753
v -0.272898374972 0.211936406069 -0.51132528916
v -0.272720536192 0.21242605551 -0.508370865901
v -0.272305168664 0.213569700776 -0.510108549797
v -0.2733137425 0.210792760803 -0.509587605264
f 811 813 815
f 811 815 814
f 811 814 816
f 811 816 813
f 812 815 813
f 812 814 815
f 812 816 814
f 812 813 816
v -0.271281876029 0.211993204728 -0.509902680687
v -0.274101654776 0.213017337442 -0.509902680687
v -0.272763031265 0.212309052409 -0.511388082791
v -0.27262049954 0.212701489761 -0.508417278584
v -0.27218468244 0.213901439512 -0.510111440339
v -0.273198848365 0.211109102658 -0.509693921036
f 817 819 821
f 817 821 820
f 817 820 822
f 817 822 819
f 818 821 819
f 818 820 821
f 818 822 820
f 818 819 822
v -0.271163607006 0.212318838772 -0.509945218954
v -0.273983385754 0.213342971485 -0.509945218954
v -0.272627021889 0.212683531559 -0.511437001797
v -0.27251997087 0.212978278698 -0.508453436111
v -0.272064235176 0.214233070981 -0.510102011649
v -0.273082757583 0.211428739276 -0.509788426259
f 823 825 827
f 823 827 826
f 823 826 828
f 823 828 825
f 824 827 825
f 824 826 827
f 824 828 826
f 824 825 828
v -0.271044903233 0.212645669829 -0.509975640503
v -0.27386468198 0.213669802542 -0.509975640503
v -0.27249051255 0.213059387274 -0.511471986578
v -0.272419072663 0.213256085097 -0.508479294427
v -0.271943973618 0.21456419114 -0.510080275213
v -0.272965611595 0.211751281231 -0.509871005792
f 829 831 833
f 829 833 832
f 829 832 834
f 829 834 831
f 830 833 831
f 830 832 833
f 830 834 832
f 830 831 834
v -0.270925909331 0.212973299706 -0.50999390827
v -0.273745688079 0.213997432419 -0.50999390827
v -0.272353669563 0.213436161633 -0.511492994511
v -0.272317927847 0.213534570492 -0.50849482203
v -0.271824044285 0.21489439657 -0.510046257515
v -0.272847553125 0.212076335555 -0.509941559025
f 835 837 839
f 835 839 838
f 835 838 840
f 835 840 837
f 836 839 837
f 836 838 839
f 836 840 838
f 836 837 840
v -0.270806770277 0.213301329236 -0.51
v -0.273626549025 0.214325461949 -0.51
v -0.272216659651 0.213813395593 -0.5115
v -0.272216659651 0.213813395593 -0.5085
v -0.271704593294 0.215223284967 -0.51
v -0.272728726007 0.212403506219 -0.51
f 841 843 845
f 841 845 844
f 841 844 846
f 841 846 843
f 842 845 843
f 842 844 845
f 842 846 844
f 842 843 846
v -0.270687631223 0.213629358766 -0.50999390827
v -0.27350740997 0.21465349148 -0.50999390827
v -0.272079649739 0.214190629553 -0.511492994511
v -0.272115391455 0.214092220694 -0.50849482203
v -0.271585766177 0.21555045563 -0.509941559025
v -0.272609275016 0.212732394616 -0.510046257515
f 847 849 851
f 847 851 850
f 847 850 852
f 847 852 849
f 848 851 849
f 848 850 851
f 848 852 850
f 848 849 852
o rejected_candidates
usemtl rejected_marker
g rejected_candidates
v -0.270580543969 0.213924205673 -0.509476858477
v -0.273400322717 0.214948338386 -0.509476858477
v -0.271954713399 0.214534620941 -0.510973204553
v -0.272026153286 0.214337923119 -0.507980512402
v -0.271479614354 0.215842726984 -0.509372223767
v -0.272501252332 0.213029817075 -0.509581493188
f 853 855 857
f 853 857 856
f 853 856 858
f 853 858 855
f 854 857 855
f 854 856 857
f 854 858 856
f 854 855 858
v -0.270467775384 0.214234695177 -0.509447958006
v -0.273287554132 0.21525882789 -0.509447958006
v -0.271824139249 0.214894135103 -0.510939740849
v -0.271931190268 0.214599387964 -0.507956175163
v -0.271368403555 0.216148927386 -0.509291165311
v -0.272386925962 0.213344595681 -0.509604750701
f 859 861 863
f 859 863 862
f 859 862 864
f 859 864 861
f 860 863 861
f 860 862 863
f 860 864 862
f 860 861 864
v -0.270355419813 0.214544047518 -0.509407546653
v -0.27317519856 0.215568180232 -0.509407546653
v -0.271694043324 0.215252332551 -0.510892948756
v -0.271836575049 0.214859895199 -0.50792214455
v -0.271258226225 0.216452282302 -0.509198787002
v -0.272272392149 0.213659945448 -0.509616306304
f 865 867 869
f 865 869 868
f 865 868 870
f 865 870 867
f 866 869 867
f 866 868 869
f 866 870 868
f 866 867 870
v -0.270243614142 0.214851885799 -0.509355673654
v -0.27306339289 0.215876018512 -0.509355673654
v -0.271564584126 0.215608776876 -0.510832885283
v -0.271742422906 0.215119127435 -0.507878462024
v -0.271149216598 0.216752422142 -0.509095201387
v -0.272157790434 0.21397548217 -0.50961614592
f 871 873 875
f 871 875 874
f 871 874 876
f 871 876 873
f 872 875 873
f 872 874 875
f 872 876 874
f 872 873 876
v -0.270132494591 0.215157834965 -0.509292402207
v -0.272952273338 0.216181967679 -0.509292402207
v -0.271435919383 0.215963033806 -0.510759623608
v -0.271648848547 0.215376768838 -0.507825180806
v -0.271041507486 0.21704898123 -0.508980534671
v -0.272043260443 0.214290821414 -0.509604269743
f 877 879 881
f 877 881 880
f 877 880 882
f 877 882 879
f 878 881 879
f 878 880 881
f 878 882 880
f 878 879 882
v -0.27002219654 0.215461522265 -0.5092178094
v -0.272841975288 0.216485654979 -0.5092178094
v -0.27130820585 0.216314671732 -0.510673252989
v -0.271555965978 0.215632505512 -0.50776236581
v -0.270935230117 0.217341598256 -0.508854926556
v -0.271928941712 0.214605578988 -0.509580692243
f 883 885 887
f 883 887 886
f 883 886 888
f 883 888 885
f 884 887 885
f 884 886 887
f 884 888 886
f 884 885 888
v -0.269912854372 0.215762577703 -0.509131986111
v -0.27273263312 0.216786710416 -0.509131986111
v -0.271181599129 0.216663262239 -0.510573878655
v -0.271463888363 0.215886025881 -0.507690093568
v -0.270830513971 0.21762991671 -0.508718530078
v -0.27181497352 0.214919371409 -0.509545442145
f 889 891 893
f 889 893 892
f 889 892 894
f 889 894 891
f 890 893 891
f 890 892 893
f 890 894 892
f 890 891 894
v -0.269804601303 0.216060634488 -0.509035036905
v -0.27262438005 0.217084767202 -0.509035036905
v -0.27105625347 0.217008380622 -0.510461621679
v -0.271372727883 0.216137021068 -0.50760845213
v -0.270727486631 0.217913585321 -0.508571511413
v -0.271701494722 0.215231816369 -0.509498562396
f 895 897 899
f 895 899 898
f 895 898 900
f 895 900 897
f 896 899 897
f 896 898 899
f 896 900 898
f 896 897 900
v -0.269697569222 0.216355329485 -0.508927079897
v -0.272517347969 0.217379462199 -0.508927079897
v -0.270932321587 0.217349606408 -0.510336618829
v -0.271282595604 0.216385185276 -0.507517540966
v -0.270626273619 0.218192258483 -0.508414049682
v -0.271588643572 0.215542533201 -0.509440110112
f 901 903 905
f 901 905 904
f 901 904 906
f 901 906 903
f 902 905 903
f 902 904 905
f 902 906 904
f 902 903 906
v -0.269591888532 0.216646303654 -0.508808246618
v -0.272411667279 0.217670436367 -0.508808246618
v -0.270809954472 0.217686523866 -0.5101990224
v -0.271193601339 0.216630216155 -0.507417470837
v -0.270526998247 0.218465596674 -0.508246336728
v -0.271476557564 0.215851143346 -0.509370156509
f 907 909 911
f 907 911 910
f 907 910 912
f 907 912 909
f 908 911 909
f 908 910 911
f 908 912 910
f 908 909 912
v -0.269487687988 0.216933202486 -0.508678681848
v -0.272307466735 0.217957335199 -0.508678681848
v -0.270689301211 0.218018722513 -0.510049000034
v -0.271105853512 0.216871815171 -0.507308363661
v -0.270429781467 0.218733266876 -0.508068576883
v -0.271365373256 0.216157270809 -0.509288786812
f 913 915 917
f 913 917 916
f 913 916 918
f 913 918 915
f 914 917 915
f 914 916 917
f 914 918 916
f 914 915 918
v -0.269385094542 0.21721567644 -0.50853854344
v -0.27220487329 0.218239809153 -0.50853854344
v -0.2705705088 0.218345797618 -0.509886734509
v -0.271019459032 0.217109687975 -0.50719035237
v -0.270334741723 0.218994942972 -0.50788098672
v -0.271255226109 0.216460542621 -0.50919610016
f 919 921 923
f 919 923 922
f 919 922 924
f 919 924 921
f 920 923 921
f 920 922 923
f 920 924 922
f 920 921 924
v -0.26928423319 0.217493381365 -0.508388002132
v -0.272104011937 0.218517514078 -0.508388002132
v -0.270453721971 0.218667350689 -0.509712423521
v -0.270934523156 0.217343544754 -0.507063580743
v -0.270241994807 0.21925030615 -0.507683794788
v -0.271146250321 0.216760589293 -0.509092209476
f 925 927 929
f 925 929 928
f 925 928 930
f 925 930 927
f 926 929 927
f 926 928 929
f 926 930 928
f 926 927 930
v -0.269185226814 0.21776597892 -0.508227241336
v -0.272005005562 0.218790111633 -0.508227241336
v -0.27033908301 0.218982989963 -0.509526279442
v -0.270851149366 0.21757310059 -0.50692820323
v -0.270151653715 0.219499045291 -0.507477241336
v -0.271038578661 0.217057045262 -0.508977241336
f 931 933 935
f 931 935 934
f 931 934 936
f 931 936 933
f 932 935 933
f 932 934 935
f 932 936 934
f 932 933 936
v -0.26908819604 0.218033136987 -0.508056456913
v -0.271907974787 0.2190572697 -0.508056456913
v -0.270226731586 0.219292330883 -0.509328529058
v -0.27076943924 0.217798075804 -0.506784384769
v -0.270063828514 0.219740857343 -0.507261578017
v -0.270932342312 0.217349549344 -0.50885133581
f 937 939 941
f 937 941 940
f 937 940 942
f 937 942 939
f 938 941 939
f 938 940 941
f 938 942 940
f 938 939 942
v -0.268993259083 0.218294530075 -0.507875856939
v -0.27181303783 0.219318662789 -0.507875856939
v -0.270116804584 0.219594996564 -0.509119413298
v -0.270689492329 0.218018196299 -0.50663230058
v -0.269978626207 0.219975447696 -0.507037067584
v -0.270827670706 0.217637745168 -0.508714646294
f 943 945 947
f 943 947 946
f 943 946 948
f 943 948 945
f 944 947 945
f 944 946 947
f 944 948 946
f 944 945 948
v -0.26890053161 0.218549839718 -0.507685661447
v -0.271720310358 0.219573972431 -0.507685661447
v -0.270009435931 0.219890618255 -0.508899186938
v -0.270611406037 0.218233193893 -0.506472135955
v -0.269896150599 0.220202530538 -0.506803983568
v -0.270724691369 0.217921281611 -0.508567339325
f 949 951 953
f 949 953 952
f 949 952 954
f 949 954 951
f 950 953 951
f 950 952 953
f 950 954 952
f 950 951 954
v -0.268810126596 0.218798754858 -0.507486102159
v -0.271629905343 0.219822887572 -0.507486102159
v -0.269904756441 0.220178835787 -0.50866811829
v -0.270535275498 0.218442806643 -0.506304086029
v -0.269816502174 0.220421829203 -0.506562609946
v -0.270623529765 0.218199813227 -0.508409594372
f 955 957 959
f 955 959 958
f 955 958 960
f 955 960 957
f 956 959 957
f 956 958 959
f 956 960 958
f 956 957 960
v -0.268722154184 0.219040972233 -0.50727742221
v -0.271541932932 0.220065104946 -0.50727742221
v -0.269802893648 0.22045929801 -0.508426488874
v -0.270461193467 0.218646779169 -0.506128355545
v -0.269739777971 0.220633076509 -0.506313240795
v -0.270524309145 0.218473000669 -0.508241603624
f 961 963 965
f 961 965 964
f 961 964 966
f 961 966 963
f 962 965 963
f 962 964 965
f 962 966 964
f 962 963 966
v -0.268636721556 0.219276196736 -0.507059875842
v -0.271456500304 0.220300329449 -0.507059875842
v -0.269703971658 0.220731663224 -0.50817459308
v -0.270389250202 0.218844862961 -0.505945158604
v -0.269666071467 0.220836015085 -0.506056179932
v -0.270427150393 0.2187405111 -0.508063571752
f 967 969 971
f 967 971 970
f 967 970 972
f 967 972 969
f 968 971 969
f 968 970 971
f 968 972 970
f 968 969 972
v -0.268553932798 0.219504141784 -0.506833728103
v -0.271373711546 0.220528274497 -0.506833728103
v -0.269608110991 0.220995599596 -0.507912737804
v -0.270319533353 0.219036816686 -0.505754718403
v -0.269595472461 0.221030397681 -0.505791740548
v -0.270332171883 0.2190020186 -0.507875715659
f 973 975 977
f 973 977 976
f 973 976 978
f 973 978 975
f 974 977 975
f 974 976 977
f 974 978 976
f 974 975 978
v -0.268473888775 0.21972452966 -0.506599254519
v -0.271293667523 0.220748662374 -0.506599254519
v -0.269515428438 0.221250785557 -0.507641242075
v -0.27025212786 0.219222406476 -0.505557266964
v -0.269528066968 0.221215987472 -0.505520244819
v -0.27023948933 0.219257204562 -0.50767826422
f 979 981 983
f 979 983 982
f 979 982 984
f 979 984 981
f 980 983 981
f 980 982 983
f 980 984 982
f 980 981 984
v -0.26839668701 0.219937091856 -0.50635674076
v -0.271216465757 0.220961224569 -0.50635674076
v -0.26942603692 0.221496910205 -0.50736043667
v -0.270187115847 0.21940140622 -0.505353044851
v -0.269463937112 0.221392558344 -0.505242023522
v -0.270149215655 0.219505758081 -0.507471457999
f 985 987 989
f 985 989 988
f 985 988 990
f 985 990 987
f 986 989 987
f 986 988 989
f 986 990 988
f 986 987 990
v -0.268322421559 0.220141569397 -0.506106482292
v -0.271142200307 0.221165702111 -0.506106482292
v -0.269340045346 0.221733673674 -0.507070663707
v -0.27012457652 0.219573597834 -0.505142300877
v -0.269403161023 0.221559895175 -0.504957415627
v -0.270061460842 0.219747376334 -0.507255548957
f 991 993 995
f 991 995 994
f 991 994 996
f 991 996 993
f 992 995 993
f 992 994 995
f 992 996 994
f 992 993 996
v -0.268251182905 0.22033771316 -0.505848784016
v -0.271070961652 0.221361845873 -0.505848784016
v -0.269257558483 0.221960787504 -0.506772276229
v -0.270064586074 0.219738771528 -0.504925291803
v -0.26934581275 0.221717794088 -0.504666767885
v -0.269976331807 0.219981764944 -0.507030800146
f 997 999 1001
f 997 1001 1000
f 997 1000 1002
f 997 1002 999
f 998 1001 999
f 998 1000 1001
f 998 1002 1000
f 998 999 1002
v -0.26818305784 0.220525284172 -0.505583959897
v -0.271002836588 0.221549416885 -0.505583959897
v -0.269178676829 0.222177974992 -0.506465637775
v -0.270007217599 0.219896726065 -0.504702282018
v -0.269291962161 0.22186606271 -0.504370434405
v -0.269893932266 0.220208638348 -0.506797485388
f 1003 1005 1007
f 1003 1007 1006
f 1003 1006 1008
f 1003 1008 1005
f 1004 1007 1005
f 1004 1006 1007
f 1004 1008 1006
f 1004 1005 1008
v -0.268118129365 0.220704053908 -0.505312332583
v -0.270937908112 0.221728186622 -0.505312332583
v -0.269103496489 0.222384971529 -0.506151121938
v -0.269952540988 0.220047269001 -0.504473543228
v -0.269241674866 0.222004520397 -0.504068776224
v -0.269814362611 0.220427720132 -0.506555888942
f 1009 1011 1013
f 1009 1013 1012
f 1009 1012 1014
f 1009 1014 1011
f 1010 1013 1011
f 1010 1012 1013
f 1010 1014 1012
f 1010 1011 1014
v -0.268056476584 0.220873804565 -0.50503423301
v -0.270876255332 0.221897937278 -0.50503423301
v -0.269032109059 0.222581524921 -0.505829111907
v -0.269900622857 0.220190216922 -0.504239354114
v -0.269195012131 0.222132998461 -0.503762160866
v -0.269737719785 0.220638743382 -0.506306305154
f 1015 1017 1019
f 1015 1019 1018
f 1015 1018 1020
f 1015 1020 1017
f 1016 1019 1017
f 1016 1018 1019
f 1016 1020 1018
f 1016 1017 1020
v -0.267998174613 0.221034329326 -0.50475
v -0.27081795336 0.22205846204 -0.50475
v -0.268964601513 0.222767395697 -0.5055
v -0.26985152646 0.220325395669 -0.504
v -0.269152030808 0.22225134037 -0.503450961894
v -0.269664097165 0.220841450996 -0.506049038106
f 1021 1023 1025
f 1021 1025 1024
f 1021 1024 1026
f 1021 1026 1023
f 1022 1025 1023
f 1022 1024 1025
f 1022 1026 1024
f 1022 1023 1026
v -0.267943294483 0.221185432618 -0.504459979846
v -0.27076307323 0.222209565332 -0.504459979846
v -0.268901056099 0.222942357404 -0.505164187191
v -0.269805311613 0.220452640546 -0.503755772502
v -0.269112783264 0.222359401943 -0.503135558457
v -0.269593584449 0.221035596007 -0.505784401236
f 1027 1029 1031
f 1027 1031 1030
f 1027 1030 1032
f 1027 1032 1029
f 1028 1031 1029
f 1028 1030 1031
f 1028 1032 1030
f 1028 1029 1032
v -0.267891903057 0.221326930345 -0.504164525894
v -0.270711681804 0.222351063058 -0.504164525894
v -0.268841550238 0.223106196877 -0.504822082615
v -0.269762034623 0.220571796527 -0.503506969174
v -0.269077317314 0.222457051523 -0.502816334825
v -0.269526267546 0.22122094188 -0.505512716964
f 1033 1035 1037
f 1033 1037 1036
f 1033 1036 1038
f 1033 1038 1035
f 1034 1037 1035
f 1034 1036 1037
f 1034 1038 1036
f 1034 1035 1038
v -0.267844062947 0.221458650113 -0.503863998109
v -0.270663841695 0.222482782826 -0.503863998109
v -0.268786156427 0.223258714503 -0.504474103074
v -0.269721748215 0.220682718437 -0.503253893145
v -0.26904567617 0.222544170141 -0.502493679923
v -0.269462228472 0.221397262799 -0.505234316296
f 1039 1041 1043
f 1039 1043 1042
f 1039 1042 1044
f 1039 1044 1041
f 1040 1043 1041
f 1040 1042 1043
f 1040 1044 1042
f 1040 1041 1044
v -0.267799832441 0.221580431442 -0.503558762637
v -0.270619611188 0.222604564155 -0.503558762637
v -0.268734942156 0.223399724463 -0.504120672528
v -0.269684501473 0.220785271135 -0.502996852747
v -0.269017898381 0.222620651654 -0.502167986856
v -0.269401545248 0.221564343943 -0.504949538419
f 1045 1047 1049
f 1045 1049 1048
f 1045 1048 1050
f 1045 1050 1047
f 1046 1049 1047
f 1046 1048 1049
f 1046 1050 1048
f 1046 1047 1050
v -0.267759265424 0.22169212596 -0.503249191362
v -0.270579044172 0.222716258674 -0.503249191362
v -0.268687969822 0.223529054958 -0.503762221577
v -0.269650339775 0.220879329676 -0.502736161147
v -0.26899401779 0.222686402883 -0.50183965243
v -0.269344291807 0.221721981751 -0.504658730293
f 1051 1053 1055
f 1051 1055 1054
f 1051 1054 1056
f 1051 1056 1053
f 1052 1055 1053
f 1052 1054 1055
f 1052 1056 1054
f 1052 1053 1056
v -0.267722411323 0.221793597585 -0.502935661447
v -0.270542190071 0.222817730299 -0.502935661447
v -0.268645296652 0.223646548418 -0.503399186938
v -0.269619304743 0.220964779466 -0.502472135955
v -0.268974063491 0.222741343719 -0.501509076672
v -0.269290537904 0.221869984165 -0.504362246221
f 1057 1059 1061
f 1057 1061 1060
f 1057 1060 1062
f 1057 1062 1059
f 1058 1061 1059
f 1058 1060 1061
f 1058 1062 1060
f 1058 1059 1062
v -0.267689315039 0.221884722689 -0.50261855488
v -0.270509093786 0.222908855403 -0.50261855488
v -0.268606974638 0.223752061697 -0.503032010914
v -0.269591434187 0.221041516396 -0.502205098847
v -0.268958059796 0.222785407225 -0.501176662336
v -0.269240349029 0.222008170867 -0.504060447424
f 1063 1065 1067
f 1063 1067 1066
f 1063 1066 1068
f 1063 1068 1065
f 1064 1067 1065
f 1064 1066 1067
f 1064 1068 1066
f 1064 1065 1068
v -0.267660016893 0.221965390251 -0.502298258008
v -0.270479795641 0.222989522964 -0.502298258008
v -0.268573050469 0.223845466241 -0.502661140852
v -0.269566762064 0.221109446974 -0.501935375165
v -0.268946026203 0.222818539717 -0.500842814419
v -0.269193786331 0.222136373498 -0.503753701598
f 1069 1071 1073
f 1069 1073 1072
f 1069 1072 1074
f 1069 1074 1071
f 1070 1073 1071
f 1070 1072 1073
f 1070 1074 1072
f 1070 1071 1074
v -0.267634552582 0.222035501989 -0.501975161063
v -0.270454331329 0.223059634702 -0.501975161063
v -0.268543565477 0.223926648253 -0.502287028599
v -0.269545318434 0.221168488437 -0.501663293527
v -0.268937977374 0.222840700829 -0.500507939662
v -0.269150906538 0.222254435862 -0.503442382464
f 1075 1077 1079
f 1075 1079 1078
f 1075 1078 1080
f 1075 1080 1077
f 1076 1079 1077
f 1076 1078 1079
f 1076 1080 1078
f 1076 1077 1080
v -0.267612953129 0.222094972482 -0.501649657688
v -0.270432731877 0.223119105195 -0.501649657688
v -0.268518555585 0.223995508825 -0.501910129954
v -0.269527129421 0.221218568853 -0.501389185421
v -0.268933923113 0.222851863559 -0.500172446058
v -0.269111761892 0.222362214118 -0.503126869317
f 1081 1083 1085
f 1081 1085 1084
f 1081 1084 1086
f 1081 1086 1083
f 1082 1085 1083
f 1082 1084 1085
f 1082 1086 1084
f 1082 1083 1086
v -0.26759524485 0.222143729276 -0.501322144459
v -0.270415023598 0.223167861989 -0.501322144459
v -0.268498051262 0.22405196406 -0.501530904111
v -0.269512217186 0.221259627205 -0.501113384808
v -0.268933868361 0.222852014309 -0.499836742356
v -0.269076400087 0.222459576956 -0.502807546562
f 1087 1089 1091
f 1087 1091 1090
f 1087 1090 1092
f 1087 1092 1089
f 1088 1091 1089
f 1088 1090 1091
f 1088 1092 1090
f 1088 1089 1092
v -0.267581449321 0.222181712967 -0.500993020401
v -0.270401228068 0.223205845681 -0.500993020401
v -0.268482077491 0.224095945176 -0.501149813096
v -0.269500599898 0.221291613472 -0.500836227706
v -0.268937813185 0.222841152894 -0.499501237558
v -0.269044864204 0.222546405754 -0.502484803244
f 1093 1095 1097
f 1093 1097 1096
f 1093 1096 1098
f 1093 1098 1095
f 1094 1097 1095
f 1094 1096 1097
f 1094 1098 1096
f 1094 1095 1098
v -0.267571583348 0.222208877279 -0.500662686501
v -0.270391362096 0.223233009992 -0.500662686501
v -0.268470653733 0.22412739859 -0.500767321211
v -0.269492291711 0.221314488682 -0.50055805179
v -0.268945752779 0.222819292547 -0.499166340425
v -0.269017192665 0.222622594725 -0.502159032576
f 1099 1101 1103
f 1099 1103 1102
f 1099 1102 1104
f 1099 1104 1101
f 1100 1103 1101
f 1100 1102 1103
f 1100 1104 1102
f 1100 1101 1104
v -0.267565658952 0.222225189116 -0.500331545219
v -0.2703854377 0.223249321829 -0.500331545219
v -0.268463793906 0.22414628598 -0.500383894464
v -0.269487302746 0.221328224965 -0.500279195974
v -0.268957677468 0.222786459902 -0.498832458978
v -0.268993419184 0.222688051043 -0.501830631459
f 1105 1107 1109
f 1105 1109 1108
f 1105 1108 1110
f 1105 1110 1107
f 1106 1109 1107
f 1106 1108 1109
f 1106 1110 1108
f 1106 1107 1110
v -0.267563683351 0.222230628603 -0.5
v -0.270383462099 0.223254761317 -0.5
v -0.268461506369 0.224152584334 -0.5
v -0.269485639082 0.221332805586 -0.5
v -0.268973572725 0.22274269496 -0.4985
v -0.268973572725 0.22274269496 -0.5015
f 1111 1113 1115
f 1111 1115 1114
f 1111 1114 1116
f 1111 1116 1113
f 1112 1115 1113
f 1112 1114 1115
f 1112 1116 1114
f 1112 1113 1116
v -0.267565658952 0.222225189116 -0.499668454781
v -0.2703854377 0.223249321829 -0.499668454781
v -0.268463793906 0.22414628598 -0.499616105536
v -0.269487302746 0.221328224965 -0.499720804026
v -0.268993419184 0.222688051043 -0.498169368541
v -0.268957677468 0.222786459902 -0.501167541022
f 1117 1119 1121
f 1117 1121 1120
f 1117 1120 1122
f 1117 1122 1119
f 1118 1121 1119
f 1118 1120 1121
f 1118 1122 1120
f 1118 1119 1122
v -0.267571583348 0.222208877279 -0.499337313499
v -0.270391362096 0.223233009992 -0.499337313499
v -0.268470653733 0.22412739859 -0.499232678789
v -0.269492291711 0.221314488682 -0.49944194821
v -0.269017192665 0.222622594725 -0.497840967424
v -0.268945752779 0.222819292547 -0.500833659575
f 1123 1125 1127
f 1123 1127 1126
f 1123 1126 1128
f 1123 1128 1125
f 1124 1127 1125
f 1124 1126 1127
f 1124 1128 1126
f 1124 1125 1128
v -0.267581449321 0.222181712967 -0.499006979599
v -0.270401228068 0.223205845681 -0.499006979599
v -0.268482077491 0.224095945176 -0.498850186904
v -0.269500599898 0.221291613472 -0.499163772294
v -0.269044864204 0.222546405754 -0.497515196756
v -0.268937813185 0.222841152894 -0.500498762442
f 1129 1131 1133
f 1129 1133 1132
f 1129 1132 1134
f 1129 1134 1131
f 1130 1133 1131
f 1130 1132 1133
f 1130 1134 1132
f 1130 1131 1134
v -0.26759524485 0.222143729276 -0.498677855541
v -0.270415023598 0.223167861989 -0.498677855541
v -0.268498051262 0.22405196406 -0.498469095889
v -0.269512217186 0.221259627205 -0.498886615192
v -0.269076400087 0.222459576956 -0.497192453438
v -0.268933868361 0.222852014309 -0.500163257644
f 1135 1137 1139
f 1135 1139 1138
f 1135 1138 1140
f 1135 1140 1137
f 1136 1139 1137
f 1136 1138 1139
f 1136 1140 1138
f 1136 1137 1140
v -0.267612953129 0.222094972482 -0.498350342312
v -0.270432731877 0.223119105195 -0.498350342312
v -0.268518555585 0.223995508825 -0.498089870046
v -0.269527129421 0.221218568853 -0.498610814579
v -0.269111761892 0.222362214118 -0.496873130683
v -0.268933923113 0.222851863559 -0.499827553942
f 1141 1143 1145
f 1141 1145 1144
f 1141 1144 1146
f 1141 1146 1143
f 1142 1145 1143
f 1142 1144 1145
f 1142 1146 1144
f 1142 1143 1146
v -0.267634552582 0.222035501989 -0.498024838937
v -0.270454331329 0.223059634702 -0.498024838937
v -0.268543565477 0.223926648253 -0.497712971401
v -0.269545318434 0.221168488437 -0.498336706473
v -0.269150906538 0.222254435862 -0.496557617536
v -0.268937977374 0.222840700829 -0.499492060338
f 1147 1149 1151
f 1147 1151 1150
f 1147 1150 1152
f 1147 1152 1149
f 1148 1151 1149
f 1148 1150 1151
f 1148 1152 1150
f 1148 1149 1152
v -0.267660016893 0.221965390251 -0.497701741992
v -0.270479795641 0.222989522964 -0.497701741992
v -0.268573050469 0.223845466241 -0.497338859148
v -0.269566762064 0.221109446974 -0.498064624835
v -0.269193786331 0.222136373498 -0.496246298402
v -0.268946026203 0.222818539717 -0.499157185581
f 1153 1155 1157
f 1153 1157 1156
f 1153 1156 1158
f 1153 1158 1155
f 1154 1157 1155
f 1154 1156 1157
f 1154 1158 1156
f 1154 1155 1158
v -0.267689315039 0.221884722689 -0.49738144512
v -0.270509093786 0.222908855403 -0.49738144512
v -0.268606974638 0.223752061697 -0.496967989086
v -0.269591434187 0.221041516396 -0.497794901153
v -0.269240349029 0.222008170867 -0.495939552576
v -0.268958059796 0.222785407225 -0.498823337664
f 1159 1161 1163
f 1159 1163 1162
f 1159 1162 1164
f 1159 1164 1161
f 1160 1163 1161
f 1160 1162 1163
f 1160 1164 1162
f 1160 1161 1164
v -0.267722411323 0.221793597585 -0.497064338553
v -0.270542190071 0.222817730299 -0.497064338553
v -0.268645296652 0.223646548418 -0.496600813062
v -0.269619304743 0.220964779466 -0.497527864045
v -0.269290537904 0.221869984165 -0.495637753779
v -0.268974063491 0.222741343719 -0.498490923328
f 1165 1167 1169
f 1165 1169 1168
f 1165 1168 1170
f 1165 1170 1167
f 1166 1169 1167
f 1166 1168 1169
f 1166 1170 1168
f 1166 1167 1170
v -0.267759265424 0.22169212596 -0.496750808638
v -0.270579044172 0.222716258674 -0.496750808638
v -0.268687969822 0.223529054958 -0.496237778423
v -0.269650339775 0.220879329676 -0.497263838853
v -0.269344291807 0.221721981751 -0.495341269707
v -0.26899401779 0.222686402883 -0.49816034757
f 1171 1173 1175
f 1171 1175 1174
f 1171 1174 1176
f 1171 1176 1173
f 1172 1175 1173
f 1172 1174 1175
f 1172 1176 1174
f 1172 1173 1176
v -0.267799832441 0.221580431442 -0.496441237363
v -0.270619611188 0.222604564155 -0.496441237363
v -0.268734942156 0.223399724463 -0.495879327472
v -0.269684501473 0.220785271135 -0.497003147253
v -0.269401545248 0.221564343943 -0.495050461581
v -0.269017898381 0.222620651654 -0.497832013144
f 1177 1179 1181
f 1177 1181 1180
f 1177 1180 1182
f 1177 1182 1179
f 1178 1181 1179
f 1178 1180 1181
f 1178 1182 1180
f 1178 1179 1182
v -0.267844062947 0.221458650113 -0.496136001891
v -0.270663841695 0.222482782826 -0.496136001891
v -0.268786156427 0.223258714503 -0.495525896926
v -0.269721748215 0.220682718437 -0.496746106855
v -0.269462228472 0.221397262799 -0.494765683704
v -0.26904567617 0.222544170141 -0.497506320077
f 1183 1185 1187
f 1183 1187 1186
f 1183 1186 1188
f 1183 1188 1185
f 1184 1187 1185
f 1184 1186 1187
f 1184 1188 1186
f 1184 1185 1188
v -0.267891903057 0.221326930345 -0.495835474106
v -0.270711681804 0.222351063058 -0.495835474106
v -0.268841550238 0.223106196877 -0.495177917385
v -0.269762034623 0.220571796527 -0.496493030826
v -0.269526267546 0.22122094188 -0.494487283036
v -0.269077317314 0.222457051523 -0.497183665175
f 1189 1191 1193
f 1189 1193 1192
f 1189 1192 1194
f 1189 1194 1191
f 1190 1193 1191
f 1190 1192 1193
f 1190 1194 1192
f 1190 1191 1194
v -0.267943294483 0.221185432618 -0.495540020154
v -0.27076307323 0.222209565332 -0.495540020154
v -0.268901056099 0.222942357404 -0.494835812809
v -0.269805311613 0.220452640546 -0.496244227498
v -0.269593584449 0.221035596007 -0.494215598764
v -0.269112783264 0.222359401943 -0.496864441543
f 1195 1197 1199
f 1195 1199 1198
f 1195 1198 1200
f 1195 1200 1197
f 1196 1199 1197
f 1196 1198 1199
f 1196 1200 1198
f 1196 1197 1200
v -0.267998174613 0.221034329326 -0.49525
v -0.27081795336 0.22205846204 -0.49525
v -0.268964601513 0.222767395697 -0.4945
v -0.26985152646 0.220325395669 -0.496
v -0.269664097165 0.220841450996 -0.493950961894
v -0.269152030808 0.22225134037 -0.496549038106
f 1201 1203 1205
f 1201 1205 1204
f 1201 1204 1206
f 1201 1206 1203
f 1202 1205 1203
f 1202 1204 1205
f 1202 1206 1204
f 1202 1203 1206
v -0.268056476584 0.220873804565 -0.49496576699
v -0.270876255332 0.221897937278 -0.49496576699
v -0.269032109059 0.222581524921 -0.494170888093
v -0.269900622857 0.220190216922 -0.495760645886
v -0.269737719785 0.220638743382 -0.493693694846
v -0.269195012131 0.222132998461 -0.496237839134
f 1207 1209 1211
f 1207 1211 1210
f 1207 1210 1212
f 1207 1212 1209
f 1208 1211 1209
f 1208 1210 1211
f 1208 1212 1210
f 1208 1209 1212
v -0.268118129365 0.220704053908 -0.494687667417
v -0.270937908112 0.221728186622 -0.494687667417
v -0.269103496489 0.222384971529 -0.493848878062
v -0.269952540988 0.220047269001 -0.495526456772
v -0.269814362611 0.220427720132 -0.493444111058
v -0.269241674866 0.222004520397 -0.495931223776
f 1213 1215 1217
f 1213 1217 1216
f 1213 1216 1218
f 1213 1218 1215
f 1214 1217 1215
f 1214 1216 1217
f 1214 1218 1216
f 1214 1215 1218
v -0.26818305784 0.220525284172 -0.494416040103
v -0.271002836588 0.221549416885 -0.494416040103
v -0.269178676829 0.222177974992 -0.493534362225
v -0.270007217599 0.219896726065 -0.495297717982
v -0.269893932266 0.220208638348 -0.493202514612
v -0.269291962161 0.22186606271 -0.495629565595
f 1219 1221 1223
f 1219 1223 1222
f 1219 1222 1224
f 1219 1224 1221
f 1220 1223 1221
f 1220 1222 1223
f 1220 1224 1222
f 1220 1221 1224
v -0.268251182905 0.22033771316 -0.494151215984
v -0.271070961652 0.221361845873 -0.494151215984
v -0.269257558483 0.221960787504 -0.493227723771
v -0.270064586074 0.219738771528 -0.495074708197
v -0.269976331807 0.219981764944 -0.492969199854
v -0.26934581275 0.221717794088 -0.495333232115
f 1225 1227 1229
f 1225 1229 1228
f 1225 1228 1230
f 1225 1230 1227
f 1226 1229 1227
f 1226 1228 1229
f 1226 1230 1228
f 1226 1227 1230
v -0.268322421559 0.220141569397 -0.493893517708
v -0.271142200307 0.221165702111 -0.493893517708
v -0.269340045346 0.221733673674 -0.492929336293
v -0.27012457652 0.219573597834 -0.494857699123
v -0.270061460842 0.219747376334 -0.492744451043
v -0.269403161023 0.221559895175 -0.495042584373
f 1231 1233 1235
f 1231 1235 1234
f 1231 1234 1236
f 1231 1236 1233
f 1232 1235 1233
f 1232 1234 1235
f 1232 1236 1234
f 1232 1233 1236
v -0.26839668701 0.219937091856 -0.49364325924
v -0.271216465757 0.220961224569 -0.49364325924
v -0.26942603692 0.221496910205 -0.49263956333
v -0.270187115847 0.21940140622 -0.494646955149
v -0.270149215655 0.219505758081 -0.492528542001
v -0.269463937112 0.221392558344 -0.494757976478
f 1237 1239 1241
f 1237 1241 1240
f 1237 1240 1242
f 1237 1242 1239
f 1238 1241 1239
f 1238 1240 1241
f 1238 1242 1240
f 1238 1239 1242
v -0.268473888775 0.21972452966 -0.493400745481
v -0.271293667523 0.220748662374 -0.493400745481
v -0.269515428438 0.221250785557 -0.492358757925
v -0.27025212786 0.219222406476 -0.494442733036
v -0.27023948933 0.219257204562 -0.49232173578
v -0.269528066968 0.221215987472 -0.494479755181
f 1243 1245 1247
f 1243 1247 1246
f 1243 1246 1248
f 1243 1248 1245
f 1244 1247 1245
f 1244 1246 1247
f 1244 1248 1246
f 1244 1245 1248
v -0.268553932798 0.219504141784 -0.493166271897
v -0.271373711546 0.220528274497 -0.493166271897
v -0.269608110991 0.220995599596 -0.492087262196
v -0.270319533353 0.219036816686 -0.494245281597
v -0.270332171883 0.2190020186 -0.492124284341
v -0.269595472461 0.221030397681 -0.494208259452
f 1249 1251 1253
f 1249 1253 1252
f 1249 1252 1254
f 1249 1254 1251
f 1250 1253 1251
f 1250 1252 1253
f 1250 1254 1252
f 1250 1251 1254
v -0.268636721556 0.219276196736 -0.492940124158
v -0.271456500304 0.220300329449 -0.492940124158
v -0.269703971658 0.220731663224 -0.49182540692
v -0.270389250202 0.218844862961 -0.494054841396
v -0.270427150393 0.2187405111 -0.491936428248
v -0.269666071467 0.220836015085 -0.493943820068
f 1255 1257 1259
f 1255 1259 1258
f 1255 1258 1260
f 1255 1260 1257
f 1256 1259 1257
f 1256 1258 1259
f 1256 1260 1258
f 1256 1257 1260
v -0.268722154184 0.219040972233 -0.49272257779
v -0.271541932932 0.220065104946 -0.49272257779
v -0.269802893648 0.22045929801 -0.491573511126
v -0.270461193467 0.218646779169 -0.493871644455
v -0.270524309145 0.218473000669 -0.491758396376
v -0.269739777971 0.220633076509 -0.493686759205
f 1261 1263 1265
f 1261 1265 1264
f 1261 1264 1266
f 1261 1266 1263
f 1262 1265 1263
f 1262 1264 1265
f 1262 1266 1264
f 1262 1263 1266
v -0.268810126596 0.218798754858 -0.492513897841
v -0.271629905343 0.219822887572 -0.492513897841
v -0.269904756441 0.220178835787 -0.49133188171
v -0.270535275498 0.218442806643 -0.493695913971
v -0.270623529765 0.218199813227 -0.491590405628
v -0.269816502174 0.220421829203 -0.493437390054
f 1267 1269 1271
f 1267 1271 1270
f 1267 1270 1272
f 1267 1272 1269
f 1268 1271 1269
f 1268 1270 1271
f 1268 1272 1270
f 1268 1269 1272
v -0.26890053161 0.218549839718 -0.492314338553
v -0.271720310358 0.219573972431 -0.492314338553
v -0.270009435931 0.219890618255 -0.491100813062
v -0.270611406037 0.218233193893 -0.493527864045
v -0.270724691369 0.217921281611 -0.491432660675
v -0.269896150599 0.220202530538 -0.493196016432
f 1273 1275 1277
f 1273 1277 1276
f 1273 1276 1278
f 1273 1278 1275
f 1274 1277 1275
f 1274 1276 1277
f 1274 1278 1276
f 1274 1275 1278
v -0.268993259083 0.218294530075 -0.492124143061
v -0.27181303783 0.219318662789 -0.492124143061
v -0.270116804584 0.219594996564 -0.490880586702
v -0.270689492329 0.218018196299 -0.49336769942
v -0.270827670706 0.217637745168 -0.491285353706
v -0.269978626207 0.219975447696 -0.492962932416
f 1279 1281 1283
f 1279 1283 1282
f 1279 1282 1284
f 1279 1284 1281
f 1280 1283 1281
f 1280 1282 1283
f 1280 1284 1282
f 1280 1281 1284
v -0.26908819604 0.218033136987 -0.491943543087
v -0.271907974787 0.2190572697 -0.491943543087
v -0.270226731586 0.219292330883 -0.490671470942
v -0.27076943924 0.217798075804 -0.493215615231
v -0.270932342312 0.217349549344 -0.49114866419
v -0.270063828514 0.219740857343 -0.492738421983
f 1285 1287 1289
f 1285 1289 1288
f 1285 1288 1290
f 1285 1290 1287
f 1286 1289 1287
f 1286 1288 1289
f 1286 1290 1288
f 1286 1287 1290
v -0.269185226814 0.21776597892 -0.491772758664
v -0.272005005562 0.218790111633 -0.491772758664
v -0.27033908301 0.218982989963 -0.490473720558
v -0.270851149366 0.21757310059 -0.49307179677
v -0.271038578661 0.217057045262 -0.491022758664
v -0.270151653715 0.219499045291 -0.492522758664
f 1291 1293 1295
f 1291 1295 1294
f 1291 1294 1296
f 1291 1296 1293
f 1292 1295 1293
f 1292 1294 1295
f 1292 1296 1294
f 1292 1293 1296
v -0.26928423319 0.217493381365 -0.491611997868
v -0.272104011937 0.218517514078 -0.491611997868
v -0.270453721971 0.218667350689 -0.490287576479
v -0.270934523156 0.217343544754 -0.492936419257
v -0.271146250321 0.216760589293 -0.490907790524
v -0.270241994807 0.21925030615 -0.492316205212
f 1297 1299 1301
f 1297 1301 1300
f 1297 1300 1302
f 1297 1302 1299
f 1298 1301 1299
f 1298 1300 1301
f 1298 1302 1300
f 1298 1299 1302
v -0.269385094542 0.21721567644 -0.49146145656
v -0.27220487329 0.218239809153 -0.49146145656
v -0.2705705088 0.218345797618 -0.490113265491
v -0.271019459032 0.217109687975 -0.49280964763
v -0.271255226109 0.216460542621 -0.49080389984
v -0.270334741723 0.218994942972 -0.49211901328
f 1303 1305 1307
f 1303 1307 1306
f 1303 1306 1308
f 1303 1308 1305
f 1304 1307 1305
f 1304 1306 1307
f 1304 1308 1306
f 1304 1305 1308
v -0.269487687988 0.216933202486 -0.491321318152
v -0.272307466735 0.217957335199 -0.491321318152
v -0.270689301211 0.218018722513 -0.489950999966
v -0.271105853512 0.216871815171 -0.492691636339
v -0.271365373256 0.216157270809 -0.490711213188
v -0.270429781467 0.218733266876 -0.491931423117
f 1309 1311 1313
f 1309 1313 1312
f 1309 1312 1314
f 1309 1314 1311
f 1310 1313 1311
f 1310 1312 1313
f 1310 1314 1312
f 1310 1311 1314
v -0.269591888532 0.216646303654 -0.491191753382
v -0.272411667279 0.217670436367 -0.491191753382
v -0.270809954472 0.217686523866 -0.4898009776
v -0.271193601339 0.216630216155 -0.492582529163
v -0.271476557564 0.215851143346 -0.490629843491
v -0.270526998247 0.218465596674 -0.491753663272
f 1315 1317 1319
f 1315 1319 1318
f 1315 1318 1320
f 1315 1320 1317
f 1316 1319 1317
f 1316 1318 1319
f 1316 1320 1318
f 1316 1317 1320
v -0.269697569222 0.216355329485 -0.491072920103
v -0.272517347969 0.217379462199 -0.491072920103
v -0.270932321587 0.217349606408 -0.489663381171
v -0.271282595604 0.216385185276 -0.492482459034
v -0.271588643572 0.215542533201 -0.490559889888
v -0.270626273619 0.218192258483 -0.491585950318
f 1321 1323 1325
f 1321 1325 1324
f 1321 1324 1326
f 1321 1326 1323
f 1322 1325 1323
f 1322 1324 1325
f 1322 1326 1324
f 1322 1323 1326
v -0.269804601303 0.216060634488 -0.490964963095
v -0.27262438005 0.217084767202 -0.490964963095
v -0.27105625347 0.217008380622 -0.489538378321
v -0.271372727883 0.216137021068 -0.49239154787
v -0.271701494722 0.215231816369 -0.490501437604
v -0.270727486631 0.217913585321 -0.491428488587
f 1327 1329 1331
f 1327 1331 1330
f 1327 1330 1332
f 1327 1332 1329
f 1328 1331 1329
f 1328 1330 1331
f 1328 1332 1330
f 1328 1329 1332
v -0.269912854372 0.215762577703 -0.490868013889
v -0.27273263312 0.216786710416 -0.490868013889
v -0.271181599129 0.216663262239 -0.489426121345
v -0.271463888363 0.215886025881 -0.492309906432
v -0.27181497352 0.214919371409 -0.490454557855
v -0.270830513971 0.21762991671 -0.491281469922
f 1333 1335 1337
f 1333 1337 1336
f 1333 1336 1338
f 1333 1338 1335
f 1334 1337 1335
f 1334 1336 1337
f 1334 1338 1336
f 1334 1335 1338
v -0.27002219654 0.215461522265 -0.4907821906
v -0.272841975288 0.216485654979 -0.4907821906
v -0.27130820585 0.216314671732 -0.489326747011
v -0.271555965978 0.215632505512 -0.49223763419
v -0.271928941712 0.214605578988 -0.490419307757
v -0.270935230117 0.217341598256 -0.491145073444
f 1339 1341 1343
f 1339 1343 1342
f 1339 1342 1344
f 1339 1344 1341
f 1340 1343 1341
f 1340 1342 1343
f 1340 1344 1342
f 1340 1341 1344
v -0.270132494591 0.215157834965 -0.490707597793
v -0.272952273338 0.216181967679 -0.490707597793
v -0.271435919383 0.215963033806 -0.489240376392
v -0.271648848547 0.215376768838 -0.492174819194
v -0.272043260443 0.214290821414 -0.490395730257
v -0.271041507486 0.21704898123 -0.491019465329
f 1345 1347 1349
f 1345 1349 1348
f 1345 1348 1350
f 1345 1350 1347
f 1346 1349 1347
f 1346 1348 1349
f 1346 1350 1348
f 1346 1347 1350
v -0.270243614142 0.214851885799 -0.490644326346
v -0.27306339289 0.215876018512 -0.490644326346
v -0.271564584126 0.215608776876 -0.489167114717
v -0.271742422906 0.215119127435 -0.492121537976
v -0.272157790434 0.21397548217 -0.49038385408
v -0.271149216598 0.216752422142 -0.490904798613
f 1351 1353 1355
f 1351 1355 1354
f 1351 1354 1356
f 1351 1356 1353
f 1352 1355 1353
f 1352 1354 1355
f 1352 1356 1354
f 1352 1353 1356
v -0.270355419813 0.214544047518 -0.490592453347
v -0.27317519856 0.215568180232 -0.490592453347
v -0.271694043324 0.215252332551 -0.489107051244
v -0.271836575049 0.214859895199 -0.49207785545
v -0.272272392149 0.213659945448 -0.490383693696
v -0.271258226225 0.216452282302 -0.490801212998
f 1357 1359 1361
f 1357 1361 1360
f 1357 1360 1362
f 1357 1362 1359
f 1358 1361 1359
f 1358 1360 1361
f 1358 1362 1360
f 1358 1359 1362
v -0.270467775384 0.214234695177 -0.490552041994
v -0.273287554132 0.21525882789 -0.490552041994
v -0.271824139249 0.214894135103 -0.489060259151
v -0.271931190268 0.214599387964 -0.492043824837
v -0.272386925962 0.213344595681 -0.490395249299
v -0.271368403555 0.216148927386 -0.490708834689
f 1363 1365 1367
f 1363 1367 1366
f 1363 1366 1368
f 1363 1368 1365
f 1364 1367 1365
f 1364 1366 1367
f 1364 1368 1366
f 1364 1365 1368
v -0.270580543969 0.213924205673 -0.490523141523
v -0.273400322717 0.214948338386 -0.490523141523
v -0.271954713399 0.214534620941 -0.489026795447
v -0.272026153286 0.214337923119 -0.492019487598
v -0.272501252332 0.213029817075 -0.490418506812
v -0.271479614354 0.215842726984 -0.490627776233
f 1369 1371 1373
f 1369 1373 1372
f 1369 1372 1374
f 1369 1374 1371
f 1370 1373 1371
f 1370 1372 1373
f 1370 1374 1372
f 1370 1371 1374
v -0.270693588176 0.21361295729 -0.490505787143
v -0.273513366923 0.214637090003 -0.490505787143
v -0.272085606691 0.214174228076 -0.489006700903
v -0.272121348407 0.214075819217 -0.492004873384
v -0.272615231969 0.212715993139 -0.490453437898
v -0.27159172313 0.215534054154 -0.490558136388
f 1375 1377 1379
f 1375 1379 1378
f 1375 1378 1380
f 1375 1380 1377
f 1376 1379 1377
f 1376 1378 1379
f 1376 1380 1378
f 1376 1377 1380
v -0.270806770277 0.213301329236 -0.4905
v -0.273626549025 0.214325461949 -0.4905
v -0.272216659651 0.213813395593 -0.489
v -0.272216659651 0.213813395593 -0.492
v -0.272728726007 0.212403506219 -0.4905
v -0.271704593294 0.215223284967 -0.4905
f 1381 1383 1385
f 1381 1385 1384
f 1381 1384 1386
f 1381 1386 1383
f 1382 1385 1383
f 1382 1384 1385
f 1382 1386 1384
f 1382 1383 1386
v -0.270919952378 0.212989701182 -0.490505787143
v -0.273739731126 0.214013833896 -0.490505787143
v -0.27234771261 0.213452563109 -0.489006700903
v -0.272311970894 0.213550971968 -0.492004873384
v -0.272841596172 0.212092737032 -0.490558136388
v -0.271818087333 0.214910798046 -0.490453437898
f 1387 1389 1391
f 1387 1391 1390
f 1387 1390 1392
f 1387 1392 1389
f 1388 1391 1389
f 1388 1390 1391
f 1388 1392 1390
f 1388 1389 1392
v -0.271032996585 0.212678452799 -0.490523141523
v -0.273852775333 0.213702585513 -0.490523141523
v -0.272478605902 0.213092170245 -0.489026795447
v -0.272407166015 0.213288868067 -0.492019487598
v -0.272953704948 0.211784064202 -0.490627776233
v -0.27193206697 0.21459697411 -0.490418506812
f 1393 1395 1397
f 1393 1397 1396
f 1393 1396 1398
f 1393 1398 1395
f 1394 1397 1395
f 1394 1396 1397
f 1394 1398 1396
f 1394 1395 1398
v -0.27114576517 0.212367963295 -0.490552041994
v -0.273965543917 0.213392096008 -0.490552041994
v -0.272609180053 0.212732656082 -0.489060259151
v -0.272502129034 0.213027403221 -0.492043824837
v -0.273064915747 0.211477863799 -0.490708834689
v -0.27204639334 0.214282195504 -0.490395249299
f 1399 1401 1403
f 1399 1403 1402
f 1399 1402 1404
f 1399 1404 1401
f 1400 1403 1401
f 1400 1402 1403
f 1400 1404 1402
f 1400 1401 1404
v -0.271258120741 0.212058610954 -0.490592453347
v -0.274077899489 0.213082743667 -0.490592453347
v -0.272739275978 0.212374458634 -0.489107051244
v -0.272596744252 0.212766895987 -0.49207785545
v -0.273175093077 0.211174508883 -0.490801212998
v -0.272160927153 0.213966845738 -0.490383693696
f 1405 1407 1409
f 1405 1409 1408
f 1405 1408 1410
f 1405 1410 1407
f 1406 1409 1407
f 1406 1408 1409
f 1406 1410 1408
f 1406 1407 1410
v -0.271369926412 0.211750772673 -0.490644326346
v -0.274189705159 0.212774905386 -0.490644326346
v -0.272868735175 0.212018014309 -0.489167114717
v -0.272690896396 0.21250766375 -0.492121537976
v -0.273284102704 0.210874369044 -0.490904798613
v -0.272275528867 0.213651309016 -0.49038385408
f 1411 1413 1415
f 1411 1415 1414
f 1411 1414 1416
f 1411 1416 1413
f 1412 1415 1413
f 1412 1414 1415
f 1412 1416 1414
f 1412 1413 1416
v -0.271481045963 0.211444823507 -0.490707597793
v -0.274300824711 0.21246895622 -0.490707597793
v -0.272997399919 0.21166375738 -0.489240376392
v -0.272784470755 0.212250022347 -0.492174819194
v -0.273391811815 0.210577809955 -0.491019465329
v -0.272390058859 0.213335969772 -0.490395730257
f 1417 1419 1421
f 1417 1421 1420
f 1417 1420 1422
f 1417 1422 1419
f 1418 1421 1419
f 1418 1420 1421
f 1418 1422 1420
f 1418 1419 1422
v -0.271591344014 0.211141136207 -0.4907821906
v -0.274411122761 0.21216526892 -0.4907821906
v -0.273125113451 0.211312119453 -0.489326747011
v -0.272877353324 0.211994285673 -0.49223763419
v -0.273498089185 0.210285192929 -0.491145073444
v -0.27250437759 0.213021212197 -0.490419307757
f 1423 1425 1427
f 1423 1427 1426
f 1423 1426 1428
f 1423 1428 1425
f 1424 1427 1425
f 1424 1426 1427
f 1424 1428 1426
f 1424 1425 1428
v -0.271700686182 0.210840080769 -0.490868013889
v -0.274520464929 0.211864213482 -0.490868013889
v -0.273251720172 0.210963528947 -0.489426121345
v -0.272969430939 0.211740765305 -0.492309906432
v -0.27360280533 0.209996874475 -0.491281469922
v -0.272618345781 0.212707419776 -0.490454557855
f 1429 1431 1433
f 1429 1433 1432
f 1429 1432 1434
f 1429 1434 1431
f 1430 1433 1431
f 1430 1432 1433
f 1430 1434 1432
f 1430 1431 1434
v -0.271808939251 0.210542023984 -0.490964963095
v -0.274628717999 0.211566156697 -0.490964963095
v -0.273377065832 0.210618410564 -0.489538378321
v -0.273060591419 0.211489770117 -0.49239154787
v -0.27370583267 0.209713205864 -0.491428488587
v -0.27273182458 0.212394974817 -0.490501437604
f 1435 1437 1439
f 1435 1439 1438
f 1435 1438 1440
f 1435 1440 1437
f 1436 1439 1437
f 1436 1438 1439
f 1436 1440 1438
f 1436 1437 1440
v -0.271915971332 0.210247328987 -0.491072920103
v -0.27473575008 0.2112714617 -0.491072920103
v -0.273500997715 0.210277184778 -0.489663381171
v -0.273150723697 0.211241605909 -0.492482459034
v -0.273807045683 0.209434532703 -0.491585950318
v -0.272844675729 0.212084257984 -0.490559889888
f 1441 1443 1445
f 1441 1445 1444
f 1441 1444 1446
f 1441 1446 1443
f 1442 1445 1443
f 1442 1444 1445
f 1442 1446 1444
f 1442 1443 1446
v -0.272021652022 0.209956354818 -0.491191753382
v -0.27484143077 0.210980487532 -0.491191753382
v -0.27362336483 0.20994026732 -0.4898009776
v -0.273239717963 0.210996575031 -0.492582529163
v -0.273906321055 0.209161194511 -0.491753663272
v -0.272956761738 0.211775647839 -0.490629843491
f 1447 1449 1451
f 1447 1451 1450
f 1447 1450 1452
f 1447 1452 1449
f 1448 1451 1449
f 1448 1450 1451
f 1448 1452 1450
f 1448 1449 1452
v -0.272125852566 0.209669455986 -0.491321318152
v -0.274945631314 0.2106935887 -0.491321318152
v -0.273744018091 0.209608068672 -0.489950999966
v -0.273327465789 0.210754976014 -0.492691636339
v -0.274003537834 0.20889352431 -0.491931423117
v -0.273067946046 0.211469520376 -0.490711213188
f 1453 1455 1457
f 1453 1457 1456
f 1453 1456 1458
f 1453 1458 1455
f 1454 1457 1455
f 1454 1456 1457
f 1454 1458 1456
f 1454 1455 1458
v -0.272228446012 0.209386982032 -0.49146145656
v -0.275048224759 0.210411114746 -0.49146145656
v -0.273862810502 0.209280993567 -0.490113265491
v -0.27341386027 0.210517103211 -0.49280964763
v -0.274098577578 0.208631848214 -0.49211901328
v -0.273178093193 0.211166248564 -0.49080389984
f 1459 1461 1463
f 1459 1463 1462
f 1459 1462 1464
f 1459 1464 1461
f 1460 1463 1461
f 1460 1462 1463
f 1460 1464 1462
f 1460 1461 1464
v -0.272329307364 0.209109277107 -0.491611997868
v -0.275149086112 0.210133409821 -0.491611997868
v -0.273979597331 0.208959440496 -0.490287576479
v -0.273498796145 0.210283246432 -0.492936419257
v -0.274191324495 0.208376485035 -0.492316205212
v -0.273287068981 0.210866201893 -0.490907790524
f 1465 1467 1469
f 1465 1469 1468
f 1465 1468 1470
f 1465 1470 1467
f 1466 1469 1467
f 1466 1468 1469
f 1466 1470 1468
f 1466 1467 1470
v -0.27242831374 0.208836679552 -0.491772758664
v -0.275248092487 0.209860812266 -0.491772758664
v -0.274094236292 0.208643801222 -0.490473720558
v -0.273582169935 0.210053690596 -0.49307179677
v -0.274281665587 0.208127745895 -0.492522758664
v -0.27339474064 0.210569745923 -0.491022758664
f 1471 1473 1475
f 1471 1475 1474
f 1471 1474 1476
f 1471 1476 1473
f 1472 1475 1473
f 1472 1474 1475
f 1472 1476 1474
f 1472 1473 1476
v -0.272525344514 0.208569521485 -0.491943543087
v -0.275345123262 0.209593654198 -0.491943543087
v -0.274206587715 0.208334460302 -0.490671470942
v -0.273663880061 0.209828715381 -0.493215615231
v -0.274369490787 0.207885933843 -0.492738421983
v -0.273500976989 0.210277241841 -0.49114866419
f 1477 1479 1481
f 1477 1481 1480
f 1477 1480 1482
f 1477 1482 1479
f 1478 1481 1479
f 1478 1480 1481
f 1478 1482 1480
f 1478 1479 1482
v -0.272620281471 0.208308128397 -0.492124143061
v -0.275440060219 0.20933226111 -0.492124143061
v -0.274316514718 0.208031794621 -0.490880586702
v -0.273743826972 0.209608594886 -0.49336769942
v -0.274454693094 0.207651343489 -0.492962932416
v -0.273605648596 0.209989046018 -0.491285353706
f 1483 1485 1487
f 1483 1487 1486
f 1483 1486 1488
f 1483 1488 1485
f 1484 1487 1485
f 1484 1486 1487
f 1484 1488 1486
f 1484 1485 1488
v -0.272713008944 0.208052818755 -0.492314338553
v -0.275532787691 0.209076951468 -0.492314338553
v -0.27442388337 0.20773617293 -0.491100813062
v -0.273821913265 0.209393597293 -0.493527864045
v -0.274537168702 0.207424260648 -0.493196016432
v -0.273708627933 0.209705509575 -0.491432660675
f 1489 1491 1493
f 1489 1493 1492
f 1489 1492 1494
f 1489 1494 1491
f 1490 1493 1491
f 1490 1492 1493
f 1490 1494 1492
f 1490 1491 1494
v -0.272803413958 0.207803903614 -0.492513897841
v -0.275623192706 0.208828036327 -0.492513897841
v -0.274528562861 0.207447955399 -0.49133188171
v -0.273898043803 0.209183984542 -0.493695913971
v -0.274616817128 0.207204961983 -0.493437390054
v -0.273809789536 0.209426977959 -0.491590405628
f 1495 1497 1499
f 1495 1499 1498
f 1495 1498 1500
f 1495 1500 1497
f 1496 1499 1497
f 1496 1498 1499
f 1496 1500 1498
f 1496 1497 1500
v -0.27289138637 0.207561686239 -0.49272257779
v -0.275711165118 0.208585818953 -0.49272257779
v -0.274630425653 0.207167493176 -0.491573511126
v -0.273972125834 0.208980012017 -0.493871644455
v -0.274693541331 0.206993714676 -0.493686759205
v -0.273909010157 0.209153790516 -0.491758396376
f 1501 1503 1505
f 1501 1505 1504
f 1501 1504 1506
f 1501 1506 1503
f 1502 1505 1503
f 1502 1504 1505
f 1502 1506 1504
f 1502 1503 1506
v -0.272976818998 0.207326461736 -0.492940124158
v -0.275796597746 0.208350594449 -0.492940124158
v -0.274729347644 0.206895127961 -0.49182540692
v -0.2740440691 0.208781928224 -0.494054841396
v -0.274767247835 0.2067907761 -0.493943820068
v -0.274006168909 0.208886280085 -0.491936428248
f 1507 1509 1511
f 1507 1511 1510
f 1507 1510 1512
f 1507 1512 1509
f 1508 1511 1509
f 1508 1510 1511
f 1508 1512 1510
f 1508 1509 1512
v -0.273059607756 0.207098516688 -0.493166271897
v -0.275879386504 0.208122649401 -0.493166271897
v -0.274825208311 0.20663119159 -0.492087262196
v -0.274113785949 0.2085899745 -0.494245281597
v -0.274837846841 0.206596393504 -0.494208259452
v -0.274101147419 0.208624772585 -0.492124284341
f 1513 1515 1517
f 1513 1517 1516
f 1513 1516 1518
f 1513 1518 1515
f 1514 1517 1515
f 1514 1516 1517
f 1514 1518 1516
f 1514 1515 1518
v -0.273139651779 0.206878128812 -0.493400745481
v -0.275959430526 0.207902261525 -0.493400745481
v -0.274917890863 0.206376005628 -0.492358757925
v -0.274181191442 0.208404384709 -0.494442733036
v -0.274905252333 0.206410803714 -0.494479755181
v -0.274193829971 0.208369586624 -0.49232173578
f 1519 1521 1523
f 1519 1523 1522
f 1519 1522 1524
f 1519 1524 1521
f 1520 1523 1521
f 1520 1522 1523
f 1520 1524 1522
f 1520 1521 1524
v -0.273216853544 0.206665566616 -0.49364325924
v -0.276036632292 0.207689699329 -0.49364325924
v -0.275007282381 0.20612988098 -0.49263956333
v -0.274246203455 0.208225384965 -0.494646955149
v -0.27496938219 0.206234232841 -0.494757976478
v -0.274284103646 0.208121033104 -0.492528542001
f 1525 1527 1529
f 1525 1529 1528
f 1525 1528 1530
f 1525 1530 1527
f 1526 1529 1527
f 1526 1528 1529
f 1526 1530 1528
f 1526 1527 1530
v -0.273291118995 0.206461089075 -0.493893517708
v -0.276110897743 0.207485221788 -0.493893517708
v -0.275093273956 0.205893117511 -0.492929336293
v -0.274308742782 0.208053193352 -0.494857699123
v -0.275030158278 0.206066896011 -0.495042584373
v -0.274371858459 0.207879414852 -0.492744451043
f 1531 1533 1535
f 1531 1535 1534
f 1531 1534 1536
f 1531 1536 1533
f 1532 1535 1533
f 1532 1534 1535
f 1532 1536 1534
f 1532 1533 1536
v -0.273362357649 0.206264945312 -0.494151215984
v -0.276182136397 0.207289078026 -0.494151215984
v -0.275175760819 0.205666003681 -0.493227723771
v -0.274368733227 0.207888019657 -0.495074708197
v -0.275087506552 0.205908997097 -0.495333232115
v -0.274456987494 0.207645026241 -0.492969199854
f 1537 1539 1541
f 1537 1541 1540
f 1537 1540 1542
f 1537 1542 1539
f 1538 1541 1539
f 1538 1540 1541
f 1538 1542 1540
f 1538 1539 1542
v -0.273430482714 0.2060773743 -0.494416040103
v -0.276250261462 0.207101507013 -0.494416040103
v -0.275254642473 0.205448816193 -0.493534362225
v -0.274426101703 0.20773006512 -0.495297717982
v -0.275141357141 0.205760728475 -0.495629565595
v -0.274539387035 0.207418152838 -0.493202514612
f 1543 1545 1547
f 1543 1547 1546
f 1543 1546 1548
f 1543 1548 1545
f 1544 1547 1545
f 1544 1546 1547
f 1544 1548 1546
f 1544 1545 1548
v -0.273495411189 0.205898604564 -0.494687667417
v -0.276315189937 0.206922737277 -0.494687667417
v -0.275329822813 0.205241819657 -0.493848878062
v -0.274480778314 0.207579522185 -0.495526456772
v -0.275191644436 0.205622270788 -0.495931223776
v -0.27461895669 0.207199071053 -0.493444111058
f 1549 1551 1553
f 1549 1553 1552
f 1549 1552 1554
f 1549 1554 1551
f 1550 1553 1551
f 1550 1552 1553
f 1550 1554 1552
f 1550 1551 1554
v -0.27355706397 0.205728853907 -0.49496576699
v -0.276376842718 0.206752986621 -0.49496576699
v -0.275401210243 0.205045266265 -0.494170888093
v -0.274532696445 0.207436574263 -0.495760645886
v -0.275238307171 0.205493792725 -0.496237839134
v -0.274695599517 0.206988047804 -0.493693694846
f 1555 1557 1559
f 1555 1559 1558
f 1555 1558 1560
f 1555 1560 1557
f 1556 1559 1557
f 1556 1558 1559
f 1556 1560 1558
f 1556 1557 1560
v -0.273615365941 0.205568329146 -0.49525
v -0.276435144689 0.206592461859 -0.49525
v -0.275468717788 0.204859395488 -0.4945
v -0.274581792842 0.207301395517 -0.496
v -0.275281288493 0.205375450816 -0.496549038106
v -0.274769222137 0.206785340189 -0.493950961894
f 1561 1563 1565
f 1561 1565 1564
f 1561 1564 1566
f 1561 1566 1563
f 1562 1565 1563
f 1562 1564 1565
f 1562 1566 1564
f 1562 1563 1566
v -0.273670246071 0.205417225854 -0.495540020154
v -0.276490024819 0.206441358567 -0.495540020154
v -0.275532263202 0.204684433782 -0.494835812809
v -0.274628007688 0.207174150639 -0.496244227498
v -0.275320536038 0.205267389243 -0.496864441543
v -0.274839734853 0.206591195178 -0.494215598764
f 1567 1569 1571
f 1567 1571 1570
f 1567 1570 1572
f 1567 1572 1569
f 1568 1571 1569
f 1568 1570 1571
f 1568 1572 1570
f 1568 1569 1572
v -0.273721637497 0.205275728127 -0.495835474106
v -0.276541416245 0.20629986084 -0.495835474106
v -0.275591769064 0.204520594309 -0.495177917385
v -0.274671284679 0.207054994659 -0.496493030826
v -0.275356001987 0.205169739662 -0.497183665175
v -0.274907051755 0.206405849305 -0.494487283036
f 1573 1575 1577
f 1573 1577 1576
f 1573 1576 1578
f 1573 1578 1575
f 1574 1577 1575
f 1574 1576 1577
f 1574 1578 1576
f 1574 1575 1578
v -0.273769477607 0.205144008359 -0.496136001891
v -0.276589256354 0.206168141072 -0.496136001891
v -0.275647162875 0.204368076682 -0.495525896926
v -0.274711571086 0.206944072749 -0.496746106855
v -0.275387643131 0.205082621045 -0.497506320077
v -0.27497109083 0.206229528387 -0.494765683704
f 1579 1581 1583
f 1579 1583 1582
f 1579 1582 1584
f 1579 1584 1581
f 1580 1583 1581
f 1580 1582 1583
f 1580 1584 1582
f 1580 1581 1584
v -0.273813708113 0.20502222703 -0.496441237363
v -0.276633486861 0.206046359743 -0.496441237363
v -0.275698377146 0.204227066723 -0.495879327472
v -0.274748817829 0.206841520051 -0.497003147253
v -0.275415420921 0.205006139531 -0.497832013144
v -0.275031774054 0.206062447242 -0.495050461581
f 1585 1587 1589
f 1585 1589 1588
f 1585 1588 1590
f 1585 1590 1587
f 1586 1589 1587
f 1586 1588 1589
f 1586 1590 1588
f 1586 1587 1590
v -0.27385427513 0.204910532512 -0.496750808638
v -0.276674053877 0.205934665225 -0.496750808638
v -0.27574534948 0.204097736228 -0.496237778423
v -0.274782979527 0.206747461509 -0.497263838853
v -0.275439301512 0.204940388303 -0.49816034757
v -0.275089027495 0.205904809434 -0.495341269707
f 1591 1593 1595
f 1591 1595 1594
f 1591 1594 1596
f 1591 1596 1593
f 1592 1595 1593
f 1592 1594 1595
f 1592 1596 1594
f 1592 1593 1596
v -0.273891129231 0.204809060887 -0.497064338553
v -0.276710907978 0.2058331936 -0.497064338553
v -0.27578802265 0.203980242767 -0.496600813062
v -0.274814014559 0.20666201172 -0.497527864045
v -0.275459255811 0.204885447467 -0.498490923328
v -0.275142781398 0.20575680702 -0.495637753779
f 1597 1599 1601
f 1597 1601 1600
f 1597 1600 1602
f 1597 1602 1599
f 1598 1601 1599
f 1598 1600 1601
f 1598 1602 1600
f 1598 1599 1602
v -0.273924225515 0.204717935783 -0.49738144512
v -0.276744004263 0.205742068496 -0.49738144512
v -0.275826344663 0.203874729489 -0.496967989086
v -0.274841885115 0.20658527479 -0.497794901153
v -0.275475259506 0.20484138396 -0.498823337664
v -0.275192970272 0.205618620318 -0.495939552576
f 1603 1605 1607
f 1603 1607 1606
f 1603 1606 1608
f 1603 1608 1605
f 1604 1607 1605
f 1604 1606 1607
f 1604 1608 1606
f 1604 1605 1608
v -0.273953523661 0.204637268221 -0.497701741992
v -0.276773302408 0.205661400935 -0.497701741992
v -0.275860268832 0.203781324944 -0.497338859148
v -0.274866557237 0.206517344212 -0.498064624835
v -0.275487293098 0.204808251468 -0.499157185581
v -0.275239532971 0.205490417688 -0.496246298402
f 1609 1611 1613
f 1609 1613 1612
f 1609 1612 1614
f 1609 1614 1611
f 1610 1613 1611
f 1610 1612 1613
f 1610 1614 1612
f 1610 1611 1614
v -0.273978987972 0.204567156484 -0.498024838937
v -0.27679876672 0.205591289197 -0.498024838937
v -0.275889753824 0.203700142932 -0.497712971401
v -0.274888000868 0.206458302749 -0.498336706473
v -0.275495341928 0.204786090357 -0.499492060338
v -0.275282412764 0.205372355324 -0.496557617536
f 1615 1617 1619
f 1615 1619 1618
f 1615 1618 1620
f 1615 1620 1617
f 1616 1619 1617
f 1616 1618 1619
f 1616 1620 1618
f 1616 1617 1620
v -0.274000587425 0.20450768599 -0.498350342312
v -0.276820366173 0.205531818703 -0.498350342312
v -0.275914763717 0.203631282361 -0.498089870046
v -0.274906189881 0.206408222333 -0.498610814579
v -0.275499396189 0.204774927626 -0.499827553942
v -0.275321557409 0.205264577067 -0.496873130683
f 1621 1623 1625
f 1621 1625 1624
f 1621 1624 1626
f 1621 1626 1623
f 1622 1625 1623
f 1622 1624 1625
f 1622 1626 1624
f 1622 1623 1626
v -0.274018295704 0.204458929196 -0.498677855541
v -0.276838074451 0.20548306191 -0.498677855541
v -0.27593526804 0.203574827126 -0.498469095889
v -0.274921102115 0.20636716398 -0.498886615192
v -0.27549945094 0.204774776877 -0.500163257644
v -0.275356919215 0.205167214229 -0.497192453438
f 1627 1629 1631
f 1627 1631 1630
f 1627 1630 1632
f 1627 1632 1629
f 1628 1631 1629
f 1628 1630 1631
f 1628 1632 1630
f 1628 1629 1632
v -0.274032091233 0.204420945505 -0.499006979599
v -0.276851869981 0.205445078218 -0.499006979599
v -0.275951241811 0.203530846009 -0.498850186904
v -0.274932719403 0.206335177714 -0.499163772294
v -0.275495506116 0.204785638292 -0.500498762442
v -0.275388455098 0.205080385431 -0.497515196756
f 1633 1635 1637
f 1633 1637 1636
f 1633 1636 1638
f 1633 1638 1635
f 1634 1637 1635
f 1634 1636 1637
f 1634 1638 1636
f 1634 1635 1638
v -0.274041957206 0.204393781193 -0.499337313499
v -0.276861735953 0.205417913906 -0.499337313499
v -0.275962665568 0.203499392596 -0.499232678789
v -0.274941027591 0.206312302504 -0.49944194821
v -0.275487566523 0.204807498639 -0.500833659575
v -0.275416126636 0.205004196461 -0.497840967424
f 1639 1641 1643
f 1639 1643 1642
f 1639 1642 1644
f 1639 1644 1641
f 1640 1643 1641
f 1640 1642 1643
f 1640 1644 1642
f 1640 1641 1644
v -0.274047881602 0.204377469357 -0.499668454781
v -0.276867660349 0.20540160207 -0.499668454781
v -0.275969525395 0.203480505206 -0.499616105536
v -0.274946016556 0.206298566221 -0.499720804026
v -0.275475641834 0.204840331284 -0.501167541022
v -0.275439900117 0.204938740143 -0.498169368541
f 1645 1647 1649
f 1645 1649 1648
f 1645 1648 1650
f 1645 1650 1647
f 1646 1649 1647
f 1646 1648 1649
f 1646 1650 1648
f 1646 1647 1650
v -0.270574590645 0.213940597158 -0.50972624949
v -0.273394369393 0.214964729871 -0.50972624949
v -0.271948760076 0.214551012426 -0.511222595565
v -0.272020199962 0.214354314604 -0.508229903415
v -0.27147366103 0.215859118469 -0.509621614779
v -0.272495299008 0.213046208561 -0.509830884201
f 1651 1653 1655
f 1651 1655 1654
f 1651 1654 1656
f 1651 1656 1653
f 1652 1655 1653
f 1652 1654 1655
f 1652 1656 1654
f 1652 1653 1656
v -0.270458854466 0.214259257439 -0.50969658848
v -0.273278633214 0.215283390152 -0.50969658848
v -0.271815218331 0.214918697365 -0.511188371323
v -0.271922269349 0.214623950226 -0.508204805637
v -0.271359482636 0.216173489648 -0.509539795785
v -0.272378005044 0.213369157943 -0.509853381175
f 1657 1659 1661
f 1657 1661 1660
f 1657 1660 1662
f 1657 1662 1659
f 1658 1661 1659
f 1658 1660 1661
f 1658 1662 1660
f 1658 1659 1662
v -0.270343542169 0.214576750631 -0.50965511367
v -0.273163320917 0.215600883344 -0.50965511367
v -0.27168216568 0.215285035664 -0.511140515773
v -0.271824697406 0.214892598312 -0.508169711567
v -0.271246348581 0.216484985415 -0.509446354019
v -0.272260514505 0.21369264856 -0.509863873322
f 1663 1665 1667
f 1663 1667 1666
f 1663 1666 1668
f 1663 1668 1665
f 1664 1667 1665
f 1664 1666 1667
f 1664 1668 1666
f 1664 1665 1668
v -0.270228794244 0.214892689919 -0.509601875592
v -0.273048572992 0.215916822632 -0.509601875592
v -0.271549764228 0.215649580996 -0.511079087221
v -0.271727603008 0.215159931555 -0.508124663962
v -0.2711343967 0.216793226262 -0.509341403325
v -0.272142970536 0.21401628629 -0.509862347858
f 1669 1671 1673
f 1669 1673 1672
f 1669 1672 1674
f 1669 1674 1671
f 1670 1673 1671
f 1670 1672 1673
f 1670 1674 1672
f 1670 1671 1674
v -0.270114750494 0.215206690379 -0.509536939107
v -0.272934529241 0.216230823093 -0.509536939107
v -0.271418175286 0.21601188922 -0.511004160508
v -0.27163110445 0.215425624252 -0.508069717706
v -0.271023763389 0.217097836644 -0.509225071571
v -0.272025516346 0.214339676828 -0.509848806643
f 1675 1677 1679
f 1675 1679 1678
f 1675 1678 1680
f 1675 1680 1677
f 1676 1679 1677
f 1676 1678 1679
f 1676 1680 1678
f 1676 1677 1680
v -0.270001549863 0.21551836945 -0.509460383331
v -0.272821328611 0.216542502164 -0.509460383331
v -0.271287559173 0.216371518917 -0.510915826921
v -0.271535319301 0.215689352697 -0.508004939742
v -0.270914583439 0.217398445441 -0.509097500488
v -0.271908295034 0.214662426173 -0.509823266175
f 1681 1683 1685
f 1681 1685 1684
f 1681 1684 1686
f 1681 1686 1683
f 1682 1685 1683
f 1682 1684 1685
f 1682 1686 1684
f 1682 1683 1686
v -0.269889330269 0.215827347399 -0.509372301535
v -0.272709109017 0.216851480113 -0.509372301535
v -0.271158075027 0.216728031935 -0.510814194079
v -0.27144036426 0.215950795577 -0.507930408991
v -0.270806989869 0.217694686407 -0.508958845502
v -0.271791449418 0.214984141106 -0.509785757569
f 1687 1689 1691
f 1687 1691 1690
f 1687 1690 1692
f 1687 1692 1689
f 1688 1691 1689
f 1688 1690 1691
f 1688 1692 1690
f 1688 1689 1692
v -0.269778228435 0.216133247785 -0.509272801034
v -0.272598007183 0.217157380498 -0.509272801034
v -0.271029880602 0.217080993918 -0.510699385808
v -0.271346355015 0.216209634365 -0.507846216259
v -0.270701113764 0.217986198617 -0.508809275542
v -0.271675121854 0.215304429665 -0.509736326525
f 1693 1695 1697
f 1693 1697 1696
f 1693 1696 1698
f 1693 1698 1695
f 1694 1697 1695
f 1694 1696 1697
f 1694 1698 1696
f 1694 1695 1698
v -0.26966837972 0.216435697913 -0.509162003053
v -0.272488158468 0.217459830626 -0.509162003053
v -0.270903132086 0.217429974835 -0.510571541984
v -0.271253406103 0.216465553704 -0.507752464121
v -0.270597084118 0.21827262691 -0.508648972838
v -0.271559454071 0.215622901629 -0.509675033268
f 1699 1701 1703
f 1699 1703 1702
f 1699 1702 1704
f 1699 1704 1701
f 1700 1703 1701
f 1700 1702 1703
f 1700 1704 1702
f 1700 1701 1704
v -0.269559917959 0.216734329296 -0.509040042582
v -0.272379696707 0.21775846201 -0.509040042582
v -0.2707779839 0.217774549508 -0.510430818364
v -0.271161630767 0.216718241797 -0.5076492668
v -0.270495027675 0.218553622317 -0.508478132692
v -0.271444586992 0.215939168989 -0.509601952472
f 1705 1707 1709
f 1705 1709 1708
f 1705 1708 1710
f 1705 1710 1707
f 1706 1709 1707
f 1706 1708 1709
f 1706 1710 1708
f 1706 1707 1710
v -0.269452975296 0.217028778098 -0.508907068212
v -0.272272754043 0.218052910811 -0.508907068212
v -0.270654588519 0.218114298125 -0.510277386398
v -0.271071140821 0.216967390783 -0.507536750026
v -0.270395068776 0.218828842487 -0.508296963247
v -0.271330660564 0.216252846421 -0.509517173177
f 1711 1713 1715
f 1711 1715 1714
f 1711 1714 1716
f 1711 1716 1713
f 1712 1715 1713
f 1712 1714 1715
f 1712 1716 1714
f 1712 1713 1716
v -0.269347682023 0.217318685577 -0.508763241951
v -0.272167460771 0.21834281829 -0.508763241951
v -0.270533096281 0.218448806755 -0.510111433021
v -0.270982046513 0.217212697112 -0.507415050882
v -0.270297329204 0.219097952108 -0.508105685231
v -0.271217813589 0.216563551758 -0.509420798672
f 1717 1719 1721
f 1717 1721 1720
f 1717 1720 1722
f 1717 1722 1719
f 1718 1721 1719
f 1718 1720 1721
f 1718 1722 1720
f 1718 1719 1722
v -0.269244166424 0.217603698526 -0.50860873903
v -0.272063945172 0.218627831239 -0.50860873903
v -0.270413655205 0.21877766785 -0.50993316042
v -0.270894456391 0.217453861915 -0.507284317641
v -0.270201928041 0.219360623311 -0.507904531686
v -0.271106183555 0.216870906454 -0.509312946375
f 1723 1725 1727
f 1723 1727 1726
f 1723 1726 1728
f 1723 1728 1725
f 1724 1727 1725
f 1724 1726 1727
f 1724 1728 1726
f 1724 1725 1728
v -0.269142554618 0.217883469701 -0.508443747687
v -0.271962333365 0.218907602414 -0.508443747687
v -0.270296410813 0.219100480744 -0.509742785793
v -0.27080847717 0.217690591371 -0.507144709581
v -0.270108981518 0.219616536072 -0.507693747687
v -0.270995906465 0.217174536043 -0.509193747687
f 1729 1731 1733
f 1729 1733 1732
f 1729 1732 1734
f 1729 1734 1731
f 1730 1733 1731
f 1730 1732 1733
f 1730 1734 1732
f 1730 1731 1734
v -0.269042970402 0.218157658244 -0.508268468938
v -0.271862749149 0.219181790957 -0.508268468938
v -0.270181505949 0.21941685214 -0.509540541082
v -0.270724213602 0.217922597061 -0.506996396793
v -0.270018602877 0.219865378599 -0.507473590041
v -0.270887116674 0.217474070601 -0.509063347834
f 1735 1737 1739
f 1735 1739 1738
f 1735 1738 1740
f 1735 1740 1737
f 1736 1739 1737
f 1736 1738 1739
f 1736 1740 1738
f 1736 1737 1740
v -0.268945535104 0.218425930097 -0.508083116332
v -0.271765313852 0.219450062811 -0.508083116332
v -0.270069080605 0.219726396587 -0.509326672691
v -0.270641768351 0.218149596322 -0.506839559974
v -0.269930902229 0.220106847718 -0.507244326977
v -0.270779946727 0.21776914519 -0.508921905688
f 1741 1743 1745
f 1741 1745 1744
f 1741 1744 1746
f 1741 1746 1743
f 1742 1745 1743
f 1742 1744 1745
f 1742 1746 1744
f 1742 1743 1746
v -0.268850367435 0.218687958414 -0.507887915695
v -0.271670146182 0.219712091128 -0.507887915695
v -0.269959271756 0.220028736952 -0.509101441187
v -0.270561241861 0.21837131259 -0.506674390204
v -0.269845986424 0.220340649235 -0.507006237817
v -0.270674527193 0.218059400307 -0.508769593574
f 1747 1749 1751
f 1747 1751 1750
f 1747 1750 1752
f 1747 1752 1749
f 1748 1751 1749
f 1748 1750 1751
f 1748 1752 1750
f 1748 1749 1752
v -0.268757583341 0.218943423954 -0.507683104848
v -0.271577362089 0.219967556667 -0.507683104848
v -0.269852213186 0.220323504882 -0.508865120978
v -0.270482732243 0.218587475738 -0.506501088717
v -0.269763958919 0.220566498298 -0.506759612635
v -0.27057098651 0.218344482322 -0.508606597061
f 1753 1755 1757
f 1753 1757 1756
f 1753 1756 1758
f 1753 1758 1755
f 1754 1757 1755
f 1754 1756 1757
f 1754 1758 1756
f 1754 1755 1758
v -0.268667295866 0.219192015469 -0.50746893332
v -0.271487074613 0.220216148183 -0.50746893332
v -0.26974803533 0.220610341247 -0.508617999985
v -0.270406335149 0.218797822406 -0.506319866656
v -0.269684919653 0.220784119746 -0.506504751906
v -0.270469450827 0.218624043906 -0.508433114735
f 1759 1761 1763
f 1759 1763 1762
f 1759 1762 1764
f 1759 1764 1761
f 1760 1763 1761
f 1760 1762 1763
f 1760 1764 1762
f 1760 1761 1764
v -0.268579615011 0.219433430091 -0.507245662048
v -0.271399393758 0.220457562805 -0.507245662048
v -0.269646865113 0.22088889658 -0.508360379287
v -0.270332143656 0.219002096316 -0.50613094481
v -0.269608964921 0.220993248441 -0.506241966139
v -0.270370043848 0.218897744455 -0.508249357958
f 1765 1767 1769
f 1765 1769 1768
f 1765 1768 1770
f 1765 1770 1767
f 1766 1769 1767
f 1766 1768 1769
f 1766 1770 1768
f 1766 1767 1770
v -0.268494647601 0.219667373693 -0.507013563053
v -0.271314426349 0.220691506406 -0.507013563053
v -0.269548825794 0.221158831505 -0.508092572754
v -0.270260248156 0.219200048595 -0.505934553353
v -0.269536187264 0.22119362959 -0.505971575498
v -0.270272886686 0.219165250509 -0.508055550609
f 1771 1773 1775
f 1771 1775 1774
f 1771 1774 1776
f 1771 1776 1773
f 1772 1775 1773
f 1772 1774 1775
f 1772 1776 1774
f 1772 1773 1776
v -0.268412497157 0.21989356125 -0.506772919112
v -0.271232275905 0.220917693964 -0.506772919112
v -0.26945403682 0.221419817148 -0.507814906668
v -0.270190736242 0.219391438066 -0.505730931556
v -0.26946667535 0.221385019062 -0.505693909411
v -0.270178097712 0.219426236152 -0.507851928812
f 1777 1779 1781
f 1777 1781 1780
f 1777 1780 1782
f 1777 1782 1779
f 1778 1781 1779
f 1778 1780 1781
f 1778 1782 1780
f 1778 1779 1782
v -0.268333263766 0.220111717188 -0.506524023412
v -0.271153042513 0.221135849902 -0.506524023412
v -0.269362613676 0.221671535537 -0.507527719322
v -0.270123692603 0.219576031552 -0.505520327502
v -0.269400513868 0.221567183676 -0.505409306174
v -0.270085792411 0.219680383413 -0.50763874065
f 1783 1785 1787
f 1783 1787 1786
f 1783 1786 1788
f 1783 1788 1785
f 1784 1787 1785
f 1784 1786 1787
f 1784 1788 1786
f 1784 1785 1788
v -0.268257043961 0.220321575717 -0.506267179194
v -0.271076822709 0.221345708431 -0.506267179194
v -0.269274667748 0.221913679994 -0.507231360609
v -0.270059198922 0.219753604154 -0.50530299778
v -0.269337783426 0.221739901495 -0.50511811253
v -0.269996083244 0.219927382654 -0.507416245859
f 1789 1791 1793
f 1789 1793 1792
f 1789 1792 1794
f 1789 1794 1791
f 1790 1793 1791
f 1790 1792 1793
f 1790 1794 1792
f 1790 1791 1794
v -0.268183930605 0.220522881158 -0.506002699384
v -0.271003709353 0.221547013871 -0.506002699384
v -0.269190306184 0.222145955502 -0.506926191597
v -0.269997333775 0.219923939526 -0.505079207171
v -0.269278560451 0.221902962086 -0.504820683254
v -0.269909079508 0.220166932942 -0.507184715515
f 1795 1797 1799
f 1795 1799 1798
f 1795 1798 1800
f 1795 1800 1797
f 1796 1799 1797
f 1796 1798 1799
f 1796 1800 1798
f 1796 1797 1800
v -0.268114012776 0.220715388249 -0.50573090621
v -0.270933791523 0.221739520963 -0.50573090621
v -0.269109631765 0.22236807907 -0.506612584088
v -0.269938172534 0.220086830142 -0.504849228331
v -0.269222917097 0.222056166787 -0.504517380718
v -0.269824887202 0.220398742425 -0.506944431701
f 1801 1803 1805
f 1801 1805 1804
f 1801 1804 1806
f 1801 1806 1803
f 1802 1805 1803
f 1802 1804 1805
f 1802 1806 1804
f 1802 1803 1806
v -0.268047375656 0.220898862452 -0.505452130809
v -0.270867154404 0.221922995166 -0.505452130809
v -0.269032742781 0.222579780073 -0.506290920164
v -0.26988178728 0.220242077545 -0.504613341454
v -0.269170921157 0.222199328941 -0.50420857445
v -0.269743608903 0.220622528676 -0.506695687168
f 1807 1809 1811
f 1807 1811 1810
f 1807 1810 1812
f 1807 1812 1809
f 1808 1811 1809
f 1808 1810 1811
f 1808 1812 1810
f 1808 1809 1812
v -0.267984100434 0.221073080231 -0.505166712826
v -0.270803879182 0.222097212944 -0.505166712826
v -0.268959732909 0.222780800587 -0.505961591723
v -0.269828246707 0.220389492589 -0.50437183393
v -0.269122635981 0.222332274127 -0.503894640682
v -0.269665343635 0.220838019048 -0.506438784971
f 1813 1815 1817
f 1813 1817 1816
f 1813 1816 1818
f 1813 1818 1815
f 1814 1817 1815
f 1814 1816 1817
f 1814 1818 1816
f 1814 1815 1818
v -0.267924264201 0.221237829329 -0.504875
v -0.270744042948 0.222261962042 -0.504875
v -0.268890691101 0.2229708957 -0.505625
v -0.269777616048 0.220528895671 -0.504125
v -0.269078120396 0.222454840372 -0.503575961894
v -0.269590186753 0.221044950998 -0.506174038106
f 1819 1821 1823
f 1819 1823 1822
f 1819 1822 1824
f 1819 1824 1821
f 1820 1823 1821
f 1820 1822 1823
f 1820 1824 1822
f 1820 1821 1824
v -0.267867939856 0.221392909023 -0.504577347737
v -0.270687718604 0.222417041737 -0.504577347737
v -0.268825701473 0.223149833809 -0.505281555081
v -0.269729956987 0.220660116951 -0.503873140393
v -0.269037428638 0.222566878348 -0.503252926348
v -0.269518229823 0.221243072412 -0.505901769126
f 1825 1827 1829
f 1825 1829 1828
f 1825 1828 1830
f 1825 1830 1827
f 1826 1829 1827
f 1826 1828 1829
f 1826 1830 1828
f 1826 1827 1830
v -0.267815196025 0.221538130374 -0.504274118681
v -0.270634974772 0.222562263088 -0.504274118681
v -0.268764843206 0.223317396906 -0.504931675401
v -0.269685327591 0.220782996556 -0.503616561961
v -0.269000610282 0.222668251553 -0.502925927612
v -0.269449560514 0.221432141909 -0.505622309751
f 1831 1833 1835
f 1831 1835 1834
f 1831 1834 1836
f 1831 1836 1833
f 1832 1835 1833
f 1832 1834 1835
f 1832 1836 1834
f 1832 1833 1836
v -0.267766096965 0.221673316452 -0.50396568227
v -0.270585875713 0.222697449165 -0.50396568227
v -0.268708190445 0.223473380842 -0.504575787235
v -0.269643782233 0.220897384775 -0.503355577305
v -0.268967710188 0.22275883648 -0.502595364084
v -0.26938426249 0.221611929138 -0.505336000456
f 1837 1839 1841
f 1837 1841 1840
f 1837 1840 1842
f 1837 1842 1839
f 1838 1841 1839
f 1838 1840 1841
f 1838 1842 1840
f 1838 1839 1842
v -0.267720702498 0.221798302553 -0.503652414286
v -0.270540481245 0.222822435266 -0.503652414286
v -0.268655812213 0.223617595574 -0.504214324176
v -0.26960537153 0.221003142245 -0.503090504396
v -0.268938768438 0.222838522765 -0.502261638504
v -0.269322415305 0.221782215054 -0.505043190068
f 1843 1845 1847
f 1843 1847 1846
f 1843 1846 1848
f 1843 1848 1845
f 1844 1847 1845
f 1844 1846 1847
f 1844 1848 1846
f 1844 1845 1848
v -0.267679067928 0.2219129364 -0.503334696397
v -0.270498846676 0.222937069114 -0.503334696397
v -0.268607772325 0.223749865398 -0.503847726612
v -0.269570142279 0.221100140116 -0.502821666182
v -0.268913820293 0.222907213323 -0.501925157466
v -0.269264094311 0.221942792191 -0.504744235329
f 1849 1851 1853
f 1849 1853 1852
f 1849 1852 1854
f 1849 1854 1851
f 1850 1853 1851
f 1850 1852 1853
f 1850 1854 1852
f 1850 1851 1854
v -0.267641243983 0.222017078331 -0.503012915695
v -0.27046102273 0.223041211045 -0.503012915695
v -0.268564129311 0.223870029164 -0.503476441187
v -0.269538137402 0.221188260212 -0.502549390204
v -0.26889289615 0.222964824465 -0.501586330921
v -0.269209370563 0.222093464911 -0.50443950047
f 1855 1857 1859
f 1855 1859 1858
f 1855 1858 1860
f 1855 1860 1857
f 1856 1859 1857
f 1856 1858 1859
f 1856 1860 1858
f 1856 1857 1860
v -0.267607276743 0.222110601465 -0.502687464219
v -0.270427055491 0.223134734178 -0.502687464219
v -0.268524936342 0.223977940472 -0.503100920253
v -0.269509395891 0.221267395171 -0.502274008185
v -0.2688760215 0.223011286 -0.501245571675
v -0.269158310733 0.222234049642 -0.504129356763
f 1861 1863 1865
f 1861 1865 1864
f 1861 1864 1866
f 1861 1866 1863
f 1862 1865 1863
f 1862 1864 1865
f 1862 1866 1864
f 1862 1863 1866
v -0.267577207594 0.222193391857 -0.502358738482
v -0.270396986341 0.22321752457 -0.502358738482
v -0.26849024117 0.224073467847 -0.502721621325
v -0.269483952765 0.221337448579 -0.501995855639
v -0.268863216904 0.223046541323 -0.500903294893
v -0.269110977031 0.222364375103 -0.503814182072
f 1867 1869 1871
f 1867 1871 1870
f 1867 1870 1872
f 1867 1872 1869
f 1868 1871 1869
f 1868 1870 1871
f 1868 1872 1870
f 1868 1869 1872
v -0.267551073169 0.22226534864 -0.502027138985
v -0.270370851916 0.223289481353 -0.502027138985
v -0.268460086064 0.224156494905 -0.502339006522
v -0.269461839021 0.221398335088 -0.501715271449
v -0.26885449796 0.22307054748 -0.500559917584
v -0.269067427125 0.222484282513 -0.503494360387
f 1873 1875 1877
f 1873 1877 1876
f 1873 1876 1878
f 1873 1878 1875
f 1874 1877 1875
f 1874 1876 1877
f 1874 1878 1876
f 1874 1875 1878
v -0.267528905309 0.222326384146 -0.501693069732
v -0.270348684057 0.22335051686 -0.501693069732
v -0.268434507765 0.224226920489 -0.501953541999
v -0.269443081601 0.221449980517 -0.501432597466
v -0.268849875293 0.223083275224 -0.500215858103
v -0.269027714073 0.222593625783 -0.503170281362
f 1879 1881 1883
f 1879 1883 1882
f 1879 1882 1884
f 1879 1884 1881
f 1880 1883 1881
f 1880 1882 1883
f 1880 1884 1882
f 1880 1881 1884
v -0.267510731023 0.222376424014 -0.501356937734
v -0.270330509771 0.223400556727 -0.501356937734
v -0.268413537435 0.224284658798 -0.501565697386
v -0.269427703359 0.221492321943 -0.501148178083
v -0.268849354534 0.223084709047 -0.499871535631
v -0.26899188626 0.222692271694 -0.502842339837
f 1885 1887 1889
f 1885 1889 1888
f 1885 1888 1890
f 1885 1890 1887
f 1886 1889 1887
f 1886 1888 1889
f 1886 1890 1888
f 1886 1887 1890
v -0.267496572454 0.222415407276 -0.501019152517
v -0.270316351201 0.223439539989 -0.501019152517
v -0.268397200624 0.224329639485 -0.501175945212
v -0.269415723031 0.22152530778 -0.500862359822
v -0.268852936318 0.223074847202 -0.499527369674
v -0.268959987337 0.222780100063 -0.50251093536
f 1891 1893 1895
f 1891 1895 1894
f 1891 1894 1896
f 1891 1896 1893
f 1892 1895 1893
f 1892 1894 1895
f 1892 1896 1894
f 1892 1893 1896
v -0.26748644685 0.222443286438 -0.500680125619
v -0.270306225598 0.223467419151 -0.500680125619
v -0.268385517235 0.224361807749 -0.50078476033
v -0.269407155213 0.221548897841 -0.500575490908
v -0.26886061628 0.223053701706 -0.499183779544
v -0.268932056167 0.222857003884 -0.502176471694
f 1897 1899 1901
f 1897 1901 1900
f 1897 1900 1902
f 1897 1902 1899
f 1898 1901 1899
f 1898 1900 1901
f 1898 1902 1900
f 1898 1899 1902
v -0.267480366549 0.222460027533 -0.500340270093
v -0.270300145297 0.223484160247 -0.500340270093
v -0.268378501503 0.224381124397 -0.500392619338
v -0.269402010343 0.221563063383 -0.500287920848
v -0.268872385065 0.22302129832 -0.498841183852
v -0.268908126781 0.222922889461 -0.501839356333
f 1903 1905 1907
f 1903 1907 1906
f 1903 1906 1908
f 1903 1908 1905
f 1904 1907 1905
f 1904 1906 1907
f 1904 1908 1906
f 1904 1905 1908
v -0.267478338959 0.222465610166 -0.5
v -0.270298117706 0.223489742879 -0.5
v -0.268376161976 0.224387565896 -0.5
v -0.269400294689 0.221567787149 -0.5
v -0.268888228332 0.222977676522 -0.4985
v -0.268888228332 0.222977676522 -0.5015
f 1909 1911 1913
f 1909 1913 1912
f 1909 1912 1914
f 1909 1914 1911
f 1910 1913 1911
f 1910 1912 1913
f 1910 1914 1912
f 1910 1911 1914
v -0.267480366549 0.222460027533 -0.499659729907
v -0.270300145297 0.223484160247 -0.499659729907
v -0.268378501503 0.224381124397 -0.499607380662
v -0.269402010343 0.221563063383 -0.499712079152
v -0.268908126781 0.222922889461 -0.498160643667
v -0.268872385065 0.22302129832 -0.501158816148
f 1915 1917 1919
f 1915 1919 1918
f 1915 1918 1920
f 1915 1920 1917
f 1916 1919 1917
f 1916 1918 1919
f 1916 1920 1918
f 1916 1917 1920
v -0.26748644685 0.222443286438 -0.499319874381
v -0.270306225598 0.223467419151 -0.499319874381
v -0.268385517235 0.224361807749 -0.49921523967
v -0.269407155213 0.221548897841 -0.499424509092
v -0.268932056167 0.222857003884 -0.497823528306
v -0.26886061628 0.223053701706 -0.500816220456
f 1921 1923 1925
f 1921 1925 1924
f 1921 1924 1926
f 1921 1926 1923
f 1922 1925 1923
f 1922 1924 1925
f 1922 1926 1924
f 1922 1923 1926
v -0.267496572454 0.222415407276 -0.498980847483
v -0.270316351201 0.223439539989 -0.498980847483
v -0.268397200624 0.224329639485 -0.498824054788
v -0.269415723031 0.22152530778 -0.499137640178
v -0.268959987337 0.222780100063 -0.49748906464
v -0.268852936318 0.223074847202 -0.500472630326
f 1927 1929 1931
f 1927 1931 1930
f 1927 1930 1932
f 1927 1932 1929
f 1928 1931 1929
f 1928 1930 1931
f 1928 1932 1930
f 1928 1929 1932
v -0.267510731023 0.222376424014 -0.498643062266
v -0.270330509771 0.223400556727 -0.498643062266
v -0.268413537435 0.224284658798 -0.498434302614
v -0.269427703359 0.221492321943 -0.498851821917
v -0.26899188626 0.222692271694 -0.497157660163
v -0.268849354534 0.223084709047 -0.500128464369
f 1933 1935 1937
f 1933 1937 1936
f 1933 1936 1938
f 1933 1938 1935
f 1934 1937 1935
f 1934 1936 1937
f 1934 1938 1936
f 1934 1935 1938
v -0.267528905309 0.222326384146 -0.498306930268
v -0.270348684057 0.22335051686 -0.498306930268
v -0.268434507765 0.224226920489 -0.498046458001
v -0.269443081601 0.221449980517 -0.498567402534
v -0.269027714073 0.222593625783 -0.496829718638
v -0.268849875293 0.223083275224 -0.499784141897
f 1939 1941 1943
f 1939 1943 1942
f 1939 1942 1944
f 1939 1944 1941
f 1940 1943 1941
f 1940 1942 1943
f 1940 1944 1942
f 1940 1941 1944
v -0.267551073169 0.22226534864 -0.497972861015
v -0.270370851916 0.223289481353 -0.497972861015
v -0.268460086064 0.224156494905 -0.497660993478
v -0.269461839021 0.221398335088 -0.498284728551
v -0.269067427125 0.222484282513 -0.496505639613
v -0.26885449796 0.22307054748 -0.499440082416
f 1945 1947 1949
f 1945 1949 1948
f 1945 1948 1950
f 1945 1950 1947
f 1946 1949 1947
f 1946 1948 1949
f 1946 1950 1948
f 1946 1947 1950
v -0.267577207594 0.222193391857 -0.497641261518
v -0.270396986341 0.22321752457 -0.497641261518
v -0.26849024117 0.224073467847 -0.497278378675
v -0.269483952765 0.221337448579 -0.498004144361
v -0.269110977031 0.222364375103 -0.496185817928
v -0.268863216904 0.223046541323 -0.499096705107
f 1951 1953 1955
f 1951 1955 1954
f 1951 1954 1956
f 1951 1956 1953
f 1952 1955 1953
f 1952 1954 1955
f 1952 1956 1954
f 1952 1953 1956
v -0.267607276743 0.222110601465 -0.497312535781
v -0.270427055491 0.223134734178 -0.497312535781
v -0.268524936342 0.223977940472 -0.496899079747
v -0.269509395891 0.221267395171 -0.497725991815
v -0.269158310733 0.222234049642 -0.495870643237
v -0.2688760215 0.223011286 -0.498754428325
f 1957 1959 1961
f 1957 1961 1960
f 1957 1960 1962
f 1957 1962 1959
f 1958 1961 1959
f 1958 1960 1961
f 1958 1962 1960
f 1958 1959 1962
v -0.267641243983 0.222017078331 -0.496987084305
v -0.27046102273 0.223041211045 -0.496987084305
v -0.268564129311 0.223870029164 -0.496523558813
v -0.269538137402 0.221188260212 -0.497450609796
v -0.269209370563 0.222093464911 -0.49556049953
v -0.26889289615 0.222964824465 -0.498413669079
f 1963 1965 1967
f 1963 1967 1966
f 1963 1966 1968
f 1963 1968 1965
f 1964 1967 1965
f 1964 1966 1967
f 1964 1968 1966
f 1964 1965 1968
v -0.267679067928 0.2219129364 -0.496665303603
v -0.270498846676 0.222937069114 -0.496665303603
v -0.268607772325 0.223749865398 -0.496152273388
v -0.269570142279 0.221100140116 -0.497178333818
v -0.269264094311 0.221942792191 -0.495255764671
v -0.268913820293 0.222907213323 -0.498074842534
f 1969 1971 1973
f 1969 1973 1972
f 1969 1972 1974
f 1969 1974 1971
f 1970 1973 1971
f 1970 1972 1973
f 1970 1974 1972
f 1970 1971 1974
v -0.267720702498 0.221798302553 -0.496347585714
v -0.270540481245 0.222822435266 -0.496347585714
v -0.268655812213 0.223617595574 -0.495785675824
v -0.26960537153 0.221003142245 -0.496909495604
v -0.269322415305 0.221782215054 -0.494956809932
v -0.268938768438 0.222838522765 -0.497738361496
f 1975 1977 1979
f 1975 1979 1978
f 1975 1978 1980
f 1975 1980 1977
f 1976 1979 1977
f 1976 1978 1979
f 1976 1980 1978
f 1976 1977 1980
v -0.267766096965 0.221673316452 -0.49603431773
v -0.270585875713 0.222697449165 -0.49603431773
v -0.268708190445 0.223473380842 -0.495424212765
v -0.269643782233 0.220897384775 -0.496644422695
v -0.26938426249 0.221611929138 -0.494663999544
v -0.268967710188 0.22275883648 -0.497404635916
f 1981 1983 1985
f 1981 1985 1984
f 1981 1984 1986
f 1981 1986 1983
f 1982 1985 1983
f 1982 1984 1985
f 1982 1986 1984
f 1982 1983 1986
v -0.267815196025 0.221538130374 -0.495725881319
v -0.270634974772 0.222562263088 -0.495725881319
v -0.268764843206 0.223317396906 -0.495068324599
v -0.269685327591 0.220782996556 -0.496383438039
v -0.269449560514 0.221432141909 -0.494377690249
v -0.269000610282 0.222668251553 -0.497074072388
f 1987 1989 1991
f 1987 1991 1990
f 1987 1990 1992
f 1987 1992 1989
f 1988 1991 1989
f 1988 1990 1991
f 1988 1992 1990
f 1988 1989 1992
v -0.267867939856 0.221392909023 -0.495422652263
v -0.270687718604 0.222417041737 -0.495422652263
v -0.268825701473 0.223149833809 -0.494718444919
v -0.269729956987 0.220660116951 -0.496126859607
v -0.269518229823 0.221243072412 -0.494098230874
v -0.269037428638 0.222566878348 -0.496747073652
f 1993 1995 1997
f 1993 1997 1996
f 1993 1996 1998
f 1993 1998 1995
f 1994 1997 1995
f 1994 1996 1997
f 1994 1998 1996
f 1994 1995 1998
v -0.267924264201 0.221237829329 -0.495125
v -0.270744042948 0.222261962042 -0.495125
v -0.268890691101 0.2229708957 -0.494375
v -0.269777616048 0.220528895671 -0.495875
v -0.269590186753 0.221044950998 -0.493825961894
v -0.269078120396 0.222454840372 -0.496424038106
f 1999 2001 2003
f 1999 2003 2002
f 1999 2002 2004
f 1999 2004 2001
f 2000 2003 2001
f 2000 2002 2003
f 2000 2004 2002
f 2000 2001 2004
v -0.267984100434 0.221073080231 -0.494833287174
v -0.270803879182 0.222097212944 -0.494833287174
v -0.268959732909 0.222780800587 -0.494038408277
v -0.269828246707 0.220389492589 -0.49562816607
v -0.269665343635 0.220838019048 -0.493561215029
v -0.269122635981 0.222332274127 -0.496105359318
f 2005 2007 2009
f 2005 2009 2008
f 2005 2008 2010
f 2005 2010 2007
f 2006 2009 2007
f 2006 2008 2009
f 2006 2010 2008
f 2006 2007 2010
v -0.268047375656 0.220898862452 -0.494547869191
v -0.270867154404 0.221922995166 -0.494547869191
v -0.269032742781 0.222579780073 -0.493709079836
v -0.26988178728 0.220242077545 -0.495386658546
v -0.269743608903 0.220622528676 -0.493304312832
v -0.269170921157 0.222199328941 -0.49579142555
f 2011 2013 2015
f 2011 2015 2014
f 2011 2014 2016
f 2011 2016 2013
f 2012 2015 2013
f 2012 2014 2015
f 2012 2016 2014
f 2012 2013 2016
v -0.268114012776 0.220715388249 -0.49426909379
v -0.270933791523 0.221739520963 -0.49426909379
v -0.269109631765 0.22236807907 -0.493387415912
v -0.269938172534 0.220086830142 -0.495150771669
v -0.269824887202 0.220398742425 -0.493055568299
v -0.269222917097 0.222056166787 -0.495482619282
f 2017 2019 2021
f 2017 2021 2020
f 2017 2020 2022
f 2017 2022 2019
f 2018 2021 2019
f 2018 2020 2021
f 2018 2022 2020
f 2018 2019 2022
v -0.268183930605 0.220522881158 -0.493997300616
v -0.271003709353 0.221547013871 -0.493997300616
v -0.269190306184 0.222145955502 -0.493073808403
v -0.269997333775 0.219923939526 -0.494920792829
v -0.269909079508 0.220166932942 -0.492815284485
v -0.269278560451 0.221902962086 -0.495179316746
f 2023 2025 2027
f 2023 2027 2026
f 2023 2026 2028
f 2023 2028 2025
f 2024 2027 2025
f 2024 2026 2027
f 2024 2028 2026
f 2024 2025 2028
v -0.268257043961 0.220321575717 -0.493732820806
v -0.271076822709 0.221345708431 -0.493732820806
v -0.269274667748 0.221913679994 -0.492768639391
v -0.270059198922 0.219753604154 -0.49469700222
v -0.269996083244 0.219927382654 -0.492583754141
v -0.269337783426 0.221739901495 -0.49488188747
f 2029 2031 2033
f 2029 2033 2032
f 2029 2032 2034
f 2029 2034 2031
f 2030 2033 2031
f 2030 2032 2033
f 2030 2034 2032
f 2030 2031 2034
v -0.268333263766 0.220111717188 -0.493475976588
v -0.271153042513 0.221135849902 -0.493475976588
v -0.269362613676 0.221671535537 -0.492472280678
v -0.270123692603 0.219576031552 -0.494479672498
v -0.270085792411 0.219680383413 -0.49236125935
v -0.269400513868 0.221567183676 -0.494590693826
f 2035 2037 2039
f 2035 2039 2038
f 2035 2038 2040
f 2035 2040 2037
f 2036 2039 2037
f 2036 2038 2039
f 2036 2040 2038
f 2036 2037 2040
v -0.268412497157 0.21989356125 -0.493227080888
v -0.271232275905 0.220917693964 -0.493227080888
v -0.26945403682 0.221419817148 -0.492185093332
v -0.270190736242 0.219391438066 -0.494269068444
v -0.270178097712 0.219426236152 -0.492148071188
v -0.26946667535 0.221385019062 -0.494306090589
f 2041 2043 2045
f 2041 2045 2044
f 2041 2044 2046
f 2041 2046 2043
f 2042 2045 2043
f 2042 2044 2045
f 2042 2046 2044
f 2042 2043 2046
v -0.268494647601 0.219667373693 -0.492986436947
v -0.271314426349 0.220691506406 -0.492986436947
v -0.269548825794 0.221158831505 -0.491907427246
v -0.270260248156 0.219200048595 -0.494065446647
v -0.270272886686 0.219165250509 -0.491944449391
v -0.269536187264 0.22119362959 -0.494028424502
f 2047 2049 2051
f 2047 2051 2050
f 2047 2050 2052
f 2047 2052 2049
f 2048 2051 2049
f 2048 2050 2051
f 2048 2052 2050
f 2048 2049 2052
v -0.268579615011 0.219433430091 -0.492754337952
v -0.271399393758 0.220457562805 -0.492754337952
v -0.269646865113 0.22088889658 -0.491639620713
v -0.270332143656 0.219002096316 -0.49386905519
v -0.270370043848 0.218897744455 -0.491750642042
v -0.269608964921 0.220993248441 -0.493758033861
f 2053 2055 2057
f 2053 2057 2056
f 2053 2056 2058
f 2053 2058 2055
f 2054 2057 2055
f 2054 2056 2057
f 2054 2058 2056
f 2054 2055 2058
v -0.268667295866 0.219192015469 -0.49253106668
v -0.271487074613 0.220216148183 -0.49253106668
v -0.26974803533 0.220610341247 -0.491382000015
v -0.270406335149 0.218797822406 -0.493680133344
v -0.270469450827 0.218624043906 -0.491566885265
v -0.269684919653 0.220784119746 -0.493495248094
f 2059 2061 2063
f 2059 2063 2062
f 2059 2062 2064
f 2059 2064 2061
f 2060 2063 2061
f 2060 2062 2063
f 2060 2064 2062
f 2060 2061 2064
v -0.268757583341 0.218943423954 -0.492316895152
v -0.271577362089 0.219967556667 -0.492316895152
v -0.269852213186 0.220323504882 -0.491134879022
v -0.270482732243 0.218587475738 -0.493498911283
v -0.27057098651 0.218344482322 -0.491393402939
v -0.269763958919 0.220566498298 -0.493240387365
f 2065 2067 2069
f 2065 2069 2068
f 2065 2068 2070
f 2065 2070 2067
f 2066 2069 2067
f 2066 2068 2069
f 2066 2070 2068
f 2066 2067 2070
v -0.268850367435 0.218687958414 -0.492112084305
v -0.271670146182 0.219712091128 -0.492112084305
v -0.269959271756 0.220028736952 -0.490898558813
v -0.270561241861 0.21837131259 -0.493325609796
v -0.270674527193 0.218059400307 -0.491230406426
v -0.269845986424 0.220340649235 -0.492993762183
f 2071 2073 2075
f 2071 2075 2074
f 2071 2074 2076
f 2071 2076 2073
f 2072 2075 2073
f 2072 2074 2075
f 2072 2076 2074
f 2072 2073 2076
v -0.268945535104 0.218425930097 -0.491916883668
v -0.271765313852 0.219450062811 -0.491916883668
v -0.270069080605 0.219726396587 -0.490673327309
v -0.270641768351 0.218149596322 -0.493160440026
v -0.270779946727 0.21776914519 -0.491078094312
v -0.269930902229 0.220106847718 -0.492755673023
f 2077 2079 2081
f 2077 2081 2080
f 2077 2080 2082
f 2077 2082 2079
f 2078 2081 2079
f 2078 2080 2081
f 2078 2082 2080
f 2078 2079 2082
v -0.269042970402 0.218157658244 -0.491731531062
v -0.271862749149 0.219181790957 -0.491731531062
v -0.270181505949 0.21941685214 -0.490459458918
v -0.270724213602 0.217922597061 -0.493003603207
v -0.270887116674 0.217474070601 -0.490936652166
v -0.270018602877 0.219865378599 -0.492526409959
f 2083 2085 2087
f 2083 2087 2086
f 2083 2086 2088
f 2083 2088 2085
f 2084 2087 2085
f 2084 2086 2087
f 2084 2088 2086
f 2084 2085 2088
v -0.269142554618 0.217883469701 -0.491556252313
v -0.271962333365 0.218907602414 -0.491556252313
v -0.270296410813 0.219100480744 -0.490257214207
v -0.27080847717 0.217690591371 -0.492855290419
v -0.270995906465 0.217174536043 -0.490806252313
v -0.270108981518 0.219616536072 -0.492306252313
f 2089 2091 2093
f 2089 2093 2092
f 2089 2092 2094
f 2089 2094 2091
f 2090 2093 2091
f 2090 2092 2093
f 2090 2094 2092
f 2090 2091 2094
v -0.269244166424 0.217603698526 -0.49139126097
v -0.272063945172 0.218627831239 -0.49139126097
v -0.270413655205 0.21877766785 -0.49006683958
v -0.270894456391 0.217453861915 -0.492715682359
v -0.271106183555 0.216870906454 -0.490687053625
v -0.270201928041 0.219360623311 -0.492095468314
f 2095 2097 2099
f 2095 2099 2098
f 2095 2098 2100
f 2095 2100 2097
f 2096 2099 2097
f 2096 2098 2099
f 2096 2100 2098
f 2096 2097 2100
v -0.269347682023 0.217318685577 -0.491236758049
v -0.272167460771 0.21834281829 -0.491236758049
v -0.270533096281 0.218448806755 -0.489888566979
v -0.270982046513 0.217212697112 -0.492584949118
v -0.271217813589 0.216563551758 -0.490579201328
v -0.270297329204 0.219097952108 -0.491894314769
f 2101 2103 2105
f 2101 2105 2104
f 2101 2104 2106
f 2101 2106 2103
f 2102 2105 2103
f 2102 2104 2105
f 2102 2106 2104
f 2102 2103 2106
v -0.269452975296 0.217028778098 -0.491092931788
v -0.272272754043 0.218052910811 -0.491092931788
v -0.270654588519 0.218114298125 -0.489722613602
v -0.271071140821 0.216967390783 -0.492463249974
v -0.271330660564 0.216252846421 -0.490482826823
v -0.270395068776 0.218828842487 -0.491703036753
f 2107 2109 2111
f 2107 2111 2110
f 2107 2110 2112
f 2107 2112 2109
f 2108 2111 2109
f 2108 2110 2111
f 2108 2112 2110
f 2108 2109 2112
v -0.269559917959 0.216734329296 -0.490959957418
v -0.272379696707 0.21775846201 -0.490959957418
v -0.2707779839 0.217774549508 -0.489569181636
v -0.271161630767 0.216718241797 -0.4923507332
v -0.271444586992 0.215939168989 -0.490398047528
v -0.270495027675 0.218553622317 -0.491521867308
f 2113 2115 2117
f 2113 2117 2116
f 2113 2116 2118
f 2113 2118 2115
f 2114 2117 2115
f 2114 2116 2117
f 2114 2118 2116
f 2114 2115 2118
v -0.26966837972 0.216435697913 -0.490837996947
v -0.272488158468 0.217459830626 -0.490837996947
v -0.270903132086 0.217429974835 -0.489428458016
v -0.271253406103 0.216465553704 -0.492247535879
v -0.271559454071 0.215622901629 -0.490324966732
v -0.270597084118 0.21827262691 -0.491351027162
f 2119 2121 2123
f 2119 2123 2122
f 2119 2122 2124
f 2119 2124 2121
f 2120 2123 2121
f 2120 2122 2123
f 2120 2124 2122
f 2120 2121 2124
v -0.269778228435 0.216133247785 -0.490727198966
v -0.272598007183 0.217157380498 -0.490727198966
v -0.271029880602 0.217080993918 -0.489300614192
v -0.271346355015 0.216209634365 -0.492153783741
v -0.271675121854 0.215304429665 -0.490263673475
v -0.270701113764 0.217986198617 -0.491190724458
f 2125 2127 2129
f 2125 2129 2128
f 2125 2128 2130
f 2125 2130 2127
f 2126 2129 2127
f 2126 2128 2129
f 2126 2130 2128
f 2126 2127 2130
v -0.269889330269 0.215827347399 -0.490627698465
v -0.272709109017 0.216851480113 -0.490627698465
v -0.271158075027 0.216728031935 -0.489185805921
v -0.27144036426 0.215950795577 -0.492069591009
v -0.271791449418 0.214984141106 -0.490214242431
v -0.270806989869 0.217694686407 -0.491041154498
f 2131 2133 2135
f 2131 2135 2134
f 2131 2134 2136
f 2131 2136 2133
f 2132 2135 2133
f 2132 2134 2135
f 2132 2136 2134
f 2132 2133 2136
v -0.270001549863 0.21551836945 -0.490539616669
v -0.272821328611 0.216542502164 -0.490539616669
v -0.271287559173 0.216371518917 -0.489084173079
v -0.271535319301 0.215689352697 -0.491995060258
v -0.271908295034 0.214662426173 -0.490176733825
v -0.270914583439 0.217398445441 -0.490902499512
f 2137 2139 2141
f 2137 2141 2140
f 2137 2140 2142
f 2137 2142 2139
f 2138 2141 2139
f 2138 2140 2141
f 2138 2142 2140
f 2138 2139 2142
v -0.270114750494 0.215206690379 -0.490463060893
v -0.272934529241 0.216230823093 -0.490463060893
v -0.271418175286 0.21601188922 -0.488995839492
v -0.27163110445 0.215425624252 -0.491930282294
v -0.272025516346 0.214339676828 -0.490151193357
v -0.271023763389 0.217097836644 -0.490774928429
f 2143 2145 2147
f 2143 2147 2146
f 2143 2146 2148
f 2143 2148 2145
f 2144 2147 2145
f 2144 2146 2147
f 2144 2148 2146
f 2144 2145 2148
v -0.270228794244 0.214892689919 -0.490398124408
v -0.273048572992 0.215916822632 -0.490398124408
v -0.271549764228 0.215649580996 -0.488920912779
v -0.271727603008 0.215159931555 -0.491875336038
v -0.272142970536 0.21401628629 -0.490137652142
v -0.2711343967 0.216793226262 -0.490658596675
f 2149 2151 2153
f 2149 2153 2152
f 2149 2152 2154
f 2149 2154 2151
f 2150 2153 2151
f 2150 2152 2153
f 2150 2154 2152
f 2150 2151 2154
v -0.270343542169 0.214576750631 -0.49034488633
v -0.273163320917 0.215600883344 -0.49034488633
v -0.27168216568 0.215285035664 -0.488859484227
v -0.271824697406 0.214892598312 -0.491830288433
v -0.272260514505 0.21369264856 -0.490136126678
v -0.271246348581 0.216484985415 -0.490553645981
f 2155 2157 2159
f 2155 2159 2158
f 2155 2158 2160
f 2155 2160 2157
f 2156 2159 2157
f 2156 2158 2159
f 2156 2160 2158
f 2156 2157 2160
v -0.270458854466 0.214259257439 -0.49030341152
v -0.273278633214 0.215283390152 -0.49030341152
v -0.271815218331 0.214918697365 -0.488811628677
v -0.271922269349 0.214623950226 -0.491795194363
v -0.272378005044 0.213369157943 -0.490146618825
v -0.271359482636 0.216173489648 -0.490460204215
f 2161 2163 2165
f 2161 2165 2164
f 2161 2164 2166
f 2161 2166 2163
f 2162 2165 2163
f 2162 2164 2165
f 2162 2166 2164
f 2162 2163 2166
v -0.270574590645 0.213940597158 -0.49027375051
v -0.273394369393 0.214964729871 -0.49027375051
v -0.271948760076 0.214551012426 -0.488777404435
v -0.272020199962 0.214354314604 -0.491770096585
v -0.272495299008 0.213046208561 -0.490169115799
v -0.27147366103 0.215859118469 -0.490378385221
f 2167 2169 2171
f 2167 2171 2170
f 2167 2170 2172
f 2167 2172 2169
f 2168 2171 2169
f 2168 2170 2171
f 2168 2172 2170
f 2168 2169 2172
v -0.270690609699 0.213621158028 -0.490255939437
v -0.273510388447 0.214645290741 -0.490255939437
v -0.272082628215 0.214182428814 -0.488756853196
v -0.272118369931 0.214084019955 -0.491755025677
v -0.272612253493 0.212724193878 -0.490203590192
v -0.271588744653 0.215542254892 -0.490308288682
f 2173 2175 2177
f 2173 2177 2176
f 2173 2176 2178
f 2173 2178 2175
f 2174 2177 2175
f 2174 2176 2177
f 2174 2178 2176
f 2174 2175 2178
v -0.270806770277 0.213301329236 -0.49025
v -0.273626549025 0.214325461949 -0.49025
v -0.272216659651 0.213813395593 -0.48875
v -0.272216659651 0.213813395593 -0.49175
v -0.272728726007 0.212403506219 -0.49025
v -0.271704593294 0.215223284967 -0.49025
f 2179 2181 2183
f 2179 2183 2182
f 2179 2182 2184
f 2179 2184 2181
f 2180 2183 2181
f 2180 2182 2183
f 2180 2184 2182
f 2180 2181 2184
v -0.270922930855 0.212981500444 -0.490255939437
v -0.273742709602 0.214005633157 -0.490255939437
v -0.272350691087 0.213444362371 -0.488756853196
v -0.272314949371 0.21354277123 -0.491755025677
v -0.272844574648 0.212084536293 -0.490308288682
v -0.271821065809 0.214902597308 -0.490203590192
f 2185 2187 2189
f 2185 2189 2188
f 2185 2188 2190
f 2185 2190 2187
f 2186 2189 2187
f 2186 2188 2189
f 2186 2190 2188
f 2186 2187 2190
v -0.271038949909 0.212662061314 -0.49027375051
v -0.273858728656 0.213686194027 -0.49027375051
v -0.272484559226 0.21307577876 -0.488777404435
v -0.272413119339 0.213272476582 -0.491770096585
v -0.272959658271 0.211767672717 -0.490378385221
v -0.271938020294 0.214580582625 -0.490169115799
f 2191 2193 2195
f 2191 2195 2194
f 2191 2194 2196
f 2191 2196 2193
f 2192 2195 2193
f 2192 2194 2195
f 2192 2196 2194
f 2192 2193 2196
v -0.271154686088 0.212343401034 -0.49030341152
v -0.273974464835 0.213367533747 -0.49030341152
v -0.272618100971 0.212708093821 -0.488811628677
v -0.272511049952 0.21300284096 -0.491795194363
v -0.273073836665 0.211453301538 -0.490460204215
v -0.272055314258 0.214257633242 -0.490146618825
f 2197 2199 2201
f 2197 2201 2200
f 2197 2200 2202
f 2197 2202 2199
f 2198 2201 2199
f 2198 2200 2201
f 2198 2202 2200
f 2198 2199 2202
v -0.271269998385 0.212025907841 -0.49034488633
v -0.274089777133 0.213050040554 -0.49034488633
v -0.272751153621 0.212341755521 -0.488859484227
v -0.272608621896 0.212734192874 -0.491830288433
v -0.273186970721 0.21114180577 -0.490553645981
v -0.272172804797 0.213934142625 -0.490136126678
f 2203 2205 2207
f 2203 2207 2206
f 2203 2206 2208
f 2203 2208 2205
f 2204 2207 2205
f 2204 2206 2207
f 2204 2208 2206
f 2204 2205 2208
v -0.27138474631 0.211709968553 -0.490398124408
v -0.274204525058 0.212734101266 -0.490398124408
v -0.272883555073 0.211977210189 -0.488920912779
v -0.272705716294 0.21246685963 -0.491875336038
v -0.273298922602 0.210833564923 -0.490658596675
v -0.272290348766 0.213610504896 -0.490137652142
f 2209 2211 2213
f 2209 2213 2212
f 2209 2212 2214
f 2209 2214 2211
f 2210 2213 2211
f 2210 2212 2213
f 2210 2214 2212
f 2210 2211 2214
v -0.27149879006 0.211395968093 -0.490463060893
v -0.274318568808 0.212420100806 -0.490463060893
v -0.273015144016 0.211614901966 -0.488995839492
v -0.272802214852 0.212201166933 -0.491930282294
v -0.273409555912 0.210528954541 -0.490774928429
v -0.272407802956 0.213287114358 -0.490151193357
f 2215 2217 2219
f 2215 2219 2218
f 2215 2218 2220
f 2215 2220 2217
f 2216 2219 2217
f 2216 2218 2219
f 2216 2220 2218
f 2216 2217 2220
v -0.271611990691 0.211084289022 -0.490539616669
v -0.274431769439 0.212108421735 -0.490539616669
v -0.273145760128 0.211255272268 -0.489084173079
v -0.272898000001 0.211937438488 -0.491995060258
v -0.273518735862 0.210228345744 -0.490902499512
v -0.272525024267 0.212964365012 -0.490176733825
f 2221 2223 2225
f 2221 2225 2224
f 2221 2224 2226
f 2221 2226 2223
f 2222 2225 2223
f 2222 2224 2225
f 2222 2226 2224
f 2222 2223 2226
v -0.271724210285 0.210775311073 -0.490627698465
v -0.274543989032 0.211799443786 -0.490627698465
v -0.273275244275 0.21089875925 -0.489185805921
v -0.272992955042 0.211675995608 -0.492069591009
v -0.273626329433 0.209932104779 -0.491041154498
v -0.272641869884 0.21264265008 -0.490214242431
f 2227 2229 2231
f 2227 2231 2230
f 2227 2230 2232
f 2227 2232 2229
f 2228 2231 2229
f 2228 2230 2231
f 2228 2232 2230
f 2228 2229 2232
v -0.271835312119 0.210469410688 -0.490727198966
v -0.274655090867 0.211493543401 -0.490727198966
v -0.273403438699 0.210545797268 -0.489300614192
v -0.273086964286 0.211417156821 -0.492153783741
v -0.273732205538 0.209640592568 -0.491190724458
v -0.272758197448 0.21232236152 -0.490263673475
f 2233 2235 2237
f 2233 2237 2236
f 2233 2236 2238
f 2233 2238 2235
f 2234 2237 2235
f 2234 2236 2237
f 2234 2238 2236
f 2234 2235 2238
v -0.271945160834 0.210166960559 -0.490837996947
v -0.274764939581 0.211191093272 -0.490837996947
v -0.273530187216 0.21019681635 -0.489428458016
v -0.273179913199 0.211161237481 -0.492247535879
v -0.273836235184 0.209354164275 -0.491351027162
v -0.272873865231 0.212003889556 -0.490324966732
f 2239 2241 2243
f 2239 2243 2242
f 2239 2242 2244
f 2239 2244 2241
f 2240 2243 2241
f 2240 2242 2243
f 2240 2244 2242
f 2240 2241 2244
v -0.272053622595 0.209868329176 -0.490959957418
v -0.274873401342 0.210892461889 -0.490959957418
v -0.273655335402 0.209852241677 -0.489569181636
v -0.273271688535 0.210908549388 -0.4923507332
v -0.273938291627 0.209073168868 -0.491521867308
v -0.27298873231 0.211687622197 -0.490398047528
f 2245 2247 2249
f 2245 2249 2248
f 2245 2248 2250
f 2245 2250 2247
f 2246 2249 2247
f 2246 2248 2249
f 2246 2250 2248
f 2246 2247 2250
v -0.272160565258 0.209573880374 -0.491092931788
v -0.274980344006 0.210598013088 -0.491092931788
v -0.273778730783 0.20951249306 -0.489722613602
v -0.273362178481 0.210659400402 -0.492463249974
v -0.274038250526 0.208797948698 -0.491703036753
v -0.273102658738 0.211373944764 -0.490482826823
f 2251 2253 2255
f 2251 2255 2254
f 2251 2254 2256
f 2251 2256 2253
f 2252 2255 2253
f 2252 2254 2255
f 2252 2256 2254
f 2252 2253 2256
v -0.272265858531 0.209283972895 -0.491236758049
v -0.275085637279 0.210308105609 -0.491236758049
v -0.273900223021 0.20917798443 -0.489888566979
v -0.273451272789 0.210414094074 -0.492584949118
v -0.274135990098 0.208528839077 -0.491894314769
v -0.273215505712 0.211063239427 -0.490579201328
f 2257 2259 2261
f 2257 2261 2260
f 2257 2260 2262
f 2257 2262 2259
f 2258 2261 2259
f 2258 2260 2261
f 2258 2262 2260
f 2258 2259 2262
v -0.27236937413 0.208998959946 -0.49139126097
v -0.275189152877 0.21002309266 -0.49139126097
v -0.274019664096 0.208849123335 -0.49006683958
v -0.273538862911 0.210172929271 -0.492715682359
v -0.274231391261 0.208266167874 -0.492095468314
v -0.273327135746 0.210755884732 -0.490687053625
f 2263 2265 2267
f 2263 2267 2266
f 2263 2266 2268
f 2263 2268 2265
f 2264 2267 2265
f 2264 2266 2267
f 2264 2268 2266
f 2264 2265 2268
v -0.272470985936 0.208719188771 -0.491556252313
v -0.275290764684 0.209743321485 -0.491556252313
v -0.274136908488 0.208526310441 -0.490257214207
v -0.273624842132 0.209936199815 -0.492855290419
v -0.274324337783 0.208010255114 -0.492306252313
v -0.273437412837 0.210452255142 -0.490806252313
f 2269 2271 2273
f 2269 2273 2272
f 2269 2272 2274
f 2269 2274 2271
f 2270 2273 2271
f 2270 2272 2273
f 2270 2274 2272
f 2270 2271 2274
v -0.272570570152 0.208445000229 -0.491731531062
v -0.2753903489 0.209469132942 -0.491731531062
v -0.274251813353 0.208209939046 -0.490459458918
v -0.273709105699 0.209704194125 -0.493003603207
v -0.274414716425 0.207761412586 -0.492526409959
v -0.273546202627 0.210152720584 -0.490936652166
f 2275 2277 2279
f 2275 2279 2278
f 2275 2278 2280
f 2275 2280 2277
f 2276 2279 2277
f 2276 2278 2279
f 2276 2280 2278
f 2276 2277 2280
v -0.27266800545 0.208176728375 -0.491916883668
v -0.275487784198 0.209200861088 -0.491916883668
v -0.274364238697 0.207900394599 -0.490673327309
v -0.273791550951 0.209477194864 -0.493160440026
v -0.274502417073 0.207519943467 -0.492755673023
v -0.273653372574 0.209857645995 -0.491078094312
f 2281 2283 2285
f 2281 2285 2284
f 2281 2284 2286
f 2281 2286 2283
f 2282 2285 2283
f 2282 2284 2285
f 2282 2286 2284
f 2282 2283 2286
v -0.272763173119 0.207914700058 -0.492112084305
v -0.275582951867 0.208938832771 -0.492112084305
v -0.274474047546 0.207598054233 -0.490898558813
v -0.27387207744 0.209255478596 -0.493325609796
v -0.274587332878 0.207286141951 -0.492993762183
v -0.273758792108 0.209567390878 -0.491230406426
f 2287 2289 2291
f 2287 2291 2290
f 2287 2290 2292
f 2287 2292 2289
f 2288 2291 2289
f 2288 2290 2291
f 2288 2292 2290
f 2288 2289 2292
v -0.272855957213 0.207659234519 -0.492316895152
v -0.275675735961 0.208683367232 -0.492316895152
v -0.274581106115 0.207303286303 -0.491134879022
v -0.273950587058 0.209039315447 -0.493498911283
v -0.274669360382 0.207060292887 -0.493240387365
v -0.273862332791 0.209282308863 -0.491393402939
f 2293 2295 2297
f 2293 2297 2296
f 2293 2296 2298
f 2293 2298 2295
f 2294 2297 2295
f 2294 2296 2297
f 2294 2298 2296
f 2294 2295 2298
v -0.272946244688 0.207410643003 -0.49253106668
v -0.275766023436 0.208434775716 -0.49253106668
v -0.274685283971 0.207016449939 -0.491382000015
v -0.274026984153 0.20882896878 -0.493680133344
v -0.274748399649 0.206842671439 -0.493495248094
v -0.273963868475 0.20900274728 -0.491566885265
f 2299 2301 2303
f 2299 2303 2302
f 2299 2302 2304
f 2299 2304 2301
f 2300 2303 2301
f 2300 2302 2303
f 2300 2304 2302
f 2300 2301 2304
v -0.273033925543 0.207169228381 -0.492754337952
v -0.275853704291 0.208193361094 -0.492754337952
v -0.274786454189 0.206737894606 -0.491639620713
v -0.274101175645 0.208624694869 -0.49386905519
v -0.27482435438 0.206633542745 -0.493758033861
v -0.274063275454 0.20872904673 -0.491750642042
f 2305 2307 2309
f 2305 2309 2308
f 2305 2308 2310
f 2305 2310 2307
f 2306 2309 2307
f 2306 2308 2309
f 2306 2310 2308
f 2306 2307 2310
v -0.273118892953 0.206935284779 -0.492986436947
v -0.2759386717 0.207959417492 -0.492986436947
v -0.274884493508 0.206467959681 -0.491907427246
v -0.274173071146 0.208426742591 -0.494065446647
v -0.274897132037 0.206433161595 -0.494028424502
v -0.274160432616 0.208461540676 -0.491944449391
f 2311 2313 2315
f 2311 2315 2314
f 2311 2314 2316
f 2311 2316 2313
f 2312 2315 2313
f 2312 2314 2315
f 2312 2316 2314
f 2312 2313 2316
v -0.273201043397 0.206709097222 -0.493227080888
v -0.276020822145 0.207733229935 -0.493227080888
v -0.274979282482 0.206206974038 -0.492185093332
v -0.27424258306 0.208235353119 -0.494269068444
v -0.274966643952 0.206241772124 -0.494306090589
v -0.27425522159 0.208200555033 -0.492148071188
f 2317 2319 2321
f 2317 2321 2320
f 2317 2320 2322
f 2317 2322 2319
f 2318 2321 2319
f 2318 2320 2321
f 2318 2322 2320
f 2318 2319 2322
v -0.273280276788 0.206490941284 -0.493475976588
v -0.276100055536 0.207515073997 -0.493475976588
v -0.275070705625 0.205955255648 -0.492472280678
v -0.274309626699 0.208050759633 -0.494479672498
v -0.275032805434 0.206059607509 -0.494590693826
v -0.27434752689 0.207946407772 -0.49236125935
f 2323 2325 2327
f 2323 2327 2326
f 2323 2326 2328
f 2323 2328 2325
f 2324 2327 2325
f 2324 2326 2327
f 2324 2328 2326
f 2324 2325 2328
v -0.273356496593 0.206281082755 -0.493732820806
v -0.27617627534 0.207305215468 -0.493732820806
v -0.275158651554 0.205713111191 -0.492768639391
v -0.27437412038 0.207873187032 -0.49469700222
v -0.275095535876 0.205886889691 -0.49488188747
v -0.274437236057 0.207699408532 -0.492583754141
f 2329 2331 2333
f 2329 2333 2332
f 2329 2332 2334
f 2329 2334 2331
f 2330 2333 2331
f 2330 2332 2333
f 2330 2334 2332
f 2330 2331 2334
v -0.273429609949 0.206079777314 -0.493997300616
v -0.276249388696 0.207103910028 -0.493997300616
v -0.275243013118 0.205480835683 -0.493073808403
v -0.274435985527 0.207702851659 -0.494920792829
v -0.275154758851 0.205723829099 -0.495179316746
v -0.274524239794 0.207459858243 -0.492815284485
f 2335 2337 2339
f 2335 2339 2338
f 2335 2338 2340
f 2335 2340 2337
f 2336 2339 2337
f 2336 2338 2339
f 2336 2340 2338
f 2336 2337 2340
v -0.273499527778 0.205887270223 -0.49426909379
v -0.276319306526 0.206911402936 -0.49426909379
v -0.275323687537 0.205258712116 -0.493387415912
v -0.274495146767 0.207539961043 -0.495150771669
v -0.275210402205 0.205570624398 -0.495482619282
v -0.274608432099 0.207228048761 -0.493055568299
f 2341 2343 2345
f 2341 2345 2344
f 2341 2344 2346
f 2341 2346 2343
f 2342 2345 2343
f 2342 2344 2345
f 2342 2346 2344
f 2342 2343 2346
v -0.273566164898 0.20570379602 -0.494547869191
v -0.276385943645 0.206727928733 -0.494547869191
v -0.275400576521 0.205047011113 -0.493709079836
v -0.274551532022 0.207384713641 -0.495386658546
v -0.275262398144 0.205427462244 -0.49579142555
v -0.274689710399 0.207004262509 -0.493304312832
f 2347 2349 2351
f 2347 2351 2350
f 2347 2350 2352
f 2347 2352 2349
f 2348 2351 2349
f 2348 2350 2351
f 2348 2352 2350
f 2348 2349 2352
v -0.27362944012 0.205529578241 -0.494833287174
v -0.276449218867 0.206553710954 -0.494833287174
v -0.275473586392 0.204845990598 -0.494038408277
v -0.274605072595 0.207237298597 -0.49562816607
v -0.275310683321 0.205294517058 -0.496105359318
v -0.274767975667 0.206788772137 -0.493561215029
f 2353 2355 2357
f 2353 2357 2356
f 2353 2356 2358
f 2353 2358 2355
f 2354 2357 2355
f 2354 2356 2357
f 2354 2358 2356
f 2354 2355 2358
v -0.273689276354 0.205364829143 -0.495125
v -0.276509055101 0.206388961857 -0.495125
v -0.275542628201 0.204655895486 -0.494375
v -0.274655703254 0.207097895514 -0.495875
v -0.275355198906 0.205171950813 -0.496424038106
v -0.274843132549 0.206581840187 -0.493825961894
f 2359 2361 2363
f 2359 2363 2362
f 2359 2362 2364
f 2359 2364 2361
f 2360 2363 2361
f 2360 2362 2363
f 2360 2364 2362
f 2360 2361 2364
v -0.273745600698 0.205209749449 -0.495422652263
v -0.276565379445 0.206233882162 -0.495422652263
v -0.275607617828 0.204476957377 -0.494718444919
v -0.274703362314 0.206966674234 -0.496126859607
v -0.275395890664 0.205059912838 -0.496747073652
v -0.274915089479 0.206383718773 -0.494098230874
f 2365 2367 2369
f 2365 2369 2368
f 2365 2368 2370
f 2365 2370 2367
f 2366 2369 2367
f 2366 2368 2369
f 2366 2370 2368
f 2366 2367 2370
v -0.27379834453 0.205064528098 -0.495725881319
v -0.276618123277 0.206088660811 -0.495725881319
v -0.275668476096 0.204309394279 -0.495068324599
v -0.274747991711 0.20684379463 -0.496383438039
v -0.275432709019 0.204958539633 -0.497074072388
v -0.274983758787 0.206194649276 -0.494377690249
f 2371 2373 2375
f 2371 2375 2374
f 2371 2374 2376
f 2371 2376 2373
f 2372 2375 2373
f 2372 2374 2375
f 2372 2376 2374
f 2372 2373 2376
v -0.273847443589 0.20492934202 -0.49603431773
v -0.276667222337 0.205953474733 -0.49603431773
v -0.275725128857 0.204153410344 -0.495424212765
v -0.274789537069 0.20672940641 -0.496644422695
v -0.275465609114 0.204867954706 -0.497404635916
v -0.275049056812 0.206014862048 -0.494663999544
f 2377 2379 2381
f 2377 2381 2380
f 2377 2380 2382
f 2377 2382 2379
f 2378 2381 2379
f 2378 2380 2381
f 2378 2382 2380
f 2378 2379 2382
v -0.273892838056 0.204804355919 -0.496347585714
v -0.276712616804 0.205828488633 -0.496347585714
v -0.275777507089 0.204009195612 -0.495785675824
v -0.274827947772 0.20662364894 -0.496909495604
v -0.275494550864 0.204788268421 -0.497738361496
v -0.275110903997 0.205844576131 -0.494956809932
f 2383 2385 2387
f 2383 2387 2386
f 2383 2386 2388
f 2383 2388 2385
f 2384 2387 2385
f 2384 2386 2387
f 2384 2388 2386
f 2384 2385 2388
v -0.273934472626 0.204689722072 -0.496665303603
v -0.276754251373 0.205713854785 -0.496665303603
v -0.275825546976 0.203876925788 -0.496152273388
v -0.274863177023 0.206526651069 -0.497178333818
v -0.275519499008 0.204719577863 -0.498074842534
v -0.275169224991 0.205683998994 -0.495255764671
f 2389 2391 2393
f 2389 2393 2392
f 2389 2392 2394
f 2389 2394 2391
f 2390 2393 2391
f 2390 2392 2393
f 2390 2394 2392
f 2390 2391 2394
v -0.273972296571 0.204585580141 -0.496987084305
v -0.276792075319 0.205609712854 -0.496987084305
v -0.275869189991 0.203756762021 -0.496523558813
v -0.2748951819 0.206438530974 -0.497450609796
v -0.275540423152 0.204661966721 -0.498413669079
v -0.275223948739 0.205533326274 -0.49556049953
f 2395 2397 2399
f 2395 2399 2398
f 2395 2398 2400
f 2395 2400 2397
f 2396 2399 2397
f 2396 2398 2399
f 2396 2400 2398
f 2396 2397 2400
v -0.274006263811 0.204492057007 -0.497312535781
v -0.276826042559 0.205516189721 -0.497312535781
v -0.275908382959 0.203648850714 -0.496899079747
v -0.27492392341 0.206359396015 -0.497725991815
v -0.275557297801 0.204615505185 -0.498754428325
v -0.275275008568 0.205392741543 -0.495870643237
f 2401 2403 2405
f 2401 2405 2404
f 2401 2404 2406
f 2401 2406 2403
f 2402 2405 2403
f 2402 2404 2405
f 2402 2406 2404
f 2402 2403 2406
v -0.27403633296 0.204409266616 -0.497641261518
v -0.276856111708 0.205433399329 -0.497641261518
v -0.275943078132 0.203553323338 -0.497278378675
v -0.274949366537 0.206289342606 -0.498004144361
v -0.275570102398 0.204580249862 -0.499096705107
v -0.275322342271 0.205262416082 -0.496185817928
f 2407 2409 2411
f 2407 2411 2410
f 2407 2410 2412
f 2407 2412 2409
f 2408 2411 2409
f 2408 2410 2411
f 2408 2412 2410
f 2408 2409 2412
v -0.274062467385 0.204337309832 -0.497972861015
v -0.276882246133 0.205361442546 -0.497972861015
v -0.275973233237 0.203470296281 -0.497660993478
v -0.274971480281 0.206228456097 -0.498284728551
v -0.275578821341 0.204556243705 -0.499440082416
v -0.275365892177 0.205142508672 -0.496505639613
f 2413 2415 2417
f 2413 2417 2416
f 2413 2416 2418
f 2413 2418 2415
f 2414 2417 2415
f 2414 2416 2417
f 2414 2418 2416
f 2414 2415 2418
v -0.274084635245 0.204276274326 -0.498306930268
v -0.276904413992 0.205300407039 -0.498306930268
v -0.275998811537 0.203399870696 -0.498046458001
v -0.2749902377 0.206176810669 -0.498567402534
v -0.275583444008 0.204543515962 -0.499784141897
v -0.275405605229 0.205033165403 -0.496829718638
f 2419 2421 2423
f 2419 2423 2422
f 2419 2422 2424
f 2419 2424 2421
f 2420 2423 2421
f 2420 2422 2423
f 2420 2424 2422
f 2420 2421 2424
v -0.274102809531 0.204226234458 -0.498643062266
v -0.276922588278 0.205250367172 -0.498643062266
v -0.276019781867 0.203342132388 -0.498434302614
v -0.275005615942 0.206134469242 -0.498851821917
v -0.275583964767 0.204542082139 -0.500128464369
v -0.275441433042 0.204934519491 -0.497157660163
f 2425 2427 2429
f 2425 2429 2428
f 2425 2428 2430
f 2425 2430 2427
f 2426 2429 2427
f 2426 2428 2429
f 2426 2430 2428
f 2426 2427 2430
v -0.2741169681 0.204187251196 -0.498980847483
v -0.276936746848 0.205211383909 -0.498980847483
v -0.276036118678 0.203297151701 -0.498824054788
v -0.275017596271 0.206101483405 -0.499137640178
v -0.275580382984 0.204551943983 -0.500472630326
v -0.275473331965 0.204846691122 -0.49748906464
f 2431 2433 2435
f 2431 2435 2434
f 2431 2434 2436
f 2431 2436 2433
f 2432 2435 2433
f 2432 2434 2435
f 2432 2436 2434
f 2432 2433 2436
v -0.274127093704 0.204159372034 -0.499319874381
v -0.276946872452 0.205183504747 -0.499319874381
v -0.276047802067 0.203264983437 -0.49921523967
v -0.275026164089 0.206077893345 -0.499424509092
v -0.275572703021 0.20457308948 -0.500816220456
v -0.275501263134 0.204769787302 -0.497823528306
f 2437 2439 2441
f 2437 2441 2440
f 2437 2440 2442
f 2437 2442 2439
f 2438 2441 2439
f 2438 2440 2441
f 2438 2442 2440
f 2438 2439 2442
v -0.274133174005 0.204142630939 -0.499659729907
v -0.276952952753 0.205166763652 -0.499659729907
v -0.276054817798 0.203245666788 -0.499607380662
v -0.275031308959 0.206063727803 -0.499712079152
v -0.275560934237 0.204605492866 -0.501158816148
v -0.275525192521 0.204703901725 -0.498160643667
f 2443 2445 2447
f 2443 2447 2446
f 2443 2446 2448
f 2443 2448 2445
f 2444 2447 2445
f 2444 2446 2447
f 2444 2448 2446
f 2444 2445 2448
v -0.270568637321 0.213956988643 -0.509975640503
v -0.273388416069 0.214981121357 -0.509975640503
v -0.271942806752 0.214567403911 -0.511471986578
v -0.272014246638 0.214370706089 -0.508479294427
v -0.271467707706 0.215875509954 -0.509871005792
v -0.272489345684 0.213062600046 -0.510080275213
f 2449 2451 2453
f 2449 2453 2452
f 2449 2452 2454
f 2449 2454 2451
f 2450 2453 2451
f 2450 2452 2453
f 2450 2454 2452
f 2450 2451 2454
v -0.270449933548 0.2142838197 -0.509945218954
v -0.273269712296 0.215307952414 -0.509945218954
v -0.271806297412 0.214943259626 -0.511437001797
v -0.271913348431 0.214648512487 -0.508453436111
v -0.271350561718 0.216198051909 -0.509788426259
v -0.272369084125 0.213393720205 -0.510102011649
f 2455 2457 2459
f 2455 2459 2458
f 2455 2458 2460
f 2455 2460 2457
f 2456 2459 2457
f 2456 2458 2459
f 2456 2460 2458
f 2456 2457 2460
v -0.270331664525 0.214609453744 -0.509902680687
v -0.273151443273 0.215633586457 -0.509902680687
v -0.271670288036 0.215317738777 -0.511388082791
v -0.271812819762 0.214925301424 -0.508417278584
v -0.271234470937 0.216517688528 -0.509693921036
v -0.272248636861 0.213725351673 -0.510111440339
f 2461 2463 2465
f 2461 2465 2464
f 2461 2464 2466
f 2461 2466 2463
f 2462 2465 2463
f 2462 2464 2465
f 2462 2466 2464
f 2462 2463 2466
v -0.270213974346 0.214933494039 -0.50984807753
v -0.273033753093 0.215957626753 -0.50984807753
v -0.27153494433 0.215690385116 -0.51132528916
v -0.271712783109 0.215200735675 -0.508370865901
v -0.271119576801 0.216834030382 -0.509587605264
v -0.272128150638 0.21405709041 -0.510108549797
f 2467 2469 2471
f 2467 2471 2470
f 2467 2470 2472
f 2467 2472 2469
f 2468 2471 2469
f 2468 2470 2471
f 2468 2472 2470
f 2468 2469 2472
v -0.270097006397 0.215255545793 -0.509781476007
v -0.272916785144 0.216279678507 -0.509781476007
v -0.271400431189 0.216060744633 -0.511248697408
v -0.271613360353 0.215474479666 -0.508314254606
v -0.271006019292 0.217146692058 -0.509469608471
v -0.272007772249 0.214388532242 -0.510093343544
f 2473 2475 2477
f 2473 2477 2476
f 2473 2476 2478
f 2473 2478 2475
f 2474 2477 2475
f 2474 2476 2477
f 2474 2478 2476
f 2474 2475 2478
v -0.269980903186 0.215575216635 -0.509702957263
v -0.272800681933 0.216599349349 -0.509702957263
v -0.271266912496 0.216428366102 -0.511158400852
v -0.271514672623 0.215746199882 -0.508247513673
v -0.270893936762 0.217455292626 -0.509340074419
v -0.271887648357 0.214719273358 -0.510065840106
f 2479 2481 2483
f 2479 2483 2482
f 2479 2482 2484
f 2479 2484 2481
f 2480 2483 2481
f 2480 2482 2483
f 2480 2484 2482
f 2480 2481 2484
v -0.269865806167 0.215892117096 -0.509612616959
v -0.272685584914 0.216916249809 -0.509612616959
v -0.271134550924 0.216792801632 -0.511054509503
v -0.271416840157 0.216015565274 -0.508170724415
v -0.270783465766 0.217759456103 -0.509199160926
v -0.271767925315 0.215048910802 -0.510026072993
f 2485 2487 2489
f 2485 2489 2488
f 2485 2488 2490
f 2485 2490 2487
f 2486 2489 2487
f 2486 2488 2489
f 2486 2490 2488
f 2486 2487 2490
v -0.269751855567 0.216205861081 -0.509510565163
v -0.272571634315 0.217229993794 -0.509510565163
v -0.271003507735 0.217153607214 -0.510937149937
v -0.271319982148 0.216282247661 -0.508083980389
v -0.270674740896 0.218058811914 -0.509047039671
v -0.271648748986 0.215377042961 -0.509974090655
f 2491 2493 2495
f 2491 2495 2494
f 2491 2494 2496
f 2491 2496 2493
f 2492 2495 2493
f 2492 2494 2495
f 2492 2496 2494
f 2492 2493 2496
v -0.269639190219 0.216516066341 -0.509396926208
v -0.272458968967 0.217540199054 -0.509396926208
v -0.270873942584 0.217510343263 -0.510806465139
v -0.271224216601 0.216545922132 -0.507987387277
v -0.270567894616 0.218352995338 -0.508883895993
v -0.27153026457 0.215703270057 -0.509909956423
f 2497 2499 2501
f 2497 2501 2500
f 2497 2500 2502
f 2497 2502 2499
f 2498 2501 2499
f 2498 2500 2501
f 2498 2502 2500
f 2498 2499 2502
v -0.269527947387 0.216822354939 -0.509271838546
v -0.272347726135 0.217846487652 -0.509271838546
v -0.270746013327 0.217862575151 -0.510662614328
v -0.271129660194 0.21680626744 -0.507881062764
v -0.270463057103 0.21864164796 -0.508709928656
v -0.271412616419 0.216027194631 -0.509833748436
f 2503 2505 2507
f 2503 2507 2506
f 2503 2506 2508
f 2503 2508 2505
f 2504 2507 2505
f 2504 2506 2507
f 2504 2508 2506
f 2504 2505 2508
v -0.269418262604 0.217124353709 -0.509135454576
v -0.272238041352 0.218148486423 -0.509135454576
v -0.270619875827 0.218209873737 -0.510505772763
v -0.271036428129 0.217062966395 -0.50776513639
v -0.270360356084 0.218924418099 -0.508525349612
v -0.271295947872 0.216348422033 -0.509745559541
f 2509 2511 2513
f 2509 2513 2512
f 2509 2512 2514
f 2509 2514 2511
f 2510 2513 2511
f 2510 2512 2513
f 2510 2514 2512
f 2510 2511 2514
v -0.269310269504 0.217421694714 -0.508987940463
v -0.272130048251 0.218445827427 -0.508987940463
v -0.270495683761 0.218551815892 -0.510336131532
v -0.270944633993 0.217315706249 -0.507639749394
v -0.270259916685 0.219200961245 -0.508330383743
v -0.27118040107 0.216666560895 -0.509645497183
f 2515 2517 2519
f 2515 2519 2518
f 2515 2518 2520
f 2515 2520 2517
f 2516 2519 2517
f 2516 2518 2519
f 2516 2520 2518
f 2516 2517 2520
v -0.269204099659 0.217714015687 -0.508829475929
v -0.272023878406 0.218738148401 -0.508829475929
v -0.27037358844 0.218887985012 -0.510153897318
v -0.270854389625 0.217564179076 -0.507505054539
v -0.270161861276 0.219470940473 -0.508125268584
v -0.27106611679 0.216981223615 -0.509533683273
f 2521 2523 2525
f 2521 2525 2524
f 2521 2524 2526
f 2521 2526 2523
f 2522 2525 2523
f 2522 2524 2525
f 2522 2526 2524
f 2522 2523 2526
v -0.269099882421 0.218000960482 -0.508660254038
v -0.271919661169 0.219025093195 -0.508660254038
v -0.270253738617 0.219217971526 -0.509959292144
v -0.270765804974 0.217808082152 -0.507361215932
v -0.270066309322 0.219734026853 -0.507910254038
v -0.270953234269 0.217292026824 -0.509410254038
f 2527 2529 2531
f 2527 2531 2530
f 2527 2530 2532
f 2527 2532 2529
f 2528 2531 2529
f 2528 2530 2531
f 2528 2532 2530
f 2528 2529 2532
v -0.268997744764 0.2182821795 -0.508480480962
v -0.271817523511 0.219306312213 -0.508480480962
v -0.270136280311 0.219541373396 -0.509752553106
v -0.270678987965 0.218047118317 -0.507208408817
v -0.269973377239 0.219989899856 -0.507685602065
v -0.270841891037 0.217598591858 -0.509275359858
f 2533 2535 2537
f 2533 2537 2536
f 2533 2536 2538
f 2533 2538 2535
f 2534 2537 2535
f 2534 2536 2537
f 2534 2538 2536
f 2534 2535 2538
v -0.268897811125 0.218557330119 -0.508290375726
v -0.271717589873 0.219581462833 -0.508290375726
v -0.270021356626 0.219857796609 -0.509533932084
v -0.270594044372 0.218280996344 -0.507046819367
v -0.26988317825 0.22023824774 -0.50745158637
v -0.270732222748 0.217900545212 -0.509129165081
f 2539 2541 2543
f 2539 2543 2542
f 2539 2542 2544
f 2539 2544 2541
f 2540 2543 2541
f 2540 2542 2543
f 2540 2544 2542
f 2540 2541 2544
v -0.268800203259 0.218826077111 -0.508090169944
v -0.271619982007 0.219850209825 -0.508090169944
v -0.26990910758 0.220166855649 -0.509303695435
v -0.270511077686 0.218509431287 -0.506876644452
v -0.269795822248 0.220478767932 -0.507208492065
v -0.270624363018 0.218197519004 -0.508971847822
f 2545 2547 2549
f 2545 2549 2548
f 2545 2548 2550
f 2545 2550 2547
f 2546 2549 2547
f 2546 2548 2549
f 2546 2550 2548
f 2546 2547 2550
v -0.268705040086 0.219088093049 -0.507880107536
v -0.271524818834 0.220112225762 -0.507880107536
v -0.269799669931 0.220468173977 -0.509062123666
v -0.270430188989 0.218732144834 -0.506698091406
v -0.269711415664 0.220711167393 -0.506956615323
v -0.270518443256 0.218489151418 -0.508803599749
f 2551 2553 2555
f 2551 2555 2554
f 2551 2554 2556
f 2551 2556 2553
f 2552 2555 2553
f 2552 2554 2555
f 2552 2556 2554
f 2552 2553 2556
v -0.268612437548 0.219343058706 -0.507660444431
v -0.271432216295 0.220367191419 -0.507660444431
v -0.269693177012 0.220761384483 -0.508809511096
v -0.270351476831 0.218948865642 -0.506511377767
v -0.269630061334 0.220935162983 -0.506696263017
v -0.270414592508 0.218775087143 -0.508624625846
f 2557 2559 2561
f 2557 2561 2560
f 2557 2560 2562
f 2557 2562 2559
f 2558 2561 2559
f 2558 2560 2561
f 2558 2562 2560
f 2558 2559 2562
v -0.268522508465 0.219590663447 -0.507431448255
v -0.271342287213 0.22061479616 -0.507431448255
v -0.269589758567 0.221046129935 -0.508546165493
v -0.270275037111 0.219159329672 -0.506316731017
v -0.269551858376 0.221150481796 -0.506427752345
v -0.270312937302 0.219054977811 -0.508435144164
f 2563 2565 2567
f 2563 2567 2566
f 2563 2566 2568
f 2563 2568 2565
f 2564 2567 2565
f 2564 2566 2567
f 2564 2568 2566
f 2564 2565 2568
v -0.268435362404 0.219830605602 -0.507193398003
v -0.271255141152 0.220854738316 -0.507193398003
v -0.269489540597 0.221322063414 -0.508272407704
v -0.270200962959 0.219363280504 -0.506114388303
v -0.269476902067 0.2213568615 -0.506151410448
v -0.270213601489 0.219328482418 -0.508235385559
f 2569 2571 2573
f 2569 2573 2572
f 2569 2572 2574
f 2569 2574 2571
f 2570 2573 2571
f 2570 2572 2573
f 2570 2574 2572
f 2570 2571 2574
v -0.268351105539 0.22006259284 -0.506946583705
v -0.271170884286 0.221086725554 -0.506946583705
v -0.269392645202 0.221588848738 -0.50798857126
v -0.270129344623 0.219560469656 -0.505904596149
v -0.269405283731 0.221554050652 -0.505867574004
v -0.270116706093 0.219595267742 -0.508025593405
f 2575 2577 2579
f 2575 2579 2578
f 2575 2578 2580
f 2575 2580 2577
f 2576 2579 2577
f 2576 2578 2579
f 2576 2580 2578
f 2576 2577 2580
v -0.268269840522 0.22028634252 -0.506691306064
v -0.27108961927 0.221310475234 -0.506691306064
v -0.269299190432 0.22184616087 -0.507695001973
v -0.270060269359 0.219750656884 -0.505687610154
v -0.269337090624 0.221741809009 -0.505576588825
v -0.270022369167 0.219855008745 -0.507806023302
f 2581 2583 2585
f 2581 2585 2584
f 2581 2584 2586
f 2581 2586 2583
f 2582 2585 2583
f 2582 2584 2585
f 2582 2586 2584
f 2582 2583 2586
v -0.268191666363 0.220501582037 -0.506427876097
v -0.271011445111 0.221525714751 -0.506427876097
v -0.26920929015 0.222093686314 -0.507392057511
v -0.269993821324 0.219933610474 -0.505463694682
v -0.269272405828 0.221919907815 -0.505278809432
v -0.269930705647 0.220107388974 -0.507576942762
f 2587 2589 2591
f 2587 2591 2590
f 2587 2590 2592
f 2587 2592 2589
f 2588 2591 2589
f 2588 2590 2591
f 2588 2592 2590
f 2588 2589 2592
v -0.268116678306 0.220708049156 -0.506156614753
v -0.270936457054 0.221732181869 -0.506156614753
v -0.269123053884 0.2223311235 -0.507080106966
v -0.269930081476 0.220109107524 -0.50523312254
v -0.269211308151 0.222088130084 -0.504974598623
v -0.269841827209 0.22035210094 -0.507338630884
f 2593 2595 2597
f 2593 2597 2596
f 2593 2596 2598
f 2593 2598 2595
f 2594 2597 2595
f 2594 2596 2597
f 2594 2598 2596
f 2594 2595 2598
v -0.268044967712 0.220905492327 -0.505877852523
v -0.270864746459 0.22192962504 -0.505877852523
v -0.269040586701 0.222558183147 -0.506759530401
v -0.26986912747 0.22027693422 -0.504996174644
v -0.269153872033 0.222246270865 -0.504664327031
v -0.269755842138 0.220588846502 -0.507091378014
f 2599 2601 2603
f 2599 2603 2602
f 2599 2602 2604
f 2599 2604 2601
f 2600 2603 2601
f 2600 2602 2603
f 2600 2604 2602
f 2600 2601 2604
v -0.267976621948 0.221093670996 -0.505591929035
v -0.270796400696 0.22211780371 -0.505591929035
v -0.268961989073 0.222774588617 -0.50643071839
v -0.269811033571 0.220436886089 -0.50475313968
v -0.269100167449 0.222394137485 -0.504348372676
v -0.269672855195 0.22081733722 -0.506835485394
f 2605 2607 2609
f 2605 2609 2608
f 2605 2608 2610
f 2605 2610 2607
f 2606 2609 2607
f 2606 2608 2609
f 2606 2610 2608
f 2606 2607 2610
v -0.267911724284 0.221272355898 -0.505299192642
v -0.270731503032 0.222296488611 -0.505299192642
v -0.268887356759 0.222980076254 -0.506094071539
v -0.269755870557 0.220588768255 -0.504504313746
v -0.269050259831 0.222531549794 -0.504027120498
v -0.269592967485 0.221037294715 -0.506571264787
f 2611 2613 2615
f 2611 2615 2614
f 2611 2614 2616
f 2611 2616 2613
f 2612 2615 2613
f 2612 2614 2615
f 2612 2616 2614
f 2612 2613 2616
v -0.267850353788 0.221441329331 -0.505
v -0.270670132536 0.222465462044 -0.505
v -0.268816780689 0.223174395702 -0.50575
v -0.269703705635 0.220732395673 -0.50425
v -0.269004209984 0.222658340375 -0.503700961894
v -0.26951627634 0.221248451001 -0.506299038106
f 2617 2619 2621
f 2617 2621 2620
f 2617 2620 2622
f 2617 2622 2619
f 2618 2621 2619
f 2618 2620 2621
f 2618 2622 2620
f 2618 2619 2622
v -0.26779258523 0.221600385428 -0.504694715628
v -0.270612363978 0.222624518141 -0.504694715628
v -0.268750346847 0.223357310213 -0.505398922972
v -0.269654602361 0.220867593356 -0.503990508284
v -0.268962074011 0.222774354752 -0.503370294239
v -0.269442875197 0.221450548817 -0.506019137017
f 2623 2625 2627
f 2623 2627 2626
f 2623 2626 2628
f 2623 2628 2625
f 2624 2627 2625
f 2624 2626 2627
f 2624 2628 2626
f 2624 2625 2628
v -0.267738488992 0.221749330403 -0.504383711468
v -0.27055826774 0.222773463117 -0.504383711468
v -0.268688136174 0.223528596935 -0.505041268188
v -0.269608620559 0.220994196585 -0.503726154748
v -0.26892390325 0.222879451582 -0.503035520398
v -0.269372853482 0.221643341939 -0.505731902537
f 2629 2631 2633
f 2629 2633 2632
f 2629 2632 2634
f 2629 2634 2631
f 2630 2633 2631
f 2630 2632 2633
f 2630 2634 2632
f 2630 2631 2634
v -0.267688130983 0.221887982791 -0.504067366431
v -0.27050790973 0.222912115504 -0.504067366431
v -0.268630224462 0.223688047181 -0.504677471395
v -0.269565816251 0.221112051114 -0.503457261466
v -0.268889744206 0.222973502818 -0.502697048244
v -0.269306296507 0.221826595476 -0.505437684617
f 2635 2637 2639
f 2635 2639 2638
f 2635 2638 2640
f 2635 2640 2637
f 2636 2639 2637
f 2636 2638 2639
f 2636 2640 2638
f 2636 2637 2640
v -0.267641572554 0.222016173663 -0.503746065934
v -0.270461351302 0.223040306377 -0.503746065934
v -0.26857668227 0.223835466684 -0.504307975824
v -0.269526241587 0.221221013356 -0.503184156044
v -0.268859638495 0.223056393876 -0.502355290152
v -0.269243285362 0.222000086165 -0.505136841716
f 2641 2643 2645
f 2641 2645 2644
f 2641 2644 2646
f 2641 2646 2643
f 2642 2645 2643
f 2642 2644 2645
f 2642 2646 2644
f 2642 2643 2646
v -0.267598870432 0.222133746841 -0.503420201433
v -0.27041864918 0.223157879554 -0.503420201433
v -0.268527574829 0.223970675838 -0.503933231648
v -0.269489944783 0.221320950557 -0.502907171218
v -0.268833622797 0.223128023763 -0.502010662502
v -0.269183896815 0.222163602632 -0.504829740364
f 2647 2649 2651
f 2647 2651 2650
f 2647 2650 2652
f 2647 2652 2649
f 2648 2651 2649
f 2648 2650 2651
f 2648 2652 2650
f 2648 2649 2652
v -0.267560076642 0.222240559077 -0.503090169944
v -0.270379855389 0.223264691791 -0.503090169944
v -0.26848296197 0.22409350991 -0.503553695435
v -0.269456970061 0.221411740958 -0.502626644452
v -0.268811728809 0.223188305211 -0.501663585169
v -0.269128203222 0.222316945657 -0.504516754718
f 2653 2655 2657
f 2653 2657 2656
f 2653 2656 2658
f 2653 2658 2655
f 2654 2657 2655
f 2654 2656 2657
f 2654 2658 2656
f 2654 2655 2658
v -0.267525238447 0.22233648024 -0.502756373558
v -0.270345017195 0.223360612953 -0.502756373558
v -0.268442898047 0.224203819247 -0.503169829592
v -0.269427357596 0.221493273946 -0.502342917524
v -0.268793983205 0.223237164775 -0.501314481014
v -0.269076272438 0.222459928417 -0.504198266102
f 2659 2661 2663
f 2659 2663 2662
f 2659 2662 2664
f 2659 2664 2661
f 2660 2663 2661
f 2660 2662 2663
f 2660 2664 2662
f 2660 2661 2664
v -0.267494398294 0.222421393462 -0.502419218956
v -0.270314177042 0.223445526176 -0.502419218956
v -0.26840743187 0.224301469453 -0.502782101799
v -0.269401143465 0.221565450185 -0.502056336113
v -0.268780407604 0.223274542929 -0.500963775367
v -0.269028167731 0.222592376709 -0.503874662545
f 2665 2667 2669
f 2665 2669 2668
f 2665 2668 2670
f 2665 2670 2667
f 2666 2669 2667
f 2666 2668 2669
f 2666 2670 2668
f 2666 2667 2670
v -0.267467593756 0.222495195291 -0.502079116908
v -0.270287372503 0.223519328005 -0.502079116908
v -0.268376606651 0.224386341556 -0.502390984444
v -0.269378359608 0.22162818174 -0.501767249372
v -0.268771018547 0.223300394132 -0.500611895507
v -0.268983947712 0.222714129164 -0.503546338309
f 2671 2673 2675
f 2671 2675 2674
f 2671 2674 2676
f 2671 2676 2673
f 2672 2675 2673
f 2672 2674 2675
f 2672 2676 2674
f 2672 2673 2676
v -0.26744485749 0.222557795811 -0.501736481777
v -0.270264636237 0.223581928524 -0.501736481777
v -0.268350459945 0.224458332154 -0.501996954043
v -0.269359033782 0.221681392181 -0.50147600951
v -0.268765827474 0.223314686888 -0.500259270147
v -0.268943666253 0.222825037447 -0.503213693406
f 2677 2679 2681
f 2677 2681 2680
f 2677 2680 2682
f 2677 2682 2679
f 2678 2681 2679
f 2678 2680 2681
f 2678 2682 2680
f 2678 2679 2682
v -0.267426217196 0.222609118752 -0.50139173101
v -0.270245995944 0.223633251465 -0.50139173101
v -0.268329023608 0.224517353536 -0.501600490661
v -0.269343189532 0.221725016681 -0.501182971358
v -0.268764840707 0.223317403784 -0.499906328906
v -0.268907372433 0.222924966432 -0.502877133113
f 2683 2685 2687
f 2683 2687 2686
f 2683 2686 2688
f 2683 2688 2685
f 2684 2687 2685
f 2684 2686 2687
f 2684 2688 2686
f 2684 2685 2688
v -0.267411695586 0.222649101585 -0.501045284633
v -0.270231474334 0.223673234298 -0.501045284633
v -0.268312323757 0.224563333794 -0.501202077328
v -0.269330846164 0.221759002089 -0.500888491938
v -0.268768059451 0.223308541511 -0.49955350179
v -0.26887511047 0.223013794372 -0.502537067476
f 2689 2691 2693
f 2689 2693 2692
f 2689 2692 2694
f 2689 2694 2691
f 2690 2693 2691
f 2690 2692 2693
f 2690 2694 2692
f 2690 2691 2694
v -0.267401310352 0.222677695597 -0.500697564737
v -0.270221089099 0.22370182831 -0.500697564737
v -0.268300380737 0.224596216908 -0.500802199448
v -0.269322018714 0.221783307 -0.500592930027
v -0.268775479782 0.223288110865 -0.499201218662
v -0.268846919669 0.223091413043 -0.502193910813
f 2695 2697 2699
f 2695 2699 2698
f 2695 2698 2700
f 2695 2700 2697
f 2696 2699 2697
f 2696 2698 2699
f 2696 2700 2698
f 2696 2697 2700
v -0.267395074146 0.222694865951 -0.500348994967
v -0.270214852893 0.223718998665 -0.500348994967
v -0.2682932091 0.224615962815 -0.500401344212
v -0.269316717939 0.221797901801 -0.500296645722
v -0.268787092661 0.223256136738 -0.498849908726
v -0.268822834378 0.223157727878 -0.501848081208
f 2701 2703 2705
f 2701 2705 2704
f 2701 2704 2706
f 2701 2706 2703
f 2702 2705 2703
f 2702 2704 2705
f 2702 2706 2704
f 2702 2703 2706
v -0.267392994566 0.222700591728 -0.5
v -0.270212773313 0.223724724441 -0.5
v -0.268290817583 0.224622547459 -0.5
v -0.269314950296 0.221802768711 -0.5
v -0.26880288394 0.223212658085 -0.4985
v -0.26880288394 0.223212658085 -0.5015
f 2707 2709 2711
f 2707 2711 2710
f 2707 2710 2712
f 2707 2712 2709
f 2708 2711 2709
f 2708 2710 2711
f 2708 2712 2710
f 2708 2709 2712
v -0.267395074146 0.222694865951 -0.499651005033
v -0.270214852893 0.223718998665 -0.499651005033
v -0.2682932091 0.224615962815 -0.499598655788
v -0.269316717939 0.221797901801 -0.499703354278
v -0.268822834378 0.223157727878 -0.498151918792
v -0.268787092661 0.223256136738 -0.501150091274
f 2713 2715 2717
f 2713 2717 2716
f 2713 2716 2718
f 2713 2718 2715
f 2714 2717 2715
f 2714 2716 2717
f 2714 2718 2716
f 2714 2715 2718
v -0.267401310352 0.222677695597 -0.499302435263
v -0.270221089099 0.22370182831 -0.499302435263
v -0.268300380737 0.224596216908 -0.499197800552
v -0.269322018714 0.221783307 -0.499407069973
v -0.268846919669 0.223091413043 -0.497806089187
v -0.268775479782 0.223288110865 -0.500798781338
f 2719 2721 2723
f 2719 2723 2722
f 2719 2722 2724
f 2719 2724 2721
f 2720 2723 2721
f 2720 2722 2723
f 2720 2724 2722
f 2720 2721 2724
v -0.267411695586 0.222649101585 -0.498954715367
v -0.270231474334 0.223673234298 -0.498954715367
v -0.268312323757 0.224563333794 -0.498797922672
v -0.269330846164 0.221759002089 -0.499111508062
v -0.26887511047 0.223013794372 -0.497462932524
v -0.268768059451 0.223308541511 -0.50044649821
f 2725 2727 2729
f 2725 2729 2728
f 2725 2728 2730
f 2725 2730 2727
f 2726 2729 2727
f 2726 2728 2729
f 2726 2730 2728
f 2726 2727 2730
v -0.267426217196 0.222609118752 -0.49860826899
v -0.270245995944 0.223633251465 -0.49860826899
v -0.268329023608 0.224517353536 -0.498399509339
v -0.269343189532 0.221725016681 -0.498817028642
v -0.268907372433 0.222924966432 -0.497122866887
v -0.268764840707 0.223317403784 -0.500093671094
f 2731 2733 2735
f 2731 2735 2734
f 2731 2734 2736
f 2731 2736 2733
f 2732 2735 2733
f 2732 2734 2735
f 2732 2736 2734
f 2732 2733 2736
v -0.26744485749 0.222557795811 -0.498263518223
v -0.270264636237 0.223581928524 -0.498263518223
v -0.268350459945 0.224458332154 -0.498003045957
v -0.269359033782 0.221681392181 -0.49852399049
v -0.268943666253 0.222825037447 -0.496786306594
v -0.268765827474 0.223314686888 -0.499740729853
f 2737 2739 2741
f 2737 2741 2740
f 2737 2740 2742
f 2737 2742 2739
f 2738 2741 2739
f 2738 2740 2741
f 2738 2742 2740
f 2738 2739 2742
v -0.267467593756 0.222495195291 -0.497920883092
v -0.270287372503 0.223519328005 -0.497920883092
v -0.268376606651 0.224386341556 -0.497609015556
v -0.269378359608 0.22162818174 -0.498232750628
v -0.268983947712 0.222714129164 -0.496453661691
v -0.268771018547 0.223300394132 -0.499388104493
f 2743 2745 2747
f 2743 2747 2746
f 2743 2746 2748
f 2743 2748 2745
f 2744 2747 2745
f 2744 2746 2747
f 2744 2748 2746
f 2744 2745 2748
v -0.267494398294 0.222421393462 -0.497580781044
v -0.270314177042 0.223445526176 -0.497580781044
v -0.26840743187 0.224301469453 -0.497217898201
v -0.269401143465 0.221565450185 -0.497943663887
v -0.269028167731 0.222592376709 -0.496125337455
v -0.268780407604 0.223274542929 -0.499036224633
f 2749 2751 2753
f 2749 2753 2752
f 2749 2752 2754
f 2749 2754 2751
f 2750 2753 2751
f 2750 2752 2753
f 2750 2754 2752
f 2750 2751 2754
v -0.267525238447 0.22233648024 -0.497243626442
v -0.270345017195 0.223360612953 -0.497243626442
v -0.268442898047 0.224203819247 -0.496830170408
v -0.269427357596 0.221493273946 -0.497657082476
v -0.269076272438 0.222459928417 -0.495801733898
v -0.268793983205 0.223237164775 -0.498685518986
f 2755 2757 2759
f 2755 2759 2758
f 2755 2758 2760
f 2755 2760 2757
f 2756 2759 2757
f 2756 2758 2759
f 2756 2760 2758
f 2756 2757 2760
v -0.267560076642 0.222240559077 -0.496909830056
v -0.270379855389 0.223264691791 -0.496909830056
v -0.26848296197 0.22409350991 -0.496446304565
v -0.269456970061 0.221411740958 -0.497373355548
v -0.269128203222 0.222316945657 -0.495483245282
v -0.268811728809 0.223188305211 -0.498336414831
f 2761 2763 2765
f 2761 2765 2764
f 2761 2764 2766
f 2761 2766 2763
f 2762 2765 2763
f 2762 2764 2765
f 2762 2766 2764
f 2762 2763 2766
v -0.267598870432 0.222133746841 -0.496579798567
v -0.27041864918 0.223157879554 -0.496579798567
v -0.268527574829 0.223970675838 -0.496066768352
v -0.269489944783 0.221320950557 -0.497092828782
v -0.269183896815 0.222163602632 -0.495170259636
v -0.268833622797 0.223128023763 -0.497989337498
f 2767 2769 2771
f 2767 2771 2770
f 2767 2770 2772
f 2767 2772 2769
f 2768 2771 2769
f 2768 2770 2771
f 2768 2772 2770
f 2768 2769 2772
v -0.267641572554 0.222016173663 -0.496253934066
v -0.270461351302 0.223040306377 -0.496253934066
v -0.26857668227 0.223835466684 -0.495692024176
v -0.269526241587 0.221221013356 -0.496815843956
v -0.269243285362 0.222000086165 -0.494863158284
v -0.268859638495 0.223056393876 -0.497644709848
f 2773 2775 2777
f 2773 2777 2776
f 2773 2776 2778
f 2773 2778 2775
f 2774 2777 2775
f 2774 2776 2777
f 2774 2778 2776
f 2774 2775 2778
v -0.267688130983 0.221887982791 -0.495932633569
v -0.27050790973 0.222912115504 -0.495932633569
v -0.268630224462 0.223688047181 -0.495322528605
v -0.269565816251 0.221112051114 -0.496542738534
v -0.269306296507 0.221826595476 -0.494562315383
v -0.268889744206 0.222973502818 -0.497302951756
f 2779 2781 2783
f 2779 2783 2782
f 2779 2782 2784
f 2779 2784 2781
f 2780 2783 2781
f 2780 2782 2783
f 2780 2784 2782
f 2780 2781 2784
v -0.267738488992 0.221749330403 -0.495616288532
v -0.27055826774 0.222773463117 -0.495616288532
v -0.268688136174 0.223528596935 -0.494958731812
v -0.269608620559 0.220994196585 -0.496273845252
v -0.269372853482 0.221643341939 -0.494268097463
v -0.26892390325 0.222879451582 -0.496964479602
f 2785 2787 2789
f 2785 2789 2788
f 2785 2788 2790
f 2785 2790 2787
f 2786 2789 2787
f 2786 2788 2789
f 2786 2790 2788
f 2786 2787 2790
v -0.26779258523 0.221600385428 -0.495305284372
v -0.270612363978 0.222624518141 -0.495305284372
v -0.268750346847 0.223357310213 -0.494601077028
v -0.269654602361 0.220867593356 -0.496009491716
v -0.269442875197 0.221450548817 -0.493980862983
v -0.268962074011 0.222774354752 -0.496629705761
f 2791 2793 2795
f 2791 2795 2794
f 2791 2794 2796
f 2791 2796 2793
f 2792 2795 2793
f 2792 2794 2795
f 2792 2796 2794
f 2792 2793 2796
v -0.267850353788 0.221441329331 -0.495
v -0.270670132536 0.222465462044 -0.495
v -0.268816780689 0.223174395702 -0.49425
v -0.269703705635 0.220732395673 -0.49575
v -0.26951627634 0.221248451001 -0.493700961894
v -0.269004209984 0.222658340375 -0.496299038106
f 2797 2799 2801
f 2797 2801 2800
f 2797 2800 2802
f 2797 2802 2799
f 2798 2801 2799
f 2798 2800 2801
f 2798 2802 2800
f 2798 2799 2802
v -0.267911724284 0.221272355898 -0.494700807358
v -0.270731503032 0.222296488611 -0.494700807358
v -0.268887356759 0.222980076254 -0.493905928461
v -0.269755870557 0.220588768255 -0.495495686254
v -0.269592967485 0.221037294715 -0.493428735213
v -0.269050259831 0.222531549794 -0.495972879502
f 2803 2805 2807
f 2803 2807 2806
f 2803 2806 2808
f 2803 2808 2805
f 2804 2807 2805
f 2804 2806 2807
f 2804 2808 2806
f 2804 2805 2808
v -0.267976621948 0.221093670996 -0.494408070965
v -0.270796400696 0.22211780371 -0.494408070965
v -0.268961989073 0.222774588617 -0.49356928161
v -0.269811033571 0.220436886089 -0.49524686032
v -0.269672855195 0.22081733722 -0.493164514606
v -0.269100167449 0.222394137485 -0.495651627324
f 2809 2811 2813
f 2809 2813 2812
f 2809 2812 2814
f 2809 2814 2811
f 2810 2813 2811
f 2810 2812 2813
f 2810 2814 2812
f 2810 2811 2814
v -0.268044967712 0.220905492327 -0.494122147477
v -0.270864746459 0.22192962504 -0.494122147477
v -0.269040586701 0.222558183147 -0.493240469599
v -0.26986912747 0.22027693422 -0.495003825356
v -0.269755842138 0.220588846502 -0.492908621986
v -0.269153872033 0.222246270865 -0.495335672969
f 2815 2817 2819
f 2815 2819 2818
f 2815 2818 2820
f 2815 2820 2817
f 2816 2819 2817
f 2816 2818 2819
f 2816 2820 2818
f 2816 2817 2820
v -0.268116678306 0.220708049156 -0.493843385247
v -0.270936457054 0.221732181869 -0.493843385247
v -0.269123053884 0.2223311235 -0.492919893034
v -0.269930081476 0.220109107524 -0.49476687746
v -0.269841827209 0.22035210094 -0.492661369116
v -0.269211308151 0.222088130084 -0.495025401377
f 2821 2823 2825
f 2821 2825 2824
f 2821 2824 2826
f 2821 2826 2823
f 2822 2825 2823
f 2822 2824 2825
f 2822 2826 2824
f 2822 2823 2826
v -0.268191666363 0.220501582037 -0.493572123903
v -0.271011445111 0.221525714751 -0.493572123903
v -0.26920929015 0.222093686314 -0.492607942489
v -0.269993821324 0.219933610474 -0.494536305318
v -0.269930705647 0.220107388974 -0.492423057238
v -0.269272405828 0.221919907815 -0.494721190568
f 2827 2829 2831
f 2827 2831 2830
f 2827 2830 2832
f 2827 2832 2829
f 2828 2831 2829
f 2828 2830 2831
f 2828 2832 2830
f 2828 2829 2832
v -0.268269840522 0.22028634252 -0.493308693936
v -0.27108961927 0.221310475234 -0.493308693936
v -0.269299190432 0.22184616087 -0.492304998027
v -0.270060269359 0.219750656884 -0.494312389846
v -0.270022369167 0.219855008745 -0.492193976698
v -0.269337090624 0.221741809009 -0.494423411175
f 2833 2835 2837
f 2833 2837 2836
f 2833 2836 2838
f 2833 2838 2835
f 2834 2837 2835
f 2834 2836 2837
f 2834 2838 2836
f 2834 2835 2838
v -0.268351105539 0.22006259284 -0.493053416295
v -0.271170884286 0.221086725554 -0.493053416295
v -0.269392645202 0.221588848738 -0.49201142874
v -0.270129344623 0.219560469656 -0.494095403851
v -0.270116706093 0.219595267742 -0.491974406595
v -0.269405283731 0.221554050652 -0.494132425996
f 2839 2841 2843
f 2839 2843 2842
f 2839 2842 2844
f 2839 2844 2841
f 2840 2843 2841
f 2840 2842 2843
f 2840 2844 2842
f 2840 2841 2844
v -0.268435362404 0.219830605602 -0.492806601997
v -0.271255141152 0.220854738316 -0.492806601997
v -0.269489540597 0.221322063414 -0.491727592296
v -0.270200962959 0.219363280504 -0.493885611697
v -0.270213601489 0.219328482418 -0.491764614441
v -0.269476902067 0.2213568615 -0.493848589552
f 2845 2847 2849
f 2845 2849 2848
f 2845 2848 2850
f 2845 2850 2847
f 2846 2849 2847
f 2846 2848 2849
f 2846 2850 2848
f 2846 2847 2850
v -0.268522508465 0.219590663447 -0.492568551745
v -0.271342287213 0.22061479616 -0.492568551745
v -0.269589758567 0.221046129935 -0.491453834507
v -0.270275037111 0.219159329672 -0.493683268983
v -0.270312937302 0.219054977811 -0.491564855836
v -0.269551858376 0.221150481796 -0.493572247655
f 2851 2853 2855
f 2851 2855 2854
f 2851 2854 2856
f 2851 2856 2853
f 2852 2855 2853
f 2852 2854 2855
f 2852 2856 2854
f 2852 2853 2856
v -0.268612437548 0.219343058706 -0.492339555569
v -0.271432216295 0.220367191419 -0.492339555569
v -0.269693177012 0.220761384483 -0.491190488904
v -0.270351476831 0.218948865642 -0.493488622233
v -0.270414592508 0.218775087143 -0.491375374154
v -0.269630061334 0.220935162983 -0.493303736983
f 2857 2859 2861
f 2857 2861 2860
f 2857 2860 2862
f 2857 2862 2859
f 2858 2861 2859
f 2858 2860 2861
f 2858 2862 2860
f 2858 2859 2862
v -0.268705040086 0.219088093049 -0.492119892464
v -0.271524818834 0.220112225762 -0.492119892464
v -0.269799669931 0.220468173977 -0.490937876334
v -0.270430188989 0.218732144834 -0.493301908594
v -0.270518443256 0.218489151418 -0.491196400251
v -0.269711415664 0.220711167393 -0.493043384677
f 2863 2865 2867
f 2863 2867 2866
f 2863 2866 2868
f 2863 2868 2865
f 2864 2867 2865
f 2864 2866 2867
f 2864 2868 2866
f 2864 2865 2868
v -0.268800203259 0.218826077111 -0.491909830056
v -0.271619982007 0.219850209825 -0.491909830056
v -0.26990910758 0.220166855649 -0.490696304565
v -0.270511077686 0.218509431287 -0.493123355548
v -0.270624363018 0.218197519004 -0.491028152178
v -0.269795822248 0.220478767932 -0.492791507935
f 2869 2871 2873
f 2869 2873 2872
f 2869 2872 2874
f 2869 2874 2871
f 2870 2873 2871
f 2870 2872 2873
f 2870 2874 2872
f 2870 2871 2874
v -0.268897811125 0.218557330119 -0.491709624274
v -0.271717589873 0.219581462833 -0.491709624274
v -0.270021356626 0.219857796609 -0.490466067916
v -0.270594044372 0.218280996344 -0.492953180633
v -0.270732222748 0.217900545212 -0.490870834919
v -0.26988317825 0.22023824774 -0.49254841363
f 2875 2877 2879
f 2875 2879 2878
f 2875 2878 2880
f 2875 2880 2877
f 2876 2879 2877
f 2876 2878 2879
f 2876 2880 2878
f 2876 2877 2880
v -0.268997744764 0.2182821795 -0.491519519038
v -0.271817523511 0.219306312213 -0.491519519038
v -0.270136280311 0.219541373396 -0.490247446894
v -0.270678987965 0.218047118317 -0.492791591183
v -0.270841891037 0.217598591858 -0.490724640142
v -0.269973377239 0.219989899856 -0.492314397935
f 2881 2883 2885
f 2881 2885 2884
f 2881 2884 2886
f 2881 2886 2883
f 2882 2885 2883
f 2882 2884 2885
f 2882 2886 2884
f 2882 2883 2886
v -0.269099882421 0.218000960482 -0.491339745962
v -0.271919661169 0.219025093195 -0.491339745962
v -0.270253738617 0.219217971526 -0.490040707856
v -0.270765804974 0.217808082152 -0.492638784068
v -0.270953234269 0.217292026824 -0.490589745962
v -0.270066309322 0.219734026853 -0.492089745962
f 2887 2889 2891
f 2887 2891 2890
f 2887 2890 2892
f 2887 2892 2889
f 2888 2891 2889
f 2888 2890 2891
f 2888 2892 2890
f 2888 2889 2892
v -0.269204099659 0.217714015687 -0.491170524071
v -0.272023878406 0.218738148401 -0.491170524071
v -0.27037358844 0.218887985012 -0.489846102682
v -0.270854389625 0.217564179076 -0.492494945461
v -0.27106611679 0.216981223615 -0.490466316727
v -0.270161861276 0.219470940473 -0.491874731416
f 2893 2895 2897
f 2893 2897 2896
f 2893 2896 2898
f 2893 2898 2895
f 2894 2897 2895
f 2894 2896 2897
f 2894 2898 2896
f 2894 2895 2898
v -0.269310269504 0.217421694714 -0.491012059537
v -0.272130048251 0.218445827427 -0.491012059537
v -0.270495683761 0.218551815892 -0.489663868468
v -0.270944633993 0.217315706249 -0.492360250606
v -0.27118040107 0.216666560895 -0.490354502817
v -0.270259916685 0.219200961245 -0.491669616257
f 2899 2901 2903
f 2899 2903 2902
f 2899 2902 2904
f 2899 2904 2901
f 2900 2903 2901
f 2900 2902 2903
f 2900 2904 2902
f 2900 2901 2904
v -0.269418262604 0.217124353709 -0.490864545424
v -0.272238041352 0.218148486423 -0.490864545424
v -0.270619875827 0.218209873737 -0.489494227237
v -0.271036428129 0.217062966395 -0.49223486361
v -0.271295947872 0.216348422033 -0.490254440459
v -0.270360356084 0.218924418099 -0.491474650388
f 2905 2907 2909
f 2905 2909 2908
f 2905 2908 2910
f 2905 2910 2907
f 2906 2909 2907
f 2906 2908 2909
f 2906 2910 2908
f 2906 2907 2910
v -0.269527947387 0.216822354939 -0.490728161454
v -0.272347726135 0.217846487652 -0.490728161454
v -0.270746013327 0.217862575151 -0.489337385672
v -0.271129660194 0.21680626744 -0.492118937236
v -0.271412616419 0.216027194631 -0.490166251564
v -0.270463057103 0.21864164796 -0.491290071344
f 2911 2913 2915
f 2911 2915 2914
f 2911 2914 2916
f 2911 2916 2913
f 2912 2915 2913
f 2912 2914 2915
f 2912 2916 2914
f 2912 2913 2916
v -0.269639190219 0.216516066341 -0.490603073792
v -0.272458968967 0.217540199054 -0.490603073792
v -0.270873942584 0.217510343263 -0.489193534861
v -0.271224216601 0.216545922132 -0.492012612723
v -0.27153026457 0.215703270057 -0.490090043577
v -0.270567894616 0.218352995338 -0.491116104007
f 2917 2919 2921
f 2917 2921 2920
f 2917 2920 2922
f 2917 2922 2919
f 2918 2921 2919
f 2918 2920 2921
f 2918 2922 2920
f 2918 2919 2922
v -0.269751855567 0.216205861081 -0.490489434837
v -0.272571634315 0.217229993794 -0.490489434837
v -0.271003507735 0.217153607214 -0.489062850063
v -0.271319982148 0.216282247661 -0.491916019611
v -0.271648748986 0.215377042961 -0.490025909345
v -0.270674740896 0.218058811914 -0.490952960329
f 2923 2925 2927
f 2923 2927 2926
f 2923 2926 2928
f 2923 2928 2925
f 2924 2927 2925
f 2924 2926 2927
f 2924 2928 2926
f 2924 2925 2928
v -0.269865806167 0.215892117096 -0.490387383041
v -0.272685584914 0.216916249809 -0.490387383041
v -0.271134550924 0.216792801632 -0.488945490497
v -0.271416840157 0.216015565274 -0.491829275585
v -0.271767925315 0.215048910802 -0.489973927007
v -0.270783465766 0.217759456103 -0.490800839074
f 2929 2931 2933
f 2929 2933 2932
f 2929 2932 2934
f 2929 2934 2931
f 2930 2933 2931
f 2930 2932 2933
f 2930 2934 2932
f 2930 2931 2934
v -0.269980903186 0.215575216635 -0.490297042737
v -0.272800681933 0.216599349349 -0.490297042737
v -0.271266912496 0.216428366102 -0.488841599148
v -0.271514672623 0.215746199882 -0.491752486327
v -0.271887648357 0.214719273358 -0.489934159894
v -0.270893936762 0.217455292626 -0.490659925581
f 2935 2937 2939
f 2935 2939 2938
f 2935 2938 2940
f 2935 2940 2937
f 2936 2939 2937
f 2936 2938 2939
f 2936 2940 2938
f 2936 2937 2940
v -0.270097006397 0.215255545793 -0.490218523993
v -0.272916785144 0.216279678507 -0.490218523993
v -0.271400431189 0.216060744633 -0.488751302592
v -0.271613360353 0.215474479666 -0.491685745394
v -0.272007772249 0.214388532242 -0.489906656456
v -0.271006019292 0.217146692058 -0.490530391529
f 2941 2943 2945
f 2941 2945 2944
f 2941 2944 2946
f 2941 2946 2943
f 2942 2945 2943
f 2942 2944 2945
f 2942 2946 2944
f 2942 2943 2946
v -0.270213974346 0.214933494039 -0.49015192247
v -0.273033753093 0.215957626753 -0.49015192247
v -0.27153494433 0.215690385116 -0.48867471084
v -0.271712783109 0.215200735675 -0.491629134099
v -0.272128150638 0.21405709041 -0.489891450203
v -0.271119576801 0.216834030382 -0.490412394736
f 2947 2949 2951
f 2947 2951 2950
f 2947 2950 2952
f 2947 2952 2949
f 2948 2951 2949
f 2948 2950 2951
f 2948 2952 2950
f 2948 2949 2952
v -0.270331664525 0.214609453744 -0.490097319313
v -0.273151443273 0.215633586457 -0.490097319313
v -0.271670288036 0.215317738777 -0.488611917209
v -0.271812819762 0.214925301424 -0.491582721416
v -0.272248636861 0.213725351673 -0.489888559661
v -0.271234470937 0.216517688528 -0.490306078964
f 2953 2955 2957
f 2953 2957 2956
f 2953 2956 2958
f 2953 2958 2955
f 2954 2957 2955
f 2954 2956 2957
f 2954 2958 2956
f 2954 2955 2958
v -0.270449933548 0.2142838197 -0.490054781046
v -0.273269712296 0.215307952414 -0.490054781046
v -0.271806297412 0.214943259626 -0.488562998203
v -0.271913348431 0.214648512487 -0.491546563889
v -0.272369084125 0.213393720205 -0.489897988351
v -0.271350561718 0.216198051909 -0.490211573741
f 2959 2961 2963
f 2959 2963 2962
f 2959 2962 2964
f 2959 2964 2961
f 2960 2963 2961
f 2960 2962 2963
f 2960 2964 2962
f 2960 2961 2964
v -0.270568637321 0.213956988643 -0.490024359497
v -0.273388416069 0.214981121357 -0.490024359497
v -0.271942806752 0.214567403911 -0.488528013422
v -0.272014246638 0.214370706089 -0.491520705573
v -0.272489345684 0.213062600046 -0.489919724787
v -0.271467707706 0.215875509954 -0.490128994208
f 2965 2967 2969
f 2965 2969 2968
f 2965 2968 2970
f 2965 2970 2967
f 2966 2969 2967
f 2966 2968 2969
f 2966 2970 2968
f 2966 2967 2970
v -0.270687631223 0.213629358766 -0.49000609173
v -0.27350740997 0.21465349148 -0.49000609173
v -0.272079649739 0.214190629553 -0.488507005489
v -0.272115391455 0.214092220694 -0.49150517797
v -0.272609275016 0.212732394616 -0.489953742485
v -0.271585766177 0.21555045563 -0.490058440975
f 2971 2973 2975
f 2971 2975 2974
f 2971 2974 2976
f 2971 2976 2973
f 2972 2975 2973
f 2972 2974 2975
f 2972 2976 2974
f 2972 2973 2976
v -0.270806770277 0.213301329236 -0.49
v -0.273626549025 0.214325461949 -0.49
v -0.272216659651 0.213813395593 -0.4885
v -0.272216659651 0.213813395593 -0.4915
v -0.272728726007 0.212403506219 -0.49
v -0.271704593294 0.215223284967 -0.49
f 2977 2979 2981
f 2977 2981 2980
f 2977 2980 2982
f 2977 2982 2979
f 2978 2981 2979
f 2978 2980 2981
f 2978 2982 2980
f 2978 2979 2982
v -0.270925909331 0.212973299706 -0.49000609173
v -0.273745688079 0.213997432419 -0.49000609173
v -0.272353669563 0.213436161633 -0.488507005489
v -0.272317927847 0.213534570492 -0.49150517797
v -0.272847553125 0.212076335555 -0.490058440975
v -0.271824044285 0.21489439657 -0.489953742485
f 2983 2985 2987
f 2983 2987 2986
f 2983 2986 2988
f 2983 2988 2985
f 2984 2987 2985
f 2984 2986 2987
f 2984 2988 2986
f 2984 2985 2988
v -0.271044903233 0.212645669829 -0.490024359497
v -0.27386468198 0.213669802542 -0.490024359497
v -0.27249051255 0.213059387274 -0.488528013422
v -0.272419072663 0.213256085097 -0.491520705573
v -0.272965611595 0.211751281231 -0.490128994208
v -0.271943973618 0.21456419114 -0.489919724787
f 2989 2991 2993
f 2989 2993 2992
f 2989 2992 2994
f 2989 2994 2991
f 2990 2993 2991
f 2990 2992 2993
f 2990 2994 2992
f 2990 2991 2994
v -0.271163607006 0.212318838772 -0.490054781046
v -0.273983385754 0.213342971485 -0.490054781046
v -0.272627021889 0.212683531559 -0.488562998203
v -0.27251997087 0.212978278698 -0.491546563889
v -0.273082757583 0.211428739276 -0.490211573741
v -0.272064235176 0.214233070981 -0.489897988351
f 2995 2997 2999
f 2995 2999 2998
f 2995 2998 3000
f 2995 3000 2997
f 2996 2999 2997
f 2996 2998 2999
f 2996 3000 2998
f 2996 2997 3000
v -0.271281876029 0.211993204728 -0.490097319313
v -0.274101654776 0.213017337442 -0.490097319313
v -0.272763031265 0.212309052409 -0.488611917209
v -0.27262049954 0.212701489761 -0.491582721416
v -0.273198848365 0.211109102658 -0.490306078964
v -0.27218468244 0.213901439512 -0.489888559661
f 3001 3003 3005
f 3001 3005 3004
f 3001 3004 3006
f 3001 3006 3003
f 3002 3005 3003
f 3002 3004 3005
f 3002 3006 3004
f 3002 3003 3006
v -0.271399566208 0.211669164433 -0.49015192247
v -0.274219344956 0.212693297146 -0.49015192247
v -0.272898374972 0.211936406069 -0.48867471084
v -0.272720536192 0.21242605551 -0.491629134099
v -0.2733137425 0.210792760803 -0.490412394736
v -0.272305168664 0.213569700776 -0.489891450203
f 3007 3009 3011
f 3007 3011 3010
f 3007 3010 3012
f 3007 3012 3009
f 3008 3011 3009
f 3008 3010 3011
f 3008 3012 3010
f 3008 3009 3012
v -0.271516534157 0.211347112679 -0.490218523993
v -0.274336312905 0.212371245392 -0.490218523993
v -0.273032888113 0.211566046552 -0.488751302592
v -0.272819958949 0.212152311519 -0.491685745394
v -0.273427300009 0.210480099127 -0.490530391529
v -0.272425547053 0.213238258944 -0.489906656456
f 3013 3015 3017
f 3013 3017 3016
f 3013 3016 3018
f 3013 3018 3015
f 3014 3017 3015
f 3014 3016 3017
f 3014 3018 3016
f 3014 3015 3018
v -0.271632637368 0.211027441837 -0.490297042737
v -0.274452416116 0.21205157455 -0.490297042737
v -0.273166406806 0.211198425084 -0.488841599148
v -0.272918646678 0.211880591303 -0.491752486327
v -0.273539382539 0.210171498559 -0.490659925581
v -0.272545670945 0.212907517827 -0.489934159894
f 3019 3021 3023
f 3019 3023 3022
f 3019 3022 3024
f 3019 3024 3021
f 3020 3023 3021
f 3020 3022 3023
f 3020 3024 3022
f 3020 3021 3024
v -0.271747734387 0.210710541376 -0.490387383041
v -0.274567513135 0.211734674089 -0.490387383041
v -0.273298768378 0.210833989554 -0.488945490497
v -0.273016479145 0.211611225912 -0.491829275585
v -0.273649853536 0.209867335082 -0.490800839074
v -0.272665393987 0.212577880383 -0.489973927007
f 3025 3027 3029
f 3025 3029 3028
f 3025 3028 3030
f 3025 3030 3027
f 3026 3029 3027
f 3026 3028 3029
f 3026 3030 3028
f 3026 3027 3030
v -0.271861684987 0.210396797391 -0.490489434837
v -0.274681463734 0.211420930105 -0.490489434837
v -0.273429811567 0.210473183971 -0.489062850063
v -0.273113337154 0.211344543525 -0.491916019611
v -0.273758578406 0.209567979272 -0.490952960329
v -0.272784570315 0.212249748224 -0.490025909345
f 3031 3033 3035
f 3031 3035 3034
f 3031 3034 3036
f 3031 3036 3033
f 3032 3035 3033
f 3032 3034 3035
f 3032 3036 3034
f 3032 3033 3036
v -0.271974350335 0.210086592131 -0.490603073792
v -0.274794129083 0.211110724845 -0.490603073792
v -0.273559376718 0.210116447922 -0.489193534861
v -0.2732091027 0.211080869054 -0.492012612723
v -0.273865424686 0.209273795847 -0.491116104007
v -0.272903054732 0.211923521129 -0.490090043577
f 3037 3039 3041
f 3037 3041 3040
f 3037 3040 3042
f 3037 3042 3039
f 3038 3041 3039
f 3038 3040 3041
f 3038 3042 3040
f 3038 3039 3042
v -0.272085593167 0.209780303533 -0.490728161454
v -0.274905371914 0.210804436247 -0.490728161454
v -0.273687305974 0.209764216035 -0.489337385672
v -0.273303659107 0.210820523745 -0.492118937236
v -0.273970262199 0.208985143226 -0.491290071344
v -0.273020702882 0.211599596554 -0.490166251564
f 3043 3045 3047
f 3043 3047 3046
f 3043 3046 3048
f 3043 3048 3045
f 3044 3047 3045
f 3044 3046 3047
f 3044 3048 3046
f 3044 3045 3048
v -0.27219527795 0.209478304763 -0.490864545424
v -0.275015056698 0.210502437476 -0.490864545424
v -0.273813443475 0.209416917448 -0.489494227237
v -0.273396891173 0.21056382479 -0.49223486361
v -0.274072963218 0.208702373086 -0.491474650388
v -0.27313737143 0.211278369153 -0.490254440459
f 3049 3051 3053
f 3049 3053 3052
f 3049 3052 3054
f 3049 3054 3051
f 3050 3053 3051
f 3050 3052 3053
f 3050 3054 3052
f 3050 3051 3054
v -0.27230327105 0.209180963758 -0.491012059537
v -0.275123049798 0.210205096472 -0.491012059537
v -0.27393763554 0.209074975293 -0.489663868468
v -0.273488685308 0.210311084937 -0.492360250606
v -0.274173402617 0.20842582994 -0.491669616257
v -0.273252918232 0.21096023029 -0.490354502817
f 3055 3057 3059
f 3055 3059 3058
f 3055 3058 3060
f 3055 3060 3057
f 3056 3059 3057
f 3056 3058 3059
f 3056 3060 3058
f 3056 3057 3060
v -0.272409440895 0.208888642785 -0.491170524071
v -0.275229219643 0.209912775498 -0.491170524071
v -0.274059730862 0.208738806174 -0.489846102682
v -0.273578929676 0.210062612109 -0.492494945461
v -0.274271458026 0.208155850713 -0.491874731416
v -0.273367202512 0.21064556757 -0.490466316727
f 3061 3063 3065
f 3061 3065 3064
f 3061 3064 3066
f 3061 3066 3063
f 3062 3065 3063
f 3062 3064 3065
f 3062 3066 3064
f 3062 3063 3066
v -0.272513658133 0.20860169799 -0.491339745962
v -0.27533343688 0.209625830703 -0.491339745962
v -0.274179580685 0.20840881966 -0.490040707856
v -0.273667514328 0.209818709034 -0.492638784068
v -0.27436700998 0.207892764332 -0.492089745962
v -0.273480085033 0.210334764361 -0.490589745962
f 3067 3069 3071
f 3067 3071 3070
f 3067 3070 3072
f 3067 3072 3069
f 3068 3071 3069
f 3068 3070 3071
f 3068 3072 3070
f 3068 3069 3072
v -0.27261579579 0.208320478972 -0.491519519038
v -0.275435574538 0.209344611685 -0.491519519038
v -0.274297038991 0.208085417789 -0.490247446894
v -0.273754331337 0.209579672868 -0.492791591183
v -0.274459942063 0.207636891329 -0.492314397935
v -0.273591428265 0.210028199328 -0.490724640142
f 3073 3075 3077
f 3073 3077 3076
f 3073 3076 3078
f 3073 3078 3075
f 3074 3077 3075
f 3074 3076 3077
f 3074 3078 3076
f 3074 3075 3078
v -0.272715729429 0.208045328353 -0.491709624274
v -0.275535508176 0.209069461066 -0.491709624274
v -0.274411962675 0.207768994577 -0.490466067916
v -0.27383927493 0.209345794842 -0.492953180633
v -0.274550141052 0.207388543445 -0.49254841363
v -0.273701096553 0.209726245973 -0.490870834919
f 3079 3081 3083
f 3079 3083 3082
f 3079 3082 3084
f 3079 3084 3081
f 3080 3083 3081
f 3080 3082 3083
f 3080 3084 3082
f 3080 3081 3084
v -0.272813337295 0.207776581361 -0.491909830056
v -0.275633116042 0.208800714074 -0.491909830056
v -0.274524211721 0.207459935536 -0.490696304565
v -0.273922241616 0.209117359899 -0.493123355548
v -0.274637497053 0.207148023254 -0.492791507935
v -0.273808956284 0.209429272181 -0.491028152178
f 3085 3087 3089
f 3085 3089 3088
f 3085 3088 3090
f 3085 3090 3087
f 3086 3089 3087
f 3086 3088 3089
f 3086 3090 3088
f 3086 3087 3090
v -0.272908500468 0.207514565423 -0.492119892464
v -0.275728279215 0.208538698137 -0.492119892464
v -0.27463364937 0.207158617208 -0.490937876334
v -0.274003130313 0.208894646352 -0.493301908594
v -0.274721903637 0.206915623792 -0.493043384677
v -0.273914876046 0.209137639768 -0.491196400251
f 3091 3093 3095
f 3091 3095 3094
f 3091 3094 3096
f 3091 3096 3093
f 3092 3095 3093
f 3092 3094 3095
f 3092 3096 3094
f 3092 3093 3096
v -0.273001103006 0.207259599766 -0.492339555569
v -0.275820881754 0.208283732479 -0.492339555569
v -0.27474014229 0.206865406702 -0.491190488904
v -0.274081842471 0.208677925543 -0.493488622233
v -0.274803257967 0.206691628202 -0.493303736983
v -0.274018726793 0.208851704043 -0.491375374154
f 3097 3099 3101
f 3097 3101 3100
f 3097 3100 3102
f 3097 3102 3099
f 3098 3101 3099
f 3098 3100 3101
f 3098 3102 3100
f 3098 3099 3102
v -0.273091032089 0.207011995025 -0.492568551745
v -0.275910810836 0.208036127739 -0.492568551745
v -0.274843560734 0.206580661251 -0.491453834507
v -0.274158282191 0.208467461514 -0.493683268983
v -0.274881460926 0.206476309389 -0.493572247655
v -0.274120381999 0.208571813375 -0.491564855836
f 3103 3105 3107
f 3103 3107 3106
f 3103 3106 3108
f 3103 3108 3105
f 3104 3107 3105
f 3104 3106 3107
f 3104 3108 3106
f 3104 3105 3108
v -0.27317817815 0.20677205287 -0.492806601997
v -0.275997956897 0.207796185583 -0.492806601997
v -0.274943778704 0.206304727772 -0.491727592296
v -0.274232356343 0.208263510681 -0.493885611697
v -0.274956417234 0.206269929686 -0.493848589552
v -0.274219717813 0.208298308767 -0.491764614441
f 3109 3111 3113
f 3109 3113 3112
f 3109 3112 3114
f 3109 3114 3111
f 3110 3113 3111
f 3110 3112 3113
f 3110 3114 3112
f 3110 3111 3114
v -0.273262435015 0.206540065632 -0.493053416295
v -0.276082213763 0.207564198345 -0.493053416295
v -0.2750406741 0.206037942448 -0.49201142874
v -0.274303974679 0.208066321529 -0.494095403851
v -0.27502803557 0.206072740533 -0.494132425996
v -0.274316613208 0.208031523443 -0.491974406595
f 3115 3117 3119
f 3115 3119 3118
f 3115 3118 3120
f 3115 3120 3117
f 3116 3119 3117
f 3116 3118 3119
f 3116 3120 3118
f 3116 3117 3120
v -0.273343700032 0.206316315952 -0.493308693936
v -0.27616347878 0.207340448665 -0.493308693936
v -0.275134128869 0.205780630316 -0.492304998027
v -0.274373049943 0.207876134301 -0.494312389846
v -0.275096228678 0.205884982177 -0.494423411175
v -0.274410950134 0.20777178244 -0.492193976698
f 3121 3123 3125
f 3121 3125 3124
f 3121 3124 3126
f 3121 3126 3123
f 3122 3125 3123
f 3122 3124 3125
f 3122 3126 3124
f 3122 3123 3126
v -0.273421874191 0.206101076435 -0.493572123903
v -0.276241652938 0.207125209148 -0.493572123903
v -0.275224029151 0.205533104871 -0.492607942489
v -0.274439497977 0.207693180712 -0.494536305318
v -0.275160913474 0.205706883371 -0.494721190568
v -0.274502613655 0.207519402212 -0.492423057238
f 3127 3129 3131
f 3127 3131 3130
f 3127 3130 3132
f 3127 3132 3129
f 3128 3131 3129
f 3128 3130 3131
f 3128 3132 3130
f 3128 3129 3132
v -0.273496862248 0.205894609316 -0.493843385247
v -0.276316640995 0.20691874203 -0.493843385247
v -0.275310265417 0.205295667685 -0.492919893034
v -0.274503237826 0.207517683661 -0.49476687746
v -0.27522201115 0.205538661101 -0.495025401377
v -0.274591492093 0.207274690245 -0.492661369116
f 3133 3135 3137
f 3133 3137 3136
f 3133 3136 3138
f 3133 3138 3135
f 3134 3137 3135
f 3134 3136 3137
f 3134 3138 3136
f 3134 3135 3138
v -0.273568572842 0.205697166145 -0.494122147477
v -0.27638835159 0.206721298859 -0.494122147477
v -0.275392732601 0.205068608038 -0.493240469599
v -0.274564191831 0.207349856966 -0.495003825356
v -0.275279447269 0.205380520321 -0.495335672969
v -0.274677477163 0.207037944683 -0.492908621986
f 3139 3141 3143
f 3139 3143 3142
f 3139 3142 3144
f 3139 3144 3141
f 3140 3143 3141
f 3140 3142 3143
f 3140 3144 3142
f 3140 3141 3144
v -0.273636918606 0.205508987476 -0.494408070965
v -0.276456697353 0.206533120189 -0.494408070965
v -0.275471330229 0.204852202569 -0.49356928161
v -0.27462228573 0.207189905097 -0.49524686032
v -0.275333151852 0.2052326537 -0.495651627324
v -0.274760464107 0.206809453965 -0.493164514606
f 3145 3147 3149
f 3145 3149 3148
f 3145 3148 3150
f 3145 3150 3147
f 3146 3149 3147
f 3146 3148 3149
f 3146 3150 3148
f 3146 3147 3150
v -0.27370181627 0.205330302574 -0.494700807358
v -0.276521595017 0.206354435288 -0.494700807358
v -0.275545962542 0.204646714932 -0.493905928461
v -0.274677448745 0.20703802293 -0.495495686254
v -0.27538305947 0.205095241391 -0.495972879502
v -0.274840351816 0.206589496471 -0.493428735213
f 3151 3153 3155
f 3151 3155 3154
f 3151 3154 3156
f 3151 3156 3153
f 3152 3155 3153
f 3152 3154 3155
f 3152 3156 3154
f 3152 3153 3156
v -0.273763186766 0.205161329141 -0.495
v -0.276582965513 0.206185461854 -0.495
v -0.275616538613 0.204452395484 -0.49425
v -0.274729613666 0.206894395512 -0.49575
v -0.275429109318 0.204968450811 -0.496299038106
v -0.274917042961 0.206378340185 -0.493700961894
f 3157 3159 3161
f 3157 3161 3160
f 3157 3160 3162
f 3157 3162 3159
f 3158 3161 3159
f 3158 3160 3161
f 3158 3162 3160
f 3158 3159 3162
v -0.273820955324 0.205002273044 -0.495305284372
v -0.276640734071 0.206026405757 -0.495305284372
v -0.275682972455 0.204269480972 -0.494601077028
v -0.274778716941 0.20675919783 -0.496009491716
v -0.27547124529 0.204852436433 -0.496629705761
v -0.274990444105 0.206176242368 -0.493980862983
f 3163 3165 3167
f 3163 3167 3166
f 3163 3166 3168
f 3163 3168 3165
f 3164 3167 3165
f 3164 3166 3167
f 3164 3168 3166
f 3164 3165 3168
v -0.273875051562 0.204853328069 -0.495616288532
v -0.276694830309 0.205877460782 -0.495616288532
v -0.275745183128 0.20409819425 -0.494958731812
v -0.274824698743 0.2066325946 -0.496273845252
v -0.275509416051 0.204747339604 -0.496964479602
v -0.275060465819 0.205983449247 -0.494268097463
f 3169 3171 3173
f 3169 3173 3172
f 3169 3172 3174
f 3169 3174 3171
f 3170 3173 3171
f 3170 3172 3173
f 3170 3174 3172
f 3170 3171 3174
v -0.273925409571 0.204714675681 -0.495932633569
v -0.276745188319 0.205738808395 -0.495932633569
v -0.275803094839 0.203938744005 -0.495322528605
v -0.274867503051 0.206514740071 -0.496542738534
v -0.275543575096 0.204653288367 -0.497302951756
v -0.275127022794 0.205800195709 -0.494562315383
f 3175 3177 3179
f 3175 3179 3178
f 3175 3178 3180
f 3175 3180 3177
f 3176 3179 3177
f 3176 3178 3179
f 3176 3180 3178
f 3176 3177 3180
v -0.273971968 0.204586484809 -0.496253934066
v -0.276791746747 0.205610617522 -0.496253934066
v -0.275856637032 0.203791324501 -0.495692024176
v -0.274907077715 0.206405777829 -0.496815843956
v -0.275573680807 0.20457039731 -0.497644709848
v -0.27519003394 0.205626705021 -0.494863158284
f 3181 3183 3185
f 3181 3185 3184
f 3181 3184 3186
f 3181 3186 3183
f 3182 3185 3183
f 3182 3184 3185
f 3182 3186 3184
f 3182 3183 3186
v -0.274014670122 0.204468911631 -0.496579798567
v -0.276834448869 0.205493044345 -0.496579798567
v -0.275905744472 0.203656115347 -0.496066768352
v -0.274943374519 0.206305840629 -0.497092828782
v -0.275599696504 0.204498767422 -0.497989337498
v -0.275249422487 0.205463188554 -0.495170259636
f 3187 3189 3191
f 3187 3191 3190
f 3187 3190 3192
f 3187 3192 3189
f 3188 3191 3189
f 3188 3190 3191
f 3188 3192 3190
f 3188 3189 3192
v -0.274053463912 0.204362099395 -0.496909830056
v -0.27687324266 0.205386232108 -0.496909830056
v -0.275950357331 0.203533281275 -0.496446304565
v -0.274976349241 0.206215050228 -0.497373355548
v -0.275621590493 0.204438485975 -0.498336414831
v -0.27530511608 0.205309845528 -0.495483245282
f 3193 3195 3197
f 3193 3197 3196
f 3193 3196 3198
f 3193 3198 3195
f 3194 3197 3195
f 3194 3196 3197
f 3194 3198 3196
f 3194 3195 3198
v -0.274088302107 0.204266178232 -0.497243626442
v -0.276908080854 0.205290310946 -0.497243626442
v -0.275990421255 0.203422971939 -0.496830170408
v -0.275005961706 0.20613351724 -0.497657082476
v -0.275639336097 0.20438962641 -0.498685518986
v -0.275357046864 0.205166862768 -0.495801733898
f 3199 3201 3203
f 3199 3203 3202
f 3199 3202 3204
f 3199 3204 3201
f 3200 3203 3201
f 3200 3202 3203
f 3200 3204 3202
f 3200 3201 3204
v -0.27411914226 0.20418126501 -0.497580781044
v -0.276938921008 0.205205397723 -0.497580781044
v -0.276025887431 0.203325321733 -0.497217898201
v -0.275032175836 0.206061341 -0.497943663887
v -0.275652911698 0.204352248257 -0.499036224633
v -0.27540515157 0.205034414476 -0.496125337455
f 3205 3207 3209
f 3205 3209 3208
f 3205 3208 3210
f 3205 3210 3207
f 3206 3209 3207
f 3206 3208 3209
f 3206 3210 3208
f 3206 3207 3210
v -0.274145946798 0.204107463181 -0.497920883092
v -0.276965725546 0.205131595894 -0.497920883092
v -0.27605671265 0.203240449629 -0.497609015556
v -0.275054959694 0.205998609446 -0.498232750628
v -0.275662300754 0.204326397054 -0.499388104493
v -0.27544937159 0.204912662021 -0.496453661691
f 3211 3213 3215
f 3211 3215 3214
f 3211 3214 3216
f 3211 3216 3213
f 3212 3215 3213
f 3212 3214 3215
f 3212 3216 3214
f 3212 3213 3216
v -0.274168683064 0.204044862661 -0.498263518223
v -0.276988461812 0.205068995375 -0.498263518223
v -0.276082859356 0.203168459032 -0.498003045957
v -0.27507428552 0.205945399004 -0.49852399049
v -0.275667491828 0.204312104298 -0.499740729853
v -0.275489653049 0.204801753738 -0.496786306594
f 3217 3219 3221
f 3217 3221 3220
f 3217 3220 3222
f 3217 3222 3219
f 3218 3221 3219
f 3218 3220 3221
f 3218 3222 3220
f 3218 3219 3222
v -0.274187323358 0.20399353972 -0.49860826899
v -0.277007102105 0.205017672434 -0.49860826899
v -0.276104295694 0.20310943765 -0.498399509339
v -0.275090129769 0.205901774504 -0.498817028642
v -0.275668478594 0.204309387401 -0.500093671094
v -0.275525946869 0.204701824753 -0.497122866887
f 3223 3225 3227
f 3223 3227 3226
f 3223 3226 3228
f 3223 3228 3225
f 3224 3227 3225
f 3224 3226 3227
f 3224 3228 3226
f 3224 3225 3228
v -0.274201844968 0.203953556887 -0.498954715367
v -0.277021623715 0.204977689601 -0.498954715367
v -0.276120995545 0.203063457392 -0.498797922672
v -0.275102473138 0.205867789096 -0.499111508062
v -0.275665259851 0.204318249674 -0.50044649821
v -0.275558208832 0.204612996814 -0.497462932524
f 3229 3231 3233
f 3229 3233 3232
f 3229 3232 3234
f 3229 3234 3231
f 3230 3233 3231
f 3230 3232 3233
f 3230 3234 3232
f 3230 3231 3234
v -0.274212230202 0.203924962875 -0.499302435263
v -0.27703200895 0.204949095588 -0.499302435263
v -0.276132938565 0.203030574278 -0.499197800552
v -0.275111300587 0.205843484186 -0.499407069973
v -0.275657839519 0.204338680321 -0.500798781338
v -0.275586399633 0.204535378143 -0.497806089187
f 3235 3237 3239
f 3235 3239 3238
f 3235 3238 3240
f 3235 3240 3237
f 3236 3239 3237
f 3236 3238 3239
f 3236 3240 3238
f 3236 3237 3240
v -0.274218466408 0.203907792521 -0.499651005033
v -0.277038245156 0.204931925234 -0.499651005033
v -0.276140110202 0.20301082837 -0.499598655788
v -0.275116601362 0.205828889385 -0.499703354278
v -0.27564622664 0.204370654448 -0.501150091274
v -0.275610484924 0.204469063307 -0.498151918792
f 3241 3243 3245
f 3241 3245 3244
f 3241 3244 3246
f 3241 3246 3243
f 3242 3245 3243
f 3242 3244 3245
f 3242 3246 3244
f 3242 3243 3246
o local_feasible_arc
usemtl feasible_arc
g local_feasible_arc
v -0.275630435362 0.204414133101 -0.5
v -0.275628355782 0.204419858877 -0.500348994967
v -0.275622119576 0.204437029232 -0.500697564737
v -0.275611734341 0.204465623244 -0.501045284633
v -0.275597212731 0.204505606077 -0.50139173101
v -0.275578572438 0.204556929018 -0.501736481777
v -0.275555836172 0.204619529537 -0.502079116908
v -0.275529031634 0.204693331367 -0.502419218956
v -0.27549819148 0.204778244589 -0.502756373558
v -0.275463353286 0.204874165751 -0.503090169944
v -0.275424559496 0.204980977988 -0.503420201433
v -0.275381857373 0.205098551165 -0.503746065934
v -0.275335298945 0.205226742038 -0.504067366431
v -0.275284940935 0.205365394425 -0.504383711468
v -0.275230844698 0.205514339401 -0.504694715628
v -0.27517307614 0.205673395498 -0.505
v -0.275111705643 0.205842368931 -0.505299192642
v -0.27504680798 0.206021053833 -0.505591929035
v -0.274978462216 0.206209232502 -0.505877852523
v -0.274906751622 0.206406675673 -0.506156614753
v -0.274831763564 0.206613142791 -0.506427876097
v -0.274753589406 0.206828382308 -0.506691306064
v -0.274672324389 0.207052131988 -0.506946583705
v -0.274588067523 0.207284119226 -0.507193398003
v -0.274500921462 0.207524061382 -0.507431448255
v -0.27441099238 0.207771666123 -0.507660444431
v -0.274318389842 0.20802663178 -0.507880107536
v -0.274223226668 0.208288647717 -0.508090169944
v -0.274125618803 0.208557394709 -0.508290375726
v -0.274025685164 0.208832545329 -0.508480480962
v -0.273923547506 0.209113764347 -0.508660254038
v -0.273819330269 0.209400709142 -0.508829475929
v -0.273713160424 0.209693030115 -0.508987940463
v -0.273605167324 0.209990371119 -0.509135454576
v -0.273495482541 0.21029236989 -0.509271838546
v -0.273384239709 0.210598658488 -0.509396926208
v -0.273271574361 0.210908863748 -0.509510565163
v -0.273157623761 0.211222607733 -0.509612616959
v -0.273042526742 0.211539508193 -0.509702957263
v -0.272926423531 0.211859179036 -0.509781476007
v -0.272809455582 0.21218123079 -0.50984807753
v -0.272691765403 0.212505271085 -0.509902680687
v -0.27257349638 0.212830905129 -0.509945218954
v -0.272454792607 0.213157736185 -0.509975640503
v -0.272335798705 0.213485366062 -0.50999390827
v -0.272216659651 0.213813395593 -0.51
v -0.272097520597 0.214141425123 -0.50999390827
l 3247 3248
l 3248 3249
l 3249 3250
l 3250 3251
l 3251 3252
l 3252 3253
l 3253 3254
l 3254 3255
l 3255 3256
l 3256 3257
l 3257 3258
l 3258 3259
l 3259 3260
l 3260 3261
l 3261 3262
l 3262 3263
l 3263 3264
l 3264 3265
l 3265 3266
l 3266 3267
l 3267 3268
l 3268 3269
l 3269 3270
l 3270 3271
l 3271 3272
l 3272 3273
l 3273 3274
l 3274 3275
l 3275 3276
l 3276 3277
l 3277 3278
l 3278 3279
l 3279 3280
l 3280 3281
l 3281 3282
l 3282 3283
l 3283 3284
l 3284 3285
l 3285 3286
l 3286 3287
l 3287 3288
l 3288 3289
l 3289 3290
l 3290 3291
l 3291 3292
l 3292 3293
