# FeiLunQieGe visualization export
# units: normalized
# radius: 0.01
# delta: 0.0005
# local display proxy for sampled target point 46
mtllib local_feasible_centers.mtl
o target_point_000046
usemtl target_point
g target_point
v 0.0899690415466 -0.284802725287 -0.129416917666
v 0.0859190415466 -0.284802725287 -0.129416917666
v 0.0879440415466 -0.282777725287 -0.129416917666
v 0.0879440415466 -0.286827725287 -0.129416917666
v 0.0879440415466 -0.284802725287 -0.127391917666
v 0.0879440415466 -0.284802725287 -0.131441917666
f 1 3 5
f 1 5 4
f 1 4 6
f 1 6 3
f 2 5 3
f 2 4 5
f 2 6 4
f 2 3 6
o feasible_candidates
usemtl feasible_marker
g feasible_candidates
v 0.078838113945 -0.281730535113 -0.129796035126
v 0.0801707118385 -0.27915191869 -0.129037800205
v 0.0781718399462 -0.279752569261 -0.129416917666
v 0.0808369858372 -0.281129884541 -0.129416917666
v 0.0796784676488 -0.280104425787 -0.130868217067
v 0.0793303581347 -0.280778028015 -0.127965618265
f 7 9 11
f 7 11 10
f 7 10 12
f 7 12 9
f 8 11 9
f 8 10 11
f 8 12 10
f 8 9 12
v 0.078881726487 -0.281658748821 -0.130116816044
v 0.0802143243806 -0.279080132397 -0.129358581123
v 0.0782223386791 -0.279669448291 -0.129788348203
v 0.0808737121885 -0.281069432927 -0.129687048965
v 0.0797684802865 -0.28005687847 -0.131188113892
v 0.0793275705811 -0.280682002748 -0.128287283275
f 13 15 17
f 13 17 16
f 13 16 18
f 13 18 15
f 14 17 15
f 14 16 17
f 14 18 16
f 14 15 18
v 0.0789355682814 -0.281592363803 -0.13043720614
v 0.080268166175 -0.279013747379 -0.129678971219
v 0.0782846818095 -0.279592581429 -0.130159326208
v 0.0809190526469 -0.281013529754 -0.129956851151
v 0.0798684535863 -0.280015113236 -0.131505852788
v 0.0793352808701 -0.280590997946 -0.128610324571
f 19 21 23
f 19 23 22
f 19 22 24
f 19 24 21
f 20 23 21
f 20 22 23
f 20 24 22
f 20 21 24
v 0.0789995737302 -0.281531460939 -0.130756815068
v 0.0803321716237 -0.278952844516 -0.129998580147
v 0.0783587933818 -0.279522062324 -0.130529399704
v 0.0809729519722 -0.280962243132 -0.130225995512
v 0.079978265746 -0.27997918097 -0.131821046639
v 0.0793534796079 -0.280505124485 -0.128934348577
f 25 27 29
f 25 29 28
f 25 28 30
f 25 30 27
f 26 29 27
f 26 28 29
f 26 30 28
f 26 27 30
v 0.0790736648526 -0.281476114431 -0.131075253434
v 0.0804062627461 -0.278897498008 -0.130317018513
v 0.0784445831024 -0.279457976893 -0.130898117811
v 0.0810353444963 -0.280915635546 -0.130494154135
v 0.0800977829766 -0.27994912545 -0.132133311428
v 0.0793821446222 -0.280424486989 -0.129258960518
f 31 33 35
f 31 35 34
f 31 34 36
f 31 36 33
f 32 35 33
f 32 34 35
f 32 36 34
f 32 33 36
v 0.07915775138 -0.281426391709 -0.131392133269
v 0.0804903492735 -0.278847775286 -0.130633898348
v 0.07854194645 -0.279400403215 -0.131265031305
v 0.0811061542036 -0.28087376378 -0.130761000312
v 0.0802268596645 -0.279924983293 -0.13244226671
v 0.079421240989 -0.280349183701 -0.129583764906
f 37 39 41
f 37 41 40
f 37 40 42
f 37 42 39
f 38 41 39
f 38 40 41
f 38 42 40
f 38 39 42
v 0.0792517308659 -0.281382353353 -0.131707068504
v 0.0805843287594 -0.27880373693 -0.130948833583
v 0.0786507648021 -0.279349411434 -0.131629693156
v 0.0811852948233 -0.280836678848 -0.131026208931
v 0.0803653385499 -0.279906783914 -0.132747536071
v 0.0794707210755 -0.280279306369 -0.129908366017
f 43 45 47
f 43 47 46
f 43 46 48
f 43 48 45
f 44 47 45
f 44 46 47
f 44 48 46
f 44 45 48
v 0.0793554888108 -0.281344053017 -0.13201967544
v 0.0806880867043 -0.278765436593 -0.131261440519
v 0.0787709055804 -0.279305063676 -0.131991659082
v 0.0812726699348 -0.280804425934 -0.131289456877
v 0.0805130509175 -0.279894549485 -0.133048747586
v 0.0795305245977 -0.280214940125 -0.130232368373
f 49 51 53
f 49 53 52
f 49 52 54
f 49 54 51
f 50 53 51
f 50 52 53
f 50 54 52
f 50 51 54
v 0.0794688988016 -0.281311537363 -0.132329573212
v 0.0808014966951 -0.27873292094 -0.131571338291
v 0.0789022224118 -0.279267413972 -0.132350488081
v 0.0813681730849 -0.280777044331 -0.131550423422
v 0.0806698168024 -0.279888294912 -0.133345534275
v 0.0796005786943 -0.280156163391 -0.130555377228
f 55 57 59
f 55 59 58
f 55 58 60
f 55 60 57
f 56 59 57
f 56 58 59
f 56 60 58
f 56 57 60
v 0.0795918226657 -0.281284846008 -0.132636384259
v 0.0809244205593 -0.278706229584 -0.131878149338
v 0.0790445553071 -0.279236508192 -0.132705742977
v 0.0814716879179 -0.2807545674 -0.131808790619
v 0.0808354452098 -0.279888027816 -0.133637534551
v 0.0796807980152 -0.280103047776 -0.130876999046
f 61 63 65
f 61 65 64
f 61 64 66
f 61 66 63
f 62 65 63
f 62 64 65
f 62 66 64
f 62 63 66
v 0.0797241106394 -0.28126401147 -0.132939734777
v 0.0810567085329 -0.278685395047 -0.132181499856
v 0.0791977308555 -0.279212383991 -0.133056990946
v 0.0815830883167 -0.280737022526 -0.132064243688
v 0.0810097343467 -0.279893748521 -0.133924392654
v 0.0797710848255 -0.280055657995 -0.131196841979
f 67 69 71
f 67 71 70
f 67 70 72
f 67 72 69
f 68 71 69
f 68 70 71
f 68 72 70
f 68 69 72
v 0.07986560155 -0.281249059133 -0.133239255182
v 0.0811981994435 -0.27867044271 -0.132481020261
v 0.0793615624362 -0.279195070759 -0.133403804046
v 0.0817022385572 -0.280724431085 -0.132316471397
v 0.0811924718689 -0.279905450059 -0.134205759094
v 0.0798713291246 -0.280014051784 -0.131514516349
f 73 75 77
f 73 77 76
f 73 76 78
f 73 78 75
f 74 77 75
f 74 76 77
f 74 78 76
f 74 75 78
v 0.0800161230127 -0.281240007215 -0.133534580554
v 0.0813487209062 -0.278661390791 -0.132776345633
v 0.0795358504457 -0.27918458959 -0.13374575974
v 0.0818289934732 -0.280716808416 -0.132565166447
v 0.0813834351387 -0.279923118172 -0.134481291069
v 0.0799814087803 -0.279978279834 -0.131829635118
f 79 81 83
f 79 83 82
f 79 82 84
f 79 84 81
f 80 83 81
f 80 82 83
f 80 84 82
f 80 81 84
v 0.0801754916404 -0.281236866743 -0.133825351083
v 0.0815080895339 -0.27865825032 -0.133067116162
v 0.0797203825409 -0.279180953254 -0.134082441406
v 0.0819631986334 -0.280714163808 -0.13281002584
v 0.0815823914968 -0.279946731335 -0.134750652884
v 0.0801011896775 -0.279948385728 -0.132141814362
f 85 87 89
f 85 89 88
f 85 88 90
f 85 90 87
f 86 89 87
f 86 88 89
f 86 90 88
f 86 87 90
v 0.0803435132668 -0.281239641544 -0.134111212512
v 0.0816761111603 -0.278661025121 -0.133352977591
v 0.0799149338978 -0.279184166182 -0.13441343885
v 0.0821046905293 -0.280716500483 -0.133050751254
v 0.0817890985455 -0.279976260778 -0.135013516365
v 0.0802305258815 -0.279924405887 -0.132450673739
f 91 93 95
f 91 95 94
f 91 94 96
f 91 96 93
f 92 95 93
f 92 94 95
f 92 96 94
f 92 93 96
v 0.0805199831835 -0.281248328237 -0.134391816562
v 0.081852581077 -0.278669711814 -0.133633581642
v 0.0801192674856 -0.279194224458 -0.134738348802
v 0.0822532967749 -0.280723815593 -0.133287049402
v 0.0820033044442 -0.280011670525 -0.135269561252
v 0.0803692598163 -0.279906369526 -0.132755836952
f 97 99 101
f 97 101 100
f 97 100 102
f 97 102 99
f 98 101 99
f 98 100 101
f 98 102 100
f 98 99 102
v 0.0807046863891 -0.281262916239 -0.134666821361
v 0.0820372842826 -0.278684299816 -0.13390858644
v 0.0803331343552 -0.279211115828 -0.135056775411
v 0.0824088363165 -0.280736100226 -0.13351863239
v 0.082224748216 -0.280052917434 -0.135518475594
v 0.0805172224557 -0.279894298621 -0.133056932206
f 103 105 107
f 103 107 106
f 103 106 108
f 103 108 105
f 104 107 105
f 104 106 107
f 104 108 106
f 104 105 108
v 0.0808973978512 -0.281283387776 -0.134935891856
v 0.0822299957447 -0.278704771353 -0.134177656935
v 0.0805562739429 -0.279234819714 -0.135368330722
v 0.082571119653 -0.280753339416 -0.13374521807
v 0.0824531600657 -0.280099951252 -0.135759956128
v 0.0806742335302 -0.279888207878 -0.133353592663
f 109 111 113
f 109 113 112
f 109 112 114
f 109 114 111
f 110 113 111
f 110 112 113
f 110 114 112
f 110 111 114
v 0.0810978827806 -0.281309717908 -0.135198700228
v 0.0824304806741 -0.278731101485 -0.134440465307
v 0.0807884143875 -0.279265307234 -0.135672635152
v 0.0827399490672 -0.280775512158 -0.133966530383
v 0.0826882617087 -0.280152714676 -0.135993708647
v 0.080840101746 -0.279888104717 -0.133645456888
f 115 117 119
f 115 119 118
f 115 118 120
f 115 120 117
f 116 119 117
f 116 118 119
f 116 120 118
f 116 117 120
v 0.0813058969172 -0.281341874554 -0.135454926285
v 0.0826384948107 -0.278763258131 -0.134696691364
v 0.0810292728615 -0.279302541246 -0.135969317955
v 0.0829151188665 -0.280802591439 -0.134182299694
v 0.0829297667098 -0.280211143421 -0.136219448359
v 0.0810146250181 -0.279893989264 -0.13393216929
f 121 123 125
f 121 125 124
f 121 124 126
f 121 126 123
f 122 125 123
f 122 124 125
f 122 126 124
f 122 123 126
v 0.0815211868279 -0.281379818538 -0.135704257854
v 0.0828537847214 -0.278801202114 -0.134946022933
v 0.0812785559159 -0.279346476385 -0.136258017667
v 0.0830964156334 -0.280834544267 -0.134392263121
v 0.0831773808325 -0.280275166302 -0.136436900235
v 0.0811975907169 -0.27990585435 -0.134213380552
f 127 129 131
f 127 131 130
f 127 130 132
f 127 132 129
f 128 131 129
f 128 130 131
f 128 132 130
f 128 129 132
v 0.0817434902151 -0.281423503629 -0.135946391165
v 0.0830760881086 -0.278844887206 -0.135188156244
v 0.0815359598379 -0.279397059122 -0.136538382552
v 0.0832836184858 -0.280871331713 -0.134596164856
v 0.0834308023969 -0.280344705316 -0.136645799344
v 0.0813887759268 -0.279923685518 -0.134488748064
f 133 135 137
f 133 137 136
f 133 136 138
f 133 138 135
f 134 137 135
f 134 136 137
f 134 138 136
f 134 135 138
v 0.0819725362363 -0.281472876605 -0.136181031213
v 0.0833051341298 -0.278894260182 -0.135422796292
v 0.0818011710204 -0.279454227831 -0.13681007103
v 0.0834764993457 -0.280912908955 -0.134793756476
v 0.0836897226481 -0.280419675741 -0.136845891174
v 0.081587947718 -0.279947461045 -0.134757936331
f 139 141 143
f 139 143 142
f 139 142 144
f 139 144 141
f 140 143 141
f 140 142 143
f 140 144 142
f 140 141 144
v 0.0822080458343 -0.281527877312 -0.136407892128
v 0.0835406437278 -0.278949260889 -0.135649657207
v 0.0820738663444 -0.27951791286 -0.137072752089
v 0.0836748232177 -0.28095922534 -0.134984797246
v 0.0839538261315 -0.280499986236 -0.137036931944
v 0.0817948634306 -0.279977151964 -0.13502061739
f 145 147 149
f 145 149 148
f 145 148 150
f 145 150 147
f 146 149 147
f 146 148 149
f 146 150 148
f 146 147 150
v 0.0824497320768 -0.28158843874 -0.136626697513
v 0.0837823299703 -0.279009822317 -0.135868462592
v 0.0823537135726 -0.279588036619 -0.137326105693
v 0.0838783484746 -0.281010224438 -0.135169054413
v 0.0842227910777 -0.280585538957 -0.137218688901
v 0.0820092709694 -0.280012722101 -0.135276471204
f 151 153 155
f 151 155 154
f 151 154 156
f 151 156 153
f 152 155 153
f 152 154 155
f 152 156 154
f 152 153 156
v 0.0826973005065 -0.281654487105 -0.136837180788
v 0.0840298984 -0.279075870682 -0.136078945867
v 0.0826403717543 -0.279664513673 -0.137569823169
v 0.0840868271522 -0.281065844114 -0.135346303486
v 0.0844962897944 -0.280676229669 -0.137390940601
v 0.0822309091121 -0.280054128118 -0.135525186055
f 157 159 161
f 157 161 160
f 157 160 162
f 157 162 159
f 158 161 159
f 158 160 161
f 158 162 160
f 158 159 162
v 0.0829504494993 -0.281725941937 -0.137039085512
v 0.0842830473928 -0.279147325513 -0.136280850591
v 0.0829334916407 -0.279747250847 -0.137803607586
v 0.0843000052514 -0.281126016603 -0.135516328517
v 0.0847739890656 -0.28077194788 -0.137553477182
v 0.0824595078265 -0.28010131957 -0.135766458921
f 163 165 167
f 163 167 166
f 163 166 168
f 163 168 165
f 164 167 165
f 164 166 167
f 164 168 166
f 164 165 168
v 0.0832088706322 -0.281802716178 -0.137232165695
v 0.0845414685257 -0.279224099755 -0.136473930774
v 0.0832327161104 -0.279836147337 -0.138027174114
v 0.0845176230475 -0.281190668596 -0.135678922355
v 0.0850555505574 -0.280872576973 -0.137706100619
v 0.0826947886005 -0.28015423896 -0.13599999585
f 169 171 173
f 169 173 172
f 169 172 174
f 169 174 171
f 170 173 171
f 170 172 173
f 170 174 172
f 170 171 174
v 0.0834722490588 -0.281884716292 -0.137416186098
v 0.0848048469523 -0.279306099869 -0.136657951177
v 0.0835376806043 -0.279931094838 -0.13824025037
v 0.0847394154068 -0.281259721324 -0.135833886905
v 0.0853406312305 -0.280977994346 -0.137848624963
v 0.0829364647806 -0.280212821815 -0.136225512312
f 175 177 179
f 175 179 178
f 175 178 180
f 175 180 177
f 176 179 177
f 176 178 179
f 176 180 178
f 176 177 180
v 0.0837402638931 -0.281971842374 -0.137590922521
v 0.0850728617866 -0.279393225951 -0.1368326876
v 0.0838480135703 -0.280031977669 -0.138442576754
v 0.0849651121093 -0.281333090656 -0.135981033367
v 0.085628883758 -0.281088071564 -0.137980876571
v 0.0831842419216 -0.280276996761 -0.13644273355
f 181 183 185
f 181 185 184
f 181 184 186
f 181 186 183
f 182 185 183
f 182 184 185
f 182 186 184
f 182 183 186
v 0.0840125886003 -0.282063988274 -0.137756162074
v 0.0853451864938 -0.279485371851 -0.136997927153
v 0.0841633369155 -0.280138672922 -0.138633906764
v 0.0851944381785 -0.281410687203 -0.136120182464
v 0.0859199569488 -0.281202674516 -0.138102694314
v 0.0834378181453 -0.280346685609 -0.136651394913
f 187 189 191
f 187 191 190
f 187 190 192
f 187 192 189
f 188 191 189
f 188 190 191
f 188 192 190
f 188 189 192
v 0.0842888913947 -0.282161041727 -0.137911703439
v 0.0856214892882 -0.279582425304 -0.137153468518
v 0.0844832664669 -0.280251050604 -0.138814007291
v 0.0854271142159 -0.281492416427 -0.136251164666
v 0.0862134961748 -0.281321663576 -0.138213929777
v 0.0836968845081 -0.280421803455 -0.136851242181
f 193 195 197
f 193 197 196
f 193 196 198
f 193 198 195
f 194 197 195
f 194 196 197
f 194 198 196
f 194 195 198
v 0.0845688356438 -0.282262884488 -0.138057357112
v 0.0859014335374 -0.279684268065 -0.137299122191
v 0.0848074124396 -0.280368973801 -0.138982658913
v 0.0856628567415 -0.281578178752 -0.136373820391
v 0.0865091438037 -0.281444893772 -0.138314447435
v 0.0839611253775 -0.28050225878 -0.137042031869
f 199 201 203
f 199 203 202
f 199 202 204
f 199 204 201
f 200 203 201
f 200 202 203
f 200 204 202
f 200 201 204
v 0.0848520802789 -0.282369392477 -0.138192945637
v 0.0861846781724 -0.279790776054 -0.137434710716
v 0.0851353799118 -0.280492298841 -0.139139656152
v 0.0859013785395 -0.28166786969 -0.136488000201
v 0.0868065396346 -0.281572214969 -0.138404124823
v 0.0842302188167 -0.280587953561 -0.13722353153
f 205 207 209
f 205 209 208
f 205 208 210
f 205 210 207
f 206 209 207
f 206 208 209
f 206 210 208
f 206 207 210
v 0.0851382802098 -0.282480435931 -0.13831830382
v 0.0864708781033 -0.279901819507 -0.137560068899
v 0.0854667693055 -0.280620875471 -0.139284807732
v 0.0861423890076 -0.281761379966 -0.136593564987
v 0.0871053213363 -0.281703472046 -0.138482852684
v 0.0845038369768 -0.280678783392 -0.137395520035
f 211 213 215
f 211 215 214
f 211 214 216
f 211 216 213
f 212 215 213
f 212 214 215
f 212 216 214
f 212 213 216
v 0.0854270867461 -0.282595879559 -0.138433278931
v 0.0867596846396 -0.280017263136 -0.13767504401
v 0.0858011768738 -0.280754547042 -0.139417936808
v 0.0863855945119 -0.281858595654 -0.136690386133
v 0.0874051248893 -0.281838505085 -0.1385505351
v 0.0847816464963 -0.280774637611 -0.137557787841
f 217 219 221
f 217 221 220
f 217 220 222
f 217 222 219
f 218 221 219
f 218 220 221
f 218 222 220
f 218 219 222
v 0.0857181480214 -0.282715582713 -0.138537730891
v 0.087050745915 -0.28013696629 -0.13777949597
v 0.0861381951927 -0.280893150694 -0.139538881183
v 0.0866306987437 -0.28195939831 -0.136778345678
v 0.0877055850293 -0.28197714957 -0.138607089609
v 0.0850633089071 -0.280875399434 -0.137710137252
f 223 225 227
f 223 227 226
f 223 226 228
f 223 228 225
f 224 227 225
f 224 226 227
f 224 228 226
f 224 225 228
v 0.0860111094226 -0.282839399553 -0.138631532441
v 0.0873437073161 -0.280260783129 -0.13787329752
v 0.0864774136571 -0.28103651756 -0.139647493504
v 0.0868774030815 -0.282063665122 -0.136857336457
v 0.0880063356919 -0.282119236583 -0.13865244731
v 0.0853484810468 -0.280980946099 -0.137852382652
f 229 231 233
f 229 233 232
f 229 232 234
f 229 234 231
f 230 233 231
f 230 232 233
f 230 234 232
f 230 231 234
v 0.0863056140211 -0.282967179225 -0.138714569299
v 0.0876382119147 -0.280388562802 -0.137956334378
v 0.0868184189818 -0.28118447297 -0.139743641445
v 0.087125406954 -0.282171269057 -0.136927262233
v 0.0883070104586 -0.282264593014 -0.138686552941
v 0.0856368154772 -0.281091149013 -0.137984350737
f 235 237 239
f 235 239 238
f 235 238 240
f 235 240 237
f 236 239 237
f 236 238 239
f 236 240 238
f 236 237 240
v 0.0866013030086 -0.283098766051 -0.138786740297
v 0.0879339009021 -0.280520149628 -0.138028505376
v 0.0871607957041 -0.281336836664 -0.139827207864
v 0.0873744082066 -0.282282079016 -0.13698803781
v 0.0886072430036 -0.282413041769 -0.138709364949
v 0.0859279609071 -0.281205873911 -0.138105880724
f 241 243 245
f 241 245 244
f 241 244 246
f 241 246 243
f 242 245 243
f 242 244 245
f 242 246 244
f 242 243 246
v 0.0868978161335 -0.283233999713 -0.138847957505
v 0.088230414027 -0.28065538329 -0.138089722584
v 0.0875041266909 -0.281493423009 -0.139898090947
v 0.0876241034697 -0.282395959994 -0.137039589143
v 0.0889066675398 -0.282564401984 -0.138720855541
v 0.0862215626207 -0.281324981018 -0.138216824549
f 247 249 251
f 247 251 250
f 247 250 252
f 247 252 249
f 248 251 249
f 248 250 251
f 248 252 250
f 248 249 252
v 0.0871947921403 -0.283372715448 -0.138898146341
v 0.0885273900338 -0.280794099025 -0.13813991142
v 0.0878479936461 -0.281654041229 -0.139956204335
v 0.0878741885281 -0.282512773245 -0.137081853425
v 0.0892049192646 -0.282718489252 -0.138721010718
v 0.0865172629096 -0.281448325221 -0.138317047042
f 253 255 257
f 253 257 256
f 253 256 258
f 253 258 255
f 254 257 255
f 254 256 257
f 254 258 256
f 254 255 258
v 0.0874918692095 -0.283514744254 -0.138937245656
v 0.088824467103 -0.280936127831 -0.138179010735
v 0.0881919776209 -0.281818495635 -0.140001477226
v 0.0881243586916 -0.282632376449 -0.137114779164
v 0.089501634804 -0.282875115841 -0.138709830291
v 0.0868147015085 -0.281575756244 -0.138406426099
f 259 261 263
f 259 263 262
f 259 262 264
f 259 264 261
f 260 263 261
f 260 262 263
f 260 264 262
f 260 261 264
v 0.0877886853983 -0.283659913089 -0.138965207814
v 0.0891212832919 -0.281081296666 -0.138206972893
v 0.0885356595238 -0.281986585866 -0.140033854462
v 0.0883743091664 -0.28275462389 -0.137138326245
v 0.089796452656 -0.283034090924 -0.138687327882
v 0.0871135160342 -0.281707118831 -0.138484852825
f 265 267 269
f 265 269 268
f 265 268 270
f 265 270 267
f 266 269 267
f 266 268 269
f 266 270 268
f 266 267 270
v 0.0880848790821 -0.283808045089 -0.138981998747
v 0.0894174769756 -0.281229428666 -0.138223763826
v 0.0888786206313 -0.282158107128 -0.140053296595
v 0.0886237354264 -0.282879366626 -0.137152465978
v 0.0900890136304 -0.283195220816 -0.138653530905
v 0.0874133424274 -0.281842252938 -0.138552231668
f 271 273 275
f 271 275 274
f 271 274 276
f 271 276 273
f 272 275 273
f 272 274 275
f 272 276 274
f 272 273 276
v 0.0788221251585 -0.282376127493 -0.127572394813
v 0.080154723052 -0.27979751107 -0.126814159892
v 0.0781533266145 -0.280500097281 -0.12684217625
v 0.080823521596 -0.281673541282 -0.127544378454
v 0.0793349301192 -0.280593421238 -0.128601466958
v 0.0796419180914 -0.281580217325 -0.125785087746
f 277 279 281
f 277 281 280
f 277 280 282
f 277 282 279
f 278 281 279
f 278 280 281
f 278 282 280
f 278 279 282
v 0.0787933492941 -0.282269335281 -0.127885001748
v 0.0801259471876 -0.279690718858 -0.127126766827
v 0.0781200071926 -0.280376443141 -0.127204142175
v 0.0807992892891 -0.281583610999 -0.1278076264
v 0.0793528419896 -0.280507405894 -0.128925469315
v 0.0795664544921 -0.281452648245 -0.126086299261
f 283 285 287
f 283 287 286
f 283 286 288
f 283 288 285
f 284 287 285
f 284 286 287
f 284 288 286
f 284 285 288
v 0.0787749103559 -0.282167200438 -0.128199936983
v 0.0801075082495 -0.279588584015 -0.127441702062
v 0.0780986568432 -0.280258181743 -0.127568804027
v 0.0807837617623 -0.28149760271 -0.128072835019
v 0.0793812209133 -0.280426623734 -0.129250070425
v 0.0795011976921 -0.281329160719 -0.126391568621
f 289 291 293
f 289 293 292
f 289 292 294
f 289 294 291
f 290 293 291
f 290 292 293
f 290 294 292
f 290 291 294
v 0.0787668308092 -0.2820698474 -0.128516816819
v 0.0800994287027 -0.279491230977 -0.127758581898
v 0.0780893015784 -0.280145457173 -0.12793571752
v 0.0807769579334 -0.281415621204 -0.128339681196
v 0.0794200323149 -0.28035117318 -0.129574874813
v 0.0794462271969 -0.281209905196 -0.126700523903
f 295 297 299
f 295 299 298
f 295 298 300
f 295 300 297
f 296 299 297
f 296 298 299
f 296 300 298
f 296 297 300
v 0.0787691204974 -0.281977394776 -0.128835255184
v 0.0801017183909 -0.279398778352 -0.128077020263
v 0.0780919527964 -0.280038406766 -0.128304435627
v 0.0807788860919 -0.281337766362 -0.12860783982
v 0.0794692289088 -0.280281146157 -0.129899486755
v 0.0794016099795 -0.281095026971 -0.127012788693
f 301 303 305
f 301 305 304
f 301 304 306
f 301 306 303
f 302 305 303
f 302 304 305
f 302 306 304
f 302 303 306
v 0.078781776631 -0.281889955205 -0.129154864112
v 0.0801143745245 -0.279311338782 -0.128396629191
v 0.0781066072669 -0.279937160947 -0.128674509123
v 0.0807895438886 -0.28126413304 -0.12887698418
v 0.0795287507564 -0.280216627981 -0.13022351076
v 0.079367400399 -0.280984666005 -0.127327982543
f 307 309 311
f 307 311 310
f 307 310 312
f 307 312 309
f 308 311 309
f 308 310 311
f 308 312 310
f 308 309 312
v 0.0788047837904 -0.281807635219 -0.129475254208
v 0.0801373816839 -0.279229018796 -0.128717019287
v 0.0781332471357 -0.279841843069 -0.129045487129
v 0.0808089183386 -0.281194810946 -0.129146786366
v 0.0795985253396 -0.280157697259 -0.130546552056
v 0.0793436401347 -0.280878956756 -0.127645721439
f 313 315 317
f 313 317 316
f 313 316 318
f 313 318 315
f 314 317 315
f 314 316 317
f 314 318 316
f 314 315 318
v 0.0786160184541 -0.28161575884 -0.129796035126
v 0.0799486163476 -0.279037142416 -0.129037800205
v 0.0779497444553 -0.279637792988 -0.129416917666
v 0.0806148903463 -0.281015108268 -0.129416917666
v 0.0794563721578 -0.279989649514 -0.130868217067
v 0.0791082626438 -0.280663251742 -0.127965618265
f 319 321 323
f 319 323 322
f 319 322 324
f 319 324 321
f 320 323 321
f 320 322 323
f 320 324 322
f 320 321 324
v 0.0786607786946 -0.281542083434 -0.130125257647
v 0.0799933765881 -0.278963467011 -0.129367022727
v 0.0780013908867 -0.279552782905 -0.129796789806
v 0.080652764396 -0.28095276754 -0.129695490568
v 0.0795475324941 -0.279940213084 -0.131196555496
v 0.0791066227887 -0.280565337362 -0.128295724878
f 325 327 329
f 325 329 328
f 325 328 330
f 325 330 327
f 326 329 327
f 326 328 329
f 326 330 328
f 326 327 330
v 0.0787160373783 -0.281473951442 -0.130454079062
v 0.0800486352718 -0.278895335019 -0.129695844141
v 0.0780651509064 -0.279474169068 -0.13017619913
v 0.0806995217438 -0.280895117393 -0.129973724073
v 0.0796489226832 -0.279896700876 -0.13152272571
v 0.079115749967 -0.280472585586 -0.128627197493
f 331 333 335
f 331 335 334
f 331 334 336
f 331 336 333
f 332 335 333
f 332 334 335
f 332 336 334
f 332 333 336
v 0.078781727181 -0.281411445872 -0.130782098751
v 0.0801143250745 -0.278832829449 -0.13002386383
v 0.0781409468326 -0.279402047256 -0.130554683387
v 0.080755105423 -0.280842228064 -0.130251279194
v 0.0797604191968 -0.279859165903 -0.131846330321
v 0.0791356330587 -0.280385109418 -0.12895963226
f 337 339 341
f 337 341 340
f 337 340 342
f 337 342 339
f 338 341 339
f 338 340 341
f 338 342 340
f 338 339 342
v 0.0788577680698 -0.281354642877 -0.131108917074
v 0.0801903659633 -0.278776026453 -0.130350682153
v 0.0782286863196 -0.279336505338 -0.130931781451
v 0.0808194477135 -0.280794163991 -0.130527817775
v 0.0798818861937 -0.279827653895 -0.132166975068
v 0.0791662478394 -0.280303015434 -0.129292624158
f 343 345 347
f 343 347 346
f 343 346 348
f 343 348 345
f 344 347 345
f 344 346 347
f 344 348 346
f 344 345 348
v 0.0789440674005 -0.281303611662 -0.131434135852
v 0.0802766652941 -0.278724995239 -0.130675900931
v 0.0783282624705 -0.279277623168 -0.131307033887
v 0.0808924702241 -0.280750983733 -0.130803002895
v 0.0800131756851 -0.279802203246 -0.132484269293
v 0.0792075570095 -0.280226403654 -0.129625767489
f 349 351 353
f 349 353 352
f 349 352 354
f 349 354 351
f 350 353 351
f 350 352 353
f 350 354 352
f 350 351 354
v 0.0790405200308 -0.281258414402 -0.131757358856
v 0.0803731179243 -0.278679797978 -0.130999123935
v 0.078439553967 -0.279225472483 -0.131679983508
v 0.0809740839882 -0.280712739897 -0.131076499284
v 0.0801541277148 -0.279782844963 -0.132797826423
v 0.0792595102403 -0.280155367417 -0.129958656369
f 355 357 359
f 355 359 358
f 355 358 360
f 355 360 357
f 356 359 357
f 356 358 359
f 356 360 358
f 356 357 360
v 0.0791470084479 -0.281219106162 -0.13207819229
v 0.0804796063415 -0.278640489738 -0.131319957369
v 0.0785624252175 -0.279180116821 -0.132050175932
v 0.0810641895719 -0.280679479079 -0.131347973728
v 0.0803045705546 -0.27976960263 -0.133107264436
v 0.0793220442348 -0.28008999327 -0.130290885223
f 361 363 365
f 361 365 364
f 361 364 366
f 361 366 363
f 362 365 363
f 362 364 365
f 362 366 364
f 362 363 366
v 0.0792634029122 -0.281185734833 -0.132396245267
v 0.0805960008057 -0.27860711841 -0.131638010346
v 0.0786967265224 -0.279141611442 -0.132417160136
v 0.0811626771955 -0.280651241801 -0.131617095477
v 0.080464320913 -0.279762492382 -0.13341220633
v 0.0793950828049 -0.280030360861 -0.130622049283
f 367 369 371
f 367 371 370
f 367 370 372
f 367 372 369
f 368 371 369
f 368 370 371
f 368 372 370
f 368 369 372
v 0.0793895616148 -0.281158341074 -0.132711130288
v 0.0807221595084 -0.27857972465 -0.131952895368
v 0.0788422942562 -0.279110003258 -0.132780489007
v 0.081269426867 -0.280628062466 -0.131883536649
v 0.0806331841589 -0.279761522882 -0.13371228058
v 0.0794785369643 -0.279976542842 -0.130951745076
f 373 375 377
f 373 377 376
f 373 376 378
f 373 378 375
f 374 377 375
f 374 376 377
f 374 378 376
f 374 375 378
v 0.0795253308509 -0.281136958259 -0.133022463715
v 0.0808579287444 -0.278558341835 -0.132264228794
v 0.0789989510671 -0.279085330779 -0.133139719884
v 0.0813843085283 -0.280609969315 -0.132146972626
v 0.0808109545583 -0.27976669531 -0.134007121593
v 0.0795723050371 -0.279928604784 -0.131279570917
f 379 381 383
f 379 383 382
f 379 382 384
f 379 384 381
f 380 383 381
f 380 382 383
f 380 384 382
f 380 381 384
v 0.0796705452066 -0.281121612439 -0.133329866236
v 0.0810031431001 -0.278542996016 -0.132571631315
v 0.0791665060928 -0.279067624065 -0.1334944151
v 0.0815071822138 -0.280596984391 -0.132407082451
v 0.0809974155254 -0.279778003365 -0.134296370148
v 0.0796762727812 -0.27988660509 -0.131605127403
f 385 387 389
f 385 389 388
f 385 388 390
f 385 390 387
f 386 389 387
f 386 388 389
f 386 390 388
f 386 387 390
v 0.0798250277604 -0.281112322313 -0.133632963328
v 0.0811576256539 -0.278533705889 -0.132874728407
v 0.0793447551934 -0.279056904688 -0.133844142514
v 0.0816378982209 -0.280589123514 -0.132663549221
v 0.0811923398864 -0.27979543327 -0.134579673843
v 0.079790313528 -0.279850594932 -0.131928017892
f 391 393 395
f 391 395 394
f 391 394 396
f 391 396 393
f 392 395 393
f 392 394 395
f 392 396 394
f 392 393 396
v 0.0799885902993 -0.281109099197 -0.133931385714
v 0.0813211881928 -0.278530482773 -0.133173150793
v 0.0795334811998 -0.279053185708 -0.134188476036
v 0.0817762972923 -0.280586396262 -0.132916060471
v 0.0813954901557 -0.279818963788 -0.134856687514
v 0.0799142883364 -0.279820618182 -0.132247848992
f 397 399 401
f 397 401 400
f 397 400 402
f 397 402 399
f 398 401 399
f 398 400 401
f 398 402 400
f 398 399 402
v 0.0801610335475 -0.281111947019 -0.134224769812
v 0.081493631441 -0.278533330595 -0.133466534891
v 0.0797324541785 -0.279056471656 -0.134526996149
v 0.08192221081 -0.280588805958 -0.133164308554
v 0.0816066188262 -0.279848566253 -0.135127073664
v 0.0800480461622 -0.279796711362 -0.132564231039
f 403 405 407
f 403 407 406
f 403 406 408
f 403 408 405
f 404 407 405
f 404 406 407
f 404 408 406
f 404 405 408
v 0.0803421474094 -0.281120862309 -0.134512758179
v 0.0816747453029 -0.278542245886 -0.133754523258
v 0.0799414317115 -0.27906675853 -0.134859290419
v 0.0820754610008 -0.280596349665 -0.133407991018
v 0.0818254686701 -0.279884204597 -0.135390502868
v 0.0801914240421 -0.279778903598 -0.132876778569
f 409 411 413
f 409 413 412
f 409 412 414
f 409 414 411
f 410 413 411
f 410 412 413
f 410 414 412
f 410 411 414
v 0.0805317112257 -0.281135834206 -0.134794999946
v 0.0818643091192 -0.278557217782 -0.134036765025
v 0.0801601591918 -0.279084033795 -0.135184953996
v 0.0822358611531 -0.280609018193 -0.133646810975
v 0.0820517730526 -0.2799258354 -0.135646654179
v 0.0803442472923 -0.279767216588 -0.133185110792
f 415 417 419
f 415 419 418
f 415 418 420
f 415 420 417
f 416 419 417
f 416 418 419
f 416 420 418
f 416 417 420
v 0.080729494042 -0.281156844468 -0.135071151244
v 0.0820620919356 -0.278578228045 -0.134312916323
v 0.0803883701338 -0.279108276405 -0.135503590109
v 0.0824032158439 -0.280626796107 -0.133880477458
v 0.0822852562566 -0.279973407943 -0.135895215516
v 0.0805063297211 -0.279761664569 -0.133488852051
f 421 423 425
f 421 425 424
f 421 424 426
f 421 426 423
f 422 425 423
f 422 424 425
f 422 426 424
f 422 423 426
v 0.0809352548906 -0.281183867498 -0.135340875626
v 0.0822678527841 -0.278605251074 -0.134582640705
v 0.0806257864975 -0.279139456824 -0.13581481055
v 0.0825773211773 -0.280649661748 -0.134108705781
v 0.0825256338187 -0.280026864266 -0.136135884044
v 0.080677473856 -0.279762254306 -0.133787632286
f 427 429 431
f 427 431 430
f 427 430 432
f 427 432 429
f 428 431 429
f 428 430 431
f 428 432 430
f 428 429 432
v 0.0811487430835 -0.281216870371 -0.135603844473
v 0.082481340977 -0.278638253948 -0.134845609552
v 0.0808721190277 -0.279177537063 -0.136118236143
v 0.0827579650327 -0.280677587256 -0.134331217882
v 0.0827726128761 -0.280086139239 -0.136368366547
v 0.0808574711843 -0.279768985081 -0.134081087478
f 433 435 437
f 433 437 436
f 433 436 438
f 433 438 435
f 434 437 435
f 434 436 437
f 434 438 436
f 434 435 438
v 0.0813696985181 -0.281255812881 -0.1358597374
v 0.0827022964116 -0.278677196457 -0.135101502479
v 0.0811270676062 -0.279222470728 -0.136413497212
v 0.0829449273236 -0.28071053861 -0.134547742666
v 0.0830258925227 -0.280151160645 -0.136592379781
v 0.0810461024071 -0.279781848693 -0.134368860098
f 439 441 443
f 439 443 442
f 439 442 444
f 439 444 441
f 440 443 441
f 440 442 443
f 440 444 442
f 440 441 444
v 0.0815978519944 -0.28130064758 -0.136108242639
v 0.082930449888 -0.278722031156 -0.135350007718
v 0.0813903216173 -0.279274203073 -0.136700234027
v 0.0831379802651 -0.280748475663 -0.134758016331
v 0.0832851641763 -0.280221849267 -0.136807650819
v 0.0812431377061 -0.279800829469 -0.134650599539
f 445 447 449
f 445 449 448
f 445 448 450
f 445 450 447
f 446 449 447
f 446 448 449
f 446 450 448
f 446 447 450
v 0.0818329255425 -0.281351319845 -0.136349057426
v 0.083165523436 -0.278772703421 -0.135590822505
v 0.0816615603266 -0.279332671071 -0.136978097242
v 0.0833368886519 -0.280791352195 -0.134961782689
v 0.0835501119543 -0.280298118981 -0.137013917387
v 0.0814483370243 -0.279825904285 -0.134925962544
f 451 453 455
f 451 455 454
f 451 454 456
f 451 456 453
f 452 455 453
f 452 454 455
f 452 456 454
f 452 453 456
v 0.0820746327615 -0.281407767939 -0.136581888365
v 0.083407230655 -0.278829151515 -0.135823653444
v 0.0819404532716 -0.279397803487 -0.137246748325
v 0.0835414101449 -0.280839115967 -0.135158793483
v 0.0838204130587 -0.280379876863 -0.137210928181
v 0.0816614503578 -0.279857042591 -0.135194613627
f 457 459 461
f 457 461 460
f 457 460 462
f 457 462 459
f 458 461 459
f 458 460 461
f 458 462 460
f 458 459 462
v 0.0823226791683 -0.281469923089 -0.136806451786
v 0.0836552770618 -0.278891306665 -0.136048216865
v 0.0822266606641 -0.279469520968 -0.137505859966
v 0.0837512955661 -0.280891708786 -0.135348808686
v 0.0840957381692 -0.280467023305 -0.137398443174
v 0.0818822180609 -0.279894206449 -0.135456225478
f 463 465 467
f 463 467 466
f 463 466 468
f 463 468 465
f 464 467 465
f 464 466 467
f 464 468 466
f 464 465 468
v 0.0825767625567 -0.281537709568 -0.137022474095
v 0.0839093604502 -0.278959093145 -0.136264239174
v 0.0825198338045 -0.279547736137 -0.137755116476
v 0.0839662892024 -0.280949066577 -0.135531596793
v 0.0843757518446 -0.280559452132 -0.137576233908
v 0.0821103711622 -0.279937350582 -0.135710479362
f 469 471 473
f 469 473 472
f 469 472 474
f 469 474 471
f 470 473 471
f 470 472 473
f 470 474 472
f 470 471 474
v 0.0828365733651 -0.28161104479 -0.137229692101
v 0.0841691712586 -0.279032428367 -0.13647145718
v 0.0828196155065 -0.2796323537 -0.137994214176
v 0.0841861291172 -0.281011119457 -0.135706935106
v 0.0846601129314 -0.280657050734 -0.137744083771
v 0.0823456316923 -0.279986422424 -0.135957065511
f 475 477 479
f 475 479 478
f 475 478 480
f 475 480 477
f 476 479 477
f 476 478 479
f 476 480 478
f 476 477 480
v 0.0831017950541 -0.281689839407 -0.137427853342
v 0.0844343929476 -0.279111222983 -0.136669618421
v 0.0831256405323 -0.279723270566 -0.13822286176
v 0.0844105474694 -0.281077791825 -0.135874610002
v 0.0849484749793 -0.280759700201 -0.137901788266
v 0.0825877130224 -0.280041362189 -0.136195683497
f 481 483 485
f 481 485 484
f 481 484 486
f 481 486 483
f 482 485 483
f 482 484 485
f 482 486 484
f 482 483 486
v 0.0833721044919 -0.281773997418 -0.137616716387
v 0.0847047023854 -0.279195380995 -0.136858481466
v 0.0834375360374 -0.279820375964 -0.138440780659
v 0.0846392708399 -0.28114900245 -0.136034417194
v 0.0852404866636 -0.280867275472 -0.138049155252
v 0.0828363202137 -0.280102102942 -0.136426042601
f 487 489 491
f 487 491 490
f 487 490 492
f 487 492 489
f 488 491 489
f 488 490 491
f 488 492 490
f 488 489 492
v 0.0836471723482 -0.281863416292 -0.137796051137
v 0.0849797702417 -0.279284799869 -0.137037816216
v 0.0837549220254 -0.279923551587 -0.13864770537
v 0.0848720205644 -0.281224664574 -0.136186161982
v 0.0855357922131 -0.280979645482 -0.138186005187
v 0.0830911503767 -0.280168570679 -0.136647862165
f 493 495 497
f 493 497 496
f 493 496 498
f 493 498 495
f 494 497 495
f 494 496 497
f 494 498 496
f 494 495 498
v 0.083926663495 -0.281957987084 -0.137965639099
v 0.0852592613885 -0.279379370661 -0.137207404178
v 0.0840774118103 -0.280032671732 -0.138843383789
v 0.0851085130733 -0.281304686013 -0.136329659489
v 0.0858340318435 -0.281096673326 -0.138312171339
v 0.0833518930401 -0.280240684419 -0.136860871938
f 499 501 503
f 499 503 502
f 499 502 504
f 499 504 501
f 500 503 501
f 500 502 503
f 500 504 502
f 500 501 504
v 0.0842102374156 -0.282057594575 -0.138125273658
v 0.0855428353091 -0.279478978152 -0.137367038737
v 0.0844046124878 -0.280147603452 -0.13902757751
v 0.0853484602368 -0.281388969275 -0.136464734885
v 0.0861348421957 -0.281218216424 -0.138427499995
v 0.083618230529 -0.280318356304 -0.1370648124
f 505 507 509
f 505 509 508
f 505 508 510
f 505 510 507
f 506 509 507
f 506 508 509
f 506 510 508
f 506 507 510
v 0.0844975486187 -0.282162117409 -0.138274760322
v 0.0858301465122 -0.279583500985 -0.137516525401
v 0.0847361254145 -0.280268206722 -0.139200062123
v 0.0855915697164 -0.281477411672 -0.136591223601
v 0.0864378567786 -0.281344126693 -0.138531850645
v 0.0838898383523 -0.280401491701 -0.137259435079
f 511 513 515
f 511 515 514
f 511 514 516
f 511 516 513
f 512 515 513
f 512 514 515
f 512 516 514
f 512 513 516
v 0.0847882470599 -0.28227142824 -0.138413916966
v 0.0861208449534 -0.279692811816 -0.137655682045
v 0.0850715466928 -0.280394334603 -0.139360627481
v 0.0858375453205 -0.281569905452 -0.13670897153
v 0.0867427064156 -0.281474250732 -0.138625096152
v 0.0841663855977 -0.280489989324 -0.137444502859
f 517 519 521
f 517 521 520
f 517 520 522
f 517 522 519
f 518 521 519
f 518 520 521
f 518 522 520
f 518 519 522
v 0.0850819785679 -0.282385393889 -0.138542574049
v 0.0864145764615 -0.279806777466 -0.137784339128
v 0.0854104676636 -0.28052583343 -0.139509077961
v 0.0860860873658 -0.281666337925 -0.136817835216
v 0.0870490196944 -0.281608430005 -0.138707122913
v 0.084447535335 -0.280583741351 -0.137619790264
f 523 525 527
f 523 527 526
f 523 526 528
f 523 528 525
f 524 527 525
f 524 526 527
f 524 528 526
f 524 525 528
v 0.0853783852762 -0.282503875508 -0.138660574821
v 0.0867109831698 -0.279925259085 -0.1379023399
v 0.085752475404 -0.280662542991 -0.139645232698
v 0.086336893042 -0.281766591603 -0.136917682023
v 0.0873564234195 -0.281746501034 -0.138777830989
v 0.0847329450265 -0.28068263356 -0.137785083731
f 529 531 533
f 529 533 532
f 529 532 534
f 529 534 531
f 530 533 531
f 530 532 533
f 530 534 532
f 530 531 534
v 0.0856771060589 -0.282626728745 -0.138767775517
v 0.0870097039524 -0.280048112322 -0.138009540596
v 0.0860971532301 -0.280804296726 -0.139768925808
v 0.0865896567812 -0.281870544342 -0.137008390304
v 0.0876645430668 -0.281888295602 -0.138837134235
v 0.0850222669445 -0.280786545466 -0.137940181877
f 535 537 539
f 535 539 538
f 535 538 540
f 535 540 537
f 536 539 537
f 536 538 539
f 536 540 538
f 536 537 540
v 0.0859777769705 -0.282753803922 -0.138864045529
v 0.0873103748641 -0.280175187499 -0.138105810608
v 0.0864440812051 -0.28095092193 -0.139880006592
v 0.0868440706295 -0.281978069492 -0.137089849545
v 0.0879730032399 -0.282033640953 -0.138884960398
v 0.0853151485948 -0.280895350469 -0.138084895739
f 541 543 545
f 541 545 544
f 541 544 546
f 541 546 543
f 542 545 543
f 542 544 545
f 542 546 544
f 542 543 546
v 0.0862800316901 -0.282884946218 -0.138949267567
v 0.0876126295836 -0.280306329795 -0.138191032646
v 0.0867928366508 -0.281102239963 -0.139978339713
v 0.087099824623 -0.28208903605 -0.1371619605
v 0.0882814281276 -0.282182360007 -0.138921251209
v 0.0856112331461 -0.281008916005 -0.138219049004
f 547 549 551
f 547 551 550
f 547 550 552
f 547 552 549
f 548 551 549
f 548 550 551
f 548 552 550
f 548 549 552
v 0.0865835019667 -0.283019995855 -0.139023337802
v 0.0879160998603 -0.280441379432 -0.138265102881
v 0.0871429946622 -0.281258066468 -0.140063805368
v 0.0873566071647 -0.28220330882 -0.137224635314
v 0.0885894419618 -0.282334271573 -0.138945962453
v 0.0859101598652 -0.281127103715 -0.138342478229
f 553 555 557
f 553 557 556
f 553 556 558
f 553 558 555
f 554 557 555
f 554 556 557
f 554 558 556
f 554 555 558
v 0.0868878180686 -0.283158788297 -0.139086165989
v 0.0882204159621 -0.280580171874 -0.138327931068
v 0.087494128626 -0.281418211593 -0.140136299431
v 0.0876141054048 -0.282320748578 -0.137277797627
v 0.0888966694749 -0.282489190569 -0.138959064025
v 0.0862115645558 -0.281249769603 -0.138455033032
f 559 561 563
f 559 563 562
f 559 562 564
f 559 564 561
f 560 563 561
f 560 562 563
f 560 564 562
f 560 561 564
v 0.0871926092335 -0.283301154447 -0.139137675583
v 0.088525207127 -0.280722538024 -0.138379440662
v 0.0878458107393 -0.281582480227 -0.140195733578
v 0.0878720056212 -0.282441212243 -0.137321382668
v 0.0892027363577 -0.282646928251 -0.138960539961
v 0.0865150800028 -0.28137676422 -0.138556576285
f 565 567 569
f 565 569 568
f 565 568 570
f 565 570 567
f 566 569 567
f 566 568 569
f 566 570 568
f 566 567 570
v 0.0874975041202 -0.283446920853 -0.139177803827
v 0.0888301020138 -0.280868304429 -0.138419568907
v 0.0881976125317 -0.281750672234 -0.140242035398
v 0.0881299936023 -0.282564553048 -0.137355337336
v 0.0895072697148 -0.282807292439 -0.138950388463
v 0.0868203364193 -0.281507932843 -0.138646984271
f 571 573 575
f 571 575 574
f 571 574 576
f 571 576 573
f 572 575 573
f 572 574 575
f 572 576 574
f 572 573 576
v 0.0878021312615 -0.283595909921 -0.139206501832
v 0.089134729155 -0.281017293497 -0.138448266911
v 0.0885491053869 -0.281922582697 -0.14027514848
v 0.0883877550295 -0.282690620721 -0.137379620263
v 0.0898098985191 -0.282970087755 -0.1389286219
v 0.0871269618973 -0.281643115663 -0.138726146843
f 577 579 581
f 577 581 580
f 577 580 582
f 577 582 579
f 578 581 579
f 578 580 581
f 578 582 580
f 578 579 582
v 0.0881061195158 -0.283747940131 -0.139223734632
v 0.0894387174094 -0.281169323707 -0.138465499711
v 0.0888998610651 -0.28209800217 -0.14029503248
v 0.0886449758601 -0.282819261668 -0.137394201863
v 0.0901102540641 -0.283135115858 -0.13889526679
v 0.0874345828611 -0.28178214798 -0.138793967553
f 583 585 587
f 583 587 586
f 583 586 588
f 583 588 585
f 584 587 585
f 584 586 587
f 584 588 586
f 584 585 588
v 0.0785996089101 -0.282278340493 -0.127513877962
v 0.0799322068036 -0.27969972407 -0.126755643041
v 0.0779308103661 -0.28040231028 -0.1267836594
v 0.0806010053476 -0.281575754282 -0.127485861604
v 0.0791124138707 -0.280495634238 -0.128542950108
v 0.0794194018429 -0.281482430325 -0.125726570895
f 589 591 593
f 589 593 592
f 589 592 594
f 589 594 591
f 590 593 591
f 590 592 593
f 590 594 592
f 590 591 594
v 0.078570075786 -0.28216873796 -0.127834711396
v 0.0799026736796 -0.279590121536 -0.127076476475
v 0.0778967336845 -0.280275845819 -0.127153851823
v 0.0805760157811 -0.281483013677 -0.127757336048
v 0.0791295684815 -0.280406808572 -0.128875178963
v 0.079343180984 -0.281352050924 -0.126036008909
f 595 597 599
f 595 599 598
f 595 598 600
f 595 600 597
f 596 599 597
f 596 598 599
f 596 600 598
f 596 597 600
v 0.0785511516127 -0.282063915358 -0.128157934401
v 0.0798837495062 -0.279485298934 -0.12739969948
v 0.0778748980999 -0.280154896663 -0.127526801444
v 0.080560003019 -0.281394317629 -0.128030832436
v 0.07915746217 -0.280323338654 -0.129208067842
v 0.0792774389489 -0.281225875639 -0.126349566038
f 601 603 605
f 601 605 604
f 601 604 606
f 601 606 603
f 602 605 603
f 602 604 605
f 602 606 604
f 602 603 606
v 0.0785428594462 -0.281964000397 -0.128483153179
v 0.0798754573398 -0.279385383974 -0.127724918258
v 0.0778653302155 -0.28003961017 -0.12790205388
v 0.0805529865705 -0.281309774201 -0.128306017556
v 0.079196060952 -0.280245326178 -0.129541211173
v 0.079222255834 -0.281104058194 -0.126666860263
f 607 609 611
f 607 611 610
f 607 610 612
f 607 612 609
f 608 611 609
f 608 610 611
f 608 612 610
f 608 609 612
v 0.0785452093894 -0.281869114809 -0.128809971501
v 0.0798778072829 -0.279290498386 -0.12805173658
v 0.0778680416884 -0.279930126799 -0.128279151945
v 0.0805549749839 -0.281229486396 -0.128582556137
v 0.0792453178009 -0.280172866191 -0.129874203072
v 0.0791776988715 -0.280986747005 -0.12698750501
f 613 615 617
f 613 617 616
f 613 616 618
f 613 618 615
f 614 617 615
f 614 616 617
f 614 618 616
f 614 615 618
v 0.0785581985792 -0.281779374197 -0.129137991191
v 0.0798907964727 -0.279200757774 -0.12837975627
v 0.077883029215 -0.279826579939 -0.128657636202
v 0.0805659658368 -0.281153552032 -0.128860111259
v 0.0793051727046 -0.280106046974 -0.130206637839
v 0.0791438223472 -0.280874084998 -0.127311109622
f 619 621 623
f 619 623 622
f 619 622 624
f 619 624 621
f 620 623 621
f 620 622 623
f 620 624 622
f 620 621 624
v 0.0785818111901 -0.281694887896 -0.129466812605
v 0.0799144090837 -0.279116271473 -0.128708577684
v 0.0779102745354 -0.279729095746 -0.129037045526
v 0.0805859457384 -0.281082063623 -0.129138344763
v 0.0793755527394 -0.280044949936 -0.130538110453
v 0.0791206675344 -0.280766209433 -0.127637279836
f 625 627 629
f 625 629 628
f 625 628 630
f 625 630 627
f 626 629 627
f 626 628 629
f 626 630 628
f 626 627 630
v 0.0783939229631 -0.281500982566 -0.129796035126
v 0.0797265208567 -0.278922366143 -0.129037800205
v 0.0777276489644 -0.279523016715 -0.129416917666
v 0.0803927948554 -0.280900331995 -0.129416917666
v 0.0792342766669 -0.279874873241 -0.130868217067
v 0.0788861671529 -0.280548475469 -0.127965618265
f 631 633 635
f 631 635 634
f 631 634 636
f 631 636 633
f 632 635 633
f 632 634 635
f 632 636 634
f 632 633 636
v 0.0784398309022 -0.281425418048 -0.130133699251
v 0.0797724287957 -0.278846801625 -0.12937546433
v 0.0777804430943 -0.279436117519 -0.129805231409
v 0.0804318166036 -0.280836102154 -0.129703932171
v 0.0793265847016 -0.279823547698 -0.131204997099
v 0.0788856749962 -0.280448671975 -0.128304166482
f 637 639 641
f 637 641 640
f 637 640 642
f 637 642 639
f 638 641 639
f 638 640 641
f 638 642 640
f 638 639 642
v 0.0784965064752 -0.281355539082 -0.130470951983
v 0.0798291043687 -0.278776922659 -0.129712717062
v 0.0778456200033 -0.279355756708 -0.130193072051
v 0.0804799908407 -0.280776705033 -0.129990596994
v 0.07942939178 -0.279778288515 -0.131539598631
v 0.0788962190639 -0.280354173225 -0.128644070414
f 643 645 647
f 643 647 646
f 643 646 648
f 643 648 645
f 644 647 645
f 644 646 647
f 644 648 646
f 644 645 648
v 0.0785638806318 -0.281291430805 -0.130807382434
v 0.0798964785253 -0.278712814381 -0.130049147513
v 0.0779231002834 -0.279282032189 -0.130579967069
v 0.0805372588738 -0.280722212997 -0.130276562877
v 0.0795425726476 -0.279739150835 -0.131871614004
v 0.0789177865095 -0.28026509435 -0.128984915942
f 649 651 653
f 649 653 652
f 649 652 654
f 649 654 651
f 650 653 651
f 650 652 653
f 650 654 652
f 650 651 654
v 0.078641871287 -0.281233171322 -0.131142580713
v 0.0799744691805 -0.278654554899 -0.130384345792
v 0.0780127895368 -0.279215033784 -0.130965445091
v 0.0806035509307 -0.280672692437 -0.130561481415
v 0.0796659894109 -0.279706182341 -0.132200638708
v 0.0789503510566 -0.28018154388 -0.129326287798
f 655 657 659
f 655 659 658
f 655 658 660
f 655 660 657
f 656 659 657
f 656 658 659
f 656 660 658
f 656 657 660
v 0.0787303834211 -0.281180831615 -0.131476138434
v 0.0800629813146 -0.278602215191 -0.130717903513
v 0.078114578491 -0.279154843121 -0.13134903647
v 0.0806787862447 -0.280628203686 -0.130845005478
v 0.0797994917056 -0.279679423199 -0.132526271876
v 0.0789938730301 -0.280103623607 -0.129667770072
f 661 663 665
f 661 665 664
f 661 664 666
f 661 666 663
f 662 665 663
f 662 664 665
f 662 666 664
f 662 663 666
v 0.0788293091957 -0.281134475451 -0.131807649208
v 0.0801619070892 -0.278555859027 -0.131049414287
v 0.0782283431319 -0.279101533532 -0.13173027386
v 0.0807628731531 -0.280588800946 -0.131126789636
v 0.0799429168797 -0.279658906012 -0.132848116775
v 0.0790482994052 -0.280031428466 -0.130008946721
f 667 669 671
f 667 671 670
f 667 670 672
f 667 672 669
f 668 671 669
f 668 670 671
f 668 672 670
f 668 669 672
v 0.0789385280851 -0.281094159307 -0.132136709141
v 0.0802711259786 -0.278515542884 -0.13137847422
v 0.0783539448546 -0.279055169967 -0.132108692782
v 0.080855709209 -0.280554532224 -0.131406490578
v 0.0800960901917 -0.279644655775 -0.133165781286
v 0.0791135638719 -0.279965046415 -0.130349402074
f 673 675 677
f 673 677 676
f 673 676 678
f 673 678 675
f 674 677 675
f 674 676 677
f 674 678 676
f 674 675 678
v 0.0790579070228 -0.281059932303 -0.132462917322
v 0.0803905049163 -0.27848131588 -0.131704682401
v 0.078491230633 -0.279015808912 -0.132483832191
v 0.0809571813061 -0.280525439271 -0.131683767532
v 0.0802588250236 -0.279636689853 -0.133478878385
v 0.0791895869155 -0.279904558331 -0.130688721338
f 679 681 683
f 679 683 682
f 679 682 684
f 679 684 681
f 680 683 681
f 680 682 683
f 680 684 682
f 680 681 684
v 0.0791873005639 -0.28103183614 -0.132785876318
v 0.0805198984575 -0.278453219717 -0.132027641397
v 0.0786400332053 -0.278983498324 -0.132855235037
v 0.0810671658161 -0.280501557532 -0.131958282679
v 0.080430923108 -0.279635017948 -0.13378702661
v 0.0792762759134 -0.279850037908 -0.131026491105
f 685 687 689
f 685 689 688
f 685 688 690
f 685 690 687
f 686 689 687
f 686 688 689
f 686 690 688
f 686 687 690
v 0.0793265510625 -0.281009905047 -0.133105192654
v 0.080659148956 -0.278431288624 -0.132346957733
v 0.0788001712786 -0.278958277568 -0.133222448822
v 0.0811855287399 -0.280482916103 -0.132229701564
v 0.0806121747699 -0.279639642099 -0.134089850531
v 0.0793735252486 -0.279801551573 -0.131362299856
f 691 693 695
f 691 695 694
f 691 694 696
f 691 696 693
f 692 695 693
f 692 694 695
f 692 696 694
f 692 693 696
v 0.0794754888631 -0.280994165746 -0.13342047729
v 0.0808080867567 -0.278415549322 -0.132662242369
v 0.0789714497494 -0.278940177371 -0.133585026154
v 0.0813121258704 -0.280469537697 -0.132497693505
v 0.080802359182 -0.279650556671 -0.134386981202
v 0.0794812164378 -0.279759158397 -0.131695738457
f 697 699 701
f 697 701 700
f 697 700 702
f 697 702 699
f 698 701 699
f 698 700 701
f 698 702 700
f 698 699 702
v 0.0796339325081 -0.28098463741 -0.133731346102
v 0.0809665304017 -0.278406020987 -0.132973111181
v 0.0791536599411 -0.278929219785 -0.133942525288
v 0.0814468029686 -0.280461438612 -0.132761931996
v 0.0810012446341 -0.279667748368 -0.134678056617
v 0.0795992182757 -0.27972291003 -0.132026400667
f 703 705 707
f 703 707 706
f 703 706 708
f 703 708 705
f 704 707 705
f 704 706 707
f 704 708 706
f 704 705 708
v 0.0798016889583 -0.280981331651 -0.134037420344
v 0.0811342868518 -0.278402715227 -0.133279185423
v 0.0793465798588 -0.278925418162 -0.134294510667
v 0.0815893959513 -0.280458628716 -0.133022095101
v 0.0812085888147 -0.279691196242 -0.134962722145
v 0.0797273869954 -0.279692850636 -0.132353883623
f 709 711 713
f 709 713 712
f 709 712 714
f 709 714 711
f 710 713 711
f 710 712 713
f 710 714 712
f 710 711 714
v 0.0799785538282 -0.280984252494 -0.134338327112
v 0.0813111517217 -0.27840563607 -0.133580092191
v 0.0795499744592 -0.278928777131 -0.134640553449
v 0.0817397310907 -0.280461111433 -0.133277865853
v 0.081424139107 -0.279720871728 -0.135240630964
v 0.0798655664429 -0.279669016837 -0.132677788339
f 715 717 719
f 715 719 718
f 715 718 720
f 715 720 717
f 716 719 717
f 716 718 719
f 716 720 718
f 716 717 720
v 0.0801643116353 -0.280993396381 -0.134633699796
v 0.0814969095288 -0.278414779958 -0.133875464875
v 0.0797635959373 -0.278939292602 -0.134980232036
v 0.0818976252267 -0.280468883737 -0.133528932635
v 0.081647632896 -0.279756738669 -0.135511444485
v 0.080013588268 -0.27965143767 -0.132997720186
f 721 723 725
f 721 725 724
f 721 724 726
f 721 726 723
f 722 725 723
f 722 724 725
f 722 726 724
f 722 723 726
v 0.0803587360622 -0.281008752173 -0.134923178531
v 0.0816913339558 -0.278430135749 -0.13416494361
v 0.0799871840283 -0.278956951762 -0.135313132581
v 0.0820628859896 -0.28048193616 -0.13377498956
v 0.0818787978891 -0.279798753367 -0.135774832764
v 0.0801712721288 -0.279640134555 -0.133313289377
f 727 729 731
f 727 731 730
f 727 730 732
f 727 732 729
f 728 731 729
f 728 730 731
f 728 732 730
f 728 729 732
v 0.0805615902329 -0.281030301159 -0.135206410632
v 0.0818941881264 -0.278451684736 -0.134448175711
v 0.0802204663246 -0.278981733097 -0.135638849497
v 0.0822353120347 -0.280500252799 -0.134015736845
v 0.0821173524474 -0.279846864635 -0.136030474904
v 0.0803384259119 -0.279635121261 -0.133624111439
f 733 735 737
f 733 737 736
f 733 736 738
f 733 738 735
f 734 737 735
f 734 736 737
f 734 738 736
f 734 735 738
v 0.0807726270006 -0.281058017087 -0.135483051023
v 0.0821052248942 -0.278479400664 -0.134724816102
v 0.0804631586075 -0.279013606414 -0.135956985947
v 0.0824146932873 -0.280523811337 -0.134250881178
v 0.0823630059288 -0.279901013855 -0.136278059442
v 0.080514845966 -0.279636403896 -0.133929807683
f 739 741 743
f 739 743 742
f 739 742 744
f 739 744 741
f 740 743 741
f 740 742 743
f 740 744 742
f 740 741 744
v 0.0809915892497 -0.281091866189 -0.135752762662
v 0.0823241871432 -0.278513249765 -0.134994527741
v 0.0807149651939 -0.279052532881 -0.136267154331
v 0.082600811199 -0.280552583074 -0.134480136071
v 0.0826154590423 -0.279961135056 -0.136517284736
v 0.0807003173506 -0.279643980898 -0.134230005667
f 745 747 749
f 745 749 748
f 745 748 750
f 745 750 747
f 746 749 747
f 746 748 749
f 746 750 748
f 746 747 750
v 0.0812182102083 -0.281131807224 -0.136015216945
v 0.0825508081019 -0.2785531908 -0.135256982024
v 0.0809755792964 -0.279098465071 -0.136568976758
v 0.0827934390138 -0.280586532953 -0.134703222212
v 0.0828744042129 -0.280027154989 -0.136747859326
v 0.0808946140973 -0.279657843036 -0.134524339643
f 751 753 755
f 751 755 754
f 751 754 756
f 751 756 753
f 752 755 753
f 752 754 755
f 752 756 754
f 752 753 756
v 0.0814522137738 -0.281177791531 -0.136270094114
v 0.0827848116673 -0.278599175107 -0.135511859193
v 0.0812446833966 -0.279151347024 -0.136862085502
v 0.0829923420444 -0.280625619614 -0.134919867805
v 0.0831395259556 -0.280098993218 -0.136969502293
v 0.0810974994855 -0.27967797342 -0.134812451013
f 757 759 761
f 757 761 760
f 757 760 762
f 757 762 759
f 758 761 759
f 758 760 761
f 758 762 760
f 758 759 762
v 0.0816933148487 -0.281229763084 -0.136517083639
v 0.0830259127423 -0.278651146661 -0.135758848718
v 0.0815219496328 -0.27921111431 -0.137146123455
v 0.0831972779582 -0.280669795435 -0.135129808901
v 0.0834105012605 -0.28017656222 -0.1371819436
v 0.0813087263305 -0.279704347525 -0.135093988757
f 763 765 767
f 763 767 766
f 763 766 768
f 763 768 765
f 764 767 765
f 764 766 767
f 764 768 766
f 764 765 768
v 0.0819412196887 -0.281287658565 -0.136755884602
v 0.0832738175822 -0.278709042142 -0.135997649681
v 0.0818070401988 -0.279277694114 -0.137420744562
v 0.0834079970721 -0.280719006594 -0.13533278972
v 0.0836869999859 -0.28025976749 -0.137384924418
v 0.081528037285 -0.279736933218 -0.135368609864
f 769 771 773
f 769 773 772
f 769 772 774
f 769 774 771
f 770 773 771
f 770 772 773
f 770 774 772
f 770 771 774
v 0.0821956262598 -0.281351407437 -0.13698620606
v 0.0835282241533 -0.278772791014 -0.136227971139
v 0.0820996077556 -0.279351005316 -0.137685614239
v 0.0836242426576 -0.280773193135 -0.135528562959
v 0.0839686852607 -0.280348507654 -0.137578197447
v 0.0817551651524 -0.279775690798 -0.135635979751
f 775 777 779
f 775 779 778
f 775 778 780
f 775 780 777
f 776 779 777
f 776 778 779
f 776 780 778
f 776 777 780
v 0.0824562246068 -0.281420932032 -0.137207767402
v 0.0837888225004 -0.278842315608 -0.136449532481
v 0.0823992958547 -0.2794309586 -0.137940409783
v 0.0838457512526 -0.28083228904 -0.1357168901
v 0.0842552138948 -0.280442674595 -0.137761527215
v 0.0819898332124 -0.279820573045 -0.135895772669
f 781 783 785
f 781 785 784
f 781 784 786
f 781 786 783
f 782 785 783
f 782 784 785
f 782 786 784
f 782 783 786
v 0.0827226972308 -0.281496147644 -0.13742029869
v 0.0840552951244 -0.278917531221 -0.13666206377
v 0.0827057393723 -0.279517456554 -0.138184820765
v 0.084072252983 -0.280896222311 -0.135897541695
v 0.0845462367971 -0.280542153587 -0.13793469036
v 0.0822317555581 -0.279871525277 -0.1361476721
f 787 789 791
f 787 791 790
f 787 790 792
f 787 792 789
f 788 791 789
f 788 790 791
f 788 792 790
f 788 789 792
v 0.082994719476 -0.281576962635 -0.137623540988
v 0.0843273173695 -0.278998346212 -0.136865306067
v 0.0830185649542 -0.279610393794 -0.138418549407
v 0.0843034718913 -0.280964915053 -0.136070297648
v 0.0848413994012 -0.28064682343 -0.138097475912
v 0.0824806374443 -0.279928485417 -0.136391371143
f 793 795 797
f 793 797 796
f 793 796 798
f 793 798 795
f 794 797 795
f 794 796 797
f 794 798 796
f 794 795 798
v 0.083271959925 -0.281663278545 -0.137817246676
v 0.0846045578186 -0.279084662121 -0.137059011755
v 0.0833373914706 -0.27970965709 -0.138641310947
v 0.084539126273 -0.281038283576 -0.136234947483
v 0.0851403420967 -0.280756556598 -0.138249685541
v 0.0827361756469 -0.279991384068 -0.136626572889
f 799 801 803
f 799 803 802
f 799 802 804
f 799 804 801
f 800 803 801
f 800 802 803
f 800 804 802
f 800 801 804
v 0.0835540808032 -0.28175499021 -0.138001179752
v 0.0848866786968 -0.279176373786 -0.137242944831
v 0.0836618304805 -0.279815125505 -0.138852833986
v 0.0847789290195 -0.281116238491 -0.136391290598
v 0.0854427006682 -0.2808712194 -0.138391133803
v 0.0829980588318 -0.280060144596 -0.136852990781
f 805 807 809
f 805 809 808
f 805 808 810
f 805 810 807
f 806 809 807
f 806 808 809
f 806 810 808
f 806 807 810
v 0.0838407383898 -0.281851985894 -0.138175116124
v 0.0851733362833 -0.279273369471 -0.137416881203
v 0.083991486705 -0.279926670542 -0.139052860813
v 0.085022587968 -0.281198684823 -0.136539136514
v 0.0857481067382 -0.280990672136 -0.138521648364
v 0.0832659679348 -0.280134683229 -0.137070348963
f 811 813 815
f 811 815 814
f 811 814 816
f 811 816 813
f 812 815 813
f 812 814 815
f 812 816 814
f 812 813 816
v 0.0841315834365 -0.281954147423 -0.138338843877
v 0.08546418133 -0.279375531 -0.137580608956
v 0.0843259585087 -0.2800441563 -0.139241147729
v 0.0852698062578 -0.281285522123 -0.136678305104
v 0.0860561882166 -0.281114769272 -0.138641070214
v 0.0835395765499 -0.280214909152 -0.137278382618
f 817 819 821
f 817 821 820
f 817 820 822
f 817 822 819
f 818 821 819
f 818 820 821
f 818 822 820
f 818 819 822
v 0.0844262615935 -0.282061350329 -0.138492163533
v 0.085758859487 -0.279482733906 -0.137733928612
v 0.0846648383893 -0.280167439642 -0.139417465333
v 0.0855202826912 -0.281376644593 -0.136808626811
v 0.0863665697534 -0.281243359614 -0.138749253855
v 0.0838185513272 -0.280300724622 -0.137476838289
f 823 825 827
f 823 827 826
f 823 826 828
f 823 828 825
f 824 827 825
f 824 826 827
f 824 828 826
f 824 825 828
v 0.0847244138409 -0.282173464002 -0.138634888296
v 0.0860570117344 -0.279594847579 -0.137876653375
v 0.0850077134738 -0.280296370366 -0.13958159881
v 0.0857737121015 -0.281471941215 -0.13692994286
v 0.0866788731966 -0.281376286495 -0.138846067482
v 0.0841025523787 -0.280392025086 -0.137665474189
f 829 831 833
f 829 833 832
f 829 832 834
f 829 834 831
f 830 833 831
f 830 832 833
f 830 834 832
f 830 831 834
v 0.0850256769261 -0.282290351848 -0.138766844277
v 0.0863582748196 -0.279711735425 -0.138008609357
v 0.0853541660218 -0.280430791389 -0.13973334819
v 0.0860297857239 -0.281571295884 -0.137042105444
v 0.0869927180526 -0.281513387963 -0.138931393142
v 0.0843912336932 -0.280488699309 -0.137844060492
f 835 837 839
f 835 839 838
f 835 838 840
f 835 840 837
f 836 839 837
f 836 838 839
f 836 840 838
f 836 837 840
v 0.0853296838064 -0.282411871457 -0.13888787071
v 0.0866622816999 -0.279833255034 -0.138129635789
v 0.0857037739341 -0.28057053894 -0.139872528587
v 0.0862881915722 -0.281674587552 -0.137144977912
v 0.0873077219497 -0.281654496983 -0.139005126879
v 0.0846842435567 -0.280590629509 -0.138012379621
f 841 843 845
f 841 845 844
f 841 844 846
f 841 846 843
f 842 845 843
f 842 844 845
f 842 846 844
f 842 843 846
v 0.0856360640963 -0.282537874777 -0.138997820142
v 0.0869686619898 -0.279959258354 -0.138239585221
v 0.0860561112675 -0.280715442758 -0.139998970434
v 0.0865486148186 -0.281781690374 -0.137238434929
v 0.0876235011042 -0.281799441634 -0.13906717886
v 0.0849812249819 -0.280697691498 -0.138170226503
f 847 849 851
f 847 851 850
f 847 850 852
f 847 852 849
f 848 851 849
f 848 850 851
f 848 852 850
f 848 849 852
v 0.0859444445185 -0.282668208292 -0.139096558616
v 0.087277042412 -0.280089591869 -0.138338323695
v 0.0864107487531 -0.2808653263 -0.140112519679
v 0.0868107381775 -0.281892473862 -0.137322362632
v 0.0879396707878 -0.281948045323 -0.139117473485
v 0.0852818161427 -0.280809754838 -0.138317408826
f 853 855 857
f 853 857 856
f 853 856 858
f 853 858 855
f 854 857 855
f 854 856 857
f 854 858 856
f 854 855 858
v 0.0862544493591 -0.282802713211 -0.139183965835
v 0.0875870472526 -0.280224096787 -0.138425730914
v 0.0867672543197 -0.281020006956 -0.14021303798
v 0.087074242292 -0.282006803042 -0.137396658768
v 0.0882558457966 -0.282100127 -0.139155949476
v 0.0855856508151 -0.280926682998 -0.138453747272
f 859 861 863
f 859 863 862
f 859 862 864
f 859 864 861
f 860 863 861
f 860 862 863
f 860 864 862
f 860 861 864
v 0.0865657009249 -0.282941225659 -0.139259935306
v 0.0878982988184 -0.280362609236 -0.138501700385
v 0.0871251936204 -0.281179296272 -0.140300402873
v 0.0873388061229 -0.282124538624 -0.137461232819
v 0.0885716409199 -0.282255501377 -0.139182559958
v 0.0858923588233 -0.281048333519 -0.138579075733
f 865 867 869
f 865 869 868
f 865 868 870
f 865 870 867
f 866 869 867
f 866 868 869
f 866 870 868
f 866 867 870
v 0.0868778200037 -0.283083576882 -0.139324374473
v 0.0882104178972 -0.280504960459 -0.138566139552
v 0.0874841305611 -0.281343000178 -0.140374507914
v 0.0876041073399 -0.282245537163 -0.13751600611
v 0.08888667141 -0.282413979154 -0.139197272508
v 0.0862015664909 -0.281174558187 -0.138693241516
f 871 873 875
f 871 875 874
f 871 874 876
f 871 876 873
f 872 875 873
f 872 874 875
f 872 876 874
f 872 873 876
v 0.0871904263267 -0.283229593446 -0.139377204826
v 0.0885230242202 -0.280650977022 -0.138618969905
v 0.0878436278324 -0.281510919226 -0.14043526282
v 0.0878698227144 -0.282369651242 -0.13756091191
v 0.0892005534509 -0.28257536725 -0.139200069203
v 0.0865128970959 -0.281305203218 -0.138796105527
f 877 879 881
f 877 881 880
f 877 880 882
f 877 882 879
f 878 881 879
f 878 880 881
f 878 882 880
f 878 879 882
v 0.087503139031 -0.283379097452 -0.139418361999
v 0.0888357369246 -0.280800481028 -0.138660127078
v 0.0882032474425 -0.281682848833 -0.14048259357
v 0.0881356285131 -0.282496729647 -0.137595895508
v 0.0895129046256 -0.282739469038 -0.139190946635
v 0.08682597133 -0.281440109441 -0.138887542443
f 883 885 887
f 883 887 886
f 883 886 888
f 883 888 885
f 884 887 885
f 884 886 887
f 884 888 886
f 884 885 888
v 0.0878155771246 -0.283531906752 -0.13944779585
v 0.0891481750181 -0.280953290329 -0.138689560929
v 0.08856255125 -0.281858579528 -0.140516442498
v 0.0884012008926 -0.282626617552 -0.137620914281
v 0.0898233443822 -0.282906084587 -0.139169915918
v 0.0871404077605 -0.281579112494 -0.138967440861
f 889 891 893
f 889 893 892
f 889 892 894
f 889 894 891
f 890 893 891
f 890 892 893
f 890 894 892
f 890 891 894
v 0.0881273599496 -0.283687835173 -0.139465470517
v 0.0894599578431 -0.281109218749 -0.138707235596
v 0.0889211014988 -0.282037897212 -0.140536768365
v 0.0886662162939 -0.28275915671 -0.137635937748
v 0.0901314944978 -0.2830750109 -0.139137002675
v 0.0874558232949 -0.281722043022 -0.139035703437
f 895 897 899
f 895 899 898
f 895 898 900
f 895 900 897
f 896 899 897
f 896 898 899
f 896 900 898
f 896 897 900
v 0.0783770926616 -0.282180553493 -0.127455361112
v 0.0797096905551 -0.27960193707 -0.126697126191
v 0.0777082941176 -0.28030452328 -0.126725142549
v 0.0803784890991 -0.281477967282 -0.127427344753
v 0.0788898976223 -0.280397847238 -0.128484433258
v 0.0791968855945 -0.281384643324 -0.125668054045
f 901 903 905
f 901 905 904
f 901 904 906
f 901 906 903
f 902 905 903
f 902 904 905
f 902 906 904
f 902 903 906
v 0.078346802278 -0.282068140638 -0.127784421044
v 0.0796794001715 -0.279489524215 -0.127026186123
v 0.0776734601765 -0.280175248498 -0.127103561471
v 0.080352742273 -0.281382416356 -0.127707045696
v 0.0789062949735 -0.280306211251 -0.12882488861
v 0.079119907476 -0.281251453602 -0.125985718557
f 907 909 911
f 907 911 910
f 907 910 912
f 907 912 909
f 908 911 909
f 908 910 911
f 908 912 910
f 908 909 912
v 0.0783273928694 -0.281960630277 -0.128115931818
v 0.079659990763 -0.279382013854 -0.127357696897
v 0.0776511393566 -0.280051611582 -0.127484798861
v 0.0803362442758 -0.281291032549 -0.127988829854
v 0.0789337034268 -0.280220053573 -0.12916606526
v 0.0790536802056 -0.281122590558 -0.126307563456
f 913 915 917
f 913 917 916
f 913 916 918
f 913 918 915
f 914 917 915
f 914 916 917
f 914 918 916
f 914 915 918
v 0.0783188880833 -0.281858153395 -0.128449489539
v 0.0796514859769 -0.279279536971 -0.127691254618
v 0.0776413588526 -0.279933763167 -0.127868390241
v 0.0803290152076 -0.281203927199 -0.128272353917
v 0.0789720895891 -0.280139479175 -0.129507547534
v 0.0789982844711 -0.280998211191 -0.126633196624
f 919 921 923
f 919 923 922
f 919 922 924
f 919 924 921
f 920 923 921
f 920 922 923
f 920 924 922
f 920 921 924
v 0.0783212982815 -0.281760834843 -0.128784687819
v 0.079653896175 -0.27918221842 -0.128026452898
v 0.0776441305805 -0.279821846833 -0.128253868262
v 0.080331063876 -0.28112120643 -0.128557272454
v 0.0790214066929 -0.280064586224 -0.129848919389
v 0.0789537877635 -0.280878467038 -0.126962221327
f 925 927 929
f 925 929 928
f 925 928 930
f 925 930 927
f 926 929 927
f 926 928 929
f 926 930 928
f 926 927 930
v 0.0783346205273 -0.281668793189 -0.129121118269
v 0.0796672184209 -0.279090176766 -0.128362883348
v 0.0776594511632 -0.279715998931 -0.12864076328
v 0.080342387785 -0.281042971024 -0.128843238337
v 0.0790815946528 -0.279995465966 -0.130189764917
v 0.0789202442954 -0.28076350399 -0.1272942367
f 931 933 935
f 931 935 934
f 931 934 936
f 931 936 933
f 932 935 933
f 932 934 935
f 932 936 934
f 932 933 936
v 0.0783588385899 -0.281582140573 -0.129458371002
v 0.0796914364834 -0.27900352415 -0.128700136081
v 0.0776873019352 -0.279616348422 -0.129028603923
v 0.0803629731382 -0.2809693163 -0.12912990316
v 0.0791525801391 -0.279932202612 -0.13052966885
v 0.0788976949342 -0.28065346211 -0.127628838233
f 937 939 941
f 937 941 940
f 937 940 942
f 937 942 939
f 938 941 939
f 938 940 941
f 938 942 940
f 938 939 942
o rejected_candidates
usemtl rejected_marker
g rejected_candidates
v 0.0883800893944 -0.283958959777 -0.138987597999
v 0.0897126872879 -0.281380343353 -0.138229363078
v 0.0892204430982 -0.282332850451 -0.140059779939
v 0.0888723335841 -0.283006452679 -0.137157181137
v 0.0903789612867 -0.283358309205 -0.138608480538
v 0.0877138153957 -0.281980993925 -0.138608480538
f 943 945 947
f 943 947 946
f 943 946 948
f 943 948 945
f 944 947 945
f 944 946 947
f 944 948 946
f 944 945 948
v 0.0886739566669 -0.284112473286 -0.138981998747
v 0.0900065545604 -0.281533856863 -0.138223763826
v 0.0895607104664 -0.282510602936 -0.140053296595
v 0.089119800761 -0.283135727213 -0.137152465978
v 0.0906659423683 -0.283523157392 -0.138552231668
v 0.088014568859 -0.282123172757 -0.138653530905
f 949 951 953
f 949 953 952
f 949 952 954
f 949 954 951
f 950 953 951
f 950 952 953
f 950 954 952
f 950 951 954
v 0.0889661228677 -0.284268398585 -0.138965207814
v 0.0902987207612 -0.281689782161 -0.138206972893
v 0.0898990081725 -0.282691148018 -0.140033854462
v 0.0893658354564 -0.283267032728 -0.137138326245
v 0.0909496072331 -0.283689564535 -0.138484852825
v 0.0883152363957 -0.28226861621 -0.138687327882
f 955 957 959
f 955 959 958
f 955 958 960
f 955 960 957
f 956 959 957
f 956 958 959
f 956 960 958
f 956 957 960
v 0.0892562320372 -0.284426545701 -0.138937245656
v 0.0905888299307 -0.281847929278 -0.138179010735
v 0.090234924053 -0.282874265732 -0.140001477226
v 0.0896101379149 -0.283400209247 -0.137114779164
v 0.0912296102791 -0.283857327894 -0.138406426099
v 0.0886154516887 -0.282417147086 -0.138709830291
f 961 963 965
f 961 965 964
f 961 964 966
f 961 966 963
f 962 965 963
f 962 964 965
f 962 966 964
f 962 963 966
v 0.089543930722 -0.284586721959 -0.138898146341
v 0.0908765286155 -0.282008105535 -0.13813991142
v 0.090568048846 -0.283059732977 -0.139956204335
v 0.0898524104916 -0.283535094516 -0.137081853425
v 0.0915056103657 -0.284026243073 -0.138317047042
v 0.0889148489718 -0.28256858442 -0.138721010718
f 967 969 971
f 967 971 970
f 967 970 972
f 967 972 969
f 968 971 969
f 968 970 971
f 968 972 970
f 968 969 972
v 0.0898288684057 -0.284748732206 -0.138847957505
v 0.0911614662993 -0.282170115783 -0.138089722584
v 0.0908979766903 -0.28324732379 -0.139898090947
v 0.0900923580147 -0.283671524198 -0.137039589143
v 0.0917772712293 -0.284196104277 -0.138216824549
v 0.0892130634757 -0.282722743712 -0.138720855541
f 973 975 977
f 973 977 976
f 973 976 978
f 973 978 975
f 974 977 975
f 974 976 977
f 974 978 976
f 974 975 978
v 0.0901106979356 -0.284912379059 -0.138786740297
v 0.0914432958291 -0.282333762636 -0.138028505376
v 0.0912243056196 -0.28343680962 -0.139827207864
v 0.0903296881452 -0.283809332075 -0.13698803781
v 0.092044261893 -0.284366704555 -0.138105880724
v 0.0895097318718 -0.28287943714 -0.138709364949
f 979 981 983
f 979 983 982
f 979 982 984
f 979 984 981
f 980 983 981
f 980 982 983
f 980 984 982
f 980 981 984
v 0.0903890759458 -0.285077463139 -0.138714569299
v 0.0917216738393 -0.282498846716 -0.137956334378
v 0.0915466380525 -0.283627959608 -0.139743641445
v 0.0905641117327 -0.283948350248 -0.136927262233
v 0.0923062570698 -0.284537836056 -0.137984350737
v 0.0898044927154 -0.283038473799 -0.138686552941
f 985 987 989
f 985 989 988
f 985 988 990
f 985 990 987
f 986 989 987
f 986 988 989
f 986 990 988
f 986 987 990
v 0.0906636632756 -0.285243783317 -0.138631532441
v 0.0919962611691 -0.282665166894 -0.13787329752
v 0.0918645812764 -0.283820540867 -0.139647493504
v 0.0907953431683 -0.284088409345 -0.136857336457
v 0.0925629375589 -0.284709290285 -0.137852382652
v 0.0900969868858 -0.283199659926 -0.13865244731
f 991 993 995
f 991 995 994
f 991 994 996
f 991 996 993
f 992 995 993
f 992 994 995
f 992 996 994
f 992 993 996
v 0.0909341253826 -0.285411136958 -0.138537730891
v 0.0922667232761 -0.282832520534 -0.13777949597
v 0.0921777479266 -0.284014318766 -0.139538881183
v 0.0910231007321 -0.284229338726 -0.136778345678
v 0.0928139906347 -0.28488085835 -0.137710137252
v 0.090386858024 -0.283362799142 -0.138607089609
f 997 999 1001
f 997 1001 1000
f 997 1000 1002
f 997 1002 999
f 998 1001 999
f 998 1000 1001
f 998 1002 1000
f 998 999 1002
v 0.0912001327504 -0.285579320165 -0.138433278931
v 0.0925327306439 -0.283000703742 -0.13767504401
v 0.0924857564578 -0.284209057217 -0.139417936808
v 0.0912471069365 -0.284370966691 -0.136690386133
v 0.0930591104278 -0.285052331221 -0.137557787841
v 0.0906737529665 -0.283527692686 -0.1385505351
f 1003 1005 1007
f 1003 1007 1006
f 1003 1006 1008
f 1003 1008 1005
f 1004 1007 1005
f 1004 1006 1007
f 1004 1008 1006
f 1004 1005 1008
v 0.09146136129 -0.285748128035 -0.13831830382
v 0.0927939591835 -0.283169511612 -0.137560068899
v 0.0927882316089 -0.284404518961 -0.139284807732
v 0.0914670888646 -0.284513120686 -0.136593564987
v 0.0932979982973 -0.285223499987 -0.137395520035
v 0.0909573221762 -0.283694139661 -0.138482852684
f 1009 1011 1013
f 1009 1013 1012
f 1009 1012 1014
f 1009 1014 1011
f 1010 1013 1011
f 1010 1012 1013
f 1010 1014 1012
f 1010 1011 1014
v 0.0917174927346 -0.285917354901 -0.138192945637
v 0.0930500906282 -0.283338738478 -0.137434710716
v 0.0930848048606 -0.284600465858 -0.139139656152
v 0.0916827785022 -0.284655627521 -0.136488000201
v 0.0935303631952 -0.285394156103 -0.13722353153
v 0.0912372201676 -0.283861937276 -0.138404124823
f 1015 1017 1019
f 1015 1019 1018
f 1015 1018 1020
f 1015 1020 1017
f 1016 1019 1017
f 1016 1018 1019
f 1016 1020 1018
f 1016 1017 1020
v 0.0919682150277 -0.286086794586 -0.138057357112
v 0.0933008129212 -0.283508178163 -0.137299122191
v 0.0933751148841 -0.284796659178 -0.138982658913
v 0.0918939130648 -0.284798313571 -0.136373820391
v 0.0937559220207 -0.285564091652 -0.137042031869
v 0.0915131059282 -0.284030881097 -0.138314447435
f 1021 1023 1025
f 1021 1025 1024
f 1021 1024 1026
f 1021 1026 1023
f 1022 1025 1023
f 1022 1024 1025
f 1022 1026 1024
f 1022 1023 1026
v 0.0922132227025 -0.286256240654 -0.137911703439
v 0.0935458205961 -0.28367762423 -0.137153468518
v 0.0936588079813 -0.284992859887 -0.138814007291
v 0.0921002353173 -0.284941004996 -0.136251164666
v 0.093974399965 -0.285733099593 -0.136851242181
v 0.0917846433335 -0.284200765291 -0.138213929777
f 1027 1029 1031
f 1027 1031 1030
f 1027 1030 1032
f 1027 1032 1029
f 1028 1031 1029
f 1028 1030 1031
f 1028 1032 1030
f 1028 1029 1032
v 0.0924522172551 -0.28642548666 -0.137756162074
v 0.0937848151487 -0.283846870237 -0.136997927153
v 0.0939355385159 -0.285188828948 -0.138633906764
v 0.0923014938879 -0.285083527949 -0.136120182464
v 0.0941855308466 -0.285900974016 -0.136651394913
v 0.0920515015572 -0.284371382881 -0.138102694314
f 1033 1035 1037
f 1033 1037 1036
f 1033 1036 1038
f 1033 1038 1035
f 1034 1037 1035
f 1034 1036 1037
f 1034 1038 1036
f 1034 1035 1038
v 0.0926849075075 -0.286594326405 -0.137590922521
v 0.094017505401 -0.284015709982 -0.1368326876
v 0.0942049693344 -0.2853843276 -0.138442576754
v 0.0924974435741 -0.285225708787 -0.135981033367
v 0.0943890574349 -0.286067510392 -0.13644273355
v 0.0923133554736 -0.284542525995 -0.137980876571
f 1039 1041 1043
f 1039 1043 1042
f 1039 1042 1044
f 1039 1044 1041
f 1040 1043 1041
f 1040 1042 1043
f 1040 1044 1042
f 1040 1041 1044
v 0.0929110099622 -0.286762554184 -0.137416186098
v 0.0942436078558 -0.28418393776 -0.136657951177
v 0.0944667721768 -0.285579117659 -0.13824025037
v 0.0926878456413 -0.285367374285 -0.135833886905
v 0.0945847317641 -0.286232505823 -0.136225512312
v 0.092569886054 -0.284713986121 -0.137848624963
f 1045 1047 1049
f 1045 1049 1048
f 1045 1048 1050
f 1045 1050 1047
f 1046 1049 1047
f 1046 1048 1049
f 1046 1050 1048
f 1046 1047 1050
v 0.0931302491485 -0.286929965036 -0.137232165695
v 0.094462847042 -0.284351348613 -0.136473930774
v 0.0947206280766 -0.285772961804 -0.138027174114
v 0.0928724681139 -0.285508351845 -0.135678922355
v 0.0947723154351 -0.286395759286 -0.13599999585
v 0.0928207807554 -0.284885554363 -0.137706100619
f 1051 1053 1055
f 1051 1055 1054
f 1051 1054 1056
f 1051 1056 1053
f 1052 1055 1053
f 1052 1054 1055
f 1052 1056 1054
f 1052 1053 1056
v 0.093342357957 -0.287096354998 -0.137039085512
v 0.0946749558505 -0.284517738575 -0.136280850591
v 0.0949662277496 -0.285965623865 -0.137803607586
v 0.0930510860579 -0.285648469708 -0.135516328517
v 0.0949515799063 -0.286557071883 -0.135766458921
v 0.0930657339013 -0.28505702169 -0.137553477182
f 1057 1059 1061
f 1057 1061 1060
f 1057 1060 1062
f 1057 1062 1059
f 1058 1061 1059
f 1058 1060 1061
f 1058 1062 1060
f 1058 1059 1062
v 0.0935470779659 -0.287261521349 -0.136837180788
v 0.0948796758594 -0.284682904926 -0.136078945867
v 0.0952032719705 -0.286156869114 -0.137569823169
v 0.0932234818549 -0.285787557161 -0.135346303486
v 0.0951223067714 -0.286716247079 -0.135525186055
v 0.0933044470539 -0.285228179196 -0.137390940601
f 1063 1065 1067
f 1063 1067 1066
f 1063 1066 1068
f 1063 1068 1065
f 1064 1067 1065
f 1064 1066 1067
f 1064 1068 1066
f 1064 1065 1068
v 0.0937441597554 -0.287425262859 -0.136626697513
v 0.0950767576489 -0.284846646436 -0.135868462592
v 0.0954314719372 -0.286346464547 -0.137326105693
v 0.0933894454671 -0.285925444748 -0.135169054413
v 0.0952842880261 -0.286873090943 -0.135276471204
v 0.0935366293782 -0.285398818352 -0.137218688901
f 1069 1071 1073
f 1069 1073 1072
f 1069 1072 1074
f 1069 1074 1071
f 1070 1073 1071
f 1070 1072 1073
f 1070 1074 1072
f 1070 1071 1074
v 0.0939333632116 -0.287587380035 -0.136407892128
v 0.0952659611051 -0.285008763611 -0.135649657207
v 0.0956505496234 -0.286534179171 -0.137072752089
v 0.0935487746934 -0.286061964475 -0.134984797246
v 0.095437326321 -0.287027412385 -0.13502061739
v 0.0937619979957 -0.285568731261 -0.137036931944
f 1075 1077 1079
f 1075 1079 1078
f 1075 1078 1080
f 1075 1080 1077
f 1076 1079 1077
f 1076 1078 1079
f 1076 1080 1078
f 1076 1077 1080
v 0.0941144578194 -0.287747675361 -0.136181031213
v 0.0954470557129 -0.285169058937 -0.135422796292
v 0.0958602381166 -0.286719784285 -0.13681007103
v 0.0937012754157 -0.286196950013 -0.134793756476
v 0.0955812352028 -0.287179023389 -0.134757936331
v 0.0939802783295 -0.285737710909 -0.136845891174
f 1081 1083 1085
f 1081 1085 1084
f 1081 1084 1086
f 1081 1086 1083
f 1082 1085 1083
f 1082 1084 1085
f 1082 1086 1084
f 1082 1083 1086
v 0.0942872229427 -0.287905953542 -0.135946391165
v 0.0956198208362 -0.285327337119 -0.135188156244
v 0.0960602819436 -0.286903053758 -0.136538382552
v 0.0938467618353 -0.286330236903 -0.134596164856
v 0.0957158393405 -0.28732773924 -0.134488748064
v 0.0941912044385 -0.285905551421 -0.136645799344
f 1087 1089 1091
f 1087 1091 1090
f 1087 1090 1092
f 1087 1092 1089
f 1088 1091 1089
f 1088 1090 1091
f 1088 1092 1090
f 1088 1089 1092
v 0.094451448094 -0.288062021742 -0.135704257854
v 0.0957840459875 -0.285483405318 -0.134946022933
v 0.096250437382 -0.287083764305 -0.136258017667
v 0.0939850566996 -0.286461662755 -0.134392263121
v 0.0958409747397 -0.28747337875 -0.134213380552
v 0.0943945193418 -0.28607204831 -0.136436900235
f 1093 1095 1097
f 1093 1097 1096
f 1093 1096 1098
f 1093 1098 1095
f 1094 1097 1095
f 1094 1096 1097
f 1094 1098 1096
f 1094 1095 1098
v 0.0946069331902 -0.288215689814 -0.135454926285
v 0.0959395310837 -0.28563707339 -0.134696691364
v 0.0964304727565 -0.287261695757 -0.135969317955
v 0.0941159915174 -0.286591067447 -0.134182299694
v 0.0959564889423 -0.28761576448 -0.13393216929
v 0.0945899753316 -0.286236998724 -0.136219448359
f 1099 1101 1103
f 1099 1103 1102
f 1099 1102 1104
f 1099 1104 1101
f 1100 1103 1101
f 1100 1102 1103
f 1100 1104 1102
f 1100 1101 1104
v 0.0947534887966 -0.288366770538 -0.135198700228
v 0.0960860866901 -0.285788154114 -0.134440465307
v 0.0966001687218 -0.287436631332 -0.135672635152
v 0.0942394067649 -0.28671829332 -0.133966530383
v 0.0960622412119 -0.287754722956 -0.133645456888
v 0.0947773342748 -0.286400201696 -0.135993708647
f 1105 1107 1109
f 1105 1109 1108
f 1105 1108 1110
f 1105 1110 1107
f 1106 1109 1107
f 1106 1108 1109
f 1106 1110 1108
f 1106 1107 1110
v 0.0948909363578 -0.288515079845 -0.134935891856
v 0.0962235342514 -0.285936463422 -0.134177656935
v 0.0967593185295 -0.287608357899 -0.135368330722
v 0.0943551520796 -0.286843185368 -0.13374521807
v 0.0961581027058 -0.287890084876 -0.133353592663
v 0.0949563679034 -0.28656145839 -0.135759956128
f 1111 1113 1115
f 1111 1115 1114
f 1111 1114 1116
f 1111 1116 1113
f 1112 1115 1113
f 1112 1114 1115
f 1112 1116 1114
f 1112 1113 1116
v 0.0950191084152 -0.288660437044 -0.134666821361
v 0.0963517063087 -0.28608182062 -0.13390858644
v 0.0969077282802 -0.287776666234 -0.135056775411
v 0.0944630864437 -0.28696559143 -0.13351863239
v 0.0962439566314 -0.288021685325 -0.133056932206
v 0.0951268580925 -0.286720572339 -0.135518475594
f 1117 1119 1121
f 1117 1121 1120
f 1117 1120 1122
f 1117 1122 1119
f 1118 1121 1119
f 1118 1120 1121
f 1118 1122 1120
f 1118 1119 1122
v 0.0951378488107 -0.288802665038 -0.134391816562
v 0.0964704467043 -0.286224048615 -0.133633581642
v 0.0970452171592 -0.28794135128 -0.134738348802
v 0.0945630783558 -0.287085362373 -0.133287049402
v 0.096319698389 -0.288149363967 -0.132755836952
v 0.095288597126 -0.286877349686 -0.135269561252
f 1123 1125 1127
f 1123 1127 1126
f 1123 1126 1128
f 1123 1128 1125
f 1124 1127 1125
f 1124 1126 1127
f 1124 1128 1126
f 1124 1125 1128
v 0.0952470128777 -0.288941590546 -0.134111212512
v 0.0965796107712 -0.286362974122 -0.133352977591
v 0.0971716176578 -0.288102212394 -0.13441343885
v 0.0946550059911 -0.287202352274 -0.133050751254
v 0.0963852356989 -0.288272965245 -0.132450673739
v 0.0954413879499 -0.287031599423 -0.135013516365
f 1129 1131 1133
f 1129 1133 1132
f 1129 1132 1134
f 1129 1134 1131
f 1130 1133 1131
f 1130 1132 1133
f 1130 1134 1132
f 1130 1131 1134
v 0.0953464676163 -0.289077044307 -0.133825351083
v 0.0966790655098 -0.286498427883 -0.133067116162
v 0.0972867757762 -0.288259053591 -0.134082441406
v 0.0947387573499 -0.287316418599 -0.13281002584
v 0.096440488714 -0.288392338571 -0.132141814362
v 0.0955850444121 -0.28718313362 -0.134750652884
f 1135 1137 1139
f 1135 1139 1138
f 1135 1138 1140
f 1135 1140 1137
f 1136 1139 1137
f 1136 1138 1139
f 1136 1140 1138
f 1136 1137 1140
v 0.0954360918564 -0.289208861292 -0.133534580554
v 0.0967686897499 -0.286630244869 -0.132776345633
v 0.0973905512121 -0.288411683785 -0.13374575974
v 0.0948142303942 -0.287427422376 -0.132565166447
v 0.096485390117 -0.288507338505 -0.131829635118
v 0.0957193914893 -0.287331767656 -0.134481291069
f 1141 1143 1145
f 1141 1145 1144
f 1141 1144 1146
f 1141 1146 1143
f 1142 1145 1143
f 1142 1144 1145
f 1142 1146 1144
f 1142 1143 1146
v 0.0955157764047 -0.289336880903 -0.133239255182
v 0.0968483742982 -0.28675826448 -0.132481020261
v 0.0974828175311 -0.288559917018 -0.133403804046
v 0.0948813331717 -0.287535228364 -0.132316471397
v 0.0965198852025 -0.288617824939 -0.131514516349
v 0.0958442655004 -0.287477320444 -0.134205759094
f 1147 1149 1151
f 1147 1151 1150
f 1147 1150 1152
f 1147 1152 1149
f 1148 1151 1149
f 1148 1150 1151
f 1148 1152 1150
f 1148 1149 1152
v 0.0955854241777 -0.289460947167 -0.132939734777
v 0.0969180220712 -0.286882330744 -0.132181499856
v 0.0975634623209 -0.288703572692 -0.133056990946
v 0.0949399839279 -0.287639705218 -0.132064243688
v 0.0965439319435 -0.288723663262 -0.131196841979
v 0.0959595143054 -0.287619614649 -0.133924392654
f 1153 1155 1157
f 1153 1157 1156
f 1153 1156 1158
f 1153 1158 1155
f 1154 1157 1155
f 1154 1156 1157
f 1154 1158 1156
f 1154 1155 1158
v 0.0956449503204 -0.289580908929 -0.132636384259
v 0.0969775482139 -0.287002292505 -0.131878149338
v 0.0976323873283 -0.288842475785 -0.132705742977
v 0.094990111206 -0.287740725649 -0.131808790619
v 0.0965575010427 -0.288824724525 -0.130876999046
v 0.0960649974916 -0.287758476909 -0.133637534551
f 1159 1161 1163
f 1159 1163 1162
f 1159 1162 1164
f 1159 1164 1161
f 1160 1163 1161
f 1160 1162 1163
f 1160 1164 1162
f 1160 1161 1164
v 0.0956942823094 -0.289696620033 -0.132329573212
v 0.0970268802029 -0.28711800361 -0.131571338291
v 0.0976895085787 -0.288976457064 -0.132350488081
v 0.0950316539336 -0.287838166579 -0.131550423422
v 0.0965605759683 -0.288920885602 -0.130555377228
v 0.0961605865439 -0.28789373804 -0.133345534275
f 1165 1167 1169
f 1165 1169 1168
f 1165 1168 1170
f 1165 1170 1167
f 1166 1169 1167
f 1166 1168 1169
f 1166 1170 1168
f 1166 1167 1170
v 0.0957333600412 -0.289807939504 -0.13201967544
v 0.0970659579347 -0.287229323081 -0.131261440519
v 0.0977347564787 -0.289105353293 -0.131991659082
v 0.0950645614972 -0.287931909292 -0.131289456877
v 0.0965531529741 -0.289012029336 -0.130232368373
v 0.0962461650018 -0.288025233249 -0.133048747586
f 1171 1173 1175
f 1171 1175 1174
f 1171 1174 1176
f 1171 1176 1173
f 1172 1175 1173
f 1172 1174 1175
f 1172 1176 1174
f 1172 1173 1176
v 0.0957621359056 -0.289914731716 -0.131707068504
v 0.0970947337991 -0.287336115293 -0.130948833583
v 0.0977680759007 -0.289229007433 -0.131629693156
v 0.0950887938041 -0.288021839575 -0.131026208931
v 0.0965352411036 -0.28909804468 -0.129908366017
v 0.0963216286011 -0.288152802328 -0.132747536071
f 1177 1179 1181
f 1177 1181 1180
f 1177 1180 1182
f 1177 1182 1179
f 1178 1181 1179
f 1178 1180 1181
f 1178 1182 1180
f 1178 1179 1182
v 0.0957805748437 -0.290016866559 -0.131392133269
v 0.0971131727373 -0.287438250136 -0.130633898348
v 0.0977894262501 -0.28934726883 -0.131265031305
v 0.0951043213309 -0.288107847864 -0.130761000312
v 0.0965068621799 -0.28917882684 -0.129583764906
v 0.0963868854011 -0.288276289855 -0.13244226671
f 1183 1185 1187
f 1183 1187 1186
f 1183 1186 1188
f 1183 1188 1185
f 1184 1187 1185
f 1184 1186 1187
f 1184 1188 1186
f 1184 1185 1188
v 0.0957886543905 -0.290114219597 -0.131075253434
v 0.0971212522841 -0.287535603174 -0.130317018513
v 0.0977987815148 -0.289459993401 -0.130898117811
v 0.0951111251598 -0.28818982937 -0.130494154135
v 0.0964680507783 -0.289254277394 -0.129258960518
v 0.0964418558963 -0.288395545378 -0.132133311428
f 1189 1191 1193
f 1189 1193 1192
f 1189 1192 1194
f 1189 1194 1191
f 1190 1193 1191
f 1190 1192 1193
f 1190 1194 1192
f 1190 1191 1194
v 0.0957863647023 -0.290206672222 -0.130756815068
v 0.0971189625958 -0.287628055798 -0.129998580147
v 0.0977961302968 -0.289567043808 -0.130529399704
v 0.0951091970013 -0.288267684211 -0.130225995512
v 0.0964188541844 -0.289324304417 -0.128934348577
v 0.0964864731138 -0.288510423603 -0.131821046639
f 1195 1197 1199
f 1195 1199 1198
f 1195 1198 1200
f 1195 1200 1197
f 1196 1199 1197
f 1196 1198 1199
f 1196 1200 1198
f 1196 1197 1200
v 0.0957737085687 -0.290294111792 -0.13043720614
v 0.0971063064622 -0.287715495369 -0.129678971219
v 0.0977814758264 -0.289668289627 -0.130159326208
v 0.0950985392046 -0.288341317534 -0.129956851151
v 0.0963593323368 -0.289388822593 -0.128610324571
v 0.0965206826942 -0.288620784569 -0.131505852788
f 1201 1203 1205
f 1201 1205 1204
f 1201 1204 1206
f 1201 1206 1203
f 1202 1205 1203
f 1202 1204 1205
f 1202 1206 1204
f 1202 1203 1206
v 0.0957507014093 -0.290376431778 -0.130116816044
v 0.0970832993028 -0.287797815355 -0.129358581123
v 0.0977548359576 -0.289763607505 -0.129788348203
v 0.0950791647546 -0.288410639627 -0.129687048965
v 0.0962895577536 -0.289447753315 -0.128287283275
v 0.0965444429585 -0.288726493817 -0.131188113892
f 1207 1209 1211
f 1207 1211 1210
f 1207 1210 1212
f 1207 1212 1209
f 1208 1211 1209
f 1208 1210 1211
f 1208 1212 1210
f 1208 1209 1212
v 0.0957173712547 -0.290453531884 -0.129796035126
v 0.0970499691482 -0.287874915461 -0.129037800205
v 0.097716243147 -0.289852881312 -0.129416917666
v 0.095051097256 -0.288475566033 -0.129416917666
v 0.0962096154445 -0.289501024787 -0.127965618265
v 0.0965577249585 -0.288827422559 -0.130868217067
f 1213 1215 1217
f 1213 1217 1216
f 1213 1216 1218
f 1213 1218 1215
f 1214 1217 1215
f 1214 1216 1217
f 1214 1218 1216
f 1214 1215 1218
v 0.0956737587127 -0.290525318177 -0.129475254208
v 0.0970063566062 -0.287946701753 -0.128717019287
v 0.0976657444141 -0.289936002282 -0.129045487129
v 0.0950143709048 -0.288536017647 -0.129146786366
v 0.0961196028067 -0.289548572104 -0.127645721439
v 0.0965605125121 -0.288923447826 -0.130546552056
f 1219 1221 1223
f 1219 1223 1222
f 1219 1222 1224
f 1219 1224 1221
f 1220 1223 1221
f 1220 1222 1223
f 1220 1224 1222
f 1220 1221 1224
v 0.0956199169183 -0.290591703194 -0.129154864112
v 0.0969525148118 -0.288013086771 -0.128396629191
v 0.0976034012837 -0.290012869145 -0.128674509123
v 0.0949690304463 -0.28859192082 -0.12887698418
v 0.0960196295069 -0.289590337338 -0.127327982543
v 0.0965528022231 -0.289014452628 -0.13022351076
f 1225 1227 1229
f 1225 1229 1228
f 1225 1228 1230
f 1225 1230 1227
f 1226 1229 1227
f 1226 1228 1229
f 1226 1230 1228
f 1226 1227 1230
v 0.0955559114695 -0.290652606058 -0.128835255184
v 0.096888509363 -0.288073989635 -0.128077020263
v 0.0975292897114 -0.29008338825 -0.128304435627
v 0.094915131121 -0.288643207442 -0.12860783982
v 0.0959098173472 -0.289626269604 -0.127012788693
v 0.0965346034853 -0.289100326089 -0.129899486755
f 1231 1233 1235
f 1231 1235 1234
f 1231 1234 1236
f 1231 1236 1233
f 1232 1235 1233
f 1232 1234 1235
f 1232 1236 1234
f 1232 1233 1236
v 0.0954818203471 -0.290707952566 -0.128516816819
v 0.0968144182406 -0.288129336143 -0.127758581898
v 0.0974434999908 -0.290147473681 -0.12793571752
v 0.0948527385969 -0.288689815028 -0.128339681196
v 0.0957903001167 -0.289656325124 -0.126700523903
v 0.096505938471 -0.289180963585 -0.129574874813
f 1237 1239 1241
f 1237 1241 1240
f 1237 1240 1242
f 1237 1242 1239
f 1238 1241 1239
f 1238 1240 1241
f 1238 1242 1240
f 1238 1239 1242
v 0.0953977338197 -0.290757675288 -0.128199936983
v 0.0967303317132 -0.288179058865 -0.127441702062
v 0.0973461366433 -0.290205047359 -0.127568804027
v 0.0947819288896 -0.288731686794 -0.128072835019
v 0.0956612234287 -0.289680467281 -0.126391568621
v 0.0964668421042 -0.289256266872 -0.129250070425
f 1243 1245 1247
f 1243 1247 1246
f 1243 1246 1248
f 1243 1248 1245
f 1244 1247 1245
f 1244 1246 1247
f 1244 1248 1246
f 1244 1245 1248
v 0.0953037543338 -0.290801713644 -0.127885001748
v 0.0966363522273 -0.288223097221 -0.127126766827
v 0.0972373182912 -0.29025603914 -0.127204142175
v 0.0947027882699 -0.288768771725 -0.1278076264
v 0.0955227445433 -0.28969866666 -0.126086299261
v 0.0964173620178 -0.289326144205 -0.128925469315
f 1249 1251 1253
f 1249 1253 1252
f 1249 1252 1254
f 1249 1254 1251
f 1250 1253 1251
f 1250 1252 1253
f 1250 1254 1252
f 1250 1251 1254
v 0.0951999963889 -0.290840013981 -0.127572394813
v 0.0965325942824 -0.288261397557 -0.126814159892
v 0.0971171775129 -0.290300386898 -0.12684217625
v 0.0946154131584 -0.28880102464 -0.127544378454
v 0.0953750321758 -0.289710901089 -0.125785087746
v 0.0963575584955 -0.289390510449 -0.128601466958
f 1255 1257 1259
f 1255 1259 1258
f 1255 1258 1260
f 1255 1260 1257
f 1256 1259 1257
f 1256 1258 1259
f 1256 1260 1258
f 1256 1257 1260
v 0.0950865863981 -0.290872529634 -0.12726249704
v 0.0964191842916 -0.288293913211 -0.126504262119
v 0.0969858606814 -0.290338036602 -0.12648334725
v 0.0945199100083 -0.288828406243 -0.127283411909
v 0.0952182662908 -0.289717155662 -0.125488301056
v 0.0962875043989 -0.289449287183 -0.128278458103
f 1261 1263 1265
f 1261 1265 1264
f 1261 1264 1266
f 1261 1266 1263
f 1262 1265 1263
f 1262 1264 1265
f 1262 1266 1264
f 1262 1263 1266
v 0.094963662534 -0.290899220989 -0.126955685994
v 0.0962962604275 -0.288320604566 -0.126197451073
v 0.0968435277861 -0.290368942382 -0.126128092354
v 0.0944163951753 -0.288850883174 -0.127025044712
v 0.0950526378835 -0.289717422758 -0.125196300781
v 0.096207285078 -0.289502402798 -0.127956836286
f 1267 1269 1271
f 1267 1271 1270
f 1267 1270 1272
f 1267 1272 1269
f 1268 1271 1269
f 1268 1270 1271
f 1268 1272 1270
f 1268 1269 1272
v 0.0948313745603 -0.290920055527 -0.126652335475
v 0.0961639724539 -0.288341439104 -0.125894100554
v 0.0966903522377 -0.290393066583 -0.125776844386
v 0.0943049947765 -0.288868428048 -0.126769591644
v 0.0948783487465 -0.289711702052 -0.124909442677
v 0.0961169982677 -0.289549792579 -0.127636993352
f 1273 1275 1277
f 1273 1277 1276
f 1273 1276 1278
f 1273 1278 1275
f 1274 1277 1275
f 1274 1276 1277
f 1274 1278 1276
f 1274 1275 1278
v 0.0946898836497 -0.290935007864 -0.12635281507
v 0.0960224815432 -0.288356391441 -0.125594580149
v 0.096526520657 -0.290410379815 -0.125430031285
v 0.094185844536 -0.288881019489 -0.126517363934
v 0.0946956112244 -0.289700000515 -0.124628076237
v 0.0960167539686 -0.28959139879 -0.127319318983
f 1279 1281 1283
f 1279 1283 1282
f 1279 1282 1284
f 1279 1284 1281
f 1280 1283 1281
f 1280 1282 1283
f 1280 1284 1282
f 1280 1281 1284
v 0.094539362187 -0.290944059782 -0.126057489699
v 0.0958719600805 -0.288365443359 -0.125299254778
v 0.0963522326475 -0.290420860984 -0.125088075592
v 0.09405908962 -0.288888642158 -0.126268668885
v 0.0945046479546 -0.289682332402 -0.124352544263
v 0.0959066743129 -0.28962717074 -0.127004200214
f 1285 1287 1289
f 1285 1289 1288
f 1285 1288 1290
f 1285 1290 1287
f 1286 1289 1287
f 1286 1288 1289
f 1286 1290 1288
f 1286 1287 1290
v 0.0943799935593 -0.290947200254 -0.125766719169
v 0.0957125914529 -0.288368583831 -0.125008484248
v 0.0961677005523 -0.29042449732 -0.124751393926
v 0.0939248844599 -0.288891286765 -0.126023809491
v 0.0943056915964 -0.289658719239 -0.124083182447
v 0.0957868934158 -0.289657064846 -0.126692020969
f 1291 1293 1295
f 1291 1295 1294
f 1291 1294 1296
f 1291 1296 1293
f 1292 1295 1293
f 1292 1294 1295
f 1292 1296 1294
f 1292 1293 1296
v 0.0942119719329 -0.290944425453 -0.12548085774
v 0.0955445698264 -0.28836580903 -0.124722622819
v 0.0959731491954 -0.290421284392 -0.124420396482
v 0.0937833925639 -0.288888950091 -0.125783084077
v 0.0940989845477 -0.289629189796 -0.123820318967
v 0.0956575572117 -0.289681044687 -0.126383161592
f 1297 1299 1301
f 1297 1301 1300
f 1297 1300 1302
f 1297 1302 1299
f 1298 1301 1299
f 1298 1300 1301
f 1298 1302 1300
f 1298 1299 1302
v 0.0940355020162 -0.29093573876 -0.12520025369
v 0.0953680999097 -0.288357122337 -0.124442018769
v 0.0957688156077 -0.290411226116 -0.124095486529
v 0.0936347863183 -0.288881634981 -0.12554678593
v 0.093884778649 -0.289593780049 -0.12356427408
v 0.095518823277 -0.289699081048 -0.126077998379
f 1303 1305 1307
f 1303 1307 1306
f 1303 1306 1308
f 1303 1308 1305
f 1304 1307 1305
f 1304 1306 1307
f 1304 1308 1306
f 1304 1305 1308
v 0.0938507988106 -0.290921150758 -0.124925248892
v 0.0951833967041 -0.288342534335 -0.124167013971
v 0.095554948738 -0.290394334745 -0.12377705992
v 0.0934792467767 -0.288869350348 -0.125315202942
v 0.0936633348772 -0.28955253314 -0.123315359737
v 0.0953708606375 -0.289711151953 -0.125776903125
f 1309 1311 1313
f 1309 1313 1312
f 1309 1312 1314
f 1309 1314 1311
f 1310 1313 1311
f 1310 1312 1313
f 1310 1314 1312
f 1310 1311 1314
v 0.0936580873485 -0.290900679221 -0.124656178396
v 0.094990685242 -0.288322062797 -0.123897943475
v 0.0953318091503 -0.29037063086 -0.12346550461
v 0.0933169634402 -0.288852111158 -0.125088617261
v 0.0934349230275 -0.289505499322 -0.123073879203
v 0.095213849563 -0.289717242696 -0.125480242668
f 1315 1317 1319
f 1315 1319 1318
f 1315 1318 1320
f 1315 1320 1317
f 1316 1319 1317
f 1316 1318 1319
f 1316 1320 1318
f 1316 1317 1320
v 0.0934576024191 -0.290874349089 -0.124393370024
v 0.0947902003126 -0.288295732666 -0.123635135103
v 0.0950996687058 -0.290340143339 -0.123161200179
v 0.093148134026 -0.288829938416 -0.124867304948
v 0.0931998213845 -0.289452735898 -0.122840126684
v 0.0950479813472 -0.289717345857 -0.125188378443
f 1321 1323 1325
f 1321 1325 1324
f 1321 1324 1326
f 1321 1326 1323
f 1322 1325 1323
f 1322 1324 1325
f 1322 1326 1324
f 1322 1323 1326
v 0.0932495882825 -0.290842192443 -0.124137143967
v 0.094582186176 -0.28826357602 -0.123378909047
v 0.0948588102318 -0.290302909328 -0.122864517377
v 0.0929729642267 -0.288802859135 -0.124651535637
v 0.0929583163834 -0.289394307152 -0.122614386972
v 0.0948734580751 -0.28971146131 -0.124901666042
f 1327 1329 1331
f 1327 1331 1330
f 1327 1330 1332
f 1327 1332 1329
f 1328 1331 1329
f 1328 1330 1331
f 1328 1332 1330
f 1328 1329 1332
v 0.0930342983718 -0.29080424846 -0.123887812398
v 0.0943668962653 -0.288225632036 -0.123129577477
v 0.0946095271773 -0.290258974189 -0.122575817665
v 0.0927916674598 -0.288770906307 -0.12444157221
v 0.0927107022608 -0.289330284272 -0.122396935096
v 0.0946904923764 -0.289699596224 -0.124620454779
f 1333 1335 1337
f 1333 1337 1336
f 1333 1336 1338
f 1333 1338 1335
f 1334 1337 1335
f 1334 1336 1337
f 1334 1338 1336
f 1334 1335 1338
v 0.0928119949846 -0.290760563368 -0.123645679088
v 0.0941445928781 -0.288181946945 -0.122887444167
v 0.0943521232553 -0.290208391452 -0.122295452779
v 0.0926044646075 -0.288734118861 -0.124237670476
v 0.0924572806963 -0.289260745258 -0.122188035987
v 0.0944993071665 -0.289681765056 -0.124345087267
f 1339 1341 1343
f 1339 1343 1342
f 1339 1342 1344
f 1339 1344 1341
f 1340 1343 1341
f 1340 1342 1343
f 1340 1344 1342
f 1340 1341 1344
v 0.0925829489634 -0.290711190392 -0.123411039039
v 0.0939155468569 -0.288132573969 -0.122652804118
v 0.0940869120728 -0.290151222743 -0.122023764302
v 0.0924115837475 -0.288692541618 -0.124040078856
v 0.0921983604451 -0.289185774833 -0.121987944157
v 0.0943001353752 -0.289657989528 -0.124075899
f 1345 1347 1349
f 1345 1349 1348
f 1345 1348 1350
f 1345 1350 1347
f 1346 1349 1347
f 1346 1348 1349
f 1346 1350 1348
f 1346 1347 1350
v 0.0923474393654 -0.290656189685 -0.123184178125
v 0.093680037259 -0.288077573262 -0.122425943204
v 0.0938142167489 -0.290087537714 -0.121761083243
v 0.0922132598755 -0.288646225234 -0.123849038085
v 0.0919342569617 -0.289105464337 -0.121796903387
v 0.0940932196626 -0.28962829861 -0.123813217941
f 1351 1353 1355
f 1351 1355 1354
f 1351 1354 1356
f 1351 1356 1353
f 1352 1355 1353
f 1352 1354 1355
f 1352 1356 1354
f 1352 1353 1356
v 0.0921057531229 -0.290595628257 -0.122965372739
v 0.0934383510164 -0.288017011834 -0.122207137818
v 0.0935343695206 -0.290017413954 -0.121507729639
v 0.0920097346186 -0.288595226136 -0.123664780919
v 0.0916652920155 -0.289019911617 -0.121615146431
v 0.0938788121238 -0.289592728473 -0.123557364127
f 1357 1359 1361
f 1357 1361 1360
f 1357 1360 1362
f 1357 1362 1359
f 1358 1361 1359
f 1358 1360 1361
f 1358 1362 1360
f 1358 1359 1362
v 0.0918581846932 -0.290529579892 -0.122754889464
v 0.0931907825867 -0.287950963469 -0.121996654543
v 0.0932477113389 -0.2899409369 -0.121264012162
v 0.091801255941 -0.28853960646 -0.123487531845
v 0.0913917932988 -0.288929220905 -0.121442894731
v 0.0936571739811 -0.289551322456 -0.123308649276
f 1363 1365 1367
f 1363 1367 1366
f 1363 1366 1368
f 1363 1368 1365
f 1364 1367 1365
f 1364 1366 1367
f 1364 1368 1366
f 1364 1365 1368
v 0.0916050357004 -0.29045812506 -0.12255298474
v 0.0929376335939 -0.287879508637 -0.121794749819
v 0.0929545914525 -0.289858199727 -0.121030227745
v 0.0915880778418 -0.288479433971 -0.123317506814
v 0.0911140940276 -0.288833502694 -0.121280358149
v 0.0934285752667 -0.289504131004 -0.12306737641
f 1369 1371 1373
f 1369 1373 1372
f 1369 1372 1374
f 1369 1374 1371
f 1370 1373 1371
f 1370 1372 1373
f 1370 1374 1372
f 1370 1371 1374
v 0.0913466145675 -0.290381350819 -0.122359904557
v 0.092679212461 -0.287802734396 -0.121601669636
v 0.0926553669829 -0.289769303237 -0.120806661218
v 0.0913704600457 -0.288414781978 -0.123154912976
v 0.0908325325358 -0.288732873601 -0.121127734712
v 0.0931932944927 -0.289451211613 -0.122833839481
f 1375 1377 1379
f 1375 1379 1378
f 1375 1378 1380
f 1375 1380 1377
f 1376 1379 1377
f 1376 1378 1379
f 1376 1380 1378
f 1376 1377 1380
v 0.0910832361409 -0.290299350705 -0.122175884154
v 0.0924158340344 -0.287720734282 -0.121417649233
v 0.0923504024889 -0.289674355736 -0.120593584961
v 0.0911486676865 -0.28834572925 -0.122999948426
v 0.0905474518627 -0.288627456228 -0.120985210368
v 0.0929516183126 -0.289392628758 -0.12260832302
f 1381 1383 1385
f 1381 1385 1384
f 1381 1384 1386
f 1381 1386 1383
f 1382 1385 1383
f 1382 1384 1385
f 1382 1386 1384
f 1382 1383 1386
v 0.0908152213066 -0.290212224623 -0.122001147731
v 0.0921478192001 -0.2876336082 -0.12124291281
v 0.0920400695229 -0.289573472905 -0.120391258577
v 0.0909229709839 -0.288272359918 -0.122852801965
v 0.0902591993352 -0.288517379009 -0.12085295876
v 0.0927038411716 -0.289328453813 -0.122391101782
f 1387 1389 1391
f 1387 1391 1390
f 1387 1390 1392
f 1387 1392 1389
f 1388 1391 1389
f 1388 1390 1391
f 1388 1392 1390
f 1388 1389 1392
v 0.0905428965994 -0.290120078723 -0.121835908178
v 0.091875494493 -0.287541462299 -0.121077673257
v 0.0917247461777 -0.289466777652 -0.120199928568
v 0.0906936449147 -0.28819476337 -0.122713652867
v 0.0899681261445 -0.288402776058 -0.120731141017
v 0.0924502649479 -0.289258764965 -0.122182440418
f 1393 1395 1397
f 1393 1397 1396
f 1393 1396 1398
f 1393 1398 1395
f 1394 1397 1395
f 1394 1396 1397
f 1394 1398 1396
f 1394 1395 1398
v 0.090266593805 -0.29002302527 -0.121680366813
v 0.0915991916986 -0.287444408847 -0.120922131892
v 0.0914048166263 -0.28935439997 -0.12001982804
v 0.0904609688773 -0.288113034147 -0.122582670665
v 0.0896745869185 -0.288283786998 -0.120619905555
v 0.0921911985851 -0.289183647118 -0.121982593151
f 1399 1401 1403
f 1399 1403 1402
f 1399 1402 1404
f 1399 1404 1401
f 1400 1403 1401
f 1400 1402 1403
f 1400 1404 1402
f 1400 1401 1404
v 0.0899866495559 -0.289921182509 -0.12153471314
v 0.0913192474494 -0.287342566086 -0.120776478219
v 0.0910806706536 -0.289236476773 -0.119851176419
v 0.0902252263517 -0.288027271822 -0.122460014941
v 0.0893789392895 -0.288160556802 -0.120519387897
v 0.0919269577157 -0.289103191794 -0.121791803462
f 1405 1407 1409
f 1405 1409 1408
f 1405 1408 1410
f 1405 1410 1407
f 1406 1409 1407
f 1406 1408 1409
f 1406 1410 1408
f 1406 1407 1410
v 0.0897034049208 -0.28981467452 -0.121399124615
v 0.0910360028144 -0.287236058097 -0.120640889694
v 0.0907527031814 -0.289113151733 -0.119694179179
v 0.0899867045538 -0.287937580884 -0.12234583513
v 0.0890815434587 -0.288033235604 -0.120429710508
v 0.0916578642765 -0.289017497013 -0.121610303801
f 1411 1413 1415
f 1411 1415 1414
f 1411 1414 1416
f 1411 1416 1413
f 1412 1415 1413
f 1412 1414 1415
f 1412 1416 1414
f 1412 1413 1416
v 0.0894172049899 -0.289703631067 -0.121273766432
v 0.0907498028834 -0.287125014643 -0.120515531512
v 0.0904213137877 -0.288984575103 -0.119549027599
v 0.0897456940856 -0.287844070607 -0.122240270345
v 0.088782761757 -0.287901978528 -0.120350982647
v 0.0913842461164 -0.288926667182 -0.121438315297
f 1417 1419 1421
f 1417 1421 1420
f 1417 1420 1422
f 1417 1422 1419
f 1418 1421 1419
f 1418 1420 1421
f 1418 1422 1420
f 1418 1419 1422
v 0.0891283984536 -0.289588187438 -0.121158791321
v 0.0904609963471 -0.287009571014 -0.1204005564
v 0.0900869062194 -0.288850903532 -0.119415898523
v 0.0895024885814 -0.28774685492 -0.122143449198
v 0.0884829582039 -0.287766945489 -0.120283300232
v 0.0911064365969 -0.288830812963 -0.12127604749
f 1423 1425 1427
f 1423 1427 1426
f 1423 1426 1428
f 1423 1428 1425
f 1424 1427 1425
f 1424 1426 1427
f 1424 1428 1426
f 1424 1425 1428
v 0.0888373371782 -0.289468484284 -0.121054339361
v 0.0901699350718 -0.28688986786 -0.12029610444
v 0.0897498879005 -0.28871229988 -0.119294954148
v 0.0892573843495 -0.287646052264 -0.122055489653
v 0.0881824980639 -0.287628301004 -0.120226745722
v 0.0908247741861 -0.28873005114 -0.12112369808
f 1429 1431 1433
f 1429 1433 1432
f 1429 1432 1434
f 1429 1434 1431
f 1430 1433 1431
f 1430 1432 1433
f 1430 1434 1432
f 1430 1431 1434
v 0.0885443757771 -0.289344667445 -0.120960537811
v 0.0898769736706 -0.286766051021 -0.12020230289
v 0.0894106694361 -0.288568933014 -0.119186341827
v 0.0890106800117 -0.287541785452 -0.121976498874
v 0.0878817474013 -0.287486213991 -0.120181388021
v 0.0905396020464 -0.288624504475 -0.12098145268
f 1435 1437 1439
f 1435 1439 1438
f 1435 1438 1440
f 1435 1440 1437
f 1436 1439 1437
f 1436 1438 1439
f 1436 1440 1438
f 1436 1437 1440
v 0.0882498711786 -0.289216887772 -0.120877500953
v 0.0895824690721 -0.286638271349 -0.120119266032
v 0.0890696641114 -0.288420977603 -0.119090193886
v 0.0887626761392 -0.287434181517 -0.121906573099
v 0.0875810726346 -0.287340857559 -0.12014728239
v 0.0902512676161 -0.288514301561 -0.120849484595
f 1441 1443 1445
f 1441 1445 1444
f 1441 1444 1446
f 1441 1446 1443
f 1442 1445 1443
f 1442 1444 1445
f 1442 1446 1444
f 1442 1443 1446
v 0.0879541821911 -0.289085300946 -0.120805329955
v 0.0892867800846 -0.286506684522 -0.120047095034
v 0.0887272873891 -0.28826861391 -0.119006627468
v 0.0885136748866 -0.287323371558 -0.121845797522
v 0.0872808400896 -0.287192408805 -0.120124470383
v 0.0899601221861 -0.288399576663 -0.120727954607
f 1447 1449 1451
f 1447 1451 1450
f 1447 1450 1452
f 1447 1452 1449
f 1448 1451 1449
f 1448 1450 1451
f 1448 1452 1450
f 1448 1449 1452
v 0.0876576690662 -0.288950067284 -0.120744112747
v 0.0889902669597 -0.286371450861 -0.119985877826
v 0.0883839564024 -0.288112027565 -0.118935744384
v 0.0882639796235 -0.28720949058 -0.121794246188
v 0.0869814155534 -0.287041048589 -0.12011297979
v 0.0896665204725 -0.288280469556 -0.120617010783
f 1453 1455 1457
f 1453 1457 1456
f 1453 1456 1458
f 1453 1458 1455
f 1454 1457 1455
f 1454 1456 1457
f 1454 1458 1456
f 1454 1455 1458
v 0.0873606930594 -0.288811351549 -0.120693923912
v 0.0886932909529 -0.286232735126 -0.119935688991
v 0.0880400894471 -0.287951409345 -0.118877630996
v 0.0880138945652 -0.287092677329 -0.121751981906
v 0.0866831638287 -0.286886961322 -0.120112824613
v 0.0893708201836 -0.288157125353 -0.120516788289
f 1459 1461 1463
f 1459 1463 1462
f 1459 1462 1464
f 1459 1464 1461
f 1460 1463 1461
f 1460 1462 1463
f 1460 1464 1462
f 1460 1461 1464
v 0.0870636159902 -0.288669322743 -0.120654824597
v 0.0883962138837 -0.28609070632 -0.119896589676
v 0.0876961054723 -0.287786954939 -0.118832358105
v 0.0877637244017 -0.286973074125 -0.121719056167
v 0.0863864482892 -0.286730334733 -0.12012400504
v 0.0890733815847 -0.28802969433 -0.120427409232
f 1465 1467 1469
f 1465 1469 1468
f 1465 1468 1470
f 1465 1470 1467
f 1466 1469 1467
f 1466 1468 1469
f 1466 1470 1468
f 1466 1467 1470
v 0.0867667998014 -0.288524153908 -0.120626862439
v 0.0880993976949 -0.285945537484 -0.119868627518
v 0.0873524235694 -0.287618864708 -0.11879998087
v 0.0875137739268 -0.286850826684 -0.121695509087
v 0.0860916304372 -0.28657135965 -0.12014650745
v 0.088774567059 -0.287898331743 -0.120348982507
f 1471 1473 1475
f 1471 1475 1474
f 1471 1474 1476
f 1471 1476 1473
f 1472 1475 1473
f 1472 1474 1475
f 1472 1476 1474
f 1472 1473 1476
v 0.0864706061176 -0.288376021908 -0.120610071505
v 0.0878032040111 -0.285797405485 -0.119851836584
v 0.0870094624619 -0.287447343445 -0.118780538736
v 0.0872643476668 -0.286726083948 -0.121681369353
v 0.0857990694629 -0.286410229758 -0.120180304426
v 0.0884747406658 -0.287763197635 -0.120281603664
f 1477 1479 1481
f 1477 1481 1480
f 1477 1480 1482
f 1477 1482 1479
f 1478 1481 1479
f 1478 1480 1481
f 1478 1482 1480
f 1478 1479 1482
v 0.0861753958053 -0.288225107221 -0.120604472254
v 0.0875079936988 -0.285646490797 -0.119846237333
v 0.086667639995 -0.287272600123 -0.118774055392
v 0.0870157495091 -0.286598997895 -0.121676654194
v 0.0855091218066 -0.286247141369 -0.120225354793
v 0.0881742676976 -0.287624456649 -0.120225354793
f 1483 1485 1487
f 1483 1487 1486
f 1483 1486 1488
f 1483 1488 1485
f 1484 1487 1485
f 1484 1486 1487
f 1484 1488 1486
f 1484 1485 1488
v 0.0858815285328 -0.288071593711 -0.120610071505
v 0.0872141264263 -0.285492977288 -0.119851836584
v 0.0863273726268 -0.287094847638 -0.118780538736
v 0.0867682823322 -0.286469723361 -0.121681369353
v 0.0852221407249 -0.286082293182 -0.120281603664
v 0.0878735142342 -0.287482277817 -0.120180304426
f 1489 1491 1493
f 1489 1493 1492
f 1489 1492 1494
f 1489 1494 1491
f 1490 1493 1491
f 1490 1492 1493
f 1490 1494 1492
f 1490 1491 1494
v 0.085589362332 -0.287915668413 -0.120626862439
v 0.0869219602255 -0.285337051989 -0.119868627518
v 0.0859890749207 -0.286914302556 -0.11879998087
v 0.0865222476369 -0.286338417846 -0.121695509087
v 0.0849384758601 -0.285915886038 -0.120348982507
v 0.0875728466975 -0.287336834363 -0.12014650745
f 1495 1497 1499
f 1495 1499 1498
f 1495 1498 1500
f 1495 1500 1497
f 1496 1499 1497
f 1496 1498 1499
f 1496 1500 1498
f 1496 1497 1500
v 0.0852992531625 -0.287757521296 -0.120654824597
v 0.0866318510561 -0.285178904872 -0.119896589676
v 0.0856531590402 -0.286731184842 -0.118832358105
v 0.0862779451783 -0.286205241327 -0.121719056167
v 0.0846584728141 -0.28574812268 -0.120427409232
v 0.0872726314045 -0.287188303488 -0.12012400504
f 1501 1503 1505
f 1501 1505 1504
f 1501 1504 1506
f 1501 1506 1503
f 1502 1505 1503
f 1502 1504 1505
f 1502 1506 1504
f 1502 1503 1506
v 0.0850115544777 -0.287597345039 -0.120693923912
v 0.0863441523712 -0.285018728615 -0.119935688991
v 0.0853200342473 -0.286545717596 -0.118877630996
v 0.0860356726016 -0.286070356057 -0.121751981906
v 0.0843824727275 -0.2855792075 -0.120516788289
v 0.0869732341214 -0.287036866153 -0.120112824613
f 1507 1509 1511
f 1507 1511 1510
f 1507 1510 1512
f 1507 1512 1509
f 1508 1511 1509
f 1508 1510 1511
f 1508 1512 1510
f 1508 1509 1512
v 0.084726616794 -0.287435334791 -0.120744112747
v 0.0860592146875 -0.284856718368 -0.119985877826
v 0.084990106403 -0.286358126784 -0.118935744384
v 0.0857957250785 -0.285933926375 -0.121794246188
v 0.0841108118639 -0.285409346297 -0.120617010783
v 0.0866750196175 -0.286882706862 -0.12011297979
f 1513 1515 1517
f 1513 1517 1516
f 1513 1516 1518
f 1513 1518 1515
f 1514 1517 1515
f 1514 1516 1517
f 1514 1518 1516
f 1514 1515 1518
v 0.0844447872641 -0.287271687938 -0.120805329955
v 0.0857773851576 -0.284693071515 -0.120047095034
v 0.0846637774736 -0.286168640954 -0.119006627468
v 0.0855583949481 -0.285796118499 -0.121845797522
v 0.0838438212002 -0.285238746019 -0.120727954607
v 0.0863783512215 -0.286726013434 -0.120124470383
f 1519 1521 1523
f 1519 1523 1522
f 1519 1522 1524
f 1519 1524 1521
f 1520 1523 1521
f 1520 1522 1523
f 1520 1524 1522
f 1520 1521 1524
v 0.0841664092539 -0.287106603858 -0.120877500953
v 0.0854990071474 -0.284527987434 -0.120119266032
v 0.0843414450407 -0.285977490966 -0.119090193886
v 0.0853239713605 -0.285657100326 -0.121906573099
v 0.0835818260234 -0.285067614517 -0.120849484595
v 0.0860835903779 -0.286566976775 -0.12014728239
f 1525 1527 1529
f 1525 1529 1528
f 1525 1528 1530
f 1525 1530 1527
f 1526 1529 1527
f 1526 1528 1529
f 1526 1530 1528
f 1526 1527 1530
v 0.0838918219241 -0.28694028368 -0.120960537811
v 0.0852244198176 -0.284361667256 -0.12020230289
v 0.0840235018168 -0.285784909707 -0.119186341827
v 0.0850927399249 -0.285517041229 -0.121976498874
v 0.0833251455343 -0.284896160289 -0.12098145268
v 0.0857910962074 -0.286405790647 -0.120181388021
f 1531 1533 1535
f 1531 1535 1534
f 1531 1534 1536
f 1531 1536 1533
f 1532 1535 1533
f 1532 1534 1535
f 1532 1536 1534
f 1532 1533 1536
v 0.0836213598171 -0.28677293004 -0.121054339361
v 0.0849539577106 -0.284194313616 -0.12029610444
v 0.0837103351666 -0.285591131808 -0.119294954148
v 0.0848649823611 -0.285376111848 -0.122055489653
v 0.0830740924585 -0.284724592224 -0.12112369808
v 0.0855012250693 -0.286242651432 -0.120226745722
f 1537 1539 1541
f 1537 1541 1540
f 1537 1540 1542
f 1537 1542 1539
f 1538 1541 1539
f 1538 1540 1541
f 1538 1542 1540
f 1538 1539 1542
v 0.0833553524493 -0.286604746832 -0.121158791321
v 0.0846879503428 -0.284026130408 -0.1204005564
v 0.0834023266355 -0.285396393357 -0.119415898523
v 0.0846409761567 -0.285234483883 -0.122143449198
v 0.0828289726655 -0.284553119352 -0.12127604749
v 0.0852143301267 -0.286077757888 -0.120283300232
f 1543 1545 1547
f 1543 1547 1546
f 1543 1546 1548
f 1543 1548 1545
f 1544 1547 1545
f 1544 1546 1547
f 1544 1548 1546
f 1544 1545 1548
v 0.0830941239097 -0.286435938962 -0.121273766432
v 0.0844267218032 -0.283857322538 -0.120515531512
v 0.0830998514843 -0.285200931613 -0.119549027599
v 0.0844209942286 -0.285092329888 -0.122240270345
v 0.082590084796 -0.284381950587 -0.121438315297
v 0.084930760917 -0.285911310913 -0.120350982647
f 1549 1551 1553
f 1549 1553 1552
f 1549 1552 1554
f 1549 1554 1551
f 1550 1553 1551
f 1550 1552 1553
f 1550 1554 1552
f 1550 1551 1554
v 0.082837992465 -0.286266712096 -0.121399124615
v 0.0841705903586 -0.283688095673 -0.120640889694
v 0.0828032782326 -0.285004984715 -0.119694179179
v 0.084205304591 -0.284949823053 -0.12234583513
v 0.0823577198981 -0.284211294471 -0.121610303801
v 0.0846508629256 -0.285743513298 -0.120429710508
f 1555 1557 1559
f 1555 1559 1558
f 1555 1558 1560
f 1555 1560 1557
f 1556 1559 1557
f 1556 1558 1559
f 1556 1560 1558
f 1556 1557 1560
v 0.082587270172 -0.286097272411 -0.12153471314
v 0.0839198680656 -0.283518655988 -0.120776478219
v 0.0825129682091 -0.284808791396 -0.119851176419
v 0.0839941700285 -0.284807137003 -0.122460014941
v 0.0821321610726 -0.284041358922 -0.121791803462
v 0.084374977165 -0.285574569477 -0.120519387897
f 1561 1563 1565
f 1561 1565 1564
f 1561 1564 1566
f 1561 1566 1563
f 1562 1565 1563
f 1562 1564 1565
f 1562 1566 1564
f 1562 1563 1566
v 0.0823422624972 -0.285927826344 -0.121680366813
v 0.0836748603907 -0.28334920992 -0.120922131892
v 0.0822292751119 -0.284612590686 -0.12001982804
v 0.0837878477759 -0.284664445577 -0.122582670665
v 0.0819136831282 -0.283872350981 -0.121982593151
v 0.0841034397597 -0.285404685283 -0.120619905555
f 1567 1569 1571
f 1567 1571 1570
f 1567 1570 1572
f 1567 1572 1569
f 1568 1571 1569
f 1568 1570 1571
f 1568 1572 1570
f 1568 1569 1572
v 0.0821032679445 -0.285758580337 -0.121835908178
v 0.0834358658381 -0.283179963914 -0.121077673257
v 0.0819525445773 -0.284416621626 -0.120199928568
v 0.0835865892053 -0.284521922625 -0.122713652867
v 0.0817025522466 -0.283704476558 -0.122182440418
v 0.083836581536 -0.285234067693 -0.120731141017
f 1573 1575 1577
f 1573 1577 1576
f 1573 1576 1578
f 1573 1578 1575
f 1574 1577 1575
f 1574 1576 1577
f 1574 1578 1576
f 1574 1575 1578
v 0.0818705776922 -0.285589740592 -0.122001147731
v 0.0832031755858 -0.283011124169 -0.12124291281
v 0.0816831137588 -0.284221122974 -0.120391258577
v 0.0833906395191 -0.284379741787 -0.122852801965
v 0.0814990256584 -0.283537940181 -0.122391101782
v 0.0835747276196 -0.285062924579 -0.12085295876
f 1579 1581 1583
f 1579 1583 1582
f 1579 1582 1584
f 1579 1584 1581
f 1580 1583 1581
f 1580 1582 1583
f 1580 1584 1582
f 1580 1581 1584
v 0.0816444752374 -0.285421512813 -0.122175884154
v 0.082977073131 -0.28284289639 -0.121417649233
v 0.0814213109165 -0.284026332915 -0.120593584961
v 0.083200237452 -0.284238076289 -0.122999948426
v 0.0813033513292 -0.283372944751 -0.12260832302
v 0.0833181970393 -0.284891464453 -0.120985210368
f 1585 1587 1589
f 1585 1589 1588
f 1585 1588 1590
f 1585 1590 1587
f 1586 1589 1587
f 1586 1588 1589
f 1586 1590 1588
f 1586 1587 1590
v 0.0814252360512 -0.285254101961 -0.122359904557
v 0.0827578339447 -0.282675485538 -0.121601669636
v 0.0811674550166 -0.28383248877 -0.120806661218
v 0.0830156149793 -0.284097098729 -0.123154912976
v 0.0811157676581 -0.283209691288 -0.122833839481
v 0.0830673023378 -0.284719896211 -0.121127734712
f 1591 1593 1595
f 1591 1595 1594
f 1591 1594 1596
f 1591 1596 1593
f 1592 1595 1593
f 1592 1594 1595
f 1592 1596 1594
f 1592 1593 1596
v 0.0812131272427 -0.285087711999 -0.12255298474
v 0.0825457251362 -0.282509095576 -0.121794749819
v 0.0809218553436 -0.283639826708 -0.121030227745
v 0.0828369970353 -0.283956980866 -0.123317506814
v 0.0809365031869 -0.283048378691 -0.12306737641
v 0.082822349192 -0.284548428884 -0.121280358149
f 1597 1599 1601
f 1597 1601 1600
f 1597 1600 1602
f 1597 1602 1599
f 1598 1601 1599
f 1598 1600 1601
f 1598 1602 1600
f 1598 1599 1602
v 0.0810084072338 -0.284922545648 -0.122754889464
v 0.0823410051273 -0.282343929225 -0.121996654543
v 0.0806848111227 -0.28344858146 -0.121264012162
v 0.0826646012383 -0.283817893413 -0.123487531845
v 0.0807657763218 -0.282889203495 -0.123308649276
v 0.0825836360393 -0.284377271378 -0.121442894731
f 1603 1605 1607
f 1603 1607 1606
f 1603 1606 1608
f 1603 1608 1605
f 1604 1607 1605
f 1604 1606 1607
f 1604 1608 1606
f 1604 1605 1608
v 0.0808113254443 -0.284758804138 -0.122965372739
v 0.0821439233378 -0.282180187715 -0.122207137818
v 0.080456611156 -0.283258986027 -0.121507729639
v 0.0824986376262 -0.283680005825 -0.123664780919
v 0.0806037950672 -0.282732359631 -0.123557364127
v 0.082351453715 -0.284206632222 -0.121615146431
f 1609 1611 1613
f 1609 1613 1612
f 1609 1612 1614
f 1609 1614 1611
f 1610 1613 1611
f 1610 1612 1613
f 1610 1614 1612
f 1610 1611 1614
v 0.0806221219881 -0.284596686963 -0.123184178125
v 0.0819547198816 -0.282018070539 -0.122425943204
v 0.0802375334698 -0.283071271403 -0.121761083243
v 0.0823393083999 -0.283543486099 -0.123849038085
v 0.0804507567722 -0.282578038189 -0.123813217941
v 0.0821260850975 -0.284036719313 -0.121796903387
f 1615 1617 1619
f 1615 1619 1618
f 1615 1618 1620
f 1615 1620 1617
f 1616 1619 1617
f 1616 1618 1619
f 1616 1620 1618
f 1616 1617 1620
v 0.0804410273803 -0.284436391637 -0.123411039039
v 0.0817736252739 -0.281857775213 -0.122652804118
v 0.0800278449766 -0.282885666289 -0.122023764302
v 0.0821868076775 -0.283408500561 -0.124040078856
v 0.0803068478904 -0.282426427185 -0.124075899
v 0.0819078047638 -0.283867739665 -0.121987944157
f 1621 1623 1625
f 1621 1625 1624
f 1621 1624 1626
f 1621 1626 1623
f 1622 1625 1623
f 1622 1624 1625
f 1622 1626 1624
f 1622 1623 1626
v 0.080268262257 -0.284278113455 -0.123645679088
v 0.0816008601505 -0.281699497032 -0.122887444167
v 0.0798278011496 -0.282702396815 -0.122295452779
v 0.0820413212579 -0.283275213671 -0.124237670476
v 0.0801722437527 -0.282277711334 -0.124345087267
v 0.0816968786547 -0.283699899153 -0.122188035987
f 1627 1629 1631
f 1627 1631 1630
f 1627 1630 1632
f 1627 1632 1629
f 1628 1631 1629
f 1628 1630 1631
f 1628 1632 1630
f 1628 1629 1632
v 0.0801040371057 -0.284122045256 -0.123887812398
v 0.0814366349992 -0.281543428832 -0.123129577477
v 0.0796376457113 -0.282521686269 -0.122575817665
v 0.0819030263936 -0.283143787819 -0.12444157221
v 0.0800471083535 -0.282132071824 -0.124620454779
v 0.0814935637514 -0.283533402264 -0.122396935096
f 1633 1635 1637
f 1633 1637 1636
f 1633 1636 1638
f 1633 1638 1635
f 1634 1637 1635
f 1634 1636 1637
f 1634 1638 1636
f 1634 1635 1638
v 0.0799485520095 -0.283968377184 -0.124137143967
v 0.081281149903 -0.28138976076 -0.123378909047
v 0.0794576103367 -0.282343754817 -0.122864517377
v 0.0817720915758 -0.283014383127 -0.124651535637
v 0.0799315941509 -0.281989686094 -0.124901666042
v 0.0812981077616 -0.28336845185 -0.122614386972
f 1639 1641 1643
f 1639 1643 1642
f 1639 1642 1644
f 1639 1644 1641
f 1640 1643 1641
f 1640 1642 1643
f 1640 1644 1642
f 1640 1641 1644
v 0.0798019964031 -0.28381729646 -0.124393370024
v 0.0811345942966 -0.281238680036 -0.123635135103
v 0.0792879143714 -0.282168819242 -0.123161200179
v 0.0816486763283 -0.282887157254 -0.124867304948
v 0.0798258418813 -0.281850727618 -0.125188378443
v 0.0811107488184 -0.283205248877 -0.122840126684
f 1645 1647 1649
f 1645 1649 1648
f 1645 1648 1650
f 1645 1650 1647
f 1646 1649 1647
f 1646 1648 1649
f 1646 1650 1648
f 1646 1647 1650
v 0.0796645488419 -0.283668987152 -0.124656178396
v 0.0809971467354 -0.281090370729 -0.123897943475
v 0.0791287645637 -0.281997092675 -0.12346550461
v 0.0815329310136 -0.282762265206 -0.125088617261
v 0.0797299803874 -0.281715365697 -0.125480242668
v 0.0809317151899 -0.283043992184 -0.123073879203
f 1651 1653 1655
f 1651 1655 1654
f 1651 1654 1656
f 1651 1656 1653
f 1652 1655 1653
f 1652 1654 1655
f 1652 1656 1654
f 1652 1653 1656
v 0.0795363767845 -0.283523629954 -0.124925248892
v 0.080868974678 -0.28094501353 -0.124167013971
v 0.0789803548131 -0.28182878434 -0.12377705992
v 0.0814249966495 -0.282639859144 -0.125315202942
v 0.0796441264618 -0.281583765249 -0.125776903125
v 0.0807612250008 -0.282884878235 -0.123315359737
f 1657 1659 1661
f 1657 1661 1660
f 1657 1660 1662
f 1657 1662 1659
f 1658 1661 1659
f 1658 1660 1661
f 1658 1662 1660
f 1658 1659 1662
v 0.0794176363889 -0.283381401959 -0.12520025369
v 0.0807502342825 -0.280802785536 -0.124442018769
v 0.078842865934 -0.281664099294 -0.124095486529
v 0.0813250047374 -0.282520088201 -0.12554678593
v 0.0795683847042 -0.281456086607 -0.126077998379
v 0.0805994859672 -0.282728100888 -0.12356427408
f 1663 1665 1667
f 1663 1667 1666
f 1663 1666 1668
f 1663 1668 1665
f 1664 1667 1665
f 1664 1666 1667
f 1664 1668 1666
f 1664 1665 1668
v 0.079308472322 -0.283242476452 -0.12548085774
v 0.0806410702156 -0.280663860028 -0.124722622819
v 0.0787164654355 -0.28150323818 -0.124420396482
v 0.0812330771021 -0.2824030983 -0.125783084077
v 0.0795028473943 -0.281332485329 -0.126383161592
v 0.0804466951433 -0.282573851151 -0.123820318967
f 1669 1671 1673
f 1669 1673 1672
f 1669 1672 1674
f 1669 1674 1671
f 1670 1673 1671
f 1670 1672 1673
f 1670 1674 1672
f 1670 1671 1674
v 0.0792090175834 -0.28310702269 -0.125766719169
v 0.0805416154769 -0.280528406267 -0.125008484248
v 0.078601307317 -0.281346396983 -0.124751393926
v 0.0811493257433 -0.282289031975 -0.126023809491
v 0.0794475943792 -0.281213112003 -0.126692020969
v 0.0803030386811 -0.282422316954 -0.124083182447
f 1675 1677 1679
f 1675 1679 1678
f 1675 1678 1680
f 1675 1680 1677
f 1676 1679 1677
f 1676 1678 1679
f 1676 1680 1678
f 1676 1677 1680
v 0.0791193933433 -0.282975205705 -0.126057489699
v 0.0804519912368 -0.280396589282 -0.125299254778
v 0.0784975318811 -0.281193766789 -0.125088075592
v 0.081073852699 -0.282178028198 -0.126268668885
v 0.0794026929762 -0.281098112069 -0.127004200214
v 0.0801686916039 -0.282273682918 -0.124352544263
f 1681 1683 1685
f 1681 1685 1684
f 1681 1684 1686
f 1681 1686 1683
f 1682 1685 1683
f 1682 1684 1685
f 1682 1686 1684
f 1682 1683 1686
v 0.079039708795 -0.282847186094 -0.12635281507
v 0.0803723066886 -0.280268569671 -0.125594580149
v 0.0784052655621 -0.281045533556 -0.125430031285
v 0.0810067499215 -0.28207022221 -0.126517363934
v 0.0793681978907 -0.280987625635 -0.127319318983
v 0.0800438175929 -0.28212813013 -0.124628076237
f 1687 1689 1691
f 1687 1691 1690
f 1687 1690 1692
f 1687 1692 1689
f 1688 1691 1689
f 1688 1690 1691
f 1688 1692 1690
f 1688 1689 1692
v 0.078970061022 -0.28272311983 -0.126652335475
v 0.0803026589155 -0.280144503407 -0.125894100554
v 0.0783246207723 -0.280901877881 -0.125776844386
v 0.0809480991653 -0.281965745356 -0.126769591644
v 0.0793441511498 -0.280881787312 -0.127636993352
v 0.0799285687878 -0.281985835925 -0.124909442677
f 1693 1695 1697
f 1693 1697 1696
f 1693 1696 1698
f 1693 1698 1695
f 1694 1697 1695
f 1694 1696 1697
f 1694 1698 1696
f 1694 1695 1698
v 0.0789105348793 -0.282603158069 -0.126955685994
v 0.0802431327728 -0.280024541645 -0.126197451073
v 0.0782556957649 -0.280762974789 -0.126128092354
v 0.0808979718872 -0.281864724925 -0.127025044712
v 0.0793305820505 -0.280780726049 -0.127956836286
v 0.0798230856016 -0.281846973665 -0.125196300781
f 1699 1701 1703
f 1699 1703 1702
f 1699 1702 1704
f 1699 1704 1701
f 1700 1703 1701
f 1700 1702 1703
f 1700 1704 1702
f 1700 1701 1704
v 0.0788612028903 -0.282487446964 -0.12726249704
v 0.0801938007839 -0.279908830541 -0.126504262119
v 0.0781985745145 -0.28062899351 -0.12648334725
v 0.0808564291596 -0.281767283995 -0.127283411909
v 0.0793275071249 -0.280684564971 -0.128278458103
v 0.0797274965493 -0.281711712533 -0.125488301056
f 1705 1707 1709
f 1705 1709 1708
f 1705 1708 1710
f 1705 1710 1707
f 1706 1709 1707
f 1706 1708 1709
f 1706 1710 1708
f 1706 1707 1710
v 0.0884090985206 -0.283902826258 -0.139229481232
v 0.0897416964141 -0.281324209834 -0.138471246311
v 0.0892494522244 -0.282276716932 -0.140301663173
v 0.0889013427103 -0.28295031916 -0.137399064371
v 0.0904079704128 -0.283302175686 -0.138850363772
v 0.0877428245218 -0.281924860406 -0.138850363772
f 1711 1713 1715
f 1711 1715 1714
f 1711 1714 1716
f 1711 1716 1713
f 1712 1715 1713
f 1712 1714 1715
f 1712 1716 1714
f 1712 1713 1716
v 0.0887106991424 -0.284060379596 -0.139223734632
v 0.0900432970359 -0.281481763173 -0.138465499711
v 0.0895974529418 -0.282458509246 -0.14029503248
v 0.0891565432364 -0.283083633523 -0.137394201863
v 0.0907026848438 -0.283471063702 -0.138793967553
v 0.0880513113345 -0.282071079067 -0.13889526679
f 1717 1719 1721
f 1717 1721 1720
f 1717 1720 1722
f 1717 1722 1719
f 1718 1721 1719
f 1718 1720 1721
f 1718 1722 1720
f 1718 1719 1722
v 0.0890105539274 -0.284220408192 -0.139206501832
v 0.0903431518209 -0.281641791769 -0.138448266911
v 0.0899434392322 -0.282643157626 -0.14027514848
v 0.089410266516 -0.283219042335 -0.137379620263
v 0.0909940382928 -0.283641574143 -0.138726146843
v 0.0883596674554 -0.282220625818 -0.1389286219
f 1723 1725 1727
f 1723 1727 1726
f 1723 1726 1728
f 1723 1728 1725
f 1724 1727 1725
f 1724 1726 1727
f 1724 1728 1726
f 1724 1725 1728
v 0.0893082975487 -0.284382717075 -0.139177803827
v 0.0906408954422 -0.281804100652 -0.138419568907
v 0.0902869895645 -0.282830437106 -0.140242035398
v 0.0896622034264 -0.283356380621 -0.137355337336
v 0.0912816757906 -0.283813499268 -0.138646984271
v 0.0886675172002 -0.282373318459 -0.138950388463
f 1729 1731 1733
f 1729 1733 1732
f 1729 1732 1734
f 1729 1734 1731
f 1730 1733 1731
f 1730 1732 1733
f 1730 1734 1732
f 1730 1731 1734
v 0.0896035672515 -0.284547108497 -0.139137675583
v 0.0909361651451 -0.281968492074 -0.138379440662
v 0.0906276853755 -0.283020119516 -0.140195733578
v 0.0899120470211 -0.283495481055 -0.137321382668
v 0.0915652468952 -0.283986629612 -0.138556576285
v 0.0889744855014 -0.282528970959 -0.138960539961
f 1735 1737 1739
f 1735 1739 1738
f 1735 1738 1740
f 1735 1740 1737
f 1736 1739 1737
f 1736 1738 1739
f 1736 1740 1738
f 1736 1737 1740
v 0.0898960032954 -0.284713382172 -0.139086165989
v 0.0912286011889 -0.282134765749 -0.138327931068
v 0.0909651115799 -0.283211973756 -0.140136299431
v 0.0901594929044 -0.283636174164 -0.137277797627
v 0.0918444061189 -0.284160754243 -0.138455033032
v 0.0892801983653 -0.282687393678 -0.138959064025
f 1741 1743 1745
f 1741 1745 1744
f 1741 1744 1746
f 1741 1746 1743
f 1742 1745 1743
f 1742 1744 1745
f 1742 1746 1744
f 1742 1743 1746
v 0.0901852493918 -0.284881335521 -0.139023337802
v 0.0915178472854 -0.282302719098 -0.138265102881
v 0.0912988570758 -0.283405766082 -0.140063805368
v 0.0904042396014 -0.283778288537 -0.137224635314
v 0.0921188133492 -0.284335661017 -0.138342478229
v 0.089584283328 -0.282848393602 -0.138945962453
f 1747 1749 1751
f 1747 1751 1750
f 1747 1750 1752
f 1747 1752 1749
f 1748 1751 1749
f 1748 1750 1751
f 1748 1752 1750
f 1748 1749 1752
v 0.0904709531391 -0.285050763919 -0.138949267567
v 0.0918035510327 -0.282472147496 -0.138191032646
v 0.0916285152458 -0.283601260388 -0.139978339713
v 0.090645988926 -0.283921651028 -0.1371619605
v 0.0923881342631 -0.284511136837 -0.138219049004
v 0.0898863699087 -0.283011774579 -0.138921251209
f 1753 1755 1757
f 1753 1757 1756
f 1753 1756 1758
f 1753 1758 1755
f 1754 1757 1755
f 1754 1756 1757
f 1754 1758 1756
f 1754 1755 1758
v 0.0907527664513 -0.285221460944 -0.138864045529
v 0.0920853643448 -0.282642844521 -0.138105810608
v 0.0919536844521 -0.283798218493 -0.139880006592
v 0.090884446344 -0.284066086972 -0.137089849545
v 0.0926520407346 -0.284686967912 -0.138084895739
v 0.0901860900615 -0.283177337553 -0.138884960398
f 1759 1761 1763
f 1759 1763 1762
f 1759 1762 1764
f 1759 1764 1761
f 1760 1763 1761
f 1760 1762 1763
f 1760 1764 1762
f 1760 1761 1764
v 0.0910303459821 -0.285393218628 -0.138767775517
v 0.0923629438757 -0.282814602204 -0.138009540596
v 0.0922739685262 -0.283996400436 -0.139768925808
v 0.0911193213316 -0.284211420396 -0.137008390304
v 0.0929102112343 -0.28486294002 -0.137940181877
v 0.0904830786235 -0.283344880812 -0.138837134235
f 1765 1767 1769
f 1765 1769 1768
f 1765 1768 1770
f 1765 1770 1767
f 1766 1769 1767
f 1766 1768 1769
f 1766 1770 1768
f 1766 1767 1770
v 0.0913033535438 -0.285565827709 -0.138660574821
v 0.0926359514373 -0.282987211286 -0.1379023399
v 0.0925889772512 -0.284195564761 -0.139645232698
v 0.09135032773 -0.284357474234 -0.136917682023
v 0.0931623312212 -0.285038838765 -0.137785083731
v 0.09077697376 -0.28351420023 -0.138777830989
f 1771 1773 1775
f 1771 1775 1774
f 1771 1774 1776
f 1771 1776 1773
f 1772 1775 1773
f 1772 1774 1775
f 1772 1776 1774
f 1772 1773 1776
v 0.0915714565187 -0.285739077892 -0.138542574049
v 0.0929040544122 -0.283160461468 -0.137784339128
v 0.0928983268376 -0.284395468817 -0.139509077961
v 0.0915771840933 -0.284504070543 -0.136817835216
v 0.0934080935259 -0.285214449843 -0.137619790264
v 0.0910674174049 -0.283685089517 -0.138707122913
f 1777 1779 1781
f 1777 1781 1780
f 1777 1780 1782
f 1777 1782 1779
f 1778 1781 1779
f 1778 1780 1781
f 1778 1782 1780
f 1778 1779 1782
v 0.0918343282645 -0.285912758096 -0.138413916966
v 0.093166926158 -0.283334141673 -0.137655682045
v 0.0932016403904 -0.284595869053 -0.139360627481
v 0.0917996140321 -0.284651030716 -0.13670897153
v 0.093647198725 -0.285389559298 -0.137444502859
v 0.0913540556975 -0.283857340471 -0.138625096152
f 1783 1785 1787
f 1783 1787 1786
f 1783 1786 1788
f 1783 1788 1785
f 1784 1787 1785
f 1784 1786 1787
f 1784 1788 1786
f 1784 1785 1788
v 0.0920916485126 -0.28608665672 -0.138274760322
v 0.0934242464061 -0.283508040297 -0.137516525401
v 0.093498548369 -0.284796521311 -0.139200062123
v 0.0920173465497 -0.284798175705 -0.136591223601
v 0.0938793555056 -0.285563953785 -0.137259435079
v 0.0916365394131 -0.284030743231 -0.138531850645
f 1789 1791 1793
f 1789 1793 1792
f 1789 1792 1794
f 1789 1794 1791
f 1790 1793 1791
f 1790 1792 1793
f 1790 1794 1792
f 1790 1791 1794
v 0.0923431037579 -0.286260561894 -0.138125273658
v 0.0936757016514 -0.283681945471 -0.137367038737
v 0.0937886890366 -0.284997181128 -0.13902757751
v 0.0922301163726 -0.284945326237 -0.136464734885
v 0.0941042810204 -0.285737420834 -0.1370648124
v 0.0919145243889 -0.284205086532 -0.138427499995
f 1795 1797 1799
f 1795 1799 1798
f 1795 1798 1800
f 1795 1800 1797
f 1796 1799 1797
f 1796 1798 1799
f 1796 1800 1798
f 1796 1797 1800
v 0.0925883876408 -0.286434261743 -0.137965639099
v 0.0939209855343 -0.28385564532 -0.137207404178
v 0.0940717089016 -0.285197604031 -0.138843383789
v 0.0924376642736 -0.285092303032 -0.136329659489
v 0.0943217012323 -0.285909749099 -0.136860871938
v 0.0921876719429 -0.284380157964 -0.138312171339
f 1801 1803 1805
f 1801 1805 1804
f 1801 1804 1806
f 1801 1806 1803
f 1802 1805 1803
f 1802 1804 1805
f 1802 1806 1804
f 1802 1803 1806
v 0.0928272013208 -0.28660754464 -0.137796051137
v 0.0941597992143 -0.284028928216 -0.137037816216
v 0.0943472631477 -0.285397545834 -0.13864770537
v 0.0926397373874 -0.285238927022 -0.136186161982
v 0.0945313512482 -0.286080728627 -0.136647862165
v 0.0924556492869 -0.284555744229 -0.138186005187
f 1807 1809 1811
f 1807 1811 1810
f 1807 1810 1812
f 1807 1812 1809
f 1808 1811 1809
f 1808 1810 1811
f 1808 1812 1810
f 1808 1809 1812
v 0.0930592538402 -0.286780199465 -0.137616716387
v 0.0943918517337 -0.284201583042 -0.136858481466
v 0.0946150160547 -0.28559676294 -0.138440780659
v 0.0928360895192 -0.285385019566 -0.136034417194
v 0.094732975642 -0.286250151104 -0.136426042601
v 0.0927181299319 -0.284731631402 -0.138049155252
f 1813 1815 1817
f 1813 1817 1816
f 1813 1816 1818
f 1813 1818 1815
f 1814 1817 1815
f 1814 1816 1817
f 1814 1818 1816
f 1814 1815 1818
v 0.0932842624787 -0.286952015866 -0.137427853342
v 0.0946168603722 -0.284373399443 -0.136669618421
v 0.0948746414068 -0.285795012634 -0.13822286176
v 0.0930264814441 -0.285530402675 -0.135874610002
v 0.0949263287654 -0.286417810116 -0.136195683497
v 0.0929747940856 -0.284907605193 -0.137901788266
f 1819 1821 1823
f 1819 1823 1822
f 1819 1822 1824
f 1819 1824 1821
f 1820 1823 1821
f 1820 1822 1823
f 1820 1824 1822
f 1820 1821 1824
v 0.093501953098 -0.287122784511 -0.137229692101
v 0.0948345509915 -0.284544168088 -0.13647145718
v 0.0951258228906 -0.285992053379 -0.137994214176
v 0.0932106811989 -0.285674899221 -0.135706935106
v 0.0951111750473 -0.286583501396 -0.135957065511
v 0.0932253290422 -0.285083451203 -0.137744083771
f 1825 1827 1829
f 1825 1829 1828
f 1825 1828 1830
f 1825 1830 1827
f 1826 1829 1827
f 1826 1828 1829
f 1826 1830 1828
f 1826 1827 1830
v 0.0937120604755 -0.287292297345 -0.137022474095
v 0.0950446583691 -0.284713680922 -0.136264239174
v 0.0953682544801 -0.28618764511 -0.137755116476
v 0.0933884643645 -0.285818333157 -0.135531596793
v 0.095287289281 -0.286747023075 -0.135710479362
v 0.0934694295636 -0.285258955192 -0.137576233908
f 1831 1833 1835
f 1831 1835 1834
f 1831 1834 1836
f 1831 1836 1833
f 1832 1835 1833
f 1832 1834 1835
f 1832 1836 1834
f 1832 1833 1836
v 0.0939143286279 -0.287460347842 -0.136806451786
v 0.0952469265214 -0.284881731419 -0.136048216865
v 0.0956016408097 -0.28638154953 -0.137505859966
v 0.0935596143396 -0.285960529732 -0.135348808686
v 0.0954544568986 -0.286908175926 -0.135456225478
v 0.0937067982507 -0.285433903335 -0.137398443174
f 1837 1839 1841
f 1837 1841 1840
f 1837 1840 1842
f 1837 1842 1839
f 1838 1841 1839
f 1838 1840 1841
f 1838 1842 1840
f 1838 1839 1842
v 0.0941085111225 -0.287626731259 -0.136581888365
v 0.095441109016 -0.285048114836 -0.135823653444
v 0.0958256975342 -0.286573530395 -0.137246748325
v 0.0937239226042 -0.2861013157 -0.135158793483
v 0.0956124742319 -0.28706676361 -0.135194613627
v 0.0939371459065 -0.285608082485 -0.137210928181
f 1843 1845 1847
f 1843 1847 1846
f 1843 1846 1848
f 1843 1848 1845
f 1844 1847 1845
f 1844 1846 1847
f 1844 1848 1846
f 1844 1845 1848
v 0.0942943713778 -0.287791244883 -0.136349057426
v 0.0956269692713 -0.28521262846 -0.135590822505
v 0.096040151675 -0.286763353808 -0.136978097242
v 0.0938811889741 -0.286240519536 -0.134961782689
v 0.0957611487612 -0.287222592912 -0.134925962544
v 0.0941601918879 -0.285781280432 -0.137013917387
f 1849 1851 1853
f 1849 1853 1852
f 1849 1852 1854
f 1849 1854 1851
f 1850 1853 1851
f 1850 1852 1853
f 1850 1854 1852
f 1850 1851 1854
v 0.0944716829517 -0.28795368828 -0.136108242639
v 0.0958042808453 -0.285375071857 -0.135350007718
v 0.0962447419526 -0.286950788496 -0.136700234027
v 0.0940312218444 -0.286377971641 -0.134758016331
v 0.0959002993495 -0.287375473978 -0.134650599539
v 0.0943756644475 -0.285953286159 -0.136807650819
f 1855 1857 1859
f 1855 1859 1858
f 1855 1858 1860
f 1855 1860 1857
f 1856 1859 1857
f 1856 1858 1859
f 1856 1860 1858
f 1856 1857 1860
v 0.0946402298175 -0.288113863537 -0.1358597374
v 0.0959728277111 -0.285535247114 -0.135101502479
v 0.0964392191055 -0.287135606101 -0.136413497212
v 0.0941738384231 -0.286513504551 -0.134547742666
v 0.0960297564633 -0.287525220546 -0.134368860098
v 0.0945833010654 -0.286123890106 -0.136592379781
f 1861 1863 1865
f 1861 1865 1864
f 1861 1864 1866
f 1861 1866 1863
f 1862 1865 1863
f 1862 1864 1865
f 1862 1866 1864
f 1862 1863 1866
v 0.0947998066268 -0.288271575506 -0.135603844473
v 0.0961324045203 -0.285692959083 -0.134845609552
v 0.0966233461931 -0.287317581449 -0.136118236143
v 0.094308864954 -0.286646953139 -0.134331217882
v 0.0961493623789 -0.287671650173 -0.134081087478
v 0.0947828487682 -0.286292884416 -0.136368366547
f 1867 1869 1871
f 1867 1871 1870
f 1867 1870 1872
f 1867 1872 1869
f 1868 1871 1869
f 1868 1870 1871
f 1868 1872 1870
f 1868 1869 1872
v 0.0949502189597 -0.288426632039 -0.135340875626
v 0.0962828168532 -0.285848015615 -0.134582640705
v 0.0967968988849 -0.287496492833 -0.13581481055
v 0.094436136928 -0.286778154821 -0.134108705781
v 0.096258971375 -0.287814584457 -0.133787632286
v 0.0949740644379 -0.286460063198 -0.136135884044
f 1873 1875 1877
f 1873 1877 1876
f 1873 1876 1878
f 1873 1878 1875
f 1874 1877 1875
f 1874 1876 1877
f 1874 1878 1876
f 1874 1875 1878
v 0.095091283562 -0.288578844223 -0.135071151244
v 0.0964238814555 -0.286000227799 -0.134312916323
v 0.0969596657337 -0.287672122276 -0.135503590109
v 0.0945554992838 -0.286906949746 -0.133880477458
v 0.09635844991 -0.287953849254 -0.133488852051
v 0.0951567151075 -0.286625222768 -0.135895215516
f 1879 1881 1883
f 1879 1883 1882
f 1879 1882 1884
f 1879 1884 1881
f 1880 1883 1881
f 1880 1882 1883
f 1880 1884 1882
f 1880 1881 1884
v 0.0952228285682 -0.288728026611 -0.134794999946
v 0.0965554264617 -0.286149410187 -0.134036765025
v 0.0971114484332 -0.287844255801 -0.135184953996
v 0.0946668065968 -0.287033180997 -0.133646810975
v 0.0964476767845 -0.288089274892 -0.133185110792
v 0.0953305782455 -0.286788161906 -0.135646654179
f 1885 1887 1889
f 1885 1889 1888
f 1885 1888 1890
f 1885 1890 1887
f 1886 1889 1887
f 1886 1888 1889
f 1886 1890 1888
f 1886 1887 1890
v 0.095344693711 -0.288873997447 -0.134512758179
v 0.0966772916046 -0.286295381024 -0.133754523258
v 0.0972520620595 -0.288012683689 -0.134859290419
v 0.0947699232561 -0.287156694782 -0.133407991018
v 0.0965265432893 -0.288220696376 -0.132876778569
v 0.0954954420263 -0.286948682095 -0.135390502868
f 1891 1893 1895
f 1891 1895 1894
f 1891 1894 1896
f 1891 1896 1893
f 1892 1895 1893
f 1892 1894 1895
f 1892 1896 1894
f 1892 1893 1896
v 0.0954567305166 -0.289016578889 -0.134224769812
v 0.0967893284101 -0.286437962466 -0.133466534891
v 0.0973813352967 -0.288177200737 -0.134526996149
v 0.09486472363 -0.287277340617 -0.133164308554
v 0.0965949533378 -0.288347953589 -0.132564231039
v 0.0956511055888 -0.287106587766 -0.135127073664
f 1897 1899 1901
f 1897 1901 1900
f 1897 1900 1902
f 1897 1902 1899
f 1898 1901 1899
f 1898 1900 1901
f 1898 1902 1900
f 1898 1899 1902
v 0.0955588024852 -0.289155597223 -0.133931385714
v 0.0968914003787 -0.2865769808 -0.133173150793
v 0.0974991106451 -0.288337606507 -0.134188476036
v 0.0949510922188 -0.287394971515 -0.132916060471
v 0.0966528235829 -0.288470891487 -0.132247848992
v 0.095797379281 -0.287261686536 -0.134856687514
f 1903 1905 1907
f 1903 1907 1906
f 1903 1906 1908
f 1903 1908 1905
f 1904 1907 1905
f 1904 1906 1907
f 1904 1908 1906
f 1904 1905 1908
v 0.0956507852579 -0.289290883076 -0.133632963328
v 0.0969833831514 -0.286712266653 -0.132874728407
v 0.0976052446136 -0.288493705569 -0.133844142514
v 0.0950289237957 -0.28750944416 -0.132663549221
v 0.0967000835185 -0.288589360289 -0.131928017892
v 0.0959340848908 -0.28741378944 -0.134579673843
f 1909 1911 1913
f 1909 1913 1912
f 1909 1912 1914
f 1909 1914 1911
f 1910 1913 1911
f 1910 1912 1913
f 1910 1914 1912
f 1910 1911 1914
v 0.0957325667679 -0.289422271624 -0.133329866236
v 0.0970651646615 -0.286843655201 -0.132571631315
v 0.0976996078944 -0.288645307739 -0.1334944151
v 0.095098123535 -0.287620619085 -0.132407082451
v 0.0967366755658 -0.28870321566 -0.131605127403
v 0.0960610558636 -0.287562711165 -0.134296370148
f 1915 1917 1919
f 1915 1919 1918
f 1915 1918 1920
f 1915 1920 1917
f 1916 1919 1917
f 1916 1918 1919
f 1916 1920 1918
f 1916 1917 1920
v 0.0958040473771 -0.28954960279 -0.133022463715
v 0.0971366452706 -0.286970986367 -0.132264228794
v 0.0977820855204 -0.288792228315 -0.133139719884
v 0.0951586071274 -0.287728360841 -0.132146972626
v 0.0967625551429 -0.288812318884 -0.131279570917
v 0.0961781375048 -0.287708270272 -0.134007121593
f 1921 1923 1925
f 1921 1925 1924
f 1921 1924 1926
f 1921 1926 1923
f 1922 1925 1923
f 1922 1924 1925
f 1922 1926 1924
f 1922 1923 1926
v 0.0958651399972 -0.28967272144 -0.132711130288
v 0.0971977378908 -0.287094105017 -0.131952895368
v 0.0978525770051 -0.288934288296 -0.132780489007
v 0.0952103008829 -0.28783253816 -0.131883536649
v 0.0967776907195 -0.288916537037 -0.130951745076
v 0.0962851871685 -0.28785028942 -0.13371228058
f 1927 1929 1931
f 1927 1931 1930
f 1927 1930 1932
f 1927 1932 1929
f 1928 1931 1929
f 1928 1930 1931
f 1928 1932 1930
f 1928 1929 1932
v 0.0959157701965 -0.289791477573 -0.132396245267
v 0.09724836809 -0.28721286115 -0.131638010346
v 0.0979109964658 -0.289071314604 -0.132417160136
v 0.0952531418207 -0.28793302412 -0.131617095477
v 0.0967820638554 -0.289015743143 -0.130622049283
v 0.096382074431 -0.287988595581 -0.13341220633
f 1933 1935 1937
f 1933 1937 1936
f 1933 1936 1938
f 1933 1938 1935
f 1934 1937 1935
f 1934 1936 1937
f 1934 1938 1936
f 1934 1935 1938
v 0.0959558762896 -0.289905726504 -0.13207819229
v 0.0972884741832 -0.287327110081 -0.131319957369
v 0.0979572727271 -0.289203140293 -0.132050175932
v 0.0952870777457 -0.288029696292 -0.131347973728
v 0.0967756692225 -0.289109816336 -0.130290885223
v 0.0964686812503 -0.288123020249 -0.133107264436
f 1939 1941 1943
f 1939 1943 1942
f 1939 1942 1944
f 1939 1944 1941
f 1940 1943 1941
f 1940 1942 1943
f 1940 1944 1942
f 1940 1941 1944
v 0.0959854094137 -0.290015329037 -0.131757358856
v 0.0973180073072 -0.287436712614 -0.130999123935
v 0.0979913494087 -0.289329604755 -0.131679983508
v 0.0953120673121 -0.288122436897 -0.131076499284
v 0.0967585146117 -0.289198642002 -0.129958656369
v 0.0965449021092 -0.28825339965 -0.132797826423
f 1945 1947 1949
f 1945 1949 1948
f 1945 1948 1950
f 1945 1950 1947
f 1946 1949 1947
f 1946 1948 1949
f 1946 1950 1948
f 1946 1947 1950
v 0.096004333587 -0.290120151639 -0.131434135852
v 0.0973369314805 -0.287541535216 -0.130675900931
v 0.0980131849933 -0.289450553911 -0.131307033887
v 0.0953280800742 -0.288211132945 -0.130803002895
v 0.0967306209232 -0.28928211192 -0.129625767489
v 0.0966106441443 -0.288379574935 -0.132484269293
f 1951 1953 1955
f 1951 1955 1954
f 1951 1954 1956
f 1951 1956 1953
f 1952 1955 1953
f 1952 1954 1955
f 1952 1956 1954
f 1952 1953 1956
v 0.0960126257534 -0.2902200666 -0.131108917074
v 0.097345223647 -0.287641450177 -0.130350682153
v 0.0980227528777 -0.289565840404 -0.130931781451
v 0.0953350965227 -0.288295676373 -0.130527817775
v 0.0966920221412 -0.289360124396 -0.129292624158
v 0.0966658272592 -0.28850139238 -0.132166975068
f 1957 1959 1961
f 1957 1961 1960
f 1957 1960 1962
f 1957 1962 1959
f 1958 1961 1959
f 1958 1960 1961
f 1958 1962 1960
f 1958 1959 1962
v 0.0960102758103 -0.290314952188 -0.130782098751
v 0.0973428737038 -0.287736335765 -0.13002386383
v 0.0980200414048 -0.289675323775 -0.130554683387
v 0.0953331081093 -0.288375964178 -0.130251279194
v 0.0966427652924 -0.289432584383 -0.12895963226
v 0.0967103842217 -0.288618703569 -0.131846330321
f 1963 1965 1967
f 1963 1967 1966
f 1963 1966 1968
f 1963 1968 1965
f 1964 1967 1965
f 1964 1966 1967
f 1964 1968 1966
f 1964 1965 1968
v 0.0959972866205 -0.2904046928 -0.130454079062
v 0.0973298845141 -0.287826076377 -0.129695844141
v 0.0980050538782 -0.289778870635 -0.13017619913
v 0.0953221172564 -0.288451898542 -0.129973724073
v 0.0965829103886 -0.2894994036 -0.128627197493
v 0.096744260746 -0.288731365576 -0.13152272571
f 1969 1971 1973
f 1969 1973 1972
f 1969 1972 1974
f 1969 1974 1971
f 1970 1973 1971
f 1970 1972 1973
f 1970 1974 1972
f 1970 1971 1974
v 0.0959736740095 -0.290489179101 -0.130125257647
v 0.0973062719031 -0.287910562678 -0.129367022727
v 0.0979778085578 -0.289876354828 -0.129796789806
v 0.0953021373548 -0.288523386951 -0.129695490568
v 0.0965125303538 -0.289560500638 -0.128295724878
v 0.0967674155588 -0.288839241141 -0.131196555496
f 1975 1977 1979
f 1975 1979 1978
f 1975 1978 1980
f 1975 1980 1977
f 1976 1979 1977
f 1976 1978 1979
f 1976 1980 1978
f 1976 1977 1980
v 0.0959394667456 -0.290568308158 -0.129796035126
v 0.0972720646392 -0.287989691734 -0.129037800205
v 0.0979383386379 -0.289967657586 -0.129416917666
v 0.0952731927469 -0.288590342306 -0.129416917666
v 0.0964317109354 -0.28961580106 -0.127965618265
v 0.0967798204494 -0.288942198832 -0.130868217067
f 1981 1983 1985
f 1981 1985 1984
f 1981 1984 1986
f 1981 1986 1983
f 1982 1985 1983
f 1982 1984 1985
f 1982 1986 1984
f 1982 1983 1986
v 0.0958947065051 -0.290641983563 -0.129466812605
v 0.0972273043986 -0.288063367139 -0.128708577684
v 0.0978866922065 -0.290052667669 -0.129037045526
v 0.0952353186972 -0.288652683034 -0.129138344763
v 0.0963405505992 -0.28966523749 -0.127637279836
v 0.0967814603046 -0.289040113212 -0.130538110453
f 1987 1989 1991
f 1987 1991 1990
f 1987 1990 1992
f 1987 1992 1989
f 1988 1991 1989
f 1988 1990 1991
f 1988 1992 1990
f 1988 1989 1992
v 0.0958394478214 -0.290710115555 -0.129137991191
v 0.0971720457149 -0.288131499132 -0.12837975627
v 0.0978229321868 -0.290131281506 -0.128657636202
v 0.0951885613494 -0.288710333181 -0.128860111259
v 0.0962391604101 -0.289708749698 -0.127311109622
v 0.0967723331262 -0.289132864988 -0.130206637839
f 1993 1995 1997
f 1993 1997 1996
f 1993 1996 1998
f 1993 1998 1995
f 1994 1997 1995
f 1994 1996 1997
f 1994 1998 1996
f 1994 1995 1998
v 0.0957737580187 -0.290772621125 -0.128809971501
v 0.0971063559122 -0.288194004702 -0.12805173658
v 0.0977471362606 -0.290203403318 -0.128279151945
v 0.0951329776702 -0.288763222509 -0.128582556137
v 0.0961276638964 -0.289746284671 -0.12698750501
v 0.0967524500345 -0.289220341156 -0.129874203072
f 1999 2001 2003
f 1999 2003 2002
f 1999 2002 2004
f 1999 2004 2001
f 2000 2003 2001
f 2000 2002 2003
f 2000 2004 2002
f 2000 2001 2004
v 0.0956977171299 -0.290829424121 -0.128483153179
v 0.0970303150234 -0.288250807697 -0.127724918258
v 0.0976593967736 -0.290268945235 -0.12790205388
v 0.0950686353797 -0.288811286582 -0.128306017556
v 0.0960061968995 -0.289777796678 -0.126666860263
v 0.0967218352538 -0.289302435139 -0.129541211173
f 2005 2007 2009
f 2005 2009 2008
f 2005 2008 2010
f 2005 2010 2007
f 2006 2009 2007
f 2006 2008 2009
f 2006 2010 2008
f 2006 2007 2010
v 0.0956114177992 -0.290880455335 -0.128157934401
v 0.0969440156927 -0.288301838912 -0.12739969948
v 0.0975598206227 -0.290327827406 -0.127526801444
v 0.0949956128691 -0.288854466841 -0.128030832436
v 0.0958749074081 -0.289803247328 -0.126349566038
v 0.0966805260837 -0.289379046919 -0.129208067842
f 2011 2013 2015
f 2011 2015 2014
f 2011 2014 2016
f 2011 2016 2013
f 2012 2015 2013
f 2012 2014 2015
f 2012 2016 2014
f 2012 2013 2016
v 0.0955149651689 -0.290925652595 -0.127834711396
v 0.0968475630624 -0.288347036172 -0.127076476475
v 0.0974485291263 -0.290379978091 -0.127153851823
v 0.094913999105 -0.288892710677 -0.127757336048
v 0.0957339553784 -0.289822605611 -0.126036008909
v 0.0966285728529 -0.289450083157 -0.128875178963
f 2017 2019 2021
f 2017 2021 2020
f 2017 2020 2022
f 2017 2022 2019
f 2018 2021 2019
f 2018 2020 2021
f 2018 2022 2020
f 2018 2019 2022
v 0.0954084767518 -0.290964960835 -0.127513877962
v 0.0967410746453 -0.288386344412 -0.126755643041
v 0.0973256578757 -0.290425333752 -0.1267836594
v 0.0948238935213 -0.288925971495 -0.127485861604
v 0.0955835125386 -0.289835847944 -0.125726570895
v 0.0965660388584 -0.289515457304 -0.128542950108
f 2023 2025 2027
f 2023 2027 2026
f 2023 2026 2028
f 2023 2028 2025
f 2024 2027 2025
f 2024 2026 2027
f 2024 2028 2026
f 2024 2025 2028
v 0.0952920822875 -0.290998332164 -0.127195824985
v 0.096624680181 -0.288419715741 -0.126437590064
v 0.0971913565708 -0.290463839132 -0.126416675195
v 0.0947254058977 -0.288954208773 -0.127216739854
v 0.0954237621802 -0.289842958191 -0.125421629001
v 0.0964930002883 -0.289575089713 -0.128211786048
f 2029 2031 2033
f 2029 2033 2032
f 2029 2032 2034
f 2029 2034 2031
f 2030 2033 2031
f 2030 2032 2033
f 2030 2034 2032
f 2030 2031 2034
v 0.0951659235849 -0.291025725923 -0.126880939964
v 0.0964985214784 -0.2884471095 -0.126122705043
v 0.097045788837 -0.290495447316 -0.126053346325
v 0.0946186562262 -0.288977388108 -0.126950298682
v 0.0952548989344 -0.289843927692 -0.125121554751
v 0.0964095461289 -0.289628907732 -0.127882090256
f 2035 2037 2039
f 2035 2039 2038
f 2035 2038 2040
f 2035 2040 2037
f 2036 2039 2037
f 2036 2038 2039
f 2036 2040 2038
f 2036 2037 2040
v 0.0950301543488 -0.291047108739 -0.126569606537
v 0.0963627522423 -0.288468492315 -0.125811371616
v 0.0968891320261 -0.290520119795 -0.125694115447
v 0.0945037745649 -0.288995481259 -0.126686862706
v 0.0950771285349 -0.289838755264 -0.124826713739
v 0.0963157780561 -0.28967684579 -0.127554264414
f 2041 2043 2045
f 2041 2045 2044
f 2041 2044 2046
f 2041 2046 2043
f 2042 2045 2043
f 2042 2044 2045
f 2042 2046 2044
f 2042 2043 2046
v 0.0948849399931 -0.291062454558 -0.126262204016
v 0.0962175378867 -0.288483838134 -0.125503969095
v 0.0967215770004 -0.290537826509 -0.125339420231
v 0.0943809008794 -0.289008466183 -0.12642675288
v 0.0948906675678 -0.289827447209 -0.124537465183
v 0.096211810312 -0.289718845484 -0.127228707928
f 2047 2049 2051
f 2047 2051 2050
f 2047 2050 2052
f 2047 2052 2049
f 2048 2051 2049
f 2048 2050 2051
f 2048 2052 2050
f 2048 2049 2052
v 0.0947304574393 -0.291071744685 -0.125959106924
v 0.0960630553328 -0.288493128261 -0.125200872003
v 0.0965433278998 -0.290548545886 -0.124989692817
v 0.0942501848723 -0.28901632706 -0.12617028611
v 0.0946957432069 -0.289810017304 -0.124254161488
v 0.0960977695652 -0.289754855642 -0.126905817439
f 2053 2055 2057
f 2053 2057 2056
f 2053 2056 2058
f 2053 2058 2055
f 2054 2057 2055
f 2054 2056 2057
f 2054 2058 2056
f 2054 2055 2058
v 0.0945668949004 -0.2910749678 -0.125660684538
v 0.0958994927939 -0.288496351377 -0.124902449618
v 0.0963546018934 -0.290552264866 -0.124645359295
v 0.0941117858009 -0.289019054312 -0.125917774861
v 0.0944925929375 -0.289786486785 -0.123977147817
v 0.0959737947568 -0.289784832392 -0.126585986339
f 2059 2061 2063
f 2059 2063 2062
f 2059 2062 2064
f 2059 2064 2061
f 2060 2063 2061
f 2060 2062 2063
f 2060 2064 2062
f 2060 2061 2064
v 0.0943944516522 -0.291072119978 -0.12536730044
v 0.0957270495457 -0.288493503555 -0.124609065519
v 0.0961556289147 -0.290548978917 -0.124306839182
v 0.0939658722832 -0.289016644616 -0.125669526778
v 0.094281464267 -0.289756884321 -0.123706761667
v 0.095840036931 -0.289808739212 -0.126269604292
f 2065 2067 2069
f 2065 2069 2068
f 2065 2068 2070
f 2065 2070 2067
f 2066 2069 2067
f 2066 2068 2069
f 2066 2070 2068
f 2066 2067 2070
v 0.0942133377903 -0.291063204688 -0.125079312073
v 0.0955459356838 -0.288484588265 -0.124321077152
v 0.0959466513818 -0.290538692044 -0.123974544912
v 0.0938126220924 -0.289009100909 -0.125425844313
v 0.0940626144231 -0.289721245977 -0.123443332463
v 0.0956966590511 -0.289826546976 -0.125957056762
f 2071 2073 2075
f 2071 2075 2074
f 2071 2074 2076
f 2071 2076 2073
f 2072 2075 2073
f 2072 2074 2075
f 2072 2076 2074
f 2072 2073 2076
v 0.094023773974 -0.291048232791 -0.124797070306
v 0.0953563718675 -0.288469616368 -0.124038835386
v 0.0957279239014 -0.290521416779 -0.123648881335
v 0.0936522219401 -0.288996432381 -0.125187024357
v 0.0938363100406 -0.289679615173 -0.123187181152
v 0.0955438358009 -0.289838233986 -0.12564872454
f 2077 2079 2081
f 2077 2081 2080
f 2077 2080 2082
f 2077 2082 2079
f 2078 2081 2079
f 2078 2080 2081
f 2078 2082 2080
f 2078 2079 2082
v 0.0938259911576 -0.291027222529 -0.124520919008
v 0.0951585890512 -0.288448606106 -0.123762684087
v 0.0954997129595 -0.290497174169 -0.123330245222
v 0.0934848672494 -0.288978654467 -0.124953357874
v 0.0936028268367 -0.289632042631 -0.122938619815
v 0.0953817533722 -0.289843786005 -0.12534498328
f 2083 2085 2087
f 2083 2087 2086
f 2083 2086 2088
f 2083 2088 2085
f 2084 2087 2085
f 2084 2086 2087
f 2084 2088 2086
f 2084 2085 2088
v 0.0936202303091 -0.2910001995 -0.124251194627
v 0.0949528282026 -0.288421583076 -0.123492959706
v 0.0952622965957 -0.29046599375 -0.123019024782
v 0.093310761916 -0.288955788826 -0.124725129551
v 0.0933624492745 -0.289578586308 -0.122697951287
v 0.0952106092372 -0.289843196268 -0.125046203046
f 2089 2091 2093
f 2089 2093 2092
f 2089 2092 2094
f 2089 2094 2091
f 2090 2093 2091
f 2090 2092 2093
f 2090 2094 2092
f 2090 2091 2094
v 0.0934067421162 -0.290967196626 -0.123988225779
v 0.0947393400098 -0.288388580202 -0.123229990858
v 0.0950159640655 -0.290427913511 -0.122715599188
v 0.0931301180605 -0.288927863318 -0.124502617449
v 0.0931154702171 -0.289519311335 -0.122465468784
v 0.0950306119089 -0.289836465493 -0.124752747853
f 2095 2097 2099
f 2095 2099 2098
f 2095 2098 2100
f 2095 2100 2097
f 2096 2099 2097
f 2096 2098 2099
f 2096 2100 2098
f 2096 2097 2100
v 0.0931857866816 -0.290928254117 -0.123732332853
v 0.0945183845751 -0.288349637693 -0.122974097932
v 0.0947610154871 -0.290382979846 -0.122420338119
v 0.0929431557696 -0.288894911964 -0.124286092665
v 0.0928621905705 -0.289454289928 -0.122241455551
v 0.0948419806861 -0.289823601881 -0.124464975233
f 2101 2103 2105
f 2101 2105 2104
f 2101 2104 2106
f 2101 2106 2103
f 2102 2105 2103
f 2102 2104 2105
f 2102 2106 2104
f 2102 2103 2106
v 0.0929576332053 -0.290883419417 -0.123483827613
v 0.0942902310988 -0.288304802994 -0.122725592692
v 0.0944977614759 -0.290331247501 -0.122133601305
v 0.0927501028281 -0.288856974911 -0.124075819001
v 0.0926029189169 -0.289383601307 -0.122026184513
v 0.0946449453871 -0.289804621105 -0.124183235793
f 2107 2109 2111
f 2107 2111 2110
f 2107 2110 2112
f 2107 2112 2109
f 2108 2111 2109
f 2108 2110 2111
f 2108 2112 2110
f 2108 2109 2112
v 0.0927225596572 -0.290832747153 -0.123243012826
v 0.0940551575507 -0.288254130729 -0.122484777905
v 0.0942265227666 -0.290272779503 -0.121855738089
v 0.0925511944413 -0.288814098379 -0.123872052643
v 0.0923379711389 -0.289307331593 -0.121819917945
v 0.094439746069 -0.289779546289 -0.123907872787
f 2113 2115 2117
f 2113 2117 2116
f 2113 2116 2118
f 2113 2118 2115
f 2114 2117 2115
f 2114 2116 2117
f 2114 2118 2116
f 2114 2115 2118
v 0.0924808524382 -0.290776299059 -0.123010181888
v 0.0938134503317 -0.288197682635 -0.122251946967
v 0.0939476298216 -0.290207647087 -0.121587087006
v 0.0923466729483 -0.288766334607 -0.123675041849
v 0.0920676700345 -0.289225573711 -0.12162290715
v 0.0942266327354 -0.289748407983 -0.123639221704
f 2119 2121 2123
f 2119 2123 2122
f 2119 2122 2124
f 2119 2124 2121
f 2120 2123 2121
f 2120 2122 2123
f 2120 2124 2122
f 2120 2121 2124
v 0.0922328060314 -0.290714143908 -0.122785618466
v 0.0935654039249 -0.288135527485 -0.122027383545
v 0.0936614224291 -0.290135929606 -0.121327975366
v 0.0921367875271 -0.288713741788 -0.123485026646
v 0.091792344924 -0.289138427269 -0.121435392157
v 0.0940058650323 -0.289711244125 -0.123377609854
f 2125 2127 2129
f 2125 2129 2128
f 2125 2128 2130
f 2125 2130 2127
f 2126 2129 2127
f 2126 2128 2129
f 2126 2130 2128
f 2126 2127 2130
v 0.091978722643 -0.290646357429 -0.122569596157
v 0.0933113205366 -0.288067741005 -0.121811361236
v 0.0933682492887 -0.290057714437 -0.121078718855
v 0.0919217938908 -0.288656383997 -0.123302238538
v 0.0915123312486 -0.289045998442 -0.121257601424
v 0.093777711931 -0.289668099992 -0.12312335597
f 2131 2133 2135
f 2131 2135 2134
f 2131 2134 2136
f 2131 2136 2133
f 2132 2135 2133
f 2132 2134 2135
f 2132 2136 2134
f 2132 2133 2136
v 0.0917189118346 -0.290573022207 -0.122362378151
v 0.0930515097282 -0.287994405784 -0.12160414323
v 0.0930684675867 -0.289973096873 -0.120839621156
v 0.091701953976 -0.288594331117 -0.123126900225
v 0.0912279701619 -0.28894839984 -0.12108975156
v 0.0935424514009 -0.28961902815 -0.122876769821
f 2137 2139 2141
f 2137 2141 2140
f 2137 2140 2142
f 2137 2142 2139
f 2138 2141 2139
f 2138 2140 2141
f 2138 2142 2140
f 2138 2139 2142
v 0.0914536901456 -0.290494227591 -0.122164216911
v 0.0927862880391 -0.287915611167 -0.12140598199
v 0.092762442561 -0.289882180008 -0.120610973571
v 0.0914775356238 -0.288527658749 -0.12295922533
v 0.0909396081139 -0.288845750373 -0.120932047066
v 0.0933003700708 -0.289564088385 -0.122638151835
f 2143 2145 2147
f 2143 2147 2146
f 2143 2146 2148
f 2143 2148 2145
f 2144 2147 2145
f 2144 2146 2147
f 2144 2148 2146
f 2144 2145 2148
v 0.0911833807078 -0.290410069579 -0.121975353866
v 0.0925159786013 -0.287831453155 -0.121217118945
v 0.0924505470558 -0.28978507461 -0.120393054673
v 0.0912488122533 -0.288456448124 -0.122799418137
v 0.0906475964296 -0.288738175102 -0.120784680079
v 0.0930517628795 -0.289503347632 -0.122407792731
f 2149 2151 2153
f 2149 2153 2152
f 2149 2152 2154
f 2149 2154 2151
f 2150 2153 2151
f 2150 2152 2153
f 2150 2154 2152
f 2150 2151 2154
v 0.0909083128515 -0.290320650705 -0.121796019116
v 0.0922409107451 -0.287742034282 -0.121037784195
v 0.0921331610678 -0.289681898987 -0.120186129961
v 0.0910160625288 -0.288380786 -0.122647673349
v 0.0903522908801 -0.288625805092 -0.120647830145
v 0.0927969327165 -0.289436879895 -0.122185973166
f 2155 2157 2159
f 2155 2159 2158
f 2155 2158 2160
f 2155 2160 2157
f 2156 2159 2157
f 2156 2158 2159
f 2156 2160 2158
f 2156 2157 2160
v 0.0906288217047 -0.290226079913 -0.121626431153
v 0.0919614195982 -0.28764746349 -0.120868196232
v 0.091810671283 -0.289572778842 -0.119990451543
v 0.0907795700199 -0.288300764561 -0.122504175842
v 0.0900540512497 -0.288508777248 -0.120521663992
v 0.0925361900532 -0.289364766155 -0.121972963393
f 2161 2163 2165
f 2161 2165 2164
f 2161 2164 2166
f 2161 2166 2163
f 2162 2165 2163
f 2162 2164 2165
f 2162 2166 2164
f 2162 2163 2166
v 0.0903452477841 -0.290126472422 -0.121466796594
v 0.0916778456777 -0.287547855999 -0.120708561673
v 0.0914834706054 -0.289457847121 -0.119806257821
v 0.0905396228564 -0.288216481299 -0.122369100447
v 0.0897532408975 -0.28838723415 -0.120406335336
v 0.0922698525642 -0.28928709427 -0.121769022932
f 2167 2169 2171
f 2167 2171 2170
f 2167 2170 2172
f 2167 2172 2169
f 2168 2171 2169
f 2168 2170 2171
f 2168 2172 2170
f 2168 2169 2172
v 0.090057936581 -0.290021949589 -0.12131730993
v 0.0913905344745 -0.287443333165 -0.120559075009
v 0.0911519576787 -0.289337243852 -0.119633773209
v 0.0902965133768 -0.288128038901 -0.12224261173
v 0.0894502263147 -0.288261323881 -0.120301984687
v 0.0919982447409 -0.289203958873 -0.121574400252
f 2173 2175 2177
f 2173 2177 2176
f 2173 2176 2178
f 2173 2178 2175
f 2174 2177 2175
f 2174 2176 2177
f 2174 2178 2176
f 2174 2175 2178
v 0.0897672381398 -0.289912638758 -0.121178153286
v 0.0910998360333 -0.287334022334 -0.120419918365
v 0.0908165364004 -0.289211115971 -0.11947320785
v 0.0900505377727 -0.288035545122 -0.122124863801
v 0.0891453766776 -0.288131199842 -0.120208739179
v 0.0917216974955 -0.28911546125 -0.121389332472
f 2179 2181 2183
f 2179 2183 2182
f 2179 2182 2184
f 2179 2184 2181
f 2180 2183 2181
f 2180 2182 2183
f 2180 2184 2182
f 2180 2181 2184
v 0.0894735066317 -0.289798673108 -0.121049496204
v 0.0908061045253 -0.287220056685 -0.120291261283
v 0.0904776154296 -0.289079617144 -0.119324757371
v 0.0898019957274 -0.287939112649 -0.122016000116
v 0.0888390633988 -0.287997020569 -0.120126712419
v 0.0914405477582 -0.289021709223 -0.121214045068
f 2185 2187 2189
f 2185 2189 2188
f 2185 2188 2190
f 2185 2190 2187
f 2186 2189 2187
f 2186 2188 2189
f 2186 2190 2188
f 2186 2187 2190
v 0.0891770999235 -0.289680191489 -0.120931495432
v 0.090509697817 -0.287101575065 -0.120173260511
v 0.0901356076892 -0.288942907583 -0.119188602634
v 0.0895511900512 -0.287838858971 -0.121916153309
v 0.0885316596737 -0.28785894954 -0.120056004342
v 0.0911551380667 -0.288922817014 -0.1210487516
f 2191 2193 2195
f 2191 2195 2194
f 2191 2194 2196
f 2191 2196 2193
f 2192 2195 2193
f 2192 2194 2195
f 2192 2196 2194
f 2192 2193 2196
v 0.0888783791408 -0.289557338252 -0.120824294736
v 0.0902109770344 -0.286978721828 -0.120066059815
v 0.0897909298631 -0.288801153848 -0.119064909523
v 0.0892984263121 -0.287734906232 -0.121825445028
v 0.0882235400265 -0.287717154972 -0.119996701097
v 0.0908658161487 -0.288818905108 -0.120893653454
f 2197 2199 2201
f 2197 2201 2200
f 2197 2200 2202
f 2197 2202 2199
f 2198 2201 2199
f 2198 2200 2201
f 2198 2202 2200
f 2198 2199 2202
v 0.0885777082291 -0.289430263075 -0.120728024724
v 0.0899103061227 -0.286851646651 -0.119969789803
v 0.0894440018881 -0.288654528644 -0.11895382874
v 0.0890440124637 -0.287627381082 -0.121743985787
v 0.0879150798534 -0.287571809621 -0.119948874934
v 0.0905729344985 -0.288710100105 -0.120748939593
f 2203 2205 2207
f 2203 2207 2206
f 2203 2206 2208
f 2203 2208 2205
f 2204 2207 2205
f 2204 2206 2207
f 2204 2208 2206
f 2204 2205 2208
v 0.0882754535096 -0.289299120779 -0.120642802685
v 0.0896080514031 -0.286720504356 -0.119884567764
v 0.0890952464425 -0.288503210611 -0.118855495619
v 0.0887882584702 -0.287516414524 -0.121671874831
v 0.0876066549656 -0.287423090567 -0.119912584123
v 0.0902768499471 -0.288596534568 -0.120614786327
f 2209 2211 2213
f 2209 2213 2212
f 2209 2212 2214
f 2209 2214 2211
f 2210 2213 2211
f 2210 2212 2213
f 2210 2214 2212
f 2210 2211 2214
v 0.087971983233 -0.289164071142 -0.120568732451
v 0.0893045811265 -0.286585454718 -0.11981049753
v 0.088745088431 -0.288347384106 -0.118770029963
v 0.0885314759285 -0.287402141754 -0.121609200017
v 0.0872986411314 -0.287271179001 -0.119887872878
v 0.089977923228 -0.288478346859 -0.120491357103
f 2215 2217 2219
f 2215 2219 2218
f 2215 2218 2220
f 2215 2220 2217
f 2216 2219 2217
f 2216 2218 2219
f 2216 2220 2218
f 2216 2217 2220
v 0.0876676671311 -0.2890252787 -0.120505904263
v 0.0890002650246 -0.286446662276 -0.119747669342
v 0.0883939544673 -0.288187238981 -0.118697535901
v 0.0882739776884 -0.287284701996 -0.121556037705
v 0.0869914136183 -0.287116260005 -0.119874771307
v 0.0896765185374 -0.288355680971 -0.120378802299
f 2221 2223 2225
f 2221 2225 2224
f 2221 2224 2226
f 2221 2226 2223
f 2222 2225 2223
f 2222 2224 2225
f 2222 2226 2224
f 2222 2223 2226
v 0.0873628759662 -0.28888291255 -0.120454394669
v 0.0886954738597 -0.286304296127 -0.119696159748
v 0.0880422723539 -0.288022970347 -0.118638101754
v 0.088016077472 -0.287164238331 -0.121512452664
v 0.0866853467355 -0.286958522323 -0.119873295371
v 0.0893730030904 -0.288228686354 -0.120277259047
f 2227 2229 2231
f 2227 2231 2230
f 2227 2230 2232
f 2227 2232 2229
f 2228 2231 2229
f 2228 2230 2231
f 2228 2232 2230
f 2228 2229 2232
v 0.0870579810794 -0.288737146145 -0.120414266425
v 0.088390578973 -0.286158529721 -0.119656031504
v 0.0876904705615 -0.28785477834 -0.118591799933
v 0.0877580894909 -0.287040897526 -0.121478497995
v 0.0863808133784 -0.286798158135 -0.119883446868
v 0.089067746674 -0.288097517731 -0.120186851061
f 2233 2235 2237
f 2233 2237 2236
f 2233 2236 2238
f 2233 2238 2235
f 2234 2237 2235
f 2234 2236 2237
f 2234 2238 2236
f 2234 2235 2238
v 0.0867533539382 -0.288588157077 -0.120385568421
v 0.0880859518318 -0.286009540653 -0.1196273335
v 0.0873389777063 -0.287682867877 -0.118558686852
v 0.0875003280637 -0.286914829853 -0.121454215069
v 0.0860781845741 -0.286635362818 -0.119905213432
v 0.0887611211959 -0.287962334911 -0.120107688489
f 2239 2241 2243
f 2239 2243 2242
f 2239 2242 2244
f 2239 2244 2241
f 2240 2243 2241
f 2240 2242 2243
f 2240 2244 2242
f 2240 2241 2244
v 0.0864493656838 -0.288436126866 -0.120368335621
v 0.0877819635774 -0.285857510443 -0.1196101007
v 0.0869882220281 -0.287507448404 -0.118538802852
v 0.0872431072331 -0.286786188906 -0.121439633469
v 0.0857778290291 -0.286470334716 -0.119938568541
v 0.0884535002321 -0.287823302594 -0.120039867779
f 2245 2247 2249
f 2245 2249 2248
f 2245 2248 2250
f 2245 2250 2247
f 2246 2249 2247
f 2246 2248 2249
f 2246 2250 2248
f 2246 2247 2250
v 0.0861463866791 -0.28828124074 -0.12036258902
v 0.0874789845727 -0.285702624316 -0.119604354099
v 0.0866386308689 -0.287328733642 -0.118532172159
v 0.0869867403829 -0.286655131414 -0.121434770961
v 0.0854801126804 -0.286303274888 -0.11998347156
v 0.0881452585714 -0.287680590168 -0.11998347156
f 2251 2253 2255
f 2251 2255 2254
f 2251 2254 2256
f 2251 2256 2253
f 2252 2255 2253
f 2252 2254 2255
f 2252 2256 2254
f 2252 2253 2256
v 0.0858447860573 -0.288123687401 -0.120368335621
v 0.0871773839508 -0.285545070978 -0.1196101007
v 0.0862906301514 -0.287146941328 -0.118538802852
v 0.0867315398568 -0.28652181705 -0.121439633469
v 0.0851853982494 -0.286134386872 -0.120039867779
v 0.0878367717587 -0.287534371507 -0.119938568541
f 2257 2259 2261
f 2257 2261 2260
f 2257 2260 2262
f 2257 2262 2259
f 2258 2261 2259
f 2258 2260 2261
f 2258 2262 2260
f 2258 2259 2262
v 0.0855449312723 -0.287963658805 -0.120385568421
v 0.0868775291659 -0.285385042382 -0.1196273335
v 0.085944643861 -0.286962292948 -0.118558686852
v 0.0864778165772 -0.286386408239 -0.121454215069
v 0.0848940448004 -0.285963876431 -0.120107688489
v 0.0875284156378 -0.287384824756 -0.119905213432
f 2263 2265 2267
f 2263 2267 2266
f 2263 2266 2268
f 2263 2268 2265
f 2264 2267 2265
f 2264 2266 2267
f 2264 2268 2266
f 2264 2265 2268
v 0.085247187651 -0.287801349922 -0.120414266425
v 0.0865797855446 -0.285222733499 -0.119656031504
v 0.0856010935287 -0.286775013468 -0.118591799933
v 0.0862258796668 -0.286249069953 -0.121478497995
v 0.0846064073026 -0.285791951306 -0.120186851061
v 0.087220565893 -0.287232132114 -0.119883446868
f 2269 2271 2273
f 2269 2273 2272
f 2269 2272 2274
f 2269 2274 2271
f 2270 2273 2271
f 2270 2272 2273
f 2270 2274 2272
f 2270 2271 2274
v 0.0849519179481 -0.2876369585 -0.120454394669
v 0.0862845158417 -0.285058342077 -0.119696159748
v 0.0852603977177 -0.286585331058 -0.118638101754
v 0.0859760360721 -0.286109969519 -0.121512452664
v 0.084322836198 -0.285618820962 -0.120277259047
v 0.0869135975918 -0.287076479615 -0.119873295371
f 2275 2277 2279
f 2275 2279 2278
f 2275 2278 2280
f 2275 2280 2277
f 2276 2279 2277
f 2276 2278 2279
f 2276 2280 2278
f 2276 2277 2280
v 0.0846594819043 -0.287470684825 -0.120505904263
v 0.0859920797979 -0.284892068402 -0.119747669342
v 0.0849229715133 -0.286393476818 -0.118697535901
v 0.0857285901889 -0.285969276409 -0.121556037705
v 0.0840436769743 -0.285444696331 -0.120378802299
v 0.0866078847279 -0.286918056896 -0.119874771307
f 2281 2283 2285
f 2281 2285 2284
f 2281 2284 2286
f 2281 2286 2283
f 2282 2285 2283
f 2282 2284 2285
f 2282 2286 2284
f 2282 2283 2286
v 0.0843702358079 -0.287302731476 -0.120568732451
v 0.0857028337014 -0.284724115053 -0.11981049753
v 0.0845892260174 -0.286199684492 -0.118770029963
v 0.0854838434919 -0.285827162037 -0.121609200017
v 0.083769269744 -0.285269789557 -0.120491357103
v 0.0863037997653 -0.286757056972 -0.119887872878
f 2287 2289 2291
f 2287 2291 2290
f 2287 2290 2292
f 2287 2292 2289
f 2288 2291 2289
f 2288 2290 2291
f 2288 2292 2290
f 2288 2289 2292
v 0.0840845320606 -0.287133303078 -0.120642802685
v 0.0854171299541 -0.284554686654 -0.119884567764
v 0.0842595678474 -0.286004190186 -0.118855495619
v 0.0852420941672 -0.285683799546 -0.121671874831
v 0.0834999488301 -0.285094313737 -0.120614786327
v 0.0860017131845 -0.286593675995 -0.119912584123
f 2293 2295 2297
f 2293 2297 2296
f 2293 2296 2298
f 2293 2298 2295
f 2294 2297 2295
f 2294 2296 2297
f 2294 2298 2296
f 2294 2295 2298
v 0.0838027187484 -0.286962606053 -0.120728024724
v 0.0851353166419 -0.28438398963 -0.119969789803
v 0.0839343986411 -0.28580723208 -0.11895382874
v 0.0850036367492 -0.285539363602 -0.121743985787
v 0.0832360423586 -0.284918482662 -0.120748939593
v 0.0857019930317 -0.286428113021 -0.119948874934
f 2299 2301 2303
f 2299 2303 2302
f 2299 2302 2304
f 2299 2304 2301
f 2300 2303 2301
f 2300 2302 2303
f 2300 2304 2302
f 2300 2301 2304
v 0.0835251392176 -0.28679084837 -0.120824294736
v 0.0848577371111 -0.284212231946 -0.120066059815
v 0.083614114567 -0.285609050138 -0.119064909523
v 0.0847687617616 -0.285394030178 -0.121825445028
v 0.0829778718589 -0.284742510554 -0.120893653454
v 0.0854050044697 -0.286260569762 -0.119996701097
f 2305 2307 2309
f 2305 2309 2308
f 2305 2308 2310
f 2305 2310 2307
f 2306 2309 2307
f 2306 2308 2309
f 2306 2310 2308
f 2306 2307 2310
v 0.0832521316559 -0.286618239288 -0.120931495432
v 0.0845847295494 -0.284039622865 -0.120173260511
v 0.083299105842 -0.285409885813 -0.119188602634
v 0.0845377553632 -0.285247976339 -0.121916153309
v 0.082725751872 -0.284566611809 -0.1210487516
v 0.0851111093332 -0.286091250344 -0.120056004342
f 2311 2313 2315
f 2311 2315 2314
f 2311 2314 2316
f 2311 2316 2313
f 2312 2315 2313
f 2312 2314 2315
f 2312 2316 2314
f 2312 2313 2316
v 0.082984028681 -0.286444989106 -0.121049496204
v 0.0843166265745 -0.283866372682 -0.120291261283
v 0.0829897562557 -0.285209981757 -0.119324757371
v 0.0843108989999 -0.285101380031 -0.122016000116
v 0.0824799895673 -0.284391000731 -0.121214045068
v 0.0848206656883 -0.285920361057 -0.120126712419
f 2317 2319 2321
f 2317 2321 2320
f 2317 2320 2322
f 2317 2322 2319
f 2318 2321 2319
f 2318 2320 2321
f 2318 2322 2320
f 2318 2319 2322
v 0.0827211569352 -0.286271308901 -0.121178153286
v 0.0840537548287 -0.283692692478 -0.120419918365
v 0.0826864427028 -0.285009581521 -0.11947320785
v 0.0840884690611 -0.284954419858 -0.122124863801
v 0.0822408843682 -0.284215891276 -0.121389332472
v 0.0845340273957 -0.285748110103 -0.120208739179
f 2323 2325 2327
f 2323 2327 2326
f 2323 2326 2328
f 2323 2328 2325
f 2324 2327 2325
f 2324 2326 2327
f 2324 2328 2326
f 2324 2325 2328
v 0.0824638366871 -0.286097410277 -0.12131730993
v 0.0837964345806 -0.283518793854 -0.120559075009
v 0.0823895347242 -0.284808929262 -0.119633773209
v 0.0838707365435 -0.284807274869 -0.12224261173
v 0.0820087275876 -0.284041496788 -0.121574400252
v 0.0842515436801 -0.285574707343 -0.120301984687
f 2329 2331 2333
f 2329 2333 2332
f 2329 2332 2334
f 2329 2334 2331
f 2330 2333 2331
f 2330 2332 2333
f 2330 2334 2332
f 2330 2331 2334
v 0.0822123814418 -0.285923505103 -0.121466796594
v 0.0835449793354 -0.283344888679 -0.120708561673
v 0.0820993940566 -0.284608269446 -0.119806257821
v 0.0836579667206 -0.284660124337 -0.122369100447
v 0.0817838020728 -0.28386802974 -0.121769022932
v 0.0839735587043 -0.285400364042 -0.120406335336
f 2335 2337 2339
f 2335 2339 2338
f 2335 2338 2340
f 2335 2340 2337
f 2336 2339 2337
f 2336 2338 2339
f 2336 2340 2338
f 2336 2337 2340
v 0.0819670975589 -0.285749805254 -0.121626431153
v 0.0832996954524 -0.283171188831 -0.120868196232
v 0.0818163741917 -0.284407846543 -0.119990451543
v 0.0834504188196 -0.284513147541 -0.122504175842
v 0.081566381861 -0.283695701475 -0.121972963393
v 0.0837004111503 -0.28522529261 -0.120521663992
f 2341 2343 2345
f 2341 2345 2344
f 2341 2344 2346
f 2341 2346 2343
f 2342 2345 2343
f 2342 2344 2345
f 2342 2346 2344
f 2342 2343 2346
v 0.0817282838789 -0.285576522358 -0.121796019116
v 0.0830608817724 -0.282997905934 -0.121037784195
v 0.0815408199455 -0.28420790474 -0.120186129961
v 0.0832483457058 -0.284366523552 -0.122647673349
v 0.081356731845 -0.283524721947 -0.122185973166
v 0.0834324338063 -0.285049706345 -0.120647830145
f 2347 2349 2351
f 2347 2351 2350
f 2347 2350 2352
f 2347 2352 2349
f 2348 2351 2349
f 2348 2350 2351
f 2348 2352 2350
f 2348 2349 2352
v 0.0814962313595 -0.285403867532 -0.121975353866
v 0.082828829253 -0.282825251109 -0.121217118945
v 0.0812730670385 -0.284008687633 -0.120393054673
v 0.083051993574 -0.284220431008 -0.122799418137
v 0.0811551074512 -0.28335529947 -0.122407792731
v 0.0831699531613 -0.284873819171 -0.120784680079
f 2353 2355 2357
f 2353 2357 2356
f 2353 2356 2358
f 2353 2358 2355
f 2354 2357 2355
f 2354 2356 2357
f 2354 2358 2356
f 2354 2355 2358
v 0.081271222721 -0.285232051131 -0.122164216911
v 0.0826038206145 -0.282653434708 -0.12140598199
v 0.0810134416864 -0.28381043794 -0.120610973571
v 0.0828616016491 -0.284075047899 -0.12295922533
v 0.0809617543279 -0.283187640458 -0.122638151835
v 0.0829132890076 -0.284697845381 -0.120932047066
f 2359 2361 2363
f 2359 2363 2362
f 2359 2362 2364
f 2359 2364 2361
f 2360 2363 2361
f 2360 2362 2363
f 2360 2364 2362
f 2360 2361 2364
v 0.0810535321017 -0.285061282486 -0.122362378151
v 0.0823861299952 -0.282482666063 -0.12160414323
v 0.0807622602026 -0.283613397195 -0.120839621156
v 0.0826774018943 -0.283930551353 -0.123126900225
v 0.0807769080459 -0.283021949178 -0.122876769821
v 0.082662754051 -0.284521999371 -0.12108975156
f 2365 2367 2369
f 2365 2369 2368
f 2365 2368 2370
f 2365 2370 2367
f 2366 2369 2367
f 2366 2368 2369
f 2366 2370 2368
f 2366 2367 2370
v 0.0808434247241 -0.284891769652 -0.122569596157
v 0.0821760226177 -0.282313153229 -0.121811361236
v 0.0805198286131 -0.283417805464 -0.121078718855
v 0.0824996187287 -0.283787117417 -0.123302238538
v 0.0806007938122 -0.282858427499 -0.12312335597
v 0.0824186535296 -0.284346495382 -0.121257601424
f 2371 2373 2375
f 2371 2375 2374
f 2371 2374 2376
f 2371 2376 2373
f 2372 2375 2373
f 2372 2374 2375
f 2372 2376 2374
f 2372 2373 2376
v 0.0806411565718 -0.284723719155 -0.122785618466
v 0.0819737544653 -0.282145102732 -0.122027383545
v 0.0802864422835 -0.283223901044 -0.121327975366
v 0.0823284687536 -0.283644920842 -0.123485026646
v 0.0804336261947 -0.282697274648 -0.123377609854
v 0.0821812848425 -0.284171547238 -0.121435392157
f 2377 2379 2381
f 2377 2381 2380
f 2377 2380 2382
f 2377 2382 2379
f 2378 2381 2379
f 2378 2380 2381
f 2378 2382 2380
f 2378 2379 2382
v 0.0804469740772 -0.284557335738 -0.123010181888
v 0.0817795719708 -0.281978719315 -0.122251946967
v 0.080062385559 -0.283031920178 -0.121587087006
v 0.082164160489 -0.283504134874 -0.123675041849
v 0.0802756088613 -0.282538686964 -0.123639221704
v 0.0819509371867 -0.283997368088 -0.12162290715
f 2383 2385 2387
f 2383 2387 2386
f 2383 2386 2388
f 2383 2388 2385
f 2384 2387 2385
f 2384 2386 2387
f 2384 2388 2386
f 2384 2385 2388
v 0.0802611138219 -0.284392822114 -0.123243012826
v 0.0815937117155 -0.28181420569 -0.122484777905
v 0.0798479314182 -0.282842096766 -0.121855738089
v 0.0820068941191 -0.283364931038 -0.123872052643
v 0.080126934332 -0.282382857662 -0.123907872787
v 0.0817278912054 -0.283824170142 -0.121819917945
f 2389 2391 2393
f 2389 2393 2392
f 2389 2392 2394
f 2389 2394 2391
f 2390 2393 2391
f 2390 2392 2393
f 2390 2394 2392
f 2390 2391 2394
v 0.0800838022479 -0.284230378717 -0.123483827613
v 0.0814164001415 -0.281651762294 -0.122725592692
v 0.0796433411406 -0.282654662077 -0.122133601305
v 0.0818568612488 -0.283227478933 -0.124075819001
v 0.0799877837437 -0.282229976596 -0.124183235793
v 0.0815124186457 -0.283652164415 -0.122026184513
f 2395 2397 2399
f 2395 2399 2398
f 2395 2398 2400
f 2395 2400 2397
f 2396 2399 2397
f 2396 2398 2399
f 2396 2400 2398
f 2396 2397 2400
v 0.0799152553821 -0.28407020346 -0.123732332853
v 0.0812478532757 -0.281491587036 -0.122974097932
v 0.0794488639877 -0.282469844473 -0.122420338119
v 0.0817142446701 -0.283091946023 -0.124286092665
v 0.07985832663 -0.282080230028 -0.124464975233
v 0.0813047820279 -0.283481560468 -0.122241455551
f 2401 2403 2405
f 2401 2405 2404
f 2401 2404 2406
f 2401 2406 2403
f 2402 2405 2403
f 2402 2404 2405
f 2402 2406 2404
f 2402 2403 2406
v 0.0797556785729 -0.283912491491 -0.123988225779
v 0.0810882764664 -0.281333875068 -0.123229990858
v 0.0792647369002 -0.282287869124 -0.122715599188
v 0.0815792181392 -0.282958497434 -0.124502617449
v 0.0797387207143 -0.281933800401 -0.124752747853
v 0.081105234325 -0.283312566158 -0.122465468784
f 2407 2409 2411
f 2407 2411 2410
f 2407 2410 2412
f 2407 2412 2409
f 2408 2411 2409
f 2408 2410 2411
f 2408 2412 2410
f 2408 2409 2412
v 0.07960526624 -0.283757434959 -0.124251194627
v 0.0809378641335 -0.281178818535 -0.123492959706
v 0.0790911842083 -0.282108957741 -0.123019024782
v 0.0814519461652 -0.282827295753 -0.124725129551
v 0.0796291117182 -0.281790866117 -0.125046203046
v 0.0809140186554 -0.283145387376 -0.122697951287
f 2413 2415 2417
f 2413 2417 2416
f 2413 2416 2418
f 2413 2418 2415
f 2414 2417 2415
f 2414 2416 2417
f 2414 2418 2416
f 2414 2415 2418
v 0.0794642016377 -0.283605222775 -0.124520919008
v 0.0807967995312 -0.281026606351 -0.123762684087
v 0.0789284173595 -0.281933328298 -0.123330245222
v 0.0813325838094 -0.282698500828 -0.124953357874
v 0.0795296331833 -0.28165160132 -0.12534498328
v 0.0807313679857 -0.282980227806 -0.122938619815
f 2419 2421 2423
f 2419 2423 2422
f 2419 2422 2424
f 2419 2424 2421
f 2420 2423 2421
f 2420 2422 2423
f 2420 2424 2422
f 2420 2421 2424
v 0.0793326566315 -0.283456040387 -0.124797070306
v 0.080665254525 -0.280877423963 -0.124038835386
v 0.07877663466 -0.281761194773 -0.123648881335
v 0.0812212764965 -0.282572269577 -0.125187024357
v 0.0794404063088 -0.281516175682 -0.12564872454
v 0.0805575048477 -0.282817288668 -0.123187181152
f 2425 2427 2429
f 2425 2429 2428
f 2425 2428 2430
f 2425 2430 2427
f 2426 2429 2427
f 2426 2428 2429
f 2426 2430 2428
f 2426 2427 2430
v 0.0792107914887 -0.28331006955 -0.125079312073
v 0.0805433893822 -0.280731453127 -0.124321077152
v 0.0786360210337 -0.281592766885 -0.123974544912
v 0.0811181598371 -0.282448755792 -0.125425844313
v 0.0793615398039 -0.281384754198 -0.125957056762
v 0.0803926410669 -0.282656768479 -0.123443332463
f 2431 2433 2435
f 2431 2435 2434
f 2431 2434 2436
f 2431 2436 2433
f 2432 2435 2433
f 2432 2434 2435
f 2432 2436 2434
f 2432 2433 2436
v 0.0790987546831 -0.283167488108 -0.12536730044
v 0.0804313525767 -0.280588871685 -0.124609065519
v 0.0785067477966 -0.281428249836 -0.124306839182
v 0.0810233594632 -0.282328109957 -0.125669526778
v 0.0792931297554 -0.281257496985 -0.126269604292
v 0.0802369775044 -0.282498862808 -0.123706761667
f 2437 2439 2441
f 2437 2441 2440
f 2437 2440 2442
f 2437 2442 2439
f 2438 2441 2439
f 2438 2440 2441
f 2438 2442 2440
f 2438 2439 2442
v 0.0789966827145 -0.283028469774 -0.125660684538
v 0.0803292806081 -0.280449853351 -0.124902449618
v 0.0783889724482 -0.281267844067 -0.124645359295
v 0.0809369908744 -0.282210479059 -0.125917774861
v 0.0792352595103 -0.281134559087 -0.126585986339
v 0.0800907038122 -0.282343764038 -0.123977147817
f 2443 2445 2447
f 2443 2447 2446
f 2443 2446 2448
f 2443 2448 2445
f 2444 2447 2445
f 2444 2446 2447
f 2444 2448 2446
f 2444 2445 2448
v 0.0789046999418 -0.282893183921 -0.125959106924
v 0.0802372978353 -0.280314567498 -0.125200872003
v 0.0782828384796 -0.281111745005 -0.124989692817
v 0.0808591592975 -0.282096006414 -0.12617028611
v 0.0791879995747 -0.281016090285 -0.126905817439
v 0.0799539982024 -0.282191661134 -0.124254161488
f 2449 2451 2453
f 2449 2453 2452
f 2449 2452 2454
f 2449 2454 2451
f 2450 2453 2451
f 2450 2452 2453
f 2450 2454 2452
f 2450 2451 2454
v 0.0788229184318 -0.282761795373 -0.126262204016
v 0.0801555163253 -0.28018317895 -0.125503969095
v 0.0781884751988 -0.280960142834 -0.125339420231
v 0.0807899595582 -0.281984831488 -0.12642675288
v 0.0791514075275 -0.280902234914 -0.127228707928
v 0.0798270272296 -0.282042739409 -0.124537465183
f 2455 2457 2459
f 2455 2459 2458
f 2455 2458 2460
f 2455 2460 2457
f 2456 2459 2457
f 2456 2458 2459
f 2456 2460 2458
f 2456 2457 2460
v 0.0787514378226 -0.282634464207 -0.126569606537
v 0.0800840357161 -0.280055847784 -0.125811371616
v 0.0781059975729 -0.280813222259 -0.125694115447
v 0.0807294759659 -0.281877089733 -0.126686862706
v 0.0791255279503 -0.280793131689 -0.127554264414
v 0.0797099455884 -0.281897180302 -0.124826713739
f 2461 2463 2465
f 2461 2465 2464
f 2461 2464 2466
f 2461 2466 2463
f 2462 2465 2463
f 2462 2464 2465
f 2462 2466 2464
f 2462 2463 2466
v 0.0786903452024 -0.282511345557 -0.126880939964
v 0.080022943096 -0.279932729134 -0.126122705043
v 0.0780355060881 -0.280671162278 -0.126053346325
v 0.0806777822103 -0.281772912413 -0.126950298682
v 0.0791103923737 -0.280688913537 -0.127882090256
v 0.0796028959247 -0.281755161154 -0.125121554751
f 2467 2469 2471
f 2467 2471 2470
f 2467 2470 2472
f 2467 2472 2469
f 2468 2471 2469
f 2468 2470 2471
f 2468 2472 2470
f 2468 2469 2472
v 0.0786397150032 -0.282392589424 -0.127195824985
v 0.0799723128968 -0.279813973 -0.126437590064
v 0.0779770866274 -0.28053413597 -0.126416675195
v 0.0806349412726 -0.281672426454 -0.127216739854
v 0.0791060192378 -0.280589707431 -0.128211786048
v 0.0795060086622 -0.281616854993 -0.125421629001
f 2473 2475 2477
f 2473 2477 2476
f 2473 2476 2478
f 2473 2478 2475
f 2474 2477 2475
f 2474 2476 2477
f 2474 2478 2476
f 2474 2475 2478
v 0.0884381076467 -0.283846692739 -0.139471364466
v 0.0897707055403 -0.281268076315 -0.138713129545
v 0.0892784613505 -0.282220583413 -0.140543546406
v 0.0889303518365 -0.282894185641 -0.137640947604
v 0.090436979539 -0.283246042167 -0.139092247005
v 0.087771833648 -0.281868726887 -0.139092247005
f 2479 2481 2483
f 2479 2483 2482
f 2479 2482 2484
f 2479 2484 2481
f 2480 2483 2481
f 2480 2482 2483
f 2480 2484 2482
f 2480 2481 2484
v 0.0887474416178 -0.284008285906 -0.139465470517
v 0.0900800395113 -0.281429669483 -0.138707235596
v 0.0896341954173 -0.282406415556 -0.140536768365
v 0.0891932857119 -0.283031539834 -0.137635937748
v 0.0907394273192 -0.283418970012 -0.139035703437
v 0.0880880538099 -0.282018985377 -0.139137002675
f 2485 2487 2489
f 2485 2489 2488
f 2485 2488 2490
f 2485 2490 2487
f 2486 2489 2487
f 2486 2488 2489
f 2486 2490 2488
f 2486 2487 2490
v 0.089054984987 -0.2841724178 -0.13944779585
v 0.0903875828806 -0.281593801376 -0.138689560929
v 0.0899878702919 -0.282595167233 -0.140516442498
v 0.0894546975757 -0.283171051943 -0.137620914281
v 0.0910384693525 -0.28359358375 -0.138967440861
v 0.0884040985151 -0.282172635425 -0.139169915918
f 2491 2493 2495
f 2491 2495 2494
f 2491 2494 2496
f 2491 2496 2493
f 2492 2495 2493
f 2492 2494 2495
f 2492 2496 2494
f 2492 2493 2496
v 0.0893603630602 -0.284338888449 -0.139418361999
v 0.0906929609537 -0.281760272026 -0.138660127078
v 0.090339055076 -0.28278660848 -0.14048259357
v 0.0897142689379 -0.283312551995 -0.137595895508
v 0.0913337413021 -0.283769670641 -0.138887542443
v 0.0887195827117 -0.282329489833 -0.139190946635
f 2497 2499 2501
f 2497 2501 2500
f 2497 2500 2502
f 2497 2502 2499
f 2498 2501 2499
f 2498 2500 2501
f 2498 2502 2500
f 2498 2499 2502
v 0.0896632037811 -0.284507495035 -0.139377204826
v 0.0909958016746 -0.281928878612 -0.138618969905
v 0.090687321905 -0.282980506054 -0.14043526282
v 0.0899716835507 -0.283455867593 -0.13756091191
v 0.0916248834248 -0.28394701615 -0.138796105527
v 0.0890341220309 -0.282489357497 -0.139200069203
f 2503 2505 2507
f 2503 2507 2506
f 2503 2506 2508
f 2503 2508 2505
f 2504 2507 2505
f 2504 2506 2507
f 2504 2508 2506
f 2504 2505 2508
v 0.089963138185 -0.284678032138 -0.139324374473
v 0.0912957360785 -0.282099415715 -0.138566139552
v 0.0910322464695 -0.283176623722 -0.140374507914
v 0.090226627794 -0.28360082413 -0.13751600611
v 0.0919115410086 -0.284125404209 -0.138693241516
v 0.0893473332549 -0.282652043644 -0.139197272508
f 2509 2511 2513
f 2509 2513 2512
f 2509 2512 2514
f 2509 2514 2511
f 2510 2513 2511
f 2510 2512 2513
f 2510 2514 2512
f 2510 2511 2514
v 0.090259800848 -0.284850291983 -0.139259935306
v 0.0915923987416 -0.28227167556 -0.138501700385
v 0.091373408532 -0.283374722544 -0.140300402873
v 0.0904787910576 -0.283747244999 -0.137461232819
v 0.0921933648054 -0.284304617479 -0.138579075733
v 0.0896588347842 -0.282817350064 -0.139182559958
f 2515 2517 2519
f 2515 2519 2518
f 2515 2518 2520
f 2515 2520 2517
f 2516 2519 2517
f 2516 2518 2519
f 2516 2520 2518
f 2516 2517 2520
v 0.0905528303324 -0.285024064699 -0.139183965835
v 0.091885428226 -0.282445448276 -0.138425730914
v 0.0917103924391 -0.283574561168 -0.14021303798
v 0.0907278661193 -0.283894951808 -0.137396658768
v 0.0924700114564 -0.284484437617 -0.138453747272
v 0.089968247102 -0.282985075359 -0.139155949476
f 2521 2523 2525
f 2521 2525 2524
f 2521 2524 2526
f 2521 2526 2523
f 2522 2525 2523
f 2522 2524 2525
f 2522 2526 2524
f 2522 2523 2526
v 0.0908418696269 -0.285199138571 -0.139096558616
v 0.0921744675205 -0.282620522148 -0.138338323695
v 0.0920427876278 -0.28377589612 -0.140112519679
v 0.0909735495196 -0.284043764599 -0.137322362632
v 0.0927411439103 -0.284664645539 -0.138317408826
v 0.0902751932371 -0.28315501518 -0.139117473485
f 2527 2529 2531
f 2527 2531 2530
f 2527 2530 2532
f 2527 2532 2529
f 2528 2531 2529
f 2528 2530 2531
f 2528 2532 2530
f 2528 2529 2532
v 0.0911265665817 -0.285375300298 -0.138997820142
v 0.0924591644752 -0.282796683874 -0.138239585221
v 0.0923701891257 -0.283978482106 -0.139998970434
v 0.0912155419312 -0.284193502066 -0.137238434929
v 0.0930064318338 -0.28484502169 -0.138170226503
v 0.0905792992231 -0.283326962482 -0.13906717886
f 2533 2535 2537
f 2533 2537 2536
f 2533 2536 2538
f 2533 2538 2535
f 2534 2537 2535
f 2534 2536 2537
f 2534 2538 2536
f 2534 2535 2538
v 0.0914065743373 -0.285552335253 -0.13888787071
v 0.0927391722308 -0.28297371883 -0.138129635789
v 0.0926921980446 -0.284182072305 -0.139872528587
v 0.0914535485234 -0.284343981778 -0.137144977912
v 0.0932655520146 -0.285025346309 -0.138012379621
v 0.0908801945534 -0.283500707774 -0.139005126879
f 2539 2541 2543
f 2539 2543 2542
f 2539 2542 2544
f 2539 2544 2541
f 2540 2543 2541
f 2540 2542 2543
f 2540 2544 2542
f 2540 2541 2544
v 0.0916815517474 -0.285730027748 -0.138766844277
v 0.0930141496409 -0.283151411325 -0.138008609357
v 0.0930084220662 -0.284386418674 -0.13973334819
v 0.091687279322 -0.284495020399 -0.137042105444
v 0.0935181887546 -0.285205399699 -0.137844060492
v 0.0911775126336 -0.283676039373 -0.138931393142
f 2545 2547 2549
f 2545 2549 2548
f 2545 2548 2550
f 2545 2550 2547
f 2546 2549 2547
f 2546 2548 2549
f 2546 2550 2548
f 2546 2547 2550
v 0.0919511637944 -0.285908161291 -0.138634888296
v 0.0932837616879 -0.283329544867 -0.137876653375
v 0.0933184759203 -0.284591272248 -0.13958159881
v 0.091916449562 -0.28464643391 -0.13692994286
v 0.0937640342549 -0.285384962492 -0.137665474189
v 0.0914708912274 -0.283852743666 -0.138846067482
f 2551 2553 2555
f 2551 2555 2554
f 2551 2554 2556
f 2551 2556 2553
f 2552 2555 2553
f 2552 2554 2555
f 2552 2556 2554
f 2552 2553 2556
v 0.0922150819975 -0.286086518854 -0.138492163533
v 0.0935476798911 -0.28350790243 -0.137733928612
v 0.093621981854 -0.284796383445 -0.139417465333
v 0.0921407800346 -0.284798037839 -0.136808626811
v 0.0940027889905 -0.285563815919 -0.137476838289
v 0.0917599728981 -0.284030605365 -0.138749253855
f 2557 2559 2561
f 2557 2561 2560
f 2557 2560 2562
f 2557 2562 2559
f 2558 2561 2559
f 2558 2560 2561
f 2558 2562 2560
f 2558 2559 2562
v 0.0924729848132 -0.286264883135 -0.138338843877
v 0.0938055827067 -0.283686266712 -0.137580608956
v 0.093918570092 -0.285001502369 -0.139241147729
v 0.092359997428 -0.284949647478 -0.136678305104
v 0.0942341620757 -0.285741742074 -0.137278382618
v 0.0920444054442 -0.284209407773 -0.138641070214
f 2563 2565 2567
f 2563 2567 2566
f 2563 2566 2568
f 2563 2568 2565
f 2564 2567 2565
f 2564 2566 2567
f 2564 2568 2566
f 2564 2565 2568
v 0.0927245580265 -0.286443036826 -0.138175116124
v 0.09405715592 -0.283864420403 -0.137416881203
v 0.0942078792872 -0.285206379114 -0.139052860813
v 0.0925738346592 -0.285101078116 -0.136539136514
v 0.0944578716179 -0.285918524182 -0.137070348963
v 0.0923238423286 -0.284388933047 -0.138521648364
f 2569 2571 2573
f 2569 2573 2572
f 2569 2572 2574
f 2569 2574 2571
f 2570 2573 2571
f 2570 2572 2573
f 2570 2574 2572
f 2570 2571 2574
v 0.0929694951342 -0.286620762874 -0.138001179752
v 0.0943020930277 -0.284042146451 -0.137242944831
v 0.0944895569611 -0.285410764069 -0.138852833986
v 0.0927820312008 -0.285252145256 -0.136391290598
v 0.0946736450616 -0.286093946861 -0.136852990781
v 0.0925979431003 -0.284568962463 -0.138391133803
f 2575 2577 2579
f 2575 2579 2578
f 2575 2578 2580
f 2575 2580 2577
f 2576 2579 2577
f 2576 2578 2579
f 2576 2580 2578
f 2576 2577 2580
v 0.0932074977182 -0.286797844746 -0.137817246676
v 0.0945400956117 -0.284219228323 -0.137059011755
v 0.0947632599327 -0.285614408222 -0.138641310947
v 0.0929843333972 -0.285402664847 -0.136234947483
v 0.09488121952 -0.286267796385 -0.136626572889
v 0.0928663738099 -0.284749276684 -0.138249685541
f 2581 2583 2585
f 2581 2585 2584
f 2581 2584 2586
f 2581 2586 2583
f 2582 2585 2583
f 2582 2584 2585
f 2582 2586 2584
f 2582 2583 2586
v 0.0934382758089 -0.286974066696 -0.137623540988
v 0.0947708737025 -0.284395450273 -0.136865306067
v 0.0950286547371 -0.285817063464 -0.138418549407
v 0.0931804947743 -0.285552453505 -0.136070297648
v 0.0950803420956 -0.286439860946 -0.136391371143
v 0.0931288074158 -0.284929656023 -0.138097475912
f 2587 2589 2591
f 2587 2591 2590
f 2587 2590 2592
f 2587 2592 2589
f 2588 2591 2589
f 2588 2590 2591
f 2588 2592 2590
f 2588 2589 2592
v 0.093661548239 -0.287149214024 -0.13742029869
v 0.0949941461325 -0.284570597601 -0.13666206377
v 0.0952854180316 -0.286018482892 -0.138184820765
v 0.0933702763399 -0.285701328734 -0.135897541695
v 0.0952707701883 -0.286609930909 -0.1361476721
v 0.0933849241832 -0.285109880716 -0.13793469036
f 2593 2595 2597
f 2593 2597 2596
f 2593 2596 2598
f 2593 2598 2595
f 2594 2597 2595
f 2594 2596 2597
f 2594 2598 2596
f 2594 2595 2598
v 0.0938770429852 -0.287323073341 -0.137207767402
v 0.0952096408787 -0.284744456918 -0.136449532481
v 0.0955332369897 -0.286218421106 -0.137940409783
v 0.0935534468741 -0.285849109153 -0.1357168901
v 0.0954522717907 -0.286777799071 -0.135895772669
v 0.0936344120732 -0.285289731188 -0.137761527215
f 2599 2601 2603
f 2599 2603 2602
f 2599 2602 2604
f 2599 2604 2601
f 2600 2603 2601
f 2600 2602 2603
f 2600 2604 2602
f 2600 2601 2604
v 0.0940844975004 -0.287495432825 -0.13698620606
v 0.0954170953939 -0.284916816402 -0.136227971139
v 0.0957718096823 -0.286416634513 -0.137685614239
v 0.0937297832121 -0.285995614715 -0.135528562959
v 0.0956246257711 -0.286943260909 -0.135635979751
v 0.0938769671233 -0.285468988319 -0.137578197447
f 2605 2607 2609
f 2605 2609 2608
f 2605 2608 2610
f 2605 2610 2607
f 2606 2609 2607
f 2606 2608 2609
f 2606 2610 2608
f 2606 2607 2610
v 0.0942836590333 -0.287666082484 -0.136755884602
v 0.0956162569268 -0.285087466061 -0.135997649681
v 0.0960008454451 -0.28661288162 -0.137420744562
v 0.093899070515 -0.286140666924 -0.13533278972
v 0.0957876221427 -0.287106114834 -0.135368609864
v 0.0941122938174 -0.28564743371 -0.137384924418
f 2611 2613 2615
f 2611 2615 2614
f 2611 2614 2616
f 2611 2616 2613
f 2612 2615 2613
f 2612 2614 2615
f 2612 2616 2614
f 2612 2613 2616
v 0.0944742849362 -0.287834814406 -0.136517083639
v 0.0958068828297 -0.285256197983 -0.135758848718
v 0.0962200652334 -0.286806923331 -0.137146123455
v 0.0940611025325 -0.286284089058 -0.135129808901
v 0.0959410623196 -0.287266162434 -0.135093988757
v 0.0943401054463 -0.285824849954 -0.1371819436
f 2617 2619 2621
f 2617 2621 2620
f 2617 2620 2622
f 2617 2622 2619
f 2618 2621 2619
f 2618 2620 2621
f 2618 2622 2620
f 2618 2619 2622
v 0.0946561429608 -0.288001423018 -0.136270094114
v 0.0959887408543 -0.285422806595 -0.135511859193
v 0.0964292019617 -0.286998523234 -0.136862085502
v 0.0942156818534 -0.286425706379 -0.134919867805
v 0.0960847593585 -0.287423208716 -0.134812451013
v 0.0945601244565 -0.286001020897 -0.136969502293
f 2623 2625 2627
f 2623 2627 2626
f 2623 2626 2628
f 2623 2628 2625
f 2624 2627 2625
f 2624 2626 2627
f 2624 2628 2626
f 2624 2625 2628
v 0.0948290115411 -0.288165705333 -0.136015216945
v 0.0961616094346 -0.28558708891 -0.135256982024
v 0.096628000829 -0.287187447897 -0.136568976758
v 0.0943626201467 -0.286565346346 -0.134703222212
v 0.0962185381868 -0.287577062342 -0.134524339643
v 0.0947720827889 -0.286175731902 -0.136747859326
f 2629 2631 2633
f 2629 2633 2632
f 2629 2632 2634
f 2629 2634 2631
f 2630 2633 2631
f 2630 2632 2633
f 2630 2634 2632
f 2630 2631 2634
v 0.0949926800634 -0.288327461199 -0.135752762662
v 0.0963252779569 -0.285748844775 -0.134994527741
v 0.0968162196297 -0.287373467142 -0.136267154331
v 0.0945017383906 -0.286702838832 -0.134480136071
v 0.0963422358155 -0.287727535865 -0.134230005667
v 0.0949757222048 -0.286348770109 -0.136517284736
f 2635 2637 2639
f 2635 2639 2638
f 2635 2638 2640
f 2635 2640 2637
f 2636 2639 2637
f 2636 2638 2639
f 2636 2640 2638
f 2636 2637 2640
v 0.0951469491227 -0.28848649354 -0.135483051023
v 0.0964795470163 -0.285907877116 -0.134724816102
v 0.0969936290479 -0.287556354334 -0.135956985947
v 0.0946328670911 -0.286838016322 -0.134250881178
v 0.0964557015381 -0.287874445958 -0.133929807683
v 0.0951707946009 -0.286519924699 -0.136278059442
f 2641 2643 2645
f 2641 2645 2644
f 2641 2644 2646
f 2641 2646 2643
f 2642 2645 2643
f 2642 2644 2645
f 2642 2646 2644
f 2642 2643 2646
v 0.0952916307661 -0.2886426086 -0.135206410632
v 0.0966242286597 -0.286063992177 -0.134448175711
v 0.0971600129378 -0.287735886654 -0.135638849497
v 0.094755846488 -0.286970714123 -0.134015736845
v 0.0965587971141 -0.288017613632 -0.133624111439
v 0.0953570623117 -0.286688987145 -0.136030474904
f 2647 2649 2651
f 2647 2651 2650
f 2647 2650 2652
f 2647 2652 2649
f 2648 2651 2649
f 2648 2650 2651
f 2648 2652 2650
f 2648 2649 2652
v 0.0954265487212 -0.288795616178 -0.134923178531
v 0.0967591466148 -0.286216999754 -0.13416494361
v 0.0973151685862 -0.287911845368 -0.135313132581
v 0.0948705267498 -0.287100770564 -0.13377498956
v 0.0966513969375 -0.288156864459 -0.133313289377
v 0.0955342983985 -0.286855751473 -0.135774832764
f 2653 2655 2657
f 2653 2657 2656
f 2653 2656 2658
f 2653 2658 2655
f 2654 2657 2655
f 2654 2656 2657
f 2654 2658 2656
f 2654 2655 2658
v 0.0955515386113 -0.288945329856 -0.134633699796
v 0.0968841365048 -0.286366713433 -0.133875464875
v 0.0974589069598 -0.288084016098 -0.134980232036
v 0.0949767681564 -0.287228027191 -0.133528932635
v 0.0967333881896 -0.288292028785 -0.132997720186
v 0.0957022869266 -0.287020014504 -0.135511444485
f 2659 2661 2663
f 2659 2663 2662
f 2659 2662 2664
f 2659 2664 2661
f 2660 2663 2661
f 2660 2662 2663
f 2660 2664 2662
f 2660 2661 2664
v 0.0956664481554 -0.289091567232 -0.134338327112
v 0.096999046049 -0.286512950809 -0.133580092191
v 0.0975910529355 -0.288252189081 -0.134640553449
v 0.0950744412689 -0.287352328961 -0.133277865853
v 0.0968046709767 -0.288422941932 -0.132677788339
v 0.0958608232277 -0.287181576109 -0.135240630964
f 2665 2667 2669
f 2665 2669 2668
f 2665 2668 2670
f 2665 2670 2667
f 2666 2669 2667
f 2666 2668 2669
f 2666 2670 2668
f 2666 2667 2670
v 0.095771137354 -0.289234150139 -0.134037420344
v 0.0971037352475 -0.286655533716 -0.133279185423
v 0.0977114455139 -0.288416159423 -0.134294510667
v 0.0951634270877 -0.287473524431 -0.133022095101
v 0.0968651584517 -0.288549444403 -0.132353883623
v 0.0960097141498 -0.287340239452 -0.134962722145
f 2671 2673 2675
f 2671 2675 2674
f 2671 2674 2676
f 2671 2676 2673
f 2672 2675 2673
f 2672 2674 2675
f 2672 2676 2674
f 2672 2673 2676
v 0.0958654786594 -0.28937290486 -0.133731346102
v 0.0971980765529 -0.286794288437 -0.132973111181
v 0.0978199380151 -0.288575727353 -0.133942525288
v 0.0952436171972 -0.287591465944 -0.132761931996
v 0.09691477692 -0.288671382073 -0.132026400667
v 0.0961487782923 -0.287495811224 -0.134678056617
f 2677 2679 2681
f 2677 2681 2680
f 2677 2680 2682
f 2677 2682 2679
f 2678 2681 2679
f 2678 2680 2681
f 2678 2682 2680
f 2678 2679 2682
v 0.0959493571312 -0.289507662345 -0.13342047729
v 0.0972819550247 -0.286929045922 -0.132662242369
v 0.0979163982577 -0.288730698461 -0.133585026154
v 0.0953149138983 -0.287706009807 -0.132497693505
v 0.096953465929 -0.288788606381 -0.131695738457
v 0.0962778462269 -0.287648101886 -0.134386981202
f 2683 2685 2687
f 2683 2687 2686
f 2683 2686 2688
f 2683 2688 2685
f 2684 2687 2685
f 2684 2686 2687
f 2684 2688 2686
f 2684 2685 2688
v 0.0960226705765 -0.289638258413 -0.133105192654
v 0.09735526847 -0.287059641989 -0.132346957733
v 0.0980007087198 -0.288880883938 -0.133222448822
v 0.0953772303268 -0.287817016464 -0.132229701564
v 0.0969811783423 -0.288900974507 -0.131362299856
v 0.0963967607043 -0.287796925895 -0.134089850531
f 2689 2691 2693
f 2689 2693 2692
f 2689 2692 2694
f 2689 2694 2691
f 2690 2693 2691
f 2690 2692 2693
f 2690 2694 2692
f 2690 2691 2694
v 0.0960853296741 -0.289764533951 -0.132785876318
v 0.0974179275676 -0.287185917528 -0.132027641397
v 0.098072766682 -0.289026100808 -0.132855235037
v 0.0954304905597 -0.287924350672 -0.131958282679
v 0.0969978803964 -0.289008349548 -0.131026491105
v 0.0965053768453 -0.287942101931 -0.13378702661
f 2695 2697 2699
f 2695 2699 2698
f 2695 2698 2700
f 2695 2700 2697
f 2696 2699 2697
f 2696 2698 2699
f 2696 2700 2698
f 2696 2697 2700
v 0.0961372580835 -0.289886335114 -0.132462917322
v 0.0974698559771 -0.287307718691 -0.131704682401
v 0.0981324843529 -0.289166172144 -0.132483832191
v 0.0954746297078 -0.28802788166 -0.131683767532
v 0.0970035517425 -0.289110600683 -0.130688721338
v 0.0966035623181 -0.288083453121 -0.133478878385
f 2701 2703 2705
f 2701 2705 2704
f 2701 2704 2706
f 2701 2706 2703
f 2702 2705 2703
f 2702 2704 2705
f 2702 2706 2704
f 2702 2703 2706
v 0.0961783925381 -0.290003513504 -0.132136709141
v 0.0975109904316 -0.287424897081 -0.13137847422
v 0.0981797889756 -0.289300927294 -0.132108692782
v 0.0955095939941 -0.288127483292 -0.131406490578
v 0.096998185471 -0.289207603336 -0.130349402074
v 0.0966911974987 -0.28822080725 -0.133165781286
f 2707 2709 2711
f 2707 2711 2710
f 2707 2710 2712
f 2707 2712 2709
f 2708 2711 2709
f 2708 2710 2711
f 2708 2712 2710
f 2708 2709 2712
v 0.0962086829217 -0.290115926359 -0.131807649208
v 0.0975412808152 -0.287537309936 -0.131049414287
v 0.0982146229168 -0.289430202076 -0.13173027386
v 0.0955353408202 -0.288223034218 -0.131126789636
v 0.0969817881197 -0.289299239323 -0.130008946721
v 0.0967681756172 -0.288353996971 -0.132848116775
f 2713 2715 2717
f 2713 2717 2716
f 2713 2716 2718
f 2713 2718 2715
f 2714 2717 2715
f 2714 2716 2717
f 2714 2718 2716
f 2714 2715 2718
v 0.0962280923303 -0.29022343672 -0.131476138434
v 0.0975606902238 -0.287644820297 -0.130717903513
v 0.0982369437366 -0.289553838991 -0.13134903647
v 0.0955518388175 -0.288314418025 -0.130845005478
v 0.0969543796664 -0.289385397001 -0.129667770072
v 0.0968344028876 -0.288482860016 -0.132526271876
f 2719 2721 2723
f 2719 2723 2722
f 2719 2722 2724
f 2719 2724 2721
f 2720 2723 2721
f 2720 2722 2723
f 2720 2724 2722
f 2720 2721 2724
v 0.0962365971164 -0.290325913602 -0.131142580713
v 0.0975691950099 -0.287747297179 -0.130384345792
v 0.0982467242406 -0.289671687406 -0.130965445091
v 0.0955590678856 -0.288401523375 -0.130561481415
v 0.0969159935041 -0.289465971399 -0.129326287798
v 0.0968897986221 -0.288607239383 -0.132200638708
f 2725 2727 2729
f 2725 2729 2728
f 2725 2728 2730
f 2725 2730 2727
f 2726 2729 2727
f 2726 2728 2729
f 2726 2730 2728
f 2726 2727 2730
v 0.0962341869182 -0.290423232154 -0.130807382434
v 0.0975667848118 -0.287844615731 -0.130049147513
v 0.0982439525128 -0.289783603741 -0.130579967069
v 0.0955570192172 -0.288484244144 -0.130276562877
v 0.0968666764003 -0.28954086435 -0.128984915942
v 0.0969342953297 -0.288726983536 -0.131871614004
f 2731 2733 2735
f 2731 2735 2734
f 2731 2734 2736
f 2731 2736 2733
f 2732 2735 2733
f 2732 2734 2735
f 2732 2736 2734
f 2732 2733 2736
v 0.0962208646723 -0.290515273808 -0.130470951983
v 0.0975534625659 -0.287936657384 -0.129712717062
v 0.09822863193 -0.289889451642 -0.130193072051
v 0.0955456953082 -0.28856247955 -0.129990596994
v 0.0968064884404 -0.289609984608 -0.128644070414
v 0.0969678387978 -0.288841946584 -0.131539598631
f 2737 2739 2741
f 2737 2741 2740
f 2737 2740 2742
f 2737 2742 2739
f 2738 2741 2739
f 2738 2740 2741
f 2738 2742 2740
f 2738 2739 2742
v 0.0961966466098 -0.290601926424 -0.130133699251
v 0.0975292445033 -0.288023310001 -0.12937546433
v 0.0982007811581 -0.289989102151 -0.129805231409
v 0.0955251099551 -0.288636134274 -0.129703932171
v 0.0967355029541 -0.289673247961 -0.128304166482
v 0.096990388159 -0.288951988464 -0.131204997099
f 2743 2745 2747
f 2743 2747 2746
f 2743 2746 2748
f 2743 2748 2745
f 2744 2747 2745
f 2744 2746 2747
f 2744 2748 2746
f 2744 2745 2748
v 0.0961615622366 -0.290683084431 -0.129796035126
v 0.0974941601301 -0.288104468007 -0.129037800205
v 0.0981604341288 -0.290082433859 -0.129416917666
v 0.0954952882378 -0.288705118579 -0.129416917666
v 0.0966538064263 -0.289730577333 -0.127965618265
v 0.0970019159404 -0.289056975105 -0.130868217067
f 2749 2751 2753
f 2749 2753 2752
f 2749 2752 2754
f 2749 2754 2751
f 2750 2753 2751
f 2750 2752 2753
f 2750 2754 2752
f 2750 2751 2754
v 0.0961156542975 -0.290758648949 -0.129458371002
v 0.0974482521911 -0.288180032526 -0.128700136081
v 0.098107639999 -0.290169333055 -0.129028603923
v 0.0954562664896 -0.28876934842 -0.12912990316
v 0.0965614983916 -0.289781902876 -0.127628838233
v 0.097002408097 -0.289156778599 -0.13052966885
f 2755 2757 2759
f 2755 2759 2758
f 2755 2758 2760
f 2755 2760 2757
f 2756 2759 2757
f 2756 2758 2759
f 2756 2760 2758
f 2756 2757 2760
v 0.0960589787245 -0.290828527915 -0.129121118269
v 0.097391576618 -0.288249911492 -0.128362883348
v 0.09804246309 -0.290249693866 -0.12864076328
v 0.0954080922526 -0.288828745541 -0.128843238337
v 0.0964586913132 -0.289827162058 -0.1272942367
v 0.0969918640293 -0.289251277349 -0.130189764917
f 2761 2763 2765
f 2761 2765 2764
f 2761 2764 2766
f 2761 2766 2763
f 2762 2765 2763
f 2762 2764 2765
f 2762 2766 2764
f 2762 2763 2766
v 0.0959916045679 -0.290892636193 -0.128784687819
v 0.0973242024614 -0.288314019769 -0.128026452898
v 0.0979649828098 -0.290323418385 -0.128253868262
v 0.0953508242194 -0.288883237577 -0.128557272454
v 0.0963455104456 -0.289866299738 -0.126962221327
v 0.0969702965837 -0.289340356223 -0.129848919389
f 2767 2769 2771
f 2767 2771 2770
f 2767 2770 2772
f 2767 2772 2769
f 2768 2771 2769
f 2768 2770 2771
f 2768 2772 2770
f 2768 2769 2772
v 0.0959136139127 -0.290950895675 -0.128449489539
v 0.0972462118062 -0.288372279252 -0.127691254618
v 0.0978752935564 -0.29039041679 -0.127868390241
v 0.0952845321626 -0.288932758137 -0.128272353917
v 0.0962220936823 -0.289899268233 -0.126633196624
v 0.0969377320367 -0.289423906694 -0.129507547534
f 2773 2775 2777
f 2773 2777 2776
f 2773 2776 2778
f 2773 2778 2775
f 2774 2777 2775
f 2774 2776 2777
f 2774 2778 2776
f 2774 2775 2778
v 0.0958251017786 -0.291003235382 -0.128115931818
v 0.0971576996721 -0.288424618959 -0.127357696897
v 0.0977735046022 -0.290450607453 -0.127484798861
v 0.0952092968486 -0.288977246888 -0.127988829854
v 0.0960885913876 -0.289926027375 -0.126307563456
v 0.0968942100632 -0.289501826967 -0.12916606526
f 2779 2781 2783
f 2779 2783 2782
f 2779 2782 2784
f 2779 2784 2781
f 2780 2783 2781
f 2780 2782 2783
f 2780 2784 2782
f 2780 2781 2784
v 0.095726176004 -0.291049591547 -0.127784421044
v 0.0970587738975 -0.288470975123 -0.127026186123
v 0.0976597399614 -0.290503917042 -0.127103561471
v 0.0951252099401 -0.289016649628 -0.127707045696
v 0.0959451662135 -0.289946544562 -0.125985718557
v 0.096839783688 -0.289574022108 -0.12882488861
f 2785 2787 2789
f 2785 2789 2788
f 2785 2788 2790
f 2785 2790 2787
f 2786 2789 2787
f 2786 2788 2789
f 2786 2790 2788
f 2786 2787 2790
v 0.0956169571146 -0.29108990769 -0.127455361112
v 0.0969495550081 -0.288511291267 -0.126697126191
v 0.0975341382386 -0.290550280607 -0.126725142549
v 0.0950323738842 -0.28905091835 -0.127427344753
v 0.0957919929015 -0.289960794798 -0.125668054045
v 0.0967745192213 -0.289640404159 -0.128484433258
f 2791 2793 2795
f 2791 2795 2794
f 2791 2794 2796
f 2791 2796 2793
f 2792 2795 2793
f 2792 2794 2795
f 2792 2796 2794
f 2792 2793 2796
v 0.0954975781769 -0.291124134694 -0.12712915293
v 0.0968301760705 -0.288545518271 -0.126370918009
v 0.0973968524603 -0.290589641661 -0.126350003141
v 0.0949309017871 -0.289080011303 -0.127150067799
v 0.0956292580696 -0.289968760721 -0.125354956946
v 0.0966984961778 -0.289700892243 -0.128145113993
f 2797 2799 2801
f 2797 2801 2800
f 2797 2800 2802
f 2797 2802 2799
f 2798 2801 2799
f 2798 2800 2801
f 2798 2802 2800
f 2798 2799 2802
v 0.0953681846358 -0.291152230857 -0.126806193934
v 0.0967007825293 -0.288573614434 -0.126047959013
v 0.0972480498879 -0.290621952249 -0.125978600295
v 0.0948209172771 -0.289103893042 -0.126875552652
v 0.0954571599853 -0.289970432626 -0.125046808721
v 0.0966118071798 -0.289755412666 -0.127807344226
f 2803 2805 2807
f 2803 2807 2806
f 2803 2806 2808
f 2803 2808 2805
f 2804 2807 2805
f 2804 2806 2807
f 2804 2808 2806
f 2804 2805 2808
v 0.0952289341372 -0.29117416195 -0.126486877599
v 0.0965615320307 -0.288595545526 -0.125728642678
v 0.0970879118146 -0.290647173006 -0.125611386509
v 0.0947025543534 -0.28912253447 -0.126604133767
v 0.0952759083234 -0.289965808475 -0.124743984801
v 0.0965145578446 -0.289803899001 -0.127471535476
f 2809 2811 2813
f 2809 2813 2812
f 2809 2812 2814
f 2809 2814 2811
f 2810 2813 2811
f 2810 2812 2813
f 2810 2814 2812
f 2810 2811 2814
v 0.0950799963366 -0.291189901252 -0.126171592962
v 0.0964125942301 -0.288611284828 -0.125413358041
v 0.0969166333438 -0.290665273203 -0.125248809177
v 0.0945759572228 -0.289135912877 -0.126336141826
v 0.0950857239112 -0.289954893903 -0.124446854129
v 0.0964068666554 -0.289846292177 -0.127138096874
f 2815 2817 2819
f 2815 2819 2818
f 2815 2818 2820
f 2815 2820 2817
f 2816 2819 2817
f 2816 2818 2819
f 2816 2820 2818
f 2816 2817 2820
v 0.0949215526916 -0.291199429587 -0.12586072415
v 0.0962541505851 -0.288620813163 -0.125102489229
v 0.0967344231521 -0.290676230788 -0.124891310043
v 0.0944412801246 -0.289144011962 -0.126071903336
v 0.0948868384591 -0.289937702206 -0.124155778714
v 0.0962888648175 -0.289882540544 -0.126807434665
f 2821 2823 2825
f 2821 2825 2824
f 2821 2824 2826
f 2821 2826 2823
f 2822 2825 2823
f 2822 2824 2825
f 2822 2826 2824
f 2822 2823 2826
v 0.0947537962414 -0.291202735347 -0.125554649908
v 0.0960863941349 -0.288624118923 -0.124796414987
v 0.0965415032344 -0.290680032412 -0.124539324665
v 0.0942986871419 -0.289146821858 -0.12581174023
v 0.0946794942785 -0.289914254332 -0.123871113187
v 0.0961606960978 -0.289912599938 -0.126479951709
f 2827 2829 2831
f 2827 2831 2830
f 2827 2830 2832
f 2827 2832 2829
f 2828 2831 2829
f 2828 2830 2831
f 2828 2832 2830
f 2828 2829 2832
v 0.0945769313715 -0.291199814504 -0.125253743141
v 0.095909529265 -0.28862119808 -0.12449550822
v 0.096338108634 -0.290676673443 -0.124193281882
v 0.0941483520025 -0.289144339141 -0.125555969478
v 0.0944639439863 -0.289884578846 -0.123593204368
v 0.0960225166503 -0.289936433737 -0.126156046993
f 2833 2835 2837
f 2833 2837 2836
f 2833 2836 2838
f 2833 2838 2835
f 2834 2837 2835
f 2834 2836 2837
f 2834 2838 2836
f 2834 2835 2838
v 0.0943911735644 -0.291190670616 -0.124958370456
v 0.095723771458 -0.288612054193 -0.124200135535
v 0.0961244871559 -0.290666157972 -0.123853603295
v 0.0939904578665 -0.289136566837 -0.125304902696
v 0.0942404501972 -0.289848711905 -0.123322390846
v 0.0958744948252 -0.289954012903 -0.125836115146
f 2839 2841 2843
f 2839 2843 2842
f 2839 2842 2844
f 2839 2844 2841
f 2840 2843 2841
f 2840 2842 2843
f 2840 2844 2842
f 2840 2841 2844
v 0.0941967491375 -0.291175314825 -0.124668891721
v 0.095529347031 -0.288596698401 -0.1239106568
v 0.0959008990649 -0.290648498812 -0.12352070275
v 0.0938251971036 -0.289123514414 -0.125058845772
v 0.0940092852041 -0.289806697207 -0.123059002567
v 0.0957168109644 -0.289965316019 -0.125520545955
f 2845 2847 2849
f 2845 2849 2848
f 2845 2848 2850
f 2845 2850 2847
f 2846 2849 2847
f 2846 2848 2849
f 2846 2850 2848
f 2846 2847 2850
v 0.0939938949668 -0.291153765838 -0.124385659621
v 0.0953264928603 -0.288575149414 -0.1236274247
v 0.0956676167686 -0.290623717477 -0.123194985834
v 0.0936527710585 -0.289105197775 -0.124818098486
v 0.0937707306458 -0.289758585939 -0.122803360428
v 0.0955496571813 -0.289970329313 -0.125209723893
f 2851 2853 2855
f 2851 2855 2854
f 2851 2854 2856
f 2851 2856 2853
f 2852 2855 2853
f 2852 2854 2855
f 2852 2856 2854
f 2852 2853 2856
v 0.0937828581991 -0.29112604991 -0.124109019229
v 0.0951154560926 -0.288547433487 -0.123350784308
v 0.0954249244857 -0.29059184416 -0.122876849384
v 0.0934733898059 -0.289081639237 -0.124582954153
v 0.0935250771645 -0.289704436719 -0.12255577589
v 0.0953732371272 -0.289969046678 -0.124904027648
f 2857 2859 2861
f 2857 2861 2860
f 2857 2860 2862
f 2857 2862 2859
f 2858 2861 2859
f 2858 2860 2861
f 2858 2862 2860
f 2858 2859 2862
v 0.09356389595 -0.291092200808 -0.123839307591
v 0.0948964938435 -0.288513584385 -0.12308107267
v 0.0951731178993 -0.290552917693 -0.122566681
v 0.0932872718942 -0.2890528675 -0.124353699261
v 0.0932726240509 -0.289644315518 -0.122316550596
v 0.0951877657426 -0.289961469676 -0.124603829665
f 2863 2865 2867
f 2863 2867 2866
f 2863 2866 2868
f 2863 2868 2865
f 2864 2867 2865
f 2864 2866 2867
f 2864 2868 2866
f 2864 2865 2868
v 0.0933372749914 -0.291052259773 -0.123576853307
v 0.0946698728849 -0.28847364335 -0.122818618386
v 0.0949125037969 -0.290506985503 -0.122264858574
v 0.0930946440794 -0.28901891762 -0.124130613119
v 0.0930136788803 -0.289578295585 -0.122085976005
v 0.0949934689959 -0.289947607538 -0.124309495688
f 2869 2871 2873
f 2869 2873 2872
f 2869 2872 2874
f 2869 2874 2871
f 2870 2873 2871
f 2870 2872 2873
f 2870 2874 2872
f 2870 2871 2874
v 0.0931032714259 -0.291006275467 -0.123321976138
v 0.0944358693194 -0.288427659043 -0.122563741218
v 0.0946433996966 -0.29045410355 -0.12197174983
v 0.0928957410488 -0.28897983096 -0.123913967526
v 0.0927485571376 -0.289506457356 -0.121864333038
v 0.0947905836078 -0.289927477154 -0.124021384318
f 2875 2877 2879
f 2875 2879 2878
f 2875 2878 2880
f 2875 2880 2877
f 2876 2879 2877
f 2876 2878 2879
f 2876 2880 2878
f 2876 2877 2880
v 0.0928621703509 -0.290954303913 -0.123074986613
v 0.0941947682445 -0.28837568749 -0.122316751693
v 0.0943661334604 -0.290394336263 -0.121687711876
v 0.092690805135 -0.288935655139 -0.12370402643
v 0.0924775818327 -0.289428888354 -0.121651891732
v 0.0945793567627 -0.289901103049 -0.123739846574
f 2881 2883 2885
f 2881 2885 2884
f 2881 2884 2886
f 2881 2886 2883
f 2882 2885 2883
f 2882 2884 2885
f 2882 2886 2884
f 2882 2883 2886
v 0.092614265511 -0.290896408432 -0.122836185651
v 0.0939468634045 -0.288317792009 -0.12207795073
v 0.0940810428944 -0.29032775646 -0.121413090769
v 0.0924800860211 -0.28888644398 -0.123501045612
v 0.0922010831073 -0.289345683084 -0.121448910913
v 0.0943600458082 -0.289868517356 -0.123465225467
f 2887 2889 2891
f 2887 2891 2890
f 2887 2890 2892
f 2887 2892 2889
f 2888 2891 2889
f 2888 2890 2891
f 2888 2892 2890
f 2888 2889 2892
v 0.0923598589399 -0.29083265956 -0.122605864193
v 0.0936924568334 -0.288254043137 -0.121847629272
v 0.0937884753376 -0.290254445257 -0.121148221092
v 0.0922638404356 -0.288832257439 -0.123305272372
v 0.0919193978325 -0.28925694292 -0.121255637884
v 0.0941329179408 -0.289829759776 -0.12319785558
f 2893 2895 2897
f 2893 2897 2896
f 2893 2896 2898
f 2893 2898 2895
f 2894 2897 2895
f 2894 2896 2897
f 2894 2898 2896
f 2894 2895 2898
v 0.0920992605929 -0.290763134965 -0.12238430285
v 0.0934318584864 -0.288184518542 -0.121626067929
v 0.0934887872386 -0.290174491974 -0.120893425548
v 0.0920423318407 -0.288773161534 -0.123116945231
v 0.0916328691984 -0.289162775979 -0.121072308117
v 0.0938982498808 -0.289784877529 -0.122938062663
f 2899 2901 2903
f 2899 2903 2902
f 2899 2902 2904
f 2899 2904 2901
f 2900 2903 2901
f 2900 2902 2903
f 2900 2904 2902
f 2900 2901 2904
v 0.0918327879688 -0.290687919353 -0.122171771562
v 0.0931653858624 -0.28810930293 -0.121413536641
v 0.093182343721 -0.29008799402 -0.120649014567
v 0.0918158301103 -0.288709228263 -0.122936293636
v 0.0913418462961 -0.289063296987 -0.120899144971
v 0.0936563275351 -0.289733925297 -0.122686163232
f 2905 2907 2909
f 2905 2909 2908
f 2905 2908 2910
f 2905 2910 2907
f 2906 2909 2907
f 2906 2908 2909
f 2906 2910 2908
f 2906 2907 2910
v 0.0915607657237 -0.290607104362 -0.121968529264
v 0.0928933636172 -0.288028487939 -0.121210294343
v 0.0928695181391 -0.28999505678 -0.120415285925
v 0.0915846112019 -0.288640535521 -0.122763537683
v 0.091046683692 -0.288958627144 -0.120736359419
v 0.0934074456489 -0.289676965157 -0.122442464188
f 2911 2913 2915
f 2911 2915 2914
f 2911 2914 2916
f 2911 2916 2913
f 2912 2915 2913
f 2912 2914 2915
f 2912 2916 2914
f 2912 2913 2916
v 0.0912835252747 -0.290520788453 -0.121774823577
v 0.0926161231682 -0.287942172029 -0.121016588656
v 0.0925506916226 -0.289895793484 -0.120192524384
v 0.0913489568202 -0.288567166998 -0.122598887849
v 0.0907477409965 -0.288848893976 -0.120584149791
v 0.0931519074464 -0.289614066506 -0.122207262442
f 2917 2919 2921
f 2917 2921 2920
f 2917 2920 2922
f 2917 2922 2919
f 2918 2921 2919
f 2918 2920 2921
f 2918 2922 2920
f 2918 2919 2922
v 0.0910014043964 -0.290429076787 -0.1215908905
v 0.09233400229 -0.287850460364 -0.120832655579
v 0.0922262526127 -0.289790325069 -0.119981001346
v 0.0911091540737 -0.288489212082 -0.122442544734
v 0.090445382425 -0.288734231174 -0.120442701529
v 0.0928900242614 -0.289545305978 -0.12198084455
f 2923 2925 2927
f 2923 2927 2926
f 2923 2926 2928
f 2923 2928 2925
f 2924 2927 2925
f 2924 2926 2927
f 2924 2928 2926
f 2924 2925 2928
v 0.0907147468099 -0.290332081103 -0.121416954128
v 0.0920473447035 -0.28775346468 -0.120658719207
v 0.0918965963882 -0.289678780032 -0.119780974518
v 0.0908654951252 -0.288406765751 -0.122294698817
v 0.090139976355 -0.288614778438 -0.120312186967
v 0.0926221151584 -0.289470767345 -0.121763486368
f 2929 2931 2933
f 2929 2933 2932
f 2929 2932 2934
f 2929 2934 2931
f 2930 2933 2931
f 2930 2932 2933
f 2930 2934 2932
f 2930 2931 2934
v 0.0904239017632 -0.290229919574 -0.121253226376
v 0.0917564996567 -0.28765130315 -0.120494991455
v 0.0915621245845 -0.289561294273 -0.119592687603
v 0.0906182768355 -0.288319928451 -0.122155530228
v 0.0898318948766 -0.288490681302 -0.120192765117
v 0.0923485065433 -0.289390541422 -0.121555452713
f 2935 2937 2939
f 2935 2939 2938
f 2935 2938 2940
f 2935 2940 2937
f 2936 2939 2937
f 2936 2938 2939
f 2936 2940 2938
f 2936 2937 2940
v 0.0901292236062 -0.290122716668 -0.12109990672
v 0.0914618214997 -0.287544100244 -0.120341671799
v 0.0912232447039 -0.289438010931 -0.119416369998
v 0.090367800402 -0.288228805981 -0.12202520852
v 0.0895215133398 -0.28836209096 -0.120084581477
v 0.0920695317661 -0.289304725952 -0.121356997042
f 2941 2943 2945
f 2941 2945 2944
f 2941 2944 2946
f 2941 2946 2943
f 2942 2945 2943
f 2942 2944 2945
f 2942 2946 2944
f 2942 2943 2946
v 0.0898310713588 -0.290010602995 -0.120957181957
v 0.0911636692523 -0.287431986572 -0.120198947036
v 0.0908803696194 -0.289309080208 -0.119252236521
v 0.0901143709917 -0.288133509359 -0.121903892472
v 0.0892092098966 -0.288229164079 -0.11998776785
v 0.0917855307145 -0.289213425488 -0.121168361143
f 2947 2949 2951
f 2947 2951 2950
f 2947 2950 2952
f 2947 2952 2949
f 2948 2951 2949
f 2948 2950 2951
f 2948 2952 2950
f 2948 2949 2952
v 0.0895298082736 -0.289893715149 -0.120825225975
v 0.0908624061671 -0.287315098726 -0.120066991054
v 0.0905339170714 -0.289174659185 -0.119100487142
v 0.0898582973693 -0.28803415469 -0.121791729887
v 0.0888953650406 -0.288092062611 -0.11990244219
v 0.0914968494001 -0.289116751265 -0.120989774839
f 2953 2955 2957
f 2953 2957 2956
f 2953 2956 2958
f 2953 2958 2955
f 2954 2957 2955
f 2954 2956 2957
f 2954 2958 2956
f 2954 2955 2958
v 0.0892258013933 -0.28977219554 -0.120704199542
v 0.0905583992868 -0.287193579116 -0.119945964621
v 0.0901843091591 -0.289034911634 -0.118961306744
v 0.089599891521 -0.287930863022 -0.121688857419
v 0.0885803611436 -0.287950953591 -0.119828708453
v 0.0912038395366 -0.289014821065 -0.120821455711
f 2959 2961 2963
f 2959 2963 2962
f 2959 2962 2964
f 2959 2964 2961
f 2960 2963 2961
f 2960 2962 2963
f 2960 2964 2962
f 2960 2961 2964
v 0.0889194211034 -0.28964619222 -0.12059425011
v 0.0902520189969 -0.287067575796 -0.11983601519
v 0.0898319718257 -0.288890007816 -0.118834864898
v 0.0893394682746 -0.2878237602 -0.121595400402
v 0.088264581989 -0.28780600894 -0.119766656471
v 0.0909068581113 -0.288907759076 -0.120663608829
f 2965 2967 2969
f 2965 2969 2968
f 2965 2968 2970
f 2965 2970 2967
f 2966 2969 2967
f 2966 2968 2969
f 2966 2970 2968
f 2966 2967 2970
v 0.0886110406812 -0.289515858705 -0.120495511636
v 0.0899436385747 -0.286937242282 -0.119737276715
v 0.0894773343401 -0.288740124274 -0.118721315653
v 0.0890773449157 -0.287712976712 -0.121511472699
v 0.0879484123054 -0.287657405251 -0.119716361847
v 0.0906062669505 -0.288795695736 -0.120516426505
f 2971 2973 2975
f 2971 2975 2974
f 2971 2974 2976
f 2971 2976 2973
f 2972 2975 2973
f 2972 2974 2975
f 2972 2976 2974
f 2972 2973 2976
v 0.0883010358406 -0.289381353786 -0.120408104418
v 0.0896336337341 -0.286802737363 -0.119649869497
v 0.0891208287735 -0.288585443618 -0.118620797351
v 0.0888138408013 -0.287598647532 -0.121437176563
v 0.0876322372966 -0.287505323574 -0.119677885855
v 0.0903024322781 -0.288678767576 -0.120380088059
f 2977 2979 2981
f 2977 2981 2980
f 2977 2980 2982
f 2977 2982 2979
f 2978 2981 2979
f 2978 2980 2981
f 2978 2982 2980
f 2978 2979 2982
v 0.0879897842748 -0.289242841338 -0.120332134946
v 0.0893223821684 -0.286664224914 -0.119573900025
v 0.0887628894729 -0.288426154302 -0.118533432459
v 0.0885492769704 -0.28748091195 -0.121372602513
v 0.0873164421733 -0.287349949197 -0.119651275374
v 0.0899957242699 -0.288557117055 -0.120254759598
f 2983 2985 2987
f 2983 2987 2986
f 2983 2986 2988
f 2983 2988 2985
f 2984 2987 2985
f 2984 2986 2987
f 2984 2988 2986
f 2984 2985 2988
v 0.087677665196 -0.289100490115 -0.12026769578
v 0.0890102630895 -0.286521873692 -0.119509460859
v 0.0884039525322 -0.288262450396 -0.118459327417
v 0.0882839757533 -0.287359913411 -0.121317829221
v 0.0870014116832 -0.28719147142 -0.119636562823
v 0.0896865166023 -0.288430892387 -0.120140593815
f 2989 2991 2993
f 2989 2993 2992
f 2989 2992 2994
f 2989 2994 2991
f 2990 2993 2991
f 2990 2992 2993
f 2990 2994 2992
f 2990 2991 2994
v 0.087365058873 -0.288954473552 -0.120214865427
v 0.0886976567666 -0.286375857128 -0.119456630506
v 0.0880444552608 -0.288094531348 -0.118398572511
v 0.0880182603788 -0.287235799332 -0.121272923421
v 0.0866875296423 -0.287030083324 -0.119633766128
v 0.0893751859973 -0.288300247355 -0.120037729804
f 2995 2997 2999
f 2995 2999 2998
f 2995 2998 3000
f 2995 3000 2997
f 2996 2999 2997
f 2996 2998 2999
f 2996 3000 2998
f 2996 2997 3000
v 0.0870523461687 -0.288804969546 -0.120173708253
v 0.0883849440622 -0.286226353122 -0.119415473332
v 0.0876848356507 -0.287922601741 -0.118351241762
v 0.0877524545801 -0.287108720927 -0.121237939824
v 0.0863751784677 -0.286865981536 -0.119642888696
v 0.0890621117632 -0.288165341132 -0.119946292889
f 3001 3003 3005
f 3001 3005 3004
f 3001 3004 3006
f 3001 3006 3003
f 3002 3005 3003
f 3002 3004 3005
f 3002 3006 3004
f 3002 3003 3006
v 0.0867399080751 -0.288652160245 -0.120144274403
v 0.0880725059686 -0.286073543822 -0.119386039482
v 0.0873255318432 -0.287746871045 -0.118317392834
v 0.0874868822006 -0.286978833022 -0.121212921051
v 0.086064738711 -0.286699365987 -0.119663919414
v 0.0887476753328 -0.28802633808 -0.119866394471
f 3007 3009 3011
f 3007 3011 3010
f 3007 3010 3012
f 3007 3012 3009
f 3008 3011 3009
f 3008 3010 3011
f 3008 3012 3010
f 3008 3009 3012
v 0.0864281252501 -0.288496231825 -0.120126599736
v 0.0877607231436 -0.285917615401 -0.119368364815
v 0.0869669815944 -0.287567553362 -0.118297066967
v 0.0872218667993 -0.286846293864 -0.121197897584
v 0.0857565885954 -0.286530439674 -0.119696832657
v 0.0884322597984 -0.287883407552 -0.119798131894
f 3013 3015 3017
f 3013 3017 3016
f 3013 3016 3018
f 3013 3018 3015
f 3014 3017 3015
f 3014 3016 3017
f 3014 3018 3016
f 3014 3015 3018
v 0.086117377553 -0.288337374259 -0.120120705787
v 0.0874499754465 -0.285758757835 -0.119362470866
v 0.0866096217427 -0.287384867161 -0.118290288925
v 0.0869577312567 -0.286711264933 -0.121192887727
v 0.0854511035542 -0.286359408407 -0.119741588326
v 0.0881162494452 -0.287736723687 -0.119741588326
f 3019 3021 3023
f 3019 3023 3022
f 3019 3022 3024
f 3019 3024 3021
f 3020 3023 3021
f 3020 3022 3023
f 3020 3024 3022
f 3020 3021 3024
v 0.0858080435819 -0.288175781091 -0.120126599736
v 0.0871406414754 -0.285597164667 -0.119368364815
v 0.0862538876759 -0.287199035018 -0.118297066967
v 0.0866947973813 -0.28657391074 -0.121197897584
v 0.085148655774 -0.286186480562 -0.119798131894
v 0.0878000292833 -0.287586465197 -0.119696832657
f 3025 3027 3029
f 3025 3029 3028
f 3025 3028 3030
f 3025 3030 3027
f 3026 3029 3027
f 3026 3028 3029
f 3026 3030 3028
f 3026 3027 3030
v 0.0855005002127 -0.288011649198 -0.120144274403
v 0.0868330981062 -0.285433032774 -0.119386039482
v 0.0859002128013 -0.287010283341 -0.118317392834
v 0.0864333855175 -0.286434398631 -0.121212921051
v 0.0848496137407 -0.286011866823 -0.119866394471
v 0.0874839845781 -0.287432815148 -0.119663919414
f 3031 3033 3035
f 3031 3035 3034
f 3031 3034 3036
f 3031 3036 3033
f 3032 3035 3033
f 3032 3034 3035
f 3032 3036 3034
f 3032 3033 3036
v 0.0851951221395 -0.287845178548 -0.120173708253
v 0.086527720033 -0.285266562125 -0.119415473332
v 0.0855490280172 -0.286818842094 -0.118351241762
v 0.0861738141553 -0.286292898579 -0.121237939824
v 0.0845543417911 -0.285835779932 -0.119946292889
v 0.0871685003815 -0.287275960741 -0.119642888696
f 3037 3039 3041
f 3037 3041 3040
f 3037 3040 3042
f 3037 3042 3039
f 3038 3041 3039
f 3038 3040 3041
f 3038 3042 3040
f 3038 3039 3042
v 0.0848922814186 -0.287676571962 -0.120214865427
v 0.0862248793121 -0.285097955538 -0.119456630506
v 0.0852007611882 -0.28662494452 -0.118398572511
v 0.0859163995426 -0.286149582981 -0.121272923421
v 0.0842631996684 -0.285658434424 -0.120037729804
v 0.0868539610623 -0.287116093077 -0.119633766128
f 3043 3045 3047
f 3043 3047 3046
f 3043 3046 3048
f 3043 3048 3045
f 3044 3047 3045
f 3044 3046 3047
f 3044 3048 3046
f 3044 3045 3048
v 0.0845923470147 -0.287506034859 -0.12026769578
v 0.0859249449082 -0.284927418436 -0.119509460859
v 0.0848558366237 -0.286428826852 -0.118459327417
v 0.0856614552992 -0.286004626443 -0.121317829221
v 0.0839765420847 -0.285480046365 -0.120140593815
v 0.0865407498383 -0.28695340693 -0.119636562823
f 3049 3051 3053
f 3049 3053 3052
f 3049 3052 3054
f 3049 3054 3051
f 3050 3053 3051
f 3050 3052 3053
f 3050 3054 3052
f 3050 3051 3054
v 0.0842956843517 -0.287333775014 -0.120332134946
v 0.0856282822452 -0.284755158591 -0.119573900025
v 0.0845146745612 -0.286230728029 -0.118533432459
v 0.0854092920357 -0.285858205575 -0.121372602513
v 0.0836947182878 -0.285300833095 -0.120254759598
v 0.086229248309 -0.286788100509 -0.119651275374
f 3055 3057 3059
f 3055 3059 3058
f 3055 3058 3060
f 3055 3060 3057
f 3056 3059 3057
f 3056 3058 3059
f 3056 3060 3058
f 3056 3057 3060
v 0.0840026548672 -0.287160002298 -0.120408104418
v 0.0853352527608 -0.284581385874 -0.119649869497
v 0.0841776906541 -0.286030889406 -0.118620797351
v 0.0851602169739 -0.285710498766 -0.121437176563
v 0.0834180716368 -0.285121012957 -0.120380088059
v 0.0859198359912 -0.286620375215 -0.119677885855
f 3061 3063 3065
f 3061 3065 3064
f 3061 3064 3066
f 3061 3066 3063
f 3062 3065 3063
f 3062 3064 3065
f 3062 3066 3064
f 3062 3063 3066
v 0.0837136155727 -0.286984928426 -0.120495511636
v 0.0850462134663 -0.284406312003 -0.119737276715
v 0.0838452954654 -0.285829554454 -0.118721315653
v 0.0849145335736 -0.285561685975 -0.121511472699
v 0.0831469391829 -0.284940805035 -0.120516426505
v 0.0856128898561 -0.286450435394 -0.119716361847
f 3067 3069 3071
f 3067 3071 3070
f 3067 3070 3072
f 3067 3072 3069
f 3068 3071 3069
f 3068 3070 3071
f 3068 3072 3070
f 3068 3069 3072
v 0.083428918618 -0.2868087667 -0.12059425011
v 0.0847615165115 -0.284230150276 -0.11983601519
v 0.0835178939675 -0.285626968468 -0.118834864898
v 0.084672541162 -0.285411948508 -0.121595400402
v 0.0828816512594 -0.284760428884 -0.120663608829
v 0.0853087838702 -0.286278488092 -0.119766656471
f 3073 3075 3077
f 3073 3077 3076
f 3073 3076 3078
f 3073 3078 3075
f 3074 3077 3075
f 3074 3076 3077
f 3074 3078 3076
f 3074 3075 3078
v 0.0831489108624 -0.286631731744 -0.120704199542
v 0.084481508756 -0.284053115321 -0.119945964621
v 0.0831958850486 -0.285423378269 -0.118961306744
v 0.0844345345698 -0.285261468796 -0.121688857419
v 0.0826225310786 -0.284580104265 -0.120821455711
v 0.0850078885398 -0.2861047428 -0.119828708453
f 3079 3081 3083
f 3079 3083 3082
f 3079 3082 3084
f 3079 3084 3081
f 3080 3083 3081
f 3080 3082 3083
f 3080 3084 3082
f 3080 3081 3084
v 0.0828739334523 -0.286454039249 -0.120825225975
v 0.0842065313459 -0.283875422826 -0.120066991054
v 0.082879661027 -0.2852190319 -0.119100487142
v 0.0842008037712 -0.285110430175 -0.121791729887
v 0.0823698943386 -0.284400050875 -0.120989774839
v 0.0847105704596 -0.285929411201 -0.11990244219
f 3085 3087 3089
f 3085 3089 3088
f 3085 3088 3090
f 3085 3090 3087
f 3086 3089 3087
f 3086 3088 3089
f 3086 3090 3088
f 3086 3087 3090
v 0.0826043214053 -0.286275905706 -0.120957181957
v 0.0839369192988 -0.283697289283 -0.120198947036
v 0.0825696071729 -0.285014178326 -0.119252236521
v 0.0839716335313 -0.284959016664 -0.121903892472
v 0.0821240488383 -0.284220488081 -0.121168361143
v 0.0844171918658 -0.285752706908 -0.11998776785
f 3091 3093 3095
f 3091 3095 3094
f 3091 3094 3096
f 3091 3096 3093
f 3092 3095 3093
f 3092 3094 3095
f 3092 3096 3094
f 3092 3093 3096
v 0.0823404032022 -0.286097548143 -0.12109990672
v 0.0836730010957 -0.28351893172 -0.120341671799
v 0.0822661012393 -0.284809067129 -0.119416369998
v 0.0837473030586 -0.284807412735 -0.12202520852
v 0.0818852941027 -0.284041634655 -0.121356997042
v 0.0841281101952 -0.285574845209 -0.120084581477
f 3097 3099 3101
f 3097 3101 3100
f 3097 3100 3102
f 3097 3102 3099
f 3098 3101 3099
f 3098 3100 3101
f 3098 3102 3100
f 3098 3099 3102
v 0.0820825003865 -0.285919183862 -0.121253226376
v 0.08341509828 -0.283340567438 -0.120494991455
v 0.0819695130013 -0.284603948205 -0.119592687603
v 0.0835280856653 -0.284655803096 -0.122155530228
v 0.0816539210175 -0.283863708499 -0.121555452713
v 0.083843677649 -0.285396042801 -0.120192765117
f 3103 3105 3107
f 3103 3107 3106
f 3103 3106 3108
f 3103 3108 3105
f 3104 3107 3105
f 3104 3106 3107
f 3104 3108 3106
f 3104 3105 3108
v 0.0818309271732 -0.285741030171 -0.121416954128
v 0.0831635250667 -0.283162413747 -0.120658719207
v 0.081680203806 -0.28439907146 -0.119780974518
v 0.083314248434 -0.284504372458 -0.122294698817
v 0.0814302114753 -0.283686926392 -0.121763486368
v 0.0835642407647 -0.285216517527 -0.120312186967
f 3109 3111 3113
f 3109 3113 3112
f 3109 3112 3114
f 3109 3114 3111
f 3110 3113 3111
f 3110 3112 3113
f 3110 3114 3112
f 3110 3111 3114
v 0.0815859900655 -0.285563304123 -0.1215908905
v 0.082918587959 -0.2829846877 -0.120832655579
v 0.0813985261321 -0.284194686505 -0.119981001346
v 0.0831060518924 -0.284353305318 -0.122442544734
v 0.0812144380316 -0.283511503713 -0.12198084455
v 0.0832901399929 -0.28503648811 -0.120442701529
f 3115 3117 3119
f 3115 3119 3118
f 3115 3118 3120
f 3115 3120 3117
f 3116 3119 3117
f 3116 3118 3119
f 3116 3120 3118
f 3116 3117 3120
v 0.0813479874815 -0.285386222251 -0.121774823577
v 0.0826805853751 -0.282807605828 -0.121016588656
v 0.0811248231605 -0.283991042352 -0.120192524384
v 0.082903749696 -0.284202785727 -0.122598887849
v 0.0810068635732 -0.283337654188 -0.122207262442
v 0.0830217092833 -0.28485617389 -0.120584149791
f 3121 3123 3125
f 3121 3125 3124
f 3121 3124 3126
f 3121 3126 3123
f 3122 3125 3123
f 3122 3124 3125
f 3122 3126 3124
f 3122 3123 3126
v 0.0811172093907 -0.285210000301 -0.121968529264
v 0.0824498072843 -0.282631383878 -0.121210294343
v 0.0808594283561 -0.28378838711 -0.120415285925
v 0.0827075883189 -0.284052997069 -0.122763537683
v 0.0808077409976 -0.283165589628 -0.122442464188
v 0.0827592756774 -0.284675794551 -0.120736359419
f 3127 3129 3131
f 3127 3131 3130
f 3127 3130 3132
f 3127 3132 3129
f 3128 3131 3129
f 3128 3130 3131
f 3128 3132 3130
f 3128 3129 3132
v 0.0808939369607 -0.285034852973 -0.122171771562
v 0.0822265348542 -0.282456236549 -0.121413536641
v 0.0806026650616 -0.283586967682 -0.120649014567
v 0.0825178067534 -0.28390412184 -0.122936293636
v 0.080617312905 -0.282995519665 -0.122686163232
v 0.08250315891 -0.284495569858 -0.120899144971
f 3133 3135 3137
f 3133 3137 3136
f 3133 3136 3138
f 3133 3138 3135
f 3134 3137 3135
f 3134 3136 3137
f 3134 3138 3136
f 3134 3135 3138
v 0.0806784422145 -0.284860993656 -0.12238430285
v 0.082011040108 -0.282282377233 -0.121626067929
v 0.0803548461035 -0.283387029468 -0.120893425548
v 0.0823346362191 -0.283756341421 -0.123116945231
v 0.0804358113026 -0.282827651503 -0.122938062663
v 0.08225367102 -0.284315719386 -0.121072308117
f 3139 3141 3143
f 3139 3143 3142
f 3139 3142 3144
f 3139 3144 3141
f 3140 3143 3141
f 3140 3142 3143
f 3140 3144 3142
f 3140 3141 3144
v 0.0804709876993 -0.284688634172 -0.122605864193
v 0.0818035855928 -0.282110017748 -0.121847629272
v 0.080116273411 -0.283188816061 -0.121148221092
v 0.0821582998811 -0.283609835859 -0.123305272372
v 0.0802634573221 -0.282662189665 -0.12319785558
v 0.08201111597 -0.284136462255 -0.121255637884
f 3145 3147 3149
f 3145 3149 3148
f 3145 3148 3150
f 3145 3150 3147
f 3146 3149 3147
f 3146 3148 3149
f 3146 3150 3148
f 3146 3147 3150
v 0.0802718261664 -0.284517984513 -0.122836185651
v 0.0816044240599 -0.28193936809 -0.12207795073
v 0.0798872376482 -0.282992568954 -0.121413090769
v 0.0819890125782 -0.283464783649 -0.123501045612
v 0.0801004609505 -0.282499335739 -0.123465225467
v 0.0817757892758 -0.283958016864 -0.121448910913
f 3151 3153 3155
f 3151 3155 3154
f 3151 3154 3156
f 3151 3156 3153
f 3152 3155 3153
f 3152 3154 3155
f 3152 3156 3154
f 3152 3153 3156
v 0.0800812002635 -0.284349252591 -0.123074986613
v 0.081413798157 -0.281770636168 -0.122316751693
v 0.0796680178598 -0.282798527243 -0.121687711876
v 0.0818269805607 -0.283321361516 -0.12370402643
v 0.0799470207736 -0.282339288139 -0.123739846574
v 0.081547977647 -0.283780600619 -0.121651891732
f 3157 3159 3161
f 3157 3161 3160
f 3157 3160 3162
f 3157 3162 3159
f 3158 3161 3159
f 3158 3160 3161
f 3158 3162 3160
f 3158 3159 3162
v 0.0798993422389 -0.284182643979 -0.123321976138
v 0.0812319401324 -0.281604027556 -0.122563741218
v 0.0794588811315 -0.282606927339 -0.12197174983
v 0.0816724012398 -0.283179744195 -0.123913967526
v 0.0798033237347 -0.282182241858 -0.124021384318
v 0.0813279586367 -0.283604429677 -0.121864333038
f 3163 3165 3167
f 3163 3167 3166
f 3163 3166 3168
f 3163 3168 3165
f 3164 3167 3165
f 3164 3166 3167
f 3164 3168 3166
f 3164 3165 3168
v 0.0797264736586 -0.284018361664 -0.123576853307
v 0.0810590715521 -0.281439745241 -0.122818618386
v 0.0792600822642 -0.282418002677 -0.122264858574
v 0.0815254629466 -0.283040104227 -0.124130613119
v 0.0796695449064 -0.282028388232 -0.124309495688
v 0.0811160003043 -0.283429718672 -0.122085976005
f 3169 3171 3173
f 3169 3173 3172
f 3169 3172 3174
f 3169 3174 3171
f 3170 3173 3171
f 3170 3172 3173
f 3170 3174 3172
f 3170 3171 3174
v 0.0795628051363 -0.283856605799 -0.123839307591
v 0.0808954030299 -0.281277989375 -0.12308107267
v 0.0790718634636 -0.282231983432 -0.122566681
v 0.0813863447026 -0.282902611742 -0.124353699261
v 0.0795458472777 -0.281877914709 -0.124603829665
v 0.0809123608884 -0.283256680465 -0.122316550596
f 3175 3177 3179
f 3175 3179 3178
f 3175 3178 3180
f 3175 3180 3177
f 3176 3179 3177
f 3176 3178 3179
f 3176 3180 3178
f 3176 3177 3180
v 0.0794085360769 -0.283697573457 -0.124109019229
v 0.0807411339705 -0.281118957034 -0.123350784308
v 0.0788944540453 -0.28204909624 -0.122876849384
v 0.0812552160021 -0.282767434252 -0.124582954153
v 0.0794323815551 -0.281731004616 -0.124904027648
v 0.0807172884923 -0.283085525875 -0.12255577589
f 3181 3183 3185
f 3181 3185 3184
f 3181 3184 3186
f 3181 3186 3183
f 3182 3185 3183
f 3182 3184 3185
f 3182 3186 3184
f 3182 3183 3186
v 0.0792638544336 -0.283541458397 -0.124385659621
v 0.0805964523271 -0.280962841974 -0.1236274247
v 0.0787280701554 -0.28186956392 -0.123194985834
v 0.0811322366053 -0.282634736451 -0.124818098486
v 0.0793292859791 -0.281587836942 -0.125209723893
v 0.0805310207815 -0.282916463429 -0.122803360428
f 3187 3189 3191
f 3187 3191 3190
f 3187 3190 3192
f 3187 3192 3189
f 3188 3191 3189
f 3188 3190 3191
f 3188 3192 3190
f 3188 3189 3192
v 0.0791289364784 -0.28338845082 -0.124668891721
v 0.080461534372 -0.280809834396 -0.1239106568
v 0.078572914507 -0.281693605206 -0.12352070275
v 0.0810175563434 -0.28250468001 -0.125058845772
v 0.0792366861557 -0.281448586115 -0.125520545955
v 0.0803537846947 -0.282749699101 -0.123059002567
f 3193 3195 3197
f 3193 3197 3196
f 3193 3196 3198
f 3193 3198 3195
f 3194 3197 3195
f 3194 3196 3197
f 3194 3198 3196
f 3194 3195 3198
v 0.0790039465884 -0.283238737141 -0.124958370456
v 0.0803365444819 -0.280660120718 -0.124200135535
v 0.0784291761334 -0.281521434476 -0.123853603295
v 0.0809113149369 -0.282377423383 -0.125304902696
v 0.0791546949036 -0.281313421789 -0.125836115146
v 0.0801857961666 -0.28258543607 -0.123322390846
f 3199 3201 3203
f 3199 3203 3202
f 3199 3202 3204
f 3199 3204 3201
f 3200 3203 3201
f 3200 3202 3203
f 3200 3204 3202
f 3200 3201 3204
v 0.0788890370443 -0.283092499765 -0.125253743141
v 0.0802216349378 -0.280513883342 -0.12449550822
v 0.0782970301577 -0.281353261493 -0.124193281882
v 0.0808136418244 -0.282253121613 -0.125555969478
v 0.0790834121165 -0.281182508642 -0.126156046993
v 0.0800272598655 -0.282423874464 -0.123593204368
f 3205 3207 3209
f 3205 3209 3208
f 3205 3208 3210
f 3205 3210 3207
f 3206 3209 3207
f 3206 3208 3209
f 3206 3210 3208
f 3206 3207 3210
v 0.0787843478457 -0.282949916858 -0.125554649908
v 0.0801169457392 -0.280371300435 -0.124796414987
v 0.0781766375793 -0.281189291151 -0.124539324665
v 0.0807246560056 -0.282131926143 -0.12581174023
v 0.0790229246415 -0.281056006171 -0.126479951709
v 0.0798783689434 -0.282265211122 -0.123871113187
f 3211 3213 3215
f 3211 3215 3214
f 3211 3214 3216
f 3211 3216 3213
f 3212 3215 3213
f 3212 3214 3215
f 3212 3216 3214
f 3212 3213 3216
v 0.0786900065403 -0.282811162137 -0.12586072415
v 0.0800226044338 -0.280232545714 -0.125102489229
v 0.0780681450781 -0.281029723221 -0.124891310043
v 0.080644465896 -0.28201398463 -0.126071903336
v 0.0789733061732 -0.280934068501 -0.126807434665
v 0.0797393048009 -0.28210963935 -0.124155778714
f 3217 3219 3221
f 3217 3221 3220
f 3217 3220 3222
f 3217 3222 3219
f 3218 3221 3219
f 3218 3220 3221
f 3218 3222 3220
f 3218 3219 3222
v 0.0786061280685 -0.282676404652 -0.126171592962
v 0.079938725962 -0.280097788229 -0.125413358041
v 0.0779716848355 -0.280874752113 -0.125248809177
v 0.0805731691949 -0.281899440767 -0.126336141826
v 0.0789346171642 -0.280816844193 -0.127138096874
v 0.0796102368663 -0.281957348688 -0.124446854129
f 3223 3225 3227
f 3223 3227 3226
f 3223 3226 3228
f 3223 3228 3225
f 3224 3227 3225
f 3224 3226 3227
f 3224 3228 3226
f 3224 3225 3228
v 0.0785328146232 -0.282545808584 -0.126486877599
v 0.0798654125167 -0.279967192161 -0.125728642678
v 0.0778873743735 -0.280724566636 -0.125611386509
v 0.0805108527664 -0.28178843411 -0.126604133767
v 0.0789069047509 -0.280704476067 -0.127471535476
v 0.079491322389 -0.281808524679 -0.124743984801
f 3229 3231 3233
f 3229 3233 3232
f 3229 3232 3234
f 3229 3234 3231
f 3230 3233 3231
f 3230 3232 3233
f 3230 3234 3232
f 3230 3231 3234
v 0.0784701555256 -0.282419533046 -0.126806193934
v 0.0798027534191 -0.279840916623 -0.126047959013
v 0.0778153164112 -0.280579349766 -0.125978600295
v 0.0804575925335 -0.281681099902 -0.126875552652
v 0.0788902026968 -0.280597101026 -0.127807344226
v 0.0793827062479 -0.281663348642 -0.125046808721
f 3235 3237 3239
f 3235 3239 3238
f 3235 3238 3240
f 3235 3240 3237
f 3236 3239 3237
f 3236 3238 3239
f 3236 3240 3238
f 3236 3237 3240
v 0.0784182271161 -0.282297731883 -0.12712915293
v 0.0797508250097 -0.27971911546 -0.126370918009
v 0.0777555987403 -0.280439278429 -0.126350003141
v 0.0804134533855 -0.281577568914 -0.127150067799
v 0.0788845313507 -0.280494849891 -0.128145113993
v 0.0792845207751 -0.281521997453 -0.125354956946
f 3241 3243 3245
f 3241 3245 3244
f 3241 3244 3246
f 3241 3246 3243
f 3242 3245 3243
f 3242 3244 3245
f 3242 3246 3244
f 3242 3243 3246
o local_feasible_arc
usemtl feasible_arc
g local_feasible_arc
v 0.0790602219099 -0.280211674355 -0.129416917666
v 0.0791061298489 -0.280136109836 -0.12975458179
v 0.079162805422 -0.28006623087 -0.130091834523
v 0.0792301795786 -0.280002122593 -0.130428264973
v 0.0793081702337 -0.27994386311 -0.130763463253
v 0.0793966823678 -0.279891523403 -0.131097020974
v 0.0794956081425 -0.279845167239 -0.131428531748
v 0.0796048270318 -0.279804851095 -0.13175759168
v 0.0797242059695 -0.279770624092 -0.132083799862
v 0.0798535995107 -0.279742527928 -0.132406758858
v 0.0799928500092 -0.279720596836 -0.132726075193
v 0.0801417878099 -0.279704857534 -0.13304135983
v 0.0803002314549 -0.279695329199 -0.133352228642
v 0.080467987905 -0.279692023439 -0.133658302884
v 0.0806448527749 -0.279694944282 -0.133959209651
v 0.080830610582 -0.27970408817 -0.134254582335
v 0.081025035009 -0.279719443961 -0.134544061071
v 0.0812278891796 -0.279740992948 -0.134827293171
v 0.0814389259474 -0.279768708876 -0.135103933563
v 0.0816578881965 -0.279802557977 -0.135373645201
v 0.0818845091551 -0.279842499012 -0.135636099485
v 0.0821185127205 -0.279888483319 -0.135890976653
v 0.0823596137955 -0.279940454873 -0.136137966178
v 0.0826075186355 -0.279998350354 -0.136376767141
v 0.0828619252066 -0.280062099226 -0.136607088599
v 0.0831225235536 -0.28013162382 -0.136828649942
v 0.0833889961776 -0.280206839432 -0.13704118123
v 0.0836610184227 -0.280287654423 -0.137244423528
v 0.0839382588718 -0.280373970333 -0.137438129215
v 0.08422037975 -0.280465681998 -0.137622062292
v 0.0845070373365 -0.280562677683 -0.137795998664
v 0.0847978823832 -0.280664839212 -0.137959726416
v 0.0850925605403 -0.280772042118 -0.138113046072
v 0.0853907127877 -0.28088415579 -0.138255770835
v 0.0856919758729 -0.281001043636 -0.138387726817
v 0.0859959827532 -0.281122563246 -0.13850875325
v 0.086302363043 -0.281248566566 -0.138618702681
v 0.0866107434653 -0.281378900081 -0.138717441155
v 0.0869207483059 -0.281513404999 -0.138804848374
v 0.0872319998716 -0.281651917448 -0.138880817846
v 0.0875441189505 -0.28179426867 -0.138945257012
v 0.0878567252734 -0.281940285234 -0.138998087365
v 0.0881694379778 -0.28208978924 -0.139039244539
v 0.0884818760713 -0.28224259854 -0.139068678389
v 0.0887936588964 -0.282398526961 -0.139086353056
v 0.0790433916084 -0.280891245281 -0.127076243651
v 0.0790131012247 -0.280778832427 -0.127405303583
v 0.0789936918162 -0.280671322066 -0.127736814358
v 0.0789851870301 -0.280568845183 -0.128070372079
v 0.0789875972282 -0.280471526631 -0.128405570358
v 0.0790009194741 -0.280379484978 -0.128742000809
v 0.0790251375367 -0.280292832361 -0.129079253541
l 3247 3248
l 3248 3249
l 3249 3250
l 3250 3251
l 3251 3252
l 3252 3253
l 3253 3254
l 3254 3255
l 3255 3256
l 3256 3257
l 3257 3258
l 3258 3259
l 3259 3260
l 3260 3261
l 3261 3262
l 3262 3263
l 3263 3264
l 3264 3265
l 3265 3266
l 3266 3267
l 3267 3268
l 3268 3269
l 3269 3270
l 3270 3271
l 3271 3272
l 3272 3273
l 3273 3274
l 3274 3275
l 3275 3276
l 3276 3277
l 3277 3278
l 3278 3279
l 3279 3280
l 3280 3281
l 3281 3282
l 3282 3283
l 3283 3284
l 3284 3285
l 3285 3286
l 3286 3287
l 3287 3288
l 3288 3289
l 3289 3290
l 3290 3291
l 3292 3293
l 3293 3294
l 3294 3295
l 3295 3296
l 3296 3297
l 3297 3298
l 3298 3247
