# FeiLunQieGe visualization export
# units: normalized
# radius: 0.01
# delta: 0.0005
# local display proxy for sampled target point 49
mtllib local_feasible_centers.mtl
o target_point_000049
usemtl target_point
g target_point
v 0.152225624 0.154261652383 -0.0314398217
v 0.148175624 0.154261652383 -0.0314398217
v 0.150200624 0.156286652383 -0.0314398217
v 0.150200624 0.152236652383 -0.0314398217
v 0.150200624 0.154261652383 -0.0294148217
v 0.150200624 0.154261652383 -0.0334648217
f 1 3 5
f 1 5 4
f 1 4 6
f 1 6 3
f 2 5 3
f 2 4 5
f 2 6 4
f 2 3 6
o feasible_candidates
usemtl feasible_marker
g feasible_candidates
v 0.150200624 0.155761652383 -0.0219398217
v 0.150200624 0.152761652383 -0.0219398217
v 0.150200624 0.154261652383 -0.0204398217
v 0.150200624 0.154261652383 -0.0234398217
v 0.151700624 0.154261652383 -0.0219398217
v 0.148700624 0.154261652383 -0.0219398217
f 7 9 11
f 7 11 10
f 7 10 12
f 7 12 9
f 8 11 9
f 8 10 11
f 8 12 10
f 8 9 12
v 0.150532169219 0.155761652383 -0.0219456088433
v 0.150532169219 0.152761652383 -0.0219456088433
v 0.150584518464 0.154261652383 -0.0204465226028
v 0.150479819974 0.154261652383 -0.0234446950838
v 0.152031255459 0.154261652383 -0.0219979580884
v 0.149033082978 0.154261652383 -0.0218932595983
f 13 15 17
f 13 17 16
f 13 16 18
f 13 18 15
f 14 17 15
f 14 16 17
f 14 18 16
f 14 15 18
v 0.150863310501 0.155761652383 -0.0219629632225
v 0.150863310501 0.152761652383 -0.0219629632225
v 0.150967945211 0.154261652383 -0.0204666171471
v 0.15075867579 0.154261652383 -0.0234593092979
v 0.152359656576 0.154261652383 -0.0220675979331
v 0.149366964425 0.154261652383 -0.0218583285119
f 19 21 23
f 19 23 22
f 19 22 24
f 19 24 21
f 20 23 21
f 20 22 23
f 20 24 22
f 20 21 24
v 0.151193644401 0.155761652383 -0.021991863694
v 0.151193644401 0.152761652383 -0.021991863694
v 0.151350437096 0.154261652383 -0.0205000808509
v 0.151036851706 0.154261652383 -0.0234836465371
v 0.152685427244 0.154261652383 -0.0221486563889
v 0.149701861558 0.154261652383 -0.0218350709991
f 25 27 29
f 25 29 28
f 25 28 30
f 25 30 27
f 26 29 27
f 26 28 29
f 26 30 28
f 26 27 30
v 0.151522768459 0.155761652383 -0.022032275047
v 0.151522768459 0.152761652383 -0.022032275047
v 0.151731528111 0.154261652383 -0.0205468729438
v 0.151314008808 0.154261652383 -0.0235176771501
v 0.153008170562 0.154261652383 -0.0222410346984
v 0.150037366356 0.154261652383 -0.0218235153955
f 31 33 35
f 31 35 34
f 31 34 36
f 31 36 33
f 32 35 33
f 32 34 35
f 32 36 34
f 32 33 36
v 0.151850281688 0.155761652383 -0.0220841480464
v 0.151850281688 0.152761652383 -0.0220841480464
v 0.152110753954 0.154261652383 -0.0206069364169
v 0.151589809421 0.154261652383 -0.0235613596759
v 0.153327493317 0.154261652383 -0.0223446203129
v 0.150373070058 0.154261652383 -0.0218236757799
f 37 39 41
f 37 41 40
f 37 40 42
f 37 42 39
f 38 41 39
f 38 40 41
f 38 42 40
f 38 39 42
v 0.152175785063 0.155761652383 -0.022147419493
v 0.152175785063 0.152761652383 -0.022147419493
v 0.152487652599 0.154261652383 -0.0206801980919
v 0.151863917527 0.154261652383 -0.0236146408941
v 0.153643006464 0.154261652383 -0.0224592870293
v 0.150708563662 0.154261652383 -0.0218355519568
f 43 45 47
f 43 47 46
f 43 46 48
f 43 48 45
f 44 47 45
f 44 46 47
f 44 48 46
f 44 45 48
v 0.152498882008 0.155761652383 -0.0222220123004
v 0.152498882008 0.152761652383 -0.0222220123004
v 0.152861764852 0.154261652383 -0.020766568711
v 0.152135999165 0.154261652383 -0.0236774558898
v 0.153954325598 0.154261652383 -0.0225848951438
v 0.151043438419 0.154261652383 -0.021859129457
f 49 51 53
f 49 53 52
f 49 52 54
f 49 54 51
f 50 53 51
f 50 52 53
f 50 54 52
f 50 51 54
v 0.15281917888 0.155761652383 -0.0223078355886
v 0.15281917888 0.152761652383 -0.0223078355886
v 0.153232634914 0.154261652383 -0.0208659430447
v 0.152405722847 0.154261652383 -0.0237497281325
v 0.154261071424 0.154261652383 -0.0227212916223
v 0.151377286336 0.154261652383 -0.0218943795549
f 55 57 59
f 55 59 58
f 55 58 60
f 55 60 57
f 56 59 57
f 56 58 59
f 56 60 58
f 56 57 60
v 0.153136285447 0.155761652383 -0.0224047847952
v 0.153136285447 0.152761652383 -0.0224047847952
v 0.153599810938 0.154261652383 -0.0209782000208
v 0.152672759955 0.154261652383 -0.0238313695696
v 0.154562870221 0.154261652383 -0.0228683102868
v 0.151709700672 0.154261652383 -0.0219412593036
f 61 63 65
f 61 65 64
f 61 64 66
f 61 66 63
f 62 65 63
f 62 64 65
f 62 66 64
f 62 63 66
v 0.153449815362 0.155761652383 -0.0225127418025
v 0.153449815362 0.152761652383 -0.0225127418025
v 0.153962845577 0.154261652383 -0.0211032028714
v 0.152936785147 0.154261652383 -0.0239222807337
v 0.154859354293 0.154261652383 -0.0230257720175
v 0.15204027643 0.154261652383 -0.0219997115875
f 67 69 71
f 67 71 70
f 67 70 72
f 67 72 69
f 68 71 69
f 68 70 71
f 68 72 70
f 68 69 72
v 0.153759386637 0.155761652383 -0.0226315750816
v 0.153759386637 0.152761652383 -0.0226315750816
v 0.154321296528 0.154261652383 -0.0212407992998
v 0.153197476747 0.154261652383 -0.0240223508635
v 0.155150162419 0.154261652383 -0.0231934849717
v 0.152368610856 0.154261652383 -0.0220696651915
f 73 75 77
f 73 77 76
f 73 76 78
f 73 78 75
f 74 77 75
f 74 76 77
f 74 78 76
f 74 75 78
v 0.154064622109 0.155761652383 -0.0227611398524
v 0.154064622109 0.152761652383 -0.0227611398524
v 0.154674727074 0.154261652383 -0.0213908216659
v 0.153454517145 0.154261652383 -0.0241314580389
v 0.155434940296 0.154261652383 -0.023371244817
v 0.152694303923 0.154261652383 -0.0221510348878
f 79 81 83
f 79 83 82
f 79 82 84
f 79 84 81
f 80 83 81
f 80 82 83
f 80 84 82
f 80 81 84
v 0.154365149894 0.155761652383 -0.0229012782602
v 0.154365149894 0.152761652383 -0.0229012782602
v 0.155022706615 0.154261652383 -0.0215530871907
v 0.153707593174 0.154261652383 -0.0242494693296
v 0.155713340964 0.154261652383 -0.0235588349803
v 0.153016958825 0.154261652383 -0.02224372154
f 85 87 89
f 85 89 88
f 85 88 90
f 85 90 87
f 86 89 87
f 86 88 89
f 86 90 88
f 86 87 90
v 0.154660603846 0.155761652383 -0.0230518195678
v 0.154660603846 0.152761652383 -0.0230518195678
v 0.155364811191 0.154261652383 -0.0217273981786
v 0.153956396502 0.154261652383 -0.0243762409571
v 0.155985025236 0.154261652383 -0.023756026912
v 0.153336182457 0.154261652383 -0.0223476122237
f 91 93 95
f 91 95 94
f 91 94 96
f 91 96 93
f 92 95 93
f 92 94 95
f 92 96 94
f 92 93 96
v 0.154950624 0.155761652383 -0.023212580364
v 0.154950624 0.152761652383 -0.023212580364
v 0.155700624 0.154261652383 -0.0219135422584
v 0.154200624 0.154261652383 -0.0245116184697
v 0.156249662106 0.154261652383 -0.023962580364
v 0.153651585894 0.154261652383 -0.022462580364
f 97 99 101
f 97 101 100
f 97 100 102
f 97 102 99
f 98 101 99
f 98 100 101
f 98 102 100
f 98 99 102
v 0.15523485701 0.155761652383 -0.0233833647865
v 0.15523485701 0.152761652383 -0.0233833647865
v 0.156029735907 0.154261652383 -0.0221112926423
v 0.154439978114 0.154261652383 -0.0246554369307
v 0.156506929154 0.154261652383 -0.0241782436829
v 0.153962784866 0.154261652383 -0.0225884858902
f 103 105 107
f 103 107 106
f 103 106 108
f 103 108 105
f 104 107 105
f 104 106 107
f 104 108 106
f 104 105 108
v 0.155512956583 0.155761652383 -0.0235639647607
v 0.155512956583 0.152761652383 -0.0235639647607
v 0.156351745938 0.154261652383 -0.0223204084019
v 0.154674167228 0.154261652383 -0.0248075211196
v 0.156756512942 0.154261652383 -0.0244027541159
v 0.154269400224 0.154261652383 -0.0227251754055
f 109 111 113
f 109 113 112
f 109 112 114
f 109 114 111
f 110 113 111
f 110 112 113
f 110 114 112
f 110 111 114
v 0.155784583897 0.155761652383 -0.0237541602534
v 0.155784583897 0.152761652383 -0.0237541602534
v 0.156666261775 0.154261652383 -0.0225406347619
v 0.154902906018 0.154261652383 -0.024967685745
v 0.156998109388 0.154261652383 -0.0246358381319
v 0.154571058405 0.154261652383 -0.022872482375
f 115 117 119
f 115 119 118
f 115 118 120
f 115 120 117
f 116 119 117
f 116 118 119
f 116 120 118
f 116 117 120
v 0.156049408016 0.155761652383 -0.0239537195407
v 0.156049408016 0.152761652383 -0.0239537195407
v 0.156972900229 0.154261652383 -0.0227717034103
v 0.155125915803 0.154261652383 -0.0251357356711
v 0.157231424146 0.154261652383 -0.0248772117537
v 0.154867391885 0.154261652383 -0.0230302273277
f 121 123 125
f 121 125 124
f 121 124 126
f 121 126 123
f 122 125 123
f 122 124 125
f 122 126 124
f 122 123 126
v 0.156307106292 0.155761652383 -0.0241623994904
v 0.156307106292 0.152761652383 -0.0241623994904
v 0.157271287707 0.154261652383 -0.0230133328257
v 0.155342924877 0.154261652383 -0.025311466155
v 0.157456172957 0.154261652383 -0.0251265809049
v 0.155158039627 0.154261652383 -0.0231982180758
f 127 129 131
f 127 131 130
f 127 130 132
f 127 132 129
f 128 131 129
f 128 130 131
f 128 132 130
f 128 129 132
v 0.15655736476 0.155761652383 -0.024379945858
v 0.15655736476 0.152761652383 -0.024379945858
v 0.15756106067 0.154261652383 -0.0232652286197
v 0.155553668851 0.154261652383 -0.0254946630962
v 0.157672081999 0.154261652383 -0.0253836417675
v 0.155442647522 0.154261652383 -0.0233762499484
f 133 135 137
f 133 137 136
f 133 136 138
f 133 138 135
f 134 137 135
f 134 136 137
f 134 138 136
f 134 135 138
v 0.156799878519 0.155761652383 -0.0246060935968
v 0.156799878519 0.152761652383 -0.0246060935968
v 0.157841866075 0.154261652383 -0.0235270838963
v 0.155757890964 0.154261652383 -0.0256851032973
v 0.15787888822 0.154261652383 -0.0256480811525
v 0.155720868819 0.154261652383 -0.0235641060411
f 139 141 143
f 139 143 142
f 139 142 144
f 139 144 141
f 140 143 141
f 140 142 143
f 140 144 142
f 140 141 144
v 0.157034352103 0.155761652383 -0.0248405671806
v 0.157034352103 0.152761652383 -0.0248405671806
v 0.158113361804 0.154261652383 -0.023798579625
v 0.155955342403 0.154261652383 -0.0258825547363
v 0.158076339659 0.154261652383 -0.0259195768811
v 0.155992364548 0.154261652383 -0.0237615574801
f 145 147 149
f 145 149 148
f 145 148 150
f 145 150 147
f 146 149 147
f 146 148 149
f 146 150 148
f 146 147 150
v 0.157260499842 0.155761652383 -0.0250830809396
v 0.157260499842 0.152761652383 -0.0250830809396
v 0.15837521708 0.154261652383 -0.0240793850301
v 0.156145782604 0.154261652383 -0.0260867768491
v 0.158264195752 0.154261652383 -0.0261977981778
v 0.156256803932 0.154261652383 -0.0239683637014
f 151 153 155
f 151 155 154
f 151 154 156
f 151 156 153
f 152 155 153
f 152 154 155
f 152 156 154
f 152 153 156
v 0.15747804621 0.155761652383 -0.025333339408
v 0.15747804621 0.152761652383 -0.025333339408
v 0.158627112874 0.154261652383 -0.0243691579934
v 0.156328979545 0.154261652383 -0.0262975208225
v 0.158442227624 0.154261652383 -0.0264824060727
v 0.156513864795 0.154261652383 -0.0241842727433
f 157 159 161
f 157 161 160
f 157 160 162
f 157 162 159
f 158 161 159
f 158 160 161
f 158 162 160
f 158 159 162
v 0.157686726159 0.155761652383 -0.0255910376844
v 0.157686726159 0.152761652383 -0.0255910376844
v 0.15886874229 0.154261652383 -0.0246675454714
v 0.156504710029 0.154261652383 -0.0265145298974
v 0.158610218372 0.154261652383 -0.0267730538148
v 0.156763233946 0.154261652383 -0.024409021554
f 163 165 167
f 163 167 166
f 163 166 168
f 163 168 165
f 164 167 165
f 164 166 167
f 164 168 166
f 164 165 168
v 0.157886285447 0.155761652383 -0.0258558618032
v 0.157886285447 0.152761652383 -0.0258558618032
v 0.159099810938 0.154261652383 -0.0249741839248
v 0.156672759955 0.154261652383 -0.0267375396817
v 0.158767963325 0.154261652383 -0.0270693872948
v 0.157004607568 0.154261652383 -0.0246423363117
f 169 171 173
f 169 173 172
f 169 172 174
f 169 174 171
f 170 173 171
f 170 172 173
f 170 174 172
f 170 171 174
v 0.158076480939 0.155761652383 -0.026127489117
v 0.158076480939 0.152761652383 -0.026127489117
v 0.159320037298 0.154261652383 -0.0252886997618
v 0.15683292458 0.154261652383 -0.0269662784722
v 0.158915270294 0.154261652383 -0.0273710454759
v 0.157237691584 0.154261652383 -0.0248839327582
f 175 177 179
f 175 179 178
f 175 178 180
f 175 180 177
f 176 179 177
f 176 178 179
f 176 180 178
f 176 177 180
v 0.158257080913 0.155761652383 -0.0264055886898
v 0.158257080913 0.152761652383 -0.0264055886898
v 0.159529153058 0.154261652383 -0.0256107097934
v 0.156985008769 0.154261652383 -0.0272004675861
v 0.15905195981 0.154261652383 -0.027677660834
v 0.157462202017 0.154261652383 -0.0251335165455
f 181 183 185
f 181 185 184
f 181 184 186
f 181 186 183
f 182 185 183
f 182 184 185
f 182 186 184
f 182 183 186
v 0.158427865336 0.155761652383 -0.0266898217
v 0.158427865336 0.152761652383 -0.0266898217
v 0.159726903442 0.154261652383 -0.0259398217
v 0.15712882723 0.154261652383 -0.0274398217
v 0.159177865336 0.154261652383 -0.0279888598057
v 0.157677865336 0.154261652383 -0.0253907835943
f 187 189 191
f 187 191 190
f 187 190 192
f 187 192 189
f 188 191 189
f 188 190 191
f 188 192 190
f 188 189 192
v 0.158588626132 0.155761652383 -0.0269798418535
v 0.158588626132 0.152761652383 -0.0269798418535
v 0.159913047521 0.154261652383 -0.0262756345094
v 0.157264204743 0.154261652383 -0.0276840491977
v 0.159292833476 0.154261652383 -0.0283042632428
v 0.157884418788 0.154261652383 -0.0256554204642
f 193 195 197
f 193 197 196
f 193 196 198
f 193 198 195
f 194 197 195
f 194 196 197
f 194 198 196
f 194 195 198
v 0.15873916744 0.155761652383 -0.0272752958055
v 0.15873916744 0.152761652383 -0.0272752958055
v 0.160087358509 0.154261652383 -0.0266177390853
v 0.15739097637 0.154261652383 -0.0279328525257
v 0.15939672416 0.154261652383 -0.028623486875
v 0.15808161072 0.154261652383 -0.0259271047361
f 199 201 203
f 199 203 202
f 199 202 204
f 199 204 201
f 200 203 201
f 200 202 203
f 200 204 202
f 200 201 204
v 0.158879305848 0.155761652383 -0.0275758235908
v 0.158879305848 0.152761652383 -0.0275758235908
v 0.160249624034 0.154261652383 -0.0269657186262
v 0.157508987661 0.154261652383 -0.0281859285554
v 0.159489410812 0.154261652383 -0.0289461417772
v 0.158269200883 0.154261652383 -0.0262055054043
f 205 207 209
f 205 209 208
f 205 208 210
f 205 210 207
f 206 209 207
f 206 208 209
f 206 210 208
f 206 207 210
v 0.159008870618 0.155761652383 -0.0278810590625
v 0.159008870618 0.152761652383 -0.0278810590625
v 0.1603996464 0.154261652383 -0.0273191491724
v 0.157618094837 0.154261652383 -0.0284429689527
v 0.159570780509 0.154261652383 -0.0292718348444
v 0.158446960728 0.154261652383 -0.0264902832807
f 211 213 215
f 211 215 214
f 211 214 216
f 211 216 213
f 212 215 213
f 212 214 215
f 212 216 214
f 212 213 216
v 0.159127703897 0.155761652383 -0.0281906303384
v 0.159127703897 0.152761652383 -0.0281906303384
v 0.160537242829 0.154261652383 -0.0276776001234
v 0.157718164966 0.154261652383 -0.0287036605534
v 0.159640734112 0.154261652383 -0.0296001692696
v 0.158614673682 0.154261652383 -0.0267810914072
f 217 219 221
f 217 221 220
f 217 220 222
f 217 222 219
f 218 221 219
f 218 220 221
f 218 222 220
f 218 219 222
v 0.159235660905 0.155761652383 -0.0285041602534
v 0.159235660905 0.152761652383 -0.0285041602534
v 0.160662245679 0.154261652383 -0.0280406347619
v 0.15780907613 0.154261652383 -0.028967685745
v 0.159699186396 0.154261652383 -0.0299307450279
v 0.158772135413 0.154261652383 -0.027077575479
f 223 225 227
f 223 227 226
f 223 226 228
f 223 228 225
f 224 227 225
f 224 226 227
f 224 228 226
f 224 225 228
v 0.159332610111 0.155761652383 -0.0288212668197
v 0.159332610111 0.152761652383 -0.0288212668197
v 0.160774502655 0.154261652383 -0.028407810786
v 0.157890717568 0.154261652383 -0.0292347228535
v 0.159746066145 0.154261652383 -0.0302631593636
v 0.158919154078 0.154261652383 -0.0273793742758
f 229 231 233
f 229 233 232
f 229 232 234
f 229 234 231
f 230 233 231
f 230 232 233
f 230 234 232
f 230 231 234
v 0.1594184334 0.155761652383 -0.0291415636918
v 0.1594184334 0.152761652383 -0.0291415636918
v 0.160873876989 0.154261652383 -0.0287786808484
v 0.15796298981 0.154261652383 -0.0295044465352
v 0.159781316243 0.154261652383 -0.0305970072812
v 0.159055550556 0.154261652383 -0.0276861201024
f 235 237 239
f 235 239 238
f 235 238 240
f 235 240 237
f 236 239 237
f 236 238 239
f 236 240 238
f 236 237 240
v 0.159493026207 0.155761652383 -0.0294646606372
v 0.159493026207 0.152761652383 -0.0294646606372
v 0.160960247608 0.154261652383 -0.029152793101
v 0.158025804806 0.154261652383 -0.0297765281735
v 0.159804893743 0.154261652383 -0.0309318820383
v 0.159181158671 0.154261652383 -0.0279974392361
f 241 243 245
f 241 245 244
f 241 244 246
f 241 246 243
f 242 245 243
f 242 244 245
f 242 246 244
f 242 243 246
v 0.159556297654 0.155761652383 -0.0297901640122
v 0.159556297654 0.152761652383 -0.0297901640122
v 0.161033509283 0.154261652383 -0.0295296917457
v 0.158079086024 0.154261652383 -0.0300506362787
v 0.15981676992 0.154261652383 -0.0312673756417
v 0.159295825387 0.154261652383 -0.0283129523826
f 247 249 251
f 247 251 250
f 247 250 252
f 247 252 249
f 248 251 249
f 248 250 251
f 248 252 250
f 248 249 252
v 0.159608170653 0.155761652383 -0.0301176772409
v 0.159608170653 0.152761652383 -0.0301176772409
v 0.161093572756 0.154261652383 -0.0299089175894
v 0.15812276855 0.154261652383 -0.0303264368923
v 0.159816930304 0.154261652383 -0.031603079344
v 0.159399411002 0.154261652383 -0.0286322751378
f 253 255 257
f 253 257 256
f 253 256 258
f 253 258 255
f 254 257 255
f 254 256 257
f 254 258 256
f 254 255 258
v 0.159648582006 0.155761652383 -0.030446801299
v 0.159648582006 0.152761652383 -0.030446801299
v 0.161140364849 0.154261652383 -0.0302900086041
v 0.158156799163 0.154261652383 -0.0306035939939
v 0.159805374701 0.154261652383 -0.031938584142
v 0.159491789311 0.154261652383 -0.0289550184559
f 259 261 263
f 259 263 262
f 259 262 264
f 259 264 261
f 260 263 261
f 260 262 263
f 260 264 262
f 260 261 264
v 0.159677482477 0.155761652383 -0.0307771351994
v 0.159677482477 0.152761652383 -0.0307771351994
v 0.161173828553 0.154261652383 -0.0306725004888
v 0.158181136402 0.154261652383 -0.03088176991
v 0.159782117188 0.154261652383 -0.0322734812748
v 0.159572847767 0.154261652383 -0.029280789124
f 265 267 269
f 265 269 268
f 265 268 270
f 265 270 267
f 266 269 267
f 266 268 269
f 266 270 268
f 266 267 270
v 0.159694836857 0.155761652383 -0.0311082764813
v 0.159694836857 0.152761652383 -0.0311082764813
v 0.161193923097 0.154261652383 -0.0310559272363
v 0.158195750616 0.154261652383 -0.0311606257264
v 0.159747186102 0.154261652383 -0.0326073627219
v 0.159642487612 0.154261652383 -0.0296091902408
f 271 273 275
f 271 275 274
f 271 274 276
f 271 276 273
f 272 275 273
f 272 274 275
f 272 276 274
f 272 273 276
v 0.159700624 0.155761652383 -0.0314398217
v 0.159700624 0.152761652383 -0.0314398217
v 0.161200624 0.154261652383 -0.0314398217
v 0.158200624 0.154261652383 -0.0314398217
v 0.159700624 0.154261652383 -0.0329398217
v 0.159700624 0.154261652383 -0.0299398217
f 277 279 281
f 277 281 280
f 277 280 282
f 277 282 279
f 278 281 279
f 278 280 281
f 278 282 280
f 278 279 282
v 0.159694836857 0.155761652383 -0.0317713669187
v 0.159694836857 0.152761652383 -0.0317713669187
v 0.161193923097 0.154261652383 -0.0318237161637
v 0.158195750616 0.154261652383 -0.0317190176736
v 0.159642487612 0.154261652383 -0.0332704531592
v 0.159747186102 0.154261652383 -0.0302722806781
f 283 285 287
f 283 287 286
f 283 286 288
f 283 288 285
f 284 287 285
f 284 286 287
f 284 288 286
f 284 285 288
v 0.150200624 0.155761652383 -0.0216898217
v 0.150200624 0.152761652383 -0.0216898217
v 0.150200624 0.154261652383 -0.0201898217
v 0.150200624 0.154261652383 -0.0231898217
v 0.151700624 0.154261652383 -0.0216898217
v 0.148700624 0.154261652383 -0.0216898217
f 289 291 293
f 289 293 292
f 289 292 294
f 289 294 291
f 290 293 291
f 290 292 293
f 290 294 292
f 290 291 294
v 0.150540894093 0.155761652383 -0.0216957611366
v 0.150540894093 0.152761652383 -0.0216957611366
v 0.150593243338 0.154261652383 -0.020196674896
v 0.150488544848 0.154261652383 -0.0231948473771
v 0.152039980333 0.154261652383 -0.0217481103816
v 0.149041807852 0.154261652383 -0.0216434118915
f 295 297 299
f 295 299 298
f 295 298 300
f 295 300 297
f 296 299 297
f 296 298 299
f 296 300 298
f 296 297 300
v 0.150880749619 0.155761652383 -0.02171357221
v 0.150880749619 0.152761652383 -0.02171357221
v 0.15098538433 0.154261652383 -0.0202172261346
v 0.150776114908 0.154261652383 -0.0232099182854
v 0.152377095694 0.154261652383 -0.0218182069206
v 0.149384403544 0.154261652383 -0.0216089374994
f 301 303 305
f 301 305 304
f 301 304 306
f 301 306 303
f 302 305 303
f 302 304 305
f 302 306 304
f 302 303 306
v 0.151219776517 0.155761652383 -0.0217432332202
v 0.151219776517 0.152761652383 -0.0217432332202
v 0.151376569212 0.154261652383 -0.0202514503771
v 0.151062983822 0.154261652383 -0.0232350160632
v 0.15271155936 0.154261652383 -0.0219000259151
v 0.149727993674 0.154261652383 -0.0215864405253
f 307 309 311
f 307 311 310
f 307 310 312
f 307 312 309
f 308 311 309
f 308 310 311
f 308 312 310
f 308 309 312
v 0.151557561734 0.155761652383 -0.0217847080298
v 0.151557561734 0.152761652383 -0.0217847080298
v 0.151766321386 0.154261652383 -0.0202993059267
v 0.151348802083 0.154261652383 -0.0232701101329
v 0.153042963837 0.154261652383 -0.0219934676812
v 0.150072159631 0.154261652383 -0.0215759483783
f 313 315 317
f 313 317 316
f 313 316 318
f 313 318 315
f 314 317 315
f 314 316 317
f 314 318 316
f 314 315 318
v 0.151893693732 0.155761652383 -0.0218379461081
v 0.151893693732 0.152761652383 -0.0218379461081
v 0.152154165999 0.154261652383 -0.0203607344786
v 0.151633221466 0.154261652383 -0.0233151577376
v 0.153370905362 0.154261652383 -0.0220984183746
v 0.150416482103 0.154261652383 -0.0215774738416
f 319 321 323
f 319 323 322
f 319 322 324
f 319 324 321
f 320 323 321
f 320 322 323
f 320 324 322
f 320 321 324
v 0.152227762985 0.155761652383 -0.0219028825928
v 0.152227762985 0.152761652383 -0.0219028825928
v 0.152539630522 0.154261652383 -0.0204356611917
v 0.151915895449 0.154261652383 -0.0233701039939
v 0.153694984387 0.154261652383 -0.0222147501291
v 0.150760541584 0.154261652383 -0.0215910150566
f 325 327 329
f 325 329 328
f 325 328 330
f 325 330 327
f 326 329 327
f 326 328 329
f 326 330 328
f 326 327 330
v 0.152559362482 0.155761652383 -0.0219794383688
v 0.152559362482 0.152761652383 -0.0219794383688
v 0.152922245325 0.154261652383 -0.0205239947794
v 0.152196479639 0.154261652383 -0.0234348819582
v 0.154014806072 0.154261652383 -0.0223423212122
v 0.151103918893 0.154261652383 -0.0216165555254
f 331 333 335
f 331 335 334
f 331 334 336
f 331 336 333
f 332 335 333
f 332 334 335
f 332 336 334
f 332 333 336
v 0.152888088219 0.155761652383 -0.0220675201646
v 0.152888088219 0.152761652383 -0.0220675201646
v 0.153301544253 0.154261652383 -0.0206256276207
v 0.152474632185 0.154261652383 -0.0235094127085
v 0.154329980763 0.154261652383 -0.0224809761983
v 0.151446195675 0.154261652383 -0.0216540641309
f 337 339 341
f 337 341 340
f 337 340 342
f 337 342 339
f 338 341 339
f 338 340 341
f 338 342 340
f 338 339 342
v 0.153213539695 0.155761652383 -0.0221670206661
v 0.153213539695 0.152761652383 -0.0221670206661
v 0.153677065187 0.154261652383 -0.0207404358917
v 0.152750014204 0.154261652383 -0.0235936054406
v 0.15464012447 0.154261652383 -0.0226305461577
v 0.151786954921 0.154261652383 -0.0217034951746
f 343 345 347
f 343 347 346
f 343 346 348
f 343 348 345
f 344 347 345
f 344 346 347
f 344 348 346
f 344 345 348
v 0.153535320397 0.155761652383 -0.0222778186473
v 0.153535320397 0.152761652383 -0.0222778186473
v 0.154048350612 0.154261652383 -0.0208682797162
v 0.153022290182 0.154261652383 -0.0236873575785
v 0.154944859329 0.154261652383 -0.0227908488623
v 0.152125781466 0.154261652383 -0.0217647884323
f 349 351 353
f 349 353 352
f 349 352 354
f 349 354 351
f 350 353 351
f 350 352 353
f 350 354 352
f 350 351 354
v 0.153853038286 0.155761652383 -0.022399779118
v 0.153853038286 0.152761652383 -0.022399779118
v 0.154414948176 0.154261652383 -0.0210090033361
v 0.153291128396 0.154261652383 -0.0237905548998
v 0.155243814068 0.154261652383 -0.0229616890081
v 0.152462262504 0.154261652383 -0.0218378692278
f 355 357 359
f 355 359 358
f 355 358 360
f 355 360 357
f 356 359 357
f 356 358 359
f 356 360 358
f 356 357 360
v 0.15416630627 0.155761652383 -0.022532753488
v 0.15416630627 0.152761652383 -0.022532753488
v 0.154776411235 0.154261652383 -0.0211624353015
v 0.153556201305 0.154261652383 -0.0239030716744
v 0.155536624456 0.154261652383 -0.0231428584526
v 0.152795988084 0.154261652383 -0.0219226485234
f 361 363 365
f 361 365 364
f 361 364 366
f 361 366 363
f 362 365 363
f 362 364 365
f 362 366 364
f 362 363 366
v 0.154474742681 0.155761652383 -0.0226765797486
v 0.154474742681 0.152761652383 -0.0226765797486
v 0.155132299401 0.154261652383 -0.0213283886791
v 0.153817185961 0.154261652383 -0.024024770818
v 0.155822933751 0.154261652383 -0.0233341364688
v 0.153126551612 0.154261652383 -0.0220190230284
f 367 369 371
f 367 371 370
f 367 370 372
f 367 372 369
f 368 371 369
f 368 370 371
f 368 372 370
f 368 369 372
v 0.154777971737 0.155761652383 -0.0228310826696
v 0.154777971737 0.152761652383 -0.0228310826696
v 0.155482179081 0.154261652383 -0.0215066612803
v 0.154073764393 0.154261652383 -0.0241555040589
v 0.156102393126 0.154261652383 -0.0235352900138
v 0.153453550348 0.154261652383 -0.0221268753254
f 373 375 377
f 373 377 376
f 373 376 378
f 373 378 375
f 374 377 375
f 374 376 377
f 374 378 376
f 374 375 378
v 0.155075624 0.155761652383 -0.0229960740131
v 0.155075624 0.152761652383 -0.0229960740131
v 0.155825624 0.154261652383 -0.0216970359074
v 0.154325624 0.154261652383 -0.0242951121188
v 0.156374662106 0.154261652383 -0.0237460740131
v 0.153776585894 0.154261652383 -0.0222460740131
f 379 381 383
f 379 383 382
f 379 382 384
f 379 384 381
f 380 383 381
f 380 382 383
f 380 384 382
f 380 381 384
v 0.155367336826 0.155761652383 -0.0231713527625
v 0.155367336826 0.152761652383 -0.0231713527625
v 0.156162215723 0.154261652383 -0.0218992806182
v 0.15457245793 0.154261652383 -0.0244434249067
v 0.156639408971 0.154261652383 -0.0239662316588
v 0.154095264682 0.154261652383 -0.0223764738661
f 385 387 389
f 385 389 388
f 385 388 390
f 385 390 387
f 386 389 387
f 386 388 389
f 386 390 388
f 386 387 390
v 0.155652754809 0.155761652383 -0.0233567053676
v 0.155652754809 0.152761652383 -0.0233567053676
v 0.156491544164 0.154261652383 -0.0221131490088
v 0.154813965454 0.154261652383 -0.0246002617264
v 0.156896311168 0.154261652383 -0.0241954947228
v 0.15440919845 0.154261652383 -0.0225179160124
f 391 393 395
f 391 395 394
f 391 394 396
f 391 396 393
f 392 395 393
f 392 394 395
f 392 396 394
f 392 393 396
v 0.15593153021 0.155761652383 -0.0235519060048
v 0.15593153021 0.152761652383 -0.0235519060048
v 0.156813208088 0.154261652383 -0.0223383805133
v 0.155049852331 0.154261652383 -0.0247654314964
v 0.157145055701 0.154261652383 -0.0244335838833
v 0.154718004718 0.154261652383 -0.0226702281264
f 397 399 401
f 397 401 400
f 397 400 402
f 397 402 399
f 398 401 399
f 398 400 401
f 398 402 400
f 398 399 402
v 0.156203323384 0.155761652383 -0.0237567168523
v 0.156203323384 0.152761652383 -0.0237567168523
v 0.157126815597 0.154261652383 -0.0225747007219
v 0.155279831171 0.154261652383 -0.0249387329827
v 0.157385339515 0.154261652383 -0.0246802090653
v 0.155021307254 0.154261652383 -0.0228332246393
f 403 405 407
f 403 407 406
f 403 406 408
f 403 408 405
f 404 407 405
f 404 406 407
f 404 408 406
f 404 405 408
v 0.156467803194 0.155761652383 -0.0239708883796
v 0.156467803194 0.152761652383 -0.0239708883796
v 0.157431984609 0.154261652383 -0.0228218217149
v 0.15550362178 0.154261652383 -0.0251199550443
v 0.157616869859 0.154261652383 -0.0249350697941
v 0.15531873653 0.154261652383 -0.0230067069651
f 409 411 413
f 409 413 412
f 409 412 414
f 409 414 411
f 410 413 411
f 410 412 413
f 410 414 412
f 410 411 414
v 0.156724647412 0.155761652383 -0.0241941596516
v 0.156724647412 0.152761652383 -0.0241941596516
v 0.157728343322 0.154261652383 -0.0230794424134
v 0.155720951502 0.154261652383 -0.0253088768898
v 0.15783936465 0.154261652383 -0.0251978555611
v 0.155609930174 0.154261652383 -0.0231904637421
f 415 417 419
f 415 419 418
f 415 418 420
f 415 420 417
f 416 419 417
f 416 418 419
f 416 420 418
f 416 417 420
v 0.156973543112 0.155761652383 -0.0244262586467
v 0.156973543112 0.152761652383 -0.0244262586467
v 0.158015530668 0.154261652383 -0.0233472489462
v 0.155931555556 0.154261652383 -0.0255052683472
v 0.158052552812 0.154261652383 -0.0254682462024
v 0.155894533411 0.154261652383 -0.023384271091
f 421 423 425
f 421 425 424
f 421 424 426
f 421 426 423
f 422 425 423
f 422 424 425
f 422 426 424
f 422 423 426
v 0.157214187053 0.155761652383 -0.024666902588
v 0.157214187053 0.152761652383 -0.024666902588
v 0.158293196754 0.154261652383 -0.0236249150323
v 0.156135177353 0.154261652383 -0.0257088901437
v 0.158256174609 0.154261652383 -0.0257459122885
v 0.156172199498 0.154261652383 -0.0235878928875
f 427 429 431
f 427 431 430
f 427 430 432
f 427 432 429
f 428 431 429
f 428 430 431
f 428 432 430
f 428 429 432
v 0.157446286048 0.155761652383 -0.024915798288
v 0.157446286048 0.152761652383 -0.024915798288
v 0.158561003287 0.154261652383 -0.0239121023785
v 0.15633156881 0.154261652383 -0.0259194941975
v 0.158449981958 0.154261652383 -0.0260305155262
v 0.156442590139 0.154261652383 -0.0238010810498
f 433 435 437
f 433 437 436
f 433 436 438
f 433 438 435
f 434 437 435
f 434 436 437
f 434 438 436
f 434 435 438
v 0.15766955732 0.155761652383 -0.0251726425056
v 0.15766955732 0.152761652383 -0.0251726425056
v 0.158818623985 0.154261652383 -0.024208461091
v 0.156520490656 0.154261652383 -0.0261368239201
v 0.158633738735 0.154261652383 -0.0263217091702
v 0.156705375906 0.154261652383 -0.0240235758409
f 439 441 443
f 439 443 442
f 439 442 444
f 439 444 441
f 440 443 441
f 440 442 443
f 440 444 442
f 440 441 444
v 0.157883728848 0.155761652383 -0.0254371223156
v 0.157883728848 0.152761652383 -0.0254371223156
v 0.159065744978 0.154261652383 -0.0245136301026
v 0.156701712717 0.154261652383 -0.0263606145286
v 0.158807221061 0.154261652383 -0.026619138446
v 0.156960236635 0.154261652383 -0.0242551061852
f 445 447 449
f 445 449 448
f 445 448 450
f 445 450 447
f 446 449 447
f 446 448 449
f 446 450 448
f 446 447 450
v 0.158088539695 0.155761652383 -0.0257089154901
v 0.158088539695 0.152761652383 -0.0257089154901
v 0.159302065187 0.154261652383 -0.0248272376117
v 0.156875014204 0.154261652383 -0.0265905933686
v 0.158970217574 0.154261652383 -0.0269224409817
v 0.157206861817 0.154261652383 -0.0244953899986
f 451 453 455
f 451 455 454
f 451 454 456
f 451 456 453
f 452 455 453
f 452 454 455
f 452 456 454
f 452 453 456
v 0.158283740332 0.155761652383 -0.0259876908912
v 0.158283740332 0.152761652383 -0.0259876908912
v 0.159527296691 0.154261652383 -0.025148901536
v 0.157040183974 0.154261652383 -0.0268264802464
v 0.159122529688 0.154261652383 -0.02723124725
v 0.157444950977 0.154261652383 -0.0247441345323
f 457 459 461
f 457 461 460
f 457 460 462
f 457 462 459
f 458 461 459
f 458 460 461
f 458 462 460
f 458 459 462
v 0.158469092938 0.155761652383 -0.0262731088737
v 0.158469092938 0.152761652383 -0.0262731088737
v 0.159741165082 0.154261652383 -0.0254782299774
v 0.157197020793 0.154261652383 -0.0270679877701
v 0.159263971834 0.154261652383 -0.027545181018
v 0.157674214041 0.154261652383 -0.0250010367295
f 463 465 467
f 463 467 466
f 463 466 468
f 463 468 465
f 464 467 465
f 464 466 467
f 464 468 466
f 464 465 468
v 0.158644371687 0.155761652383 -0.0265648217
v 0.158644371687 0.152761652383 -0.0265648217
v 0.159943409793 0.154261652383 -0.0258148217
v 0.157345333581 0.154261652383 -0.0273148217
v 0.159394371687 0.154261652383 -0.0278638598057
v 0.157894371687 0.154261652383 -0.0252657835943
f 469 471 473
f 469 473 472
f 469 472 474
f 469 474 471
f 470 473 471
f 470 472 473
f 470 474 472
f 470 471 474
v 0.15880936303 0.155761652383 -0.0268624739628
v 0.15880936303 0.152761652383 -0.0268624739628
v 0.16013378442 0.154261652383 -0.0261582666187
v 0.157484941641 0.154261652383 -0.027566681307
v 0.159513570375 0.154261652383 -0.0281868953521
v 0.158105155686 0.154261652383 -0.0255380525735
f 475 477 479
f 475 479 478
f 475 478 480
f 475 480 477
f 476 479 477
f 476 478 479
f 476 480 478
f 476 477 480
v 0.158963865951 0.155761652383 -0.0271657030188
v 0.158963865951 0.152761652383 -0.0271657030188
v 0.160312057021 0.154261652383 -0.0265081462986
v 0.157615674882 0.154261652383 -0.027823259739
v 0.159621422672 0.154261652383 -0.0285138940883
v 0.158306309231 0.154261652383 -0.0258175119494
f 481 483 485
f 481 485 484
f 481 484 486
f 481 486 483
f 482 485 483
f 482 484 485
f 482 486 484
f 482 483 486
v 0.159107692212 0.155761652383 -0.02747413943
v 0.159107692212 0.152761652383 -0.02747413943
v 0.160478010398 0.154261652383 -0.0268640344654
v 0.157737374026 0.154261652383 -0.0280842443946
v 0.159717797177 0.154261652383 -0.0288444576165
v 0.158497587247 0.154261652383 -0.0261038212435
f 487 489 491
f 487 491 490
f 487 490 492
f 487 492 489
f 488 491 489
f 488 490 491
f 488 492 490
f 488 489 492
v 0.159240666582 0.155761652383 -0.0277874074142
v 0.159240666582 0.152761652383 -0.0277874074142
v 0.160631442364 0.154261652383 -0.0272254975241
v 0.1578498908 0.154261652383 -0.0283493173043
v 0.159802576472 0.154261652383 -0.029178183196
v 0.158678756692 0.154261652383 -0.0263966316323
f 493 495 497
f 493 497 496
f 493 496 498
f 493 498 495
f 494 497 495
f 494 496 497
f 494 498 496
f 494 495 498
v 0.159362627053 0.155761652383 -0.0281051253026
v 0.159362627053 0.152761652383 -0.0281051253026
v 0.160772165984 0.154261652383 -0.0275920950876
v 0.157953088121 0.154261652383 -0.0286181555176
v 0.159875657268 0.154261652383 -0.0295146642338
v 0.158849596838 0.154261652383 -0.0266955863714
f 499 501 503
f 499 503 502
f 499 502 504
f 499 504 501
f 500 503 501
f 500 502 503
f 500 504 502
f 500 501 504
v 0.159473425034 0.155761652383 -0.0284269060048
v 0.159473425034 0.152761652383 -0.0284269060048
v 0.160900009808 0.154261652383 -0.0279633805133
v 0.158046840259 0.154261652383 -0.0288904314964
v 0.159936950525 0.154261652383 -0.0298534907793
v 0.159009899542 0.154261652383 -0.0270003212304
f 505 507 509
f 505 509 508
f 505 508 510
f 505 510 507
f 506 509 507
f 506 508 509
f 506 510 508
f 506 507 510
v 0.159572925535 0.155761652383 -0.0287523574808
v 0.159572925535 0.152761652383 -0.0287523574808
v 0.161014818079 0.154261652383 -0.0283389014471
v 0.158131032991 0.154261652383 -0.0291658135145
v 0.159986381569 0.154261652383 -0.0301942500247
v 0.159159469502 0.154261652383 -0.0273104649369
f 511 513 515
f 511 515 514
f 511 514 516
f 511 516 513
f 512 515 513
f 512 514 515
f 512 516 514
f 512 513 516
v 0.159661007331 0.155761652383 -0.0290810832179
v 0.159661007331 0.152761652383 -0.0290810832179
v 0.161116450921 0.154261652383 -0.0287182003745
v 0.158205563742 0.154261652383 -0.0294439660613
v 0.160023890175 0.154261652383 -0.0305365268073
v 0.159298124488 0.154261652383 -0.0276256396285
f 517 519 521
f 517 521 520
f 517 520 522
f 517 522 519
f 518 521 519
f 518 520 521
f 518 522 520
f 518 519 522
v 0.159737563107 0.155761652383 -0.0294126827145
v 0.159737563107 0.152761652383 -0.0294126827145
v 0.161204784508 0.154261652383 -0.0291008151783
v 0.158270341706 0.154261652383 -0.0297245502508
v 0.160049430643 0.154261652383 -0.0308799041156
v 0.159425695571 0.154261652383 -0.0279454613134
f 523 525 527
f 523 527 526
f 523 526 528
f 523 528 525
f 524 527 525
f 524 526 527
f 524 528 526
f 524 525 528
v 0.159802499592 0.155761652383 -0.0297467519677
v 0.159802499592 0.152761652383 -0.0297467519677
v 0.161279711221 0.154261652383 -0.0294862797012
v 0.158325287962 0.154261652383 -0.0300072242342
v 0.160062971858 0.154261652383 -0.0312239635973
v 0.159542027325 0.154261652383 -0.0282695403382
f 529 531 533
f 529 533 532
f 529 532 534
f 529 534 531
f 530 533 531
f 530 532 533
f 530 534 532
f 530 531 534
v 0.15985573767 0.155761652383 -0.0300828839656
v 0.15985573767 0.152761652383 -0.0300828839656
v 0.161341139773 0.154261652383 -0.0298741243142
v 0.158370335567 0.154261652383 -0.0302916436171
v 0.160064497322 0.154261652383 -0.0315682860688
v 0.159646978019 0.154261652383 -0.0285974818625
f 535 537 539
f 535 539 538
f 535 538 540
f 535 540 537
f 536 539 537
f 536 538 539
f 536 540 538
f 536 537 540
v 0.15989721248 0.155761652383 -0.0304206691831
v 0.15989721248 0.152761652383 -0.0304206691831
v 0.161388995323 0.154261652383 -0.0302638764882
v 0.158405429637 0.154261652383 -0.030577461878
v 0.160054005175 0.154261652383 -0.0319124520262
v 0.159740419785 0.154261652383 -0.0289288863401
f 541 543 545
f 541 545 544
f 541 544 546
f 541 546 543
f 542 545 543
f 542 544 545
f 542 546 544
f 542 543 546
v 0.15992687349 0.155761652383 -0.030759696081
v 0.15992687349 0.152761652383 -0.030759696081
v 0.161423219565 0.154261652383 -0.0306550613704
v 0.158430527415 0.154261652383 -0.0308643307916
v 0.160031508201 0.154261652383 -0.0322560421564
v 0.159822238779 0.154261652383 -0.0292633500056
f 547 549 551
f 547 551 550
f 547 550 552
f 547 552 549
f 548 551 549
f 548 550 551
f 548 552 550
f 548 549 552
v 0.159944684563 0.155761652383 -0.0310995516072
v 0.159944684563 0.152761652383 -0.0310995516072
v 0.161443770804 0.154261652383 -0.0310472023621
v 0.158445598323 0.154261652383 -0.0311519008522
v 0.159997033808 0.154261652383 -0.0325986378477
v 0.159892335318 0.154261652383 -0.0296004653666
f 553 555 557
f 553 557 556
f 553 556 558
f 553 558 555
f 554 557 555
f 554 556 557
f 554 558 556
f 554 555 558
v 0.159950624 0.155761652383 -0.0314398217
v 0.159950624 0.152761652383 -0.0314398217
v 0.161450624 0.154261652383 -0.0314398217
v 0.158450624 0.154261652383 -0.0314398217
v 0.159950624 0.154261652383 -0.0329398217
v 0.159950624 0.154261652383 -0.0299398217
f 559 561 563
f 559 563 562
f 559 562 564
f 559 564 561
f 560 563 561
f 560 562 563
f 560 564 562
f 560 561 564
v 0.159944684563 0.155761652383 -0.0317800917928
v 0.159944684563 0.152761652383 -0.0317800917928
v 0.161443770804 0.154261652383 -0.0318324410379
v 0.158445598323 0.154261652383 -0.0317277425478
v 0.159892335318 0.154261652383 -0.0332791780334
v 0.159997033808 0.154261652383 -0.0302810055523
f 565 567 569
f 565 569 568
f 565 568 570
f 565 570 567
f 566 569 567
f 566 568 569
f 566 570 568
f 566 567 570
v 0.150898188737 0.155761652383 -0.0214641811974
v 0.150898188737 0.152761652383 -0.0214641811974
v 0.151002823448 0.154261652383 -0.019967835122
v 0.150793554027 0.154261652383 -0.0229605272728
v 0.152394534813 0.154261652383 -0.021568815908
v 0.149401842662 0.154261652383 -0.0213595464868
f 571 573 575
f 571 575 574
f 571 574 576
f 571 576 573
f 572 575 573
f 572 574 575
f 572 576 574
f 572 573 576
v 0.151245908633 0.155761652383 -0.0214946027463
v 0.151245908633 0.152761652383 -0.0214946027463
v 0.151402701328 0.154261652383 -0.0200028199033
v 0.151089115938 0.154261652383 -0.0229863855894
v 0.152737691476 0.154261652383 -0.0216513954412
v 0.14975412579 0.154261652383 -0.0213378100514
f 577 579 581
f 577 581 580
f 577 580 582
f 577 582 579
f 578 581 579
f 578 580 581
f 578 582 580
f 578 579 582
v 0.15159235501 0.155761652383 -0.0215371410126
v 0.15159235501 0.152761652383 -0.0215371410126
v 0.151801114661 0.154261652383 -0.0200517389095
v 0.151383595358 0.154261652383 -0.0230225431157
v 0.153077757113 0.154261652383 -0.021745900664
v 0.150106952906 0.154261652383 -0.0213283813611
f 583 585 587
f 583 587 586
f 583 586 588
f 583 588 585
f 584 587 585
f 584 586 587
f 584 588 586
f 584 585 588
v 0.151937105777 0.155761652383 -0.0215917441699
v 0.151937105777 0.152761652383 -0.0215917441699
v 0.152197578043 0.154261652383 -0.0201145325404
v 0.15167663351 0.154261652383 -0.0230689557994
v 0.153414317406 0.154261652383 -0.0218522164364
v 0.150459894147 0.154261652383 -0.0213312719034
f 589 591 593
f 589 593 592
f 589 592 594
f 589 594 591
f 590 593 591
f 590 592 593
f 590 594 592
f 590 591 594
v 0.152279740908 0.155761652383 -0.0216583456927
v 0.152279740908 0.152761652383 -0.0216583456927
v 0.152591608444 0.154261652383 -0.0201911242916
v 0.151967873372 0.154261652383 -0.0231255670938
v 0.153746962309 0.154261652383 -0.0219702132289
v 0.150812519507 0.154261652383 -0.0213464781564
f 595 597 599
f 595 599 598
f 595 598 600
f 595 600 597
f 596 599 597
f 596 598 599
f 596 600 598
f 596 597 600
v 0.152619842956 0.155761652383 -0.0217368644372
v 0.152619842956 0.152761652383 -0.0217368644372
v 0.152982725799 0.154261652383 -0.0202814208478
v 0.152256960113 0.154261652383 -0.0231923080267
v 0.154075286545 0.154261652383 -0.0220997472806
v 0.151164399367 0.154261652383 -0.0213739815938
f 601 603 605
f 601 605 604
f 601 604 606
f 601 606 603
f 602 605 603
f 602 604 605
f 602 606 604
f 602 603 606
v 0.152956997558 0.155761652383 -0.0218272047406
v 0.152956997558 0.152761652383 -0.0218272047406
v 0.153370453592 0.154261652383 -0.0203853121967
v 0.152543541524 0.154261652383 -0.0232690972845
v 0.154398890102 0.154261652383 -0.0222406607743
v 0.151515105014 0.154261652383 -0.0214137487069
f 607 609 611
f 607 611 610
f 607 610 612
f 607 612 609
f 608 611 609
f 608 610 611
f 608 612 610
f 608 609 612
v 0.153290793944 0.155761652383 -0.021929256537
v 0.153290793944 0.152761652383 -0.021929256537
v 0.153754319435 0.154261652383 -0.0205026717626
v 0.152827268452 0.154261652383 -0.0233558413115
v 0.154717378718 0.154261652383 -0.0223927820286
v 0.151864209169 0.154261652383 -0.0214657310455
f 613 615 617
f 613 617 616
f 613 616 618
f 613 618 615
f 614 617 615
f 614 616 617
f 614 618 616
f 614 615 618
v 0.153620825433 0.155761652383 -0.0220428954921
v 0.153620825433 0.152761652383 -0.0220428954921
v 0.154133855648 0.154261652383 -0.020633356561
v 0.153107795218 0.154261652383 -0.0234524344233
v 0.155030364364 0.154261652383 -0.0225559257071
v 0.152211286502 0.154261652383 -0.0215298652772
f 619 621 623
f 619 623 622
f 619 622 624
f 619 624 621
f 620 623 621
f 620 622 623
f 620 624 622
f 620 621 624
v 0.153946689934 0.155761652383 -0.0221679831543
v 0.153946689934 0.152761652383 -0.0221679831543
v 0.154508599824 0.154261652383 -0.0207772073725
v 0.153384780044 0.154261652383 -0.0235587589362
v 0.155337465716 0.154261652383 -0.0227298930445
v 0.152555914152 0.154261652383 -0.0216060732642
f 625 627 629
f 625 629 628
f 625 628 630
f 625 630 627
f 626 629 627
f 626 628 629
f 626 630 628
f 626 627 630
v 0.154267990431 0.155761652383 -0.0223043671236
v 0.154267990431 0.152761652383 -0.0223043671236
v 0.154878095395 0.154261652383 -0.0209340489371
v 0.153657885466 0.154261652383 -0.02367468531
v 0.155638308617 0.154261652383 -0.0229144720882
v 0.152897672244 0.154261652383 -0.021694262159
f 631 633 635
f 631 635 634
f 631 634 636
f 631 636 633
f 632 635 633
f 632 634 635
f 632 636 634
f 632 633 636
v 0.154584335468 0.155761652383 -0.022451881237
v 0.154584335468 0.152761652383 -0.022451881237
v 0.155241892188 0.154261652383 -0.0211036901676
v 0.153926778748 0.154261652383 -0.0238000723065
v 0.155932526537 0.154261652383 -0.0231094379572
v 0.153236144398 0.154261652383 -0.0217943245168
f 637 639 641
f 637 641 640
f 637 640 642
f 637 642 639
f 638 641 639
f 638 640 641
f 638 642 640
f 638 639 642
v 0.154895339628 0.155761652383 -0.0226103457714
v 0.154895339628 0.152761652383 -0.0226103457714
v 0.155599546972 0.154261652383 -0.0212859243821
v 0.154191132284 0.154261652383 -0.0239347671607
v 0.156219761017 0.154261652383 -0.0233145531156
v 0.153570918239 0.154261652383 -0.0219061384272
f 643 645 647
f 643 647 646
f 643 646 648
f 643 648 645
f 644 647 645
f 644 646 647
f 644 648 646
f 644 645 648
v 0.155200624 0.155761652383 -0.0227795676622
v 0.155200624 0.152761652383 -0.0227795676622
v 0.155950624 0.154261652383 -0.0214805295565
v 0.154450624 0.154261652383 -0.0240786057678
v 0.156499662106 0.154261652383 -0.0235295676622
v 0.153901585894 0.154261652383 -0.0220295676622
f 649 651 653
f 649 653 652
f 649 652 654
f 649 654 651
f 650 653 651
f 650 652 653
f 650 654 652
f 650 651 654
v 0.155499816642 0.155761652383 -0.0229593407384
v 0.155499816642 0.152761652383 -0.0229593407384
v 0.156294695539 0.154261652383 -0.0216872685942
v 0.154704937746 0.154261652383 -0.0242314128827
v 0.156771888787 0.154261652383 -0.0237542196348
v 0.154227744498 0.154261652383 -0.0221644618421
f 655 657 659
f 655 659 658
f 655 658 660
f 655 660 657
f 656 659 657
f 656 658 659
f 656 660 658
f 656 657 660
v 0.155792553035 0.155761652383 -0.0231494459744
v 0.155792553035 0.152761652383 -0.0231494459744
v 0.15663134239 0.154261652383 -0.0219058896156
v 0.15495376368 0.154261652383 -0.0243930023333
v 0.157036109394 0.154261652383 -0.0239882353297
v 0.154548996676 0.154261652383 -0.0223106566192
f 661 663 665
f 661 665 664
f 661 664 666
f 661 666 663
f 662 665 663
f 662 664 665
f 662 666 664
f 662 663 666
v 0.156078476523 0.155761652383 -0.0233496517563
v 0.156078476523 0.152761652383 -0.0233496517563
v 0.156960154401 0.154261652383 -0.0221361262647
v 0.155196798644 0.154261652383 -0.0245631772478
v 0.157292002014 0.154261652383 -0.0242313296347
v 0.154864951031 0.154261652383 -0.0224679738778
f 667 669 671
f 667 671 670
f 667 670 672
f 667 672 669
f 668 671 669
f 668 670 671
f 668 672 670
f 668 669 672
v 0.156357238753 0.155761652383 -0.0235597141639
v 0.156357238753 0.152761652383 -0.0235597141639
v 0.157280730966 0.154261652383 -0.0223776980335
v 0.15543374654 0.154261652383 -0.0247417302943
v 0.157539254884 0.154261652383 -0.0244832063769
v 0.155175222623 0.154261652383 -0.0226362219509
f 673 675 677
f 673 677 676
f 673 676 678
f 673 678 675
f 674 677 675
f 674 676 677
f 674 678 676
f 674 675 678
v 0.156628500097 0.155761652383 -0.0237793772688
v 0.156628500097 0.152761652383 -0.0237793772688
v 0.157592681511 0.154261652383 -0.0226303106041
v 0.155664318682 0.154261652383 -0.0249284439335
v 0.157777566762 0.154261652383 -0.0247435586833
v 0.155479433432 0.154261652383 -0.0228151958543
f 679 681 683
f 679 683 682
f 679 682 684
f 679 684 681
f 680 683 681
f 680 682 683
f 680 684 682
f 680 681 684
v 0.156891930064 0.155761652383 -0.0240083734452
v 0.156891930064 0.152761652383 -0.0240083734452
v 0.157895625973 0.154261652383 -0.022893656207
v 0.155888234154 0.154261652383 -0.0251230906834
v 0.158006647302 0.154261652383 -0.0250120693548
v 0.155777212825 0.154261652383 -0.0230046775357
f 685 687 689
f 685 689 688
f 685 688 690
f 685 690 687
f 686 689 687
f 686 688 689
f 686 690 688
f 686 687 690
v 0.157147207705 0.155761652383 -0.0242464236966
v 0.157147207705 0.152761652383 -0.0242464236966
v 0.15818919526 0.154261652383 -0.0231674139961
v 0.156105220149 0.154261652383 -0.0253254333971
v 0.158226217405 0.154261652383 -0.0252884112523
v 0.156068198004 0.154261652383 -0.0232044361409
f 691 693 695
f 691 695 694
f 691 694 696
f 691 696 693
f 692 695 693
f 692 694 695
f 692 696 694
f 692 693 696
v 0.157394022003 0.155761652383 -0.0244932379954
v 0.157394022003 0.152761652383 -0.0244932379954
v 0.158473031704 0.154261652383 -0.0234512504397
v 0.156315012303 0.154261652383 -0.0255352255511
v 0.158436009559 0.154261652383 -0.0255722476959
v 0.156352034448 0.154261652383 -0.0234142282949
f 697 699 701
f 697 701 700
f 697 700 702
f 697 702 699
f 698 701 699
f 698 700 701
f 698 702 700
f 698 699 702
v 0.157632072255 0.155761652383 -0.0247485156364
v 0.157632072255 0.152761652383 -0.0247485156364
v 0.158746789493 0.154261652383 -0.0237448197269
v 0.156517355017 0.154261652383 -0.0257522115459
v 0.158635768164 0.154261652383 -0.0258632328746
v 0.156628376345 0.154261652383 -0.0236337983982
f 703 705 707
f 703 707 706
f 703 706 708
f 703 708 705
f 704 707 705
f 704 706 707
f 704 708 706
f 704 705 708
v 0.157861068431 0.155761652383 -0.0250119456031
v 0.157861068431 0.152761652383 -0.0250119456031
v 0.159010135096 0.154261652383 -0.0240477641886
v 0.156712001767 0.154261652383 -0.0259761270177
v 0.158825249846 0.154261652383 -0.0261610122678
v 0.156896887017 0.154261652383 -0.0238628789385
f 709 711 713
f 709 713 712
f 709 712 714
f 709 714 711
f 710 713 711
f 710 712 713
f 710 714 712
f 710 711 714
v 0.158080731536 0.155761652383 -0.0252832069467
v 0.158080731536 0.152761652383 -0.0252832069467
v 0.159262747666 0.154261652383 -0.0243597147338
v 0.156898715406 0.154261652383 -0.0262066991597
v 0.159004223749 0.154261652383 -0.0264652230772
v 0.157157239323 0.154261652383 -0.0241011908163
f 715 717 719
f 715 719 718
f 715 718 720
f 715 720 717
f 716 719 717
f 716 718 719
f 716 720 718
f 716 717 720
v 0.158290793944 0.155761652383 -0.0255619691771
v 0.158290793944 0.152761652383 -0.0255619691771
v 0.159504319435 0.154261652383 -0.0246802912986
v 0.157077268452 0.154261652383 -0.0264436470555
v 0.159172471822 0.154261652383 -0.0267754946686
v 0.157409116065 0.154261652383 -0.0243484436855
f 721 723 725
f 721 725 724
f 721 724 726
f 721 726 723
f 722 725 723
f 722 724 725
f 722 726 724
f 722 723 726
v 0.158490999726 0.155761652383 -0.0258478926653
v 0.158490999726 0.152761652383 -0.0258478926653
v 0.159734556084 0.154261652383 -0.0250091033101
v 0.157247443367 0.154261652383 -0.0266866820205
v 0.159329789081 0.154261652383 -0.0270914490241
v 0.15765221037 0.154261652383 -0.0246043363065
f 727 729 731
f 727 731 730
f 727 730 732
f 727 732 729
f 728 731 729
f 728 730 731
f 728 732 730
f 728 729 732
v 0.158681104962 0.155761652383 -0.0261406290577
v 0.158681104962 0.152761652383 -0.0261406290577
v 0.159953177106 0.154261652383 -0.0253457501613
v 0.157409032817 0.154261652383 -0.026935507954
v 0.159475983858 0.154261652383 -0.0274127012019
v 0.157886226065 0.154261652383 -0.0248685569134
f 733 735 737
f 733 737 736
f 733 736 738
f 733 738 735
f 734 737 735
f 734 736 737
f 734 738 736
f 734 735 738
v 0.158860878038 0.155761652383 -0.0264398217
v 0.158860878038 0.152761652383 -0.0264398217
v 0.160159916144 0.154261652383 -0.0256898217
v 0.157561839932 0.154261652383 -0.0271898217
v 0.159610878038 0.154261652383 -0.0277388598057
v 0.158110878038 0.154261652383 -0.0251407835943
f 739 741 743
f 739 743 742
f 739 742 744
f 739 744 741
f 740 743 741
f 740 742 743
f 740 744 742
f 740 741 744
v 0.159030099929 0.155761652383 -0.0267451060721
v 0.159030099929 0.152761652383 -0.0267451060721
v 0.160354521318 0.154261652383 -0.026040898728
v 0.157705678539 0.154261652383 -0.0274493134163
v 0.159734307273 0.154261652383 -0.0280695274614
v 0.158325892584 0.154261652383 -0.0254206846829
f 745 747 749
f 745 749 748
f 745 748 750
f 745 750 747
f 746 749 747
f 746 748 749
f 746 750 748
f 746 747 750
v 0.159188564463 0.155761652383 -0.0270561102321
v 0.159188564463 0.152761652383 -0.0270561102321
v 0.160536755532 0.154261652383 -0.0263985535119
v 0.157840373394 0.154261652383 -0.0277136669523
v 0.159846121183 0.154261652383 -0.0284043013016
v 0.158531007743 0.154261652383 -0.0257079191627
f 751 753 755
f 751 755 754
f 751 754 756
f 751 756 753
f 752 755 753
f 752 754 755
f 752 756 754
f 752 753 756
v 0.159336078576 0.155761652383 -0.0273724552692
v 0.159336078576 0.152761652383 -0.0273724552692
v 0.160706396763 0.154261652383 -0.0267623503046
v 0.15796576039 0.154261652383 -0.0279825602339
v 0.159946183541 0.154261652383 -0.0287427734557
v 0.158725973612 0.154261652383 -0.0260021370828
f 757 759 761
f 757 761 760
f 757 760 762
f 757 762 759
f 758 761 759
f 758 760 761
f 758 762 760
f 758 759 762
v 0.159472462546 0.155761652383 -0.0276937557658
v 0.159472462546 0.152761652383 -0.0276937557658
v 0.160863238328 0.154261652383 -0.0271318458757
v 0.158081686764 0.154261652383 -0.028255665656
v 0.160034372436 0.154261652383 -0.0290845315477
v 0.158910552656 0.154261652383 -0.026302979984
f 763 765 767
f 763 767 766
f 763 766 768
f 763 768 765
f 764 767 765
f 764 766 767
f 764 768 766
f 764 765 768
v 0.159597550208 0.155761652383 -0.0280196202667
v 0.159597550208 0.152761652383 -0.0280196202667
v 0.161007089139 0.154261652383 -0.0275065900518
v 0.158188011277 0.154261652383 -0.0285326504817
v 0.160110580423 0.154261652383 -0.0294291591979
v 0.159084519993 0.154261652383 -0.0266100813356
f 769 771 773
f 769 773 772
f 769 772 774
f 769 774 771
f 770 773 771
f 770 772 773
f 770 774 772
f 770 771 774
v 0.159711189163 0.155761652383 -0.0283496517563
v 0.159711189163 0.152761652383 -0.0283496517563
v 0.161137773937 0.154261652383 -0.0278861262647
v 0.158284604389 0.154261652383 -0.0288131772478
v 0.160174714655 0.154261652383 -0.0297762365307
v 0.159247663671 0.154261652383 -0.0269230669818
f 775 777 779
f 775 779 778
f 775 778 780
f 775 780 777
f 776 779 777
f 776 778 779
f 776 780 778
f 776 777 780
v 0.159813240959 0.155761652383 -0.0286834481418
v 0.159813240959 0.152761652383 -0.0286834481418
v 0.161255133503 0.154261652383 -0.0282699921081
v 0.158371348415 0.154261652383 -0.0290969041756
v 0.160226696993 0.154261652383 -0.0301253406857
v 0.159399784926 0.154261652383 -0.0272415555979
f 781 783 785
f 781 785 784
f 781 784 786
f 781 786 783
f 782 785 783
f 782 784 785
f 782 786 784
f 782 783 786
v 0.159903581263 0.155761652383 -0.029020602744
v 0.159903581263 0.152761652383 -0.029020602744
v 0.161359024852 0.154261652383 -0.0286577199006
v 0.158448137673 0.154261652383 -0.0293834855874
v 0.160266464106 0.154261652383 -0.0304760463334
v 0.159540698419 0.154261652383 -0.0275651591546
f 787 789 791
f 787 791 790
f 787 790 792
f 787 792 789
f 788 791 789
f 788 790 791
f 788 792 790
f 788 789 792
v 0.159982100007 0.155761652383 -0.0293607047918
v 0.159982100007 0.152761652383 -0.0293607047918
v 0.161449321408 0.154261652383 -0.0290488372556
v 0.158514878606 0.154261652383 -0.029672572328
v 0.160293967544 0.154261652383 -0.0308279261929
v 0.159670232471 0.154261652383 -0.0278934833907
f 793 795 797
f 793 797 796
f 793 796 798
f 793 798 795
f 794 797 795
f 794 796 797
f 794 798 796
f 794 795 798
v 0.16004870153 0.155761652383 -0.0297033399233
v 0.16004870153 0.152761652383 -0.0297033399233
v 0.16152591316 0.154261652383 -0.0294428676568
v 0.158571489901 0.154261652383 -0.0299638121898
v 0.160309173797 0.154261652383 -0.0311805515528
v 0.159788229264 0.154261652383 -0.0282261282938
f 799 801 803
f 799 803 802
f 799 802 804
f 799 804 801
f 800 803 801
f 800 802 803
f 800 804 802
f 800 801 804
v 0.160103304687 0.155761652383 -0.0300480906904
v 0.160103304687 0.152761652383 -0.0300480906904
v 0.161588706791 0.154261652383 -0.029839331039
v 0.158617902584 0.154261652383 -0.0302568503418
v 0.160312064339 0.154261652383 -0.0315334927935
v 0.159894545036 0.154261652383 -0.0285626885873
f 805 807 809
f 805 809 808
f 805 808 810
f 805 810 807
f 806 809 807
f 806 808 809
f 806 810 808
f 806 807 810
v 0.160145842954 0.155761652383 -0.0303945370673
v 0.160145842954 0.152761652383 -0.0303945370673
v 0.161637625797 0.154261652383 -0.0302377443724
v 0.158654060111 0.154261652383 -0.0305513297622
v 0.160302635649 0.154261652383 -0.0318863199104
v 0.159989050259 0.154261652383 -0.0289027542243
f 811 813 815
f 811 815 814
f 811 814 816
f 811 816 813
f 812 815 813
f 812 814 815
f 812 816 814
f 812 813 816
v 0.160176264503 0.155761652383 -0.0307422569626
v 0.160176264503 0.152761652383 -0.0307422569626
v 0.161672610578 0.154261652383 -0.0306376222519
v 0.158679918427 0.154261652383 -0.0308468916732
v 0.160280899213 0.154261652383 -0.0322386030379
v 0.160071629792 0.154261652383 -0.0292459108872
f 817 819 821
f 817 821 820
f 817 820 822
f 817 822 819
f 818 821 819
f 818 820 821
f 818 822 820
f 818 819 822
v 0.16019453227 0.155761652383 -0.031090826733
v 0.16019453227 0.152761652383 -0.031090826733
v 0.161693618511 0.154261652383 -0.0310384774879
v 0.15869544603 0.154261652383 -0.031143175978
v 0.160246881515 0.154261652383 -0.0325899129735
v 0.160142183025 0.154261652383 -0.0295917404924
f 823 825 827
f 823 827 826
f 823 826 828
f 823 828 825
f 824 827 825
f 824 826 827
f 824 828 826
f 824 825 828
v 0.160200624 0.155761652383 -0.0314398217
v 0.160200624 0.152761652383 -0.0314398217
v 0.161700624 0.154261652383 -0.0314398217
v 0.158700624 0.154261652383 -0.0314398217
v 0.160200624 0.154261652383 -0.0329398217
v 0.160200624 0.154261652383 -0.0299398217
f 829 831 833
f 829 833 832
f 829 832 834
f 829 834 831
f 830 833 831
f 830 832 833
f 830 834 832
f 830 831 834
v 0.16019453227 0.155761652383 -0.031788816667
v 0.16019453227 0.152761652383 -0.031788816667
v 0.161693618511 0.154261652383 -0.0318411659121
v 0.15869544603 0.154261652383 -0.031736467422
v 0.160142183025 0.154261652383 -0.0332879029076
v 0.160246881515 0.154261652383 -0.0302897304265
f 835 837 839
f 835 839 838
f 835 838 840
f 835 840 837
f 836 839 837
f 836 838 839
f 836 840 838
f 836 837 840
o rejected_candidates
usemtl rejected_marker
g rejected_candidates
v 0.150200624 0.155761652383 -0.0409398217
v 0.150200624 0.152761652383 -0.0409398217
v 0.150200624 0.154261652383 -0.0424398217
v 0.150200624 0.154261652383 -0.0394398217
v 0.148700624 0.154261652383 -0.0409398217
v 0.151700624 0.154261652383 -0.0409398217
f 841 843 845
f 841 845 844
f 841 844 846
f 841 846 843
f 842 845 843
f 842 844 845
f 842 846 844
f 842 843 846
v 0.149869078781 0.155761652383 -0.0409340345567
v 0.149869078781 0.152761652383 -0.0409340345567
v 0.149816729536 0.154261652383 -0.0424331207972
v 0.149921428026 0.154261652383 -0.0394349483162
v 0.148369992541 0.154261652383 -0.0408816853116
v 0.151368165022 0.154261652383 -0.0409863838017
f 847 849 851
f 847 851 850
f 847 850 852
f 847 852 849
f 848 851 849
f 848 850 851
f 848 852 850
f 848 849 852
v 0.149537937499 0.155761652383 -0.0409166801775
v 0.149537937499 0.152761652383 -0.0409166801775
v 0.149433302789 0.154261652383 -0.0424130262529
v 0.14964257221 0.154261652383 -0.0394203341021
v 0.148041591424 0.154261652383 -0.0408120454669
v 0.151034283575 0.154261652383 -0.0410213148881
f 853 855 857
f 853 857 856
f 853 856 858
f 853 858 855
f 854 857 855
f 854 856 857
f 854 858 856
f 854 855 858
v 0.149207603599 0.155761652383 -0.040887779706
v 0.149207603599 0.152761652383 -0.040887779706
v 0.149050810904 0.154261652383 -0.0423795625491
v 0.149364396294 0.154261652383 -0.0393959968629
v 0.147715820756 0.154261652383 -0.0407309870111
v 0.150699386442 0.154261652383 -0.0410445724009
f 859 861 863
f 859 863 862
f 859 862 864
f 859 864 861
f 860 863 861
f 860 862 863
f 860 864 862
f 860 861 864
v 0.148878479541 0.155761652383 -0.040847368353
v 0.148878479541 0.152761652383 -0.040847368353
v 0.148669719889 0.154261652383 -0.0423327704562
v 0.149087239192 0.154261652383 -0.0393619662499
v 0.147393077438 0.154261652383 -0.0406386087016
v 0.150363881644 0.154261652383 -0.0410561280045
f 865 867 869
f 865 869 868
f 865 868 870
f 865 870 867
f 866 869 867
f 866 868 869
f 866 870 868
f 866 867 870
v 0.148550966312 0.155761652383 -0.0407954953536
v 0.148550966312 0.152761652383 -0.0407954953536
v 0.148290494046 0.154261652383 -0.0422727069831
v 0.148811438579 0.154261652383 -0.0393182837241
v 0.147073754683 0.154261652383 -0.0405350230871
v 0.150028177942 0.154261652383 -0.0410559676201
f 871 873 875
f 871 875 874
f 871 874 876
f 871 876 873
f 872 875 873
f 872 874 875
f 872 876 874
f 872 873 876
v 0.148225462937 0.155761652383 -0.040732223907
v 0.148225462937 0.152761652383 -0.040732223907
v 0.147913595401 0.154261652383 -0.0421994453081
v 0.148537330473 0.154261652383 -0.0392650025059
v 0.146758241536 0.154261652383 -0.0404203563707
v 0.149692684338 0.154261652383 -0.0410440914432
f 877 879 881
f 877 881 880
f 877 880 882
f 877 882 879
f 878 881 879
f 878 880 881
f 878 882 880
f 878 879 882
v 0.147902365992 0.155761652383 -0.0406576310996
v 0.147902365992 0.152761652383 -0.0406576310996
v 0.147539483148 0.154261652383 -0.042113074689
v 0.148265248835 0.154261652383 -0.0392021875102
v 0.146446922402 0.154261652383 -0.0402947482562
v 0.149357809581 0.154261652383 -0.041020513943
f 883 885 887
f 883 887 886
f 883 886 888
f 883 888 885
f 884 887 885
f 884 886 887
f 884 888 886
f 884 885 888
v 0.14758206912 0.155761652383 -0.0405718078114
v 0.14758206912 0.152761652383 -0.0405718078114
v 0.147168613086 0.154261652383 -0.0420137003553
v 0.147995525153 0.154261652383 -0.0391299152675
v 0.146140176576 0.154261652383 -0.0401583517777
v 0.149023961664 0.154261652383 -0.0409852638451
f 889 891 893
f 889 893 892
f 889 892 894
f 889 894 891
f 890 893 891
f 890 892 893
f 890 894 892
f 890 891 894
v 0.147264962553 0.155761652383 -0.0404748586048
v 0.147264962553 0.152761652383 -0.0404748586048
v 0.146801437062 0.154261652383 -0.0419014433792
v 0.147728488045 0.154261652383 -0.0390482738304
v 0.145838377779 0.154261652383 -0.0400113331132
v 0.148691547328 0.154261652383 -0.0409383840964
f 895 897 899
f 895 899 898
f 895 898 900
f 895 900 897
f 896 899 897
f 896 898 899
f 896 900 898
f 896 897 900
v 0.146951432638 0.155761652383 -0.0403669015975
v 0.146951432638 0.152761652383 -0.0403669015975
v 0.146438402423 0.154261652383 -0.0417764405286
v 0.147464462853 0.154261652383 -0.0389573626663
v 0.145541893707 0.154261652383 -0.0398538713825
v 0.14836097157 0.154261652383 -0.0408799318125
f 901 903 905
f 901 905 904
f 901 904 906
f 901 906 903
f 902 905 903
f 902 904 905
f 902 906 904
f 902 903 906
v 0.146641861363 0.155761652383 -0.0402480683184
v 0.146641861363 0.152761652383 -0.0402480683184
v 0.146079951472 0.154261652383 -0.0416388441002
v 0.147203771253 0.154261652383 -0.0388572925365
v 0.145251085581 0.154261652383 -0.0396861584283
v 0.148032637144 0.154261652383 -0.0408099782085
f 907 909 911
f 907 911 910
f 907 910 912
f 907 912 909
f 908 911 909
f 908 910 911
f 908 912 910
f 908 909 912
v 0.146336625891 0.155761652383 -0.0401185035476
v 0.146336625891 0.152761652383 -0.0401185035476
v 0.145726520926 0.154261652383 -0.0414888217341
v 0.146946730855 0.154261652383 -0.0387481853611
v 0.144966307704 0.154261652383 -0.039508398583
v 0.147706944077 0.154261652383 -0.0407286085122
f 913 915 917
f 913 917 916
f 913 916 918
f 913 918 915
f 914 917 915
f 914 916 917
f 914 918 916
f 914 915 918
v 0.146036098106 0.155761652383 -0.0399783651398
v 0.146036098106 0.152761652383 -0.0399783651398
v 0.145378541385 0.154261652383 -0.0413265562093
v 0.146693654826 0.154261652383 -0.0386301740704
v 0.144687907036 0.154261652383 -0.0393208084197
v 0.147384289175 0.154261652383 -0.04063592186
f 919 921 923
f 919 923 922
f 919 922 924
f 919 924 921
f 920 923 921
f 920 922 923
f 920 924 922
f 920 921 924
v 0.145740644154 0.155761652383 -0.0398278238322
v 0.145740644154 0.152761652383 -0.0398278238322
v 0.145036436809 0.154261652383 -0.0411522452214
v 0.146444851498 0.154261652383 -0.0385034024429
v 0.144416222764 0.154261652383 -0.039123616488
v 0.147065065543 0.154261652383 -0.0405320311763
f 925 927 929
f 925 929 928
f 925 928 930
f 925 930 927
f 926 929 927
f 926 928 929
f 926 930 928
f 926 927 930
v 0.145450624 0.155761652383 -0.039667063036
v 0.145450624 0.152761652383 -0.039667063036
v 0.144700624 0.154261652383 -0.0409661011416
v 0.146200624 0.154261652383 -0.0383680249303
v 0.144151585894 0.154261652383 -0.038917063036
v 0.146749662106 0.154261652383 -0.040417063036
f 931 933 935
f 931 935 934
f 931 934 936
f 931 936 933
f 932 935 933
f 932 934 935
f 932 936 934
f 932 933 936
v 0.14516639099 0.155761652383 -0.0394962786135
v 0.14516639099 0.152761652383 -0.0394962786135
v 0.144371512093 0.154261652383 -0.0407683507577
v 0.145961269886 0.154261652383 -0.0382242064693
v 0.143894318846 0.154261652383 -0.0387013997171
v 0.146438463134 0.154261652383 -0.0402911575098
f 937 939 941
f 937 941 940
f 937 940 942
f 937 942 939
f 938 941 939
f 938 940 941
f 938 942 940
f 938 939 942
v 0.144888291417 0.155761652383 -0.0393156786393
v 0.144888291417 0.152761652383 -0.0393156786393
v 0.144049502062 0.154261652383 -0.0405592349981
v 0.145727080772 0.154261652383 -0.0380721222804
v 0.143644735058 0.154261652383 -0.0384768892841
v 0.146131847776 0.154261652383 -0.0401544679945
f 943 945 947
f 943 947 946
f 943 946 948
f 943 948 945
f 944 947 945
f 944 946 947
f 944 948 946
f 944 945 948
v 0.144616664103 0.155761652383 -0.0391254831466
v 0.144616664103 0.152761652383 -0.0391254831466
v 0.143734986225 0.154261652383 -0.0403390086381
v 0.145498341982 0.154261652383 -0.037911957655
v 0.143403138612 0.154261652383 -0.0382438052681
v 0.145830189595 0.154261652383 -0.040007161025
f 949 951 953
f 949 953 952
f 949 952 954
f 949 954 951
f 950 953 951
f 950 952 953
f 950 954 952
f 950 951 954
v 0.144351839984 0.155761652383 -0.0389259238593
v 0.144351839984 0.152761652383 -0.0389259238593
v 0.143428347771 0.154261652383 -0.0401079399897
v 0.145275332197 0.154261652383 -0.0377439077289
v 0.143169823854 0.154261652383 -0.0380024316463
v 0.145533856115 0.154261652383 -0.0398494160723
f 955 957 959
f 955 959 958
f 955 958 960
f 955 960 957
f 956 959 957
f 956 958 959
f 956 960 958
f 956 957 960
v 0.144094141708 0.155761652383 -0.0387172439096
v 0.144094141708 0.152761652383 -0.0387172439096
v 0.143129960293 0.154261652383 -0.0398663105743
v 0.145058323123 0.154261652383 -0.037568177245
v 0.142945075043 0.154261652383 -0.0377530624951
v 0.145243208373 0.154261652383 -0.0396814253242
f 961 963 965
f 961 965 964
f 961 964 966
f 961 966 963
f 962 965 963
f 962 964 965
f 962 966 964
f 962 963 966
v 0.14384388324 0.155761652383 -0.038499697542
v 0.14384388324 0.152761652383 -0.038499697542
v 0.14284018733 0.154261652383 -0.0396144147803
v 0.144847579149 0.154261652383 -0.0373849803038
v 0.142729166001 0.154261652383 -0.0374960016325
v 0.144958600478 0.154261652383 -0.0395033934516
f 967 969 971
f 967 971 970
f 967 970 972
f 967 972 969
f 968 971 969
f 968 970 971
f 968 972 970
f 968 969 972
v 0.143601369481 0.155761652383 -0.0382735498032
v 0.143601369481 0.152761652383 -0.0382735498032
v 0.142559381925 0.154261652383 -0.0393525595037
v 0.144643357036 0.154261652383 -0.0371945401027
v 0.14252235978 0.154261652383 -0.0372315622475
v 0.144680379181 0.154261652383 -0.0393155373589
f 973 975 977
f 973 977 976
f 973 976 978
f 973 978 975
f 974 977 975
f 974 976 977
f 974 978 976
f 974 975 978
v 0.143366895897 0.155761652383 -0.0380390762194
v 0.143366895897 0.152761652383 -0.0380390762194
v 0.142287886196 0.154261652383 -0.039081063775
v 0.144445905597 0.154261652383 -0.0369970886637
v 0.142324908341 0.154261652383 -0.0369600665189
v 0.144408883452 0.154261652383 -0.0391180859199
f 979 981 983
f 979 983 982
f 979 982 984
f 979 984 981
f 980 983 981
f 980 982 983
f 980 984 982
f 980 981 984
v 0.143140748158 0.155761652383 -0.0377965624604
v 0.143140748158 0.152761652383 -0.0377965624604
v 0.14202603092 0.154261652383 -0.0388002583699
v 0.144255465396 0.154261652383 -0.0367928665509
v 0.142137052248 0.154261652383 -0.0366818452222
v 0.144144444068 0.154261652383 -0.0389112796986
f 985 987 989
f 985 989 988
f 985 988 990
f 985 990 987
f 986 989 987
f 986 988 989
f 986 990 988
f 986 987 990
v 0.14292320179 0.155761652383 -0.037546303992
v 0.14292320179 0.152761652383 -0.037546303992
v 0.141774135126 0.154261652383 -0.0385104854066
v 0.144072268455 0.154261652383 -0.0365821225775
v 0.141959020376 0.154261652383 -0.0363972373273
v 0.143887383205 0.154261652383 -0.0386953706567
f 991 993 995
f 991 995 994
f 991 994 996
f 991 996 993
f 992 995 993
f 992 994 995
f 992 996 994
f 992 993 996
v 0.142714521841 0.155761652383 -0.0372886057156
v 0.142714521841 0.152761652383 -0.0372886057156
v 0.14153250571 0.154261652383 -0.0382120979286
v 0.143896537971 0.154261652383 -0.0363651135026
v 0.141791029628 0.154261652383 -0.0361065895852
v 0.143638014054 0.154261652383 -0.038470621846
f 997 999 1001
f 997 1001 1000
f 997 1000 1002
f 997 1002 999
f 998 1001 999
f 998 1000 1001
f 998 1002 1000
f 998 999 1002
v 0.142514962553 0.155761652383 -0.0370237815968
v 0.142514962553 0.152761652383 -0.0370237815968
v 0.141301437062 0.154261652383 -0.0379054594752
v 0.143728488045 0.154261652383 -0.0361421037183
v 0.141633284675 0.154261652383 -0.0358102561052
v 0.143396640432 0.154261652383 -0.0382373070883
f 1003 1005 1007
f 1003 1007 1006
f 1003 1006 1008
f 1003 1008 1005
f 1004 1007 1005
f 1004 1006 1007
f 1004 1008 1006
f 1004 1005 1008
v 0.142324767061 0.155761652383 -0.036752154283
v 0.142324767061 0.152761652383 -0.036752154283
v 0.141081210702 0.154261652383 -0.0375909436382
v 0.14356832342 0.154261652383 -0.0359133649278
v 0.141485977706 0.154261652383 -0.0355085979241
v 0.143163556416 0.154261652383 -0.0379957106418
f 1009 1011 1013
f 1009 1013 1012
f 1009 1012 1014
f 1009 1014 1011
f 1010 1013 1011
f 1010 1012 1013
f 1010 1014 1012
f 1010 1011 1014
v 0.142144167087 0.155761652383 -0.0364740547102
v 0.142144167087 0.152761652383 -0.0364740547102
v 0.140872094942 0.154261652383 -0.0372689336066
v 0.143416239231 0.154261652383 -0.0356791758139
v 0.14134928819 0.154261652383 -0.035201982566
v 0.142939045983 0.154261652383 -0.0377461268545
f 1015 1017 1019
f 1015 1019 1018
f 1015 1018 1020
f 1015 1020 1017
f 1016 1019 1017
f 1016 1018 1019
f 1016 1020 1018
f 1016 1017 1020
v 0.141973382664 0.155761652383 -0.0361898217
v 0.141973382664 0.152761652383 -0.0361898217
v 0.140674344558 0.154261652383 -0.0369398217
v 0.14327242077 0.154261652383 -0.0354398217
v 0.141223382664 0.154261652383 -0.0348907835943
v 0.142723382664 0.154261652383 -0.0374888598057
f 1021 1023 1025
f 1021 1025 1024
f 1021 1024 1026
f 1021 1026 1023
f 1022 1025 1023
f 1022 1024 1025
f 1022 1026 1024
f 1022 1023 1026
v 0.141812621868 0.155761652383 -0.0358998015465
v 0.141812621868 0.152761652383 -0.0358998015465
v 0.140488200479 0.154261652383 -0.0366040088906
v 0.143137043257 0.154261652383 -0.0351955942023
v 0.141108414524 0.154261652383 -0.0345753801572
v 0.142516829212 0.154261652383 -0.0372242229358
f 1027 1029 1031
f 1027 1031 1030
f 1027 1030 1032
f 1027 1032 1029
f 1028 1031 1029
f 1028 1030 1031
f 1028 1032 1030
f 1028 1029 1032
v 0.14166208056 0.155761652383 -0.0356043475945
v 0.14166208056 0.152761652383 -0.0356043475945
v 0.140313889491 0.154261652383 -0.0362619043147
v 0.14301027163 0.154261652383 -0.0349467908743
v 0.14100452384 0.154261652383 -0.034256156525
v 0.14231963728 0.154261652383 -0.0369525386639
f 1033 1035 1037
f 1033 1037 1036
f 1033 1036 1038
f 1033 1038 1035
f 1034 1037 1035
f 1034 1036 1037
f 1034 1038 1036
f 1034 1035 1038
v 0.141521942152 0.155761652383 -0.0353038198092
v 0.141521942152 0.152761652383 -0.0353038198092
v 0.140151623966 0.154261652383 -0.0359139247738
v 0.142892260339 0.154261652383 -0.0346937148446
v 0.140911837188 0.154261652383 -0.0339335016228
v 0.142132047117 0.154261652383 -0.0366741379957
f 1039 1041 1043
f 1039 1043 1042
f 1039 1042 1044
f 1039 1044 1041
f 1040 1043 1041
f 1040 1042 1043
f 1040 1044 1042
f 1040 1041 1044
v 0.141392377382 0.155761652383 -0.0349985843375
v 0.141392377382 0.152761652383 -0.0349985843375
v 0.1400016016 0.154261652383 -0.0355604942276
v 0.142783153163 0.154261652383 -0.0344366744473
v 0.140830467491 0.154261652383 -0.0336078085556
v 0.141954287272 0.154261652383 -0.0363893601193
f 1045 1047 1049
f 1045 1049 1048
f 1045 1048 1050
f 1045 1050 1047
f 1046 1049 1047
f 1046 1048 1049
f 1046 1050 1048
f 1046 1047 1050
v 0.141273544103 0.155761652383 -0.0346890130616
v 0.141273544103 0.152761652383 -0.0346890130616
v 0.139864005171 0.154261652383 -0.0352020432766
v 0.142683083034 0.154261652383 -0.0341759828466
v 0.140760513888 0.154261652383 -0.0332794741304
v 0.141786574318 0.154261652383 -0.0360985519928
f 1051 1053 1055
f 1051 1055 1054
f 1051 1054 1056
f 1051 1056 1053
f 1052 1055 1053
f 1052 1054 1055
f 1052 1056 1054
f 1052 1053 1056
v 0.141165587095 0.155761652383 -0.0343754831466
v 0.141165587095 0.152761652383 -0.0343754831466
v 0.139739002321 0.154261652383 -0.0348390086381
v 0.14259217187 0.154261652383 -0.033911957655
v 0.140702061604 0.154261652383 -0.0329488983721
v 0.141629112587 0.154261652383 -0.035802067921
f 1057 1059 1061
f 1057 1061 1060
f 1057 1060 1062
f 1057 1062 1059
f 1058 1061 1059
f 1058 1060 1061
f 1058 1062 1060
f 1058 1059 1062
v 0.141068637889 0.155761652383 -0.0340583765803
v 0.141068637889 0.152761652383 -0.0340583765803
v 0.139626745345 0.154261652383 -0.034471832614
v 0.142510530432 0.154261652383 -0.0336449205465
v 0.140655181855 0.154261652383 -0.0326164840364
v 0.141482093922 0.154261652383 -0.0355002691242
f 1063 1065 1067
f 1063 1067 1066
f 1063 1066 1068
f 1063 1068 1065
f 1064 1067 1065
f 1064 1066 1067
f 1064 1068 1066
f 1064 1065 1068
v 0.1409828146 0.155761652383 -0.0337380797082
v 0.1409828146 0.152761652383 -0.0337380797082
v 0.139527371011 0.154261652383 -0.0341009625516
v 0.14243825819 0.154261652383 -0.0333751968648
v 0.140619931757 0.154261652383 -0.0322826361188
v 0.141345697444 0.154261652383 -0.0351935232976
f 1069 1071 1073
f 1069 1073 1072
f 1069 1072 1074
f 1069 1074 1071
f 1070 1073 1071
f 1070 1072 1073
f 1070 1074 1072
f 1070 1071 1074
v 0.140908221793 0.155761652383 -0.0334149827628
v 0.140908221793 0.152761652383 -0.0334149827628
v 0.139441000392 0.154261652383 -0.033726850299
v 0.142375443194 0.154261652383 -0.0331031152265
v 0.140596354257 0.154261652383 -0.0319477613617
v 0.141220089329 0.154261652383 -0.0348822041639
f 1075 1077 1079
f 1075 1079 1078
f 1075 1078 1080
f 1075 1080 1077
f 1076 1079 1077
f 1076 1078 1079
f 1076 1080 1078
f 1076 1077 1080
v 0.140844950346 0.155761652383 -0.0330894793878
v 0.140844950346 0.152761652383 -0.0330894793878
v 0.139367738717 0.154261652383 -0.0333499516543
v 0.142322161976 0.154261652383 -0.0328290071213
v 0.14058447808 0.154261652383 -0.0316122677583
v 0.141105422613 0.154261652383 -0.0345666910174
f 1081 1083 1085
f 1081 1085 1084
f 1081 1084 1086
f 1081 1086 1083
f 1082 1085 1083
f 1082 1084 1085
f 1082 1086 1084
f 1082 1083 1086
v 0.140793077347 0.155761652383 -0.0327619661591
v 0.140793077347 0.152761652383 -0.0327619661591
v 0.139307675244 0.154261652383 -0.0329707258106
v 0.14227847945 0.154261652383 -0.0325532065077
v 0.140584317696 0.154261652383 -0.031276564056
v 0.141001836998 0.154261652383 -0.0342473682622
f 1087 1089 1091
f 1087 1091 1090
f 1087 1090 1092
f 1087 1092 1089
f 1088 1091 1089
f 1088 1090 1091
f 1088 1092 1090
f 1088 1089 1092
v 0.140752665994 0.155761652383 -0.032432842101
v 0.140752665994 0.152761652383 -0.032432842101
v 0.139260883151 0.154261652383 -0.0325896347959
v 0.142244448837 0.154261652383 -0.0322760494061
v 0.140595873299 0.154261652383 -0.030941059258
v 0.140909458689 0.154261652383 -0.0339246249441
f 1093 1095 1097
f 1093 1097 1096
f 1093 1096 1098
f 1093 1098 1095
f 1094 1097 1095
f 1094 1096 1097
f 1094 1098 1096
f 1094 1095 1098
v 0.140723765523 0.155761652383 -0.0321025082006
v 0.140723765523 0.152761652383 -0.0321025082006
v 0.139227419447 0.154261652383 -0.0322071429112
v 0.142220111598 0.154261652383 -0.03199787349
v 0.140619130812 0.154261652383 -0.0306061621252
v 0.140828400233 0.154261652383 -0.033598854276
f 1099 1101 1103
f 1099 1103 1102
f 1099 1102 1104
f 1099 1104 1101
f 1100 1103 1101
f 1100 1102 1103
f 1100 1104 1102
f 1100 1101 1104
v 0.140706411143 0.155761652383 -0.0317713669187
v 0.140706411143 0.152761652383 -0.0317713669187
v 0.139207324903 0.154261652383 -0.0318237161637
v 0.142205497384 0.154261652383 -0.0317190176736
v 0.140654061898 0.154261652383 -0.0302722806781
v 0.140758760388 0.154261652383 -0.0332704531592
f 1105 1107 1109
f 1105 1109 1108
f 1105 1108 1110
f 1105 1110 1107
f 1106 1109 1107
f 1106 1108 1109
f 1106 1110 1108
f 1106 1107 1110
v 0.140700624 0.155761652383 -0.0314398217
v 0.140700624 0.152761652383 -0.0314398217
v 0.139200624 0.154261652383 -0.0314398217
v 0.142200624 0.154261652383 -0.0314398217
v 0.140700624 0.154261652383 -0.0299398217
v 0.140700624 0.154261652383 -0.0329398217
f 1111 1113 1115
f 1111 1115 1114
f 1111 1114 1116
f 1111 1116 1113
f 1112 1115 1113
f 1112 1114 1115
f 1112 1116 1114
f 1112 1113 1116
v 0.140706411143 0.155761652383 -0.0311082764813
v 0.140706411143 0.152761652383 -0.0311082764813
v 0.139207324903 0.154261652383 -0.0310559272363
v 0.142205497384 0.154261652383 -0.0311606257264
v 0.140758760388 0.154261652383 -0.0296091902408
v 0.140654061898 0.154261652383 -0.0326073627219
f 1117 1119 1121
f 1117 1121 1120
f 1117 1120 1122
f 1117 1122 1119
f 1118 1121 1119
f 1118 1120 1121
f 1118 1122 1120
f 1118 1119 1122
v 0.140723765523 0.155761652383 -0.0307771351994
v 0.140723765523 0.152761652383 -0.0307771351994
v 0.139227419447 0.154261652383 -0.0306725004888
v 0.142220111598 0.154261652383 -0.03088176991
v 0.140828400233 0.154261652383 -0.029280789124
v 0.140619130812 0.154261652383 -0.0322734812748
f 1123 1125 1127
f 1123 1127 1126
f 1123 1126 1128
f 1123 1128 1125
f 1124 1127 1125
f 1124 1126 1127
f 1124 1128 1126
f 1124 1125 1128
v 0.140752665994 0.155761652383 -0.030446801299
v 0.140752665994 0.152761652383 -0.030446801299
v 0.139260883151 0.154261652383 -0.0302900086041
v 0.142244448837 0.154261652383 -0.0306035939939
v 0.140909458689 0.154261652383 -0.0289550184559
v 0.140595873299 0.154261652383 -0.031938584142
f 1129 1131 1133
f 1129 1133 1132
f 1129 1132 1134
f 1129 1134 1131
f 1130 1133 1131
f 1130 1132 1133
f 1130 1134 1132
f 1130 1131 1134
v 0.140793077347 0.155761652383 -0.0301176772409
v 0.140793077347 0.152761652383 -0.0301176772409
v 0.139307675244 0.154261652383 -0.0299089175894
v 0.14227847945 0.154261652383 -0.0303264368923
v 0.141001836998 0.154261652383 -0.0286322751378
v 0.140584317696 0.154261652383 -0.031603079344
f 1135 1137 1139
f 1135 1139 1138
f 1135 1138 1140
f 1135 1140 1137
f 1136 1139 1137
f 1136 1138 1139
f 1136 1140 1138
f 1136 1137 1140
v 0.140844950346 0.155761652383 -0.0297901640122
v 0.140844950346 0.152761652383 -0.0297901640122
v 0.139367738717 0.154261652383 -0.0295296917457
v 0.142322161976 0.154261652383 -0.0300506362787
v 0.141105422613 0.154261652383 -0.0283129523826
v 0.14058447808 0.154261652383 -0.0312673756417
f 1141 1143 1145
f 1141 1145 1144
f 1141 1144 1146
f 1141 1146 1143
f 1142 1145 1143
f 1142 1144 1145
f 1142 1146 1144
f 1142 1143 1146
v 0.140908221793 0.155761652383 -0.0294646606372
v 0.140908221793 0.152761652383 -0.0294646606372
v 0.139441000392 0.154261652383 -0.029152793101
v 0.142375443194 0.154261652383 -0.0297765281735
v 0.141220089329 0.154261652383 -0.0279974392361
v 0.140596354257 0.154261652383 -0.0309318820383
f 1147 1149 1151
f 1147 1151 1150
f 1147 1150 1152
f 1147 1152 1149
f 1148 1151 1149
f 1148 1150 1151
f 1148 1152 1150
f 1148 1149 1152
v 0.1409828146 0.155761652383 -0.0291415636918
v 0.1409828146 0.152761652383 -0.0291415636918
v 0.139527371011 0.154261652383 -0.0287786808484
v 0.14243825819 0.154261652383 -0.0295044465352
v 0.141345697444 0.154261652383 -0.0276861201024
v 0.140619931757 0.154261652383 -0.0305970072812
f 1153 1155 1157
f 1153 1157 1156
f 1153 1156 1158
f 1153 1158 1155
f 1154 1157 1155
f 1154 1156 1157
f 1154 1158 1156
f 1154 1155 1158
v 0.141068637889 0.155761652383 -0.0288212668197
v 0.141068637889 0.152761652383 -0.0288212668197
v 0.139626745345 0.154261652383 -0.028407810786
v 0.142510530432 0.154261652383 -0.0292347228535
v 0.141482093922 0.154261652383 -0.0273793742758
v 0.140655181855 0.154261652383 -0.0302631593636
f 1159 1161 1163
f 1159 1163 1162
f 1159 1162 1164
f 1159 1164 1161
f 1160 1163 1161
f 1160 1162 1163
f 1160 1164 1162
f 1160 1161 1164
v 0.141165587095 0.155761652383 -0.0285041602534
v 0.141165587095 0.152761652383 -0.0285041602534
v 0.139739002321 0.154261652383 -0.0280406347619
v 0.14259217187 0.154261652383 -0.028967685745
v 0.141629112587 0.154261652383 -0.027077575479
v 0.140702061604 0.154261652383 -0.0299307450279
f 1165 1167 1169
f 1165 1169 1168
f 1165 1168 1170
f 1165 1170 1167
f 1166 1169 1167
f 1166 1168 1169
f 1166 1170 1168
f 1166 1167 1170
v 0.141273544103 0.155761652383 -0.0281906303384
v 0.141273544103 0.152761652383 -0.0281906303384
v 0.139864005171 0.154261652383 -0.0276776001234
v 0.142683083034 0.154261652383 -0.0287036605534
v 0.141786574318 0.154261652383 -0.0267810914072
v 0.140760513888 0.154261652383 -0.0296001692696
f 1171 1173 1175
f 1171 1175 1174
f 1171 1174 1176
f 1171 1176 1173
f 1172 1175 1173
f 1172 1174 1175
f 1172 1176 1174
f 1172 1173 1176
v 0.141392377382 0.155761652383 -0.0278810590625
v 0.141392377382 0.152761652383 -0.0278810590625
v 0.1400016016 0.154261652383 -0.0273191491724
v 0.142783153163 0.154261652383 -0.0284429689527
v 0.141954287272 0.154261652383 -0.0264902832807
v 0.140830467491 0.154261652383 -0.0292718348444
f 1177 1179 1181
f 1177 1181 1180
f 1177 1180 1182
f 1177 1182 1179
f 1178 1181 1179
f 1178 1180 1181
f 1178 1182 1180
f 1178 1179 1182
v 0.141521942152 0.155761652383 -0.0275758235908
v 0.141521942152 0.152761652383 -0.0275758235908
v 0.140151623966 0.154261652383 -0.0269657186262
v 0.142892260339 0.154261652383 -0.0281859285554
v 0.142132047117 0.154261652383 -0.0262055054043
v 0.140911837188 0.154261652383 -0.0289461417772
f 1183 1185 1187
f 1183 1187 1186
f 1183 1186 1188
f 1183 1188 1185
f 1184 1187 1185
f 1184 1186 1187
f 1184 1188 1186
f 1184 1185 1188
v 0.14166208056 0.155761652383 -0.0272752958055
v 0.14166208056 0.152761652383 -0.0272752958055
v 0.140313889491 0.154261652383 -0.0266177390853
v 0.14301027163 0.154261652383 -0.0279328525257
v 0.14231963728 0.154261652383 -0.0259271047361
v 0.14100452384 0.154261652383 -0.028623486875
f 1189 1191 1193
f 1189 1193 1192
f 1189 1192 1194
f 1189 1194 1191
f 1190 1193 1191
f 1190 1192 1193
f 1190 1194 1192
f 1190 1191 1194
v 0.141812621868 0.155761652383 -0.0269798418535
v 0.141812621868 0.152761652383 -0.0269798418535
v 0.140488200479 0.154261652383 -0.0262756345094
v 0.143137043257 0.154261652383 -0.0276840491977
v 0.142516829212 0.154261652383 -0.0256554204642
v 0.141108414524 0.154261652383 -0.0283042632428
f 1195 1197 1199
f 1195 1199 1198
f 1195 1198 1200
f 1195 1200 1197
f 1196 1199 1197
f 1196 1198 1199
f 1196 1200 1198
f 1196 1197 1200
v 0.141973382664 0.155761652383 -0.0266898217
v 0.141973382664 0.152761652383 -0.0266898217
v 0.140674344558 0.154261652383 -0.0259398217
v 0.14327242077 0.154261652383 -0.0274398217
v 0.142723382664 0.154261652383 -0.0253907835943
v 0.141223382664 0.154261652383 -0.0279888598057
f 1201 1203 1205
f 1201 1205 1204
f 1201 1204 1206
f 1201 1206 1203
f 1202 1205 1203
f 1202 1204 1205
f 1202 1206 1204
f 1202 1203 1206
v 0.142144167087 0.155761652383 -0.0264055886898
v 0.142144167087 0.152761652383 -0.0264055886898
v 0.140872094942 0.154261652383 -0.0256107097934
v 0.143416239231 0.154261652383 -0.0272004675861
v 0.142939045983 0.154261652383 -0.0251335165455
v 0.14134928819 0.154261652383 -0.027677660834
f 1207 1209 1211
f 1207 1211 1210
f 1207 1210 1212
f 1207 1212 1209
f 1208 1211 1209
f 1208 1210 1211
f 1208 1212 1210
f 1208 1209 1212
v 0.142324767061 0.155761652383 -0.026127489117
v 0.142324767061 0.152761652383 -0.026127489117
v 0.141081210702 0.154261652383 -0.0252886997618
v 0.14356832342 0.154261652383 -0.0269662784722
v 0.143163556416 0.154261652383 -0.0248839327582
v 0.141485977706 0.154261652383 -0.0273710454759
f 1213 1215 1217
f 1213 1217 1216
f 1213 1216 1218
f 1213 1218 1215
f 1214 1217 1215
f 1214 1216 1217
f 1214 1218 1216
f 1214 1215 1218
v 0.142514962553 0.155761652383 -0.0258558618032
v 0.142514962553 0.152761652383 -0.0258558618032
v 0.141301437062 0.154261652383 -0.0249741839248
v 0.143728488045 0.154261652383 -0.0267375396817
v 0.143396640432 0.154261652383 -0.0246423363117
v 0.141633284675 0.154261652383 -0.0270693872948
f 1219 1221 1223
f 1219 1223 1222
f 1219 1222 1224
f 1219 1224 1221
f 1220 1223 1221
f 1220 1222 1223
f 1220 1224 1222
f 1220 1221 1224
v 0.142714521841 0.155761652383 -0.0255910376844
v 0.142714521841 0.152761652383 -0.0255910376844
v 0.14153250571 0.154261652383 -0.0246675454714
v 0.143896537971 0.154261652383 -0.0265145298974
v 0.143638014054 0.154261652383 -0.024409021554
v 0.141791029628 0.154261652383 -0.0267730538148
f 1225 1227 1229
f 1225 1229 1228
f 1225 1228 1230
f 1225 1230 1227
f 1226 1229 1227
f 1226 1228 1229
f 1226 1230 1228
f 1226 1227 1230
v 0.14292320179 0.155761652383 -0.025333339408
v 0.14292320179 0.152761652383 -0.025333339408
v 0.141774135126 0.154261652383 -0.0243691579934
v 0.144072268455 0.154261652383 -0.0262975208225
v 0.143887383205 0.154261652383 -0.0241842727433
v 0.141959020376 0.154261652383 -0.0264824060727
f 1231 1233 1235
f 1231 1235 1234
f 1231 1234 1236
f 1231 1236 1233
f 1232 1235 1233
f 1232 1234 1235
f 1232 1236 1234
f 1232 1233 1236
v 0.143140748158 0.155761652383 -0.0250830809396
v 0.143140748158 0.152761652383 -0.0250830809396
v 0.14202603092 0.154261652383 -0.0240793850301
v 0.144255465396 0.154261652383 -0.0260867768491
v 0.144144444068 0.154261652383 -0.0239683637014
v 0.142137052248 0.154261652383 -0.0261977981778
f 1237 1239 1241
f 1237 1241 1240
f 1237 1240 1242
f 1237 1242 1239
f 1238 1241 1239
f 1238 1240 1241
f 1238 1242 1240
f 1238 1239 1242
v 0.143366895897 0.155761652383 -0.0248405671806
v 0.143366895897 0.152761652383 -0.0248405671806
v 0.142287886196 0.154261652383 -0.023798579625
v 0.144445905597 0.154261652383 -0.0258825547363
v 0.144408883452 0.154261652383 -0.0237615574801
v 0.142324908341 0.154261652383 -0.0259195768811
f 1243 1245 1247
f 1243 1247 1246
f 1243 1246 1248
f 1243 1248 1245
f 1244 1247 1245
f 1244 1246 1247
f 1244 1248 1246
f 1244 1245 1248
v 0.143601369481 0.155761652383 -0.0246060935968
v 0.143601369481 0.152761652383 -0.0246060935968
v 0.142559381925 0.154261652383 -0.0235270838963
v 0.144643357036 0.154261652383 -0.0256851032973
v 0.144680379181 0.154261652383 -0.0235641060411
v 0.14252235978 0.154261652383 -0.0256480811525
f 1249 1251 1253
f 1249 1253 1252
f 1249 1252 1254
f 1249 1254 1251
f 1250 1253 1251
f 1250 1252 1253
f 1250 1254 1252
f 1250 1251 1254
v 0.14384388324 0.155761652383 -0.024379945858
v 0.14384388324 0.152761652383 -0.024379945858
v 0.14284018733 0.154261652383 -0.0232652286197
v 0.144847579149 0.154261652383 -0.0254946630962
v 0.144958600478 0.154261652383 -0.0233762499484
v 0.142729166001 0.154261652383 -0.0253836417675
f 1255 1257 1259
f 1255 1259 1258
f 1255 1258 1260
f 1255 1260 1257
f 1256 1259 1257
f 1256 1258 1259
f 1256 1260 1258
f 1256 1257 1260
v 0.144094141708 0.155761652383 -0.0241623994904
v 0.144094141708 0.152761652383 -0.0241623994904
v 0.143129960293 0.154261652383 -0.0230133328257
v 0.145058323123 0.154261652383 -0.025311466155
v 0.145243208373 0.154261652383 -0.0231982180758
v 0.142945075043 0.154261652383 -0.0251265809049
f 1261 1263 1265
f 1261 1265 1264
f 1261 1264 1266
f 1261 1266 1263
f 1262 1265 1263
f 1262 1264 1265
f 1262 1266 1264
f 1262 1263 1266
v 0.144351839984 0.155761652383 -0.0239537195407
v 0.144351839984 0.152761652383 -0.0239537195407
v 0.143428347771 0.154261652383 -0.0227717034103
v 0.145275332197 0.154261652383 -0.0251357356711
v 0.145533856115 0.154261652383 -0.0230302273277
v 0.143169823854 0.154261652383 -0.0248772117537
f 1267 1269 1271
f 1267 1271 1270
f 1267 1270 1272
f 1267 1272 1269
f 1268 1271 1269
f 1268 1270 1271
f 1268 1272 1270
f 1268 1269 1272
v 0.144616664103 0.155761652383 -0.0237541602534
v 0.144616664103 0.152761652383 -0.0237541602534
v 0.143734986225 0.154261652383 -0.0225406347619
v 0.145498341982 0.154261652383 -0.024967685745
v 0.145830189595 0.154261652383 -0.022872482375
v 0.143403138612 0.154261652383 -0.0246358381319
f 1273 1275 1277
f 1273 1277 1276
f 1273 1276 1278
f 1273 1278 1275
f 1274 1277 1275
f 1274 1276 1277
f 1274 1278 1276
f 1274 1275 1278
v 0.144888291417 0.155761652383 -0.0235639647607
v 0.144888291417 0.152761652383 -0.0235639647607
v 0.144049502062 0.154261652383 -0.0223204084019
v 0.145727080772 0.154261652383 -0.0248075211196
v 0.146131847776 0.154261652383 -0.0227251754055
v 0.143644735058 0.154261652383 -0.0244027541159
f 1279 1281 1283
f 1279 1283 1282
f 1279 1282 1284
f 1279 1284 1281
f 1280 1283 1281
f 1280 1282 1283
f 1280 1284 1282
f 1280 1281 1284
v 0.14516639099 0.155761652383 -0.0233833647865
v 0.14516639099 0.152761652383 -0.0233833647865
v 0.144371512093 0.154261652383 -0.0221112926423
v 0.145961269886 0.154261652383 -0.0246554369307
v 0.146438463134 0.154261652383 -0.0225884858902
v 0.143894318846 0.154261652383 -0.0241782436829
f 1285 1287 1289
f 1285 1289 1288
f 1285 1288 1290
f 1285 1290 1287
f 1286 1289 1287
f 1286 1288 1289
f 1286 1290 1288
f 1286 1287 1290
v 0.145450624 0.155761652383 -0.023212580364
v 0.145450624 0.152761652383 -0.023212580364
v 0.144700624 0.154261652383 -0.0219135422584
v 0.146200624 0.154261652383 -0.0245116184697
v 0.146749662106 0.154261652383 -0.022462580364
v 0.144151585894 0.154261652383 -0.023962580364
f 1291 1293 1295
f 1291 1295 1294
f 1291 1294 1296
f 1291 1296 1293
f 1292 1295 1293
f 1292 1294 1295
f 1292 1296 1294
f 1292 1293 1296
v 0.145740644154 0.155761652383 -0.0230518195678
v 0.145740644154 0.152761652383 -0.0230518195678
v 0.145036436809 0.154261652383 -0.0217273981786
v 0.146444851498 0.154261652383 -0.0243762409571
v 0.147065065543 0.154261652383 -0.0223476122237
v 0.144416222764 0.154261652383 -0.023756026912
f 1297 1299 1301
f 1297 1301 1300
f 1297 1300 1302
f 1297 1302 1299
f 1298 1301 1299
f 1298 1300 1301
f 1298 1302 1300
f 1298 1299 1302
v 0.146036098106 0.155761652383 -0.0229012782602
v 0.146036098106 0.152761652383 -0.0229012782602
v 0.145378541385 0.154261652383 -0.0215530871907
v 0.146693654826 0.154261652383 -0.0242494693296
v 0.147384289175 0.154261652383 -0.02224372154
v 0.144687907036 0.154261652383 -0.0235588349803
f 1303 1305 1307
f 1303 1307 1306
f 1303 1306 1308
f 1303 1308 1305
f 1304 1307 1305
f 1304 1306 1307
f 1304 1308 1306
f 1304 1305 1308
v 0.146336625891 0.155761652383 -0.0227611398524
v 0.146336625891 0.152761652383 -0.0227611398524
v 0.145726520926 0.154261652383 -0.0213908216659
v 0.146946730855 0.154261652383 -0.0241314580389
v 0.147706944077 0.154261652383 -0.0221510348878
v 0.144966307704 0.154261652383 -0.023371244817
f 1309 1311 1313
f 1309 1313 1312
f 1309 1312 1314
f 1309 1314 1311
f 1310 1313 1311
f 1310 1312 1313
f 1310 1314 1312
f 1310 1311 1314
v 0.146641861363 0.155761652383 -0.0226315750816
v 0.146641861363 0.152761652383 -0.0226315750816
v 0.146079951472 0.154261652383 -0.0212407992998
v 0.147203771253 0.154261652383 -0.0240223508635
v 0.148032637144 0.154261652383 -0.0220696651915
v 0.145251085581 0.154261652383 -0.0231934849717
f 1315 1317 1319
f 1315 1319 1318
f 1315 1318 1320
f 1315 1320 1317
f 1316 1319 1317
f 1316 1318 1319
f 1316 1320 1318
f 1316 1317 1320
v 0.146951432638 0.155761652383 -0.0225127418025
v 0.146951432638 0.152761652383 -0.0225127418025
v 0.146438402423 0.154261652383 -0.0211032028714
v 0.147464462853 0.154261652383 -0.0239222807337
v 0.14836097157 0.154261652383 -0.0219997115875
v 0.145541893707 0.154261652383 -0.0230257720175
f 1321 1323 1325
f 1321 1325 1324
f 1321 1324 1326
f 1321 1326 1323
f 1322 1325 1323
f 1322 1324 1325
f 1322 1326 1324
f 1322 1323 1326
v 0.147264962553 0.155761652383 -0.0224047847952
v 0.147264962553 0.152761652383 -0.0224047847952
v 0.146801437062 0.154261652383 -0.0209782000208
v 0.147728488045 0.154261652383 -0.0238313695696
v 0.148691547328 0.154261652383 -0.0219412593036
v 0.145838377779 0.154261652383 -0.0228683102868
f 1327 1329 1331
f 1327 1331 1330
f 1327 1330 1332
f 1327 1332 1329
f 1328 1331 1329
f 1328 1330 1331
f 1328 1332 1330
f 1328 1329 1332
v 0.14758206912 0.155761652383 -0.0223078355886
v 0.14758206912 0.152761652383 -0.0223078355886
v 0.147168613086 0.154261652383 -0.0208659430447
v 0.147995525153 0.154261652383 -0.0237497281325
v 0.149023961664 0.154261652383 -0.0218943795549
v 0.146140176576 0.154261652383 -0.0227212916223
f 1333 1335 1337
f 1333 1337 1336
f 1333 1336 1338
f 1333 1338 1335
f 1334 1337 1335
f 1334 1336 1337
f 1334 1338 1336
f 1334 1335 1338
v 0.147902365992 0.155761652383 -0.0222220123004
v 0.147902365992 0.152761652383 -0.0222220123004
v 0.147539483148 0.154261652383 -0.020766568711
v 0.148265248835 0.154261652383 -0.0236774558898
v 0.149357809581 0.154261652383 -0.021859129457
v 0.146446922402 0.154261652383 -0.0225848951438
f 1339 1341 1343
f 1339 1343 1342
f 1339 1342 1344
f 1339 1344 1341
f 1340 1343 1341
f 1340 1342 1343
f 1340 1344 1342
f 1340 1341 1344
v 0.148225462937 0.155761652383 -0.022147419493
v 0.148225462937 0.152761652383 -0.022147419493
v 0.147913595401 0.154261652383 -0.0206801980919
v 0.148537330473 0.154261652383 -0.0236146408941
v 0.149692684338 0.154261652383 -0.0218355519568
v 0.146758241536 0.154261652383 -0.0224592870293
f 1345 1347 1349
f 1345 1349 1348
f 1345 1348 1350
f 1345 1350 1347
f 1346 1349 1347
f 1346 1348 1349
f 1346 1350 1348
f 1346 1347 1350
v 0.148550966312 0.155761652383 -0.0220841480464
v 0.148550966312 0.152761652383 -0.0220841480464
v 0.148290494046 0.154261652383 -0.0206069364169
v 0.148811438579 0.154261652383 -0.0235613596759
v 0.150028177942 0.154261652383 -0.0218236757799
v 0.147073754683 0.154261652383 -0.0223446203129
f 1351 1353 1355
f 1351 1355 1354
f 1351 1354 1356
f 1351 1356 1353
f 1352 1355 1353
f 1352 1354 1355
f 1352 1356 1354
f 1352 1353 1356
v 0.148878479541 0.155761652383 -0.022032275047
v 0.148878479541 0.152761652383 -0.022032275047
v 0.148669719889 0.154261652383 -0.0205468729438
v 0.149087239192 0.154261652383 -0.0235176771501
v 0.150363881644 0.154261652383 -0.0218235153955
v 0.147393077438 0.154261652383 -0.0222410346984
f 1357 1359 1361
f 1357 1361 1360
f 1357 1360 1362
f 1357 1362 1359
f 1358 1361 1359
f 1358 1360 1361
f 1358 1362 1360
f 1358 1359 1362
v 0.149207603599 0.155761652383 -0.021991863694
v 0.149207603599 0.152761652383 -0.021991863694
v 0.149050810904 0.154261652383 -0.0205000808509
v 0.149364396294 0.154261652383 -0.0234836465371
v 0.150699386442 0.154261652383 -0.0218350709991
v 0.147715820756 0.154261652383 -0.0221486563889
f 1363 1365 1367
f 1363 1367 1366
f 1363 1366 1368
f 1363 1368 1365
f 1364 1367 1365
f 1364 1366 1367
f 1364 1368 1366
f 1364 1365 1368
v 0.149537937499 0.155761652383 -0.0219629632225
v 0.149537937499 0.152761652383 -0.0219629632225
v 0.149433302789 0.154261652383 -0.0204666171471
v 0.14964257221 0.154261652383 -0.0234593092979
v 0.151034283575 0.154261652383 -0.0218583285119
v 0.148041591424 0.154261652383 -0.0220675979331
f 1369 1371 1373
f 1369 1373 1372
f 1369 1372 1374
f 1369 1374 1371
f 1370 1373 1371
f 1370 1372 1373
f 1370 1374 1372
f 1370 1371 1374
v 0.149869078781 0.155761652383 -0.0219456088433
v 0.149869078781 0.152761652383 -0.0219456088433
v 0.149816729536 0.154261652383 -0.0204465226028
v 0.149921428026 0.154261652383 -0.0234446950838
v 0.151368165022 0.154261652383 -0.0218932595983
v 0.148369992541 0.154261652383 -0.0219979580884
f 1375 1377 1379
f 1375 1379 1378
f 1375 1378 1380
f 1375 1380 1377
f 1376 1379 1377
f 1376 1378 1379
f 1376 1380 1378
f 1376 1377 1380
v 0.159677482477 0.155761652383 -0.0321025082006
v 0.159677482477 0.152761652383 -0.0321025082006
v 0.161173828553 0.154261652383 -0.0322071429112
v 0.158181136402 0.154261652383 -0.03199787349
v 0.159572847767 0.154261652383 -0.033598854276
v 0.159782117188 0.154261652383 -0.0306061621252
f 1381 1383 1385
f 1381 1385 1384
f 1381 1384 1386
f 1381 1386 1383
f 1382 1385 1383
f 1382 1384 1385
f 1382 1386 1384
f 1382 1383 1386
v 0.159648582006 0.155761652383 -0.032432842101
v 0.159648582006 0.152761652383 -0.032432842101
v 0.161140364849 0.154261652383 -0.0325896347959
v 0.158156799163 0.154261652383 -0.0322760494061
v 0.159491789311 0.154261652383 -0.0339246249441
v 0.159805374701 0.154261652383 -0.030941059258
f 1387 1389 1391
f 1387 1391 1390
f 1387 1390 1392
f 1387 1392 1389
f 1388 1391 1389
f 1388 1390 1391
f 1388 1392 1390
f 1388 1389 1392
v 0.159608170653 0.155761652383 -0.0327619661591
v 0.159608170653 0.152761652383 -0.0327619661591
v 0.161093572756 0.154261652383 -0.0329707258106
v 0.15812276855 0.154261652383 -0.0325532065077
v 0.159399411002 0.154261652383 -0.0342473682622
v 0.159816930304 0.154261652383 -0.031276564056
f 1393 1395 1397
f 1393 1397 1396
f 1393 1396 1398
f 1393 1398 1395
f 1394 1397 1395
f 1394 1396 1397
f 1394 1398 1396
f 1394 1395 1398
v 0.159556297654 0.155761652383 -0.0330894793878
v 0.159556297654 0.152761652383 -0.0330894793878
v 0.161033509283 0.154261652383 -0.0333499516543
v 0.158079086024 0.154261652383 -0.0328290071213
v 0.159295825387 0.154261652383 -0.0345666910174
v 0.15981676992 0.154261652383 -0.0316122677583
f 1399 1401 1403
f 1399 1403 1402
f 1399 1402 1404
f 1399 1404 1401
f 1400 1403 1401
f 1400 1402 1403
f 1400 1404 1402
f 1400 1401 1404
v 0.159493026207 0.155761652383 -0.0334149827628
v 0.159493026207 0.152761652383 -0.0334149827628
v 0.160960247608 0.154261652383 -0.033726850299
v 0.158025804806 0.154261652383 -0.0331031152265
v 0.159181158671 0.154261652383 -0.0348822041639
v 0.159804893743 0.154261652383 -0.0319477613617
f 1405 1407 1409
f 1405 1409 1408
f 1405 1408 1410
f 1405 1410 1407
f 1406 1409 1407
f 1406 1408 1409
f 1406 1410 1408
f 1406 1407 1410
v 0.1594184334 0.155761652383 -0.0337380797082
v 0.1594184334 0.152761652383 -0.0337380797082
v 0.160873876989 0.154261652383 -0.0341009625516
v 0.15796298981 0.154261652383 -0.0333751968648
v 0.159055550556 0.154261652383 -0.0351935232976
v 0.159781316243 0.154261652383 -0.0322826361188
f 1411 1413 1415
f 1411 1415 1414
f 1411 1414 1416
f 1411 1416 1413
f 1412 1415 1413
f 1412 1414 1415
f 1412 1416 1414
f 1412 1413 1416
v 0.159332610111 0.155761652383 -0.0340583765803
v 0.159332610111 0.152761652383 -0.0340583765803
v 0.160774502655 0.154261652383 -0.034471832614
v 0.157890717568 0.154261652383 -0.0336449205465
v 0.158919154078 0.154261652383 -0.0355002691242
v 0.159746066145 0.154261652383 -0.0326164840364
f 1417 1419 1421
f 1417 1421 1420
f 1417 1420 1422
f 1417 1422 1419
f 1418 1421 1419
f 1418 1420 1421
f 1418 1422 1420
f 1418 1419 1422
v 0.159235660905 0.155761652383 -0.0343754831466
v 0.159235660905 0.152761652383 -0.0343754831466
v 0.160662245679 0.154261652383 -0.0348390086381
v 0.15780907613 0.154261652383 -0.033911957655
v 0.158772135413 0.154261652383 -0.035802067921
v 0.159699186396 0.154261652383 -0.0329488983721
f 1423 1425 1427
f 1423 1427 1426
f 1423 1426 1428
f 1423 1428 1425
f 1424 1427 1425
f 1424 1426 1427
f 1424 1428 1426
f 1424 1425 1428
v 0.159127703897 0.155761652383 -0.0346890130616
v 0.159127703897 0.152761652383 -0.0346890130616
v 0.160537242829 0.154261652383 -0.0352020432766
v 0.157718164966 0.154261652383 -0.0341759828466
v 0.158614673682 0.154261652383 -0.0360985519928
v 0.159640734112 0.154261652383 -0.0332794741304
f 1429 1431 1433
f 1429 1433 1432
f 1429 1432 1434
f 1429 1434 1431
f 1430 1433 1431
f 1430 1432 1433
f 1430 1434 1432
f 1430 1431 1434
v 0.159008870618 0.155761652383 -0.0349985843375
v 0.159008870618 0.152761652383 -0.0349985843375
v 0.1603996464 0.154261652383 -0.0355604942276
v 0.157618094837 0.154261652383 -0.0344366744473
v 0.158446960728 0.154261652383 -0.0363893601193
v 0.159570780509 0.154261652383 -0.0336078085556
f 1435 1437 1439
f 1435 1439 1438
f 1435 1438 1440
f 1435 1440 1437
f 1436 1439 1437
f 1436 1438 1439
f 1436 1440 1438
f 1436 1437 1440
v 0.158879305848 0.155761652383 -0.0353038198092
v 0.158879305848 0.152761652383 -0.0353038198092
v 0.160249624034 0.154261652383 -0.0359139247738
v 0.157508987661 0.154261652383 -0.0346937148446
v 0.158269200883 0.154261652383 -0.0366741379957
v 0.159489410812 0.154261652383 -0.0339335016228
f 1441 1443 1445
f 1441 1445 1444
f 1441 1444 1446
f 1441 1446 1443
f 1442 1445 1443
f 1442 1444 1445
f 1442 1446 1444
f 1442 1443 1446
v 0.15873916744 0.155761652383 -0.0356043475945
v 0.15873916744 0.152761652383 -0.0356043475945
v 0.160087358509 0.154261652383 -0.0362619043147
v 0.15739097637 0.154261652383 -0.0349467908743
v 0.15808161072 0.154261652383 -0.0369525386639
v 0.15939672416 0.154261652383 -0.034256156525
f 1447 1449 1451
f 1447 1451 1450
f 1447 1450 1452
f 1447 1452 1449
f 1448 1451 1449
f 1448 1450 1451
f 1448 1452 1450
f 1448 1449 1452
v 0.158588626132 0.155761652383 -0.0358998015465
v 0.158588626132 0.152761652383 -0.0358998015465
v 0.159913047521 0.154261652383 -0.0366040088906
v 0.157264204743 0.154261652383 -0.0351955942023
v 0.157884418788 0.154261652383 -0.0372242229358
v 0.159292833476 0.154261652383 -0.0345753801572
f 1453 1455 1457
f 1453 1457 1456
f 1453 1456 1458
f 1453 1458 1455
f 1454 1457 1455
f 1454 1456 1457
f 1454 1458 1456
f 1454 1455 1458
v 0.158427865336 0.155761652383 -0.0361898217
v 0.158427865336 0.152761652383 -0.0361898217
v 0.159726903442 0.154261652383 -0.0369398217
v 0.15712882723 0.154261652383 -0.0354398217
v 0.157677865336 0.154261652383 -0.0374888598057
v 0.159177865336 0.154261652383 -0.0348907835943
f 1459 1461 1463
f 1459 1463 1462
f 1459 1462 1464
f 1459 1464 1461
f 1460 1463 1461
f 1460 1462 1463
f 1460 1464 1462
f 1460 1461 1464
v 0.158257080913 0.155761652383 -0.0364740547102
v 0.158257080913 0.152761652383 -0.0364740547102
v 0.159529153058 0.154261652383 -0.0372689336066
v 0.156985008769 0.154261652383 -0.0356791758139
v 0.157462202017 0.154261652383 -0.0377461268545
v 0.15905195981 0.154261652383 -0.035201982566
f 1465 1467 1469
f 1465 1469 1468
f 1465 1468 1470
f 1465 1470 1467
f 1466 1469 1467
f 1466 1468 1469
f 1466 1470 1468
f 1466 1467 1470
v 0.158076480939 0.155761652383 -0.036752154283
v 0.158076480939 0.152761652383 -0.036752154283
v 0.159320037298 0.154261652383 -0.0375909436382
v 0.15683292458 0.154261652383 -0.0359133649278
v 0.157237691584 0.154261652383 -0.0379957106418
v 0.158915270294 0.154261652383 -0.0355085979241
f 1471 1473 1475
f 1471 1475 1474
f 1471 1474 1476
f 1471 1476 1473
f 1472 1475 1473
f 1472 1474 1475
f 1472 1476 1474
f 1472 1473 1476
v 0.157886285447 0.155761652383 -0.0370237815968
v 0.157886285447 0.152761652383 -0.0370237815968
v 0.159099810938 0.154261652383 -0.0379054594752
v 0.156672759955 0.154261652383 -0.0361421037183
v 0.157004607568 0.154261652383 -0.0382373070883
v 0.158767963325 0.154261652383 -0.0358102561052
f 1477 1479 1481
f 1477 1481 1480
f 1477 1480 1482
f 1477 1482 1479
f 1478 1481 1479
f 1478 1480 1481
f 1478 1482 1480
f 1478 1479 1482
v 0.157686726159 0.155761652383 -0.0372886057156
v 0.157686726159 0.152761652383 -0.0372886057156
v 0.15886874229 0.154261652383 -0.0382120979286
v 0.156504710029 0.154261652383 -0.0363651135026
v 0.156763233946 0.154261652383 -0.038470621846
v 0.158610218372 0.154261652383 -0.0361065895852
f 1483 1485 1487
f 1483 1487 1486
f 1483 1486 1488
f 1483 1488 1485
f 1484 1487 1485
f 1484 1486 1487
f 1484 1488 1486
f 1484 1485 1488
v 0.15747804621 0.155761652383 -0.037546303992
v 0.15747804621 0.152761652383 -0.037546303992
v 0.158627112874 0.154261652383 -0.0385104854066
v 0.156328979545 0.154261652383 -0.0365821225775
v 0.156513864795 0.154261652383 -0.0386953706567
v 0.158442227624 0.154261652383 -0.0363972373273
f 1489 1491 1493
f 1489 1493 1492
f 1489 1492 1494
f 1489 1494 1491
f 1490 1493 1491
f 1490 1492 1493
f 1490 1494 1492
f 1490 1491 1494
v 0.157260499842 0.155761652383 -0.0377965624604
v 0.157260499842 0.152761652383 -0.0377965624604
v 0.15837521708 0.154261652383 -0.0388002583699
v 0.156145782604 0.154261652383 -0.0367928665509
v 0.156256803932 0.154261652383 -0.0389112796986
v 0.158264195752 0.154261652383 -0.0366818452222
f 1495 1497 1499
f 1495 1499 1498
f 1495 1498 1500
f 1495 1500 1497
f 1496 1499 1497
f 1496 1498 1499
f 1496 1500 1498
f 1496 1497 1500
v 0.157034352103 0.155761652383 -0.0380390762194
v 0.157034352103 0.152761652383 -0.0380390762194
v 0.158113361804 0.154261652383 -0.039081063775
v 0.155955342403 0.154261652383 -0.0369970886637
v 0.155992364548 0.154261652383 -0.0391180859199
v 0.158076339659 0.154261652383 -0.0369600665189
f 1501 1503 1505
f 1501 1505 1504
f 1501 1504 1506
f 1501 1506 1503
f 1502 1505 1503
f 1502 1504 1505
f 1502 1506 1504
f 1502 1503 1506
v 0.156799878519 0.155761652383 -0.0382735498032
v 0.156799878519 0.152761652383 -0.0382735498032
v 0.157841866075 0.154261652383 -0.0393525595037
v 0.155757890964 0.154261652383 -0.0371945401027
v 0.155720868819 0.154261652383 -0.0393155373589
v 0.15787888822 0.154261652383 -0.0372315622475
f 1507 1509 1511
f 1507 1511 1510
f 1507 1510 1512
f 1507 1512 1509
f 1508 1511 1509
f 1508 1510 1511
f 1508 1512 1510
f 1508 1509 1512
v 0.15655736476 0.155761652383 -0.038499697542
v 0.15655736476 0.152761652383 -0.038499697542
v 0.15756106067 0.154261652383 -0.0396144147803
v 0.155553668851 0.154261652383 -0.0373849803038
v 0.155442647522 0.154261652383 -0.0395033934516
v 0.157672081999 0.154261652383 -0.0374960016325
f 1513 1515 1517
f 1513 1517 1516
f 1513 1516 1518
f 1513 1518 1515
f 1514 1517 1515
f 1514 1516 1517
f 1514 1518 1516
f 1514 1515 1518
v 0.156307106292 0.155761652383 -0.0387172439096
v 0.156307106292 0.152761652383 -0.0387172439096
v 0.157271287707 0.154261652383 -0.0398663105743
v 0.155342924877 0.154261652383 -0.037568177245
v 0.155158039627 0.154261652383 -0.0396814253242
v 0.157456172957 0.154261652383 -0.0377530624951
f 1519 1521 1523
f 1519 1523 1522
f 1519 1522 1524
f 1519 1524 1521
f 1520 1523 1521
f 1520 1522 1523
f 1520 1524 1522
f 1520 1521 1524
v 0.156049408016 0.155761652383 -0.0389259238593
v 0.156049408016 0.152761652383 -0.0389259238593
v 0.156972900229 0.154261652383 -0.0401079399897
v 0.155125915803 0.154261652383 -0.0377439077289
v 0.154867391885 0.154261652383 -0.0398494160723
v 0.157231424146 0.154261652383 -0.0380024316463
f 1525 1527 1529
f 1525 1529 1528
f 1525 1528 1530
f 1525 1530 1527
f 1526 1529 1527
f 1526 1528 1529
f 1526 1530 1528
f 1526 1527 1530
v 0.155784583897 0.155761652383 -0.0391254831466
v 0.155784583897 0.152761652383 -0.0391254831466
v 0.156666261775 0.154261652383 -0.0403390086381
v 0.154902906018 0.154261652383 -0.037911957655
v 0.154571058405 0.154261652383 -0.040007161025
v 0.156998109388 0.154261652383 -0.0382438052681
f 1531 1533 1535
f 1531 1535 1534
f 1531 1534 1536
f 1531 1536 1533
f 1532 1535 1533
f 1532 1534 1535
f 1532 1536 1534
f 1532 1533 1536
v 0.155512956583 0.155761652383 -0.0393156786393
v 0.155512956583 0.152761652383 -0.0393156786393
v 0.156351745938 0.154261652383 -0.0405592349981
v 0.154674167228 0.154261652383 -0.0380721222804
v 0.154269400224 0.154261652383 -0.0401544679945
v 0.156756512942 0.154261652383 -0.0384768892841
f 1537 1539 1541
f 1537 1541 1540
f 1537 1540 1542
f 1537 1542 1539
f 1538 1541 1539
f 1538 1540 1541
f 1538 1542 1540
f 1538 1539 1542
v 0.15523485701 0.155761652383 -0.0394962786135
v 0.15523485701 0.152761652383 -0.0394962786135
v 0.156029735907 0.154261652383 -0.0407683507577
v 0.154439978114 0.154261652383 -0.0382242064693
v 0.153962784866 0.154261652383 -0.0402911575098
v 0.156506929154 0.154261652383 -0.0387013997171
f 1543 1545 1547
f 1543 1547 1546
f 1543 1546 1548
f 1543 1548 1545
f 1544 1547 1545
f 1544 1546 1547
f 1544 1548 1546
f 1544 1545 1548
v 0.154950624 0.155761652383 -0.039667063036
v 0.154950624 0.152761652383 -0.039667063036
v 0.155700624 0.154261652383 -0.0409661011416
v 0.154200624 0.154261652383 -0.0383680249303
v 0.153651585894 0.154261652383 -0.040417063036
v 0.156249662106 0.154261652383 -0.038917063036
f 1549 1551 1553
f 1549 1553 1552
f 1549 1552 1554
f 1549 1554 1551
f 1550 1553 1551
f 1550 1552 1553
f 1550 1554 1552
f 1550 1551 1554
v 0.154660603846 0.155761652383 -0.0398278238322
v 0.154660603846 0.152761652383 -0.0398278238322
v 0.155364811191 0.154261652383 -0.0411522452214
v 0.153956396502 0.154261652383 -0.0385034024429
v 0.153336182457 0.154261652383 -0.0405320311763
v 0.155985025236 0.154261652383 -0.039123616488
f 1555 1557 1559
f 1555 1559 1558
f 1555 1558 1560
f 1555 1560 1557
f 1556 1559 1557
f 1556 1558 1559
f 1556 1560 1558
f 1556 1557 1560
v 0.154365149894 0.155761652383 -0.0399783651398
v 0.154365149894 0.152761652383 -0.0399783651398
v 0.155022706615 0.154261652383 -0.0413265562093
v 0.153707593174 0.154261652383 -0.0386301740704
v 0.153016958825 0.154261652383 -0.04063592186
v 0.155713340964 0.154261652383 -0.0393208084197
f 1561 1563 1565
f 1561 1565 1564
f 1561 1564 1566
f 1561 1566 1563
f 1562 1565 1563
f 1562 1564 1565
f 1562 1566 1564
f 1562 1563 1566
v 0.154064622109 0.155761652383 -0.0401185035476
v 0.154064622109 0.152761652383 -0.0401185035476
v 0.154674727074 0.154261652383 -0.0414888217341
v 0.153454517145 0.154261652383 -0.0387481853611
v 0.152694303923 0.154261652383 -0.0407286085122
v 0.155434940296 0.154261652383 -0.039508398583
f 1567 1569 1571
f 1567 1571 1570
f 1567 1570 1572
f 1567 1572 1569
f 1568 1571 1569
f 1568 1570 1571
f 1568 1572 1570
f 1568 1569 1572
v 0.153759386637 0.155761652383 -0.0402480683184
v 0.153759386637 0.152761652383 -0.0402480683184
v 0.154321296528 0.154261652383 -0.0416388441002
v 0.153197476747 0.154261652383 -0.0388572925365
v 0.152368610856 0.154261652383 -0.0408099782085
v 0.155150162419 0.154261652383 -0.0396861584283
f 1573 1575 1577
f 1573 1577 1576
f 1573 1576 1578
f 1573 1578 1575
f 1574 1577 1575
f 1574 1576 1577
f 1574 1578 1576
f 1574 1575 1578
v 0.153449815362 0.155761652383 -0.0403669015975
v 0.153449815362 0.152761652383 -0.0403669015975
v 0.153962845577 0.154261652383 -0.0417764405286
v 0.152936785147 0.154261652383 -0.0389573626663
v 0.15204027643 0.154261652383 -0.0408799318125
v 0.154859354293 0.154261652383 -0.0398538713825
f 1579 1581 1583
f 1579 1583 1582
f 1579 1582 1584
f 1579 1584 1581
f 1580 1583 1581
f 1580 1582 1583
f 1580 1584 1582
f 1580 1581 1584
v 0.153136285447 0.155761652383 -0.0404748586048
v 0.153136285447 0.152761652383 -0.0404748586048
v 0.153599810938 0.154261652383 -0.0419014433792
v 0.152672759955 0.154261652383 -0.0390482738304
v 0.151709700672 0.154261652383 -0.0409383840964
v 0.154562870221 0.154261652383 -0.0400113331132
f 1585 1587 1589
f 1585 1589 1588
f 1585 1588 1590
f 1585 1590 1587
f 1586 1589 1587
f 1586 1588 1589
f 1586 1590 1588
f 1586 1587 1590
v 0.15281917888 0.155761652383 -0.0405718078114
v 0.15281917888 0.152761652383 -0.0405718078114
v 0.153232634914 0.154261652383 -0.0420137003553
v 0.152405722847 0.154261652383 -0.0391299152675
v 0.151377286336 0.154261652383 -0.0409852638451
v 0.154261071424 0.154261652383 -0.0401583517777
f 1591 1593 1595
f 1591 1595 1594
f 1591 1594 1596
f 1591 1596 1593
f 1592 1595 1593
f 1592 1594 1595
f 1592 1596 1594
f 1592 1593 1596
v 0.152498882008 0.155761652383 -0.0406576310996
v 0.152498882008 0.152761652383 -0.0406576310996
v 0.152861764852 0.154261652383 -0.042113074689
v 0.152135999165 0.154261652383 -0.0392021875102
v 0.151043438419 0.154261652383 -0.041020513943
v 0.153954325598 0.154261652383 -0.0402947482562
f 1597 1599 1601
f 1597 1601 1600
f 1597 1600 1602
f 1597 1602 1599
f 1598 1601 1599
f 1598 1600 1601
f 1598 1602 1600
f 1598 1599 1602
v 0.152175785063 0.155761652383 -0.040732223907
v 0.152175785063 0.152761652383 -0.040732223907
v 0.152487652599 0.154261652383 -0.0421994453081
v 0.151863917527 0.154261652383 -0.0392650025059
v 0.150708563662 0.154261652383 -0.0410440914432
v 0.153643006464 0.154261652383 -0.0404203563707
f 1603 1605 1607
f 1603 1607 1606
f 1603 1606 1608
f 1603 1608 1605
f 1604 1607 1605
f 1604 1606 1607
f 1604 1608 1606
f 1604 1605 1608
v 0.151850281688 0.155761652383 -0.0407954953536
v 0.151850281688 0.152761652383 -0.0407954953536
v 0.152110753954 0.154261652383 -0.0422727069831
v 0.151589809421 0.154261652383 -0.0393182837241
v 0.150373070058 0.154261652383 -0.0410559676201
v 0.153327493317 0.154261652383 -0.0405350230871
f 1609 1611 1613
f 1609 1613 1612
f 1609 1612 1614
f 1609 1614 1611
f 1610 1613 1611
f 1610 1612 1613
f 1610 1614 1612
f 1610 1611 1614
v 0.151522768459 0.155761652383 -0.040847368353
v 0.151522768459 0.152761652383 -0.040847368353
v 0.151731528111 0.154261652383 -0.0423327704562
v 0.151314008808 0.154261652383 -0.0393619662499
v 0.150037366356 0.154261652383 -0.0410561280045
v 0.153008170562 0.154261652383 -0.0406386087016
f 1615 1617 1619
f 1615 1619 1618
f 1615 1618 1620
f 1615 1620 1617
f 1616 1619 1617
f 1616 1618 1619
f 1616 1620 1618
f 1616 1617 1620
v 0.151193644401 0.155761652383 -0.040887779706
v 0.151193644401 0.152761652383 -0.040887779706
v 0.151350437096 0.154261652383 -0.0423795625491
v 0.151036851706 0.154261652383 -0.0393959968629
v 0.149701861558 0.154261652383 -0.0410445724009
v 0.152685427244 0.154261652383 -0.0407309870111
f 1621 1623 1625
f 1621 1625 1624
f 1621 1624 1626
f 1621 1626 1623
f 1622 1625 1623
f 1622 1624 1625
f 1622 1626 1624
f 1622 1623 1626
v 0.150863310501 0.155761652383 -0.0409166801775
v 0.150863310501 0.152761652383 -0.0409166801775
v 0.150967945211 0.154261652383 -0.0424130262529
v 0.15075867579 0.154261652383 -0.0394203341021
v 0.149366964425 0.154261652383 -0.0410213148881
v 0.152359656576 0.154261652383 -0.0408120454669
f 1627 1629 1631
f 1627 1631 1630
f 1627 1630 1632
f 1627 1632 1629
f 1628 1631 1629
f 1628 1630 1631
f 1628 1632 1630
f 1628 1629 1632
v 0.150532169219 0.155761652383 -0.0409340345567
v 0.150532169219 0.152761652383 -0.0409340345567
v 0.150584518464 0.154261652383 -0.0424331207972
v 0.150479819974 0.154261652383 -0.0394349483162
v 0.149033082978 0.154261652383 -0.0409863838017
v 0.152031255459 0.154261652383 -0.0408816853116
f 1633 1635 1637
f 1633 1637 1636
f 1633 1636 1638
f 1633 1638 1635
f 1634 1637 1635
f 1634 1636 1637
f 1634 1638 1636
f 1634 1635 1638
v 0.150200624 0.155761652383 -0.0411898217
v 0.150200624 0.152761652383 -0.0411898217
v 0.150200624 0.154261652383 -0.0426898217
v 0.150200624 0.154261652383 -0.0396898217
v 0.148700624 0.154261652383 -0.0411898217
v 0.151700624 0.154261652383 -0.0411898217
f 1639 1641 1643
f 1639 1643 1642
f 1639 1642 1644
f 1639 1644 1641
f 1640 1643 1641
f 1640 1642 1643
f 1640 1644 1642
f 1640 1641 1644
v 0.149860353907 0.155761652383 -0.0411838822634
v 0.149860353907 0.152761652383 -0.0411838822634
v 0.149808004662 0.154261652383 -0.042682968504
v 0.149912703152 0.154261652383 -0.0396847960229
v 0.148361267667 0.154261652383 -0.0411315330184
v 0.151359440148 0.154261652383 -0.0412362315085
f 1645 1647 1649
f 1645 1649 1648
f 1645 1648 1650
f 1645 1650 1647
f 1646 1649 1647
f 1646 1648 1649
f 1646 1650 1648
f 1646 1647 1650
v 0.149520498381 0.155761652383 -0.04116607119
v 0.149520498381 0.152761652383 -0.04116607119
v 0.14941586367 0.154261652383 -0.0426624172654
v 0.149625133092 0.154261652383 -0.0396697251146
v 0.148024152306 0.154261652383 -0.0410614364794
v 0.151016844456 0.154261652383 -0.0412707059006
f 1651 1653 1655
f 1651 1655 1654
f 1651 1654 1656
f 1651 1656 1653
f 1652 1655 1653
f 1652 1654 1655
f 1652 1656 1654
f 1652 1653 1656
v 0.149181471483 0.155761652383 -0.0411364101798
v 0.149181471483 0.152761652383 -0.0411364101798
v 0.149024678788 0.154261652383 -0.0426281930229
v 0.149338264178 0.154261652383 -0.0396446273368
v 0.14768968864 0.154261652383 -0.0409796174849
v 0.150673254326 0.154261652383 -0.0412932028747
f 1657 1659 1661
f 1657 1661 1660
f 1657 1660 1662
f 1657 1662 1659
f 1658 1661 1659
f 1658 1660 1661
f 1658 1662 1660
f 1658 1659 1662
v 0.148843686266 0.155761652383 -0.0410949353702
v 0.148843686266 0.152761652383 -0.0410949353702
v 0.148634926614 0.154261652383 -0.0425803374733
v 0.149052445917 0.154261652383 -0.0396095332671
v 0.147358284163 0.154261652383 -0.0408861757188
v 0.150329088369 0.154261652383 -0.0413036950217
f 1663 1665 1667
f 1663 1667 1666
f 1663 1666 1668
f 1663 1668 1665
f 1664 1667 1665
f 1664 1666 1667
f 1664 1668 1666
f 1664 1665 1668
v 0.148507554268 0.155761652383 -0.0410416972919
v 0.148507554268 0.152761652383 -0.0410416972919
v 0.148247082001 0.154261652383 -0.0425189089214
v 0.148768026534 0.154261652383 -0.0395644856624
v 0.147030342638 0.154261652383 -0.0407812250254
v 0.149984765897 0.154261652383 -0.0413021695584
f 1669 1671 1673
f 1669 1673 1672
f 1669 1672 1674
f 1669 1674 1671
f 1670 1673 1671
f 1670 1672 1673
f 1670 1674 1672
f 1670 1671 1674
v 0.148173485015 0.155761652383 -0.0409767608072
v 0.148173485015 0.152761652383 -0.0409767608072
v 0.147861617478 0.154261652383 -0.0424439822083
v 0.148485352551 0.154261652383 -0.0395095394061
v 0.146706263613 0.154261652383 -0.0406648932709
v 0.149640706416 0.154261652383 -0.0412886283434
f 1675 1677 1679
f 1675 1679 1678
f 1675 1678 1680
f 1675 1680 1677
f 1676 1679 1677
f 1676 1678 1679
f 1676 1680 1678
f 1676 1677 1680
v 0.147841885518 0.155761652383 -0.0409002050312
v 0.147841885518 0.152761652383 -0.0409002050312
v 0.147479002675 0.154261652383 -0.0423556486206
v 0.148204768361 0.154261652383 -0.0394447614418
v 0.146386441928 0.154261652383 -0.0405373221878
v 0.149297329107 0.154261652383 -0.0412630878746
f 1681 1683 1685
f 1681 1685 1684
f 1681 1684 1686
f 1681 1686 1683
f 1682 1685 1683
f 1682 1684 1685
f 1682 1686 1684
f 1682 1683 1686
v 0.147513159781 0.155761652383 -0.0408121232354
v 0.147513159781 0.152761652383 -0.0408121232354
v 0.147099703747 0.154261652383 -0.0422540157793
v 0.147926615815 0.154261652383 -0.0393702306915
v 0.146071267237 0.154261652383 -0.0403986672017
v 0.148955052325 0.154261652383 -0.0412255792691
f 1687 1689 1691
f 1687 1691 1690
f 1687 1690 1692
f 1687 1692 1689
f 1688 1691 1689
f 1688 1690 1691
f 1688 1692 1690
f 1688 1689 1692
v 0.147187708305 0.155761652383 -0.0407126227339
v 0.147187708305 0.152761652383 -0.0407126227339
v 0.146724182813 0.154261652383 -0.0421392075083
v 0.147651233796 0.154261652383 -0.0392860379594
v 0.14576112353 0.154261652383 -0.0402490972423
v 0.148614293079 0.154261652383 -0.0411761482254
f 1693 1695 1697
f 1693 1697 1696
f 1693 1696 1698
f 1693 1698 1695
f 1694 1697 1695
f 1694 1696 1697
f 1694 1698 1696
f 1694 1695 1698
v 0.146865927603 0.155761652383 -0.0406018247527
v 0.146865927603 0.152761652383 -0.0406018247527
v 0.146352897388 0.154261652383 -0.0420113636838
v 0.147378957818 0.154261652383 -0.0391922858215
v 0.145456388671 0.154261652383 -0.0400887945377
v 0.148275466534 0.154261652383 -0.0411148549677
f 1699 1701 1703
f 1699 1703 1702
f 1699 1702 1704
f 1699 1704 1701
f 1700 1703 1701
f 1700 1702 1703
f 1700 1704 1702
f 1700 1701 1704
v 0.146548209714 0.155761652383 -0.040479864282
v 0.146548209714 0.152761652383 -0.040479864282
v 0.145986299824 0.154261652383 -0.0418706400639
v 0.147110119604 0.154261652383 -0.0390890885002
v 0.145157433932 0.154261652383 -0.0399179543919
v 0.147938985496 0.154261652383 -0.0410417741722
f 1705 1707 1709
f 1705 1709 1708
f 1705 1708 1710
f 1705 1710 1707
f 1706 1709 1707
f 1706 1708 1709
f 1706 1710 1708
f 1706 1707 1710
v 0.14623494173 0.155761652383 -0.040346889912
v 0.14623494173 0.152761652383 -0.040346889912
v 0.145624836765 0.154261652383 -0.0417172080985
v 0.146845046695 0.154261652383 -0.0389765717256
v 0.144864623544 0.154261652383 -0.0397367849474
v 0.147605259916 0.154261652383 -0.0409569948766
f 1711 1713 1715
f 1711 1715 1714
f 1711 1714 1716
f 1711 1716 1713
f 1712 1715 1713
f 1712 1714 1715
f 1712 1716 1714
f 1712 1713 1716
v 0.145926505319 0.155761652383 -0.0402030636514
v 0.145926505319 0.152761652383 -0.0402030636514
v 0.145268948599 0.154261652383 -0.0415512547209
v 0.146584062039 0.154261652383 -0.038854872582
v 0.144578314249 0.154261652383 -0.0395455069312
v 0.147274696388 0.154261652383 -0.0408606203716
f 1717 1719 1721
f 1717 1721 1720
f 1717 1720 1722
f 1717 1722 1719
f 1718 1721 1719
f 1718 1720 1721
f 1718 1722 1720
f 1718 1719 1722
v 0.145623276263 0.155761652383 -0.0400485607304
v 0.145623276263 0.152761652383 -0.0400485607304
v 0.144919068919 0.154261652383 -0.0413729821197
v 0.146327483607 0.154261652383 -0.0387241393411
v 0.144298854874 0.154261652383 -0.0393443533862
v 0.146947697652 0.154261652383 -0.0407527680746
f 1723 1725 1727
f 1723 1727 1726
f 1723 1726 1728
f 1723 1728 1725
f 1724 1727 1725
f 1724 1726 1727
f 1724 1728 1726
f 1724 1725 1728
v 0.145325624 0.155761652383 -0.0398835693869
v 0.145325624 0.152761652383 -0.0398835693869
v 0.144575624 0.154261652383 -0.0411826074926
v 0.146075624 0.154261652383 -0.0385845312812
v 0.144026585894 0.154261652383 -0.0391335693869
v 0.146624662106 0.154261652383 -0.0406335693869
f 1729 1731 1733
f 1729 1733 1732
f 1729 1732 1734
f 1729 1734 1731
f 1730 1733 1731
f 1730 1732 1733
f 1730 1734 1732
f 1730 1731 1734
v 0.145033911174 0.155761652383 -0.0397082906375
v 0.145033911174 0.152761652383 -0.0397082906375
v 0.144239032277 0.154261652383 -0.0409803627818
v 0.14582879007 0.154261652383 -0.0384362184933
v 0.143761839029 0.154261652383 -0.0389134117412
v 0.146305983318 0.154261652383 -0.0405031695339
f 1735 1737 1739
f 1735 1739 1738
f 1735 1738 1740
f 1735 1740 1737
f 1736 1739 1737
f 1736 1738 1739
f 1736 1740 1738
f 1736 1737 1740
v 0.144748493191 0.155761652383 -0.0395229380324
v 0.144748493191 0.152761652383 -0.0395229380324
v 0.143909703836 0.154261652383 -0.0407664943912
v 0.145587282546 0.154261652383 -0.0382793816736
v 0.143504936832 0.154261652383 -0.0386841486772
v 0.14599204955 0.154261652383 -0.0403617273876
f 1741 1743 1745
f 1741 1745 1744
f 1741 1744 1746
f 1741 1746 1743
f 1742 1745 1743
f 1742 1744 1745
f 1742 1746 1744
f 1742 1743 1746
v 0.14446971779 0.155761652383 -0.0393277373952
v 0.14446971779 0.152761652383 -0.0393277373952
v 0.143588039912 0.154261652383 -0.0405412628867
v 0.145351395669 0.154261652383 -0.0381142119036
v 0.143256192299 0.154261652383 -0.0384460595167
v 0.145683243282 0.154261652383 -0.0402094152736
f 1747 1749 1751
f 1747 1751 1750
f 1747 1750 1752
f 1747 1752 1749
f 1748 1751 1749
f 1748 1750 1751
f 1748 1752 1750
f 1748 1749 1752
v 0.144197924616 0.155761652383 -0.0391229265477
v 0.144197924616 0.152761652383 -0.0391229265477
v 0.143274432403 0.154261652383 -0.0403049426781
v 0.145121416829 0.154261652383 -0.0379409104173
v 0.143015908485 0.154261652383 -0.0381994343347
v 0.145379940746 0.154261652383 -0.0400464187607
f 1753 1755 1757
f 1753 1757 1756
f 1753 1756 1758
f 1753 1758 1755
f 1754 1757 1755
f 1754 1756 1757
f 1754 1758 1756
f 1754 1755 1758
v 0.143933444806 0.155761652383 -0.0389087550204
v 0.143933444806 0.152761652383 -0.0389087550204
v 0.142969263391 0.154261652383 -0.0400578216851
v 0.14489762622 0.154261652383 -0.0377596883557
v 0.142784378141 0.154261652383 -0.0379445736059
v 0.14508251147 0.154261652383 -0.0398729364349
f 1759 1761 1763
f 1759 1763 1762
f 1759 1762 1764
f 1759 1764 1761
f 1760 1763 1761
f 1760 1762 1763
f 1760 1764 1762
f 1760 1761 1764
v 0.143676600588 0.155761652383 -0.0386854837484
v 0.143676600588 0.152761652383 -0.0386854837484
v 0.142672904678 0.154261652383 -0.0398002009866
v 0.144680296498 0.154261652383 -0.0375707665102
v 0.14256188335 0.154261652383 -0.0376817878389
v 0.144791317826 0.154261652383 -0.0396891796579
f 1765 1767 1769
f 1765 1769 1768
f 1765 1768 1770
f 1765 1770 1767
f 1766 1769 1767
f 1766 1768 1769
f 1766 1770 1768
f 1766 1767 1770
v 0.143427704888 0.155761652383 -0.0384533847533
v 0.143427704888 0.152761652383 -0.0384533847533
v 0.142385717332 0.154261652383 -0.0395323944538
v 0.144469692444 0.154261652383 -0.0373743750528
v 0.142348695188 0.154261652383 -0.0374113971976
v 0.144506714589 0.154261652383 -0.039495372309
f 1771 1773 1775
f 1771 1775 1774
f 1771 1774 1776
f 1771 1776 1773
f 1772 1775 1773
f 1772 1774 1775
f 1772 1776 1774
f 1772 1773 1776
v 0.143187060947 0.155761652383 -0.038212740812
v 0.143187060947 0.152761652383 -0.038212740812
v 0.142108051246 0.154261652383 -0.0392547283677
v 0.144266070647 0.154261652383 -0.0371707532563
v 0.142145073391 0.154261652383 -0.0371337311115
v 0.144229048502 0.154261652383 -0.0392917505125
f 1777 1779 1781
f 1777 1781 1780
f 1777 1780 1782
f 1777 1782 1779
f 1778 1781 1779
f 1778 1780 1781
f 1778 1782 1780
f 1778 1779 1782
v 0.142954961952 0.155761652383 -0.037963845112
v 0.142954961952 0.152761652383 -0.037963845112
v 0.141840244713 0.154261652383 -0.0389675410215
v 0.14406967919 0.154261652383 -0.0369601492025
v 0.141951266042 0.154261652383 -0.0368491278738
v 0.143958657861 0.154261652383 -0.0390785623502
f 1783 1785 1787
f 1783 1787 1786
f 1783 1786 1788
f 1783 1788 1785
f 1784 1787 1785
f 1784 1786 1787
f 1784 1788 1786
f 1784 1785 1788
v 0.14273169068 0.155761652383 -0.0377070008944
v 0.14273169068 0.152761652383 -0.0377070008944
v 0.141582624015 0.154261652383 -0.038671182309
v 0.143880757344 0.154261652383 -0.0367428194799
v 0.141767509265 0.154261652383 -0.0365579342298
v 0.143695872094 0.154261652383 -0.0388560675591
f 1789 1791 1793
f 1789 1793 1792
f 1789 1792 1794
f 1789 1794 1791
f 1790 1793 1791
f 1790 1792 1793
f 1790 1794 1792
f 1790 1791 1794
v 0.142517519152 0.155761652383 -0.0374425210844
v 0.142517519152 0.152761652383 -0.0374425210844
v 0.141335503022 0.154261652383 -0.0383660132974
v 0.143699535283 0.154261652383 -0.0365190288714
v 0.141594026939 0.154261652383 -0.036260504954
v 0.143441011365 0.154261652383 -0.0386245372148
f 1795 1797 1799
f 1795 1799 1798
f 1795 1798 1800
f 1795 1800 1797
f 1796 1799 1797
f 1796 1798 1799
f 1796 1800 1798
f 1796 1797 1800
v 0.142312708305 0.155761652383 -0.0371707279099
v 0.142312708305 0.152761652383 -0.0371707279099
v 0.141099182813 0.154261652383 -0.0380524057883
v 0.143526233796 0.154261652383 -0.0362890500314
v 0.141431030426 0.154261652383 -0.0359572024183
v 0.143194386183 0.154261652383 -0.0383842534014
f 1801 1803 1805
f 1801 1805 1804
f 1801 1804 1806
f 1801 1806 1803
f 1802 1805 1803
f 1802 1804 1805
f 1802 1806 1804
f 1802 1803 1806
v 0.142117507668 0.155761652383 -0.0368919525088
v 0.142117507668 0.152761652383 -0.0368919525088
v 0.140873951309 0.154261652383 -0.037730741864
v 0.143361064026 0.154261652383 -0.0360531631536
v 0.141278718312 0.154261652383 -0.03564839615
v 0.142956297023 0.154261652383 -0.0381355088677
f 1807 1809 1811
f 1807 1811 1810
f 1807 1810 1812
f 1807 1812 1809
f 1808 1811 1809
f 1808 1810 1811
f 1808 1812 1810
f 1808 1809 1812
v 0.141932155062 0.155761652383 -0.0366065345263
v 0.141932155062 0.152761652383 -0.0366065345263
v 0.140660082918 0.154261652383 -0.0374014134226
v 0.143204227207 0.154261652383 -0.0358116556299
v 0.141137276166 0.154261652383 -0.035334462382
v 0.142727033959 0.154261652383 -0.0378786066705
f 1813 1815 1817
f 1813 1817 1816
f 1813 1816 1818
f 1813 1818 1815
f 1814 1817 1815
f 1814 1816 1817
f 1814 1818 1816
f 1814 1815 1818
v 0.141756876313 0.155761652383 -0.0363148217
v 0.141756876313 0.152761652383 -0.0363148217
v 0.140457838207 0.154261652383 -0.0370648217
v 0.143055914419 0.154261652383 -0.0355648217
v 0.141006876313 0.154261652383 -0.0350157835943
v 0.142506876313 0.154261652383 -0.0376138598057
f 1819 1821 1823
f 1819 1823 1822
f 1819 1822 1824
f 1819 1824 1821
f 1820 1823 1821
f 1820 1822 1823
f 1820 1824 1822
f 1820 1821 1824
v 0.14159188497 0.155761652383 -0.0360171694372
v 0.14159188497 0.152761652383 -0.0360171694372
v 0.14026746358 0.154261652383 -0.0367213767813
v 0.142916306359 0.154261652383 -0.035312962093
v 0.140887677625 0.154261652383 -0.0346927480479
v 0.142296092314 0.154261652383 -0.0373415908265
f 1825 1827 1829
f 1825 1829 1828
f 1825 1828 1830
f 1825 1830 1827
f 1826 1829 1827
f 1826 1828 1829
f 1826 1830 1828
f 1826 1827 1830
v 0.141437382049 0.155761652383 -0.0357139403812
v 0.141437382049 0.152761652383 -0.0357139403812
v 0.140089190979 0.154261652383 -0.0363714971014
v 0.142785573118 0.154261652383 -0.035056383661
v 0.140779825328 0.154261652383 -0.0343657493117
v 0.142094938769 0.154261652383 -0.0370621314506
f 1831 1833 1835
f 1831 1835 1834
f 1831 1834 1836
f 1831 1836 1833
f 1832 1835 1833
f 1832 1834 1835
f 1832 1836 1834
f 1832 1833 1836
v 0.141293555788 0.155761652383 -0.03540550397
v 0.141293555788 0.152761652383 -0.03540550397
v 0.139923237602 0.154261652383 -0.0360156089346
v 0.142663873974 0.154261652383 -0.0347953990054
v 0.140683450823 0.154261652383 -0.0340351857835
v 0.141903660753 0.154261652383 -0.0367758221565
f 1837 1839 1841
f 1837 1841 1840
f 1837 1840 1842
f 1837 1842 1839
f 1838 1841 1839
f 1838 1840 1841
f 1838 1842 1840
f 1838 1839 1842
v 0.141160581418 0.155761652383 -0.0350922359858
v 0.141160581418 0.152761652383 -0.0350922359858
v 0.139769805636 0.154261652383 -0.0356541458759
v 0.1425513572 0.154261652383 -0.0345303260957
v 0.140598671528 0.154261652383 -0.033701460204
v 0.141722491308 0.154261652383 -0.0364830117677
f 1843 1845 1847
f 1843 1847 1846
f 1843 1846 1848
f 1843 1848 1845
f 1844 1847 1845
f 1844 1846 1847
f 1844 1848 1846
f 1844 1845 1848
v 0.141038620947 0.155761652383 -0.0347745180974
v 0.141038620947 0.152761652383 -0.0347745180974
v 0.139629082016 0.154261652383 -0.0352875483124
v 0.142448159879 0.154261652383 -0.0342614878824
v 0.140525590732 0.154261652383 -0.0333649791662
v 0.141551651162 0.154261652383 -0.0361840570286
f 1849 1851 1853
f 1849 1853 1852
f 1849 1852 1854
f 1849 1854 1851
f 1850 1853 1851
f 1850 1852 1853
f 1850 1854 1852
f 1850 1851 1854
v 0.140927822966 0.155761652383 -0.0344527373952
v 0.140927822966 0.152761652383 -0.0344527373952
v 0.139501238192 0.154261652383 -0.0349162628867
v 0.142354407741 0.154261652383 -0.0339892119036
v 0.140464297475 0.154261652383 -0.0330261526207
v 0.141391348458 0.154261652383 -0.0358793221696
f 1855 1857 1859
f 1855 1859 1858
f 1855 1858 1860
f 1855 1860 1857
f 1856 1859 1857
f 1856 1858 1859
f 1856 1860 1858
f 1856 1857 1860
v 0.140828322465 0.155761652383 -0.0341272859192
v 0.140828322465 0.152761652383 -0.0341272859192
v 0.139386429921 0.154261652383 -0.0345407419529
v 0.142270215009 0.154261652383 -0.0337138298855
v 0.140414866431 0.154261652383 -0.0326853933753
v 0.141241778498 0.154261652383 -0.0355691784631
f 1861 1863 1865
f 1861 1865 1864
f 1861 1864 1866
f 1861 1866 1863
f 1862 1865 1863
f 1862 1864 1865
f 1862 1866 1864
f 1862 1863 1866
v 0.140740240669 0.155761652383 -0.0337985601821
v 0.140740240669 0.152761652383 -0.0337985601821
v 0.139284797079 0.154261652383 -0.0341614430255
v 0.142195684258 0.154261652383 -0.0334356773387
v 0.140377357825 0.154261652383 -0.0323431165927
v 0.141103123512 0.154261652383 -0.0352540037715
f 1867 1869 1871
f 1867 1871 1870
f 1867 1870 1872
f 1867 1872 1869
f 1868 1871 1869
f 1868 1870 1871
f 1868 1872 1870
f 1868 1869 1872
v 0.140663684893 0.155761652383 -0.0334669606855
v 0.140663684893 0.152761652383 -0.0334669606855
v 0.139196463492 0.154261652383 -0.0337788282217
v 0.142130906294 0.154261652383 -0.0331550931492
v 0.140351817357 0.154261652383 -0.0319997392844
v 0.140975552429 0.154261652383 -0.0349341820866
f 1873 1875 1877
f 1873 1877 1876
f 1873 1876 1878
f 1873 1878 1875
f 1874 1877 1875
f 1874 1876 1877
f 1874 1878 1876
f 1874 1875 1878
v 0.140598748408 0.155761652383 -0.0331328914323
v 0.140598748408 0.152761652383 -0.0331328914323
v 0.139121536779 0.154261652383 -0.0333933636988
v 0.142075960038 0.154261652383 -0.0328724191658
v 0.140338276142 0.154261652383 -0.0316556798027
v 0.140859220675 0.154261652383 -0.0346101030618
f 1879 1881 1883
f 1879 1883 1882
f 1879 1882 1884
f 1879 1884 1881
f 1880 1883 1881
f 1880 1882 1883
f 1880 1884 1882
f 1880 1881 1884
v 0.14054551033 0.155761652383 -0.0327967594344
v 0.14054551033 0.152761652383 -0.0327967594344
v 0.139060108227 0.154261652383 -0.0330055190858
v 0.142030912433 0.154261652383 -0.0325879997829
v 0.140336750678 0.154261652383 -0.0313113573312
v 0.140754269981 0.154261652383 -0.0342821615375
f 1885 1887 1889
f 1885 1889 1888
f 1885 1888 1890
f 1885 1890 1887
f 1886 1889 1887
f 1886 1888 1889
f 1886 1890 1888
f 1886 1887 1890
v 0.14050403552 0.155761652383 -0.0324589742169
v 0.14050403552 0.152761652383 -0.0324589742169
v 0.139012252677 0.154261652383 -0.0326157669118
v 0.141995818363 0.154261652383 -0.032302181522
v 0.140347242825 0.154261652383 -0.0309671913738
v 0.140660828215 0.154261652383 -0.0339507570599
f 1891 1893 1895
f 1891 1895 1894
f 1891 1894 1896
f 1891 1896 1893
f 1892 1895 1893
f 1892 1894 1895
f 1892 1896 1894
f 1892 1893 1896
v 0.14047437451 0.155761652383 -0.032119947319
v 0.14047437451 0.152761652383 -0.032119947319
v 0.138978028435 0.154261652383 -0.0322245820296
v 0.141970720585 0.154261652383 -0.0320153126084
v 0.140369739799 0.154261652383 -0.0306236012436
v 0.140579009221 0.154261652383 -0.0336162933944
f 1897 1899 1901
f 1897 1901 1900
f 1897 1900 1902
f 1897 1902 1899
f 1898 1901 1899
f 1898 1900 1901
f 1898 1902 1900
f 1898 1899 1902
v 0.140456563437 0.155761652383 -0.0317800917928
v 0.140456563437 0.152761652383 -0.0317800917928
v 0.138957477196 0.154261652383 -0.0318324410379
v 0.141955649677 0.154261652383 -0.0317277425478
v 0.140404214192 0.154261652383 -0.0302810055523
v 0.140508912682 0.154261652383 -0.0332791780334
f 1903 1905 1907
f 1903 1907 1906
f 1903 1906 1908
f 1903 1908 1905
f 1904 1907 1905
f 1904 1906 1907
f 1904 1908 1906
f 1904 1905 1908
v 0.140450624 0.155761652383 -0.0314398217
v 0.140450624 0.152761652383 -0.0314398217
v 0.138950624 0.154261652383 -0.0314398217
v 0.141950624 0.154261652383 -0.0314398217
v 0.140450624 0.154261652383 -0.0299398217
v 0.140450624 0.154261652383 -0.0329398217
f 1909 1911 1913
f 1909 1913 1912
f 1909 1912 1914
f 1909 1914 1911
f 1910 1913 1911
f 1910 1912 1913
f 1910 1914 1912
f 1910 1911 1914
v 0.140456563437 0.155761652383 -0.0310995516072
v 0.140456563437 0.152761652383 -0.0310995516072
v 0.138957477196 0.154261652383 -0.0310472023621
v 0.141955649677 0.154261652383 -0.0311519008522
v 0.140508912682 0.154261652383 -0.0296004653666
v 0.140404214192 0.154261652383 -0.0325986378477
f 1915 1917 1919
f 1915 1919 1918
f 1915 1918 1920
f 1915 1920 1917
f 1916 1919 1917
f 1916 1918 1919
f 1916 1920 1918
f 1916 1917 1920
v 0.14047437451 0.155761652383 -0.030759696081
v 0.14047437451 0.152761652383 -0.030759696081
v 0.138978028435 0.154261652383 -0.0306550613704
v 0.141970720585 0.154261652383 -0.0308643307916
v 0.140579009221 0.154261652383 -0.0292633500056
v 0.140369739799 0.154261652383 -0.0322560421564
f 1921 1923 1925
f 1921 1925 1924
f 1921 1924 1926
f 1921 1926 1923
f 1922 1925 1923
f 1922 1924 1925
f 1922 1926 1924
f 1922 1923 1926
v 0.14050403552 0.155761652383 -0.0304206691831
v 0.14050403552 0.152761652383 -0.0304206691831
v 0.139012252677 0.154261652383 -0.0302638764882
v 0.141995818363 0.154261652383 -0.030577461878
v 0.140660828215 0.154261652383 -0.0289288863401
v 0.140347242825 0.154261652383 -0.0319124520262
f 1927 1929 1931
f 1927 1931 1930
f 1927 1930 1932
f 1927 1932 1929
f 1928 1931 1929
f 1928 1930 1931
f 1928 1932 1930
f 1928 1929 1932
v 0.14054551033 0.155761652383 -0.0300828839656
v 0.14054551033 0.152761652383 -0.0300828839656
v 0.139060108227 0.154261652383 -0.0298741243142
v 0.142030912433 0.154261652383 -0.0302916436171
v 0.140754269981 0.154261652383 -0.0285974818625
v 0.140336750678 0.154261652383 -0.0315682860688
f 1933 1935 1937
f 1933 1937 1936
f 1933 1936 1938
f 1933 1938 1935
f 1934 1937 1935
f 1934 1936 1937
f 1934 1938 1936
f 1934 1935 1938
v 0.140598748408 0.155761652383 -0.0297467519677
v 0.140598748408 0.152761652383 -0.0297467519677
v 0.139121536779 0.154261652383 -0.0294862797012
v 0.142075960038 0.154261652383 -0.0300072242342
v 0.140859220675 0.154261652383 -0.0282695403382
v 0.140338276142 0.154261652383 -0.0312239635973
f 1939 1941 1943
f 1939 1943 1942
f 1939 1942 1944
f 1939 1944 1941
f 1940 1943 1941
f 1940 1942 1943
f 1940 1944 1942
f 1940 1941 1944
v 0.140663684893 0.155761652383 -0.0294126827145
v 0.140663684893 0.152761652383 -0.0294126827145
v 0.139196463492 0.154261652383 -0.0291008151783
v 0.142130906294 0.154261652383 -0.0297245502508
v 0.140975552429 0.154261652383 -0.0279454613134
v 0.140351817357 0.154261652383 -0.0308799041156
f 1945 1947 1949
f 1945 1949 1948
f 1945 1948 1950
f 1945 1950 1947
f 1946 1949 1947
f 1946 1948 1949
f 1946 1950 1948
f 1946 1947 1950
v 0.140740240669 0.155761652383 -0.0290810832179
v 0.140740240669 0.152761652383 -0.0290810832179
v 0.139284797079 0.154261652383 -0.0287182003745
v 0.142195684258 0.154261652383 -0.0294439660613
v 0.141103123512 0.154261652383 -0.0276256396285
v 0.140377357825 0.154261652383 -0.0305365268073
f 1951 1953 1955
f 1951 1955 1954
f 1951 1954 1956
f 1951 1956 1953
f 1952 1955 1953
f 1952 1954 1955
f 1952 1956 1954
f 1952 1953 1956
v 0.140828322465 0.155761652383 -0.0287523574808
v 0.140828322465 0.152761652383 -0.0287523574808
v 0.139386429921 0.154261652383 -0.0283389014471
v 0.142270215009 0.154261652383 -0.0291658135145
v 0.141241778498 0.154261652383 -0.0273104649369
v 0.140414866431 0.154261652383 -0.0301942500247
f 1957 1959 1961
f 1957 1961 1960
f 1957 1960 1962
f 1957 1962 1959
f 1958 1961 1959
f 1958 1960 1961
f 1958 1962 1960
f 1958 1959 1962
v 0.140927822966 0.155761652383 -0.0284269060048
v 0.140927822966 0.152761652383 -0.0284269060048
v 0.139501238192 0.154261652383 -0.0279633805133
v 0.142354407741 0.154261652383 -0.0288904314964
v 0.141391348458 0.154261652383 -0.0270003212304
v 0.140464297475 0.154261652383 -0.0298534907793
f 1963 1965 1967
f 1963 1967 1966
f 1963 1966 1968
f 1963 1968 1965
f 1964 1967 1965
f 1964 1966 1967
f 1964 1968 1966
f 1964 1965 1968
v 0.141038620947 0.155761652383 -0.0281051253026
v 0.141038620947 0.152761652383 -0.0281051253026
v 0.139629082016 0.154261652383 -0.0275920950876
v 0.142448159879 0.154261652383 -0.0286181555176
v 0.141551651162 0.154261652383 -0.0266955863714
v 0.140525590732 0.154261652383 -0.0295146642338
f 1969 1971 1973
f 1969 1973 1972
f 1969 1972 1974
f 1969 1974 1971
f 1970 1973 1971
f 1970 1972 1973
f 1970 1974 1972
f 1970 1971 1974
v 0.141160581418 0.155761652383 -0.0277874074142
v 0.141160581418 0.152761652383 -0.0277874074142
v 0.139769805636 0.154261652383 -0.0272254975241
v 0.1425513572 0.154261652383 -0.0283493173043
v 0.141722491308 0.154261652383 -0.0263966316323
v 0.140598671528 0.154261652383 -0.029178183196
f 1975 1977 1979
f 1975 1979 1978
f 1975 1978 1980
f 1975 1980 1977
f 1976 1979 1977
f 1976 1978 1979
f 1976 1980 1978
f 1976 1977 1980
v 0.141293555788 0.155761652383 -0.02747413943
v 0.141293555788 0.152761652383 -0.02747413943
v 0.139923237602 0.154261652383 -0.0268640344654
v 0.142663873974 0.154261652383 -0.0280842443946
v 0.141903660753 0.154261652383 -0.0261038212435
v 0.140683450823 0.154261652383 -0.0288444576165
f 1981 1983 1985
f 1981 1985 1984
f 1981 1984 1986
f 1981 1986 1983
f 1982 1985 1983
f 1982 1984 1985
f 1982 1986 1984
f 1982 1983 1986
v 0.141437382049 0.155761652383 -0.0271657030188
v 0.141437382049 0.152761652383 -0.0271657030188
v 0.140089190979 0.154261652383 -0.0265081462986
v 0.142785573118 0.154261652383 -0.027823259739
v 0.142094938769 0.154261652383 -0.0258175119494
v 0.140779825328 0.154261652383 -0.0285138940883
f 1987 1989 1991
f 1987 1991 1990
f 1987 1990 1992
f 1987 1992 1989
f 1988 1991 1989
f 1988 1990 1991
f 1988 1992 1990
f 1988 1989 1992
v 0.14159188497 0.155761652383 -0.0268624739628
v 0.14159188497 0.152761652383 -0.0268624739628
v 0.14026746358 0.154261652383 -0.0261582666187
v 0.142916306359 0.154261652383 -0.027566681307
v 0.142296092314 0.154261652383 -0.0255380525735
v 0.140887677625 0.154261652383 -0.0281868953521
f 1993 1995 1997
f 1993 1997 1996
f 1993 1996 1998
f 1993 1998 1995
f 1994 1997 1995
f 1994 1996 1997
f 1994 1998 1996
f 1994 1995 1998
v 0.141756876313 0.155761652383 -0.0265648217
v 0.141756876313 0.152761652383 -0.0265648217
v 0.140457838207 0.154261652383 -0.0258148217
v 0.143055914419 0.154261652383 -0.0273148217
v 0.142506876313 0.154261652383 -0.0252657835943
v 0.141006876313 0.154261652383 -0.0278638598057
f 1999 2001 2003
f 1999 2003 2002
f 1999 2002 2004
f 1999 2004 2001
f 2000 2003 2001
f 2000 2002 2003
f 2000 2004 2002
f 2000 2001 2004
v 0.141932155062 0.155761652383 -0.0262731088737
v 0.141932155062 0.152761652383 -0.0262731088737
v 0.140660082918 0.154261652383 -0.0254782299774
v 0.143204227207 0.154261652383 -0.0270679877701
v 0.142727033959 0.154261652383 -0.0250010367295
v 0.141137276166 0.154261652383 -0.027545181018
f 2005 2007 2009
f 2005 2009 2008
f 2005 2008 2010
f 2005 2010 2007
f 2006 2009 2007
f 2006 2008 2009
f 2006 2010 2008
f 2006 2007 2010
v 0.142117507668 0.155761652383 -0.0259876908912
v 0.142117507668 0.152761652383 -0.0259876908912
v 0.140873951309 0.154261652383 -0.025148901536
v 0.143361064026 0.154261652383 -0.0268264802464
v 0.142956297023 0.154261652383 -0.0247441345323
v 0.141278718312 0.154261652383 -0.02723124725
f 2011 2013 2015
f 2011 2015 2014
f 2011 2014 2016
f 2011 2016 2013
f 2012 2015 2013
f 2012 2014 2015
f 2012 2016 2014
f 2012 2013 2016
v 0.142312708305 0.155761652383 -0.0257089154901
v 0.142312708305 0.152761652383 -0.0257089154901
v 0.141099182813 0.154261652383 -0.0248272376117
v 0.143526233796 0.154261652383 -0.0265905933686
v 0.143194386183 0.154261652383 -0.0244953899986
v 0.141431030426 0.154261652383 -0.0269224409817
f 2017 2019 2021
f 2017 2021 2020
f 2017 2020 2022
f 2017 2022 2019
f 2018 2021 2019
f 2018 2020 2021
f 2018 2022 2020
f 2018 2019 2022
v 0.142517519152 0.155761652383 -0.0254371223156
v 0.142517519152 0.152761652383 -0.0254371223156
v 0.141335503022 0.154261652383 -0.0245136301026
v 0.143699535283 0.154261652383 -0.0263606145286
v 0.143441011365 0.154261652383 -0.0242551061852
v 0.141594026939 0.154261652383 -0.026619138446
f 2023 2025 2027
f 2023 2027 2026
f 2023 2026 2028
f 2023 2028 2025
f 2024 2027 2025
f 2024 2026 2027
f 2024 2028 2026
f 2024 2025 2028
v 0.14273169068 0.155761652383 -0.0251726425056
v 0.14273169068 0.152761652383 -0.0251726425056
v 0.141582624015 0.154261652383 -0.024208461091
v 0.143880757344 0.154261652383 -0.0261368239201
v 0.143695872094 0.154261652383 -0.0240235758409
v 0.141767509265 0.154261652383 -0.0263217091702
f 2029 2031 2033
f 2029 2033 2032
f 2029 2032 2034
f 2029 2034 2031
f 2030 2033 2031
f 2030 2032 2033
f 2030 2034 2032
f 2030 2031 2034
v 0.142954961952 0.155761652383 -0.024915798288
v 0.142954961952 0.152761652383 -0.024915798288
v 0.141840244713 0.154261652383 -0.0239121023785
v 0.14406967919 0.154261652383 -0.0259194941975
v 0.143958657861 0.154261652383 -0.0238010810498
v 0.141951266042 0.154261652383 -0.0260305155262
f 2035 2037 2039
f 2035 2039 2038
f 2035 2038 2040
f 2035 2040 2037
f 2036 2039 2037
f 2036 2038 2039
f 2036 2040 2038
f 2036 2037 2040
v 0.143187060947 0.155761652383 -0.024666902588
v 0.143187060947 0.152761652383 -0.024666902588
v 0.142108051246 0.154261652383 -0.0236249150323
v 0.144266070647 0.154261652383 -0.0257088901437
v 0.144229048502 0.154261652383 -0.0235878928875
v 0.142145073391 0.154261652383 -0.0257459122885
f 2041 2043 2045
f 2041 2045 2044
f 2041 2044 2046
f 2041 2046 2043
f 2042 2045 2043
f 2042 2044 2045
f 2042 2046 2044
f 2042 2043 2046
v 0.143427704888 0.155761652383 -0.0244262586467
v 0.143427704888 0.152761652383 -0.0244262586467
v 0.142385717332 0.154261652383 -0.0233472489462
v 0.144469692444 0.154261652383 -0.0255052683472
v 0.144506714589 0.154261652383 -0.023384271091
v 0.142348695188 0.154261652383 -0.0254682462024
f 2047 2049 2051
f 2047 2051 2050
f 2047 2050 2052
f 2047 2052 2049
f 2048 2051 2049
f 2048 2050 2051
f 2048 2052 2050
f 2048 2049 2052
v 0.143676600588 0.155761652383 -0.0241941596516
v 0.143676600588 0.152761652383 -0.0241941596516
v 0.142672904678 0.154261652383 -0.0230794424134
v 0.144680296498 0.154261652383 -0.0253088768898
v 0.144791317826 0.154261652383 -0.0231904637421
v 0.14256188335 0.154261652383 -0.0251978555611
f 2053 2055 2057
f 2053 2057 2056
f 2053 2056 2058
f 2053 2058 2055
f 2054 2057 2055
f 2054 2056 2057
f 2054 2058 2056
f 2054 2055 2058
v 0.143933444806 0.155761652383 -0.0239708883796
v 0.143933444806 0.152761652383 -0.0239708883796
v 0.142969263391 0.154261652383 -0.0228218217149
v 0.14489762622 0.154261652383 -0.0251199550443
v 0.14508251147 0.154261652383 -0.0230067069651
v 0.142784378141 0.154261652383 -0.0249350697941
f 2059 2061 2063
f 2059 2063 2062
f 2059 2062 2064
f 2059 2064 2061
f 2060 2063 2061
f 2060 2062 2063
f 2060 2064 2062
f 2060 2061 2064
v 0.144197924616 0.155761652383 -0.0237567168523
v 0.144197924616 0.152761652383 -0.0237567168523
v 0.143274432403 0.154261652383 -0.0225747007219
v 0.145121416829 0.154261652383 -0.0249387329827
v 0.145379940746 0.154261652383 -0.0228332246393
v 0.143015908485 0.154261652383 -0.0246802090653
f 2065 2067 2069
f 2065 2069 2068
f 2065 2068 2070
f 2065 2070 2067
f 2066 2069 2067
f 2066 2068 2069
f 2066 2070 2068
f 2066 2067 2070
v 0.14446971779 0.155761652383 -0.0235519060048
v 0.14446971779 0.152761652383 -0.0235519060048
v 0.143588039912 0.154261652383 -0.0223383805133
v 0.145351395669 0.154261652383 -0.0247654314964
v 0.145683243282 0.154261652383 -0.0226702281264
v 0.143256192299 0.154261652383 -0.0244335838833
f 2071 2073 2075
f 2071 2075 2074
f 2071 2074 2076
f 2071 2076 2073
f 2072 2075 2073
f 2072 2074 2075
f 2072 2076 2074
f 2072 2073 2076
v 0.144748493191 0.155761652383 -0.0233567053676
v 0.144748493191 0.152761652383 -0.0233567053676
v 0.143909703836 0.154261652383 -0.0221131490088
v 0.145587282546 0.154261652383 -0.0246002617264
v 0.14599204955 0.154261652383 -0.0225179160124
v 0.143504936832 0.154261652383 -0.0241954947228
f 2077 2079 2081
f 2077 2081 2080
f 2077 2080 2082
f 2077 2082 2079
f 2078 2081 2079
f 2078 2080 2081
f 2078 2082 2080
f 2078 2079 2082
v 0.145033911174 0.155761652383 -0.0231713527625
v 0.145033911174 0.152761652383 -0.0231713527625
v 0.144239032277 0.154261652383 -0.0218992806182
v 0.14582879007 0.154261652383 -0.0244434249067
v 0.146305983318 0.154261652383 -0.0223764738661
v 0.143761839029 0.154261652383 -0.0239662316588
f 2083 2085 2087
f 2083 2087 2086
f 2083 2086 2088
f 2083 2088 2085
f 2084 2087 2085
f 2084 2086 2087
f 2084 2088 2086
f 2084 2085 2088
v 0.145325624 0.155761652383 -0.0229960740131
v 0.145325624 0.152761652383 -0.0229960740131
v 0.144575624 0.154261652383 -0.0216970359074
v 0.146075624 0.154261652383 -0.0242951121188
v 0.146624662106 0.154261652383 -0.0222460740131
v 0.144026585894 0.154261652383 -0.0237460740131
f 2089 2091 2093
f 2089 2093 2092
f 2089 2092 2094
f 2089 2094 2091
f 2090 2093 2091
f 2090 2092 2093
f 2090 2094 2092
f 2090 2091 2094
v 0.145623276263 0.155761652383 -0.0228310826696
v 0.145623276263 0.152761652383 -0.0228310826696
v 0.144919068919 0.154261652383 -0.0215066612803
v 0.146327483607 0.154261652383 -0.0241555040589
v 0.146947697652 0.154261652383 -0.0221268753254
v 0.144298854874 0.154261652383 -0.0235352900138
f 2095 2097 2099
f 2095 2099 2098
f 2095 2098 2100
f 2095 2100 2097
f 2096 2099 2097
f 2096 2098 2099
f 2096 2100 2098
f 2096 2097 2100
v 0.145926505319 0.155761652383 -0.0226765797486
v 0.145926505319 0.152761652383 -0.0226765797486
v 0.145268948599 0.154261652383 -0.0213283886791
v 0.146584062039 0.154261652383 -0.024024770818
v 0.147274696388 0.154261652383 -0.0220190230284
v 0.144578314249 0.154261652383 -0.0233341364688
f 2101 2103 2105
f 2101 2105 2104
f 2101 2104 2106
f 2101 2106 2103
f 2102 2105 2103
f 2102 2104 2105
f 2102 2106 2104
f 2102 2103 2106
v 0.14623494173 0.155761652383 -0.022532753488
v 0.14623494173 0.152761652383 -0.022532753488
v 0.145624836765 0.154261652383 -0.0211624353015
v 0.146845046695 0.154261652383 -0.0239030716744
v 0.147605259916 0.154261652383 -0.0219226485234
v 0.144864623544 0.154261652383 -0.0231428584526
f 2107 2109 2111
f 2107 2111 2110
f 2107 2110 2112
f 2107 2112 2109
f 2108 2111 2109
f 2108 2110 2111
f 2108 2112 2110
f 2108 2109 2112
v 0.146548209714 0.155761652383 -0.022399779118
v 0.146548209714 0.152761652383 -0.022399779118
v 0.145986299824 0.154261652383 -0.0210090033361
v 0.147110119604 0.154261652383 -0.0237905548998
v 0.147938985496 0.154261652383 -0.0218378692278
v 0.145157433932 0.154261652383 -0.0229616890081
f 2113 2115 2117
f 2113 2117 2116
f 2113 2116 2118
f 2113 2118 2115
f 2114 2117 2115
f 2114 2116 2117
f 2114 2118 2116
f 2114 2115 2118
v 0.146865927603 0.155761652383 -0.0222778186473
v 0.146865927603 0.152761652383 -0.0222778186473
v 0.146352897388 0.154261652383 -0.0208682797162
v 0.147378957818 0.154261652383 -0.0236873575785
v 0.148275466534 0.154261652383 -0.0217647884323
v 0.145456388671 0.154261652383 -0.0227908488623
f 2119 2121 2123
f 2119 2123 2122
f 2119 2122 2124
f 2119 2124 2121
f 2120 2123 2121
f 2120 2122 2123
f 2120 2124 2122
f 2120 2121 2124
v 0.147187708305 0.155761652383 -0.0221670206661
v 0.147187708305 0.152761652383 -0.0221670206661
v 0.146724182813 0.154261652383 -0.0207404358917
v 0.147651233796 0.154261652383 -0.0235936054406
v 0.148614293079 0.154261652383 -0.0217034951746
v 0.14576112353 0.154261652383 -0.0226305461577
f 2125 2127 2129
f 2125 2129 2128
f 2125 2128 2130
f 2125 2130 2127
f 2126 2129 2127
f 2126 2128 2129
f 2126 2130 2128
f 2126 2127 2130
v 0.147513159781 0.155761652383 -0.0220675201646
v 0.147513159781 0.152761652383 -0.0220675201646
v 0.147099703747 0.154261652383 -0.0206256276207
v 0.147926615815 0.154261652383 -0.0235094127085
v 0.148955052325 0.154261652383 -0.0216540641309
v 0.146071267237 0.154261652383 -0.0224809761983
f 2131 2133 2135
f 2131 2135 2134
f 2131 2134 2136
f 2131 2136 2133
f 2132 2135 2133
f 2132 2134 2135
f 2132 2136 2134
f 2132 2133 2136
v 0.147841885518 0.155761652383 -0.0219794383688
v 0.147841885518 0.152761652383 -0.0219794383688
v 0.147479002675 0.154261652383 -0.0205239947794
v 0.148204768361 0.154261652383 -0.0234348819582
v 0.149297329107 0.154261652383 -0.0216165555254
v 0.146386441928 0.154261652383 -0.0223423212122
f 2137 2139 2141
f 2137 2141 2140
f 2137 2140 2142
f 2137 2142 2139
f 2138 2141 2139
f 2138 2140 2141
f 2138 2142 2140
f 2138 2139 2142
v 0.148173485015 0.155761652383 -0.0219028825928
v 0.148173485015 0.152761652383 -0.0219028825928
v 0.147861617478 0.154261652383 -0.0204356611917
v 0.148485352551 0.154261652383 -0.0233701039939
v 0.149640706416 0.154261652383 -0.0215910150566
v 0.146706263613 0.154261652383 -0.0222147501291
f 2143 2145 2147
f 2143 2147 2146
f 2143 2146 2148
f 2143 2148 2145
f 2144 2147 2145
f 2144 2146 2147
f 2144 2148 2146
f 2144 2145 2148
v 0.148507554268 0.155761652383 -0.0218379461081
v 0.148507554268 0.152761652383 -0.0218379461081
v 0.148247082001 0.154261652383 -0.0203607344786
v 0.148768026534 0.154261652383 -0.0233151577376
v 0.149984765897 0.154261652383 -0.0215774738416
v 0.147030342638 0.154261652383 -0.0220984183746
f 2149 2151 2153
f 2149 2153 2152
f 2149 2152 2154
f 2149 2154 2151
f 2150 2153 2151
f 2150 2152 2153
f 2150 2154 2152
f 2150 2151 2154
v 0.148843686266 0.155761652383 -0.0217847080298
v 0.148843686266 0.152761652383 -0.0217847080298
v 0.148634926614 0.154261652383 -0.0202993059267
v 0.149052445917 0.154261652383 -0.0232701101329
v 0.150329088369 0.154261652383 -0.0215759483783
v 0.147358284163 0.154261652383 -0.0219934676812
f 2155 2157 2159
f 2155 2159 2158
f 2155 2158 2160
f 2155 2160 2157
f 2156 2159 2157
f 2156 2158 2159
f 2156 2160 2158
f 2156 2157 2160
v 0.149181471483 0.155761652383 -0.0217432332202
v 0.149181471483 0.152761652383 -0.0217432332202
v 0.149024678788 0.154261652383 -0.0202514503771
v 0.149338264178 0.154261652383 -0.0232350160632
v 0.150673254326 0.154261652383 -0.0215864405253
v 0.14768968864 0.154261652383 -0.0219000259151
f 2161 2163 2165
f 2161 2165 2164
f 2161 2164 2166
f 2161 2166 2163
f 2162 2165 2163
f 2162 2164 2165
f 2162 2166 2164
f 2162 2163 2166
v 0.149520498381 0.155761652383 -0.02171357221
v 0.149520498381 0.152761652383 -0.02171357221
v 0.14941586367 0.154261652383 -0.0202172261346
v 0.149625133092 0.154261652383 -0.0232099182854
v 0.151016844456 0.154261652383 -0.0216089374994
v 0.148024152306 0.154261652383 -0.0218182069206
f 2167 2169 2171
f 2167 2171 2170
f 2167 2170 2172
f 2167 2172 2169
f 2168 2171 2169
f 2168 2170 2171
f 2168 2172 2170
f 2168 2169 2172
v 0.149860353907 0.155761652383 -0.0216957611366
v 0.149860353907 0.152761652383 -0.0216957611366
v 0.149808004662 0.154261652383 -0.020196674896
v 0.149912703152 0.154261652383 -0.0231948473771
v 0.151359440148 0.154261652383 -0.0216434118915
v 0.148361267667 0.154261652383 -0.0217481103816
f 2173 2175 2177
f 2173 2177 2176
f 2173 2176 2178
f 2173 2178 2175
f 2174 2177 2175
f 2174 2176 2177
f 2174 2178 2176
f 2174 2175 2178
v 0.15992687349 0.155761652383 -0.032119947319
v 0.15992687349 0.152761652383 -0.032119947319
v 0.161423219565 0.154261652383 -0.0322245820296
v 0.158430527415 0.154261652383 -0.0320153126084
v 0.159822238779 0.154261652383 -0.0336162933944
v 0.160031508201 0.154261652383 -0.0306236012436
f 2179 2181 2183
f 2179 2183 2182
f 2179 2182 2184
f 2179 2184 2181
f 2180 2183 2181
f 2180 2182 2183
f 2180 2184 2182
f 2180 2181 2184
v 0.15989721248 0.155761652383 -0.0324589742169
v 0.15989721248 0.152761652383 -0.0324589742169
v 0.161388995323 0.154261652383 -0.0326157669118
v 0.158405429637 0.154261652383 -0.032302181522
v 0.159740419785 0.154261652383 -0.0339507570599
v 0.160054005175 0.154261652383 -0.0309671913738
f 2185 2187 2189
f 2185 2189 2188
f 2185 2188 2190
f 2185 2190 2187
f 2186 2189 2187
f 2186 2188 2189
f 2186 2190 2188
f 2186 2187 2190
v 0.15985573767 0.155761652383 -0.0327967594344
v 0.15985573767 0.152761652383 -0.0327967594344
v 0.161341139773 0.154261652383 -0.0330055190858
v 0.158370335567 0.154261652383 -0.0325879997829
v 0.159646978019 0.154261652383 -0.0342821615375
v 0.160064497322 0.154261652383 -0.0313113573312
f 2191 2193 2195
f 2191 2195 2194
f 2191 2194 2196
f 2191 2196 2193
f 2192 2195 2193
f 2192 2194 2195
f 2192 2196 2194
f 2192 2193 2196
v 0.159802499592 0.155761652383 -0.0331328914323
v 0.159802499592 0.152761652383 -0.0331328914323
v 0.161279711221 0.154261652383 -0.0333933636988
v 0.158325287962 0.154261652383 -0.0328724191658
v 0.159542027325 0.154261652383 -0.0346101030618
v 0.160062971858 0.154261652383 -0.0316556798027
f 2197 2199 2201
f 2197 2201 2200
f 2197 2200 2202
f 2197 2202 2199
f 2198 2201 2199
f 2198 2200 2201
f 2198 2202 2200
f 2198 2199 2202
v 0.159737563107 0.155761652383 -0.0334669606855
v 0.159737563107 0.152761652383 -0.0334669606855
v 0.161204784508 0.154261652383 -0.0337788282217
v 0.158270341706 0.154261652383 -0.0331550931492
v 0.159425695571 0.154261652383 -0.0349341820866
v 0.160049430643 0.154261652383 -0.0319997392844
f 2203 2205 2207
f 2203 2207 2206
f 2203 2206 2208
f 2203 2208 2205
f 2204 2207 2205
f 2204 2206 2207
f 2204 2208 2206
f 2204 2205 2208
v 0.159661007331 0.155761652383 -0.0337985601821
v 0.159661007331 0.152761652383 -0.0337985601821
v 0.161116450921 0.154261652383 -0.0341614430255
v 0.158205563742 0.154261652383 -0.0334356773387
v 0.159298124488 0.154261652383 -0.0352540037715
v 0.160023890175 0.154261652383 -0.0323431165927
f 2209 2211 2213
f 2209 2213 2212
f 2209 2212 2214
f 2209 2214 2211
f 2210 2213 2211
f 2210 2212 2213
f 2210 2214 2212
f 2210 2211 2214
v 0.159572925535 0.155761652383 -0.0341272859192
v 0.159572925535 0.152761652383 -0.0341272859192
v 0.161014818079 0.154261652383 -0.0345407419529
v 0.158131032991 0.154261652383 -0.0337138298855
v 0.159159469502 0.154261652383 -0.0355691784631
v 0.159986381569 0.154261652383 -0.0326853933753
f 2215 2217 2219
f 2215 2219 2218
f 2215 2218 2220
f 2215 2220 2217
f 2216 2219 2217
f 2216 2218 2219
f 2216 2220 2218
f 2216 2217 2220
v 0.159473425034 0.155761652383 -0.0344527373952
v 0.159473425034 0.152761652383 -0.0344527373952
v 0.160900009808 0.154261652383 -0.0349162628867
v 0.158046840259 0.154261652383 -0.0339892119036
v 0.159009899542 0.154261652383 -0.0358793221696
v 0.159936950525 0.154261652383 -0.0330261526207
f 2221 2223 2225
f 2221 2225 2224
f 2221 2224 2226
f 2221 2226 2223
f 2222 2225 2223
f 2222 2224 2225
f 2222 2226 2224
f 2222 2223 2226
v 0.159362627053 0.155761652383 -0.0347745180974
v 0.159362627053 0.152761652383 -0.0347745180974
v 0.160772165984 0.154261652383 -0.0352875483124
v 0.157953088121 0.154261652383 -0.0342614878824
v 0.158849596838 0.154261652383 -0.0361840570286
v 0.159875657268 0.154261652383 -0.0333649791662
f 2227 2229 2231
f 2227 2231 2230
f 2227 2230 2232
f 2227 2232 2229
f 2228 2231 2229
f 2228 2230 2231
f 2228 2232 2230
f 2228 2229 2232
v 0.159240666582 0.155761652383 -0.0350922359858
v 0.159240666582 0.152761652383 -0.0350922359858
v 0.160631442364 0.154261652383 -0.0356541458759
v 0.1578498908 0.154261652383 -0.0345303260957
v 0.158678756692 0.154261652383 -0.0364830117677
v 0.159802576472 0.154261652383 -0.033701460204
f 2233 2235 2237
f 2233 2237 2236
f 2233 2236 2238
f 2233 2238 2235
f 2234 2237 2235
f 2234 2236 2237
f 2234 2238 2236
f 2234 2235 2238
v 0.159107692212 0.155761652383 -0.03540550397
v 0.159107692212 0.152761652383 -0.03540550397
v 0.160478010398 0.154261652383 -0.0360156089346
v 0.157737374026 0.154261652383 -0.0347953990054
v 0.158497587247 0.154261652383 -0.0367758221565
v 0.159717797177 0.154261652383 -0.0340351857835
f 2239 2241 2243
f 2239 2243 2242
f 2239 2242 2244
f 2239 2244 2241
f 2240 2243 2241
f 2240 2242 2243
f 2240 2244 2242
f 2240 2241 2244
v 0.158963865951 0.155761652383 -0.0357139403812
v 0.158963865951 0.152761652383 -0.0357139403812
v 0.160312057021 0.154261652383 -0.0363714971014
v 0.157615674882 0.154261652383 -0.035056383661
v 0.158306309231 0.154261652383 -0.0370621314506
v 0.159621422672 0.154261652383 -0.0343657493117
f 2245 2247 2249
f 2245 2249 2248
f 2245 2248 2250
f 2245 2250 2247
f 2246 2249 2247
f 2246 2248 2249
f 2246 2250 2248
f 2246 2247 2250
v 0.15880936303 0.155761652383 -0.0360171694372
v 0.15880936303 0.152761652383 -0.0360171694372
v 0.16013378442 0.154261652383 -0.0367213767813
v 0.157484941641 0.154261652383 -0.035312962093
v 0.158105155686 0.154261652383 -0.0373415908265
v 0.159513570375 0.154261652383 -0.0346927480479
f 2251 2253 2255
f 2251 2255 2254
f 2251 2254 2256
f 2251 2256 2253
f 2252 2255 2253
f 2252 2254 2255
f 2252 2256 2254
f 2252 2253 2256
v 0.158644371687 0.155761652383 -0.0363148217
v 0.158644371687 0.152761652383 -0.0363148217
v 0.159943409793 0.154261652383 -0.0370648217
v 0.157345333581 0.154261652383 -0.0355648217
v 0.157894371687 0.154261652383 -0.0376138598057
v 0.159394371687 0.154261652383 -0.0350157835943
f 2257 2259 2261
f 2257 2261 2260
f 2257 2260 2262
f 2257 2262 2259
f 2258 2261 2259
f 2258 2260 2261
f 2258 2262 2260
f 2258 2259 2262
v 0.158469092938 0.155761652383 -0.0366065345263
v 0.158469092938 0.152761652383 -0.0366065345263
v 0.159741165082 0.154261652383 -0.0374014134226
v 0.157197020793 0.154261652383 -0.0358116556299
v 0.157674214041 0.154261652383 -0.0378786066705
v 0.159263971834 0.154261652383 -0.035334462382
f 2263 2265 2267
f 2263 2267 2266
f 2263 2266 2268
f 2263 2268 2265
f 2264 2267 2265
f 2264 2266 2267
f 2264 2268 2266
f 2264 2265 2268
v 0.158283740332 0.155761652383 -0.0368919525088
v 0.158283740332 0.152761652383 -0.0368919525088
v 0.159527296691 0.154261652383 -0.037730741864
v 0.157040183974 0.154261652383 -0.0360531631536
v 0.157444950977 0.154261652383 -0.0381355088677
v 0.159122529688 0.154261652383 -0.03564839615
f 2269 2271 2273
f 2269 2273 2272
f 2269 2272 2274
f 2269 2274 2271
f 2270 2273 2271
f 2270 2272 2273
f 2270 2274 2272
f 2270 2271 2274
v 0.158088539695 0.155761652383 -0.0371707279099
v 0.158088539695 0.152761652383 -0.0371707279099
v 0.159302065187 0.154261652383 -0.0380524057883
v 0.156875014204 0.154261652383 -0.0362890500314
v 0.157206861817 0.154261652383 -0.0383842534014
v 0.158970217574 0.154261652383 -0.0359572024183
f 2275 2277 2279
f 2275 2279 2278
f 2275 2278 2280
f 2275 2280 2277
f 2276 2279 2277
f 2276 2278 2279
f 2276 2280 2278
f 2276 2277 2280
v 0.157883728848 0.155761652383 -0.0374425210844
v 0.157883728848 0.152761652383 -0.0374425210844
v 0.159065744978 0.154261652383 -0.0383660132974
v 0.156701712717 0.154261652383 -0.0365190288714
v 0.156960236635 0.154261652383 -0.0386245372148
v 0.158807221061 0.154261652383 -0.036260504954
f 2281 2283 2285
f 2281 2285 2284
f 2281 2284 2286
f 2281 2286 2283
f 2282 2285 2283
f 2282 2284 2285
f 2282 2286 2284
f 2282 2283 2286
v 0.15766955732 0.155761652383 -0.0377070008944
v 0.15766955732 0.152761652383 -0.0377070008944
v 0.158818623985 0.154261652383 -0.038671182309
v 0.156520490656 0.154261652383 -0.0367428194799
v 0.156705375906 0.154261652383 -0.0388560675591
v 0.158633738735 0.154261652383 -0.0365579342298
f 2287 2289 2291
f 2287 2291 2290
f 2287 2290 2292
f 2287 2292 2289
f 2288 2291 2289
f 2288 2290 2291
f 2288 2292 2290
f 2288 2289 2292
v 0.157446286048 0.155761652383 -0.037963845112
v 0.157446286048 0.152761652383 -0.037963845112
v 0.158561003287 0.154261652383 -0.0389675410215
v 0.15633156881 0.154261652383 -0.0369601492025
v 0.156442590139 0.154261652383 -0.0390785623502
v 0.158449981958 0.154261652383 -0.0368491278738
f 2293 2295 2297
f 2293 2297 2296
f 2293 2296 2298
f 2293 2298 2295
f 2294 2297 2295
f 2294 2296 2297
f 2294 2298 2296
f 2294 2295 2298
v 0.157214187053 0.155761652383 -0.038212740812
v 0.157214187053 0.152761652383 -0.038212740812
v 0.158293196754 0.154261652383 -0.0392547283677
v 0.156135177353 0.154261652383 -0.0371707532563
v 0.156172199498 0.154261652383 -0.0392917505125
v 0.158256174609 0.154261652383 -0.0371337311115
f 2299 2301 2303
f 2299 2303 2302
f 2299 2302 2304
f 2299 2304 2301
f 2300 2303 2301
f 2300 2302 2303
f 2300 2304 2302
f 2300 2301 2304
v 0.156973543112 0.155761652383 -0.0384533847533
v 0.156973543112 0.152761652383 -0.0384533847533
v 0.158015530668 0.154261652383 -0.0395323944538
v 0.155931555556 0.154261652383 -0.0373743750528
v 0.155894533411 0.154261652383 -0.039495372309
v 0.158052552812 0.154261652383 -0.0374113971976
f 2305 2307 2309
f 2305 2309 2308
f 2305 2308 2310
f 2305 2310 2307
f 2306 2309 2307
f 2306 2308 2309
f 2306 2310 2308
f 2306 2307 2310
v 0.156724647412 0.155761652383 -0.0386854837484
v 0.156724647412 0.152761652383 -0.0386854837484
v 0.157728343322 0.154261652383 -0.0398002009866
v 0.155720951502 0.154261652383 -0.0375707665102
v 0.155609930174 0.154261652383 -0.0396891796579
v 0.15783936465 0.154261652383 -0.0376817878389
f 2311 2313 2315
f 2311 2315 2314
f 2311 2314 2316
f 2311 2316 2313
f 2312 2315 2313
f 2312 2314 2315
f 2312 2316 2314
f 2312 2313 2316
v 0.156467803194 0.155761652383 -0.0389087550204
v 0.156467803194 0.152761652383 -0.0389087550204
v 0.157431984609 0.154261652383 -0.0400578216851
v 0.15550362178 0.154261652383 -0.0377596883557
v 0.15531873653 0.154261652383 -0.0398729364349
v 0.157616869859 0.154261652383 -0.0379445736059
f 2317 2319 2321
f 2317 2321 2320
f 2317 2320 2322
f 2317 2322 2319
f 2318 2321 2319
f 2318 2320 2321
f 2318 2322 2320
f 2318 2319 2322
v 0.156203323384 0.155761652383 -0.0391229265477
v 0.156203323384 0.152761652383 -0.0391229265477
v 0.157126815597 0.154261652383 -0.0403049426781
v 0.155279831171 0.154261652383 -0.0379409104173
v 0.155021307254 0.154261652383 -0.0400464187607
v 0.157385339515 0.154261652383 -0.0381994343347
f 2323 2325 2327
f 2323 2327 2326
f 2323 2326 2328
f 2323 2328 2325
f 2324 2327 2325
f 2324 2326 2327
f 2324 2328 2326
f 2324 2325 2328
v 0.15593153021 0.155761652383 -0.0393277373952
v 0.15593153021 0.152761652383 -0.0393277373952
v 0.156813208088 0.154261652383 -0.0405412628867
v 0.155049852331 0.154261652383 -0.0381142119036
v 0.154718004718 0.154261652383 -0.0402094152736
v 0.157145055701 0.154261652383 -0.0384460595167
f 2329 2331 2333
f 2329 2333 2332
f 2329 2332 2334
f 2329 2334 2331
f 2330 2333 2331
f 2330 2332 2333
f 2330 2334 2332
f 2330 2331 2334
v 0.155652754809 0.155761652383 -0.0395229380324
v 0.155652754809 0.152761652383 -0.0395229380324
v 0.156491544164 0.154261652383 -0.0407664943912
v 0.154813965454 0.154261652383 -0.0382793816736
v 0.15440919845 0.154261652383 -0.0403617273876
v 0.156896311168 0.154261652383 -0.0386841486772
f 2335 2337 2339
f 2335 2339 2338
f 2335 2338 2340
f 2335 2340 2337
f 2336 2339 2337
f 2336 2338 2339
f 2336 2340 2338
f 2336 2337 2340
v 0.155367336826 0.155761652383 -0.0397082906375
v 0.155367336826 0.152761652383 -0.0397082906375
v 0.156162215723 0.154261652383 -0.0409803627818
v 0.15457245793 0.154261652383 -0.0384362184933
v 0.154095264682 0.154261652383 -0.0405031695339
v 0.156639408971 0.154261652383 -0.0389134117412
f 2341 2343 2345
f 2341 2345 2344
f 2341 2344 2346
f 2341 2346 2343
f 2342 2345 2343
f 2342 2344 2345
f 2342 2346 2344
f 2342 2343 2346
v 0.155075624 0.155761652383 -0.0398835693869
v 0.155075624 0.152761652383 -0.0398835693869
v 0.155825624 0.154261652383 -0.0411826074926
v 0.154325624 0.154261652383 -0.0385845312812
v 0.153776585894 0.154261652383 -0.0406335693869
v 0.156374662106 0.154261652383 -0.0391335693869
f 2347 2349 2351
f 2347 2351 2350
f 2347 2350 2352
f 2347 2352 2349
f 2348 2351 2349
f 2348 2350 2351
f 2348 2352 2350
f 2348 2349 2352
v 0.154777971737 0.155761652383 -0.0400485607304
v 0.154777971737 0.152761652383 -0.0400485607304
v 0.155482179081 0.154261652383 -0.0413729821197
v 0.154073764393 0.154261652383 -0.0387241393411
v 0.153453550348 0.154261652383 -0.0407527680746
v 0.156102393126 0.154261652383 -0.0393443533862
f 2353 2355 2357
f 2353 2357 2356
f 2353 2356 2358
f 2353 2358 2355
f 2354 2357 2355
f 2354 2356 2357
f 2354 2358 2356
f 2354 2355 2358
v 0.154474742681 0.155761652383 -0.0402030636514
v 0.154474742681 0.152761652383 -0.0402030636514
v 0.155132299401 0.154261652383 -0.0415512547209
v 0.153817185961 0.154261652383 -0.038854872582
v 0.153126551612 0.154261652383 -0.0408606203716
v 0.155822933751 0.154261652383 -0.0395455069312
f 2359 2361 2363
f 2359 2363 2362
f 2359 2362 2364
f 2359 2364 2361
f 2360 2363 2361
f 2360 2362 2363
f 2360 2364 2362
f 2360 2361 2364
v 0.15416630627 0.155761652383 -0.040346889912
v 0.15416630627 0.152761652383 -0.040346889912
v 0.154776411235 0.154261652383 -0.0417172080985
v 0.153556201305 0.154261652383 -0.0389765717256
v 0.152795988084 0.154261652383 -0.0409569948766
v 0.155536624456 0.154261652383 -0.0397367849474
f 2365 2367 2369
f 2365 2369 2368
f 2365 2368 2370
f 2365 2370 2367
f 2366 2369 2367
f 2366 2368 2369
f 2366 2370 2368
f 2366 2367 2370
v 0.153853038286 0.155761652383 -0.040479864282
v 0.153853038286 0.152761652383 -0.040479864282
v 0.154414948176 0.154261652383 -0.0418706400639
v 0.153291128396 0.154261652383 -0.0390890885002
v 0.152462262504 0.154261652383 -0.0410417741722
v 0.155243814068 0.154261652383 -0.0399179543919
f 2371 2373 2375
f 2371 2375 2374
f 2371 2374 2376
f 2371 2376 2373
f 2372 2375 2373
f 2372 2374 2375
f 2372 2376 2374
f 2372 2373 2376
v 0.153535320397 0.155761652383 -0.0406018247527
v 0.153535320397 0.152761652383 -0.0406018247527
v 0.154048350612 0.154261652383 -0.0420113636838
v 0.153022290182 0.154261652383 -0.0391922858215
v 0.152125781466 0.154261652383 -0.0411148549677
v 0.154944859329 0.154261652383 -0.0400887945377
f 2377 2379 2381
f 2377 2381 2380
f 2377 2380 2382
f 2377 2382 2379
f 2378 2381 2379
f 2378 2380 2381
f 2378 2382 2380
f 2378 2379 2382
v 0.153213539695 0.155761652383 -0.0407126227339
v 0.153213539695 0.152761652383 -0.0407126227339
v 0.153677065187 0.154261652383 -0.0421392075083
v 0.152750014204 0.154261652383 -0.0392860379594
v 0.151786954921 0.154261652383 -0.0411761482254
v 0.15464012447 0.154261652383 -0.0402490972423
f 2383 2385 2387
f 2383 2387 2386
f 2383 2386 2388
f 2383 2388 2385
f 2384 2387 2385
f 2384 2386 2387
f 2384 2388 2386
f 2384 2385 2388
v 0.152888088219 0.155761652383 -0.0408121232354
v 0.152888088219 0.152761652383 -0.0408121232354
v 0.153301544253 0.154261652383 -0.0422540157793
v 0.152474632185 0.154261652383 -0.0393702306915
v 0.151446195675 0.154261652383 -0.0412255792691
v 0.154329980763 0.154261652383 -0.0403986672017
f 2389 2391 2393
f 2389 2393 2392
f 2389 2392 2394
f 2389 2394 2391
f 2390 2393 2391
f 2390 2392 2393
f 2390 2394 2392
f 2390 2391 2394
v 0.152559362482 0.155761652383 -0.0409002050312
v 0.152559362482 0.152761652383 -0.0409002050312
v 0.152922245325 0.154261652383 -0.0423556486206
v 0.152196479639 0.154261652383 -0.0394447614418
v 0.151103918893 0.154261652383 -0.0412630878746
v 0.154014806072 0.154261652383 -0.0405373221878
f 2395 2397 2399
f 2395 2399 2398
f 2395 2398 2400
f 2395 2400 2397
f 2396 2399 2397
f 2396 2398 2399
f 2396 2400 2398
f 2396 2397 2400
v 0.152227762985 0.155761652383 -0.0409767608072
v 0.152227762985 0.152761652383 -0.0409767608072
v 0.152539630522 0.154261652383 -0.0424439822083
v 0.151915895449 0.154261652383 -0.0395095394061
v 0.150760541584 0.154261652383 -0.0412886283434
v 0.153694984387 0.154261652383 -0.0406648932709
f 2401 2403 2405
f 2401 2405 2404
f 2401 2404 2406
f 2401 2406 2403
f 2402 2405 2403
f 2402 2404 2405
f 2402 2406 2404
f 2402 2403 2406
v 0.151893693732 0.155761652383 -0.0410416972919
v 0.151893693732 0.152761652383 -0.0410416972919
v 0.152154165999 0.154261652383 -0.0425189089214
v 0.151633221466 0.154261652383 -0.0395644856624
v 0.150416482103 0.154261652383 -0.0413021695584
v 0.153370905362 0.154261652383 -0.0407812250254
f 2407 2409 2411
f 2407 2411 2410
f 2407 2410 2412
f 2407 2412 2409
f 2408 2411 2409
f 2408 2410 2411
f 2408 2412 2410
f 2408 2409 2412
v 0.151557561734 0.155761652383 -0.0410949353702
v 0.151557561734 0.152761652383 -0.0410949353702
v 0.151766321386 0.154261652383 -0.0425803374733
v 0.151348802083 0.154261652383 -0.0396095332671
v 0.150072159631 0.154261652383 -0.0413036950217
v 0.153042963837 0.154261652383 -0.0408861757188
f 2413 2415 2417
f 2413 2417 2416
f 2413 2416 2418
f 2413 2418 2415
f 2414 2417 2415
f 2414 2416 2417
f 2414 2418 2416
f 2414 2415 2418
v 0.151219776517 0.155761652383 -0.0411364101798
v 0.151219776517 0.152761652383 -0.0411364101798
v 0.151376569212 0.154261652383 -0.0426281930229
v 0.151062983822 0.154261652383 -0.0396446273368
v 0.149727993674 0.154261652383 -0.0412932028747
v 0.15271155936 0.154261652383 -0.0409796174849
f 2419 2421 2423
f 2419 2423 2422
f 2419 2422 2424
f 2419 2424 2421
f 2420 2423 2421
f 2420 2422 2423
f 2420 2424 2422
f 2420 2421 2424
v 0.150880749619 0.155761652383 -0.04116607119
v 0.150880749619 0.152761652383 -0.04116607119
v 0.15098538433 0.154261652383 -0.0426624172654
v 0.150776114908 0.154261652383 -0.0396697251146
v 0.149384403544 0.154261652383 -0.0412707059006
v 0.152377095694 0.154261652383 -0.0410614364794
f 2425 2427 2429
f 2425 2429 2428
f 2425 2428 2430
f 2425 2430 2427
f 2426 2429 2427
f 2426 2428 2429
f 2426 2430 2428
f 2426 2427 2430
v 0.150540894093 0.155761652383 -0.0411838822634
v 0.150540894093 0.152761652383 -0.0411838822634
v 0.150593243338 0.154261652383 -0.042682968504
v 0.150488544848 0.154261652383 -0.0396847960229
v 0.149041807852 0.154261652383 -0.0412362315085
v 0.152039980333 0.154261652383 -0.0411315330184
f 2431 2433 2435
f 2431 2435 2434
f 2431 2434 2436
f 2431 2436 2433
f 2432 2435 2433
f 2432 2434 2435
f 2432 2436 2434
f 2432 2433 2436
v 0.150200624 0.155761652383 -0.0414398217
v 0.150200624 0.152761652383 -0.0414398217
v 0.150200624 0.154261652383 -0.0429398217
v 0.150200624 0.154261652383 -0.0399398217
v 0.148700624 0.154261652383 -0.0414398217
v 0.151700624 0.154261652383 -0.0414398217
f 2437 2439 2441
f 2437 2441 2440
f 2437 2440 2442
f 2437 2442 2439
f 2438 2441 2439
f 2438 2440 2441
f 2438 2442 2440
f 2438 2439 2442
v 0.149851629033 0.155761652383 -0.0414337299702
v 0.149851629033 0.152761652383 -0.0414337299702
v 0.149799279788 0.154261652383 -0.0429328162107
v 0.149903978278 0.154261652383 -0.0399346437297
v 0.148352542792 0.154261652383 -0.0413813807251
v 0.151350715274 0.154261652383 -0.0414860792152
f 2443 2445 2447
f 2443 2447 2446
f 2443 2446 2448
f 2443 2448 2445
f 2444 2447 2445
f 2444 2446 2447
f 2444 2448 2446
f 2444 2445 2448
v 0.149503059263 0.155761652383 -0.0414154622026
v 0.149503059263 0.152761652383 -0.0414154622026
v 0.149398424552 0.154261652383 -0.042911808278
v 0.149607693973 0.154261652383 -0.0399191161272
v 0.148006713187 0.154261652383 -0.041310827492
v 0.150999405338 0.154261652383 -0.0415200969132
f 2449 2451 2453
f 2449 2453 2452
f 2449 2452 2454
f 2449 2454 2451
f 2450 2453 2451
f 2450 2452 2453
f 2450 2454 2452
f 2450 2451 2454
v 0.149155339367 0.155761652383 -0.0413850406537
v 0.149155339367 0.152761652383 -0.0413850406537
v 0.148998546672 0.154261652383 -0.0428768234967
v 0.149312132062 0.154261652383 -0.0398932578106
v 0.147663556524 0.154261652383 -0.0412282479588
v 0.15064712221 0.154261652383 -0.0415418333486
f 2455 2457 2459
f 2455 2459 2458
f 2455 2458 2460
f 2455 2460 2457
f 2456 2459 2457
f 2456 2458 2459
f 2456 2460 2458
f 2456 2457 2460
v 0.14880889299 0.155761652383 -0.0413425023874
v 0.14880889299 0.152761652383 -0.0413425023874
v 0.148600133339 0.154261652383 -0.0428279044905
v 0.149017652642 0.154261652383 -0.0398571002843
v 0.147323490887 0.154261652383 -0.041133742736
v 0.150294295094 0.154261652383 -0.0415512620389
f 2461 2463 2465
f 2461 2465 2464
f 2461 2464 2466
f 2461 2466 2463
f 2462 2465 2463
f 2462 2464 2465
f 2462 2466 2464
f 2462 2463 2466
v 0.148464142223 0.155761652383 -0.0412878992301
v 0.148464142223 0.152761652383 -0.0412878992301
v 0.148203669957 0.154261652383 -0.0427651108596
v 0.14872461449 0.154261652383 -0.0398106876006
v 0.146986930594 0.154261652383 -0.0410274269636
v 0.149941353853 0.154261652383 -0.0415483714966
f 2467 2469 2471
f 2467 2471 2470
f 2467 2470 2472
f 2467 2472 2469
f 2468 2471 2469
f 2468 2470 2471
f 2468 2472 2470
f 2468 2469 2472
v 0.148121507092 0.155761652383 -0.0412212977073
v 0.148121507092 0.152761652383 -0.0412212977073
v 0.147809639556 0.154261652383 -0.0426885191084
v 0.148433374628 0.154261652383 -0.0397540763062
v 0.146654285691 0.154261652383 -0.0409094301711
v 0.149588728493 0.154261652383 -0.0415331652436
f 2473 2475 2477
f 2473 2477 2476
f 2473 2476 2478
f 2473 2478 2475
f 2474 2477 2475
f 2474 2476 2477
f 2474 2478 2476
f 2474 2475 2478
v 0.147781405044 0.155761652383 -0.0411427789628
v 0.147781405044 0.152761652383 -0.0411427789628
v 0.147418522201 0.154261652383 -0.0425982225522
v 0.148144287887 0.154261652383 -0.0396873353733
v 0.146325961455 0.154261652383 -0.0407798961194
v 0.149236848633 0.154261652383 -0.0415056618062
f 2479 2481 2483
f 2479 2483 2482
f 2479 2482 2484
f 2479 2484 2481
f 2480 2483 2481
f 2480 2482 2483
f 2480 2484 2482
f 2480 2481 2484
v 0.147444250442 0.155761652383 -0.0410524386594
v 0.147444250442 0.152761652383 -0.0410524386594
v 0.147030794408 0.154261652383 -0.0424943312033
v 0.147857706476 0.154261652383 -0.0396105461155
v 0.146002357898 0.154261652383 -0.0406389826257
v 0.148886142986 0.154261652383 -0.0414658946931
f 2485 2487 2489
f 2485 2489 2488
f 2485 2488 2490
f 2485 2490 2487
f 2486 2489 2487
f 2486 2488 2489
f 2486 2490 2488
f 2486 2487 2490
v 0.147110454056 0.155761652383 -0.040950386863
v 0.147110454056 0.152761652383 -0.040950386863
v 0.146646928565 0.154261652383 -0.0423769716374
v 0.147573979548 0.154261652383 -0.0395238020885
v 0.145683869282 0.154261652383 -0.0404868613714
v 0.148537038831 0.154261652383 -0.0414139123545
f 2491 2493 2495
f 2491 2495 2494
f 2491 2494 2496
f 2491 2496 2493
f 2492 2495 2493
f 2492 2494 2495
f 2492 2496 2494
f 2492 2493 2496
v 0.146780422567 0.155761652383 -0.0408367479079
v 0.146780422567 0.152761652383 -0.0408367479079
v 0.146267392352 0.154261652383 -0.042246286839
v 0.147293452782 0.154261652383 -0.0394272089767
v 0.145370883636 0.154261652383 -0.0403237176929
v 0.148189961498 0.154261652383 -0.0413497781228
f 2497 2499 2501
f 2497 2501 2500
f 2497 2500 2502
f 2497 2502 2499
f 2498 2501 2499
f 2498 2500 2501
f 2498 2502 2500
f 2498 2499 2502
v 0.146454558066 0.155761652383 -0.0407116602457
v 0.146454558066 0.152761652383 -0.0407116602457
v 0.145892648176 0.154261652383 -0.0421024360275
v 0.147016467956 0.154261652383 -0.0393208844638
v 0.145063782284 0.154261652383 -0.0401497503555
v 0.147845333848 0.154261652383 -0.0412735701358
f 2503 2505 2507
f 2503 2507 2506
f 2503 2506 2508
f 2503 2508 2505
f 2504 2507 2505
f 2504 2506 2507
f 2504 2508 2506
f 2504 2505 2508
v 0.146133257569 0.155761652383 -0.0405752762764
v 0.146133257569 0.152761652383 -0.0405752762764
v 0.145523152605 0.154261652383 -0.0419455944629
v 0.146743362534 0.154261652383 -0.03920495809
v 0.144762939383 0.154261652383 -0.0399651713118
v 0.147503575756 0.154261652383 -0.041185381241
f 2509 2511 2513
f 2509 2513 2512
f 2509 2512 2514
f 2509 2514 2511
f 2510 2513 2511
f 2510 2512 2513
f 2510 2514 2512
f 2510 2511 2514
v 0.145816912532 0.155761652383 -0.040427762163
v 0.145816912532 0.152761652383 -0.040427762163
v 0.145159355812 0.154261652383 -0.0417759532324
v 0.146474469252 0.154261652383 -0.0390795710935
v 0.144468721463 0.154261652383 -0.0397702054428
v 0.147165103602 0.154261652383 -0.0410853188832
f 2515 2517 2519
f 2515 2519 2518
f 2515 2518 2520
f 2515 2520 2517
f 2516 2519 2517
f 2516 2518 2519
f 2516 2520 2518
f 2516 2517 2520
v 0.145505908372 0.155761652383 -0.0402692976286
v 0.145505908372 0.152761652383 -0.0402692976286
v 0.144801701028 0.154261652383 -0.0415937190179
v 0.146210115716 0.154261652383 -0.0389448762393
v 0.144181486983 0.154261652383 -0.0395650902844
v 0.146830329761 0.154261652383 -0.0409735049728
f 2521 2523 2525
f 2521 2525 2524
f 2521 2524 2526
f 2521 2526 2523
f 2522 2525 2523
f 2522 2524 2525
f 2522 2526 2524
f 2522 2523 2526
v 0.145200624 0.155761652383 -0.0401000757378
v 0.145200624 0.152761652383 -0.0401000757378
v 0.144450624 0.154261652383 -0.0413991138435
v 0.145950624 0.154261652383 -0.0388010376322
v 0.143901585894 0.154261652383 -0.0393500757378
v 0.146499662106 0.154261652383 -0.0408500757378
f 2527 2529 2531
f 2527 2531 2530
f 2527 2530 2532
f 2527 2532 2529
f 2528 2531 2529
f 2528 2530 2531
f 2528 2532 2530
f 2528 2529 2532
v 0.144901431358 0.155761652383 -0.0399203026616
v 0.144901431358 0.152761652383 -0.0399203026616
v 0.144106552461 0.154261652383 -0.0411923748058
v 0.145696310254 0.154261652383 -0.0386482305173
v 0.143629359213 0.154261652383 -0.0391254237652
v 0.146173503502 0.154261652383 -0.0407151815579
f 2533 2535 2537
f 2533 2537 2536
f 2533 2536 2538
f 2533 2538 2535
f 2534 2537 2535
f 2534 2536 2537
f 2534 2538 2536
f 2534 2535 2538
v 0.144608694965 0.155761652383 -0.0397301974256
v 0.144608694965 0.152761652383 -0.0397301974256
v 0.14376990561 0.154261652383 -0.0409737537844
v 0.14544748432 0.154261652383 -0.0384866410667
v 0.143365138606 0.154261652383 -0.0388914080703
v 0.145852251324 0.154261652383 -0.0405689867808
f 2539 2541 2543
f 2539 2543 2542
f 2539 2542 2544
f 2539 2544 2541
f 2540 2543 2541
f 2540 2542 2543
f 2540 2544 2542
f 2540 2541 2544
v 0.144322771477 0.155761652383 -0.0395299916437
v 0.144322771477 0.152761652383 -0.0395299916437
v 0.143441093599 0.154261652383 -0.0407435171353
v 0.145204449356 0.154261652383 -0.0383164661522
v 0.143109245986 0.154261652383 -0.0386483137653
v 0.145536296969 0.154261652383 -0.0404116695222
f 2545 2547 2549
f 2545 2549 2548
f 2545 2548 2550
f 2545 2550 2547
f 2546 2549 2547
f 2546 2548 2549
f 2546 2550 2548
f 2546 2547 2550
v 0.144044009247 0.155761652383 -0.0393199292361
v 0.144044009247 0.152761652383 -0.0393199292361
v 0.143120517034 0.154261652383 -0.0405019453665
v 0.14496750146 0.154261652383 -0.0381379131057
v 0.142861993116 0.154261652383 -0.0383964370231
v 0.145226025377 0.154261652383 -0.0402434214491
f 2551 2553 2555
f 2551 2555 2554
f 2551 2554 2556
f 2551 2556 2553
f 2552 2555 2553
f 2552 2554 2555
f 2552 2556 2554
f 2552 2553 2556
v 0.143772747903 0.155761652383 -0.0391002661312
v 0.143772747903 0.152761652383 -0.0391002661312
v 0.142808566489 0.154261652383 -0.0402493327959
v 0.144736929318 0.154261652383 -0.0379511994665
v 0.142623681238 0.154261652383 -0.0381360847167
v 0.144921814568 0.154261652383 -0.0400644475457
f 2557 2559 2561
f 2557 2561 2560
f 2557 2560 2562
f 2557 2562 2559
f 2558 2561 2559
f 2558 2560 2561
f 2558 2562 2560
f 2558 2559 2562
v 0.143509317936 0.155761652383 -0.0388712699548
v 0.143509317936 0.152761652383 -0.0388712699548
v 0.142505622027 0.154261652383 -0.039985987193
v 0.144513013846 0.154261652383 -0.0377565527166
v 0.142394600698 0.154261652383 -0.0378675740452
v 0.144624035175 0.154261652383 -0.0398749658643
f 2563 2565 2567
f 2563 2567 2566
f 2563 2566 2568
f 2563 2568 2565
f 2564 2567 2565
f 2564 2566 2567
f 2564 2568 2566
f 2564 2565 2568
v 0.143254040295 0.155761652383 -0.0386332197034
v 0.143254040295 0.152761652383 -0.0386332197034
v 0.14221205274 0.154261652383 -0.0397122294039
v 0.144296027851 0.154261652383 -0.0375542100029
v 0.142175030595 0.154261652383 -0.0375912321477
v 0.144333049996 0.154261652383 -0.0396752072591
f 2569 2571 2573
f 2569 2573 2572
f 2569 2572 2574
f 2569 2574 2571
f 2570 2573 2571
f 2570 2572 2573
f 2570 2574 2572
f 2570 2571 2574
v 0.143007225997 0.155761652383 -0.0383864054046
v 0.143007225997 0.152761652383 -0.0383864054046
v 0.141928216296 0.154261652383 -0.0394283929603
v 0.144086235697 0.154261652383 -0.0373444178489
v 0.141965238441 0.154261652383 -0.0373073957041
v 0.144049213552 0.154261652383 -0.0394654151051
f 2575 2577 2579
f 2575 2579 2578
f 2575 2578 2580
f 2575 2580 2577
f 2576 2579 2577
f 2576 2578 2579
f 2576 2580 2578
f 2576 2577 2580
v 0.142769175745 0.155761652383 -0.0381311277636
v 0.142769175745 0.152761652383 -0.0381311277636
v 0.141654458507 0.154261652383 -0.0391348236731
v 0.143883892983 0.154261652383 -0.0371274318541
v 0.141765479836 0.154261652383 -0.0370164105254
v 0.143772871655 0.154261652383 -0.0392458450018
f 2581 2583 2585
f 2581 2585 2584
f 2581 2584 2586
f 2581 2586 2583
f 2582 2585 2583
f 2582 2584 2585
f 2582 2586 2584
f 2582 2583 2586
v 0.142540179569 0.155761652383 -0.0378676977969
v 0.142540179569 0.152761652383 -0.0378676977969
v 0.141391112904 0.154261652383 -0.0388318792114
v 0.143689246233 0.154261652383 -0.0369035163823
v 0.141575998154 0.154261652383 -0.0367186311322
v 0.143504360983 0.154261652383 -0.0390167644615
f 2587 2589 2591
f 2587 2591 2590
f 2587 2590 2592
f 2587 2592 2589
f 2588 2591 2589
f 2588 2590 2591
f 2588 2592 2590
f 2588 2589 2592
v 0.142320516464 0.155761652383 -0.0375964364533
v 0.142320516464 0.152761652383 -0.0375964364533
v 0.141138500334 0.154261652383 -0.0385199286662
v 0.143502532594 0.154261652383 -0.0366729442403
v 0.141397024251 0.154261652383 -0.0364144203228
v 0.143244008677 0.154261652383 -0.0387784525837
f 2593 2595 2597
f 2593 2597 2596
f 2593 2596 2598
f 2593 2598 2595
f 2594 2597 2595
f 2594 2596 2597
f 2594 2598 2596
f 2594 2595 2598
v 0.142110454056 0.155761652383 -0.0373176742229
v 0.142110454056 0.152761652383 -0.0373176742229
v 0.140896928565 0.154261652383 -0.0381993521014
v 0.143323979548 0.154261652383 -0.0364359963445
v 0.141228776178 0.154261652383 -0.0361041487314
v 0.142992131935 0.154261652383 -0.0385311997145
f 2599 2601 2603
f 2599 2603 2602
f 2599 2602 2604
f 2599 2604 2601
f 2600 2603 2601
f 2600 2602 2603
f 2600 2604 2602
f 2600 2601 2604
v 0.141910248274 0.155761652383 -0.0370317507347
v 0.141910248274 0.152761652383 -0.0370317507347
v 0.140666691916 0.154261652383 -0.0378705400899
v 0.143153804633 0.154261652383 -0.0361929613795
v 0.141071458919 0.154261652383 -0.0357881943759
v 0.14274903763 0.154261652383 -0.0382753070935
f 2605 2607 2609
f 2605 2609 2608
f 2605 2608 2610
f 2605 2610 2607
f 2606 2609 2607
f 2606 2608 2609
f 2606 2610 2608
f 2606 2607 2610
v 0.141720143038 0.155761652383 -0.0367390143423
v 0.141720143038 0.152761652383 -0.0367390143423
v 0.140448070894 0.154261652383 -0.0375338932387
v 0.142992215183 0.154261652383 -0.035944135446
v 0.140925264142 0.154261652383 -0.0354669421981
v 0.142515021935 0.154261652383 -0.0380110864866
f 2611 2613 2615
f 2611 2615 2614
f 2611 2614 2616
f 2611 2616 2613
f 2612 2615 2613
f 2612 2614 2615
f 2612 2616 2614
f 2612 2613 2616
v 0.141540369962 0.155761652383 -0.0364398217
v 0.141540369962 0.152761652383 -0.0364398217
v 0.140241331856 0.154261652383 -0.0371898217
v 0.142839408068 0.154261652383 -0.0356898217
v 0.140790369962 0.154261652383 -0.0351407835943
v 0.142290369962 0.154261652383 -0.0377388598057
f 2617 2619 2621
f 2617 2621 2620
f 2617 2620 2622
f 2617 2622 2619
f 2618 2621 2619
f 2618 2620 2621
f 2618 2622 2620
f 2618 2619 2622
v 0.141371148071 0.155761652383 -0.0361345373279
v 0.141371148071 0.152761652383 -0.0361345373279
v 0.140046726682 0.154261652383 -0.036838744672
v 0.142695569461 0.154261652383 -0.0354303299837
v 0.140666940727 0.154261652383 -0.0348101159386
v 0.142075355416 0.154261652383 -0.0374589587171
f 2623 2625 2627
f 2623 2627 2626
f 2623 2626 2628
f 2623 2628 2625
f 2624 2627 2625
f 2624 2626 2627
f 2624 2628 2626
f 2624 2625 2628
v 0.141212683537 0.155761652383 -0.0358235331679
v 0.141212683537 0.152761652383 -0.0358235331679
v 0.139864492468 0.154261652383 -0.0364810898881
v 0.142560874606 0.154261652383 -0.0351659764477
v 0.140555126817 0.154261652383 -0.0344753420984
v 0.141870240257 0.154261652383 -0.0371717242373
f 2629 2631 2633
f 2629 2633 2632
f 2629 2632 2634
f 2629 2634 2631
f 2630 2633 2631
f 2630 2632 2633
f 2630 2634 2632
f 2630 2631 2634
v 0.141065169424 0.155761652383 -0.0355071881308
v 0.141065169424 0.152761652383 -0.0355071881308
v 0.139694851237 0.154261652383 -0.0361172930954
v 0.14243548761 0.154261652383 -0.0348970831661
v 0.140455064459 0.154261652383 -0.0341368699443
v 0.141675274388 0.154261652383 -0.0368775063172
f 2635 2637 2639
f 2635 2639 2638
f 2635 2638 2640
f 2635 2640 2637
f 2636 2639 2637
f 2636 2638 2639
f 2636 2640 2638
f 2636 2637 2640
v 0.140928785454 0.155761652383 -0.0351858876342
v 0.140928785454 0.152761652383 -0.0351858876342
v 0.139538009672 0.154261652383 -0.0357477975243
v 0.142319561236 0.154261652383 -0.034623977744
v 0.140366875564 0.154261652383 -0.0337951118523
v 0.141490695344 0.154261652383 -0.036576663416
f 2641 2643 2645
f 2641 2645 2644
f 2641 2644 2646
f 2641 2646 2643
f 2642 2645 2643
f 2642 2644 2645
f 2642 2646 2644
f 2642 2643 2646
v 0.140803697792 0.155761652383 -0.0348600231333
v 0.140803697792 0.152761652383 -0.0348600231333
v 0.139394158861 0.154261652383 -0.0353730533482
v 0.142213236723 0.154261652383 -0.0343469929183
v 0.140290667577 0.154261652383 -0.0334504842021
v 0.141316728007 0.154261652383 -0.0362695620644
f 2647 2649 2651
f 2647 2651 2650
f 2647 2650 2652
f 2647 2652 2649
f 2648 2651 2649
f 2648 2650 2651
f 2648 2652 2650
f 2648 2649 2652
v 0.140690058837 0.155761652383 -0.0345299916437
v 0.140690058837 0.152761652383 -0.0345299916437
v 0.139263474063 0.154261652383 -0.0349935171353
v 0.142116643611 0.154261652383 -0.0340664661522
v 0.140226533345 0.154261652383 -0.0331034068693
v 0.141153584329 0.154261652383 -0.0359565764182
f 2653 2655 2657
f 2653 2657 2656
f 2653 2656 2658
f 2653 2658 2655
f 2654 2657 2655
f 2654 2656 2657
f 2654 2658 2656
f 2654 2655 2658
v 0.140588007041 0.155761652383 -0.0341961952582
v 0.140588007041 0.152761652383 -0.0341961952582
v 0.139146114497 0.154261652383 -0.0346096512919
v 0.142029899585 0.154261652383 -0.0337827392244
v 0.140174551007 0.154261652383 -0.0327543027143
v 0.141001463074 0.154261652383 -0.0356380878021
f 2659 2661 2663
f 2659 2663 2662
f 2659 2662 2664
f 2659 2664 2661
f 2660 2663 2661
f 2660 2662 2663
f 2660 2664 2662
f 2660 2661 2664
v 0.140497666737 0.155761652383 -0.033859040656
v 0.140497666737 0.152761652383 -0.033859040656
v 0.139042223148 0.154261652383 -0.0342219234994
v 0.141953110327 0.154261652383 -0.0334961578126
v 0.140134783894 0.154261652383 -0.0324035970666
v 0.140860549581 0.154261652383 -0.0353144842454
f 2665 2667 2669
f 2665 2669 2668
f 2665 2668 2670
f 2665 2670 2667
f 2666 2669 2667
f 2666 2668 2669
f 2666 2670 2668
f 2666 2667 2670
v 0.140419147993 0.155761652383 -0.0335189386082
v 0.140419147993 0.152761652383 -0.0335189386082
v 0.138951926592 0.154261652383 -0.0338308061444
v 0.141886369394 0.154261652383 -0.033207071072
v 0.140107280456 0.154261652383 -0.0320517172071
v 0.140731015529 0.154261652383 -0.0349861600093
f 2671 2673 2675
f 2671 2675 2674
f 2671 2674 2676
f 2671 2676 2673
f 2672 2675 2673
f 2672 2674 2675
f 2672 2676 2674
f 2672 2673 2676
v 0.14035254647 0.155761652383 -0.0331763034767
v 0.14035254647 0.152761652383 -0.0331763034767
v 0.13887533484 0.154261652383 -0.0334367757432
v 0.141829758099 0.154261652383 -0.0329158312102
v 0.140092074203 0.154261652383 -0.0316990918472
v 0.140613018736 0.154261652383 -0.0346535151062
f 2677 2679 2681
f 2677 2681 2680
f 2677 2680 2682
f 2677 2682 2679
f 2678 2681 2679
f 2678 2680 2681
f 2678 2682 2680
f 2678 2679 2682
v 0.140297943313 0.155761652383 -0.0328315527096
v 0.140297943313 0.152761652383 -0.0328315527096
v 0.138812541209 0.154261652383 -0.033040312361
v 0.141783345416 0.154261652383 -0.0326227930582
v 0.140089183661 0.154261652383 -0.0313461506065
v 0.140506702964 0.154261652383 -0.0343169548127
f 2683 2685 2687
f 2683 2687 2686
f 2683 2686 2688
f 2683 2688 2685
f 2684 2687 2685
f 2684 2686 2687
f 2684 2688 2686
f 2684 2685 2688
v 0.140255405046 0.155761652383 -0.0324851063327
v 0.140255405046 0.152761652383 -0.0324851063327
v 0.138763622203 0.154261652383 -0.0326418990276
v 0.141747187889 0.154261652383 -0.0323283136378
v 0.140098612351 0.154261652383 -0.0309933234896
v 0.140412197741 0.154261652383 -0.0339768891757
f 2689 2691 2693
f 2689 2693 2692
f 2689 2692 2694
f 2689 2694 2691
f 2690 2693 2691
f 2690 2692 2693
f 2690 2694 2692
f 2690 2691 2694
v 0.140224983497 0.155761652383 -0.0321373864374
v 0.140224983497 0.152761652383 -0.0321373864374
v 0.138728637422 0.154261652383 -0.0322420211481
v 0.141721329573 0.154261652383 -0.0320327517268
v 0.140120348787 0.154261652383 -0.0306410403621
v 0.140329618208 0.154261652383 -0.0336337325128
f 2695 2697 2699
f 2695 2699 2698
f 2695 2698 2700
f 2695 2700 2697
f 2696 2699 2697
f 2696 2698 2699
f 2696 2700 2698
f 2696 2697 2700
v 0.14020671573 0.155761652383 -0.031788816667
v 0.14020671573 0.152761652383 -0.031788816667
v 0.138707629489 0.154261652383 -0.0318411659121
v 0.14170580197 0.154261652383 -0.031736467422
v 0.140154366485 0.154261652383 -0.0302897304265
v 0.140259064975 0.154261652383 -0.0332879029076
f 2701 2703 2705
f 2701 2705 2704
f 2701 2704 2706
f 2701 2706 2703
f 2702 2705 2703
f 2702 2704 2705
f 2702 2706 2704
f 2702 2703 2706
v 0.140200624 0.155761652383 -0.0314398217
v 0.140200624 0.152761652383 -0.0314398217
v 0.138700624 0.154261652383 -0.0314398217
v 0.141700624 0.154261652383 -0.0314398217
v 0.140200624 0.154261652383 -0.0299398217
v 0.140200624 0.154261652383 -0.0329398217
f 2707 2709 2711
f 2707 2711 2710
f 2707 2710 2712
f 2707 2712 2709
f 2708 2711 2709
f 2708 2710 2711
f 2708 2712 2710
f 2708 2709 2712
v 0.14020671573 0.155761652383 -0.031090826733
v 0.14020671573 0.152761652383 -0.031090826733
v 0.138707629489 0.154261652383 -0.0310384774879
v 0.14170580197 0.154261652383 -0.031143175978
v 0.140259064975 0.154261652383 -0.0295917404924
v 0.140154366485 0.154261652383 -0.0325899129735
f 2713 2715 2717
f 2713 2717 2716
f 2713 2716 2718
f 2713 2718 2715
f 2714 2717 2715
f 2714 2716 2717
f 2714 2718 2716
f 2714 2715 2718
v 0.140224983497 0.155761652383 -0.0307422569626
v 0.140224983497 0.152761652383 -0.0307422569626
v 0.138728637422 0.154261652383 -0.0306376222519
v 0.141721329573 0.154261652383 -0.0308468916732
v 0.140329618208 0.154261652383 -0.0292459108872
v 0.140120348787 0.154261652383 -0.0322386030379
f 2719 2721 2723
f 2719 2723 2722
f 2719 2722 2724
f 2719 2724 2721
f 2720 2723 2721
f 2720 2722 2723
f 2720 2724 2722
f 2720 2721 2724
v 0.140255405046 0.155761652383 -0.0303945370673
v 0.140255405046 0.152761652383 -0.0303945370673
v 0.138763622203 0.154261652383 -0.0302377443724
v 0.141747187889 0.154261652383 -0.0305513297622
v 0.140412197741 0.154261652383 -0.0289027542243
v 0.140098612351 0.154261652383 -0.0318863199104
f 2725 2727 2729
f 2725 2729 2728
f 2725 2728 2730
f 2725 2730 2727
f 2726 2729 2727
f 2726 2728 2729
f 2726 2730 2728
f 2726 2727 2730
v 0.140297943313 0.155761652383 -0.0300480906904
v 0.140297943313 0.152761652383 -0.0300480906904
v 0.138812541209 0.154261652383 -0.029839331039
v 0.141783345416 0.154261652383 -0.0302568503418
v 0.140506702964 0.154261652383 -0.0285626885873
v 0.140089183661 0.154261652383 -0.0315334927935
f 2731 2733 2735
f 2731 2735 2734
f 2731 2734 2736
f 2731 2736 2733
f 2732 2735 2733
f 2732 2734 2735
f 2732 2736 2734
f 2732 2733 2736
v 0.14035254647 0.155761652383 -0.0297033399233
v 0.14035254647 0.152761652383 -0.0297033399233
v 0.13887533484 0.154261652383 -0.0294428676568
v 0.141829758099 0.154261652383 -0.0299638121898
v 0.140613018736 0.154261652383 -0.0282261282938
v 0.140092074203 0.154261652383 -0.0311805515528
f 2737 2739 2741
f 2737 2741 2740
f 2737 2740 2742
f 2737 2742 2739
f 2738 2741 2739
f 2738 2740 2741
f 2738 2742 2740
f 2738 2739 2742
v 0.140419147993 0.155761652383 -0.0293607047918
v 0.140419147993 0.152761652383 -0.0293607047918
v 0.138951926592 0.154261652383 -0.0290488372556
v 0.141886369394 0.154261652383 -0.029672572328
v 0.140731015529 0.154261652383 -0.0278934833907
v 0.140107280456 0.154261652383 -0.0308279261929
f 2743 2745 2747
f 2743 2747 2746
f 2743 2746 2748
f 2743 2748 2745
f 2744 2747 2745
f 2744 2746 2747
f 2744 2748 2746
f 2744 2745 2748
v 0.140497666737 0.155761652383 -0.029020602744
v 0.140497666737 0.152761652383 -0.029020602744
v 0.139042223148 0.154261652383 -0.0286577199006
v 0.141953110327 0.154261652383 -0.0293834855874
v 0.140860549581 0.154261652383 -0.0275651591546
v 0.140134783894 0.154261652383 -0.0304760463334
f 2749 2751 2753
f 2749 2753 2752
f 2749 2752 2754
f 2749 2754 2751
f 2750 2753 2751
f 2750 2752 2753
f 2750 2754 2752
f 2750 2751 2754
v 0.140588007041 0.155761652383 -0.0286834481418
v 0.140588007041 0.152761652383 -0.0286834481418
v 0.139146114497 0.154261652383 -0.0282699921081
v 0.142029899585 0.154261652383 -0.0290969041756
v 0.141001463074 0.154261652383 -0.0272415555979
v 0.140174551007 0.154261652383 -0.0301253406857
f 2755 2757 2759
f 2755 2759 2758
f 2755 2758 2760
f 2755 2760 2757
f 2756 2759 2757
f 2756 2758 2759
f 2756 2760 2758
f 2756 2757 2760
v 0.140690058837 0.155761652383 -0.0283496517563
v 0.140690058837 0.152761652383 -0.0283496517563
v 0.139263474063 0.154261652383 -0.0278861262647
v 0.142116643611 0.154261652383 -0.0288131772478
v 0.141153584329 0.154261652383 -0.0269230669818
v 0.140226533345 0.154261652383 -0.0297762365307
f 2761 2763 2765
f 2761 2765 2764
f 2761 2764 2766
f 2761 2766 2763
f 2762 2765 2763
f 2762 2764 2765
f 2762 2766 2764
f 2762 2763 2766
v 0.140803697792 0.155761652383 -0.0280196202667
v 0.140803697792 0.152761652383 -0.0280196202667
v 0.139394158861 0.154261652383 -0.0275065900518
v 0.142213236723 0.154261652383 -0.0285326504817
v 0.141316728007 0.154261652383 -0.0266100813356
v 0.140290667577 0.154261652383 -0.0294291591979
f 2767 2769 2771
f 2767 2771 2770
f 2767 2770 2772
f 2767 2772 2769
f 2768 2771 2769
f 2768 2770 2771
f 2768 2772 2770
f 2768 2769 2772
v 0.140928785454 0.155761652383 -0.0276937557658
v 0.140928785454 0.152761652383 -0.0276937557658
v 0.139538009672 0.154261652383 -0.0271318458757
v 0.142319561236 0.154261652383 -0.028255665656
v 0.141490695344 0.154261652383 -0.026302979984
v 0.140366875564 0.154261652383 -0.0290845315477
f 2773 2775 2777
f 2773 2777 2776
f 2773 2776 2778
f 2773 2778 2775
f 2774 2777 2775
f 2774 2776 2777
f 2774 2778 2776
f 2774 2775 2778
v 0.141065169424 0.155761652383 -0.0273724552692
v 0.141065169424 0.152761652383 -0.0273724552692
v 0.139694851237 0.154261652383 -0.0267623503046
v 0.14243548761 0.154261652383 -0.0279825602339
v 0.141675274388 0.154261652383 -0.0260021370828
v 0.140455064459 0.154261652383 -0.0287427734557
f 2779 2781 2783
f 2779 2783 2782
f 2779 2782 2784
f 2779 2784 2781
f 2780 2783 2781
f 2780 2782 2783
f 2780 2784 2782
f 2780 2781 2784
v 0.141212683537 0.155761652383 -0.0270561102321
v 0.141212683537 0.152761652383 -0.0270561102321
v 0.139864492468 0.154261652383 -0.0263985535119
v 0.142560874606 0.154261652383 -0.0277136669523
v 0.141870240257 0.154261652383 -0.0257079191627
v 0.140555126817 0.154261652383 -0.0284043013016
f 2785 2787 2789
f 2785 2789 2788
f 2785 2788 2790
f 2785 2790 2787
f 2786 2789 2787
f 2786 2788 2789
f 2786 2790 2788
f 2786 2787 2790
v 0.141371148071 0.155761652383 -0.0267451060721
v 0.141371148071 0.152761652383 -0.0267451060721
v 0.140046726682 0.154261652383 -0.026040898728
v 0.142695569461 0.154261652383 -0.0274493134163
v 0.142075355416 0.154261652383 -0.0254206846829
v 0.140666940727 0.154261652383 -0.0280695274614
f 2791 2793 2795
f 2791 2795 2794
f 2791 2794 2796
f 2791 2796 2793
f 2792 2795 2793
f 2792 2794 2795
f 2792 2796 2794
f 2792 2793 2796
v 0.141540369962 0.155761652383 -0.0264398217
v 0.141540369962 0.152761652383 -0.0264398217
v 0.140241331856 0.154261652383 -0.0256898217
v 0.142839408068 0.154261652383 -0.0271898217
v 0.142290369962 0.154261652383 -0.0251407835943
v 0.140790369962 0.154261652383 -0.0277388598057
f 2797 2799 2801
f 2797 2801 2800
f 2797 2800 2802
f 2797 2802 2799
f 2798 2801 2799
f 2798 2800 2801
f 2798 2802 2800
f 2798 2799 2802
v 0.141720143038 0.155761652383 -0.0261406290577
v 0.141720143038 0.152761652383 -0.0261406290577
v 0.140448070894 0.154261652383 -0.0253457501613
v 0.142992215183 0.154261652383 -0.026935507954
v 0.142515021935 0.154261652383 -0.0248685569134
v 0.140925264142 0.154261652383 -0.0274127012019
f 2803 2805 2807
f 2803 2807 2806
f 2803 2806 2808
f 2803 2808 2805
f 2804 2807 2805
f 2804 2806 2807
f 2804 2808 2806
f 2804 2805 2808
v 0.141910248274 0.155761652383 -0.0258478926653
v 0.141910248274 0.152761652383 -0.0258478926653
v 0.140666691916 0.154261652383 -0.0250091033101
v 0.143153804633 0.154261652383 -0.0266866820205
v 0.14274903763 0.154261652383 -0.0246043363065
v 0.141071458919 0.154261652383 -0.0270914490241
f 2809 2811 2813
f 2809 2813 2812
f 2809 2812 2814
f 2809 2814 2811
f 2810 2813 2811
f 2810 2812 2813
f 2810 2814 2812
f 2810 2811 2814
v 0.142110454056 0.155761652383 -0.0255619691771
v 0.142110454056 0.152761652383 -0.0255619691771
v 0.140896928565 0.154261652383 -0.0246802912986
v 0.143323979548 0.154261652383 -0.0264436470555
v 0.142992131935 0.154261652383 -0.0243484436855
v 0.141228776178 0.154261652383 -0.0267754946686
f 2815 2817 2819
f 2815 2819 2818
f 2815 2818 2820
f 2815 2820 2817
f 2816 2819 2817
f 2816 2818 2819
f 2816 2820 2818
f 2816 2817 2820
v 0.142320516464 0.155761652383 -0.0252832069467
v 0.142320516464 0.152761652383 -0.0252832069467
v 0.141138500334 0.154261652383 -0.0243597147338
v 0.143502532594 0.154261652383 -0.0262066991597
v 0.143244008677 0.154261652383 -0.0241011908163
v 0.141397024251 0.154261652383 -0.0264652230772
f 2821 2823 2825
f 2821 2825 2824
f 2821 2824 2826
f 2821 2826 2823
f 2822 2825 2823
f 2822 2824 2825
f 2822 2826 2824
f 2822 2823 2826
v 0.142540179569 0.155761652383 -0.0250119456031
v 0.142540179569 0.152761652383 -0.0250119456031
v 0.141391112904 0.154261652383 -0.0240477641886
v 0.143689246233 0.154261652383 -0.0259761270177
v 0.143504360983 0.154261652383 -0.0238628789385
v 0.141575998154 0.154261652383 -0.0261610122678
f 2827 2829 2831
f 2827 2831 2830
f 2827 2830 2832
f 2827 2832 2829
f 2828 2831 2829
f 2828 2830 2831
f 2828 2832 2830
f 2828 2829 2832
v 0.142769175745 0.155761652383 -0.0247485156364
v 0.142769175745 0.152761652383 -0.0247485156364
v 0.141654458507 0.154261652383 -0.0237448197269
v 0.143883892983 0.154261652383 -0.0257522115459
v 0.143772871655 0.154261652383 -0.0236337983982
v 0.141765479836 0.154261652383 -0.0258632328746
f 2833 2835 2837
f 2833 2837 2836
f 2833 2836 2838
f 2833 2838 2835
f 2834 2837 2835
f 2834 2836 2837
f 2834 2838 2836
f 2834 2835 2838
v 0.143007225997 0.155761652383 -0.0244932379954
v 0.143007225997 0.152761652383 -0.0244932379954
v 0.141928216296 0.154261652383 -0.0234512504397
v 0.144086235697 0.154261652383 -0.0255352255511
v 0.144049213552 0.154261652383 -0.0234142282949
v 0.141965238441 0.154261652383 -0.0255722476959
f 2839 2841 2843
f 2839 2843 2842
f 2839 2842 2844
f 2839 2844 2841
f 2840 2843 2841
f 2840 2842 2843
f 2840 2844 2842
f 2840 2841 2844
v 0.143254040295 0.155761652383 -0.0242464236966
v 0.143254040295 0.152761652383 -0.0242464236966
v 0.14221205274 0.154261652383 -0.0231674139961
v 0.144296027851 0.154261652383 -0.0253254333971
v 0.144333049996 0.154261652383 -0.0232044361409
v 0.142175030595 0.154261652383 -0.0252884112523
f 2845 2847 2849
f 2845 2849 2848
f 2845 2848 2850
f 2845 2850 2847
f 2846 2849 2847
f 2846 2848 2849
f 2846 2850 2848
f 2846 2847 2850
v 0.143509317936 0.155761652383 -0.0240083734452
v 0.143509317936 0.152761652383 -0.0240083734452
v 0.142505622027 0.154261652383 -0.022893656207
v 0.144513013846 0.154261652383 -0.0251230906834
v 0.144624035175 0.154261652383 -0.0230046775357
v 0.142394600698 0.154261652383 -0.0250120693548
f 2851 2853 2855
f 2851 2855 2854
f 2851 2854 2856
f 2851 2856 2853
f 2852 2855 2853
f 2852 2854 2855
f 2852 2856 2854
f 2852 2853 2856
v 0.143772747903 0.155761652383 -0.0237793772688
v 0.143772747903 0.152761652383 -0.0237793772688
v 0.142808566489 0.154261652383 -0.0226303106041
v 0.144736929318 0.154261652383 -0.0249284439335
v 0.144921814568 0.154261652383 -0.0228151958543
v 0.142623681238 0.154261652383 -0.0247435586833
f 2857 2859 2861
f 2857 2861 2860
f 2857 2860 2862
f 2857 2862 2859
f 2858 2861 2859
f 2858 2860 2861
f 2858 2862 2860
f 2858 2859 2862
v 0.144044009247 0.155761652383 -0.0235597141639
v 0.144044009247 0.152761652383 -0.0235597141639
v 0.143120517034 0.154261652383 -0.0223776980335
v 0.14496750146 0.154261652383 -0.0247417302943
v 0.145226025377 0.154261652383 -0.0226362219509
v 0.142861993116 0.154261652383 -0.0244832063769
f 2863 2865 2867
f 2863 2867 2866
f 2863 2866 2868
f 2863 2868 2865
f 2864 2867 2865
f 2864 2866 2867
f 2864 2868 2866
f 2864 2865 2868
v 0.144322771477 0.155761652383 -0.0233496517563
v 0.144322771477 0.152761652383 -0.0233496517563
v 0.143441093599 0.154261652383 -0.0221361262647
v 0.145204449356 0.154261652383 -0.0245631772478
v 0.145536296969 0.154261652383 -0.0224679738778
v 0.143109245986 0.154261652383 -0.0242313296347
f 2869 2871 2873
f 2869 2873 2872
f 2869 2872 2874
f 2869 2874 2871
f 2870 2873 2871
f 2870 2872 2873
f 2870 2874 2872
f 2870 2871 2874
v 0.144608694965 0.155761652383 -0.0231494459744
v 0.144608694965 0.152761652383 -0.0231494459744
v 0.14376990561 0.154261652383 -0.0219058896156
v 0.14544748432 0.154261652383 -0.0243930023333
v 0.145852251324 0.154261652383 -0.0223106566192
v 0.143365138606 0.154261652383 -0.0239882353297
f 2875 2877 2879
f 2875 2879 2878
f 2875 2878 2880
f 2875 2880 2877
f 2876 2879 2877
f 2876 2878 2879
f 2876 2880 2878
f 2876 2877 2880
v 0.144901431358 0.155761652383 -0.0229593407384
v 0.144901431358 0.152761652383 -0.0229593407384
v 0.144106552461 0.154261652383 -0.0216872685942
v 0.145696310254 0.154261652383 -0.0242314128827
v 0.146173503502 0.154261652383 -0.0221644618421
v 0.143629359213 0.154261652383 -0.0237542196348
f 2881 2883 2885
f 2881 2885 2884
f 2881 2884 2886
f 2881 2886 2883
f 2882 2885 2883
f 2882 2884 2885
f 2882 2886 2884
f 2882 2883 2886
v 0.145200624 0.155761652383 -0.0227795676622
v 0.145200624 0.152761652383 -0.0227795676622
v 0.144450624 0.154261652383 -0.0214805295565
v 0.145950624 0.154261652383 -0.0240786057678
v 0.146499662106 0.154261652383 -0.0220295676622
v 0.143901585894 0.154261652383 -0.0235295676622
f 2887 2889 2891
f 2887 2891 2890
f 2887 2890 2892
f 2887 2892 2889
f 2888 2891 2889
f 2888 2890 2891
f 2888 2892 2890
f 2888 2889 2892
v 0.145505908372 0.155761652383 -0.0226103457714
v 0.145505908372 0.152761652383 -0.0226103457714
v 0.144801701028 0.154261652383 -0.0212859243821
v 0.146210115716 0.154261652383 -0.0239347671607
v 0.146830329761 0.154261652383 -0.0219061384272
v 0.144181486983 0.154261652383 -0.0233145531156
f 2893 2895 2897
f 2893 2897 2896
f 2893 2896 2898
f 2893 2898 2895
f 2894 2897 2895
f 2894 2896 2897
f 2894 2898 2896
f 2894 2895 2898
v 0.145816912532 0.155761652383 -0.022451881237
v 0.145816912532 0.152761652383 -0.022451881237
v 0.145159355812 0.154261652383 -0.0211036901676
v 0.146474469252 0.154261652383 -0.0238000723065
v 0.147165103602 0.154261652383 -0.0217943245168
v 0.144468721463 0.154261652383 -0.0231094379572
f 2899 2901 2903
f 2899 2903 2902
f 2899 2902 2904
f 2899 2904 2901
f 2900 2903 2901
f 2900 2902 2903
f 2900 2904 2902
f 2900 2901 2904
v 0.146133257569 0.155761652383 -0.0223043671236
v 0.146133257569 0.152761652383 -0.0223043671236
v 0.145523152605 0.154261652383 -0.0209340489371
v 0.146743362534 0.154261652383 -0.02367468531
v 0.147503575756 0.154261652383 -0.021694262159
v 0.144762939383 0.154261652383 -0.0229144720882
f 2905 2907 2909
f 2905 2909 2908
f 2905 2908 2910
f 2905 2910 2907
f 2906 2909 2907
f 2906 2908 2909
f 2906 2910 2908
f 2906 2907 2910
v 0.146454558066 0.155761652383 -0.0221679831543
v 0.146454558066 0.152761652383 -0.0221679831543
v 0.145892648176 0.154261652383 -0.0207772073725
v 0.147016467956 0.154261652383 -0.0235587589362
v 0.147845333848 0.154261652383 -0.0216060732642
v 0.145063782284 0.154261652383 -0.0227298930445
f 2911 2913 2915
f 2911 2915 2914
f 2911 2914 2916
f 2911 2916 2913
f 2912 2915 2913
f 2912 2914 2915
f 2912 2916 2914
f 2912 2913 2916
v 0.146780422567 0.155761652383 -0.0220428954921
v 0.146780422567 0.152761652383 -0.0220428954921
v 0.146267392352 0.154261652383 -0.020633356561
v 0.147293452782 0.154261652383 -0.0234524344233
v 0.148189961498 0.154261652383 -0.0215298652772
v 0.145370883636 0.154261652383 -0.0225559257071
f 2917 2919 2921
f 2917 2921 2920
f 2917 2920 2922
f 2917 2922 2919
f 2918 2921 2919
f 2918 2920 2921
f 2918 2922 2920
f 2918 2919 2922
v 0.147110454056 0.155761652383 -0.021929256537
v 0.147110454056 0.152761652383 -0.021929256537
v 0.146646928565 0.154261652383 -0.0205026717626
v 0.147573979548 0.154261652383 -0.0233558413115
v 0.148537038831 0.154261652383 -0.0214657310455
v 0.145683869282 0.154261652383 -0.0223927820286
f 2923 2925 2927
f 2923 2927 2926
f 2923 2926 2928
f 2923 2928 2925
f 2924 2927 2925
f 2924 2926 2927
f 2924 2928 2926
f 2924 2925 2928
v 0.147444250442 0.155761652383 -0.0218272047406
v 0.147444250442 0.152761652383 -0.0218272047406
v 0.147030794408 0.154261652383 -0.0203853121967
v 0.147857706476 0.154261652383 -0.0232690972845
v 0.148886142986 0.154261652383 -0.0214137487069
v 0.146002357898 0.154261652383 -0.0222406607743
f 2929 2931 2933
f 2929 2933 2932
f 2929 2932 2934
f 2929 2934 2931
f 2930 2933 2931
f 2930 2932 2933
f 2930 2934 2932
f 2930 2931 2934
v 0.147781405044 0.155761652383 -0.0217368644372
v 0.147781405044 0.152761652383 -0.0217368644372
v 0.147418522201 0.154261652383 -0.0202814208478
v 0.148144287887 0.154261652383 -0.0231923080267
v 0.149236848633 0.154261652383 -0.0213739815938
v 0.146325961455 0.154261652383 -0.0220997472806
f 2935 2937 2939
f 2935 2939 2938
f 2935 2938 2940
f 2935 2940 2937
f 2936 2939 2937
f 2936 2938 2939
f 2936 2940 2938
f 2936 2937 2940
v 0.148121507092 0.155761652383 -0.0216583456927
v 0.148121507092 0.152761652383 -0.0216583456927
v 0.147809639556 0.154261652383 -0.0201911242916
v 0.148433374628 0.154261652383 -0.0231255670938
v 0.149588728493 0.154261652383 -0.0213464781564
v 0.146654285691 0.154261652383 -0.0219702132289
f 2941 2943 2945
f 2941 2945 2944
f 2941 2944 2946
f 2941 2946 2943
f 2942 2945 2943
f 2942 2944 2945
f 2942 2946 2944
f 2942 2943 2946
v 0.148464142223 0.155761652383 -0.0215917441699
v 0.148464142223 0.152761652383 -0.0215917441699
v 0.148203669957 0.154261652383 -0.0201145325404
v 0.14872461449 0.154261652383 -0.0230689557994
v 0.149941353853 0.154261652383 -0.0213312719034
v 0.146986930594 0.154261652383 -0.0218522164364
f 2947 2949 2951
f 2947 2951 2950
f 2947 2950 2952
f 2947 2952 2949
f 2948 2951 2949
f 2948 2950 2951
f 2948 2952 2950
f 2948 2949 2952
v 0.14880889299 0.155761652383 -0.0215371410126
v 0.14880889299 0.152761652383 -0.0215371410126
v 0.148600133339 0.154261652383 -0.0200517389095
v 0.149017652642 0.154261652383 -0.0230225431157
v 0.150294295094 0.154261652383 -0.0213283813611
v 0.147323490887 0.154261652383 -0.021745900664
f 2953 2955 2957
f 2953 2957 2956
f 2953 2956 2958
f 2953 2958 2955
f 2954 2957 2955
f 2954 2956 2957
f 2954 2958 2956
f 2954 2955 2958
v 0.149155339367 0.155761652383 -0.0214946027463
v 0.149155339367 0.152761652383 -0.0214946027463
v 0.148998546672 0.154261652383 -0.0200028199033
v 0.149312132062 0.154261652383 -0.0229863855894
v 0.15064712221 0.154261652383 -0.0213378100514
v 0.147663556524 0.154261652383 -0.0216513954412
f 2959 2961 2963
f 2959 2963 2962
f 2959 2962 2964
f 2959 2964 2961
f 2960 2963 2961
f 2960 2962 2963
f 2960 2964 2962
f 2960 2961 2964
v 0.149503059263 0.155761652383 -0.0214641811974
v 0.149503059263 0.152761652383 -0.0214641811974
v 0.149398424552 0.154261652383 -0.019967835122
v 0.149607693973 0.154261652383 -0.0229605272728
v 0.150999405338 0.154261652383 -0.0213595464868
v 0.148006713187 0.154261652383 -0.021568815908
f 2965 2967 2969
f 2965 2969 2968
f 2965 2968 2970
f 2965 2970 2967
f 2966 2969 2967
f 2966 2968 2969
f 2966 2970 2968
f 2966 2967 2970
v 0.149851629033 0.155761652383 -0.0214459134298
v 0.149851629033 0.152761652383 -0.0214459134298
v 0.149799279788 0.154261652383 -0.0199468271893
v 0.149903978278 0.154261652383 -0.0229449996703
v 0.151350715274 0.154261652383 -0.0213935641848
v 0.148352542792 0.154261652383 -0.0214982626749
f 2971 2973 2975
f 2971 2975 2974
f 2971 2974 2976
f 2971 2976 2973
f 2972 2975 2973
f 2972 2974 2975
f 2972 2976 2974
f 2972 2973 2976
v 0.150200624 0.155761652383 -0.0214398217
v 0.150200624 0.152761652383 -0.0214398217
v 0.150200624 0.154261652383 -0.0199398217
v 0.150200624 0.154261652383 -0.0229398217
v 0.151700624 0.154261652383 -0.0214398217
v 0.148700624 0.154261652383 -0.0214398217
f 2977 2979 2981
f 2977 2981 2980
f 2977 2980 2982
f 2977 2982 2979
f 2978 2981 2979
f 2978 2980 2981
f 2978 2982 2980
f 2978 2979 2982
v 0.150549618967 0.155761652383 -0.0214459134298
v 0.150549618967 0.152761652383 -0.0214459134298
v 0.150601968212 0.154261652383 -0.0199468271893
v 0.150497269722 0.154261652383 -0.0229449996703
v 0.152048705208 0.154261652383 -0.0214982626749
v 0.149050532726 0.154261652383 -0.0213935641848
f 2983 2985 2987
f 2983 2987 2986
f 2983 2986 2988
f 2983 2988 2985
f 2984 2987 2985
f 2984 2986 2987
f 2984 2988 2986
f 2984 2985 2988
v 0.160176264503 0.155761652383 -0.0321373864374
v 0.160176264503 0.152761652383 -0.0321373864374
v 0.161672610578 0.154261652383 -0.0322420211481
v 0.158679918427 0.154261652383 -0.0320327517268
v 0.160071629792 0.154261652383 -0.0336337325128
v 0.160280899213 0.154261652383 -0.0306410403621
f 2989 2991 2993
f 2989 2993 2992
f 2989 2992 2994
f 2989 2994 2991
f 2990 2993 2991
f 2990 2992 2993
f 2990 2994 2992
f 2990 2991 2994
v 0.160145842954 0.155761652383 -0.0324851063327
v 0.160145842954 0.152761652383 -0.0324851063327
v 0.161637625797 0.154261652383 -0.0326418990276
v 0.158654060111 0.154261652383 -0.0323283136378
v 0.159989050259 0.154261652383 -0.0339768891757
v 0.160302635649 0.154261652383 -0.0309933234896
f 2995 2997 2999
f 2995 2999 2998
f 2995 2998 3000
f 2995 3000 2997
f 2996 2999 2997
f 2996 2998 2999
f 2996 3000 2998
f 2996 2997 3000
v 0.160103304687 0.155761652383 -0.0328315527096
v 0.160103304687 0.152761652383 -0.0328315527096
v 0.161588706791 0.154261652383 -0.033040312361
v 0.158617902584 0.154261652383 -0.0326227930582
v 0.159894545036 0.154261652383 -0.0343169548127
v 0.160312064339 0.154261652383 -0.0313461506065
f 3001 3003 3005
f 3001 3005 3004
f 3001 3004 3006
f 3001 3006 3003
f 3002 3005 3003
f 3002 3004 3005
f 3002 3006 3004
f 3002 3003 3006
v 0.16004870153 0.155761652383 -0.0331763034767
v 0.16004870153 0.152761652383 -0.0331763034767
v 0.16152591316 0.154261652383 -0.0334367757432
v 0.158571489901 0.154261652383 -0.0329158312102
v 0.159788229264 0.154261652383 -0.0346535151062
v 0.160309173797 0.154261652383 -0.0316990918472
f 3007 3009 3011
f 3007 3011 3010
f 3007 3010 3012
f 3007 3012 3009
f 3008 3011 3009
f 3008 3010 3011
f 3008 3012 3010
f 3008 3009 3012
v 0.159982100007 0.155761652383 -0.0335189386082
v 0.159982100007 0.152761652383 -0.0335189386082
v 0.161449321408 0.154261652383 -0.0338308061444
v 0.158514878606 0.154261652383 -0.033207071072
v 0.159670232471 0.154261652383 -0.0349861600093
v 0.160293967544 0.154261652383 -0.0320517172071
f 3013 3015 3017
f 3013 3017 3016
f 3013 3016 3018
f 3013 3018 3015
f 3014 3017 3015
f 3014 3016 3017
f 3014 3018 3016
f 3014 3015 3018
v 0.159903581263 0.155761652383 -0.033859040656
v 0.159903581263 0.152761652383 -0.033859040656
v 0.161359024852 0.154261652383 -0.0342219234994
v 0.158448137673 0.154261652383 -0.0334961578126
v 0.159540698419 0.154261652383 -0.0353144842454
v 0.160266464106 0.154261652383 -0.0324035970666
f 3019 3021 3023
f 3019 3023 3022
f 3019 3022 3024
f 3019 3024 3021
f 3020 3023 3021
f 3020 3022 3023
f 3020 3024 3022
f 3020 3021 3024
v 0.159813240959 0.155761652383 -0.0341961952582
v 0.159813240959 0.152761652383 -0.0341961952582
v 0.161255133503 0.154261652383 -0.0346096512919
v 0.158371348415 0.154261652383 -0.0337827392244
v 0.159399784926 0.154261652383 -0.0356380878021
v 0.160226696993 0.154261652383 -0.0327543027143
f 3025 3027 3029
f 3025 3029 3028
f 3025 3028 3030
f 3025 3030 3027
f 3026 3029 3027
f 3026 3028 3029
f 3026 3030 3028
f 3026 3027 3030
v 0.159711189163 0.155761652383 -0.0345299916437
v 0.159711189163 0.152761652383 -0.0345299916437
v 0.161137773937 0.154261652383 -0.0349935171353
v 0.158284604389 0.154261652383 -0.0340664661522
v 0.159247663671 0.154261652383 -0.0359565764182
v 0.160174714655 0.154261652383 -0.0331034068693
f 3031 3033 3035
f 3031 3035 3034
f 3031 3034 3036
f 3031 3036 3033
f 3032 3035 3033
f 3032 3034 3035
f 3032 3036 3034
f 3032 3033 3036
v 0.159597550208 0.155761652383 -0.0348600231333
v 0.159597550208 0.152761652383 -0.0348600231333
v 0.161007089139 0.154261652383 -0.0353730533482
v 0.158188011277 0.154261652383 -0.0343469929183
v 0.159084519993 0.154261652383 -0.0362695620644
v 0.160110580423 0.154261652383 -0.0334504842021
f 3037 3039 3041
f 3037 3041 3040
f 3037 3040 3042
f 3037 3042 3039
f 3038 3041 3039
f 3038 3040 3041
f 3038 3042 3040
f 3038 3039 3042
v 0.159472462546 0.155761652383 -0.0351858876342
v 0.159472462546 0.152761652383 -0.0351858876342
v 0.160863238328 0.154261652383 -0.0357477975243
v 0.158081686764 0.154261652383 -0.034623977744
v 0.158910552656 0.154261652383 -0.036576663416
v 0.160034372436 0.154261652383 -0.0337951118523
f 3043 3045 3047
f 3043 3047 3046
f 3043 3046 3048
f 3043 3048 3045
f 3044 3047 3045
f 3044 3046 3047
f 3044 3048 3046
f 3044 3045 3048
v 0.159336078576 0.155761652383 -0.0355071881308
v 0.159336078576 0.152761652383 -0.0355071881308
v 0.160706396763 0.154261652383 -0.0361172930954
v 0.15796576039 0.154261652383 -0.0348970831661
v 0.158725973612 0.154261652383 -0.0368775063172
v 0.159946183541 0.154261652383 -0.0341368699443
f 3049 3051 3053
f 3049 3053 3052
f 3049 3052 3054
f 3049 3054 3051
f 3050 3053 3051
f 3050 3052 3053
f 3050 3054 3052
f 3050 3051 3054
v 0.159188564463 0.155761652383 -0.0358235331679
v 0.159188564463 0.152761652383 -0.0358235331679
v 0.160536755532 0.154261652383 -0.0364810898881
v 0.157840373394 0.154261652383 -0.0351659764477
v 0.158531007743 0.154261652383 -0.0371717242373
v 0.159846121183 0.154261652383 -0.0344753420984
f 3055 3057 3059
f 3055 3059 3058
f 3055 3058 3060
f 3055 3060 3057
f 3056 3059 3057
f 3056 3058 3059
f 3056 3060 3058
f 3056 3057 3060
v 0.159030099929 0.155761652383 -0.0361345373279
v 0.159030099929 0.152761652383 -0.0361345373279
v 0.160354521318 0.154261652383 -0.036838744672
v 0.157705678539 0.154261652383 -0.0354303299837
v 0.158325892584 0.154261652383 -0.0374589587171
v 0.159734307273 0.154261652383 -0.0348101159386
f 3061 3063 3065
f 3061 3065 3064
f 3061 3064 3066
f 3061 3066 3063
f 3062 3065 3063
f 3062 3064 3065
f 3062 3066 3064
f 3062 3063 3066
v 0.158860878038 0.155761652383 -0.0364398217
v 0.158860878038 0.152761652383 -0.0364398217
v 0.160159916144 0.154261652383 -0.0371898217
v 0.157561839932 0.154261652383 -0.0356898217
v 0.158110878038 0.154261652383 -0.0377388598057
v 0.159610878038 0.154261652383 -0.0351407835943
f 3067 3069 3071
f 3067 3071 3070
f 3067 3070 3072
f 3067 3072 3069
f 3068 3071 3069
f 3068 3070 3071
f 3068 3072 3070
f 3068 3069 3072
v 0.158681104962 0.155761652383 -0.0367390143423
v 0.158681104962 0.152761652383 -0.0367390143423
v 0.159953177106 0.154261652383 -0.0375338932387
v 0.157409032817 0.154261652383 -0.035944135446
v 0.157886226065 0.154261652383 -0.0380110864866
v 0.159475983858 0.154261652383 -0.0354669421981
f 3073 3075 3077
f 3073 3077 3076
f 3073 3076 3078
f 3073 3078 3075
f 3074 3077 3075
f 3074 3076 3077
f 3074 3078 3076
f 3074 3075 3078
v 0.158490999726 0.155761652383 -0.0370317507347
v 0.158490999726 0.152761652383 -0.0370317507347
v 0.159734556084 0.154261652383 -0.0378705400899
v 0.157247443367 0.154261652383 -0.0361929613795
v 0.15765221037 0.154261652383 -0.0382753070935
v 0.159329789081 0.154261652383 -0.0357881943759
f 3079 3081 3083
f 3079 3083 3082
f 3079 3082 3084
f 3079 3084 3081
f 3080 3083 3081
f 3080 3082 3083
f 3080 3084 3082
f 3080 3081 3084
v 0.158290793944 0.155761652383 -0.0373176742229
v 0.158290793944 0.152761652383 -0.0373176742229
v 0.159504319435 0.154261652383 -0.0381993521014
v 0.157077268452 0.154261652383 -0.0364359963445
v 0.157409116065 0.154261652383 -0.0385311997145
v 0.159172471822 0.154261652383 -0.0361041487314
f 3085 3087 3089
f 3085 3089 3088
f 3085 3088 3090
f 3085 3090 3087
f 3086 3089 3087
f 3086 3088 3089
f 3086 3090 3088
f 3086 3087 3090
v 0.158080731536 0.155761652383 -0.0375964364533
v 0.158080731536 0.152761652383 -0.0375964364533
v 0.159262747666 0.154261652383 -0.0385199286662
v 0.156898715406 0.154261652383 -0.0366729442403
v 0.157157239323 0.154261652383 -0.0387784525837
v 0.159004223749 0.154261652383 -0.0364144203228
f 3091 3093 3095
f 3091 3095 3094
f 3091 3094 3096
f 3091 3096 3093
f 3092 3095 3093
f 3092 3094 3095
f 3092 3096 3094
f 3092 3093 3096
v 0.157861068431 0.155761652383 -0.0378676977969
v 0.157861068431 0.152761652383 -0.0378676977969
v 0.159010135096 0.154261652383 -0.0388318792114
v 0.156712001767 0.154261652383 -0.0369035163823
v 0.156896887017 0.154261652383 -0.0390167644615
v 0.158825249846 0.154261652383 -0.0367186311322
f 3097 3099 3101
f 3097 3101 3100
f 3097 3100 3102
f 3097 3102 3099
f 3098 3101 3099
f 3098 3100 3101
f 3098 3102 3100
f 3098 3099 3102
v 0.157632072255 0.155761652383 -0.0381311277636
v 0.157632072255 0.152761652383 -0.0381311277636
v 0.158746789493 0.154261652383 -0.0391348236731
v 0.156517355017 0.154261652383 -0.0371274318541
v 0.156628376345 0.154261652383 -0.0392458450018
v 0.158635768164 0.154261652383 -0.0370164105254
f 3103 3105 3107
f 3103 3107 3106
f 3103 3106 3108
f 3103 3108 3105
f 3104 3107 3105
f 3104 3106 3107
f 3104 3108 3106
f 3104 3105 3108
v 0.157394022003 0.155761652383 -0.0383864054046
v 0.157394022003 0.152761652383 -0.0383864054046
v 0.158473031704 0.154261652383 -0.0394283929603
v 0.156315012303 0.154261652383 -0.0373444178489
v 0.156352034448 0.154261652383 -0.0394654151051
v 0.158436009559 0.154261652383 -0.0373073957041
f 3109 3111 3113
f 3109 3113 3112
f 3109 3112 3114
f 3109 3114 3111
f 3110 3113 3111
f 3110 3112 3113
f 3110 3114 3112
f 3110 3111 3114
v 0.157147207705 0.155761652383 -0.0386332197034
v 0.157147207705 0.152761652383 -0.0386332197034
v 0.15818919526 0.154261652383 -0.0397122294039
v 0.156105220149 0.154261652383 -0.0375542100029
v 0.156068198004 0.154261652383 -0.0396752072591
v 0.158226217405 0.154261652383 -0.0375912321477
f 3115 3117 3119
f 3115 3119 3118
f 3115 3118 3120
f 3115 3120 3117
f 3116 3119 3117
f 3116 3118 3119
f 3116 3120 3118
f 3116 3117 3120
v 0.156891930064 0.155761652383 -0.0388712699548
v 0.156891930064 0.152761652383 -0.0388712699548
v 0.157895625973 0.154261652383 -0.039985987193
v 0.155888234154 0.154261652383 -0.0377565527166
v 0.155777212825 0.154261652383 -0.0398749658643
v 0.158006647302 0.154261652383 -0.0378675740452
f 3121 3123 3125
f 3121 3125 3124
f 3121 3124 3126
f 3121 3126 3123
f 3122 3125 3123
f 3122 3124 3125
f 3122 3126 3124
f 3122 3123 3126
v 0.156628500097 0.155761652383 -0.0391002661312
v 0.156628500097 0.152761652383 -0.0391002661312
v 0.157592681511 0.154261652383 -0.0402493327959
v 0.155664318682 0.154261652383 -0.0379511994665
v 0.155479433432 0.154261652383 -0.0400644475457
v 0.157777566762 0.154261652383 -0.0381360847167
f 3127 3129 3131
f 3127 3131 3130
f 3127 3130 3132
f 3127 3132 3129
f 3128 3131 3129
f 3128 3130 3131
f 3128 3132 3130
f 3128 3129 3132
v 0.156357238753 0.155761652383 -0.0393199292361
v 0.156357238753 0.152761652383 -0.0393199292361
v 0.157280730966 0.154261652383 -0.0405019453665
v 0.15543374654 0.154261652383 -0.0381379131057
v 0.155175222623 0.154261652383 -0.0402434214491
v 0.157539254884 0.154261652383 -0.0383964370231
f 3133 3135 3137
f 3133 3137 3136
f 3133 3136 3138
f 3133 3138 3135
f 3134 3137 3135
f 3134 3136 3137
f 3134 3138 3136
f 3134 3135 3138
v 0.156078476523 0.155761652383 -0.0395299916437
v 0.156078476523 0.152761652383 -0.0395299916437
v 0.156960154401 0.154261652383 -0.0407435171353
v 0.155196798644 0.154261652383 -0.0383164661522
v 0.154864951031 0.154261652383 -0.0404116695222
v 0.157292002014 0.154261652383 -0.0386483137653
f 3139 3141 3143
f 3139 3143 3142
f 3139 3142 3144
f 3139 3144 3141
f 3140 3143 3141
f 3140 3142 3143
f 3140 3144 3142
f 3140 3141 3144
v 0.155792553035 0.155761652383 -0.0397301974256
v 0.155792553035 0.152761652383 -0.0397301974256
v 0.15663134239 0.154261652383 -0.0409737537844
v 0.15495376368 0.154261652383 -0.0384866410667
v 0.154548996676 0.154261652383 -0.0405689867808
v 0.157036109394 0.154261652383 -0.0388914080703
f 3145 3147 3149
f 3145 3149 3148
f 3145 3148 3150
f 3145 3150 3147
f 3146 3149 3147
f 3146 3148 3149
f 3146 3150 3148
f 3146 3147 3150
v 0.155499816642 0.155761652383 -0.0399203026616
v 0.155499816642 0.152761652383 -0.0399203026616
v 0.156294695539 0.154261652383 -0.0411923748058
v 0.154704937746 0.154261652383 -0.0386482305173
v 0.154227744498 0.154261652383 -0.0407151815579
v 0.156771888787 0.154261652383 -0.0391254237652
f 3151 3153 3155
f 3151 3155 3154
f 3151 3154 3156
f 3151 3156 3153
f 3152 3155 3153
f 3152 3154 3155
f 3152 3156 3154
f 3152 3153 3156
v 0.155200624 0.155761652383 -0.0401000757378
v 0.155200624 0.152761652383 -0.0401000757378
v 0.155950624 0.154261652383 -0.0413991138435
v 0.154450624 0.154261652383 -0.0388010376322
v 0.153901585894 0.154261652383 -0.0408500757378
v 0.156499662106 0.154261652383 -0.0393500757378
f 3157 3159 3161
f 3157 3161 3160
f 3157 3160 3162
f 3157 3162 3159
f 3158 3161 3159
f 3158 3160 3161
f 3158 3162 3160
f 3158 3159 3162
v 0.154895339628 0.155761652383 -0.0402692976286
v 0.154895339628 0.152761652383 -0.0402692976286
v 0.155599546972 0.154261652383 -0.0415937190179
v 0.154191132284 0.154261652383 -0.0389448762393
v 0.153570918239 0.154261652383 -0.0409735049728
v 0.156219761017 0.154261652383 -0.0395650902844
f 3163 3165 3167
f 3163 3167 3166
f 3163 3166 3168
f 3163 3168 3165
f 3164 3167 3165
f 3164 3166 3167
f 3164 3168 3166
f 3164 3165 3168
v 0.154584335468 0.155761652383 -0.040427762163
v 0.154584335468 0.152761652383 -0.040427762163
v 0.155241892188 0.154261652383 -0.0417759532324
v 0.153926778748 0.154261652383 -0.0390795710935
v 0.153236144398 0.154261652383 -0.0410853188832
v 0.155932526537 0.154261652383 -0.0397702054428
f 3169 3171 3173
f 3169 3173 3172
f 3169 3172 3174
f 3169 3174 3171
f 3170 3173 3171
f 3170 3172 3173
f 3170 3174 3172
f 3170 3171 3174
v 0.154267990431 0.155761652383 -0.0405752762764
v 0.154267990431 0.152761652383 -0.0405752762764
v 0.154878095395 0.154261652383 -0.0419455944629
v 0.153657885466 0.154261652383 -0.03920495809
v 0.152897672244 0.154261652383 -0.041185381241
v 0.155638308617 0.154261652383 -0.0399651713118
f 3175 3177 3179
f 3175 3179 3178
f 3175 3178 3180
f 3175 3180 3177
f 3176 3179 3177
f 3176 3178 3179
f 3176 3180 3178
f 3176 3177 3180
v 0.153946689934 0.155761652383 -0.0407116602457
v 0.153946689934 0.152761652383 -0.0407116602457
v 0.154508599824 0.154261652383 -0.0421024360275
v 0.153384780044 0.154261652383 -0.0393208844638
v 0.152555914152 0.154261652383 -0.0412735701358
v 0.155337465716 0.154261652383 -0.0401497503555
f 3181 3183 3185
f 3181 3185 3184
f 3181 3184 3186
f 3181 3186 3183
f 3182 3185 3183
f 3182 3184 3185
f 3182 3186 3184
f 3182 3183 3186
v 0.153620825433 0.155761652383 -0.0408367479079
v 0.153620825433 0.152761652383 -0.0408367479079
v 0.154133855648 0.154261652383 -0.042246286839
v 0.153107795218 0.154261652383 -0.0394272089767
v 0.152211286502 0.154261652383 -0.0413497781228
v 0.155030364364 0.154261652383 -0.0403237176929
f 3187 3189 3191
f 3187 3191 3190
f 3187 3190 3192
f 3187 3192 3189
f 3188 3191 3189
f 3188 3190 3191
f 3188 3192 3190
f 3188 3189 3192
v 0.153290793944 0.155761652383 -0.040950386863
v 0.153290793944 0.152761652383 -0.040950386863
v 0.153754319435 0.154261652383 -0.0423769716374
v 0.152827268452 0.154261652383 -0.0395238020885
v 0.151864209169 0.154261652383 -0.0414139123545
v 0.154717378718 0.154261652383 -0.0404868613714
f 3193 3195 3197
f 3193 3197 3196
f 3193 3196 3198
f 3193 3198 3195
f 3194 3197 3195
f 3194 3196 3197
f 3194 3198 3196
f 3194 3195 3198
v 0.152956997558 0.155761652383 -0.0410524386594
v 0.152956997558 0.152761652383 -0.0410524386594
v 0.153370453592 0.154261652383 -0.0424943312033
v 0.152543541524 0.154261652383 -0.0396105461155
v 0.151515105014 0.154261652383 -0.0414658946931
v 0.154398890102 0.154261652383 -0.0406389826257
f 3199 3201 3203
f 3199 3203 3202
f 3199 3202 3204
f 3199 3204 3201
f 3200 3203 3201
f 3200 3202 3203
f 3200 3204 3202
f 3200 3201 3204
v 0.152619842956 0.155761652383 -0.0411427789628
v 0.152619842956 0.152761652383 -0.0411427789628
v 0.152982725799 0.154261652383 -0.0425982225522
v 0.152256960113 0.154261652383 -0.0396873353733
v 0.151164399367 0.154261652383 -0.0415056618062
v 0.154075286545 0.154261652383 -0.0407798961194
f 3205 3207 3209
f 3205 3209 3208
f 3205 3208 3210
f 3205 3210 3207
f 3206 3209 3207
f 3206 3208 3209
f 3206 3210 3208
f 3206 3207 3210
v 0.152279740908 0.155761652383 -0.0412212977073
v 0.152279740908 0.152761652383 -0.0412212977073
v 0.152591608444 0.154261652383 -0.0426885191084
v 0.151967873372 0.154261652383 -0.0397540763062
v 0.150812519507 0.154261652383 -0.0415331652436
v 0.153746962309 0.154261652383 -0.0409094301711
f 3211 3213 3215
f 3211 3215 3214
f 3211 3214 3216
f 3211 3216 3213
f 3212 3215 3213
f 3212 3214 3215
f 3212 3216 3214
f 3212 3213 3216
v 0.151937105777 0.155761652383 -0.0412878992301
v 0.151937105777 0.152761652383 -0.0412878992301
v 0.152197578043 0.154261652383 -0.0427651108596
v 0.15167663351 0.154261652383 -0.0398106876006
v 0.150459894147 0.154261652383 -0.0415483714966
v 0.153414317406 0.154261652383 -0.0410274269636
f 3217 3219 3221
f 3217 3221 3220
f 3217 3220 3222
f 3217 3222 3219
f 3218 3221 3219
f 3218 3220 3221
f 3218 3222 3220
f 3218 3219 3222
v 0.15159235501 0.155761652383 -0.0413425023874
v 0.15159235501 0.152761652383 -0.0413425023874
v 0.151801114661 0.154261652383 -0.0428279044905
v 0.151383595358 0.154261652383 -0.0398571002843
v 0.150106952906 0.154261652383 -0.0415512620389
v 0.153077757113 0.154261652383 -0.041133742736
f 3223 3225 3227
f 3223 3227 3226
f 3223 3226 3228
f 3223 3228 3225
f 3224 3227 3225
f 3224 3226 3227
f 3224 3228 3226
f 3224 3225 3228
v 0.151245908633 0.155761652383 -0.0413850406537
v 0.151245908633 0.152761652383 -0.0413850406537
v 0.151402701328 0.154261652383 -0.0428768234967
v 0.151089115938 0.154261652383 -0.0398932578106
v 0.14975412579 0.154261652383 -0.0415418333486
v 0.152737691476 0.154261652383 -0.0412282479588
f 3229 3231 3233
f 3229 3233 3232
f 3229 3232 3234
f 3229 3234 3231
f 3230 3233 3231
f 3230 3232 3233
f 3230 3234 3232
f 3230 3231 3234
v 0.150898188737 0.155761652383 -0.0414154622026
v 0.150898188737 0.152761652383 -0.0414154622026
v 0.151002823448 0.154261652383 -0.042911808278
v 0.150793554027 0.154261652383 -0.0399191161272
v 0.149401842662 0.154261652383 -0.0415200969132
v 0.152394534813 0.154261652383 -0.041310827492
f 3235 3237 3239
f 3235 3239 3238
f 3235 3238 3240
f 3235 3240 3237
f 3236 3239 3237
f 3236 3238 3239
f 3236 3240 3238
f 3236 3237 3240
v 0.150549618967 0.155761652383 -0.0414337299702
v 0.150549618967 0.152761652383 -0.0414337299702
v 0.150601968212 0.154261652383 -0.0429328162107
v 0.150497269722 0.154261652383 -0.0399346437297
v 0.149050532726 0.154261652383 -0.0414860792152
v 0.152048705208 0.154261652383 -0.0413813807251
f 3241 3243 3245
f 3241 3245 3244
f 3241 3244 3246
f 3241 3246 3243
f 3242 3245 3243
f 3242 3244 3245
f 3242 3246 3244
f 3242 3243 3246
o local_feasible_arc
usemtl feasible_arc
g local_feasible_arc
v 0.150898188737 0.154261652383 -0.0214641811974
v 0.151245908633 0.154261652383 -0.0214946027463
v 0.15159235501 0.154261652383 -0.0215371410126
v 0.151937105777 0.154261652383 -0.0215917441699
v 0.152279740908 0.154261652383 -0.0216583456927
v 0.152619842956 0.154261652383 -0.0217368644372
v 0.152956997558 0.154261652383 -0.0218272047406
v 0.153290793944 0.154261652383 -0.021929256537
v 0.153620825433 0.154261652383 -0.0220428954921
v 0.153946689934 0.154261652383 -0.0221679831543
v 0.154267990431 0.154261652383 -0.0223043671236
v 0.154584335468 0.154261652383 -0.022451881237
v 0.154895339628 0.154261652383 -0.0226103457714
v 0.155200624 0.154261652383 -0.0227795676622
v 0.155499816642 0.154261652383 -0.0229593407384
v 0.155792553035 0.154261652383 -0.0231494459744
v 0.156078476523 0.154261652383 -0.0233496517563
v 0.156357238753 0.154261652383 -0.0235597141639
v 0.156628500097 0.154261652383 -0.0237793772688
v 0.156891930064 0.154261652383 -0.0240083734452
v 0.157147207705 0.154261652383 -0.0242464236966
v 0.157394022003 0.154261652383 -0.0244932379954
v 0.157632072255 0.154261652383 -0.0247485156364
v 0.157861068431 0.154261652383 -0.0250119456031
v 0.158080731536 0.154261652383 -0.0252832069467
v 0.158290793944 0.154261652383 -0.0255619691771
v 0.158490999726 0.154261652383 -0.0258478926653
v 0.158681104962 0.154261652383 -0.0261406290577
v 0.158860878038 0.154261652383 -0.0264398217
v 0.159030099929 0.154261652383 -0.0267451060721
v 0.159188564463 0.154261652383 -0.0270561102321
v 0.159336078576 0.154261652383 -0.0273724552692
v 0.159472462546 0.154261652383 -0.0276937557658
v 0.159597550208 0.154261652383 -0.0280196202667
v 0.159711189163 0.154261652383 -0.0283496517563
v 0.159813240959 0.154261652383 -0.0286834481418
v 0.159903581263 0.154261652383 -0.029020602744
v 0.159982100007 0.154261652383 -0.0293607047918
v 0.16004870153 0.154261652383 -0.0297033399233
v 0.160103304687 0.154261652383 -0.0300480906904
v 0.160145842954 0.154261652383 -0.0303945370673
v 0.160176264503 0.154261652383 -0.0307422569626
v 0.16019453227 0.154261652383 -0.031090826733
v 0.160200624 0.154261652383 -0.0314398217
v 0.16019453227 0.154261652383 -0.031788816667
l 3247 3248
l 3248 3249
l 3249 3250
l 3250 3251
l 3251 3252
l 3252 3253
l 3253 3254
l 3254 3255
l 3255 3256
l 3256 3257
l 3257 3258
l 3258 3259
l 3259 3260
l 3260 3261
l 3261 3262
l 3262 3263
l 3263 3264
l 3264 3265
l 3265 3266
l 3266 3267
l 3267 3268
l 3268 3269
l 3269 3270
l 3270 3271
l 3271 3272
l 3272 3273
l 3273 3274
l 3274 3275
l 3275 3276
l 3276 3277
l 3277 3278
l 3278 3279
l 3279 3280
l 3280 3281
l 3281 3282
l 3282 3283
l 3283 3284
l 3284 3285
l 3285 3286
l 3286 3287
l 3287 3288
l 3288 3289
l 3289 3290
l 3290 3291
