# FeiLunQieGe visualization export
# units: normalized
# radius: 0.02
# delta: 0.001
# local display proxy for sampled target point 122
mtllib local_feasible_centers.mtl
o target_point_000122
usemtl target_point
g target_point
v -0.399176685405 -0.274259780203 -0.5
v -0.407276685405 -0.274259780203 -0.5
v -0.403226685405 -0.270209780203 -0.5
v -0.403226685405 -0.278309780203 -0.5
v -0.403226685405 -0.274259780203 -0.49595
v -0.403226685405 -0.274259780203 -0.50405
f 1 3 5
f 1 5 4
f 1 4 6
f 1 6 3
f 2 5 3
f 2 4 5
f 2 6 4
f 2 3 6
o feasible_candidates
usemtl feasible_marker
g feasible_candidates
v -0.417249655426 -0.287426264615 -0.5
v -0.420624157487 -0.282465142178 -0.5
v -0.421417467676 -0.286632954427 -0.5
v -0.416456345238 -0.283258452366 -0.5
v -0.418936906457 -0.284945703397 -0.503
v -0.418936906457 -0.284945703397 -0.497
f 7 9 11
f 7 11 10
f 7 10 12
f 7 12 9
f 8 11 9
f 8 10 11
f 8 12 10
f 8 9 12
v -0.417240085184 -0.28741975504 -0.500663090437
v -0.420614587245 -0.282458632602 -0.500663090437
v -0.421406386342 -0.286625417024 -0.500767788927
v -0.416448286087 -0.283252970618 -0.500558391947
v -0.418840765877 -0.284880309609 -0.503661262918
v -0.419013906553 -0.284998078033 -0.497664917956
f 13 15 17
f 13 17 16
f 13 16 18
f 13 18 15
f 14 17 15
f 14 16 17
f 14 18 16
f 14 15 18
v -0.417211386117 -0.287400234243 -0.501325373001
v -0.420585888178 -0.282439111806 -0.501325373001
v -0.421373155844 -0.286602813997 -0.501534642422
v -0.416424118452 -0.283236532053 -0.50111610358
v -0.418725601944 -0.284801976343 -0.504318065152
v -0.419071672351 -0.285037369707 -0.49833268085
f 19 21 23
f 19 23 22
f 19 22 24
f 19 24 21
f 20 23 21
f 20 22 23
f 20 24 22
f 20 21 24
v -0.417163593192 -0.28736772601 -0.501986040802
v -0.420538095253 -0.282406603572 -0.501986040802
v -0.421317816667 -0.286565172884 -0.502299626192
v -0.416383871777 -0.283209156698 -0.501672455412
v -0.41859155497 -0.284710799034 -0.504969606488
v -0.419110133474 -0.285063530549 -0.499002475116
f 25 27 29
f 25 29 28
f 25 28 30
f 25 30 27
f 26 29 27
f 26 28 29
f 26 30 28
f 26 27 30
v -0.417096764635 -0.287322269945 -0.502644288918
v -0.420471266696 -0.282361147508 -0.502644288918
v -0.421240436233 -0.286512539546 -0.503061808221
v -0.416327595098 -0.283170877907 -0.502226769615
v -0.418438788269 -0.284606888769 -0.505615093124
v -0.419129243062 -0.285076528685 -0.499673484712
f 31 33 35
f 31 35 34
f 31 34 36
f 31 36 33
f 32 35 33
f 32 34 35
f 32 36 34
f 32 33 36
v -0.417010981868 -0.287263921431 -0.503299315376
v -0.420385483929 -0.282302798993 -0.503299315376
v -0.421141108818 -0.286444978108 -0.503820259909
v -0.416255356978 -0.283121742316 -0.502778370843
v -0.418267487963 -0.284490372145 -0.506253738635
v -0.419128977834 -0.285076348279 -0.500344892117
f 37 39 41
f 37 41 40
f 37 40 42
f 37 42 39
f 38 41 39
f 38 40 41
f 38 42 40
f 38 39 42
v -0.416906349403 -0.287192751555 -0.503950322126
v -0.420280851464 -0.282231629118 -0.503950322126
v -0.421019955438 -0.286362570884 -0.504574057198
v -0.416167245429 -0.283061809789 -0.503326587053
v -0.418077862757 -0.284361391122 -0.506884764928
v -0.419109338111 -0.285062989551 -0.501015879323
f 43 45 47
f 43 47 46
f 43 46 48
f 43 48 45
f 44 47 45
f 44 46 47
f 44 48 46
f 44 45 48
v -0.41678299472 -0.287108847028 -0.504596516016
v -0.420157496781 -0.28214772459 -0.504596516016
v -0.4208771237 -0.286265418273 -0.505322281703
v -0.416063367801 -0.282991153345 -0.50387075033
v -0.417870143678 -0.284220102841 -0.507507403195
v -0.419070347823 -0.285036468777 -0.501685628838
f 49 51 53
f 49 53 52
f 49 52 54
f 49 54 51
f 50 53 51
f 50 52 53
f 50 54 52
f 50 51 54
v -0.416641068106 -0.287012310073 -0.505237109761
v -0.420015570167 -0.282051187636 -0.505237109761
v -0.420712787621 -0.286153638642 -0.506064021828
v -0.415943850653 -0.282909859068 -0.504410197693
v -0.417644583802 -0.284066679442 -0.508120894848
v -0.419012054472 -0.284996818267 -0.502353324673
f 55 57 59
f 55 59 58
f 55 58 60
f 55 60 57
f 56 59 57
f 56 58 59
f 56 60 58
f 56 57 60
v -0.416480742478 -0.286903258308 -0.505871322893
v -0.419855244539 -0.28194213587 -0.505871322893
v -0.42052714742 -0.286027368176 -0.506798373876
v -0.415808839598 -0.282818026002 -0.50494427191
v -0.417401457937 -0.283901307847 -0.508724492442
v -0.418934529081 -0.284944086331 -0.503018153344
f 61 63 65
f 61 65 64
f 61 64 66
f 61 66 63
f 62 65 63
f 62 64 65
f 62 66 64
f 62 63 66
v -0.416302213168 -0.286781824593 -0.506498382723
v -0.419676715229 -0.281820702156 -0.506498382723
v -0.420320429271 -0.285886760717 -0.507524443153
v -0.415658499126 -0.282715766031 -0.505472322293
v -0.417141062295 -0.283724189535 -0.509317460586
v -0.418837866102 -0.284878337214 -0.503679304861
f 67 69 71
f 67 71 70
f 67 70 72
f 67 72 69
f 68 71 69
f 68 70 71
f 68 72 70
f 68 69 72
v -0.416105697685 -0.286648156878 -0.507117525275
v -0.419480199746 -0.28168703444 -0.507117525275
v -0.420092885028 -0.285731987573 -0.508241345055
v -0.415493012404 -0.282603203745 -0.505993705495
v -0.416863714128 -0.283535540298 -0.509899076839
v -0.418722183304 -0.28479965102 -0.504335973711
f 73 75 77
f 73 77 76
f 73 76 78
f 73 78 75
f 74 77 75
f 74 76 77
f 74 78 76
f 74 75 78
v -0.415891435455 -0.286502418016 -0.507727996218
v -0.419265937516 -0.281541295578 -0.507727996218
v -0.419844791919 -0.285563237312 -0.508948206148
v -0.415312581052 -0.282480476282 -0.506507786289
v -0.416569751342 -0.283335589977 -0.510468632591
v -0.418587621628 -0.284708123617 -0.504987359846
f 79 81 83
f 79 83 82
f 79 82 84
f 79 84 81
f 80 83 81
f 80 82 83
f 80 84 82
f 80 81 84
v -0.415659687522 -0.286344785567 -0.508329051789
v -0.419034189583 -0.28138366313 -0.508329051789
v -0.419576452207 -0.285380715529 -0.509644165229
v -0.415117424898 -0.282347733168 -0.507013938349
v -0.416259532086 -0.283124582179 -0.511025433928
v -0.418434345019 -0.284603866518 -0.50563266965
f 85 87 89
f 85 89 88
f 85 88 90
f 85 90 87
f 86 89 87
f 86 88 89
f 86 90 88
f 86 87 90
v -0.415410736235 -0.286175451583 -0.508919959693
v -0.418785238297 -0.281214329145 -0.508919959693
v -0.419288192823 -0.2851846446 -0.510328374381
v -0.414907781709 -0.282205136128 -0.507511545005
v -0.415933434314 -0.282902773986 -0.511568802472
v -0.418262540218 -0.284487006742 -0.506271116914
f 91 93 95
f 91 95 94
f 91 94 96
f 91 96 93
f 92 95 93
f 92 94 95
f 92 96 94
f 92 93 96
v -0.415144884904 -0.28599462237 -0.5095
v -0.418519386965 -0.281033499933 -0.5095
v -0.418980364966 -0.284975263407 -0.511
v -0.414683906904 -0.282052858896 -0.508
v -0.415591855326 -0.282670435636 -0.512098076211
v -0.418072416544 -0.284357686667 -0.506901923789
f 97 99 101
f 97 101 100
f 97 100 102
f 97 102 99
f 98 101 99
f 98 100 101
f 98 102 100
f 98 99 102
v -0.414862457428 -0.285802518242 -0.51006846602
v -0.418236959489 -0.280841395804 -0.51006846602
v -0.418653343677 -0.284752827047 -0.511658223813
v -0.414446073239 -0.281891086999 -0.508478708228
v -0.415235211282 -0.282427850198 -0.512612610309
v -0.417864205634 -0.284216063848 -0.507524321732
f 103 105 107
f 103 107 106
f 103 106 108
f 103 108 105
f 104 107 105
f 104 106 107
f 104 108 106
f 104 105 108
v -0.414563797899 -0.285599373247 -0.510624665166
v -0.417938299961 -0.280638250809 -0.510624665166
v -0.418307527381 -0.284517606527 -0.512302243876
v -0.414194570479 -0.281720017529 -0.508947086456
v -0.4148639367 -0.282175313225 -0.513111777884
v -0.41763816116 -0.284062310831 -0.508137552448
f 109 111 113
f 109 113 112
f 109 112 114
f 109 114 111
f 110 113 111
f 110 112 113
f 110 114 112
f 110 111 114
v -0.414249270191 -0.285385434886 -0.511167919794
v -0.417623772252 -0.280424312448 -0.511167919794
v -0.417943337403 -0.284269888425 -0.51293127555
v -0.41392970504 -0.28153985891 -0.509404564037
v -0.414478483919 -0.281913132394 -0.513594970777
v -0.417394558523 -0.28389661494 -0.50874086881
f 115 117 119
f 115 119 118
f 115 118 120
f 115 120 117
f 116 119 117
f 116 118 119
f 116 120 118
f 116 117 120
v -0.413919257505 -0.28516096381 -0.511697568031
v -0.417293759566 -0.280199841373 -0.511697568031
v -0.417561217451 -0.284009974548 -0.513544552457
v -0.41365179962 -0.281350830636 -0.509850583605
v -0.414079322556 -0.281641627133 -0.514061600292
v -0.417133694515 -0.28371917805 -0.50933353577
f 121 123 125
f 121 125 124
f 121 124 126
f 121 126 123
f 122 125 123
f 122 124 125
f 122 126 124
f 122 123 126
v -0.413574161911 -0.284926233504 -0.512212964584
v -0.416948663972 -0.279965111066 -0.512212964584
v -0.417161633079 -0.283738181561 -0.514141327413
v -0.413361192804 -0.281153163009 -0.510284601755
v -0.413666938925 -0.281361128228 -0.514511097913
v -0.416855886958 -0.283530216342 -0.509914831255
f 127 129 131
f 127 131 130
f 127 130 132
f 127 132 129
f 128 131 129
f 128 130 131
f 128 132 130
f 128 129 132
v -0.413214403856 -0.284681529948 -0.512713481521
v -0.416588905917 -0.279720407511 -0.512713481521
v -0.416745071121 -0.283454840602 -0.51472087334
v -0.413058238653 -0.280947096857 -0.510706089702
v -0.413241835454 -0.281071977425 -0.514942915997
v -0.416561474319 -0.283329960035 -0.510484047044
f 133 135 137
f 133 137 136
f 133 136 138
f 133 138 135
f 134 137 135
f 134 136 137
f 134 138 136
f 134 135 138
v -0.412840421649 -0.284427151278 -0.513198509039
v -0.41621492371 -0.279466028841 -0.513198509039
v -0.416312039091 -0.283160296879 -0.51528248415
v -0.412743306268 -0.28073288324 -0.511114533927
v -0.412804530066 -0.280774527008 -0.51535652844
v -0.416250815294 -0.283118653111 -0.511040489638
f 139 141 143
f 139 143 142
f 139 142 144
f 139 144 141
f 140 143 141
f 140 142 143
f 140 144 142
f 140 141 144
v -0.41245267093 -0.284163407414 -0.513667456206
v -0.415827172991 -0.279202284977 -0.513667456206
v -0.415863064574 -0.282854909247 -0.515825475607
v -0.412416779346 -0.280510783144 -0.511509436805
v -0.412355555549 -0.280469139376 -0.515751431318
v -0.415924288372 -0.282896553015 -0.511583481095
f 145 147 149
f 145 149 148
f 145 148 150
f 145 150 147
f 146 149 147
f 146 148 149
f 146 150 148
f 146 147 150
v -0.412051624113 -0.283890619688 -0.514119751684
v -0.415426126174 -0.27892949725 -0.514119751684
v -0.415398694576 -0.282539049774 -0.516349186161
v -0.412079055711 -0.280281067164 -0.511890317208
v -0.411895458909 -0.280156186596 -0.516127143503
v -0.415582291377 -0.282663930342 -0.512112359865
f 151 153 155
f 151 155 154
f 151 154 156
f 151 156 153
f 152 155 153
f 152 154 155
f 152 156 154
f 152 153 156
v -0.411637769812 -0.283609120449 -0.514554844419
v -0.415012271873 -0.278647998011 -0.514554844419
v -0.414919494859 -0.282213103287 -0.516852977749
v -0.411730546826 -0.280044015173 -0.51225671109
v -0.411424800705 -0.279836049954 -0.516483207248
v -0.41522524098 -0.282421068506 -0.51262648159
f 157 159 161
f 157 161 160
f 157 160 162
f 157 162 159
f 158 161 159
f 158 160 161
f 158 162 160
f 158 159 162
v -0.411211612245 -0.28331925266 -0.514972204319
v -0.414586114306 -0.278358130223 -0.514972204319
v -0.414426049255 -0.2818774669 -0.517336236579
v -0.411371677296 -0.279799915983 -0.512608172058
v -0.41094415436 -0.279509119485 -0.516819188745
v -0.414853572191 -0.282168263398 -0.513125219893
f 163 165 167
f 163 167 166
f 163 166 168
f 163 168 165
f 164 167 165
f 164 166 167
f 164 168 166
f 164 165 168
v -0.410773670619 -0.283021369482 -0.515371322893
v -0.41414817268 -0.278060247045 -0.515371322893
v -0.413918958951 -0.281532549536 -0.517798373876
v -0.411002884348 -0.279549066991 -0.51294427191
v -0.410454105468 -0.279175793506 -0.51713467865
v -0.414467737831 -0.281905823021 -0.513607967136
f 169 171 173
f 169 173 172
f 169 172 174
f 169 174 171
f 170 173 171
f 170 172 173
f 170 174 172
f 170 171 174
v -0.410324478498 -0.282715833839 -0.515751713879
v -0.41369898056 -0.277754711401 -0.515751713879
v -0.413398841759 -0.281178771423 -0.518238826596
v -0.410624617299 -0.279291773817 -0.513264601161
v -0.409955251078 -0.278836478121 -0.517429292589
v -0.41406820798 -0.281634067119 -0.514074135168
f 175 177 179
f 175 179 178
f 175 178 180
f 175 180 177
f 176 179 177
f 176 178 179
f 176 180 178
f 176 177 180
v -0.409864583155 -0.282403017978 -0.516112913827
v -0.413239085216 -0.277441895541 -0.516112913827
v -0.412866331362 -0.280816563584 -0.518657058115
v -0.41023733701 -0.279028349935 -0.513568769539
v -0.409448198967 -0.278491586735 -0.51770267162
v -0.413655469405 -0.281353326784 -0.514523156034
f 181 183 185
f 181 185 184
f 181 184 186
f 181 186 183
f 182 185 183
f 182 184 185
f 182 186 184
f 182 183 186
v -0.4093945449 -0.282083303018 -0.516454482672
v -0.412769046961 -0.277122180581 -0.516454482672
v -0.41232207654 -0.280446367315 -0.519052558883
v -0.409841515321 -0.278759116284 -0.513856406461
v -0.4089335669 -0.278141539545 -0.517954482672
v -0.413230024962 -0.281063944055 -0.514954482672
f 187 189 191
f 187 191 190
f 187 190 192
f 187 192 189
f 188 191 189
f 188 190 191
f 188 192 190
f 188 189 192
v -0.408914936403 -0.281757078483 -0.516776004264
v -0.412289438464 -0.276795956046 -0.516776004264
v -0.411766740386 -0.280068633643 -0.519424847043
v -0.409437634482 -0.278484400886 -0.514127161486
v -0.408411981877 -0.277786763028 -0.518184418953
v -0.412792392991 -0.2807662715 -0.515367589576
f 193 195 197
f 193 197 196
f 193 196 198
f 193 198 195
f 194 197 195
f 194 196 197
f 194 198 196
f 194 195 198
v -0.408426341993 -0.281424741827 -0.51707708688
v -0.411800844054 -0.276463619389 -0.51707708688
v -0.41120099949 -0.279683822777 -0.519773469019
v -0.409026186558 -0.278204538439 -0.514380704741
v -0.407884079369 -0.277427689427 -0.51839220032
v -0.412343106679 -0.280460671789 -0.515761973439
f 199 201 203
f 199 203 202
f 199 202 204
f 199 204 201
f 200 203 201
f 200 202 203
f 200 204 202
f 200 201 204
v -0.407929356947 -0.28108669795 -0.517357363695
v -0.411303859008 -0.276125575512 -0.517357363695
v -0.410625543121 -0.279292403551 -0.520098000068
v -0.408607672834 -0.277919869911 -0.514616727322
v -0.407350502544 -0.277064756216 -0.518577573624
v -0.411882713411 -0.280147517246 -0.516137153766
f 205 207 209
f 205 209 208
f 205 208 210
f 205 210 207
f 206 209 207
f 206 208 209
f 206 210 208
f 206 207 210
v -0.407424586764 -0.280743358707 -0.517616493237
v -0.410799088826 -0.275782236269 -0.517616493237
v -0.410041072383 -0.278894852849 -0.5203980448
v -0.408182603207 -0.277630742127 -0.514834941673
v -0.406811901483 -0.276698405574 -0.518740313017
v -0.411411774107 -0.279827189402 -0.516492673457
f 211 213 215
f 211 215 214
f 211 214 216
f 211 216 213
f 212 215 213
f 212 214 215
f 212 216 214
f 212 213 216
v -0.40691264643 -0.280395142404 -0.517854159795
v -0.410287148491 -0.275434019966 -0.517854159795
v -0.409448299364 -0.278491655024 -0.520673237657
v -0.407751495557 -0.277337507346 -0.515035081933
v -0.406268932388 -0.276329083842 -0.518880220225
v -0.410930862533 -0.279500078528 -0.516828099365
f 217 219 221
f 217 221 220
f 217 220 222
f 217 222 219
f 218 221 219
f 218 220 221
f 218 222 220
f 218 219 222
v -0.406394159665 -0.280042473289 -0.51807007381
v -0.409768661726 -0.275081350852 -0.51807007381
v -0.408847946267 -0.278083301313 -0.520923243358
v -0.407314875123 -0.277040522828 -0.515216904261
v -0.405722256784 -0.275957240983 -0.518997124793
v -0.410440564606 -0.279166583158 -0.517143022826
f 223 225 227
f 223 227 226
f 223 226 228
f 223 228 225
f 224 227 225
f 224 226 227
f 224 228 226
f 224 225 228
v -0.405869758164 -0.279685781035 -0.518263972223
v -0.409244260225 -0.274724658598 -0.518263972223
v -0.40824074453 -0.277670289229 -0.521147757311
v -0.40687327386 -0.276740150404 -0.515380187135
v -0.405172540711 -0.275583330029 -0.51909088429
v -0.409941477679 -0.278827109604 -0.517437060155
f 229 231 233
f 229 233 232
f 229 232 234
f 229 234 231
f 230 233 231
f 230 232 233
f 230 234 232
f 230 231 234
v -0.405340080831 -0.279325500217 -0.518435618799
v -0.408714582893 -0.274364377779 -0.518435618799
v -0.407627433934 -0.277253121966 -0.521346505978
v -0.40642722979 -0.276436756031 -0.51552473162
v -0.404620453913 -0.275207806534 -0.519161384486
v -0.409434209811 -0.278482071462 -0.517709853112
f 235 237 239
f 235 239 238
f 235 238 240
f 235 240 237
f 236 239 237
f 236 238 239
f 236 240 238
f 236 237 240
v -0.404805772996 -0.278962069781 -0.518584804414
v -0.408180275057 -0.274000947343 -0.518584804414
v -0.407008761704 -0.276832307777 -0.521519247216
v -0.40597728635 -0.276130709347 -0.515650361612
v -0.404066669022 -0.274831128015 -0.519208539486
v -0.408919379031 -0.278131889109 -0.517961069341
f 241 243 245
f 241 245 244
f 241 244 246
f 241 246 243
f 242 245 243
f 242 244 245
f 242 246 244
f 242 243 246
v -0.404267485631 -0.278595932511 -0.518711347307
v -0.407641987692 -0.273634810073 -0.518711347307
v -0.406385481596 -0.276408359359 -0.521665770566
v -0.405523991726 -0.275822383225 -0.515756924048
v -0.403511860741 -0.274453753396 -0.51923229184
v -0.408397612581 -0.277776989188 -0.518190402774
f 247 249 251
f 247 251 250
f 247 250 252
f 247 252 249
f 248 251 249
f 248 250 251
f 248 252 250
f 248 249 252
v -0.403725874555 -0.278227534489 -0.518815093306
v -0.407100376616 -0.273266412052 -0.518815093306
v -0.405758352982 -0.275981793228 -0.521785897512
v -0.405067898188 -0.275512153312 -0.5158442891
v -0.402956705018 -0.274076142451 -0.519232612609
v -0.407869546153 -0.27741780409 -0.518397574003
f 253 255 257
f 253 257 256
f 253 256 258
f 253 258 255
f 254 257 255
f 254 256 257
f 254 258 256
f 254 255 258
v -0.403181599638 -0.277857324552 -0.518895916012
v -0.4065561017 -0.272896202114 -0.518895916012
v -0.405128139921 -0.27555312909 -0.521879481698
v -0.404609561417 -0.275200397576 -0.515912350326
v -0.402401878224 -0.27369875524 -0.519209501402
v -0.407335823114 -0.277054771426 -0.518582330622
f 259 261 263
f 259 263 262
f 259 262 264
f 259 264 261
f 260 263 261
f 260 262 263
f 260 264 262
f 260 261 264
v -0.402635323997 -0.277485753742 -0.518953716955
v -0.406009826058 -0.272524631305 -0.518953716955
v -0.404495610231 -0.275122889206 -0.521946409106
v -0.404149539824 -0.274887495841 -0.515961024804
v -0.401848056331 -0.273322051552 -0.519162986376
v -0.406797093723 -0.276688333495 -0.518744447534
f 265 267 269
f 265 269 268
f 265 268 270
f 265 270 267
f 266 269 267
f 266 268 269
f 266 270 268
f 266 267 270
v -0.402087713182 -0.277113274763 -0.518988425713
v -0.405462215243 -0.272152152325 -0.518988425713
v -0.403861534551 -0.274691597756 -0.521986598194
v -0.403688393875 -0.274573829332 -0.515990253232
v -0.401295914085 -0.272946490341 -0.519093124203
v -0.406254014341 -0.276318936747 -0.518883727223
f 271 273 275
f 271 275 274
f 271 274 276
f 271 276 273
f 272 275 273
f 272 274 275
f 272 276 274
f 272 273 276
v -0.401539434374 -0.276740341422 -0.519
v -0.404913936435 -0.271779218984 -0.519
v -0.403226685405 -0.274259780203 -0.522
v -0.403226685405 -0.274259780203 -0.516
v -0.400746124186 -0.272572529172 -0.519
v -0.405707246624 -0.275947031234 -0.519
f 277 279 281
f 277 281 280
f 277 280 282
f 277 282 279
f 278 281 279
f 278 280 281
f 278 282 280
f 278 279 282
v -0.400991155566 -0.27636740808 -0.518988425713
v -0.404365657628 -0.271406285643 -0.518988425713
v -0.402591836259 -0.27382796265 -0.521986598194
v -0.402764976935 -0.273945731073 -0.515990253232
v -0.400199356469 -0.272200623659 -0.518883727223
v -0.405157456725 -0.275573070065 -0.519093124203
f 283 285 287
f 283 287 286
f 283 286 288
f 283 288 285
f 284 287 285
f 284 286 287
f 284 288 286
f 284 285 288
v -0.400443544752 -0.275994929101 -0.518953716955
v -0.403818046813 -0.271033806664 -0.518953716955
v -0.401957760579 -0.2733966712 -0.521946409106
v -0.402303830986 -0.273632064564 -0.515961024804
v -0.399656277086 -0.27183122691 -0.518744447534
v -0.404605314479 -0.275197508854 -0.519162986376
f 289 291 293
f 289 293 292
f 289 292 294
f 289 294 291
f 290 293 291
f 290 292 293
f 290 294 292
f 290 291 294
v -0.39989726911 -0.275623358292 -0.518895916012
v -0.403271771171 -0.270662235854 -0.518895916012
v -0.401325230888 -0.272966431316 -0.521879481698
v -0.401843809393 -0.27331916283 -0.515912350326
v -0.399117547696 -0.27146478898 -0.518582330622
v -0.404051492586 -0.274820805166 -0.519209501402
f 295 297 299
f 295 299 298
f 295 298 300
f 295 300 297
f 296 299 297
f 296 298 299
f 296 300 298
f 296 297 300
v -0.399352994194 -0.275253148354 -0.518815093306
v -0.402727496255 -0.270292025917 -0.518815093306
v -0.400695017827 -0.272537767177 -0.521785897512
v -0.401385472621 -0.273007407094 -0.5158442891
v -0.398583824657 -0.271101756316 -0.518397574003
v -0.403496665792 -0.274443417955 -0.519232612609
f 301 303 305
f 301 305 304
f 301 304 306
f 301 306 303
f 302 305 303
f 302 304 305
f 302 306 304
f 302 303 306
v -0.398811383118 -0.274884750332 -0.518711347307
v -0.402185885179 -0.269923627895 -0.518711347307
v -0.400067889213 -0.272111201047 -0.521665770566
v -0.400929379084 -0.27269717718 -0.515756924048
v -0.398055758228 -0.270742571218 -0.518190402774
v -0.402941510068 -0.27406580701 -0.51923229184
f 307 309 311
f 307 311 310
f 307 310 312
f 307 312 309
f 308 311 309
f 308 310 311
f 308 312 310
f 308 309 312
v -0.398273095752 -0.274518613063 -0.518584804414
v -0.401647597813 -0.269557490625 -0.518584804414
v -0.399444609106 -0.271687252629 -0.521519247216
v -0.40047608446 -0.272388851058 -0.515650361612
v -0.397533991778 -0.270387671296 -0.517961069341
v -0.402386701787 -0.273688432391 -0.519208539486
f 313 315 317
f 313 317 316
f 313 316 318
f 313 318 315
f 314 317 315
f 314 316 317
f 314 318 316
f 314 315 318
v -0.397738787917 -0.274155182626 -0.518435618799
v -0.401113289978 -0.269194060189 -0.518435618799
v -0.398825936876 -0.27126643844 -0.521346505978
v -0.40002614102 -0.272082804375 -0.51552473162
v -0.397019160998 -0.270037488944 -0.517709853112
v -0.401832916897 -0.273311753872 -0.519161384486
f 319 321 323
f 319 323 322
f 319 322 324
f 319 324 321
f 320 323 321
f 320 322 323
f 320 324 322
f 320 321 324
v -0.397209110584 -0.273794901808 -0.518263972223
v -0.400583612645 -0.268833779371 -0.518263972223
v -0.39821262628 -0.270849271177 -0.521147757311
v -0.39958009695 -0.271779410002 -0.515380187135
v -0.396511893131 -0.269692450802 -0.517437060155
v -0.401280830099 -0.272936230377 -0.51909088429
f 325 327 329
f 325 329 328
f 325 328 330
f 325 330 327
f 326 329 327
f 326 328 329
f 326 330 328
f 326 327 330
v -0.396684709084 -0.273438209554 -0.51807007381
v -0.400059211145 -0.268477087117 -0.51807007381
v -0.397605424542 -0.270436259093 -0.520923243358
v -0.399138495687 -0.271479037578 -0.515216904261
v -0.396012806203 -0.269352977248 -0.517143022826
v -0.400731114026 -0.272562319423 -0.518997124793
f 331 333 335
f 331 335 334
f 331 334 336
f 331 336 333
f 332 335 333
f 332 334 335
f 332 336 334
f 332 333 336
v -0.405340080831 -0.279325500217 -0.481564381201
v -0.408714582893 -0.274364377779 -0.481564381201
v -0.407627433934 -0.277253121966 -0.478653494022
v -0.40642722979 -0.276436756031 -0.48447526838
v -0.409434209811 -0.278482071462 -0.482290146888
v -0.404620453913 -0.275207806534 -0.480838615514
f 337 339 341
f 337 341 340
f 337 340 342
f 337 342 339
f 338 341 339
f 338 340 341
f 338 342 340
f 338 339 342
v -0.405869758164 -0.279685781035 -0.481736027777
v -0.409244260225 -0.274724658598 -0.481736027777
v -0.40824074453 -0.277670289229 -0.478852242689
v -0.40687327386 -0.276740150404 -0.484619812865
v -0.409941477679 -0.278827109604 -0.482562939845
v -0.405172540711 -0.275583330029 -0.48090911571
f 343 345 347
f 343 347 346
f 343 346 348
f 343 348 345
f 344 347 345
f 344 346 347
f 344 348 346
f 344 345 348
v -0.406394159665 -0.280042473289 -0.48192992619
v -0.409768661726 -0.275081350852 -0.48192992619
v -0.408847946267 -0.278083301313 -0.479076756642
v -0.407314875123 -0.277040522828 -0.484783095739
v -0.410440564606 -0.279166583158 -0.482856977174
v -0.405722256784 -0.275957240983 -0.481002875207
f 349 351 353
f 349 353 352
f 349 352 354
f 349 354 351
f 350 353 351
f 350 352 353
f 350 354 352
f 350 351 354
v -0.40691264643 -0.280395142404 -0.482145840205
v -0.410287148491 -0.275434019966 -0.482145840205
v -0.409448299364 -0.278491655024 -0.479326762343
v -0.407751495557 -0.277337507346 -0.484964918067
v -0.410930862533 -0.279500078528 -0.483171900635
v -0.406268932388 -0.276329083842 -0.481119779775
f 355 357 359
f 355 359 358
f 355 358 360
f 355 360 357
f 356 359 357
f 356 358 359
f 356 360 358
f 356 357 360
v -0.407424586764 -0.280743358707 -0.482383506763
v -0.410799088826 -0.275782236269 -0.482383506763
v -0.410041072383 -0.278894852849 -0.4796019552
v -0.408182603207 -0.277630742127 -0.485165058327
v -0.411411774107 -0.279827189402 -0.483507326543
v -0.406811901483 -0.276698405574 -0.481259686983
f 361 363 365
f 361 365 364
f 361 364 366
f 361 366 363
f 362 365 363
f 362 364 365
f 362 366 364
f 362 363 366
v -0.407929356947 -0.28108669795 -0.482642636305
v -0.411303859008 -0.276125575512 -0.482642636305
v -0.410625543121 -0.279292403551 -0.479901999932
v -0.408607672834 -0.277919869911 -0.485383272678
v -0.411882713411 -0.280147517246 -0.483862846234
v -0.407350502544 -0.277064756216 -0.481422426376
f 367 369 371
f 367 371 370
f 367 370 372
f 367 372 369
f 368 371 369
f 368 370 371
f 368 372 370
f 368 369 372
v -0.408426341993 -0.281424741827 -0.48292291312
v -0.411800844054 -0.276463619389 -0.48292291312
v -0.41120099949 -0.279683822777 -0.480226530981
v -0.409026186558 -0.278204538439 -0.485619295259
v -0.412343106679 -0.280460671789 -0.484238026561
v -0.407884079369 -0.277427689427 -0.48160779968
f 373 375 377
f 373 377 376
f 373 376 378
f 373 378 375
f 374 377 375
f 374 376 377
f 374 378 376
f 374 375 378
v -0.408914936403 -0.281757078483 -0.483223995736
v -0.412289438464 -0.276795956046 -0.483223995736
v -0.411766740386 -0.280068633643 -0.480575152957
v -0.409437634482 -0.278484400886 -0.485872838514
v -0.412792392991 -0.2807662715 -0.484632410424
v -0.408411981877 -0.277786763028 -0.481815581047
f 379 381 383
f 379 383 382
f 379 382 384
f 379 384 381
f 380 383 381
f 380 382 383
f 380 384 382
f 380 381 384
v -0.4093945449 -0.282083303018 -0.483545517328
v -0.412769046961 -0.277122180581 -0.483545517328
v -0.41232207654 -0.280446367315 -0.480947441117
v -0.409841515321 -0.278759116284 -0.486143593539
v -0.413230024962 -0.281063944055 -0.485045517328
v -0.4089335669 -0.278141539545 -0.482045517328
f 385 387 389
f 385 389 388
f 385 388 390
f 385 390 387
f 386 389 387
f 386 388 389
f 386 390 388
f 386 387 390
v -0.409864583155 -0.282403017978 -0.483887086173
v -0.413239085216 -0.277441895541 -0.483887086173
v -0.412866331362 -0.280816563584 -0.481342941885
v -0.41023733701 -0.279028349935 -0.486431230461
v -0.413655469405 -0.281353326784 -0.485476843966
v -0.409448198967 -0.278491586735 -0.48229732838
f 391 393 395
f 391 395 394
f 391 394 396
f 391 396 393
f 392 395 393
f 392 394 395
f 392 396 394
f 392 393 396
v -0.410324478498 -0.282715833839 -0.484248286121
v -0.41369898056 -0.277754711401 -0.484248286121
v -0.413398841759 -0.281178771423 -0.481761173404
v -0.410624617299 -0.279291773817 -0.486735398839
v -0.41406820798 -0.281634067119 -0.485925864832
v -0.409955251078 -0.278836478121 -0.482570707411
f 397 399 401
f 397 401 400
f 397 400 402
f 397 402 399
f 398 401 399
f 398 400 401
f 398 402 400
f 398 399 402
v -0.410773670619 -0.283021369482 -0.484628677107
v -0.41414817268 -0.278060247045 -0.484628677107
v -0.413918958951 -0.281532549536 -0.482201626124
v -0.411002884348 -0.279549066991 -0.48705572809
v -0.414467737831 -0.281905823021 -0.486392032864
v -0.410454105468 -0.279175793506 -0.48286532135
f 403 405 407
f 403 407 406
f 403 406 408
f 403 408 405
f 404 407 405
f 404 406 407
f 404 408 406
f 404 405 408
v -0.411211612245 -0.28331925266 -0.485027795681
v -0.414586114306 -0.278358130223 -0.485027795681
v -0.414426049255 -0.2818774669 -0.482663763421
v -0.411371677296 -0.279799915983 -0.487391827942
v -0.414853572191 -0.282168263398 -0.486874780107
v -0.41094415436 -0.279509119485 -0.483180811255
f 409 411 413
f 409 413 412
f 409 412 414
f 409 414 411
f 410 413 411
f 410 412 413
f 410 414 412
f 410 411 414
v -0.411637769812 -0.283609120449 -0.485445155581
v -0.415012271873 -0.278647998011 -0.485445155581
v -0.414919494859 -0.282213103287 -0.483147022251
v -0.411730546826 -0.280044015173 -0.48774328891
v -0.41522524098 -0.282421068506 -0.48737351841
v -0.411424800705 -0.279836049954 -0.483516792752
f 415 417 419
f 415 419 418
f 415 418 420
f 415 420 417
f 416 419 417
f 416 418 419
f 416 420 418
f 416 417 420
v -0.412051624113 -0.283890619688 -0.485880248316
v -0.415426126174 -0.27892949725 -0.485880248316
v -0.415398694576 -0.282539049774 -0.483650813839
v -0.412079055711 -0.280281067164 -0.488109682792
v -0.415582291377 -0.282663930342 -0.487887640135
v -0.411895458909 -0.280156186596 -0.483872856497
f 421 423 425
f 421 425 424
f 421 424 426
f 421 426 423
f 422 425 423
f 422 424 425
f 422 426 424
f 422 423 426
v -0.41245267093 -0.284163407414 -0.486332543794
v -0.415827172991 -0.279202284977 -0.486332543794
v -0.415863064574 -0.282854909247 -0.484174524393
v -0.412416779346 -0.280510783144 -0.488490563195
v -0.415924288372 -0.282896553015 -0.488416518905
v -0.412355555549 -0.280469139376 -0.484248568682
f 427 429 431
f 427 431 430
f 427 430 432
f 427 432 429
f 428 431 429
f 428 430 431
f 428 432 430
f 428 429 432
v -0.412840421649 -0.284427151278 -0.486801490961
v -0.41621492371 -0.279466028841 -0.486801490961
v -0.416312039091 -0.283160296879 -0.48471751585
v -0.412743306268 -0.28073288324 -0.488885466073
v -0.416250815294 -0.283118653111 -0.488959510362
v -0.412804530066 -0.280774527008 -0.48464347156
f 433 435 437
f 433 437 436
f 433 436 438
f 433 438 435
f 434 437 435
f 434 436 437
f 434 438 436
f 434 435 438
v -0.413214403856 -0.284681529948 -0.487286518479
v -0.416588905917 -0.279720407511 -0.487286518479
v -0.416745071121 -0.283454840602 -0.48527912666
v -0.413058238653 -0.280947096857 -0.489293910298
v -0.416561474319 -0.283329960035 -0.489515952956
v -0.413241835454 -0.281071977425 -0.485057084003
f 439 441 443
f 439 443 442
f 439 442 444
f 439 444 441
f 440 443 441
f 440 442 443
f 440 444 442
f 440 441 444
v -0.413574161911 -0.284926233504 -0.487787035416
v -0.416948663972 -0.279965111066 -0.487787035416
v -0.417161633079 -0.283738181561 -0.485858672587
v -0.413361192804 -0.281153163009 -0.489715398245
v -0.416855886958 -0.283530216342 -0.490085168745
v -0.413666938925 -0.281361128228 -0.485488902087
f 445 447 449
f 445 449 448
f 445 448 450
f 445 450 447
f 446 449 447
f 446 448 449
f 446 450 448
f 446 447 450
v -0.413919257505 -0.28516096381 -0.488302431969
v -0.417293759566 -0.280199841373 -0.488302431969
v -0.417561217451 -0.284009974548 -0.486455447543
v -0.41365179962 -0.281350830636 -0.490149416395
v -0.417133694515 -0.28371917805 -0.49066646423
v -0.414079322556 -0.281641627133 -0.485938399708
f 451 453 455
f 451 455 454
f 451 454 456
f 451 456 453
f 452 455 453
f 452 454 455
f 452 456 454
f 452 453 456
v -0.414249270191 -0.285385434886 -0.488832080206
v -0.417623772252 -0.280424312448 -0.488832080206
v -0.417943337403 -0.284269888425 -0.48706872445
v -0.41392970504 -0.28153985891 -0.490595435963
v -0.417394558523 -0.28389661494 -0.49125913119
v -0.414478483919 -0.281913132394 -0.486405029223
f 457 459 461
f 457 461 460
f 457 460 462
f 457 462 459
f 458 461 459
f 458 460 461
f 458 462 460
f 458 459 462
v -0.414563797899 -0.285599373247 -0.489375334834
v -0.417938299961 -0.280638250809 -0.489375334834
v -0.418307527381 -0.284517606527 -0.487697756124
v -0.414194570479 -0.281720017529 -0.491052913544
v -0.41763816116 -0.284062310831 -0.491862447552
v -0.4148639367 -0.282175313225 -0.486888222116
f 463 465 467
f 463 467 466
f 463 466 468
f 463 468 465
f 464 467 465
f 464 466 467
f 464 468 466
f 464 465 468
v -0.414862457428 -0.285802518242 -0.48993153398
v -0.418236959489 -0.280841395804 -0.48993153398
v -0.418653343677 -0.284752827047 -0.488341776187
v -0.414446073239 -0.281891086999 -0.491521291772
v -0.417864205634 -0.284216063848 -0.492475678268
v -0.415235211282 -0.282427850198 -0.487387389691
f 469 471 473
f 469 473 472
f 469 472 474
f 469 474 471
f 470 473 471
f 470 472 473
f 470 474 472
f 470 471 474
v -0.415144884904 -0.28599462237 -0.4905
v -0.418519386965 -0.281033499933 -0.4905
v -0.418980364966 -0.284975263407 -0.489
v -0.414683906904 -0.282052858896 -0.492
v -0.418072416544 -0.284357686667 -0.493098076211
v -0.415591855326 -0.282670435636 -0.487901923789
f 475 477 479
f 475 479 478
f 475 478 480
f 475 480 477
f 476 479 477
f 476 478 479
f 476 480 478
f 476 477 480
v -0.415410736235 -0.286175451583 -0.491080040307
v -0.418785238297 -0.281214329145 -0.491080040307
v -0.419288192823 -0.2851846446 -0.489671625619
v -0.414907781709 -0.282205136128 -0.492488454995
v -0.418262540218 -0.284487006742 -0.493728883086
v -0.415933434314 -0.282902773986 -0.488431197528
f 481 483 485
f 481 485 484
f 481 484 486
f 481 486 483
f 482 485 483
f 482 484 485
f 482 486 484
f 482 483 486
v -0.415659687522 -0.286344785567 -0.491670948211
v -0.419034189583 -0.28138366313 -0.491670948211
v -0.419576452207 -0.285380715529 -0.490355834771
v -0.415117424898 -0.282347733168 -0.492986061651
v -0.418434345019 -0.284603866518 -0.49436733035
v -0.416259532086 -0.283124582179 -0.488974566072
f 487 489 491
f 487 491 490
f 487 490 492
f 487 492 489
f 488 491 489
f 488 490 491
f 488 492 490
f 488 489 492
v -0.415891435455 -0.286502418016 -0.492272003782
v -0.419265937516 -0.281541295578 -0.492272003782
v -0.419844791919 -0.285563237312 -0.491051793852
v -0.415312581052 -0.282480476282 -0.493492213711
v -0.418587621628 -0.284708123617 -0.495012640154
v -0.416569751342 -0.283335589977 -0.489531367409
f 493 495 497
f 493 497 496
f 493 496 498
f 493 498 495
f 494 497 495
f 494 496 497
f 494 498 496
f 494 495 498
v -0.416105697685 -0.286648156878 -0.492882474725
v -0.419480199746 -0.28168703444 -0.492882474725
v -0.420092885028 -0.285731987573 -0.491758654945
v -0.415493012404 -0.282603203745 -0.494006294505
v -0.418722183304 -0.28479965102 -0.495664026289
v -0.416863714128 -0.283535540298 -0.490100923161
f 499 501 503
f 499 503 502
f 499 502 504
f 499 504 501
f 500 503 501
f 500 502 503
f 500 504 502
f 500 501 504
v -0.416302213168 -0.286781824593 -0.493501617277
v -0.419676715229 -0.281820702156 -0.493501617277
v -0.420320429271 -0.285886760717 -0.492475556847
v -0.415658499126 -0.282715766031 -0.494527677707
v -0.418837866102 -0.284878337214 -0.496320695139
v -0.417141062295 -0.283724189535 -0.490682539414
f 505 507 509
f 505 509 508
f 505 508 510
f 505 510 507
f 506 509 507
f 506 508 509
f 506 510 508
f 506 507 510
v -0.416480742478 -0.286903258308 -0.494128677107
v -0.419855244539 -0.28194213587 -0.494128677107
v -0.42052714742 -0.286027368176 -0.493201626124
v -0.415808839598 -0.282818026002 -0.49505572809
v -0.418934529081 -0.284944086331 -0.496981846656
v -0.417401457937 -0.283901307847 -0.491275507558
f 511 513 515
f 511 515 514
f 511 514 516
f 511 516 513
f 512 515 513
f 512 514 515
f 512 516 514
f 512 513 516
v -0.416641068106 -0.287012310073 -0.494762890239
v -0.420015570167 -0.282051187636 -0.494762890239
v -0.420712787621 -0.286153638642 -0.493935978172
v -0.415943850653 -0.282909859068 -0.495589802307
v -0.419012054472 -0.284996818267 -0.497646675327
v -0.417644583802 -0.284066679442 -0.491879105152
f 517 519 521
f 517 521 520
f 517 520 522
f 517 522 519
f 518 521 519
f 518 520 521
f 518 522 520
f 518 519 522
v -0.41678299472 -0.287108847028 -0.495403483984
v -0.420157496781 -0.28214772459 -0.495403483984
v -0.4208771237 -0.286265418273 -0.494677718297
v -0.416063367801 -0.282991153345 -0.49612924967
v -0.419070347823 -0.285036468777 -0.498314371162
v -0.417870143678 -0.284220102841 -0.492492596805
f 523 525 527
f 523 527 526
f 523 526 528
f 523 528 525
f 524 527 525
f 524 526 527
f 524 528 526
f 524 525 528
v -0.416906349403 -0.287192751555 -0.496049677874
v -0.420280851464 -0.282231629118 -0.496049677874
v -0.421019955438 -0.286362570884 -0.495425942802
v -0.416167245429 -0.283061809789 -0.496673412947
v -0.419109338111 -0.285062989551 -0.498984120677
v -0.418077862757 -0.284361391122 -0.493115235072
f 529 531 533
f 529 533 532
f 529 532 534
f 529 534 531
f 530 533 531
f 530 532 533
f 530 534 532
f 530 531 534
v -0.417010981868 -0.287263921431 -0.496700684624
v -0.420385483929 -0.282302798993 -0.496700684624
v -0.421141108818 -0.286444978108 -0.496179740091
v -0.416255356978 -0.283121742316 -0.497221629157
v -0.419128977834 -0.285076348279 -0.499655107883
v -0.418267487963 -0.284490372145 -0.493746261365
f 535 537 539
f 535 539 538
f 535 538 540
f 535 540 537
f 536 539 537
f 536 538 539
f 536 540 538
f 536 537 540
v -0.417096764635 -0.287322269945 -0.497355711082
v -0.420471266696 -0.282361147508 -0.497355711082
v -0.421240436233 -0.286512539546 -0.496938191779
v -0.416327595098 -0.283170877907 -0.497773230385
v -0.419129243062 -0.285076528685 -0.500326515288
v -0.418438788269 -0.284606888769 -0.494384906876
f 541 543 545
f 541 545 544
f 541 544 546
f 541 546 543
f 542 545 543
f 542 544 545
f 542 546 544
f 542 543 546
v -0.417163593192 -0.28736772601 -0.498013959198
v -0.420538095253 -0.282406603572 -0.498013959198
v -0.421317816667 -0.286565172884 -0.497700373808
v -0.416383871777 -0.283209156698 -0.498327544588
v -0.419110133474 -0.285063530549 -0.500997524884
v -0.41859155497 -0.284710799034 -0.495030393512
f 547 549 551
f 547 551 550
f 547 550 552
f 547 552 549
f 548 551 549
f 548 550 551
f 548 552 550
f 548 549 552
v -0.417211386117 -0.287400234243 -0.498674626999
v -0.420585888178 -0.282439111806 -0.498674626999
v -0.421373155844 -0.286602813997 -0.498465357578
v -0.416424118452 -0.283236532053 -0.49888389642
v -0.419071672351 -0.285037369707 -0.50166731915
v -0.418725601944 -0.284801976343 -0.495681934848
f 553 555 557
f 553 557 556
f 553 556 558
f 553 558 555
f 554 557 555
f 554 556 557
f 554 558 556
f 554 555 558
v -0.417240085184 -0.28741975504 -0.499336909563
v -0.420614587245 -0.282458632602 -0.499336909563
v -0.421406386342 -0.286625417024 -0.499232211073
v -0.416448286087 -0.283252970618 -0.499441608053
v -0.419013906553 -0.284998078033 -0.502335082044
v -0.418840765877 -0.284880309609 -0.496338737082
f 559 561 563
f 559 563 562
f 559 562 564
f 559 564 561
f 560 563 561
f 560 562 563
f 560 564 562
f 560 561 564
v -0.417663082296 -0.28770747312 -0.5
v -0.421037584357 -0.282746350683 -0.5
v -0.421830894545 -0.286914162932 -0.5
v -0.416869772108 -0.283539660871 -0.5
v -0.419350333327 -0.285226911902 -0.503
v -0.419350333327 -0.285226911902 -0.497
f 565 567 569
f 565 569 568
f 565 568 570
f 565 570 567
f 566 569 567
f 566 568 569
f 566 570 568
f 566 567 570
v -0.417653260205 -0.28770079224 -0.500680540186
v -0.421027762266 -0.282739669803 -0.500680540186
v -0.421819561364 -0.286906454224 -0.500785238676
v -0.416861461108 -0.283534007819 -0.500575841696
v -0.419253940898 -0.28516134681 -0.503678712667
v -0.419427081574 -0.285279115233 -0.497682367705
f 571 573 575
f 571 575 574
f 571 574 576
f 571 576 573
f 572 575 573
f 572 574 575
f 572 576 574
f 572 573 576
v -0.4176238059 -0.287680757739 -0.501360251238
v -0.420998307961 -0.282719635301 -0.501360251238
v -0.421785575627 -0.286883337492 -0.501569520659
v -0.416836538234 -0.283517055548 -0.501150981817
v -0.419138021727 -0.285082499838 -0.504352943389
v -0.419484092134 -0.285317893202 -0.498367559087
f 577 579 581
f 577 581 580
f 577 580 582
f 577 582 579
f 578 581 579
f 578 580 581
f 578 582 580
f 578 579 582
v -0.417574755266 -0.287647394025 -0.502038305034
v -0.420949257327 -0.282686271588 -0.502038305034
v -0.421728978741 -0.2868448409 -0.502351890424
v -0.416795033851 -0.283488824714 -0.501724719644
v -0.419002717044 -0.284990467049 -0.50502187072
v -0.419521295548 -0.285343198564 -0.499054739348
f 583 585 587
f 583 587 586
f 583 586 588
f 583 588 585
f 584 587 585
f 584 586 587
f 584 588 586
f 584 585 588
v -0.417506168063 -0.287600741749 -0.502713875469
v -0.420880670124 -0.282639619311 -0.502713875469
v -0.421649839661 -0.286791011349 -0.503131394772
v -0.416736998526 -0.28344934971 -0.502296356166
v -0.418848191696 -0.284885360572 -0.505684679675
v -0.41953864649 -0.285355000488 -0.499743071262
f 589 591 593
f 589 593 592
f 589 592 594
f 589 594 591
f 590 593 591
f 590 592 593
f 590 594 592
f 590 591 594
v -0.417418127854 -0.287540857747 -0.503386139465
v -0.420792629916 -0.282579735309 -0.503386139465
v -0.421548254805 -0.286721914424 -0.503907083998
v -0.416662502965 -0.283398678632 -0.502865194932
v -0.41867463395 -0.284767308461 -0.506340562724
v -0.41953612382 -0.285353284595 -0.500431716205
f 595 597 599
f 595 599 598
f 595 598 600
f 595 600 597
f 596 599 597
f 596 598 599
f 596 600 598
f 596 597 600
v -0.417310741904 -0.28746781498 -0.504054277971
v -0.420685243965 -0.282506692542 -0.504054277971
v -0.421424347939 -0.286637634308 -0.504678013043
v -0.41657163793 -0.283336873214 -0.503430542898
v -0.418482255257 -0.284636454546 -0.506988720773
v -0.419513730612 -0.285338052976 -0.501119835169
f 601 603 605
f 601 605 604
f 601 604 606
f 601 606 603
f 602 605 603
f 602 604 605
f 602 606 604
f 602 603 606
v -0.417184141045 -0.287381702438 -0.504717476964
v -0.420558643106 -0.282420580001 -0.504717476964
v -0.421278270025 -0.286538273684 -0.505443242651
v -0.416464514126 -0.283264008756 -0.503991711277
v -0.418271290003 -0.284492958252 -0.507628364143
v -0.419471494147 -0.285309324187 -0.501806589785
f 607 609 611
f 607 611 610
f 607 610 612
f 607 612 609
f 608 611 609
f 608 610 611
f 608 612 610
f 608 609 612
v -0.41703847952 -0.287282625038 -0.505374928438
v -0.420412981581 -0.2823215026 -0.505374928438
v -0.421110199035 -0.286423953606 -0.506201840506
v -0.416341262067 -0.283180174032 -0.504548016371
v -0.418041995216 -0.284336994407 -0.508258713526
v -0.419409465886 -0.285267133232 -0.502491143351
f 613 615 617
f 613 617 616
f 613 616 618
f 613 618 615
f 614 617 615
f 614 616 617
f 614 618 616
f 614 615 618
v -0.416873934797 -0.287170703489 -0.50602583139
v -0.420248436858 -0.282209581051 -0.50602583139
v -0.420920339738 -0.286294813357 -0.506952882373
v -0.416202031916 -0.283085471183 -0.505098780407
v -0.417794650255 -0.284168753028 -0.508879000939
v -0.419327721399 -0.285211531512 -0.503172661841
f 619 621 623
f 619 623 622
f 619 622 624
f 619 624 621
f 620 623 621
f 620 622 623
f 620 624 622
f 620 621 624
v -0.416690707346 -0.28704607415 -0.506669392795
v -0.420065209408 -0.282084951713 -0.506669392795
v -0.42070892345 -0.286151010274 -0.507695453225
v -0.416046993304 -0.282980015589 -0.505643332365
v -0.417529556473 -0.283988439092 -0.509488470657
v -0.419226360281 -0.285142586771 -0.503850314932
f 625 627 629
f 625 629 628
f 625 628 630
f 625 630 627
f 626 629 627
f 626 628 629
f 626 630 628
f 626 627 630
v -0.416489020404 -0.286908888864 -0.507304828572
v -0.419863522465 -0.281947766426 -0.507304828572
v -0.420476207747 -0.285992719559 -0.508428648352
v -0.415876335122 -0.282863935731 -0.506181008791
v -0.417247036847 -0.283796272284 -0.510086380135
v -0.419105506023 -0.285060383006 -0.504523277008
f 631 633 635
f 631 635 634
f 631 634 636
f 631 636 633
f 632 635 633
f 632 634 635
f 632 636 634
f 632 633 636
v -0.416269119694 -0.286759314768 -0.50793136454
v -0.419643621755 -0.281798192331 -0.50793136454
v -0.420222476158 -0.285820134065 -0.509151574469
v -0.415690265291 -0.282737373035 -0.506711154611
v -0.416947435581 -0.283592486729 -0.510672000913
v -0.418965305867 -0.28496502037 -0.505190728167
f 637 639 641
f 637 641 640
f 637 640 642
f 637 642 639
f 638 641 639
f 638 640 641
f 638 642 640
f 638 639 642
v -0.416031273131 -0.286597534097 -0.508548237362
v -0.419405775192 -0.28163641166 -0.508548237362
v -0.419948037816 -0.28563346406 -0.509863350803
v -0.415489010507 -0.282600481698 -0.507233123922
v -0.416631117695 -0.28337733071 -0.511244619501
v -0.418805930628 -0.284856615048 -0.505851855223
f 643 645 647
f 643 647 646
f 643 646 648
f 643 648 645
f 644 647 645
f 644 646 647
f 644 648 646
f 644 645 648
v -0.415775770495 -0.286423743956 -0.509154695474
v -0.419150272556 -0.281462621518 -0.509154695474
v -0.419653227082 -0.285432936973 -0.510563110163
v -0.415272815968 -0.282453428501 -0.507746280786
v -0.416298468574 -0.283151066359 -0.511803538253
v -0.418627574477 -0.284735299115 -0.506505852696
f 649 651 653
f 649 653 652
f 649 652 654
f 649 654 651
f 650 653 651
f 650 652 653
f 650 654 652
f 650 651 654
v -0.415502923076 -0.286238156079 -0.50975
v -0.418877425137 -0.281277033642 -0.50975
v -0.419338403138 -0.285218797116 -0.51125
v -0.415041945076 -0.282296392606 -0.50825
v -0.415949893497 -0.282913969345 -0.512348076211
v -0.418430454716 -0.284601220376 -0.507151923789
f 655 657 659
f 655 659 658
f 655 658 660
f 655 660 657
f 656 659 657
f 656 658 659
f 656 660 658
f 656 657 660
v -0.415213063297 -0.286040996579 -0.510333425653
v -0.418587565359 -0.281079874142 -0.510333425653
v -0.419003949547 -0.284991305385 -0.511923183445
v -0.414796679109 -0.282129565336 -0.50874366786
v -0.415585817152 -0.282666328536 -0.512877569941
v -0.418214811504 -0.284454542185 -0.507789281364
f 661 663 665
f 661 665 664
f 661 664 666
f 661 666 663
f 662 665 663
f 662 664 665
f 662 666 664
f 662 663 666
v -0.414906544308 -0.285832505663 -0.510904261618
v -0.418281046369 -0.280871383226 -0.510904261618
v -0.41865027379 -0.284750738943 -0.512581840328
v -0.414537316887 -0.281953149946 -0.509226682907
v -0.415206683108 -0.282408445642 -0.513391374335
v -0.417980907569 -0.284295443247 -0.5084171489
f 667 669 671
f 667 671 670
f 667 670 672
f 667 672 669
f 668 671 669
f 668 670 671
f 668 672 670
f 668 669 672
v -0.414583739554 -0.285612937345 -0.51146181242
v -0.417958241615 -0.280651814908 -0.51146181242
v -0.418277806766 -0.284497390884 -0.513225168177
v -0.414264174403 -0.281767361369 -0.509698456663
v -0.414812953283 -0.282140634854 -0.513888863403
v -0.417729027887 -0.284124117399 -0.509034761437
f 673 675 677
f 673 677 676
f 673 676 678
f 673 678 675
f 674 677 675
f 674 676 677
f 674 678 676
f 674 675 678
v -0.414245042324 -0.285382559136 -0.512005398769
v -0.417619544385 -0.280421436699 -0.512005398769
v -0.41788700227 -0.284231569874 -0.513852383195
v -0.413977584439 -0.281572425962 -0.510158414343
v -0.414405107375 -0.281863222459 -0.51436943103
v -0.417459479334 -0.283940773376 -0.509641366508
f 679 681 683
f 679 683 682
f 679 682 684
f 679 684 681
f 680 683 681
f 680 682 683
f 680 684 682
f 680 681 684
v -0.413890865268 -0.285141651716 -0.512534358389
v -0.417265367329 -0.280180529279 -0.512534358389
v -0.417478336436 -0.283953599774 -0.514462721218
v -0.413677896161 -0.281368581222 -0.51060599556
v -0.413983642282 -0.281576546441 -0.514832491718
v -0.417172590315 -0.283745634555 -0.51023622506
f 685 687 689
f 685 689 688
f 685 688 690
f 685 690 687
f 686 689 687
f 686 688 689
f 686 690 688
f 686 687 690
v -0.413521639895 -0.284890508594 -0.513048046824
v -0.416896141956 -0.279929386156 -0.513048046824
v -0.41705230716 -0.283663819248 -0.515055438643
v -0.413365474692 -0.281156075503 -0.511040655005
v -0.413549071493 -0.28128095607 -0.5152774813
v -0.416868710358 -0.28353893868 -0.510818612348
f 691 693 695
f 691 695 694
f 691 694 696
f 691 696 693
f 692 695 693
f 692 694 695
f 692 696 694
f 692 693 696
v -0.413137816051 -0.284629435748 -0.513545838224
v -0.416512318112 -0.279668313311 -0.513545838224
v -0.416609433493 -0.283362581349 -0.515629813335
v -0.41304070067 -0.28093516771 -0.511461863113
v -0.413101924468 -0.280976811478 -0.515703857625
v -0.416548209696 -0.283320937581 -0.511387818823
f 697 699 701
f 697 701 700
f 697 700 702
f 697 702 699
f 698 701 699
f 698 700 701
f 698 702 700
f 698 699 702
v -0.412739861365 -0.284358751256 -0.514027126107
v -0.416114363427 -0.279397628819 -0.514027126107
v -0.41615025501 -0.283050253089 -0.516185145508
v -0.412703969782 -0.280706126986 -0.511869106706
v -0.412642745984 -0.280664483218 -0.516111101218
v -0.416211478808 -0.283091896857 -0.511943150995
f 703 705 707
f 703 707 706
f 703 706 708
f 703 708 705
f 704 707 705
f 704 706 707
f 704 708 706
f 704 705 708
v -0.412328260685 -0.284078784905 -0.514491324097
v -0.415702762746 -0.279117662468 -0.514491324097
v -0.415675331148 -0.282727214992 -0.516720758573
v -0.412355692283 -0.280469232381 -0.51226188962
v -0.412172095481 -0.280344351814 -0.516498715916
v -0.415858927949 -0.282852095559 -0.512483932278
f 709 711 713
f 709 713 712
f 709 712 714
f 709 714 711
f 710 713 711
f 710 712 713
f 710 714 712
f 710 711 714
v -0.411903515481 -0.283789877791 -0.514937866641
v -0.415278017542 -0.278828755354 -0.514937866641
v -0.415185240528 -0.28239386063 -0.51723599997
v -0.411996292495 -0.280224772516 -0.512639733311
v -0.411690546374 -0.280016807297 -0.51686622947
v -0.415490986649 -0.282601825849 -0.513009503812
f 715 717 719
f 715 719 718
f 715 718 720
f 715 720 717
f 716 719 717
f 716 718 719
f 716 720 718
f 716 717 720
v -0.411466143241 -0.283492381903 -0.515366209695
v -0.414840645303 -0.278531259466 -0.515366209695
v -0.414680580252 -0.282050596143 -0.517730241956
v -0.411626208292 -0.279973045226 -0.513002177435
v -0.411198685357 -0.279682248729 -0.517213194121
v -0.415108103187 -0.282341392641 -0.513519225269
f 721 723 725
f 721 725 724
f 721 724 726
f 721 726 723
f 722 725 723
f 722 724 725
f 722 726 724
f 722 723 726
v -0.411016676836 -0.283186659694 -0.51577583139
v -0.414391178897 -0.278225537257 -0.51577583139
v -0.414161965168 -0.281697839748 -0.518202882373
v -0.411245890565 -0.279714357203 -0.513348780407
v -0.410697111685 -0.279341083718 -0.517539187147
v -0.414710744048 -0.282071113233 -0.514012475633
f 727 729 731
f 727 731 730
f 727 730 732
f 727 732 729
f 728 731 729
f 728 730 731
f 728 732 730
f 728 729 732
v -0.41055566387 -0.282873083639 -0.516166232665
v -0.413930165931 -0.277911961202 -0.516166232665
v -0.413630027131 -0.281336021223 -0.518653345382
v -0.410855802671 -0.279449023618 -0.513679119947
v -0.410186436449 -0.278993727922 -0.517843811375
v -0.414299393352 -0.281791316919 -0.514488653954
f 733 735 737
f 733 737 736
f 733 736 738
f 733 738 735
f 734 737 735
f 734 736 737
f 734 738 736
f 734 735 738
v -0.410083666018 -0.282552035782 -0.516536937875
v -0.413458168079 -0.277590913345 -0.516536937875
v -0.413085414224 -0.280965581388 -0.519081082164
v -0.410456419872 -0.279177367739 -0.513992793587
v -0.409667281829 -0.278640604539 -0.518126695668
v -0.413874552267 -0.281502344588 -0.514947180082
f 739 741 743
f 739 743 742
f 739 742 744
f 739 744 741
f 740 743 741
f 740 742 743
f 740 744 742
f 740 741 744
v -0.409601258335 -0.282223907271 -0.516887495374
v -0.412975760396 -0.277262784834 -0.516887495374
v -0.412528789975 -0.280586971568 -0.519485571585
v -0.410048228756 -0.278899720537 -0.514289419162
v -0.409140280335 -0.278282143797 -0.518387495374
v -0.413436738397 -0.281204548307 -0.515387495374
f 745 747 749
f 745 749 748
f 745 748 750
f 745 750 747
f 746 749 747
f 746 748 749
f 746 750 748
f 746 747 750
v -0.409109028562 -0.28188909788 -0.517217478061
v -0.412483530623 -0.276927975442 -0.517217478061
v -0.411960832544 -0.280200653039 -0.519866320839
v -0.409631726641 -0.278616420283 -0.514568635282
v -0.408606074035 -0.277918782425 -0.518625892749
v -0.412986485149 -0.280898290897 -0.515809063372
f 751 753 755
f 751 755 754
f 751 754 756
f 751 756 753
f 752 755 753
f 752 754 755
f 752 756 754
f 752 753 756
v -0.408607576404 -0.281548015521 -0.517526483903
v -0.411982078465 -0.276586893084 -0.517526483903
v -0.411382233901 -0.279807096472 -0.520222866042
v -0.409207420969 -0.278327812134 -0.514830101764
v -0.40806531378 -0.277550963122 -0.518841597343
v -0.41252434109 -0.280583945484 -0.516211370462
f 757 759 761
f 757 761 760
f 757 760 762
f 757 762 759
f 758 761 759
f 758 760 761
f 758 762 760
f 758 759 762
v -0.408097512804 -0.281201075753 -0.517814136424
v -0.411472014865 -0.276239953316 -0.517814136424
v -0.410793698978 -0.279406781354 -0.520554772797
v -0.408775828692 -0.278034247714 -0.515073500051
v -0.407518658401 -0.277179134019 -0.519034346353
v -0.412050869268 -0.280261895049 -0.516593926495
f 763 765 767
f 763 767 766
f 763 766 768
f 763 768 765
f 764 767 765
f 764 766 767
f 764 768 766
f 764 765 768
v -0.407579459196 -0.280848701267 -0.518080085164
v -0.410953961257 -0.275887578829 -0.518080085164
v -0.410195944814 -0.279000195409 -0.520861636728
v -0.408337475638 -0.277736084687 -0.5152985336
v -0.406966773914 -0.276803748134 -0.519203904944
v -0.411566646539 -0.279932531962 -0.516956265384
f 769 771 773
f 769 773 772
f 769 772 774
f 769 774 771
f 770 773 771
f 770 772 773
f 770 774 772
f 770 771 774
v -0.407054046747 -0.280491321377 -0.518324006105
v -0.410428548809 -0.27553019894 -0.518324006105
v -0.409589699682 -0.278587833998 -0.521143083968
v -0.407892895874 -0.277433686319 -0.515504928243
v -0.406410332705 -0.276425262816 -0.519350066535
v -0.411072262851 -0.279596257501 -0.517297945675
f 775 777 779
f 775 779 778
f 775 778 780
f 775 780 777
f 776 779 777
f 776 778 779
f 776 780 778
f 776 777 780
v -0.406521915593 -0.280129371496 -0.518545602068
v -0.409896417655 -0.275168249059 -0.518545602068
v -0.408975702196 -0.27817019952 -0.521398771617
v -0.407442631052 -0.277127421035 -0.515692432519
v -0.405850012713 -0.27604413919 -0.519472653051
v -0.410568320535 -0.279253481365 -0.517618551085
f 781 783 785
f 781 785 784
f 781 784 786
f 781 786 783
f 782 785 783
f 782 784 785
f 782 786 784
f 782 783 786
v -0.405983714054 -0.279763292604 -0.518744603071
v -0.409358216115 -0.274802170167 -0.518744603071
v -0.408354700419 -0.277747800798 -0.521628388159
v -0.406987229749 -0.276817661973 -0.515860817983
v -0.4052864966 -0.275660841598 -0.519571515138
v -0.410055433568 -0.278904621172 -0.517917691003
f 787 789 791
f 787 791 790
f 787 790 792
f 787 792 789
f 788 791 789
f 788 790 791
f 788 792 790
f 788 789 792
v -0.405440097844 -0.279393530712 -0.518920766662
v -0.408814599905 -0.274432408274 -0.518920766662
v -0.407727450946 -0.27732115246 -0.521831653841
v -0.406527246802 -0.276504786525 -0.516009879484
v -0.404720470925 -0.275275837029 -0.519646532349
v -0.409534226823 -0.278550101957 -0.518195000976
f 793 795 797
f 793 797 796
f 793 796 798
f 793 798 795
f 794 797 795
f 794 796 797
f 794 798 796
f 794 795 798
v -0.404891729276 -0.279020536317 -0.519073878214
v -0.408266231337 -0.274059413879 -0.519073878214
v -0.407094717984 -0.276890774312 -0.522008321017
v -0.406063242629 -0.276189175883 -0.516139435412
v -0.404152625302 -0.27488959455 -0.519697613287
v -0.409005335311 -0.278190355645 -0.518450143142
f 799 801 803
f 799 803 802
f 799 802 804
f 799 804 801
f 800 803 801
f 800 802 803
f 800 804 802
f 800 801 804
v -0.404339276453 -0.278644763855 -0.519203751184
v -0.407713778514 -0.273683641418 -0.519203751184
v -0.406457272419 -0.276457190703 -0.522158174443
v -0.405595782549 -0.27587121457 -0.516249327925
v -0.403583651564 -0.27450258474 -0.519724695717
v -0.408469403404 -0.277825820533 -0.518682806651
f 805 807 809
f 805 809 808
f 805 808 810
f 805 810 807
f 806 809 807
f 806 808 809
f 806 810 808
f 806 807 810
v -0.403783412454 -0.278266671149 -0.51931022734
v -0.407157914515 -0.273305548711 -0.51931022734
v -0.405815890882 -0.276020929888 -0.522281031547
v -0.405125436088 -0.275551289972 -0.516339423134
v -0.403014242917 -0.274115279111 -0.519727746643
v -0.407927084052 -0.27745694075 -0.518892708038
f 811 813 815
f 811 815 814
f 811 814 816
f 811 816 813
f 812 815 813
f 812 814 815
f 812 816 814
f 812 813 816
v -0.403224814514 -0.277886718845 -0.51939317696
v -0.406599316575 -0.272925596407 -0.51939317696
v -0.405171354797 -0.275582523383 -0.522376742646
v -0.404652776292 -0.275229791868 -0.516409611274
v -0.4024450931 -0.273728149533 -0.519706762349
v -0.407379037989 -0.277084165719 -0.51907959157
f 817 819 821
f 817 821 820
f 817 820 822
f 817 822 819
f 818 821 819
f 818 820 821
f 818 822 820
f 818 819 822
v -0.402664163197 -0.277505369856 -0.51945249898
v -0.406038665258 -0.272544247419 -0.51945249898
v -0.404524449431 -0.27514250532 -0.522445191131
v -0.404178379024 -0.274907111955 -0.516459806829
v -0.401876895532 -0.273341667665 -0.519661768401
v -0.406825932924 -0.276707949609 -0.519243229559
f 823 825 827
f 823 827 826
f 823 826 828
f 823 828 825
f 824 827 825
f 824 826 827
f 824 828 826
f 824 825 828
v -0.402102141572 -0.277123088798 -0.519488121127
v -0.405476643633 -0.272161966361 -0.519488121127
v -0.40387596294 -0.274701411791 -0.522486293608
v -0.403702822264 -0.274583643368 -0.516489948646
v -0.401310342474 -0.272956304377 -0.519592819617
v -0.40626844273 -0.276328750782 -0.519383422637
f 829 831 833
f 829 833 832
f 829 832 834
f 829 834 831
f 830 833 831
f 830 832 833
f 830 834 832
f 830 831 834
v -0.401539434374 -0.276740341422 -0.5195
v -0.404913936435 -0.271779218984 -0.5195
v -0.403226685405 -0.274259780203 -0.5225
v -0.403226685405 -0.274259780203 -0.5165
v -0.400746124186 -0.272572529172 -0.5195
v -0.405707246624 -0.275947031234 -0.5195
f 835 837 839
f 835 839 838
f 835 838 840
f 835 840 837
f 836 839 837
f 836 838 839
f 836 840 838
f 836 837 840
v -0.400976727177 -0.276357594045 -0.519488121127
v -0.404351229238 -0.271396471608 -0.519488121127
v -0.402577407869 -0.273818148615 -0.522486293608
v -0.402750548545 -0.273935917038 -0.516489948646
v -0.40018492808 -0.272190809624 -0.519383422637
v -0.405143028335 -0.275563256029 -0.519592819617
f 841 843 845
f 841 845 844
f 841 844 846
f 841 846 843
f 842 845 843
f 842 844 845
f 842 846 844
f 842 843 846
v -0.400414705551 -0.275975312987 -0.51945249898
v -0.403789207613 -0.27101419055 -0.51945249898
v -0.401928921378 -0.273377055086 -0.522445191131
v -0.402274991785 -0.273612448451 -0.516459806829
v -0.399627437886 -0.271811610797 -0.519243229559
v -0.404576475278 -0.27517789274 -0.519661768401
f 847 849 851
f 847 851 850
f 847 850 852
f 847 852 849
f 848 851 849
f 848 850 851
f 848 852 850
f 848 849 852
v -0.399854054235 -0.275593963999 -0.51939317696
v -0.403228556296 -0.270632841561 -0.51939317696
v -0.401282016013 -0.272937037023 -0.522376742646
v -0.401800594518 -0.273289768537 -0.516409611274
v -0.399074332821 -0.271435394687 -0.51907959157
v -0.40400827771 -0.274791410873 -0.519706762349
f 853 855 857
f 853 857 856
f 853 856 858
f 853 858 855
f 854 857 855
f 854 856 857
f 854 858 856
f 854 855 858
v -0.399295456294 -0.275214011695 -0.51931022734
v -0.402669958355 -0.270252889257 -0.51931022734
v -0.400637479928 -0.272498630518 -0.522281031547
v -0.401327934722 -0.272968270434 -0.516339423134
v -0.398526286757 -0.271062619656 -0.518892708038
v -0.403439127892 -0.274404281295 -0.519727746643
f 859 861 863
f 859 863 862
f 859 862 864
f 859 864 861
f 860 863 861
f 860 862 863
f 860 864 862
f 860 861 864
v -0.398739592295 -0.274835918988 -0.519203751184
v -0.402114094356 -0.269874796551 -0.519203751184
v -0.399996098391 -0.272062369703 -0.522158174443
v -0.400857588261 -0.272648345836 -0.516249327925
v -0.397983967406 -0.270693739873 -0.518682806651
v -0.402869719246 -0.274016975665 -0.519724695717
f 865 867 869
f 865 869 868
f 865 868 870
f 865 870 867
f 866 869 867
f 866 868 869
f 866 870 868
f 866 867 870
v -0.398187139473 -0.274460146527 -0.519073878214
v -0.401561641534 -0.269499024089 -0.519073878214
v -0.399358652826 -0.271628786093 -0.522008321017
v -0.40039012818 -0.272330384523 -0.516139435412
v -0.397448035499 -0.270329204761 -0.518450143142
v -0.402300745508 -0.273629965855 -0.519697613287
f 871 873 875
f 871 875 874
f 871 874 876
f 871 876 873
f 872 875 873
f 872 874 875
f 872 876 874
f 872 873 876
v -0.397638770905 -0.274087152132 -0.518920766662
v -0.401013272966 -0.269126029694 -0.518920766662
v -0.398725919863 -0.271198407945 -0.521831653841
v -0.399926124008 -0.272014773881 -0.516009879484
v -0.396919143986 -0.269969458449 -0.518195000976
v -0.401732899885 -0.273243723377 -0.519646532349
f 877 879 881
f 877 881 880
f 877 880 882
f 877 882 879
f 878 881 879
f 878 880 881
f 878 882 880
f 878 879 882
v -0.397095154695 -0.273717390239 -0.518744603071
v -0.400469656756 -0.268756267802 -0.518744603071
v -0.39809867039 -0.270771759608 -0.521628388159
v -0.399466141061 -0.271701898433 -0.515860817983
v -0.396397937242 -0.269614939234 -0.517917691003
v -0.40116687421 -0.272858718808 -0.519571515138
f 883 885 887
f 883 887 886
f 883 886 888
f 883 888 885
f 884 887 885
f 884 886 887
f 884 888 886
f 884 885 888
v -0.396556953155 -0.273351311347 -0.518545602068
v -0.399931455216 -0.26839018891 -0.518545602068
v -0.397477668614 -0.270349360886 -0.521398771617
v -0.399010739758 -0.271392139371 -0.515692432519
v -0.395885050275 -0.269266079041 -0.517618551085
v -0.400603358097 -0.272475421216 -0.519472653051
f 889 891 893
f 889 893 892
f 889 892 894
f 889 894 891
f 890 893 891
f 890 892 893
f 890 894 892
f 890 891 894
v -0.405440097844 -0.279393530712 -0.481079233338
v -0.408814599905 -0.274432408274 -0.481079233338
v -0.407727450946 -0.27732115246 -0.478168346159
v -0.406527246802 -0.276504786525 -0.483990120516
v -0.409534226823 -0.278550101957 -0.481804999024
v -0.404720470925 -0.275275837029 -0.480353467651
f 895 897 899
f 895 899 898
f 895 898 900
f 895 900 897
f 896 899 897
f 896 898 899
f 896 900 898
f 896 897 900
v -0.405983714054 -0.279763292604 -0.481255396929
v -0.409358216115 -0.274802170167 -0.481255396929
v -0.408354700419 -0.277747800798 -0.478371611841
v -0.406987229749 -0.276817661973 -0.484139182017
v -0.410055433568 -0.278904621172 -0.482082308997
v -0.4052864966 -0.275660841598 -0.480428484862
f 901 903 905
f 901 905 904
f 901 904 906
f 901 906 903
f 902 905 903
f 902 904 905
f 902 906 904
f 902 903 906
v -0.406521915593 -0.280129371496 -0.481454397932
v -0.409896417655 -0.275168249059 -0.481454397932
v -0.408975702196 -0.27817019952 -0.478601228383
v -0.407442631052 -0.277127421035 -0.484307567481
v -0.410568320535 -0.279253481365 -0.482381448915
v -0.405850012713 -0.27604413919 -0.480527346949
f 907 909 911
f 907 911 910
f 907 910 912
f 907 912 909
f 908 911 909
f 908 910 911
f 908 912 910
f 908 909 912
v -0.407054046747 -0.280491321377 -0.481675993895
v -0.410428548809 -0.27553019894 -0.481675993895
v -0.409589699682 -0.278587833998 -0.478856916032
v -0.407892895874 -0.277433686319 -0.484495071757
v -0.411072262851 -0.279596257501 -0.482702054325
v -0.406410332705 -0.276425262816 -0.480649933465
f 913 915 917
f 913 917 916
f 913 916 918
f 913 918 915
f 914 917 915
f 914 916 917
f 914 918 916
f 914 915 918
v -0.407579459196 -0.280848701267 -0.481919914836
v -0.410953961257 -0.275887578829 -0.481919914836
v -0.410195944814 -0.279000195409 -0.479138363272
v -0.408337475638 -0.277736084687 -0.4847014664
v -0.411566646539 -0.279932531962 -0.483043734616
v -0.406966773914 -0.276803748134 -0.480796095056
f 919 921 923
f 919 923 922
f 919 922 924
f 919 924 921
f 920 923 921
f 920 922 923
f 920 924 922
f 920 921 924
v -0.408097512804 -0.281201075753 -0.482185863576
v -0.411472014865 -0.276239953316 -0.482185863576
v -0.410793698978 -0.279406781354 -0.479445227203
v -0.408775828692 -0.278034247714 -0.484926499949
v -0.412050869268 -0.280261895049 -0.483406073505
v -0.407518658401 -0.277179134019 -0.480965653647
f 925 927 929
f 925 929 928
f 925 928 930
f 925 930 927
f 926 929 927
f 926 928 929
f 926 930 928
f 926 927 930
v -0.408607576404 -0.281548015521 -0.482473516097
v -0.411982078465 -0.276586893084 -0.482473516097
v -0.411382233901 -0.279807096472 -0.479777133958
v -0.409207420969 -0.278327812134 -0.485169898236
v -0.41252434109 -0.280583945484 -0.483788629538
v -0.40806531378 -0.277550963122 -0.481158402657
f 931 933 935
f 931 935 934
f 931 934 936
f 931 936 933
f 932 935 933
f 932 934 935
f 932 936 934
f 932 933 936
v -0.409109028562 -0.28188909788 -0.482782521939
v -0.412483530623 -0.276927975442 -0.482782521939
v -0.411960832544 -0.280200653039 -0.480133679161
v -0.409631726641 -0.278616420283 -0.485431364718
v -0.412986485149 -0.280898290897 -0.484190936628
v -0.408606074035 -0.277918782425 -0.481374107251
f 937 939 941
f 937 941 940
f 937 940 942
f 937 942 939
f 938 941 939
f 938 940 941
f 938 942 940
f 938 939 942
v -0.409601258335 -0.282223907271 -0.483112504626
v -0.412975760396 -0.277262784834 -0.483112504626
v -0.412528789975 -0.280586971568 -0.480514428415
v -0.410048228756 -0.278899720537 -0.485710580838
v -0.413436738397 -0.281204548307 -0.484612504626
v -0.409140280335 -0.278282143797 -0.481612504626
f 943 945 947
f 943 947 946
f 943 946 948
f 943 948 945
f 944 947 945
f 944 946 947
f 944 948 946
f 944 945 948
v -0.410083666018 -0.282552035782 -0.483463062125
v -0.413458168079 -0.277590913345 -0.483463062125
v -0.413085414224 -0.280965581388 -0.480918917836
v -0.410456419872 -0.279177367739 -0.486007206413
v -0.413874552267 -0.281502344588 -0.485052819918
v -0.409667281829 -0.278640604539 -0.481873304332
f 949 951 953
f 949 953 952
f 949 952 954
f 949 954 951
f 950 953 951
f 950 952 953
f 950 954 952
f 950 951 954
v -0.41055566387 -0.282873083639 -0.483833767335
v -0.413930165931 -0.277911961202 -0.483833767335
v -0.413630027131 -0.281336021223 -0.481346654618
v -0.410855802671 -0.279449023618 -0.486320880053
v -0.414299393352 -0.281791316919 -0.485511346046
v -0.410186436449 -0.278993727922 -0.482156188625
f 955 957 959
f 955 959 958
f 955 958 960
f 955 960 957
f 956 959 957
f 956 958 959
f 956 960 958
f 956 957 960
v -0.411016676836 -0.283186659694 -0.48422416861
v -0.414391178897 -0.278225537257 -0.48422416861
v -0.414161965168 -0.281697839748 -0.481797117627
v -0.411245890565 -0.279714357203 -0.486651219593
v -0.414710744048 -0.282071113233 -0.485987524367
v -0.410697111685 -0.279341083718 -0.482460812853
f 961 963 965
f 961 965 964
f 961 964 966
f 961 966 963
f 962 965 963
f 962 964 965
f 962 966 964
f 962 963 966
v -0.411466143241 -0.283492381903 -0.484633790305
v -0.414840645303 -0.278531259466 -0.484633790305
v -0.414680580252 -0.282050596143 -0.482269758044
v -0.411626208292 -0.279973045226 -0.486997822565
v -0.415108103187 -0.282341392641 -0.486480774731
v -0.411198685357 -0.279682248729 -0.482786805879
f 967 969 971
f 967 971 970
f 967 970 972
f 967 972 969
f 968 971 969
f 968 970 971
f 968 972 970
f 968 969 972
v -0.411903515481 -0.283789877791 -0.485062133359
v -0.415278017542 -0.278828755354 -0.485062133359
v -0.415185240528 -0.28239386063 -0.48276400003
v -0.411996292495 -0.280224772516 -0.487360266689
v -0.415490986649 -0.282601825849 -0.486990496188
v -0.411690546374 -0.280016807297 -0.48313377053
f 973 975 977
f 973 977 976
f 973 976 978
f 973 978 975
f 974 977 975
f 974 976 977
f 974 978 976
f 974 975 978
v -0.412328260685 -0.284078784905 -0.485508675903
v -0.415702762746 -0.279117662468 -0.485508675903
v -0.415675331148 -0.282727214992 -0.483279241427
v -0.412355692283 -0.280469232381 -0.48773811038
v -0.415858927949 -0.282852095559 -0.487516067722
v -0.412172095481 -0.280344351814 -0.483501284084
f 979 981 983
f 979 983 982
f 979 982 984
f 979 984 981
f 980 983 981
f 980 982 983
f 980 984 982
f 980 981 984
v -0.412739861365 -0.284358751256 -0.485972873893
v -0.416114363427 -0.279397628819 -0.485972873893
v -0.41615025501 -0.283050253089 -0.483814854492
v -0.412703969782 -0.280706126986 -0.488130893294
v -0.416211478808 -0.283091896857 -0.488056849005
v -0.412642745984 -0.280664483218 -0.483888898782
f 985 987 989
f 985 989 988
f 985 988 990
f 985 990 987
f 986 989 987
f 986 988 989
f 986 990 988
f 986 987 990
v -0.413137816051 -0.284629435748 -0.486454161776
v -0.416512318112 -0.279668313311 -0.486454161776
v -0.416609433493 -0.283362581349 -0.484370186665
v -0.41304070067 -0.28093516771 -0.488538136887
v -0.416548209696 -0.283320937581 -0.488612181177
v -0.413101924468 -0.280976811478 -0.484296142375
f 991 993 995
f 991 995 994
f 991 994 996
f 991 996 993
f 992 995 993
f 992 994 995
f 992 996 994
f 992 993 996
v -0.413521639895 -0.284890508594 -0.486951953176
v -0.416896141956 -0.279929386156 -0.486951953176
v -0.41705230716 -0.283663819248 -0.484944561357
v -0.413365474692 -0.281156075503 -0.488959344995
v -0.416868710358 -0.28353893868 -0.489181387652
v -0.413549071493 -0.28128095607 -0.4847225187
f 997 999 1001
f 997 1001 1000
f 997 1000 1002
f 997 1002 999
f 998 1001 999
f 998 1000 1001
f 998 1002 1000
f 998 999 1002
v -0.413890865268 -0.285141651716 -0.487465641611
v -0.417265367329 -0.280180529279 -0.487465641611
v -0.417478336436 -0.283953599774 -0.485537278782
v -0.413677896161 -0.281368581222 -0.48939400444
v -0.417172590315 -0.283745634555 -0.48976377494
v -0.413983642282 -0.281576546441 -0.485167508282
f 1003 1005 1007
f 1003 1007 1006
f 1003 1006 1008
f 1003 1008 1005
f 1004 1007 1005
f 1004 1006 1007
f 1004 1008 1006
f 1004 1005 1008
v -0.414245042324 -0.285382559136 -0.487994601231
v -0.417619544385 -0.280421436699 -0.487994601231
v -0.41788700227 -0.284231569874 -0.486147616805
v -0.413977584439 -0.281572425962 -0.489841585657
v -0.417459479334 -0.283940773376 -0.490358633492
v -0.414405107375 -0.281863222459 -0.48563056897
f 1009 1011 1013
f 1009 1013 1012
f 1009 1012 1014
f 1009 1014 1011
f 1010 1013 1011
f 1010 1012 1013
f 1010 1014 1012
f 1010 1011 1014
v -0.414583739554 -0.285612937345 -0.48853818758
v -0.417958241615 -0.280651814908 -0.48853818758
v -0.418277806766 -0.284497390884 -0.486774831823
v -0.414264174403 -0.281767361369 -0.490301543337
v -0.417729027887 -0.284124117399 -0.490965238563
v -0.414812953283 -0.282140634854 -0.486111136597
f 1015 1017 1019
f 1015 1019 1018
f 1015 1018 1020
f 1015 1020 1017
f 1016 1019 1017
f 1016 1018 1019
f 1016 1020 1018
f 1016 1017 1020
v -0.414906544308 -0.285832505663 -0.489095738382
v -0.418281046369 -0.280871383226 -0.489095738382
v -0.41865027379 -0.284750738943 -0.487418159672
v -0.414537316887 -0.281953149946 -0.490773317093
v -0.417980907569 -0.284295443247 -0.4915828511
v -0.415206683108 -0.282408445642 -0.486608625665
f 1021 1023 1025
f 1021 1025 1024
f 1021 1024 1026
f 1021 1026 1023
f 1022 1025 1023
f 1022 1024 1025
f 1022 1026 1024
f 1022 1023 1026
v -0.415213063297 -0.286040996579 -0.489666574347
v -0.418587565359 -0.281079874142 -0.489666574347
v -0.419003949547 -0.284991305385 -0.488076816555
v -0.414796679109 -0.282129565336 -0.49125633214
v -0.418214811504 -0.284454542185 -0.492210718636
v -0.415585817152 -0.282666328536 -0.487122430059
f 1027 1029 1031
f 1027 1031 1030
f 1027 1030 1032
f 1027 1032 1029
f 1028 1031 1029
f 1028 1030 1031
f 1028 1032 1030
f 1028 1029 1032
v -0.415502923076 -0.286238156079 -0.49025
v -0.418877425137 -0.281277033642 -0.49025
v -0.419338403138 -0.285218797116 -0.48875
v -0.415041945076 -0.282296392606 -0.49175
v -0.418430454716 -0.284601220376 -0.492848076211
v -0.415949893497 -0.282913969345 -0.487651923789
f 1033 1035 1037
f 1033 1037 1036
f 1033 1036 1038
f 1033 1038 1035
f 1034 1037 1035
f 1034 1036 1037
f 1034 1038 1036
f 1034 1035 1038
v -0.415775770495 -0.286423743956 -0.490845304526
v -0.419150272556 -0.281462621518 -0.490845304526
v -0.419653227082 -0.285432936973 -0.489436889837
v -0.415272815968 -0.282453428501 -0.492253719214
v -0.418627574477 -0.284735299115 -0.493494147304
v -0.416298468574 -0.283151066359 -0.488196461747
f 1039 1041 1043
f 1039 1043 1042
f 1039 1042 1044
f 1039 1044 1041
f 1040 1043 1041
f 1040 1042 1043
f 1040 1044 1042
f 1040 1041 1044
v -0.416031273131 -0.286597534097 -0.491451762638
v -0.419405775192 -0.28163641166 -0.491451762638
v -0.419948037816 -0.28563346406 -0.490136649197
v -0.415489010507 -0.282600481698 -0.492766876078
v -0.418805930628 -0.284856615048 -0.494148144777
v -0.416631117695 -0.28337733071 -0.488755380499
f 1045 1047 1049
f 1045 1049 1048
f 1045 1048 1050
f 1045 1050 1047
f 1046 1049 1047
f 1046 1048 1049
f 1046 1050 1048
f 1046 1047 1050
v -0.416269119694 -0.286759314768 -0.49206863546
v -0.419643621755 -0.281798192331 -0.49206863546
v -0.420222476158 -0.285820134065 -0.490848425531
v -0.415690265291 -0.282737373035 -0.493288845389
v -0.418965305867 -0.28496502037 -0.494809271833
v -0.416947435581 -0.283592486729 -0.489327999087
f 1051 1053 1055
f 1051 1055 1054
f 1051 1054 1056
f 1051 1056 1053
f 1052 1055 1053
f 1052 1054 1055
f 1052 1056 1054
f 1052 1053 1056
v -0.416489020404 -0.286908888864 -0.492695171428
v -0.419863522465 -0.281947766426 -0.492695171428
v -0.420476207747 -0.285992719559 -0.491571351648
v -0.415876335122 -0.282863935731 -0.493818991209
v -0.419105506023 -0.285060383006 -0.495476722992
v -0.417247036847 -0.283796272284 -0.489913619865
f 1057 1059 1061
f 1057 1061 1060
f 1057 1060 1062
f 1057 1062 1059
f 1058 1061 1059
f 1058 1060 1061
f 1058 1062 1060
f 1058 1059 1062
v -0.416690707346 -0.28704607415 -0.493330607205
v -0.420065209408 -0.282084951713 -0.493330607205
v -0.42070892345 -0.286151010274 -0.492304546775
v -0.416046993304 -0.282980015589 -0.494356667635
v -0.419226360281 -0.285142586771 -0.496149685068
v -0.417529556473 -0.283988439092 -0.490511529343
f 1063 1065 1067
f 1063 1067 1066
f 1063 1066 1068
f 1063 1068 1065
f 1064 1067 1065
f 1064 1066 1067
f 1064 1068 1066
f 1064 1065 1068
v -0.416873934797 -0.287170703489 -0.49397416861
v -0.420248436858 -0.282209581051 -0.49397416861
v -0.420920339738 -0.286294813357 -0.493047117627
v -0.416202031916 -0.283085471183 -0.494901219593
v -0.419327721399 -0.285211531512 -0.496827338159
v -0.417794650255 -0.284168753028 -0.491120999061
f 1069 1071 1073
f 1069 1073 1072
f 1069 1072 1074
f 1069 1074 1071
f 1070 1073 1071
f 1070 1072 1073
f 1070 1074 1072
f 1070 1071 1074
v -0.41703847952 -0.287282625038 -0.494625071562
v -0.420412981581 -0.2823215026 -0.494625071562
v -0.421110199035 -0.286423953606 -0.493798159494
v -0.416341262067 -0.283180174032 -0.495451983629
v -0.419409465886 -0.285267133232 -0.497508856649
v -0.418041995216 -0.284336994407 -0.491741286474
f 1075 1077 1079
f 1075 1079 1078
f 1075 1078 1080
f 1075 1080 1077
f 1076 1079 1077
f 1076 1078 1079
f 1076 1080 1078
f 1076 1077 1080
v -0.417184141045 -0.287381702438 -0.495282523036
v -0.420558643106 -0.282420580001 -0.495282523036
v -0.421278270025 -0.286538273684 -0.494556757349
v -0.416464514126 -0.283264008756 -0.496008288723
v -0.419471494147 -0.285309324187 -0.498193410215
v -0.418271290003 -0.284492958252 -0.492371635857
f 1081 1083 1085
f 1081 1085 1084
f 1081 1084 1086
f 1081 1086 1083
f 1082 1085 1083
f 1082 1084 1085
f 1082 1086 1084
f 1082 1083 1086
v -0.417310741904 -0.28746781498 -0.495945722029
v -0.420685243965 -0.282506692542 -0.495945722029
v -0.421424347939 -0.286637634308 -0.495321986957
v -0.41657163793 -0.283336873214 -0.496569457102
v -0.419513730612 -0.285338052976 -0.498880164831
v -0.418482255257 -0.284636454546 -0.493011279227
f 1087 1089 1091
f 1087 1091 1090
f 1087 1090 1092
f 1087 1092 1089
f 1088 1091 1089
f 1088 1090 1091
f 1088 1092 1090
f 1088 1089 1092
v -0.417418127854 -0.287540857747 -0.496613860535
v -0.420792629916 -0.282579735309 -0.496613860535
v -0.421548254805 -0.286721914424 -0.496092916002
v -0.416662502965 -0.283398678632 -0.497134805068
v -0.41953612382 -0.285353284595 -0.499568283795
v -0.41867463395 -0.284767308461 -0.493659437276
f 1093 1095 1097
f 1093 1097 1096
f 1093 1096 1098
f 1093 1098 1095
f 1094 1097 1095
f 1094 1096 1097
f 1094 1098 1096
f 1094 1095 1098
v -0.417506168063 -0.287600741749 -0.497286124531
v -0.420880670124 -0.282639619311 -0.497286124531
v -0.421649839661 -0.286791011349 -0.496868605228
v -0.416736998526 -0.28344934971 -0.497703643834
v -0.41953864649 -0.285355000488 -0.500256928738
v -0.418848191696 -0.284885360572 -0.494315320325
f 1099 1101 1103
f 1099 1103 1102
f 1099 1102 1104
f 1099 1104 1101
f 1100 1103 1101
f 1100 1102 1103
f 1100 1104 1102
f 1100 1101 1104
v -0.417574755266 -0.287647394025 -0.497961694966
v -0.420949257327 -0.282686271588 -0.497961694966
v -0.421728978741 -0.2868448409 -0.497648109576
v -0.416795033851 -0.283488824714 -0.498275280356
v -0.419521295548 -0.285343198564 -0.500945260652
v -0.419002717044 -0.284990467049 -0.49497812928
f 1105 1107 1109
f 1105 1109 1108
f 1105 1108 1110
f 1105 1110 1107
f 1106 1109 1107
f 1106 1108 1109
f 1106 1110 1108
f 1106 1107 1110
v -0.4176238059 -0.287680757739 -0.498639748762
v -0.420998307961 -0.282719635301 -0.498639748762
v -0.421785575627 -0.286883337492 -0.498430479341
v -0.416836538234 -0.283517055548 -0.498849018183
v -0.419484092134 -0.285317893202 -0.501632440913
v -0.419138021727 -0.285082499838 -0.495647056611
f 1111 1113 1115
f 1111 1115 1114
f 1111 1114 1116
f 1111 1116 1113
f 1112 1115 1113
f 1112 1114 1115
f 1112 1116 1114
f 1112 1113 1116
v -0.417653260205 -0.28770079224 -0.499319459814
v -0.421027762266 -0.282739669803 -0.499319459814
v -0.421819561364 -0.286906454224 -0.499214761324
v -0.416861461108 -0.283534007819 -0.499424158304
v -0.419427081574 -0.285279115233 -0.502317632295
v -0.419253940898 -0.28516134681 -0.496321287333
f 1117 1119 1121
f 1117 1121 1120
f 1117 1120 1122
f 1117 1122 1119
f 1118 1121 1119
f 1118 1120 1121
f 1118 1122 1120
f 1118 1119 1122
v -0.417915571491 -0.287879213552 -0.502783462019
v -0.421290073552 -0.282918091114 -0.502783462019
v -0.422059243089 -0.287069483153 -0.503200981322
v -0.417146401954 -0.283727821514 -0.502365942716
v -0.419257595124 -0.285163832375 -0.505754266225
v -0.419948049918 -0.285633472291 -0.499812657813
f 1123 1125 1127
f 1123 1127 1126
f 1123 1126 1128
f 1123 1128 1125
f 1124 1127 1125
f 1124 1126 1127
f 1124 1128 1126
f 1124 1125 1128
v -0.417825273841 -0.287817794063 -0.503472963553
v -0.421199775902 -0.282856671625 -0.503472963553
v -0.421955400792 -0.28699885074 -0.503993908086
v -0.417069648952 -0.283675614948 -0.50295201902
v -0.419081779936 -0.285044244777 -0.506427386812
v -0.419943269807 -0.285630220911 -0.500518540294
f 1129 1131 1133
f 1129 1133 1132
f 1129 1132 1134
f 1129 1134 1131
f 1130 1133 1131
f 1130 1132 1133
f 1130 1134 1132
f 1130 1131 1134
v -0.417715134405 -0.287742878404 -0.504158233816
v -0.421089636466 -0.282781755967 -0.504158233816
v -0.42182874044 -0.286912697733 -0.504781968889
v -0.416976030431 -0.283611936638 -0.503534498744
v -0.418886647758 -0.284911517971 -0.507092676619
v -0.419918123112 -0.2856131164 -0.501223791014
f 1135 1137 1139
f 1135 1139 1138
f 1135 1138 1140
f 1135 1140 1137
f 1136 1139 1137
f 1136 1138 1139
f 1136 1140 1138
f 1136 1137 1140
v -0.41758528737 -0.287654557849 -0.504838437912
v -0.420959789431 -0.282693435412 -0.504838437912
v -0.421679416349 -0.286811129094 -0.505564203599
v -0.416865660451 -0.283536864166 -0.504112672225
v -0.418672436328 -0.284765813663 -0.507749325091
v -0.419872640472 -0.285582179598 -0.501927550733
f 1141 1143 1145
f 1141 1145 1144
f 1141 1144 1146
f 1141 1146 1143
f 1142 1145 1143
f 1142 1144 1145
f 1142 1146 1144
f 1142 1143 1146
v -0.417435890934 -0.287552940002 -0.505512747116
v -0.420810392995 -0.282591817565 -0.505512747116
v -0.421507610449 -0.286694268571 -0.506339659184
v -0.416738673481 -0.283450488997 -0.504685835049
v -0.41843940663 -0.284607309371 -0.508396532204
v -0.4198068773 -0.285537448196 -0.502628962029
f 1147 1149 1151
f 1147 1151 1150
f 1147 1150 1152
f 1147 1152 1149
f 1148 1151 1149
f 1148 1150 1151
f 1148 1152 1150
f 1148 1149 1152
v -0.417267127115 -0.28743814867 -0.506180339887
v -0.420641629176 -0.282477026233 -0.506180339887
v -0.421313532057 -0.286562258539 -0.507107390871
v -0.416595224235 -0.283352916364 -0.505253288904
v -0.418187842574 -0.284436198209 -0.509033509436
v -0.419720913718 -0.285478976693 -0.503327170339
f 1153 1155 1157
f 1153 1157 1156
f 1153 1156 1158
f 1153 1158 1155
f 1154 1157 1155
f 1154 1156 1157
f 1154 1158 1156
f 1154 1155 1158
v -0.417079201525 -0.287310323707 -0.506840402867
v -0.420453703586 -0.28234920127 -0.506840402867
v -0.421097417628 -0.286415259831 -0.507866463296
v -0.416435487483 -0.283244265146 -0.505814342437
v -0.417918050652 -0.284252688649 -0.509659480729
v -0.419614854459 -0.285406836328 -0.504021325004
f 1159 1161 1163
f 1159 1163 1162
f 1159 1162 1164
f 1159 1164 1161
f 1160 1163 1161
f 1160 1162 1163
f 1160 1164 1162
f 1160 1161 1164
v -0.416872343123 -0.287169620849 -0.507492131868
v -0.420246845184 -0.282208498412 -0.507492131868
v -0.420859530466 -0.286253451545 -0.508615951649
v -0.416259657841 -0.283124667716 -0.506368312088
v -0.417630359565 -0.28405700427 -0.510273683432
v -0.419488828741 -0.285321114991 -0.504710580305
f 1165 1167 1169
f 1165 1169 1168
f 1165 1168 1170
f 1165 1170 1167
f 1166 1169 1167
f 1166 1168 1169
f 1166 1170 1168
f 1166 1167 1170
v -0.416646803933 -0.287016211521 -0.508134732862
v -0.420021305994 -0.282055089083 -0.508134732862
v -0.420600160397 -0.286077030817 -0.509354942791
v -0.41606794953 -0.282994269787 -0.506914522932
v -0.41732511982 -0.283849383482 -0.510875369234
v -0.419342990106 -0.285221917122 -0.505394096489
f 1171 1173 1175
f 1171 1175 1174
f 1171 1174 1176
f 1171 1176 1173
f 1172 1175 1173
f 1172 1174 1175
f 1172 1176 1174
f 1172 1173 1176
v -0.41640285874 -0.286850282628 -0.508767422936
v -0.419777360801 -0.28188916019 -0.508767422936
v -0.420319623426 -0.28588621259 -0.510082536376
v -0.415860596116 -0.282853230228 -0.507452309495
v -0.417002703305 -0.28363007924 -0.511463805075
v -0.419177516237 -0.285109363578 -0.506071040797
f 1177 1179 1181
f 1177 1181 1180
f 1177 1180 1182
f 1177 1182 1179
f 1178 1181 1179
f 1178 1180 1181
f 1178 1182 1180
f 1178 1179 1182
v -0.416140804754 -0.286672036328 -0.509389431256
v -0.419515306816 -0.281710913891 -0.509389431256
v -0.420018261342 -0.285681229346 -0.510797845944
v -0.415637850228 -0.282701720874 -0.507981016567
v -0.416663502833 -0.283399358731 -0.512038274034
v -0.418992608737 -0.284983591488 -0.506740588477
f 1183 1185 1187
f 1183 1187 1186
f 1183 1186 1188
f 1183 1188 1185
f 1184 1187 1185
f 1184 1186 1187
f 1184 1188 1186
f 1184 1185 1188
v -0.415860961248 -0.286481689789 -0.51
v -0.419235463309 -0.281520567351 -0.51
v -0.41969644131 -0.285462330825 -0.5115
v -0.415399983248 -0.282539926315 -0.5085
v -0.416307931669 -0.283157503055 -0.512598076211
v -0.418788492888 -0.284844754085 -0.507401923789
f 1189 1191 1193
f 1189 1193 1192
f 1189 1192 1194
f 1189 1194 1191
f 1190 1193 1191
f 1190 1192 1193
f 1190 1194 1192
f 1190 1191 1194
v -0.415563669167 -0.286279474916 -0.510598385285
v -0.418938171228 -0.281318352479 -0.510598385285
v -0.419354555417 -0.285229783722 -0.512188143077
v -0.415147284979 -0.282368043673 -0.509008627492
v -0.415936423022 -0.282904806873 -0.513142529573
v -0.418565417374 -0.284693020522 -0.508054240996
f 1195 1197 1199
f 1195 1199 1198
f 1195 1198 1200
f 1195 1200 1197
f 1196 1199 1197
f 1196 1198 1199
f 1196 1200 1198
f 1196 1197 1200
v -0.415249290717 -0.286065638079 -0.511183858069
v -0.418623792778 -0.281104515642 -0.511183858069
v -0.418993020199 -0.284983871359 -0.51286143678
v -0.414880063296 -0.282186282362 -0.509506279359
v -0.415549429517 -0.282641578058 -0.513670970787
v -0.418323653977 -0.284528575663 -0.508696745352
f 1201 1203 1205
f 1201 1205 1204
f 1201 1204 1206
f 1201 1206 1203
f 1202 1205 1203
f 1202 1204 1205
f 1202 1206 1204
f 1202 1203 1206
v -0.414918208918 -0.285840439805 -0.511755705046
v -0.418292710979 -0.280879317368 -0.511755705046
v -0.41861227613 -0.284724893344 -0.513519060803
v -0.414598643767 -0.281994863829 -0.509992349289
v -0.415147422647 -0.282368137314 -0.514182756029
v -0.41806349725 -0.284351619859 -0.509328654063
f 1207 1209 1211
f 1207 1211 1210
f 1207 1210 1212
f 1207 1212 1209
f 1208 1211 1209
f 1208 1210 1211
f 1208 1212 1210
f 1208 1209 1212
v -0.414570827143 -0.285604154462 -0.512313229507
v -0.417945329204 -0.280643032025 -0.512313229507
v -0.418212787089 -0.2844531652 -0.514160213932
v -0.414303369258 -0.281794021288 -0.510466245081
v -0.414730892194 -0.282084817785 -0.514677261767
v -0.417785264153 -0.284162368702 -0.509949197246
f 1213 1215 1217
f 1213 1217 1216
f 1213 1216 1218
f 1213 1218 1215
f 1214 1217 1215
f 1214 1216 1217
f 1214 1218 1216
f 1214 1215 1218
v -0.414207568624 -0.285357069929 -0.512855752194
v -0.417582070685 -0.280395947492 -0.512855752194
v -0.417795039792 -0.284169017986 -0.514784115023
v -0.413994599517 -0.281583999434 -0.510927389365
v -0.414300345638 -0.281791964653 -0.515153885523
v -0.417489293671 -0.283961052767 -0.510557618864
f 1219 1221 1223
f 1219 1223 1222
f 1219 1222 1224
f 1219 1224 1221
f 1220 1223 1221
f 1220 1222 1223
f 1220 1224 1222
f 1220 1221 1224
v -0.413828875934 -0.285099487239 -0.513382612127
v -0.417203377995 -0.280138364802 -0.513382612127
v -0.417359543199 -0.283872797893 -0.515390003946
v -0.413672710731 -0.281365054148 -0.511375220308
v -0.413856307532 -0.281489934715 -0.515612046604
v -0.417175946397 -0.283747917326 -0.511153177651
f 1225 1227 1229
f 1225 1229 1228
f 1225 1228 1230
f 1225 1230 1227
f 1226 1229 1227
f 1226 1228 1229
f 1226 1230 1228
f 1226 1227 1230
v -0.413435210453 -0.284831720218 -0.513893167409
v -0.416809712514 -0.279870597781 -0.513893167409
v -0.416906827895 -0.283564865819 -0.515977142521
v -0.413338095072 -0.28113745218 -0.511809192298
v -0.41339931887 -0.281179095948 -0.51605118681
v -0.416845604098 -0.283523222051 -0.511735148008
f 1231 1233 1235
f 1231 1235 1234
f 1231 1234 1236
f 1231 1236 1233
f 1232 1235 1233
f 1232 1234 1235
f 1232 1236 1234
f 1232 1233 1236
v -0.413027051801 -0.284554095098 -0.514386796007
v -0.416401553862 -0.279592972661 -0.514386796007
v -0.416437445446 -0.283245596931 -0.516544815408
v -0.412991160218 -0.280901470828 -0.512228776606
v -0.41292993642 -0.28085982706 -0.516470771118
v -0.416498669243 -0.283287240699 -0.512302820895
f 1237 1239 1241
f 1237 1241 1240
f 1237 1240 1242
f 1237 1242 1239
f 1238 1241 1239
f 1238 1240 1241
f 1238 1242 1240
f 1238 1239 1242
v -0.412604897257 -0.284266950123 -0.51486289651
v -0.415979399318 -0.279305827685 -0.51486289651
v -0.41595196772 -0.282915380209 -0.517092330986
v -0.412632328855 -0.280657397599 -0.512633462033
v -0.412448732054 -0.280532517031 -0.516870288329
v -0.416135564521 -0.283040260777 -0.51285550469
f 1243 1245 1247
f 1243 1247 1246
f 1243 1246 1248
f 1243 1248 1245
f 1244 1247 1245
f 1244 1246 1247
f 1244 1248 1246
f 1244 1245 1248
v -0.412169261151 -0.283970635134 -0.515320888862
v -0.415543763212 -0.279009512697 -0.515320888862
v -0.415450986198 -0.282574617972 -0.517619022192
v -0.412262038165 -0.280405529859 -0.513022755533
v -0.411956292044 -0.280197564639 -0.517249251691
v -0.415756732319 -0.282782583192 -0.513392526033
f 1249 1251 1253
f 1249 1253 1252
f 1249 1252 1254
f 1249 1254 1251
f 1250 1253 1251
f 1250 1252 1253
f 1250 1254 1252
f 1250 1251 1254
v -0.411720674238 -0.283665511147 -0.515760215072
v -0.415095176299 -0.278704388709 -0.515760215072
v -0.414935111248 -0.282223725387 -0.518124247333
v -0.411880739289 -0.280146174469 -0.513396182811
v -0.411453216353 -0.279855377972 -0.517607199498
v -0.415362634184 -0.282514521884 -0.513913230646
f 1255 1257 1259
f 1255 1259 1258
f 1255 1258 1260
f 1255 1260 1257
f 1256 1259 1257
f 1256 1258 1259
f 1256 1260 1258
f 1256 1257 1260
v -0.411259683053 -0.283351949906 -0.516180339887
v -0.414634185114 -0.278390827469 -0.516180339887
v -0.414404971385 -0.28186312996 -0.518607390871
v -0.411488896782 -0.279879647415 -0.513753288904
v -0.410940117902 -0.27950637393 -0.517943695644
v -0.414953750265 -0.282236403445 -0.514416984131
f 1261 1263 1265
f 1261 1265 1264
f 1261 1264 1266
f 1261 1266 1263
f 1262 1265 1263
f 1262 1264 1265
f 1262 1266 1264
f 1262 1263 1266
v -0.410786849242 -0.283030333439 -0.516580751451
v -0.414161351303 -0.278069211002 -0.516580751451
v -0.413861212503 -0.281493271023 -0.519067864169
v -0.411086988042 -0.279606273418 -0.514093638733
v -0.410417621821 -0.279150977722 -0.518258330162
v -0.414530578724 -0.281948566719 -0.514903172741
f 1267 1269 1271
f 1267 1271 1270
f 1267 1270 1272
f 1267 1272 1269
f 1268 1271 1269
f 1268 1270 1271
f 1268 1272 1270
f 1268 1269 1272
v -0.41030274888 -0.282701053586 -0.516960961923
v -0.413677250942 -0.277739931149 -0.516960961923
v -0.413304497087 -0.281114599192 -0.519505106212
v -0.410675502735 -0.279326385543 -0.514416817635
v -0.409886364692 -0.278789622343 -0.518550719716
v -0.41409363513 -0.281651362392 -0.51537120413
f 1273 1275 1277
f 1273 1277 1276
f 1273 1276 1278
f 1273 1278 1275
f 1274 1277 1275
f 1274 1276 1277
f 1274 1278 1276
f 1274 1275 1278
v -0.40980797177 -0.282364511524 -0.517320508076
v -0.413182473831 -0.277403389086 -0.517320508076
v -0.41273550341 -0.28072757582 -0.519918584287
v -0.410254942191 -0.27904032479 -0.514722431864
v -0.40934699377 -0.27842274805 -0.518820508076
v -0.413643451832 -0.28134515256 -0.515820508076
f 1279 1281 1283
f 1279 1283 1282
f 1279 1282 1284
f 1279 1284 1281
f 1280 1283 1281
f 1280 1282 1283
f 1280 1284 1282
f 1280 1281 1284
v -0.409303120721 -0.282021117276 -0.517658951857
v -0.412677622782 -0.277059994838 -0.517658951857
v -0.412154924703 -0.280332672435 -0.520307794636
v -0.409825818799 -0.278748439679 -0.515010109079
v -0.408800166194 -0.278050801821 -0.519067366546
v -0.413180577308 -0.281030310293 -0.516250537169
f 1285 1287 1289
f 1285 1289 1288
f 1285 1288 1290
f 1285 1290 1287
f 1286 1289 1287
f 1286 1288 1289
f 1286 1290 1288
f 1286 1287 1290
v -0.408788810815 -0.281671289216 -0.517975880926
v -0.412163312876 -0.276710166779 -0.517975880926
v -0.411563468312 -0.279930370167 -0.520672263065
v -0.40938865538 -0.278451085828 -0.515279498787
v -0.408246548191 -0.277674236817 -0.519290994366
v -0.412705575501 -0.280707219178 -0.516660767486
f 1291 1293 1295
f 1291 1295 1294
f 1291 1294 1296
f 1291 1296 1293
f 1292 1295 1293
f 1292 1294 1295
f 1292 1296 1294
f 1292 1293 1296
v -0.408265668661 -0.281315453556 -0.518270909153
v -0.411640170722 -0.276354331119 -0.518270909153
v -0.410961854835 -0.279521159158 -0.521011545526
v -0.408943984549 -0.278148625517 -0.51553027278
v -0.407686814258 -0.277293511823 -0.519491119082
v -0.412219025126 -0.280376272852 -0.517050699224
f 1297 1299 1301
f 1297 1301 1300
f 1297 1300 1302
f 1297 1302 1299
f 1298 1301 1299
f 1298 1300 1301
f 1298 1302 1300
f 1298 1299 1302
v -0.407734331627 -0.280954043827 -0.518543677091
v -0.411108833688 -0.27599292139 -0.518543677091
v -0.410350817245 -0.279105537969 -0.521325228655
v -0.40849234807 -0.277841427247 -0.515762125528
v -0.407121646345 -0.276909090694 -0.519667496872
v -0.41172151897 -0.280037874522 -0.517419857311
f 1303 1305 1307
f 1303 1307 1306
f 1303 1306 1308
f 1303 1308 1305
f 1304 1307 1305
f 1304 1306 1307
f 1304 1308 1306
f 1304 1305 1308
v -0.407195447065 -0.28058750035 -0.518793852416
v -0.410569949126 -0.275626377913 -0.518793852416
v -0.409731099999 -0.278684012971 -0.521612930278
v -0.408034296192 -0.277529865292 -0.515974774553
v -0.406551733023 -0.276521441789 -0.519819912846
v -0.411213663168 -0.279692436474 -0.517767791986
f 1309 1311 1313
f 1309 1313 1312
f 1309 1312 1314
f 1309 1314 1311
f 1310 1313 1311
f 1310 1312 1313
f 1310 1314 1312
f 1310 1311 1314
v -0.406649671522 -0.280216269703 -0.519021130326
v -0.410024173583 -0.275255147266 -0.519021130326
v -0.409103458125 -0.278257097727 -0.521874299875
v -0.407570386981 -0.277214319242 -0.516167960777
v -0.405977768642 -0.276131037397 -0.519948181309
v -0.410696076464 -0.279340379572 -0.518094079343
f 1315 1317 1319
f 1315 1319 1318
f 1315 1318 1320
f 1315 1320 1317
f 1316 1319 1317
f 1316 1318 1319
f 1316 1320 1318
f 1316 1317 1320
v -0.406097669943 -0.279840804173 -0.519225233919
v -0.409472172004 -0.274879681735 -0.519225233919
v -0.408468656309 -0.277825312367 -0.522109019007
v -0.407101185638 -0.276895173541 -0.516341448831
v -0.405400452489 -0.275738353167 -0.520052145986
v -0.410169389457 -0.278982132741 -0.518398321851
f 1321 1323 1325
f 1321 1325 1324
f 1321 1324 1326
f 1321 1326 1323
f 1322 1325 1323
f 1322 1324 1325
f 1322 1326 1324
f 1322 1323 1326
v -0.405540114856 -0.279461561206 -0.519405914526
v -0.408914616917 -0.274500438769 -0.519405914526
v -0.407827467958 -0.277389182955 -0.522316801704
v -0.406627263814 -0.27657281702 -0.516495027347
v -0.404820487937 -0.275343867523 -0.520131680212
v -0.409634243835 -0.278618132452 -0.518680148839
f 1327 1329 1331
f 1327 1331 1330
f 1327 1330 1332
f 1327 1332 1329
f 1328 1331 1329
f 1328 1330 1331
f 1328 1332 1330
f 1328 1329 1332
v -0.404977685555 -0.279079002852 -0.519562952015
v -0.408352187617 -0.274117880415 -0.519562952015
v -0.407180674263 -0.276949240848 -0.522497394817
v -0.406149198909 -0.276247642419 -0.516628509212
v -0.404238581581 -0.274948061086 -0.520186687087
v -0.409091291591 -0.278248822181 -0.518939216942
f 1333 1335 1337
f 1333 1337 1336
f 1333 1336 1338
f 1333 1338 1335
f 1334 1337 1335
f 1334 1336 1337
f 1334 1338 1336
f 1334 1335 1338
v -0.404411067276 -0.2786935952 -0.51969615506
v -0.407785569337 -0.273732472762 -0.51969615506
v -0.406529063242 -0.276506022048 -0.522650578319
v -0.405667573371 -0.275920045914 -0.516741731801
v -0.403655442386 -0.274551416085 -0.520217099593
v -0.408541194226 -0.277874651877 -0.519175210527
f 1339 1341 1343
f 1339 1343 1342
f 1339 1342 1344
f 1339 1344 1341
f 1340 1343 1341
f 1340 1342 1343
f 1340 1344 1342
f 1340 1341 1344
v -0.403840950354 -0.278305807808 -0.519805361375
v -0.407215452415 -0.273344685371 -0.519805361375
v -0.405873428781 -0.276060066548 -0.522776165581
v -0.405182973987 -0.275590426632 -0.516834557169
v -0.403071780817 -0.27415441577 -0.520222880678
v -0.407984621952 -0.277496077409 -0.519387842072
f 1345 1347 1349
f 1345 1349 1348
f 1345 1348 1350
f 1345 1350 1347
f 1346 1349 1347
f 1346 1348 1349
f 1346 1350 1348
f 1346 1347 1350
v -0.403268029389 -0.277916113137 -0.519890437907
v -0.40664253145 -0.2729549907 -0.519890437907
v -0.405214569672 -0.275611917676 -0.522874003593
v -0.404695991168 -0.275259186161 -0.516906872221
v -0.402488307975 -0.273757543826 -0.520204023297
v -0.407422252865 -0.277113560012 -0.519576852518
f 1351 1353 1355
f 1351 1355 1354
f 1351 1354 1356
f 1351 1356 1353
f 1352 1355 1353
f 1352 1354 1355
f 1352 1356 1354
f 1352 1353 1356
v -0.402693002398 -0.27752498597 -0.519951281005
v -0.406067504459 -0.272563863532 -0.519951281005
v -0.404553288632 -0.275162121433 -0.522943973156
v -0.404207218225 -0.274926728069 -0.516958588854
v -0.401905734732 -0.273361283779 -0.520160550426
v -0.406854772125 -0.276727565723 -0.519742011584
f 1357 1359 1361
f 1357 1361 1360
f 1357 1360 1362
f 1357 1362 1359
f 1358 1361 1359
f 1358 1360 1361
f 1358 1362 1360
f 1358 1359 1362
v -0.402116569961 -0.277132902834 -0.51998781654
v -0.405491072023 -0.272171780396 -0.51998781654
v -0.40389039133 -0.274711225827 -0.522985989021
v -0.403717250654 -0.274593457403 -0.516989644059
v -0.401324770864 -0.272966118412 -0.52009251503
v -0.40628287112 -0.276338564818 -0.51988311805
f 1363 1365 1367
f 1363 1367 1366
f 1363 1366 1368
f 1363 1368 1365
f 1364 1367 1365
f 1364 1366 1367
f 1364 1368 1366
f 1364 1365 1368
v -0.401539434374 -0.276740341422 -0.52
v -0.404913936435 -0.271779218984 -0.52
v -0.403226685405 -0.274259780203 -0.523
v -0.403226685405 -0.274259780203 -0.517
v -0.400746124186 -0.272572529172 -0.52
v -0.405707246624 -0.275947031234 -0.52
f 1369 1371 1373
f 1369 1373 1372
f 1369 1372 1374
f 1369 1374 1371
f 1370 1373 1371
f 1370 1372 1373
f 1370 1374 1372
f 1370 1371 1374
v -0.400962298787 -0.27634778001 -0.51998781654
v -0.404336800848 -0.271386657572 -0.51998781654
v -0.40256297948 -0.273808334579 -0.522985989021
v -0.402736120156 -0.273926103003 -0.516989644059
v -0.40017049969 -0.272180995588 -0.51988311805
v -0.405128599946 -0.275553441994 -0.52009251503
f 1375 1377 1379
f 1375 1379 1378
f 1375 1378 1380
f 1375 1380 1377
f 1376 1379 1377
f 1376 1378 1379
f 1376 1380 1378
f 1376 1377 1380
v -0.400385866351 -0.275955696874 -0.519951281005
v -0.403760368412 -0.270994574436 -0.519951281005
v -0.401900082178 -0.273357438973 -0.522943973156
v -0.402246152585 -0.273592832337 -0.516958588854
v -0.399598598685 -0.271791994683 -0.519742011584
v -0.404547636078 -0.275158276627 -0.520160550426
f 1381 1383 1385
f 1381 1385 1384
f 1381 1384 1386
f 1381 1386 1383
f 1382 1385 1383
f 1382 1384 1385
f 1382 1386 1384
f 1382 1383 1386
v -0.399810839359 -0.275564569706 -0.519890437907
v -0.403185341421 -0.270603447268 -0.519890437907
v -0.401238801138 -0.27290764273 -0.522874003593
v -0.401757379642 -0.273260374245 -0.516906872221
v -0.399031117945 -0.271406000394 -0.519576852518
v -0.403965062835 -0.27476201658 -0.520204023297
f 1387 1389 1391
f 1387 1391 1390
f 1387 1390 1392
f 1387 1392 1389
f 1388 1391 1389
f 1388 1390 1391
f 1388 1392 1390
f 1388 1389 1392
v -0.399237918395 -0.275174875035 -0.519805361375
v -0.402612420456 -0.270213752597 -0.519805361375
v -0.400579942028 -0.272459493858 -0.522776165581
v -0.401270396822 -0.272929133774 -0.516834557169
v -0.398468748858 -0.271023482997 -0.519387842072
v -0.403381589993 -0.274365144636 -0.520222880678
f 1393 1395 1397
f 1393 1397 1396
f 1393 1396 1398
f 1393 1398 1395
f 1394 1397 1395
f 1394 1396 1397
f 1394 1398 1396
f 1394 1395 1398
v -0.398667801473 -0.274787087644 -0.51969615506
v -0.402042303534 -0.269825965206 -0.51969615506
v -0.399924307568 -0.272013538358 -0.522650578319
v -0.400785797439 -0.272599514492 -0.516741731801
v -0.397912176583 -0.270644908529 -0.519175210527
v -0.402797928423 -0.273968144321 -0.520217099593
f 1399 1401 1403
f 1399 1403 1402
f 1399 1402 1404
f 1399 1404 1401
f 1400 1403 1401
f 1400 1402 1403
f 1400 1404 1402
f 1400 1401 1404
v -0.398101183193 -0.274401679991 -0.519562952015
v -0.401475685254 -0.269440557554 -0.519562952015
v -0.399272696547 -0.271570319558 -0.522497394817
v -0.400304171901 -0.272271917987 -0.516628509212
v -0.397362079219 -0.270270738225 -0.518939216942
v -0.402214789228 -0.27357149932 -0.520186687087
f 1405 1407 1409
f 1405 1409 1408
f 1405 1408 1410
f 1405 1410 1407
f 1406 1409 1407
f 1406 1408 1409
f 1406 1410 1408
f 1406 1407 1410
v -0.397538753893 -0.274019121637 -0.519405914526
v -0.400913255954 -0.2690579992 -0.519405914526
v -0.398625902851 -0.271130377451 -0.522316801704
v -0.399826106996 -0.271946743386 -0.516495027347
v -0.396819126974 -0.269901427954 -0.518680148839
v -0.401632882873 -0.273175692883 -0.520131680212
f 1411 1413 1415
f 1411 1415 1414
f 1411 1414 1416
f 1411 1416 1413
f 1412 1415 1413
f 1412 1414 1415
f 1412 1416 1414
f 1412 1413 1416
v -0.396981198806 -0.273639878671 -0.519225233919
v -0.400355700867 -0.268678756233 -0.519225233919
v -0.397984714501 -0.270694248039 -0.522109019007
v -0.399352185172 -0.271624386865 -0.516341448831
v -0.396283981352 -0.269537427665 -0.518398321851
v -0.40105291832 -0.272781207239 -0.520052145986
f 1417 1419 1421
f 1417 1421 1420
f 1417 1420 1422
f 1417 1422 1419
f 1418 1421 1419
f 1418 1420 1421
f 1418 1422 1420
f 1418 1419 1422
v -0.396429197226 -0.27326441314 -0.519021130326
v -0.399803699288 -0.268303290703 -0.519021130326
v -0.397349912685 -0.270262462679 -0.521874299875
v -0.398882983829 -0.271305241164 -0.516167960777
v -0.395757294346 -0.269179180834 -0.518094079343
v -0.400475602168 -0.272388523009 -0.519948181309
f 1423 1425 1427
f 1423 1427 1426
f 1423 1426 1428
f 1423 1428 1425
f 1424 1427 1425
f 1424 1426 1427
f 1424 1428 1426
f 1424 1425 1428
v -0.406097669943 -0.279840804173 -0.480774766081
v -0.409472172004 -0.274879681735 -0.480774766081
v -0.408468656309 -0.277825312367 -0.477890980993
v -0.407101185638 -0.276895173541 -0.483658551169
v -0.410169389457 -0.278982132741 -0.481601678149
v -0.405400452489 -0.275738353167 -0.479947854014
f 1429 1431 1433
f 1429 1433 1432
f 1429 1432 1434
f 1429 1434 1431
f 1430 1433 1431
f 1430 1432 1433
f 1430 1434 1432
f 1430 1431 1434
v -0.406649671522 -0.280216269703 -0.480978869674
v -0.410024173583 -0.275255147266 -0.480978869674
v -0.409103458125 -0.278257097727 -0.478125700125
v -0.407570386981 -0.277214319242 -0.483832039223
v -0.410696076464 -0.279340379572 -0.481905920657
v -0.405977768642 -0.276131037397 -0.480051818691
f 1435 1437 1439
f 1435 1439 1438
f 1435 1438 1440
f 1435 1440 1437
f 1436 1439 1437
f 1436 1438 1439
f 1436 1440 1438
f 1436 1437 1440
v -0.407195447065 -0.28058750035 -0.481206147584
v -0.410569949126 -0.275626377913 -0.481206147584
v -0.409731099999 -0.278684012971 -0.478387069722
v -0.408034296192 -0.277529865292 -0.484025225447
v -0.411213663168 -0.279692436474 -0.482232208014
v -0.406551733023 -0.276521441789 -0.480180087154
f 1441 1443 1445
f 1441 1445 1444
f 1441 1444 1446
f 1441 1446 1443
f 1442 1445 1443
f 1442 1444 1445
f 1442 1446 1444
f 1442 1443 1446
v -0.407734331627 -0.280954043827 -0.481456322909
v -0.411108833688 -0.27599292139 -0.481456322909
v -0.410350817245 -0.279105537969 -0.478674771345
v -0.40849234807 -0.277841427247 -0.484237874472
v -0.41172151897 -0.280037874522 -0.482580142689
v -0.407121646345 -0.276909090694 -0.480332503128
f 1447 1449 1451
f 1447 1451 1450
f 1447 1450 1452
f 1447 1452 1449
f 1448 1451 1449
f 1448 1450 1451
f 1448 1452 1450
f 1448 1449 1452
v -0.408265668661 -0.281315453556 -0.481729090847
v -0.411640170722 -0.276354331119 -0.481729090847
v -0.410961854835 -0.279521159158 -0.478988454474
v -0.408943984549 -0.278148625517 -0.48446972722
v -0.412219025126 -0.280376272852 -0.482949300776
v -0.407686814258 -0.277293511823 -0.480508880918
f 1453 1455 1457
f 1453 1457 1456
f 1453 1456 1458
f 1453 1458 1455
f 1454 1457 1455
f 1454 1456 1457
f 1454 1458 1456
f 1454 1455 1458
v -0.408788810815 -0.281671289216 -0.482024119074
v -0.412163312876 -0.276710166779 -0.482024119074
v -0.411563468312 -0.279930370167 -0.479327736935
v -0.40938865538 -0.278451085828 -0.484720501213
v -0.412705575501 -0.280707219178 -0.483339232514
v -0.408246548191 -0.277674236817 -0.480709005634
f 1459 1461 1463
f 1459 1463 1462
f 1459 1462 1464
f 1459 1464 1461
f 1460 1463 1461
f 1460 1462 1463
f 1460 1464 1462
f 1460 1461 1464
v -0.409303120721 -0.282021117276 -0.482341048143
v -0.412677622782 -0.277059994838 -0.482341048143
v -0.412154924703 -0.280332672435 -0.479692205364
v -0.409825818799 -0.278748439679 -0.484989890921
v -0.413180577308 -0.281030310293 -0.483749462831
v -0.408800166194 -0.278050801821 -0.480932633454
f 1465 1467 1469
f 1465 1469 1468
f 1465 1468 1470
f 1465 1470 1467
f 1466 1469 1467
f 1466 1468 1469
f 1466 1470 1468
f 1466 1467 1470
v -0.40980797177 -0.282364511524 -0.482679491924
v -0.413182473831 -0.277403389086 -0.482679491924
v -0.41273550341 -0.28072757582 -0.480081415713
v -0.410254942191 -0.27904032479 -0.485277568136
v -0.413643451832 -0.28134515256 -0.484179491924
v -0.40934699377 -0.27842274805 -0.481179491924
f 1471 1473 1475
f 1471 1475 1474
f 1471 1474 1476
f 1471 1476 1473
f 1472 1475 1473
f 1472 1474 1475
f 1472 1476 1474
f 1472 1473 1476
v -0.41030274888 -0.282701053586 -0.483039038077
v -0.413677250942 -0.277739931149 -0.483039038077
v -0.413304497087 -0.281114599192 -0.480494893788
v -0.410675502735 -0.279326385543 -0.485583182365
v -0.41409363513 -0.281651362392 -0.48462879587
v -0.409886364692 -0.278789622343 -0.481449280284
f 1477 1479 1481
f 1477 1481 1480
f 1477 1480 1482
f 1477 1482 1479
f 1478 1481 1479
f 1478 1480 1481
f 1478 1482 1480
f 1478 1479 1482
v -0.410786849242 -0.283030333439 -0.483419248549
v -0.414161351303 -0.278069211002 -0.483419248549
v -0.413861212503 -0.281493271023 -0.480932135831
v -0.411086988042 -0.279606273418 -0.485906361267
v -0.414530578724 -0.281948566719 -0.485096827259
v -0.410417621821 -0.279150977722 -0.481741669838
f 1483 1485 1487
f 1483 1487 1486
f 1483 1486 1488
f 1483 1488 1485
f 1484 1487 1485
f 1484 1486 1487
f 1484 1488 1486
f 1484 1485 1488
v -0.411259683053 -0.283351949906 -0.483819660113
v -0.414634185114 -0.278390827469 -0.483819660113
v -0.414404971385 -0.28186312996 -0.481392609129
v -0.411488896782 -0.279879647415 -0.486246711096
v -0.414953750265 -0.282236403445 -0.485583015869
v -0.410940117902 -0.27950637393 -0.482056304356
f 1489 1491 1493
f 1489 1493 1492
f 1489 1492 1494
f 1489 1494 1491
f 1490 1493 1491
f 1490 1492 1493
f 1490 1494 1492
f 1490 1491 1494
v -0.411720674238 -0.283665511147 -0.484239784928
v -0.415095176299 -0.278704388709 -0.484239784928
v -0.414935111248 -0.282223725387 -0.481875752667
v -0.411880739289 -0.280146174469 -0.486603817189
v -0.415362634184 -0.282514521884 -0.486086769354
v -0.411453216353 -0.279855377972 -0.482392800502
f 1495 1497 1499
f 1495 1499 1498
f 1495 1498 1500
f 1495 1500 1497
f 1496 1499 1497
f 1496 1498 1499
f 1496 1500 1498
f 1496 1497 1500
v -0.412169261151 -0.283970635134 -0.484679111138
v -0.415543763212 -0.279009512697 -0.484679111138
v -0.415450986198 -0.282574617972 -0.482380977808
v -0.412262038165 -0.280405529859 -0.486977244467
v -0.415756732319 -0.282782583192 -0.486607473967
v -0.411956292044 -0.280197564639 -0.482750748309
f 1501 1503 1505
f 1501 1505 1504
f 1501 1504 1506
f 1501 1506 1503
f 1502 1505 1503
f 1502 1504 1505
f 1502 1506 1504
f 1502 1503 1506
v -0.412604897257 -0.284266950123 -0.48513710349
v -0.415979399318 -0.279305827685 -0.48513710349
v -0.41595196772 -0.282915380209 -0.482907669014
v -0.412632328855 -0.280657397599 -0.487366537967
v -0.416135564521 -0.283040260777 -0.48714449531
v -0.412448732054 -0.280532517031 -0.483129711671
f 1507 1509 1511
f 1507 1511 1510
f 1507 1510 1512
f 1507 1512 1509
f 1508 1511 1509
f 1508 1510 1511
f 1508 1512 1510
f 1508 1509 1512
v -0.413027051801 -0.284554095098 -0.485613203993
v -0.416401553862 -0.279592972661 -0.485613203993
v -0.416437445446 -0.283245596931 -0.483455184592
v -0.412991160218 -0.280901470828 -0.487771223394
v -0.416498669243 -0.283287240699 -0.487697179105
v -0.41292993642 -0.28085982706 -0.483529228882
f 1513 1515 1517
f 1513 1517 1516
f 1513 1516 1518
f 1513 1518 1515
f 1514 1517 1515
f 1514 1516 1517
f 1514 1518 1516
f 1514 1515 1518
v -0.413435210453 -0.284831720218 -0.486106832591
v -0.416809712514 -0.279870597781 -0.486106832591
v -0.416906827895 -0.283564865819 -0.484022857479
v -0.413338095072 -0.28113745218 -0.488190807702
v -0.416845604098 -0.283523222051 -0.488264851992
v -0.41339931887 -0.281179095948 -0.48394881319
f 1519 1521 1523
f 1519 1523 1522
f 1519 1522 1524
f 1519 1524 1521
f 1520 1523 1521
f 1520 1522 1523
f 1520 1524 1522
f 1520 1521 1524
v -0.413828875934 -0.285099487239 -0.486617387873
v -0.417203377995 -0.280138364802 -0.486617387873
v -0.417359543199 -0.283872797893 -0.484609996054
v -0.413672710731 -0.281365054148 -0.488624779692
v -0.417175946397 -0.283747917326 -0.488846822349
v -0.413856307532 -0.281489934715 -0.484387953396
f 1525 1527 1529
f 1525 1529 1528
f 1525 1528 1530
f 1525 1530 1527
f 1526 1529 1527
f 1526 1528 1529
f 1526 1530 1528
f 1526 1527 1530
v -0.414207568624 -0.285357069929 -0.487144247806
v -0.417582070685 -0.280395947492 -0.487144247806
v -0.417795039792 -0.284169017986 -0.485215884977
v -0.413994599517 -0.281583999434 -0.489072610635
v -0.417489293671 -0.283961052767 -0.489442381136
v -0.414300345638 -0.281791964653 -0.484846114477
f 1531 1533 1535
f 1531 1535 1534
f 1531 1534 1536
f 1531 1536 1533
f 1532 1535 1533
f 1532 1534 1535
f 1532 1536 1534
f 1532 1533 1536
v -0.414570827143 -0.285604154462 -0.487686770493
v -0.417945329204 -0.280643032025 -0.487686770493
v -0.418212787089 -0.2844531652 -0.485839786068
v -0.414303369258 -0.281794021288 -0.489533754919
v -0.417785264153 -0.284162368702 -0.490050802754
v -0.414730892194 -0.282084817785 -0.485322738233
f 1537 1539 1541
f 1537 1541 1540
f 1537 1540 1542
f 1537 1542 1539
f 1538 1541 1539
f 1538 1540 1541
f 1538 1542 1540
f 1538 1539 1542
v -0.414918208918 -0.285840439805 -0.488244294954
v -0.418292710979 -0.280879317368 -0.488244294954
v -0.41861227613 -0.284724893344 -0.486480939197
v -0.414598643767 -0.281994863829 -0.490007650711
v -0.41806349725 -0.284351619859 -0.490671345937
v -0.415147422647 -0.282368137314 -0.485817243971
f 1543 1545 1547
f 1543 1547 1546
f 1543 1546 1548
f 1543 1548 1545
f 1544 1547 1545
f 1544 1546 1547
f 1544 1548 1546
f 1544 1545 1548
v -0.415249290717 -0.286065638079 -0.488816141931
v -0.418623792778 -0.281104515642 -0.488816141931
v -0.418993020199 -0.284983871359 -0.48713856322
v -0.414880063296 -0.282186282362 -0.490493720641
v -0.418323653977 -0.284528575663 -0.491303254648
v -0.415549429517 -0.282641578058 -0.486329029213
f 1549 1551 1553
f 1549 1553 1552
f 1549 1552 1554
f 1549 1554 1551
f 1550 1553 1551
f 1550 1552 1553
f 1550 1554 1552
f 1550 1551 1554
v -0.415563669167 -0.286279474916 -0.489401614715
v -0.418938171228 -0.281318352479 -0.489401614715
v -0.419354555417 -0.285229783722 -0.487811856923
v -0.415147284979 -0.282368043673 -0.490991372508
v -0.418565417374 -0.284693020522 -0.491945759004
v -0.415936423022 -0.282904806873 -0.486857470427
f 1555 1557 1559
f 1555 1559 1558
f 1555 1558 1560
f 1555 1560 1557
f 1556 1559 1557
f 1556 1558 1559
f 1556 1560 1558
f 1556 1557 1560
v -0.415860961248 -0.286481689789 -0.49
v -0.419235463309 -0.281520567351 -0.49
v -0.41969644131 -0.285462330825 -0.4885
v -0.415399983248 -0.282539926315 -0.4915
v -0.418788492888 -0.284844754085 -0.492598076211
v -0.416307931669 -0.283157503055 -0.487401923789
f 1561 1563 1565
f 1561 1565 1564
f 1561 1564 1566
f 1561 1566 1563
f 1562 1565 1563
f 1562 1564 1565
f 1562 1566 1564
f 1562 1563 1566
v -0.416140804754 -0.286672036328 -0.490610568744
v -0.419515306816 -0.281710913891 -0.490610568744
v -0.420018261342 -0.285681229346 -0.489202154056
v -0.415637850228 -0.282701720874 -0.492018983433
v -0.418992608737 -0.284983591488 -0.493259411523
v -0.416663502833 -0.283399358731 -0.487961725966
f 1567 1569 1571
f 1567 1571 1570
f 1567 1570 1572
f 1567 1572 1569
f 1568 1571 1569
f 1568 1570 1571
f 1568 1572 1570
f 1568 1569 1572
v -0.41640285874 -0.286850282628 -0.491232577064
v -0.419777360801 -0.28188916019 -0.491232577064
v -0.420319623426 -0.28588621259 -0.489917463624
v -0.415860596116 -0.282853230228 -0.492547690505
v -0.419177516237 -0.285109363578 -0.493928959203
v -0.417002703305 -0.28363007924 -0.488536194925
f 1573 1575 1577
f 1573 1577 1576
f 1573 1576 1578
f 1573 1578 1575
f 1574 1577 1575
f 1574 1576 1577
f 1574 1578 1576
f 1574 1575 1578
v -0.416646803933 -0.287016211521 -0.491865267138
v -0.420021305994 -0.282055089083 -0.491865267138
v -0.420600160397 -0.286077030817 -0.490645057209
v -0.41606794953 -0.282994269787 -0.493085477068
v -0.419342990106 -0.285221917122 -0.494605903511
v -0.41732511982 -0.283849383482 -0.489124630766
f 1579 1581 1583
f 1579 1583 1582
f 1579 1582 1584
f 1579 1584 1581
f 1580 1583 1581
f 1580 1582 1583
f 1580 1584 1582
f 1580 1581 1584
v -0.416872343123 -0.287169620849 -0.492507868132
v -0.420246845184 -0.282208498412 -0.492507868132
v -0.420859530466 -0.286253451545 -0.491384048351
v -0.416259657841 -0.283124667716 -0.493631687912
v -0.419488828741 -0.285321114991 -0.495289419695
v -0.417630359565 -0.28405700427 -0.489726316568
f 1585 1587 1589
f 1585 1589 1588
f 1585 1588 1590
f 1585 1590 1587
f 1586 1589 1587
f 1586 1588 1589
f 1586 1590 1588
f 1586 1587 1590
v -0.417079201525 -0.287310323707 -0.493159597133
v -0.420453703586 -0.28234920127 -0.493159597133
v -0.421097417628 -0.286415259831 -0.492133536704
v -0.416435487483 -0.283244265146 -0.494185657563
v -0.419614854459 -0.285406836328 -0.495978674996
v -0.417918050652 -0.284252688649 -0.490340519271
f 1591 1593 1595
f 1591 1595 1594
f 1591 1594 1596
f 1591 1596 1593
f 1592 1595 1593
f 1592 1594 1595
f 1592 1596 1594
f 1592 1593 1596
v -0.417267127115 -0.28743814867 -0.493819660113
v -0.420641629176 -0.282477026233 -0.493819660113
v -0.421313532057 -0.286562258539 -0.492892609129
v -0.416595224235 -0.283352916364 -0.494746711096
v -0.419720913718 -0.285478976693 -0.496672829661
v -0.418187842574 -0.284436198209 -0.490966490564
f 1597 1599 1601
f 1597 1601 1600
f 1597 1600 1602
f 1597 1602 1599
f 1598 1601 1599
f 1598 1600 1601
f 1598 1602 1600
f 1598 1599 1602
v -0.417435890934 -0.287552940002 -0.494487252884
v -0.420810392995 -0.282591817565 -0.494487252884
v -0.421507610449 -0.286694268571 -0.493660340816
v -0.416738673481 -0.283450488997 -0.495314164951
v -0.4198068773 -0.285537448196 -0.497371037971
v -0.41843940663 -0.284607309371 -0.491603467796
f 1603 1605 1607
f 1603 1607 1606
f 1603 1606 1608
f 1603 1608 1605
f 1604 1607 1605
f 1604 1606 1607
f 1604 1608 1606
f 1604 1605 1608
v -0.41758528737 -0.287654557849 -0.495161562088
v -0.420959789431 -0.282693435412 -0.495161562088
v -0.421679416349 -0.286811129094 -0.494435796401
v -0.416865660451 -0.283536864166 -0.495887327775
v -0.419872640472 -0.285582179598 -0.498072449267
v -0.418672436328 -0.284765813663 -0.492250674909
f 1609 1611 1613
f 1609 1613 1612
f 1609 1612 1614
f 1609 1614 1611
f 1610 1613 1611
f 1610 1612 1613
f 1610 1614 1612
f 1610 1611 1614
v -0.417715134405 -0.287742878404 -0.495841766184
v -0.421089636466 -0.282781755967 -0.495841766184
v -0.42182874044 -0.286912697733 -0.495218031111
v -0.416976030431 -0.283611936638 -0.496465501256
v -0.419918123112 -0.2856131164 -0.498776208986
v -0.418886647758 -0.284911517971 -0.492907323381
f 1615 1617 1619
f 1615 1619 1618
f 1615 1618 1620
f 1615 1620 1617
f 1616 1619 1617
f 1616 1618 1619
f 1616 1620 1618
f 1616 1617 1620
v -0.417825273841 -0.287817794063 -0.496527036447
v -0.421199775902 -0.282856671625 -0.496527036447
v -0.421955400792 -0.28699885074 -0.496006091914
v -0.417069648952 -0.283675614948 -0.49704798098
v -0.419943269807 -0.285630220911 -0.499481459706
v -0.419081779936 -0.285044244777 -0.493572613188
f 1621 1623 1625
f 1621 1625 1624
f 1621 1624 1626
f 1621 1626 1623
f 1622 1625 1623
f 1622 1624 1625
f 1622 1626 1624
f 1622 1623 1626
v -0.417915571491 -0.287879213552 -0.497216537981
v -0.421290073552 -0.282918091114 -0.497216537981
v -0.422059243089 -0.287069483153 -0.496799018678
v -0.417146401954 -0.283727821514 -0.497634057284
v -0.419948049918 -0.285633472291 -0.500187342187
v -0.419257595124 -0.285163832375 -0.494245733775
f 1627 1629 1631
f 1627 1631 1630
f 1627 1630 1632
f 1627 1632 1629
f 1628 1631 1629
f 1628 1630 1631
f 1628 1632 1630
f 1628 1629 1632
o rejected_candidates
usemtl rejected_marker
g rejected_candidates
v -0.396166222318 -0.273085540439 -0.517854159795
v -0.39954072438 -0.268124418002 -0.517854159795
v -0.397005071445 -0.270027905381 -0.520673237657
v -0.398701875253 -0.27118205306 -0.515035081933
v -0.395522508276 -0.269019481878 -0.516828099365
v -0.400184438422 -0.272190476564 -0.518880220225
f 1633 1635 1637
f 1633 1637 1636
f 1633 1636 1638
f 1633 1638 1635
f 1634 1637 1635
f 1634 1636 1637
f 1634 1638 1636
f 1634 1635 1638
v -0.395654281984 -0.272737324137 -0.517616493237
v -0.399028784045 -0.267776201699 -0.517616493237
v -0.396412298427 -0.269624707557 -0.5203980448
v -0.398270767603 -0.270888818279 -0.514834941673
v -0.395041596703 -0.268692371004 -0.516492673457
v -0.399641469327 -0.271821154832 -0.518740313017
f 1639 1641 1643
f 1639 1643 1642
f 1639 1642 1644
f 1639 1644 1641
f 1640 1643 1641
f 1640 1642 1643
f 1640 1644 1642
f 1640 1641 1644
v -0.395149511802 -0.272393984894 -0.517357363695
v -0.398524013863 -0.267432862456 -0.517357363695
v -0.395827827689 -0.269227156855 -0.520098000068
v -0.397845697975 -0.270599690495 -0.514616727322
v -0.394570657398 -0.26837204316 -0.516137153766
v -0.399102868266 -0.27145480419 -0.518577573624
f 1645 1647 1649
f 1645 1649 1648
f 1645 1648 1650
f 1645 1650 1647
f 1646 1649 1647
f 1646 1648 1649
f 1646 1650 1648
f 1646 1647 1650
v -0.394652526755 -0.272055941017 -0.51707708688
v -0.398027028817 -0.267094818579 -0.51707708688
v -0.39525237132 -0.268835737629 -0.519773469019
v -0.397427184252 -0.270315021967 -0.514380704741
v -0.394110264131 -0.268058888617 -0.515761973439
v -0.398569291441 -0.271091870979 -0.51839220032
f 1651 1653 1655
f 1651 1655 1654
f 1651 1654 1656
f 1651 1656 1653
f 1652 1655 1653
f 1652 1654 1655
f 1652 1656 1654
f 1652 1653 1656
v -0.394163932345 -0.27172360436 -0.516776004264
v -0.397538434406 -0.266762481923 -0.516776004264
v -0.394686630424 -0.268450926763 -0.519424847043
v -0.397015736328 -0.27003515952 -0.514127161486
v -0.393660977819 -0.267753288905 -0.515367589576
v -0.398041388933 -0.270732797377 -0.518184418953
f 1657 1659 1661
f 1657 1661 1660
f 1657 1660 1662
f 1657 1662 1659
f 1658 1661 1659
f 1658 1660 1661
f 1658 1662 1660
f 1658 1659 1662
v -0.393684323848 -0.271397379825 -0.516454482672
v -0.397058825909 -0.266436257387 -0.516454482672
v -0.39413129427 -0.268073193091 -0.519052558883
v -0.396611855488 -0.269760444121 -0.513856406461
v -0.393223345848 -0.267455616351 -0.514954482672
v -0.39751980391 -0.270378020861 -0.517954482672
f 1663 1665 1667
f 1663 1667 1666
f 1663 1666 1668
f 1663 1668 1665
f 1664 1667 1665
f 1664 1666 1667
f 1664 1668 1666
f 1664 1665 1668
v -0.393214285594 -0.271077664865 -0.516112913827
v -0.396588787655 -0.266116542428 -0.516112913827
v -0.393587039448 -0.267702996822 -0.518657058115
v -0.3962160338 -0.269491210471 -0.513568769539
v -0.392797901405 -0.267166233622 -0.514523156034
v -0.397005171843 -0.270027973671 -0.51770267162
f 1669 1671 1673
f 1669 1673 1672
f 1669 1672 1674
f 1669 1674 1671
f 1670 1673 1671
f 1670 1672 1673
f 1670 1674 1672
f 1670 1671 1674
v -0.39275439025 -0.270764849005 -0.515751713879
v -0.396128892311 -0.265803726567 -0.515751713879
v -0.393054529051 -0.267340788983 -0.518238826596
v -0.395828753511 -0.269227786589 -0.513264601161
v -0.392385162829 -0.266885493287 -0.514074135168
v -0.396498119732 -0.269683082285 -0.517429292589
f 1675 1677 1679
f 1675 1679 1678
f 1675 1678 1680
f 1675 1680 1677
f 1676 1679 1677
f 1676 1678 1679
f 1676 1680 1678
f 1676 1677 1680
v -0.39230519813 -0.270459313361 -0.515371322893
v -0.395679700191 -0.265498190924 -0.515371322893
v -0.392534411859 -0.26698701087 -0.517798373876
v -0.395450486462 -0.268970493415 -0.51294427191
v -0.391985632979 -0.266613737385 -0.513607967136
v -0.395999265342 -0.2693437669 -0.51713467865
f 1681 1683 1685
f 1681 1685 1684
f 1681 1684 1686
f 1681 1686 1683
f 1682 1685 1683
f 1682 1684 1685
f 1682 1686 1684
f 1682 1683 1686
v -0.391867256504 -0.270161430183 -0.514972204319
v -0.395241758565 -0.265200307746 -0.514972204319
v -0.392027321555 -0.266642093506 -0.517336236579
v -0.395081693514 -0.268719644423 -0.512608172058
v -0.391599798619 -0.266351297008 -0.513125219893
v -0.39550921645 -0.26901044092 -0.516819188745
f 1687 1689 1691
f 1687 1691 1690
f 1687 1690 1692
f 1687 1692 1689
f 1688 1691 1689
f 1688 1690 1691
f 1688 1692 1690
f 1688 1689 1692
v -0.391441098937 -0.269871562395 -0.514554844419
v -0.394815600998 -0.264910439957 -0.514554844419
v -0.391533875951 -0.266306457119 -0.516852977749
v -0.394722823984 -0.268475545233 -0.51225671109
v -0.39122812983 -0.2660984919 -0.51262648159
v -0.395028570105 -0.268683510452 -0.516483207248
f 1693 1695 1697
f 1693 1697 1696
f 1693 1696 1698
f 1693 1698 1695
f 1694 1697 1695
f 1694 1696 1697
f 1694 1698 1696
f 1694 1695 1698
v -0.391027244636 -0.269590063156 -0.514119751684
v -0.394401746697 -0.264628940718 -0.514119751684
v -0.391054676234 -0.265980510632 -0.516349186161
v -0.394374315099 -0.268238493242 -0.511890317208
v -0.390871079432 -0.265855630064 -0.512112359865
v -0.3945579119 -0.26836337381 -0.516127143503
f 1699 1701 1703
f 1699 1703 1702
f 1699 1702 1704
f 1699 1704 1701
f 1700 1703 1701
f 1700 1702 1703
f 1700 1704 1702
f 1700 1701 1704
v -0.390626197819 -0.269317275429 -0.513667456206
v -0.39400069988 -0.264356152992 -0.513667456206
v -0.390590306235 -0.265664651159 -0.515825475607
v -0.394036591463 -0.268008777262 -0.511509436805
v -0.390529082438 -0.265623007391 -0.511583481095
v -0.394097815261 -0.26805042103 -0.515751431318
f 1705 1707 1709
f 1705 1709 1708
f 1705 1708 1710
f 1705 1710 1707
f 1706 1709 1707
f 1706 1708 1709
f 1706 1710 1708
f 1706 1707 1710
v -0.3902384471 -0.269053531565 -0.513198509039
v -0.393612949161 -0.264092409128 -0.513198509039
v -0.390141331718 -0.265359263527 -0.51528248415
v -0.393710064542 -0.267786677166 -0.511114533927
v -0.390202555516 -0.265400907295 -0.511040489638
v -0.393648840744 -0.267745033398 -0.51535652844
f 1711 1713 1715
f 1711 1715 1714
f 1711 1714 1716
f 1711 1716 1713
f 1712 1715 1713
f 1712 1714 1715
f 1712 1716 1714
f 1712 1713 1716
v -0.389864464892 -0.268799152895 -0.512713481521
v -0.393238966954 -0.263838030457 -0.512713481521
v -0.389708299689 -0.265064719804 -0.51472087334
v -0.393395132157 -0.267572463549 -0.510706089702
v -0.389891896491 -0.265189600371 -0.510484047044
v -0.393211535355 -0.267447582981 -0.514942915997
f 1717 1719 1721
f 1717 1721 1720
f 1717 1720 1722
f 1717 1722 1719
f 1718 1721 1719
f 1718 1720 1721
f 1718 1722 1720
f 1718 1719 1722
v -0.389504706837 -0.26855444934 -0.512212964584
v -0.392879208898 -0.263593326902 -0.512212964584
v -0.38929173773 -0.264781378845 -0.514141327413
v -0.393092178005 -0.267366397397 -0.510284601755
v -0.389597483851 -0.264989344064 -0.509914831255
v -0.392786431884 -0.267158432178 -0.514511097913
f 1723 1725 1727
f 1723 1727 1726
f 1723 1726 1728
f 1723 1728 1725
f 1724 1727 1725
f 1724 1726 1727
f 1724 1728 1726
f 1724 1725 1728
v -0.389159611244 -0.268319719033 -0.511697568031
v -0.392534113305 -0.263358596595 -0.511697568031
v -0.388892153359 -0.264509585858 -0.513544552457
v -0.39280157119 -0.26716872977 -0.509850583605
v -0.389319676295 -0.264800382355 -0.50933353577
v -0.392374048254 -0.266877933273 -0.514061600292
f 1729 1731 1733
f 1729 1733 1732
f 1729 1732 1734
f 1729 1734 1731
f 1730 1733 1731
f 1730 1732 1733
f 1730 1734 1732
f 1730 1731 1734
v -0.388829598558 -0.268095247957 -0.511167919794
v -0.392204100619 -0.26313412552 -0.511167919794
v -0.388510033407 -0.264249671981 -0.51293127555
v -0.39252366577 -0.266979701496 -0.509404564037
v -0.389058812287 -0.264622945466 -0.50874086881
v -0.39197488689 -0.266606428011 -0.513594970777
f 1735 1737 1739
f 1735 1739 1738
f 1735 1738 1740
f 1735 1740 1737
f 1736 1739 1737
f 1736 1738 1739
f 1736 1740 1738
f 1736 1737 1740
v -0.388515070849 -0.267881309597 -0.510624665166
v -0.39188957291 -0.262920187159 -0.510624665166
v -0.388145843428 -0.264001953879 -0.512302243876
v -0.392258800331 -0.266799542877 -0.508947086456
v -0.38881520965 -0.264457249575 -0.508137552448
v -0.39158943411 -0.266344247181 -0.513111777884
f 1741 1743 1745
f 1741 1745 1744
f 1741 1744 1746
f 1741 1746 1743
f 1742 1745 1743
f 1742 1744 1745
f 1742 1746 1744
f 1742 1743 1746
v -0.388216411321 -0.267678164602 -0.51006846602
v -0.391590913382 -0.262717042164 -0.51006846602
v -0.387800027133 -0.263766733359 -0.511658223813
v -0.392007297571 -0.266628473407 -0.508478708228
v -0.388589165176 -0.264303496558 -0.507524321732
v -0.391218159527 -0.266091710208 -0.512612610309
f 1747 1749 1751
f 1747 1751 1750
f 1747 1750 1752
f 1747 1752 1749
f 1748 1751 1749
f 1748 1750 1751
f 1748 1752 1750
f 1748 1749 1752
v -0.387933983844 -0.267486060473 -0.5095
v -0.391308485905 -0.262524938036 -0.5095
v -0.387473005844 -0.263544296999 -0.511
v -0.391769463906 -0.266466701509 -0.508
v -0.388380954265 -0.264161873739 -0.506901923789
v -0.390861515484 -0.26584912477 -0.512098076211
f 1753 1755 1757
f 1753 1757 1756
f 1753 1756 1758
f 1753 1758 1755
f 1754 1757 1755
f 1754 1756 1757
f 1754 1758 1756
f 1754 1755 1758
v -0.387668132513 -0.26730523126 -0.508919959693
v -0.391042634574 -0.262344108823 -0.508919959693
v -0.387165177987 -0.263334915806 -0.510328374381
v -0.391545589101 -0.266314424278 -0.507511545005
v -0.388190830592 -0.264032553664 -0.506271116914
v -0.390519936496 -0.26561678642 -0.511568802472
f 1759 1761 1763
f 1759 1763 1762
f 1759 1762 1764
f 1759 1764 1761
f 1760 1763 1761
f 1760 1762 1763
f 1760 1764 1762
f 1760 1761 1764
v -0.387419181227 -0.267135897276 -0.508329051789
v -0.390793683288 -0.262174774839 -0.508329051789
v -0.386876918602 -0.263138844876 -0.509644165229
v -0.391335945912 -0.266171827238 -0.507013938349
v -0.388019025791 -0.263915693888 -0.50563266965
v -0.390193838723 -0.265394978227 -0.511025433928
f 1765 1767 1769
f 1765 1769 1768
f 1765 1768 1770
f 1765 1770 1767
f 1766 1769 1767
f 1766 1768 1769
f 1766 1770 1768
f 1766 1767 1770
v -0.387187433294 -0.266978264827 -0.507727996218
v -0.390561935355 -0.26201714239 -0.507727996218
v -0.386608578891 -0.262956323094 -0.508948206148
v -0.391140789758 -0.266039084124 -0.506507786289
v -0.387865749181 -0.263811436789 -0.504987359846
v -0.389883619467 -0.265183970429 -0.510468632591
f 1771 1773 1775
f 1771 1775 1774
f 1771 1774 1776
f 1771 1776 1773
f 1772 1775 1773
f 1772 1774 1775
f 1772 1776 1774
f 1772 1773 1776
v -0.386973171063 -0.266832525965 -0.507117525275
v -0.390347673124 -0.261871403528 -0.507117525275
v -0.386360485782 -0.262787572833 -0.508241345055
v -0.390960358406 -0.265916356661 -0.505993705495
v -0.387731187506 -0.263719909386 -0.504335973711
v -0.389589656682 -0.264984020108 -0.509899076839
f 1777 1779 1781
f 1777 1781 1780
f 1777 1780 1782
f 1777 1782 1779
f 1778 1781 1779
f 1778 1780 1781
f 1778 1782 1780
f 1778 1779 1782
v -0.386776655581 -0.26669885825 -0.506498382723
v -0.390151157642 -0.261737735813 -0.506498382723
v -0.386132941539 -0.262632799689 -0.507524443153
v -0.390794871684 -0.265803794374 -0.505472322293
v -0.387615504708 -0.263641223192 -0.503679304861
v -0.389312308515 -0.264795370871 -0.509317460586
f 1783 1785 1787
f 1783 1787 1786
f 1783 1786 1788
f 1783 1788 1785
f 1784 1787 1785
f 1784 1786 1787
f 1784 1788 1786
f 1784 1785 1788
v -0.38659812627 -0.266577424536 -0.505871322893
v -0.389972628332 -0.261616302098 -0.505871322893
v -0.38592622339 -0.26249219223 -0.506798373876
v -0.390644531212 -0.265701534404 -0.50494427191
v -0.387518841729 -0.263575474075 -0.503018153344
v -0.389051912873 -0.264618252559 -0.508724492442
f 1789 1791 1793
f 1789 1793 1792
f 1789 1792 1794
f 1789 1794 1791
f 1790 1793 1791
f 1790 1792 1793
f 1790 1794 1792
f 1790 1791 1794
v -0.386437800642 -0.26646837277 -0.505237109761
v -0.389812302703 -0.261507250332 -0.505237109761
v -0.385740583189 -0.262365921764 -0.506064021828
v -0.390509520157 -0.265609701338 -0.504410197693
v -0.387441316338 -0.263522742139 -0.502353324673
v -0.388808787008 -0.264452880964 -0.508120894848
f 1795 1797 1799
f 1795 1799 1798
f 1795 1798 1800
f 1795 1800 1797
f 1796 1799 1797
f 1796 1798 1799
f 1796 1800 1798
f 1796 1797 1800
v -0.386295874029 -0.266371835816 -0.504596516016
v -0.38967037609 -0.261410713378 -0.504596516016
v -0.38557624711 -0.262254142133 -0.505322281703
v -0.390390003009 -0.265528407061 -0.50387075033
v -0.387383022987 -0.263483091629 -0.501685628838
v -0.388583227132 -0.264299457565 -0.507507403195
f 1801 1803 1805
f 1801 1805 1804
f 1801 1804 1806
f 1801 1806 1803
f 1802 1805 1803
f 1802 1804 1805
f 1802 1806 1804
f 1802 1803 1806
v -0.386172519345 -0.266287931288 -0.503950322126
v -0.389547021406 -0.261326808851 -0.503950322126
v -0.385433415371 -0.262156989522 -0.504574057198
v -0.39028612538 -0.265457750617 -0.503326587053
v -0.387344032699 -0.263456570855 -0.501015879323
v -0.388375508053 -0.264158169284 -0.506884764928
f 1807 1809 1811
f 1807 1811 1810
f 1807 1810 1812
f 1807 1812 1809
f 1808 1811 1809
f 1808 1810 1811
f 1808 1812 1810
f 1808 1809 1812
v -0.386067886881 -0.266216761413 -0.503299315376
v -0.389442388942 -0.261255638975 -0.503299315376
v -0.385312261991 -0.262074582298 -0.503820259909
v -0.390198013831 -0.26539781809 -0.502778370843
v -0.387324392976 -0.263443212127 -0.500344892117
v -0.388185882847 -0.264029188261 -0.506253738635
f 1813 1815 1817
f 1813 1817 1816
f 1813 1816 1818
f 1813 1818 1815
f 1814 1817 1815
f 1814 1816 1817
f 1814 1818 1816
f 1814 1815 1818
v -0.385982104114 -0.266158412898 -0.502644288918
v -0.389356606175 -0.261197290461 -0.502644288918
v -0.385212934577 -0.26200702086 -0.503061808221
v -0.390125775712 -0.265348682499 -0.502226769615
v -0.387324127747 -0.263443031721 -0.499673484712
v -0.388014582541 -0.263912671637 -0.505615093124
f 1819 1821 1823
f 1819 1823 1822
f 1819 1822 1824
f 1819 1824 1821
f 1820 1823 1821
f 1820 1822 1823
f 1820 1824 1822
f 1820 1821 1824
v -0.385915275557 -0.266112956833 -0.501986040802
v -0.389289777618 -0.261151834396 -0.501986040802
v -0.385135554143 -0.261954387522 -0.502299626192
v -0.390069499032 -0.265310403708 -0.501672455412
v -0.387343237335 -0.263456029857 -0.499002475116
v -0.38786181584 -0.263808761372 -0.504969606488
f 1825 1827 1829
f 1825 1829 1828
f 1825 1828 1830
f 1825 1830 1827
f 1826 1829 1827
f 1826 1828 1829
f 1826 1830 1828
f 1826 1827 1830
v -0.385867482631 -0.2660804486 -0.501325373001
v -0.389241984692 -0.261119326162 -0.501325373001
v -0.385080214966 -0.261916746409 -0.501534642422
v -0.390029252358 -0.265283028353 -0.50111610358
v -0.387381698458 -0.263482190699 -0.49833268085
v -0.387727768865 -0.263717584063 -0.504318065152
f 1831 1833 1835
f 1831 1835 1834
f 1831 1834 1836
f 1831 1836 1833
f 1832 1835 1833
f 1832 1834 1835
f 1832 1836 1834
f 1832 1833 1836
v -0.385838783565 -0.266060927804 -0.500663090437
v -0.389213285626 -0.261099805366 -0.500663090437
v -0.385046984467 -0.261894143382 -0.500767788927
v -0.390005084723 -0.265266589788 -0.500558391947
v -0.387439464257 -0.263521482373 -0.497664917956
v -0.387612604933 -0.263639250797 -0.503661262918
f 1837 1839 1841
f 1837 1841 1840
f 1837 1840 1842
f 1837 1842 1839
f 1838 1841 1839
f 1838 1840 1841
f 1838 1842 1840
f 1838 1839 1842
v -0.385829213322 -0.266054418228 -0.5
v -0.389203715383 -0.261093295791 -0.5
v -0.385035903134 -0.261886605979 -0.5
v -0.389997025572 -0.26526110804 -0.5
v -0.387516464353 -0.263573857009 -0.497
v -0.387516464353 -0.263573857009 -0.503
f 1843 1845 1847
f 1843 1847 1846
f 1843 1846 1848
f 1843 1848 1845
f 1844 1847 1845
f 1844 1846 1847
f 1844 1848 1846
f 1844 1845 1848
v -0.385838783565 -0.266060927804 -0.499336909563
v -0.389213285626 -0.261099805366 -0.499336909563
v -0.385046984467 -0.261894143382 -0.499232211073
v -0.390005084723 -0.265266589788 -0.499441608053
v -0.387612604933 -0.263639250797 -0.496338737082
v -0.387439464257 -0.263521482373 -0.502335082044
f 1849 1851 1853
f 1849 1853 1852
f 1849 1852 1854
f 1849 1854 1851
f 1850 1853 1851
f 1850 1852 1853
f 1850 1854 1852
f 1850 1851 1854
v -0.385867482631 -0.2660804486 -0.498674626999
v -0.389241984692 -0.261119326162 -0.498674626999
v -0.385080214966 -0.261916746409 -0.498465357578
v -0.390029252358 -0.265283028353 -0.49888389642
v -0.387727768865 -0.263717584063 -0.495681934848
v -0.387381698458 -0.263482190699 -0.50166731915
f 1855 1857 1859
f 1855 1859 1858
f 1855 1858 1860
f 1855 1860 1857
f 1856 1859 1857
f 1856 1858 1859
f 1856 1860 1858
f 1856 1857 1860
v -0.385915275557 -0.266112956833 -0.498013959198
v -0.389289777618 -0.261151834396 -0.498013959198
v -0.385135554143 -0.261954387522 -0.497700373808
v -0.390069499032 -0.265310403708 -0.498327544588
v -0.38786181584 -0.263808761372 -0.495030393512
v -0.387343237335 -0.263456029857 -0.500997524884
f 1861 1863 1865
f 1861 1865 1864
f 1861 1864 1866
f 1861 1866 1863
f 1862 1865 1863
f 1862 1864 1865
f 1862 1866 1864
f 1862 1863 1866
v -0.385982104114 -0.266158412898 -0.497355711082
v -0.389356606175 -0.261197290461 -0.497355711082
v -0.385212934577 -0.26200702086 -0.496938191779
v -0.390125775712 -0.265348682499 -0.497773230385
v -0.388014582541 -0.263912671637 -0.494384906876
v -0.387324127747 -0.263443031721 -0.500326515288
f 1867 1869 1871
f 1867 1871 1870
f 1867 1870 1872
f 1867 1872 1869
f 1868 1871 1869
f 1868 1870 1871
f 1868 1872 1870
f 1868 1869 1872
v -0.386067886881 -0.266216761413 -0.496700684624
v -0.389442388942 -0.261255638975 -0.496700684624
v -0.385312261991 -0.262074582298 -0.496179740091
v -0.390198013831 -0.26539781809 -0.497221629157
v -0.388185882847 -0.264029188261 -0.493746261365
v -0.387324392976 -0.263443212127 -0.499655107883
f 1873 1875 1877
f 1873 1877 1876
f 1873 1876 1878
f 1873 1878 1875
f 1874 1877 1875
f 1874 1876 1877
f 1874 1878 1876
f 1874 1875 1878
v -0.386172519345 -0.266287931288 -0.496049677874
v -0.389547021406 -0.261326808851 -0.496049677874
v -0.385433415371 -0.262156989522 -0.495425942802
v -0.39028612538 -0.265457750617 -0.496673412947
v -0.388375508053 -0.264158169284 -0.493115235072
v -0.387344032699 -0.263456570855 -0.498984120677
f 1879 1881 1883
f 1879 1883 1882
f 1879 1882 1884
f 1879 1884 1881
f 1880 1883 1881
f 1880 1882 1883
f 1880 1884 1882
f 1880 1881 1884
v -0.386295874029 -0.266371835816 -0.495403483984
v -0.38967037609 -0.261410713378 -0.495403483984
v -0.38557624711 -0.262254142133 -0.494677718297
v -0.390390003009 -0.265528407061 -0.49612924967
v -0.388583227132 -0.264299457565 -0.492492596805
v -0.387383022987 -0.263483091629 -0.498314371162
f 1885 1887 1889
f 1885 1889 1888
f 1885 1888 1890
f 1885 1890 1887
f 1886 1889 1887
f 1886 1888 1889
f 1886 1890 1888
f 1886 1887 1890
v -0.386437800642 -0.26646837277 -0.494762890239
v -0.389812302703 -0.261507250332 -0.494762890239
v -0.385740583189 -0.262365921764 -0.493935978172
v -0.390509520157 -0.265609701338 -0.495589802307
v -0.388808787008 -0.264452880964 -0.491879105152
v -0.387441316338 -0.263522742139 -0.497646675327
f 1891 1893 1895
f 1891 1895 1894
f 1891 1894 1896
f 1891 1896 1893
f 1892 1895 1893
f 1892 1894 1895
f 1892 1896 1894
f 1892 1893 1896
v -0.38659812627 -0.266577424536 -0.494128677107
v -0.389972628332 -0.261616302098 -0.494128677107
v -0.38592622339 -0.26249219223 -0.493201626124
v -0.390644531212 -0.265701534404 -0.49505572809
v -0.389051912873 -0.264618252559 -0.491275507558
v -0.387518841729 -0.263575474075 -0.496981846656
f 1897 1899 1901
f 1897 1901 1900
f 1897 1900 1902
f 1897 1902 1899
f 1898 1901 1899
f 1898 1900 1901
f 1898 1902 1900
f 1898 1899 1902
v -0.386776655581 -0.26669885825 -0.493501617277
v -0.390151157642 -0.261737735813 -0.493501617277
v -0.386132941539 -0.262632799689 -0.492475556847
v -0.390794871684 -0.265803794374 -0.494527677707
v -0.389312308515 -0.264795370871 -0.490682539414
v -0.387615504708 -0.263641223192 -0.496320695139
f 1903 1905 1907
f 1903 1907 1906
f 1903 1906 1908
f 1903 1908 1905
f 1904 1907 1905
f 1904 1906 1907
f 1904 1908 1906
f 1904 1905 1908
v -0.386973171063 -0.266832525965 -0.492882474725
v -0.390347673124 -0.261871403528 -0.492882474725
v -0.386360485782 -0.262787572833 -0.491758654945
v -0.390960358406 -0.265916356661 -0.494006294505
v -0.389589656682 -0.264984020108 -0.490100923161
v -0.387731187506 -0.263719909386 -0.495664026289
f 1909 1911 1913
f 1909 1913 1912
f 1909 1912 1914
f 1909 1914 1911
f 1910 1913 1911
f 1910 1912 1913
f 1910 1914 1912
f 1910 1911 1914
v -0.387187433294 -0.266978264827 -0.492272003782
v -0.390561935355 -0.26201714239 -0.492272003782
v -0.386608578891 -0.262956323094 -0.491051793852
v -0.391140789758 -0.266039084124 -0.493492213711
v -0.389883619467 -0.265183970429 -0.489531367409
v -0.387865749181 -0.263811436789 -0.495012640154
f 1915 1917 1919
f 1915 1919 1918
f 1915 1918 1920
f 1915 1920 1917
f 1916 1919 1917
f 1916 1918 1919
f 1916 1920 1918
f 1916 1917 1920
v -0.387419181227 -0.267135897276 -0.491670948211
v -0.390793683288 -0.262174774839 -0.491670948211
v -0.386876918602 -0.263138844876 -0.490355834771
v -0.391335945912 -0.266171827238 -0.492986061651
v -0.390193838723 -0.265394978227 -0.488974566072
v -0.388019025791 -0.263915693888 -0.49436733035
f 1921 1923 1925
f 1921 1925 1924
f 1921 1924 1926
f 1921 1926 1923
f 1922 1925 1923
f 1922 1924 1925
f 1922 1926 1924
f 1922 1923 1926
v -0.387668132513 -0.26730523126 -0.491080040307
v -0.391042634574 -0.262344108823 -0.491080040307
v -0.387165177987 -0.263334915806 -0.489671625619
v -0.391545589101 -0.266314424278 -0.492488454995
v -0.390519936496 -0.26561678642 -0.488431197528
v -0.388190830592 -0.264032553664 -0.493728883086
f 1927 1929 1931
f 1927 1931 1930
f 1927 1930 1932
f 1927 1932 1929
f 1928 1931 1929
f 1928 1930 1931
f 1928 1932 1930
f 1928 1929 1932
v -0.387933983844 -0.267486060473 -0.4905
v -0.391308485905 -0.262524938036 -0.4905
v -0.387473005844 -0.263544296999 -0.489
v -0.391769463906 -0.266466701509 -0.492
v -0.390861515484 -0.26584912477 -0.487901923789
v -0.388380954265 -0.264161873739 -0.493098076211
f 1933 1935 1937
f 1933 1937 1936
f 1933 1936 1938
f 1933 1938 1935
f 1934 1937 1935
f 1934 1936 1937
f 1934 1938 1936
f 1934 1935 1938
v -0.388216411321 -0.267678164602 -0.48993153398
v -0.391590913382 -0.262717042164 -0.48993153398
v -0.387800027133 -0.263766733359 -0.488341776187
v -0.392007297571 -0.266628473407 -0.491521291772
v -0.391218159527 -0.266091710208 -0.487387389691
v -0.388589165176 -0.264303496558 -0.492475678268
f 1939 1941 1943
f 1939 1943 1942
f 1939 1942 1944
f 1939 1944 1941
f 1940 1943 1941
f 1940 1942 1943
f 1940 1944 1942
f 1940 1941 1944
v -0.388515070849 -0.267881309597 -0.489375334834
v -0.39188957291 -0.262920187159 -0.489375334834
v -0.388145843428 -0.264001953879 -0.487697756124
v -0.392258800331 -0.266799542877 -0.491052913544
v -0.39158943411 -0.266344247181 -0.486888222116
v -0.38881520965 -0.264457249575 -0.491862447552
f 1945 1947 1949
f 1945 1949 1948
f 1945 1948 1950
f 1945 1950 1947
f 1946 1949 1947
f 1946 1948 1949
f 1946 1950 1948
f 1946 1947 1950
v -0.388829598558 -0.268095247957 -0.488832080206
v -0.392204100619 -0.26313412552 -0.488832080206
v -0.388510033407 -0.264249671981 -0.48706872445
v -0.39252366577 -0.266979701496 -0.490595435963
v -0.39197488689 -0.266606428011 -0.486405029223
v -0.389058812287 -0.264622945466 -0.49125913119
f 1951 1953 1955
f 1951 1955 1954
f 1951 1954 1956
f 1951 1956 1953
f 1952 1955 1953
f 1952 1954 1955
f 1952 1956 1954
f 1952 1953 1956
v -0.389159611244 -0.268319719033 -0.488302431969
v -0.392534113305 -0.263358596595 -0.488302431969
v -0.388892153359 -0.264509585858 -0.486455447543
v -0.39280157119 -0.26716872977 -0.490149416395
v -0.392374048254 -0.266877933273 -0.485938399708
v -0.389319676295 -0.264800382355 -0.49066646423
f 1957 1959 1961
f 1957 1961 1960
f 1957 1960 1962
f 1957 1962 1959
f 1958 1961 1959
f 1958 1960 1961
f 1958 1962 1960
f 1958 1959 1962
v -0.389504706837 -0.26855444934 -0.487787035416
v -0.392879208898 -0.263593326902 -0.487787035416
v -0.38929173773 -0.264781378845 -0.485858672587
v -0.393092178005 -0.267366397397 -0.489715398245
v -0.392786431884 -0.267158432178 -0.485488902087
v -0.389597483851 -0.264989344064 -0.490085168745
f 1963 1965 1967
f 1963 1967 1966
f 1963 1966 1968
f 1963 1968 1965
f 1964 1967 1965
f 1964 1966 1967
f 1964 1968 1966
f 1964 1965 1968
v -0.389864464892 -0.268799152895 -0.487286518479
v -0.393238966954 -0.263838030457 -0.487286518479
v -0.389708299689 -0.265064719804 -0.48527912666
v -0.393395132157 -0.267572463549 -0.489293910298
v -0.393211535355 -0.267447582981 -0.485057084003
v -0.389891896491 -0.265189600371 -0.489515952956
f 1969 1971 1973
f 1969 1973 1972
f 1969 1972 1974
f 1969 1974 1971
f 1970 1973 1971
f 1970 1972 1973
f 1970 1974 1972
f 1970 1971 1974
v -0.3902384471 -0.269053531565 -0.486801490961
v -0.393612949161 -0.264092409128 -0.486801490961
v -0.390141331718 -0.265359263527 -0.48471751585
v -0.393710064542 -0.267786677166 -0.488885466073
v -0.393648840744 -0.267745033398 -0.48464347156
v -0.390202555516 -0.265400907295 -0.488959510362
f 1975 1977 1979
f 1975 1979 1978
f 1975 1978 1980
f 1975 1980 1977
f 1976 1979 1977
f 1976 1978 1979
f 1976 1980 1978
f 1976 1977 1980
v -0.390626197819 -0.269317275429 -0.486332543794
v -0.39400069988 -0.264356152992 -0.486332543794
v -0.390590306235 -0.265664651159 -0.484174524393
v -0.394036591463 -0.268008777262 -0.488490563195
v -0.394097815261 -0.26805042103 -0.484248568682
v -0.390529082438 -0.265623007391 -0.488416518905
f 1981 1983 1985
f 1981 1985 1984
f 1981 1984 1986
f 1981 1986 1983
f 1982 1985 1983
f 1982 1984 1985
f 1982 1986 1984
f 1982 1983 1986
v -0.391027244636 -0.269590063156 -0.485880248316
v -0.394401746697 -0.264628940718 -0.485880248316
v -0.391054676234 -0.265980510632 -0.483650813839
v -0.394374315099 -0.268238493242 -0.488109682792
v -0.3945579119 -0.26836337381 -0.483872856497
v -0.390871079432 -0.265855630064 -0.487887640135
f 1987 1989 1991
f 1987 1991 1990
f 1987 1990 1992
f 1987 1992 1989
f 1988 1991 1989
f 1988 1990 1991
f 1988 1992 1990
f 1988 1989 1992
v -0.391441098937 -0.269871562395 -0.485445155581
v -0.394815600998 -0.264910439957 -0.485445155581
v -0.391533875951 -0.266306457119 -0.483147022251
v -0.394722823984 -0.268475545233 -0.48774328891
v -0.395028570105 -0.268683510452 -0.483516792752
v -0.39122812983 -0.2660984919 -0.48737351841
f 1993 1995 1997
f 1993 1997 1996
f 1993 1996 1998
f 1993 1998 1995
f 1994 1997 1995
f 1994 1996 1997
f 1994 1998 1996
f 1994 1995 1998
v -0.391867256504 -0.270161430183 -0.485027795681
v -0.395241758565 -0.265200307746 -0.485027795681
v -0.392027321555 -0.266642093506 -0.482663763421
v -0.395081693514 -0.268719644423 -0.487391827942
v -0.39550921645 -0.26901044092 -0.483180811255
v -0.391599798619 -0.266351297008 -0.486874780107
f 1999 2001 2003
f 1999 2003 2002
f 1999 2002 2004
f 1999 2004 2001
f 2000 2003 2001
f 2000 2002 2003
f 2000 2004 2002
f 2000 2001 2004
v -0.39230519813 -0.270459313361 -0.484628677107
v -0.395679700191 -0.265498190924 -0.484628677107
v -0.392534411859 -0.26698701087 -0.482201626124
v -0.395450486462 -0.268970493415 -0.48705572809
v -0.395999265342 -0.2693437669 -0.48286532135
v -0.391985632979 -0.266613737385 -0.486392032864
f 2005 2007 2009
f 2005 2009 2008
f 2005 2008 2010
f 2005 2010 2007
f 2006 2009 2007
f 2006 2008 2009
f 2006 2010 2008
f 2006 2007 2010
v -0.39275439025 -0.270764849005 -0.484248286121
v -0.396128892311 -0.265803726567 -0.484248286121
v -0.393054529051 -0.267340788983 -0.481761173404
v -0.395828753511 -0.269227786589 -0.486735398839
v -0.396498119732 -0.269683082285 -0.482570707411
v -0.392385162829 -0.266885493287 -0.485925864832
f 2011 2013 2015
f 2011 2015 2014
f 2011 2014 2016
f 2011 2016 2013
f 2012 2015 2013
f 2012 2014 2015
f 2012 2016 2014
f 2012 2013 2016
v -0.393214285594 -0.271077664865 -0.483887086173
v -0.396588787655 -0.266116542428 -0.483887086173
v -0.393587039448 -0.267702996822 -0.481342941885
v -0.3962160338 -0.269491210471 -0.486431230461
v -0.397005171843 -0.270027973671 -0.48229732838
v -0.392797901405 -0.267166233622 -0.485476843966
f 2017 2019 2021
f 2017 2021 2020
f 2017 2020 2022
f 2017 2022 2019
f 2018 2021 2019
f 2018 2020 2021
f 2018 2022 2020
f 2018 2019 2022
v -0.393684323848 -0.271397379825 -0.483545517328
v -0.397058825909 -0.266436257387 -0.483545517328
v -0.39413129427 -0.268073193091 -0.480947441117
v -0.396611855488 -0.269760444121 -0.486143593539
v -0.39751980391 -0.270378020861 -0.482045517328
v -0.393223345848 -0.267455616351 -0.485045517328
f 2023 2025 2027
f 2023 2027 2026
f 2023 2026 2028
f 2023 2028 2025
f 2024 2027 2025
f 2024 2026 2027
f 2024 2028 2026
f 2024 2025 2028
v -0.394163932345 -0.27172360436 -0.483223995736
v -0.397538434406 -0.266762481923 -0.483223995736
v -0.394686630424 -0.268450926763 -0.480575152957
v -0.397015736328 -0.27003515952 -0.485872838514
v -0.398041388933 -0.270732797377 -0.481815581047
v -0.393660977819 -0.267753288905 -0.484632410424
f 2029 2031 2033
f 2029 2033 2032
f 2029 2032 2034
f 2029 2034 2031
f 2030 2033 2031
f 2030 2032 2033
f 2030 2034 2032
f 2030 2031 2034
v -0.394652526755 -0.272055941017 -0.48292291312
v -0.398027028817 -0.267094818579 -0.48292291312
v -0.39525237132 -0.268835737629 -0.480226530981
v -0.397427184252 -0.270315021967 -0.485619295259
v -0.398569291441 -0.271091870979 -0.48160779968
v -0.394110264131 -0.268058888617 -0.484238026561
f 2035 2037 2039
f 2035 2039 2038
f 2035 2038 2040
f 2035 2040 2037
f 2036 2039 2037
f 2036 2038 2039
f 2036 2040 2038
f 2036 2037 2040
v -0.395149511802 -0.272393984894 -0.482642636305
v -0.398524013863 -0.267432862456 -0.482642636305
v -0.395827827689 -0.269227156855 -0.479901999932
v -0.397845697975 -0.270599690495 -0.485383272678
v -0.399102868266 -0.27145480419 -0.481422426376
v -0.394570657398 -0.26837204316 -0.483862846234
f 2041 2043 2045
f 2041 2045 2044
f 2041 2044 2046
f 2041 2046 2043
f 2042 2045 2043
f 2042 2044 2045
f 2042 2046 2044
f 2042 2043 2046
v -0.395654281984 -0.272737324137 -0.482383506763
v -0.399028784045 -0.267776201699 -0.482383506763
v -0.396412298427 -0.269624707557 -0.4796019552
v -0.398270767603 -0.270888818279 -0.485165058327
v -0.399641469327 -0.271821154832 -0.481259686983
v -0.395041596703 -0.268692371004 -0.483507326543
f 2047 2049 2051
f 2047 2051 2050
f 2047 2050 2052
f 2047 2052 2049
f 2048 2051 2049
f 2048 2050 2051
f 2048 2052 2050
f 2048 2049 2052
v -0.396166222318 -0.273085540439 -0.482145840205
v -0.39954072438 -0.268124418002 -0.482145840205
v -0.397005071445 -0.270027905381 -0.479326762343
v -0.398701875253 -0.27118205306 -0.484964918067
v -0.400184438422 -0.272190476564 -0.481119779775
v -0.395522508276 -0.269019481878 -0.483171900635
f 2053 2055 2057
f 2053 2057 2056
f 2053 2056 2058
f 2053 2058 2055
f 2054 2057 2055
f 2054 2056 2057
f 2054 2058 2056
f 2054 2055 2058
v -0.396684709084 -0.273438209554 -0.48192992619
v -0.400059211145 -0.268477087117 -0.48192992619
v -0.397605424542 -0.270436259093 -0.479076756642
v -0.399138495687 -0.271479037578 -0.484783095739
v -0.400731114026 -0.272562319423 -0.481002875207
v -0.396012806203 -0.269352977248 -0.482856977174
f 2059 2061 2063
f 2059 2063 2062
f 2059 2062 2064
f 2059 2064 2061
f 2060 2063 2061
f 2060 2062 2063
f 2060 2064 2062
f 2060 2061 2064
v -0.397209110584 -0.273794901808 -0.481736027777
v -0.400583612645 -0.268833779371 -0.481736027777
v -0.39821262628 -0.270849271177 -0.478852242689
v -0.39958009695 -0.271779410002 -0.484619812865
v -0.401280830099 -0.272936230377 -0.48090911571
v -0.396511893131 -0.269692450802 -0.482562939845
f 2065 2067 2069
f 2065 2069 2068
f 2065 2068 2070
f 2065 2070 2067
f 2066 2069 2067
f 2066 2068 2069
f 2066 2070 2068
f 2066 2067 2070
v -0.397738787917 -0.274155182626 -0.481564381201
v -0.401113289978 -0.269194060189 -0.481564381201
v -0.398825936876 -0.27126643844 -0.478653494022
v -0.40002614102 -0.272082804375 -0.48447526838
v -0.401832916897 -0.273311753872 -0.480838615514
v -0.397019160998 -0.270037488944 -0.482290146888
f 2071 2073 2075
f 2071 2075 2074
f 2071 2074 2076
f 2071 2076 2073
f 2072 2075 2073
f 2072 2074 2075
f 2072 2076 2074
f 2072 2073 2076
v -0.398273095752 -0.274518613063 -0.481415195586
v -0.401647597813 -0.269557490625 -0.481415195586
v -0.399444609106 -0.271687252629 -0.478480752784
v -0.40047608446 -0.272388851058 -0.484349638388
v -0.402386701787 -0.273688432391 -0.480791460514
v -0.397533991778 -0.270387671296 -0.482038930659
f 2077 2079 2081
f 2077 2081 2080
f 2077 2080 2082
f 2077 2082 2079
f 2078 2081 2079
f 2078 2080 2081
f 2078 2082 2080
f 2078 2079 2082
v -0.398811383118 -0.274884750332 -0.481288652693
v -0.402185885179 -0.269923627895 -0.481288652693
v -0.400067889213 -0.272111201047 -0.478334229434
v -0.400929379084 -0.27269717718 -0.484243075952
v -0.402941510068 -0.27406580701 -0.48076770816
v -0.398055758228 -0.270742571218 -0.481809597226
f 2083 2085 2087
f 2083 2087 2086
f 2083 2086 2088
f 2083 2088 2085
f 2084 2087 2085
f 2084 2086 2087
f 2084 2088 2086
f 2084 2085 2088
v -0.399352994194 -0.275253148354 -0.481184906694
v -0.402727496255 -0.270292025917 -0.481184906694
v -0.400695017827 -0.272537767177 -0.478214102488
v -0.401385472621 -0.273007407094 -0.4841557109
v -0.403496665792 -0.274443417955 -0.480767387391
v -0.398583824657 -0.271101756316 -0.481602425997
f 2089 2091 2093
f 2089 2093 2092
f 2089 2092 2094
f 2089 2094 2091
f 2090 2093 2091
f 2090 2092 2093
f 2090 2094 2092
f 2090 2091 2094
v -0.39989726911 -0.275623358292 -0.481104083988
v -0.403271771171 -0.270662235854 -0.481104083988
v -0.401325230888 -0.272966431316 -0.478120518302
v -0.401843809393 -0.27331916283 -0.484087649674
v -0.404051492586 -0.274820805166 -0.480790498598
v -0.399117547696 -0.27146478898 -0.481417669378
f 2095 2097 2099
f 2095 2099 2098
f 2095 2098 2100
f 2095 2100 2097
f 2096 2099 2097
f 2096 2098 2099
f 2096 2100 2098
f 2096 2097 2100
v -0.400443544752 -0.275994929101 -0.481046283045
v -0.403818046813 -0.271033806664 -0.481046283045
v -0.401957760579 -0.2733966712 -0.478053590894
v -0.402303830986 -0.273632064564 -0.484038975196
v -0.404605314479 -0.275197508854 -0.480837013624
v -0.399656277086 -0.27183122691 -0.481255552466
f 2101 2103 2105
f 2101 2105 2104
f 2101 2104 2106
f 2101 2106 2103
f 2102 2105 2103
f 2102 2104 2105
f 2102 2106 2104
f 2102 2103 2106
v -0.400991155566 -0.27636740808 -0.481011574287
v -0.404365657628 -0.271406285643 -0.481011574287
v -0.402591836259 -0.27382796265 -0.478013401806
v -0.402764976935 -0.273945731073 -0.484009746768
v -0.405157456725 -0.275573070065 -0.480906875797
v -0.400199356469 -0.272200623659 -0.481116272777
f 2107 2109 2111
f 2107 2111 2110
f 2107 2110 2112
f 2107 2112 2109
f 2108 2111 2109
f 2108 2110 2111
f 2108 2112 2110
f 2108 2109 2112
v -0.401539434374 -0.276740341422 -0.481
v -0.404913936435 -0.271779218984 -0.481
v -0.403226685405 -0.274259780203 -0.478
v -0.403226685405 -0.274259780203 -0.484
v -0.405707246624 -0.275947031234 -0.481
v -0.400746124186 -0.272572529172 -0.481
f 2113 2115 2117
f 2113 2117 2116
f 2113 2116 2118
f 2113 2118 2115
f 2114 2117 2115
f 2114 2116 2117
f 2114 2118 2116
f 2114 2115 2118
v -0.402087713182 -0.277113274763 -0.481011574287
v -0.405462215243 -0.272152152325 -0.481011574287
v -0.403861534551 -0.274691597756 -0.478013401806
v -0.403688393875 -0.274573829332 -0.484009746768
v -0.406254014341 -0.276318936747 -0.481116272777
v -0.401295914085 -0.272946490341 -0.480906875797
f 2119 2121 2123
f 2119 2123 2122
f 2119 2122 2124
f 2119 2124 2121
f 2120 2123 2121
f 2120 2122 2123
f 2120 2124 2122
f 2120 2121 2124
v -0.402635323997 -0.277485753742 -0.481046283045
v -0.406009826058 -0.272524631305 -0.481046283045
v -0.404495610231 -0.275122889206 -0.478053590894
v -0.404149539824 -0.274887495841 -0.484038975196
v -0.406797093723 -0.276688333495 -0.481255552466
v -0.401848056331 -0.273322051552 -0.480837013624
f 2125 2127 2129
f 2125 2129 2128
f 2125 2128 2130
f 2125 2130 2127
f 2126 2129 2127
f 2126 2128 2129
f 2126 2130 2128
f 2126 2127 2130
v -0.403181599638 -0.277857324552 -0.481104083988
v -0.4065561017 -0.272896202114 -0.481104083988
v -0.405128139921 -0.27555312909 -0.478120518302
v -0.404609561417 -0.275200397576 -0.484087649674
v -0.407335823114 -0.277054771426 -0.481417669378
v -0.402401878224 -0.27369875524 -0.480790498598
f 2131 2133 2135
f 2131 2135 2134
f 2131 2134 2136
f 2131 2136 2133
f 2132 2135 2133
f 2132 2134 2135
f 2132 2136 2134
f 2132 2133 2136
v -0.403725874555 -0.278227534489 -0.481184906694
v -0.407100376616 -0.273266412052 -0.481184906694
v -0.405758352982 -0.275981793228 -0.478214102488
v -0.405067898188 -0.275512153312 -0.4841557109
v -0.407869546153 -0.27741780409 -0.481602425997
v -0.402956705018 -0.274076142451 -0.480767387391
f 2137 2139 2141
f 2137 2141 2140
f 2137 2140 2142
f 2137 2142 2139
f 2138 2141 2139
f 2138 2140 2141
f 2138 2142 2140
f 2138 2139 2142
v -0.404267485631 -0.278595932511 -0.481288652693
v -0.407641987692 -0.273634810073 -0.481288652693
v -0.406385481596 -0.276408359359 -0.478334229434
v -0.405523991726 -0.275822383225 -0.484243075952
v -0.408397612581 -0.277776989188 -0.481809597226
v -0.403511860741 -0.274453753396 -0.48076770816
f 2143 2145 2147
f 2143 2147 2146
f 2143 2146 2148
f 2143 2148 2145
f 2144 2147 2145
f 2144 2146 2147
f 2144 2148 2146
f 2144 2145 2148
v -0.404805772996 -0.278962069781 -0.481415195586
v -0.408180275057 -0.274000947343 -0.481415195586
v -0.407008761704 -0.276832307777 -0.478480752784
v -0.40597728635 -0.276130709347 -0.484349638388
v -0.408919379031 -0.278131889109 -0.482038930659
v -0.404066669022 -0.274831128015 -0.480791460514
f 2149 2151 2153
f 2149 2153 2152
f 2149 2152 2154
f 2149 2154 2151
f 2150 2153 2151
f 2150 2152 2153
f 2150 2154 2152
f 2150 2151 2154
v -0.396024822001 -0.272989361466 -0.518324006105
v -0.399399324062 -0.268028239029 -0.518324006105
v -0.396863671128 -0.269931726408 -0.521143083968
v -0.398560474935 -0.271085874087 -0.515504928243
v -0.395381107959 -0.268923302905 -0.517297945675
v -0.400043038104 -0.27209429759 -0.519350066535
f 2155 2157 2159
f 2155 2159 2158
f 2155 2158 2160
f 2155 2160 2157
f 2156 2159 2157
f 2156 2158 2159
f 2156 2160 2158
f 2156 2157 2160
v -0.395499409553 -0.272631981576 -0.518080085164
v -0.398873911614 -0.267670859139 -0.518080085164
v -0.396257425996 -0.269519364997 -0.520861636728
v -0.398115895171 -0.270783475719 -0.5152985336
v -0.394886724271 -0.268587028444 -0.516956265384
v -0.399486596896 -0.271715812272 -0.519203904944
f 2161 2163 2165
f 2161 2165 2164
f 2161 2164 2166
f 2161 2166 2163
f 2162 2165 2163
f 2162 2164 2165
f 2162 2166 2164
f 2162 2163 2166
v -0.394981355944 -0.27227960709 -0.517814136424
v -0.398355858006 -0.267318484653 -0.517814136424
v -0.395659671832 -0.269112779051 -0.520554772797
v -0.397677542118 -0.270485312692 -0.515073500051
v -0.394402501541 -0.268257665357 -0.516593926495
v -0.398934712409 -0.271340426387 -0.519034346353
f 2167 2169 2171
f 2167 2171 2170
f 2167 2170 2172
f 2167 2172 2169
f 2168 2171 2169
f 2168 2170 2171
f 2168 2172 2170
f 2168 2169 2172
v -0.394471292344 -0.271932667322 -0.517526483903
v -0.397845794406 -0.266971544884 -0.517526483903
v -0.395071136909 -0.268712463934 -0.520222866042
v -0.397245949841 -0.270191748272 -0.514830101764
v -0.39392902972 -0.267935614922 -0.516211370462
v -0.39838805703 -0.270968597284 -0.518841597343
f 2173 2175 2177
f 2173 2177 2176
f 2173 2176 2178
f 2173 2178 2175
f 2174 2177 2175
f 2174 2176 2177
f 2174 2178 2176
f 2174 2175 2178
v -0.393969840187 -0.271591584964 -0.517217478061
v -0.397344342248 -0.266630462526 -0.517217478061
v -0.394492538265 -0.268318907367 -0.519866320839
v -0.396821644169 -0.269903140123 -0.514568635282
v -0.39346688566 -0.267621269509 -0.515809063372
v -0.397847296774 -0.270600777981 -0.518625892749
f 2179 2181 2183
f 2179 2183 2182
f 2179 2182 2184
f 2179 2184 2181
f 2180 2183 2181
f 2180 2182 2183
f 2180 2184 2182
f 2180 2181 2184
v -0.393477610413 -0.271256775572 -0.516887495374
v -0.396852112475 -0.266295653135 -0.516887495374
v -0.393924580835 -0.267932588838 -0.519485571585
v -0.396405142053 -0.269619839869 -0.514289419162
v -0.393016632413 -0.267315012099 -0.515387495374
v -0.397313090475 -0.270237416609 -0.518387495374
f 2185 2187 2189
f 2185 2189 2188
f 2185 2188 2190
f 2185 2190 2187
f 2186 2189 2187
f 2186 2188 2189
f 2186 2190 2188
f 2186 2187 2190
v -0.392995202731 -0.270928647061 -0.516536937875
v -0.396369704792 -0.265967524624 -0.516536937875
v -0.393367956586 -0.267553979018 -0.519081082164
v -0.395996950937 -0.269342192667 -0.513992793587
v -0.392578818542 -0.267017215818 -0.514947180082
v -0.39678608898 -0.269878955867 -0.518126695668
f 2191 2193 2195
f 2191 2195 2194
f 2191 2194 2196
f 2191 2196 2193
f 2192 2195 2193
f 2192 2194 2195
f 2192 2196 2194
f 2192 2193 2196
v -0.392523204878 -0.270607599204 -0.516166232665
v -0.39589770694 -0.265646476767 -0.516166232665
v -0.392823343679 -0.267183539183 -0.518653345382
v -0.395597568139 -0.269070536788 -0.513679119947
v -0.392153977458 -0.266728243487 -0.514488653954
v -0.39626693436 -0.269525832484 -0.517843811375
f 2197 2199 2201
f 2197 2201 2200
f 2197 2200 2202
f 2197 2202 2199
f 2198 2201 2199
f 2198 2200 2201
f 2198 2202 2200
f 2198 2199 2202
v -0.392062191913 -0.270294023149 -0.51577583139
v -0.395436693974 -0.265332900712 -0.51577583139
v -0.392291405642 -0.266821720658 -0.518202882373
v -0.395207480245 -0.268805203203 -0.513348780407
v -0.391742626762 -0.266448447173 -0.514012475633
v -0.395756259125 -0.269178476688 -0.517539187147
f 2203 2205 2207
f 2203 2207 2206
f 2203 2206 2208
f 2203 2208 2205
f 2204 2207 2205
f 2204 2206 2207
f 2204 2208 2206
f 2204 2205 2208
v -0.391612725507 -0.26998830094 -0.515366209695
v -0.394987227568 -0.265027178503 -0.515366209695
v -0.391772790558 -0.266468964263 -0.517730241956
v -0.394827162517 -0.26854651518 -0.513002177435
v -0.391345267622 -0.266178167765 -0.513519225269
v -0.395254685453 -0.268837311677 -0.517213194121
f 2209 2211 2213
f 2209 2213 2212
f 2209 2212 2214
f 2209 2214 2211
f 2210 2213 2211
f 2210 2212 2213
f 2210 2214 2212
f 2210 2211 2214
v -0.391175353267 -0.269690805052 -0.514937866641
v -0.394549855328 -0.264729682615 -0.514937866641
v -0.391268130281 -0.266125699776 -0.51723599997
v -0.394457078314 -0.26829478789 -0.512639733311
v -0.39096238416 -0.265917734557 -0.513009503812
v -0.394762824435 -0.268502753109 -0.51686622947
f 2215 2217 2219
f 2215 2219 2218
f 2215 2218 2220
f 2215 2220 2217
f 2216 2219 2217
f 2216 2218 2219
f 2216 2220 2218
f 2216 2217 2220
v -0.390750608064 -0.269401897938 -0.514491324097
v -0.394125110125 -0.264440775501 -0.514491324097
v -0.390778039662 -0.265792345414 -0.516720758573
v -0.394097678527 -0.268050328025 -0.51226188962
v -0.39059444286 -0.265667464847 -0.512483932278
v -0.394281275328 -0.268175208592 -0.516498715916
f 2221 2223 2225
f 2221 2225 2224
f 2221 2224 2226
f 2221 2226 2223
f 2222 2225 2223
f 2222 2224 2225
f 2222 2226 2224
f 2222 2223 2226
v -0.390339007383 -0.269121931587 -0.514027126107
v -0.393713509444 -0.26416080915 -0.514027126107
v -0.3903031158 -0.265469307317 -0.516185145508
v -0.393749401028 -0.26781343342 -0.511869106706
v -0.390241892002 -0.265427663549 -0.511943150995
v -0.393810624826 -0.267855077188 -0.516111101218
f 2227 2229 2231
f 2227 2231 2230
f 2227 2230 2232
f 2227 2232 2229
f 2228 2231 2229
f 2228 2230 2231
f 2228 2232 2230
f 2228 2229 2232
v -0.389941052698 -0.268851247095 -0.513545838224
v -0.393315554759 -0.263890124658 -0.513545838224
v -0.389843937316 -0.265156979057 -0.515629813335
v -0.39341267014 -0.267584392696 -0.511461863113
v -0.389905161114 -0.265198622825 -0.511387818823
v -0.393351446342 -0.267542748928 -0.515703857625
f 2233 2235 2237
f 2233 2237 2236
f 2233 2236 2238
f 2233 2238 2235
f 2234 2237 2235
f 2234 2236 2237
f 2234 2238 2236
f 2234 2235 2238
v -0.389557228853 -0.268590174249 -0.513048046824
v -0.392931730915 -0.263629051812 -0.513048046824
v -0.38940106365 -0.264855741158 -0.515055438643
v -0.393087896118 -0.267363484903 -0.511040655005
v -0.389584660452 -0.264980621726 -0.510818612348
v -0.392904299316 -0.267238604336 -0.5152774813
f 2239 2241 2243
f 2239 2243 2242
f 2239 2242 2244
f 2239 2244 2241
f 2240 2243 2241
f 2240 2242 2243
f 2240 2244 2242
f 2240 2241 2244
v -0.389188003481 -0.268339031127 -0.512534358389
v -0.392562505542 -0.263377908689 -0.512534358389
v -0.388975034374 -0.264565960632 -0.514462721218
v -0.392775474649 -0.267150979184 -0.51060599556
v -0.389280780495 -0.264773925851 -0.51023622506
v -0.392469728528 -0.266943013965 -0.514832491718
f 2245 2247 2249
f 2245 2249 2248
f 2245 2248 2250
f 2245 2250 2247
f 2246 2249 2247
f 2246 2248 2249
f 2246 2250 2248
f 2246 2247 2250
v -0.388833826425 -0.268098123707 -0.512005398769
v -0.392208328486 -0.263137001269 -0.512005398769
v -0.38856636854 -0.264287990532 -0.513852383195
v -0.392475786371 -0.266947134444 -0.510158414343
v -0.388993891476 -0.264578787029 -0.509641366508
v -0.392048263435 -0.266656337947 -0.51436943103
f 2251 2253 2255
f 2251 2255 2254
f 2251 2254 2256
f 2251 2256 2253
f 2252 2255 2253
f 2252 2254 2255
f 2252 2256 2254
f 2252 2253 2256
v -0.388495129194 -0.267867745498 -0.51146181242
v -0.391869631255 -0.26290662306 -0.51146181242
v -0.388175564043 -0.264022169522 -0.513225168177
v -0.392189196406 -0.266752199037 -0.509698456663
v -0.388724342923 -0.264395443006 -0.509034761437
v -0.391640417527 -0.266378925552 -0.513888863403
f 2257 2259 2261
f 2257 2261 2260
f 2257 2260 2262
f 2257 2262 2259
f 2258 2261 2259
f 2258 2260 2261
f 2258 2262 2260
f 2258 2259 2262
v -0.388172324441 -0.26764817718 -0.510904261618
v -0.391546826502 -0.262687054743 -0.510904261618
v -0.38780309702 -0.263768821463 -0.512581840328
v -0.391916053922 -0.26656641046 -0.509226682907
v -0.388472463241 -0.264224117159 -0.5084171489
v -0.391246687701 -0.266111114764 -0.513391374335
f 2263 2265 2267
f 2263 2267 2266
f 2263 2266 2268
f 2263 2268 2265
f 2264 2267 2265
f 2264 2266 2267
f 2264 2268 2266
f 2264 2265 2268
v -0.387865805451 -0.267439686264 -0.510333425653
v -0.391240307512 -0.262478563827 -0.510333425653
v -0.387449421263 -0.263528255021 -0.511923183445
v -0.391656691701 -0.26638999507 -0.50874366786
v -0.388238559306 -0.264065018221 -0.507789281364
v -0.390867553658 -0.26585323187 -0.512877569941
f 2269 2271 2273
f 2269 2273 2272
f 2269 2272 2274
f 2269 2274 2271
f 2270 2273 2271
f 2270 2272 2273
f 2270 2274 2272
f 2270 2271 2274
v -0.387575945672 -0.267242526764 -0.50975
v -0.390950447734 -0.262281404327 -0.50975
v -0.387114967672 -0.26330076329 -0.51125
v -0.391411425734 -0.2662231678 -0.50825
v -0.388022916094 -0.26391834003 -0.507151923789
v -0.390503477312 -0.265605591061 -0.512348076211
f 2275 2277 2279
f 2275 2279 2278
f 2275 2278 2280
f 2275 2280 2277
f 2276 2279 2277
f 2276 2278 2279
f 2276 2280 2278
f 2276 2277 2280
v -0.387303098254 -0.267056938888 -0.509154695474
v -0.390677600315 -0.26209581645 -0.509154695474
v -0.386800143727 -0.263086623433 -0.510563110163
v -0.391180554841 -0.266066131905 -0.507746280786
v -0.387825796332 -0.263784261291 -0.506505852696
v -0.390154902236 -0.265368494047 -0.511803538253
f 2281 2283 2285
f 2281 2285 2284
f 2281 2284 2286
f 2281 2286 2283
f 2282 2285 2283
f 2282 2284 2285
f 2282 2286 2284
f 2282 2283 2286
v -0.387047595618 -0.266883148746 -0.508548237362
v -0.390422097679 -0.261922026308 -0.508548237362
v -0.386505332993 -0.262886096346 -0.509863350803
v -0.390964360303 -0.265919078708 -0.507233123922
v -0.387647440182 -0.263662945358 -0.505851855223
v -0.389822253114 -0.265142229696 -0.511244619501
f 2287 2289 2291
f 2287 2291 2290
f 2287 2290 2292
f 2287 2292 2289
f 2288 2291 2289
f 2288 2290 2291
f 2288 2292 2290
f 2288 2289 2292
v -0.386809749055 -0.266721368075 -0.50793136454
v -0.390184251116 -0.261760245638 -0.50793136454
v -0.386230894652 -0.262699426341 -0.509151574469
v -0.390763105519 -0.265782187371 -0.506711154611
v -0.387488064942 -0.263554540036 -0.505190728167
v -0.389505935228 -0.264927073676 -0.510672000913
f 2293 2295 2297
f 2293 2297 2296
f 2293 2296 2298
f 2293 2298 2295
f 2294 2297 2295
f 2294 2296 2297
f 2294 2298 2296
f 2294 2295 2298
v -0.386589848345 -0.26657179398 -0.507304828572
v -0.389964350406 -0.261610671542 -0.507304828572
v -0.385977163063 -0.262526840847 -0.508428648352
v -0.390577035687 -0.265655624675 -0.506181008791
v -0.387347864787 -0.2634591774 -0.504523277008
v -0.389206333963 -0.264723288122 -0.510086380135
f 2299 2301 2303
f 2299 2303 2302
f 2299 2302 2304
f 2299 2304 2301
f 2300 2303 2301
f 2300 2302 2303
f 2300 2304 2302
f 2300 2301 2304
v -0.386388161402 -0.266434608693 -0.506669392795
v -0.389762663463 -0.261473486256 -0.506669392795
v -0.38574444736 -0.262368550132 -0.507695453225
v -0.390406377505 -0.265539544817 -0.505643332365
v -0.387227010529 -0.263376973635 -0.503850314932
v -0.388923814336 -0.264531121314 -0.509488470657
f 2305 2307 2309
f 2305 2309 2308
f 2305 2308 2310
f 2305 2310 2307
f 2306 2309 2307
f 2306 2308 2309
f 2306 2310 2308
f 2306 2307 2310
v -0.386204933952 -0.266309979355 -0.50602583139
v -0.389579436013 -0.261348856917 -0.50602583139
v -0.385533031071 -0.262224747049 -0.506952882373
v -0.390251338894 -0.265434089223 -0.505098780407
v -0.38712564941 -0.263308028894 -0.503172661841
v -0.388658720555 -0.264350807378 -0.508879000939
f 2311 2313 2315
f 2311 2315 2314
f 2311 2314 2316
f 2311 2316 2313
f 2312 2315 2313
f 2312 2314 2315
f 2312 2316 2314
f 2312 2313 2316
v -0.386040389228 -0.266198057805 -0.505374928438
v -0.389414891289 -0.261236935368 -0.505374928438
v -0.385343171775 -0.2620956068 -0.506201840506
v -0.390112108743 -0.265339386374 -0.504548016371
v -0.387043904924 -0.263252427174 -0.502491143351
v -0.388411375594 -0.264182565999 -0.508258713526
f 2317 2319 2321
f 2317 2321 2320
f 2317 2320 2322
f 2317 2322 2319
f 2318 2321 2319
f 2318 2320 2321
f 2318 2322 2320
f 2318 2319 2322
v -0.385894727704 -0.266098980405 -0.504717476964
v -0.389269229765 -0.261137857967 -0.504717476964
v -0.385175100785 -0.261981286722 -0.505443242651
v -0.389988856684 -0.26525555165 -0.503991711277
v -0.386981876662 -0.263210236219 -0.501806589785
v -0.388182080807 -0.264026602154 -0.507628364143
f 2323 2325 2327
f 2323 2327 2326
f 2323 2326 2328
f 2323 2328 2325
f 2324 2327 2325
f 2324 2326 2327
f 2324 2328 2326
f 2324 2325 2328
v -0.385768126845 -0.266012867864 -0.504054277971
v -0.389142628906 -0.261051745426 -0.504054277971
v -0.385029022871 -0.261881926098 -0.504678013043
v -0.38988173288 -0.265182687192 -0.503430542898
v -0.386939640198 -0.26318150743 -0.501119835169
v -0.387971115552 -0.26388310586 -0.506988720773
f 2329 2331 2333
f 2329 2333 2332
f 2329 2332 2334
f 2329 2334 2331
f 2330 2333 2331
f 2330 2332 2333
f 2330 2334 2332
f 2330 2331 2334
v -0.385660740894 -0.265939825097 -0.503386139465
v -0.389035242955 -0.260978702659 -0.503386139465
v -0.384905116005 -0.261797645982 -0.503907083998
v -0.389790867845 -0.265120881774 -0.502865194932
v -0.386917246989 -0.263166275811 -0.500431716205
v -0.38777873686 -0.263752251945 -0.506340562724
f 2335 2337 2339
f 2335 2339 2338
f 2335 2338 2340
f 2335 2340 2337
f 2336 2339 2337
f 2336 2338 2339
f 2336 2340 2338
f 2336 2337 2340
v -0.385572700686 -0.265879941095 -0.502713875469
v -0.388947202747 -0.260918818657 -0.502713875469
v -0.384803531149 -0.261728549057 -0.503131394772
v -0.389716372284 -0.265070210696 -0.502296356166
v -0.386914724319 -0.263164559918 -0.499743071262
v -0.387605179113 -0.263634199834 -0.505684679675
f 2341 2343 2345
f 2341 2345 2344
f 2341 2344 2346
f 2341 2346 2343
f 2342 2345 2343
f 2342 2344 2345
f 2342 2346 2344
f 2342 2343 2346
v -0.385504113483 -0.265833288818 -0.502038305034
v -0.388878615544 -0.26087216638 -0.502038305034
v -0.384724392069 -0.261674719506 -0.502351890424
v -0.389658336958 -0.265030735692 -0.501724719644
v -0.386932075261 -0.263176361842 -0.499054739348
v -0.387450653766 -0.263529093357 -0.50502187072
f 2347 2349 2351
f 2347 2351 2350
f 2347 2350 2352
f 2347 2352 2349
f 2348 2351 2349
f 2348 2350 2351
f 2348 2352 2350
f 2348 2349 2352
v -0.385455062849 -0.265799925105 -0.501360251238
v -0.38882956491 -0.260838802667 -0.501360251238
v -0.384667795183 -0.261636222914 -0.501569520659
v -0.389616832575 -0.265002504858 -0.501150981817
v -0.386969278676 -0.263201667204 -0.498367559087
v -0.387315349083 -0.263437060568 -0.504352943389
f 2353 2355 2357
f 2353 2357 2356
f 2353 2356 2358
f 2353 2358 2355
f 2354 2357 2355
f 2354 2356 2357
f 2354 2358 2356
f 2354 2355 2358
v -0.385425608543 -0.265779890603 -0.500680540186
v -0.388800110604 -0.260818768166 -0.500680540186
v -0.384633809446 -0.261613106182 -0.500785238676
v -0.389591909702 -0.264985552587 -0.500575841696
v -0.387026289236 -0.263240445173 -0.497682367705
v -0.387199429912 -0.263358213596 -0.503678712667
f 2359 2361 2363
f 2359 2363 2362
f 2359 2362 2364
f 2359 2364 2361
f 2360 2363 2361
f 2360 2362 2363
f 2360 2364 2362
f 2360 2361 2364
v -0.385415786453 -0.265773209723 -0.5
v -0.388790288514 -0.260812087286 -0.5
v -0.384622476264 -0.261605397474 -0.5
v -0.389583598702 -0.264979899535 -0.5
v -0.387103037483 -0.263292648504 -0.497
v -0.387103037483 -0.263292648504 -0.503
f 2365 2367 2369
f 2365 2369 2368
f 2365 2368 2370
f 2365 2370 2367
f 2366 2369 2367
f 2366 2368 2369
f 2366 2370 2368
f 2366 2367 2370
v -0.385425608543 -0.265779890603 -0.499319459814
v -0.388800110604 -0.260818768166 -0.499319459814
v -0.384633809446 -0.261613106182 -0.499214761324
v -0.389591909702 -0.264985552587 -0.499424158304
v -0.387199429912 -0.263358213596 -0.496321287333
v -0.387026289236 -0.263240445173 -0.502317632295
f 2371 2373 2375
f 2371 2375 2374
f 2371 2374 2376
f 2371 2376 2373
f 2372 2375 2373
f 2372 2374 2375
f 2372 2376 2374
f 2372 2373 2376
v -0.385455062849 -0.265799925105 -0.498639748762
v -0.38882956491 -0.260838802667 -0.498639748762
v -0.384667795183 -0.261636222914 -0.498430479341
v -0.389616832575 -0.265002504858 -0.498849018183
v -0.387315349083 -0.263437060568 -0.495647056611
v -0.386969278676 -0.263201667204 -0.501632440913
f 2377 2379 2381
f 2377 2381 2380
f 2377 2380 2382
f 2377 2382 2379
f 2378 2381 2379
f 2378 2380 2381
f 2378 2382 2380
f 2378 2379 2382
v -0.385504113483 -0.265833288818 -0.497961694966
v -0.388878615544 -0.26087216638 -0.497961694966
v -0.384724392069 -0.261674719506 -0.497648109576
v -0.389658336958 -0.265030735692 -0.498275280356
v -0.387450653766 -0.263529093357 -0.49497812928
v -0.386932075261 -0.263176361842 -0.500945260652
f 2383 2385 2387
f 2383 2387 2386
f 2383 2386 2388
f 2383 2388 2385
f 2384 2387 2385
f 2384 2386 2387
f 2384 2388 2386
f 2384 2385 2388
v -0.385572700686 -0.265879941095 -0.497286124531
v -0.388947202747 -0.260918818657 -0.497286124531
v -0.384803531149 -0.261728549057 -0.496868605228
v -0.389716372284 -0.265070210696 -0.497703643834
v -0.387605179113 -0.263634199834 -0.494315320325
v -0.386914724319 -0.263164559918 -0.500256928738
f 2389 2391 2393
f 2389 2393 2392
f 2389 2392 2394
f 2389 2394 2391
f 2390 2393 2391
f 2390 2392 2393
f 2390 2394 2392
f 2390 2391 2394
v -0.385660740894 -0.265939825097 -0.496613860535
v -0.389035242955 -0.260978702659 -0.496613860535
v -0.384905116005 -0.261797645982 -0.496092916002
v -0.389790867845 -0.265120881774 -0.497134805068
v -0.38777873686 -0.263752251945 -0.493659437276
v -0.386917246989 -0.263166275811 -0.499568283795
f 2395 2397 2399
f 2395 2399 2398
f 2395 2398 2400
f 2395 2400 2397
f 2396 2399 2397
f 2396 2398 2399
f 2396 2400 2398
f 2396 2397 2400
v -0.385768126845 -0.266012867864 -0.495945722029
v -0.389142628906 -0.261051745426 -0.495945722029
v -0.385029022871 -0.261881926098 -0.495321986957
v -0.38988173288 -0.265182687192 -0.496569457102
v -0.387971115552 -0.26388310586 -0.493011279227
v -0.386939640198 -0.26318150743 -0.498880164831
f 2401 2403 2405
f 2401 2405 2404
f 2401 2404 2406
f 2401 2406 2403
f 2402 2405 2403
f 2402 2404 2405
f 2402 2406 2404
f 2402 2403 2406
v -0.385894727704 -0.266098980405 -0.495282523036
v -0.389269229765 -0.261137857967 -0.495282523036
v -0.385175100785 -0.261981286722 -0.494556757349
v -0.389988856684 -0.26525555165 -0.496008288723
v -0.388182080807 -0.264026602154 -0.492371635857
v -0.386981876662 -0.263210236219 -0.498193410215
f 2407 2409 2411
f 2407 2411 2410
f 2407 2410 2412
f 2407 2412 2409
f 2408 2411 2409
f 2408 2410 2411
f 2408 2412 2410
f 2408 2409 2412
v -0.386040389228 -0.266198057805 -0.494625071562
v -0.389414891289 -0.261236935368 -0.494625071562
v -0.385343171775 -0.2620956068 -0.493798159494
v -0.390112108743 -0.265339386374 -0.495451983629
v -0.388411375594 -0.264182565999 -0.491741286474
v -0.387043904924 -0.263252427174 -0.497508856649
f 2413 2415 2417
f 2413 2417 2416
f 2413 2416 2418
f 2413 2418 2415
f 2414 2417 2415
f 2414 2416 2417
f 2414 2418 2416
f 2414 2415 2418
v -0.386204933952 -0.266309979355 -0.49397416861
v -0.389579436013 -0.261348856917 -0.49397416861
v -0.385533031071 -0.262224747049 -0.493047117627
v -0.390251338894 -0.265434089223 -0.494901219593
v -0.388658720555 -0.264350807378 -0.491120999061
v -0.38712564941 -0.263308028894 -0.496827338159
f 2419 2421 2423
f 2419 2423 2422
f 2419 2422 2424
f 2419 2424 2421
f 2420 2423 2421
f 2420 2422 2423
f 2420 2424 2422
f 2420 2421 2424
v -0.386388161402 -0.266434608693 -0.493330607205
v -0.389762663463 -0.261473486256 -0.493330607205
v -0.38574444736 -0.262368550132 -0.492304546775
v -0.390406377505 -0.265539544817 -0.494356667635
v -0.388923814336 -0.264531121314 -0.490511529343
v -0.387227010529 -0.263376973635 -0.496149685068
f 2425 2427 2429
f 2425 2429 2428
f 2425 2428 2430
f 2425 2430 2427
f 2426 2429 2427
f 2426 2428 2429
f 2426 2430 2428
f 2426 2427 2430
v -0.386589848345 -0.26657179398 -0.492695171428
v -0.389964350406 -0.261610671542 -0.492695171428
v -0.385977163063 -0.262526840847 -0.491571351648
v -0.390577035687 -0.265655624675 -0.493818991209
v -0.389206333963 -0.264723288122 -0.489913619865
v -0.387347864787 -0.2634591774 -0.495476722992
f 2431 2433 2435
f 2431 2435 2434
f 2431 2434 2436
f 2431 2436 2433
f 2432 2435 2433
f 2432 2434 2435
f 2432 2436 2434
f 2432 2433 2436
v -0.386809749055 -0.266721368075 -0.49206863546
v -0.390184251116 -0.261760245638 -0.49206863546
v -0.386230894652 -0.262699426341 -0.490848425531
v -0.390763105519 -0.265782187371 -0.493288845389
v -0.389505935228 -0.264927073676 -0.489327999087
v -0.387488064942 -0.263554540036 -0.494809271833
f 2437 2439 2441
f 2437 2441 2440
f 2437 2440 2442
f 2437 2442 2439
f 2438 2441 2439
f 2438 2440 2441
f 2438 2442 2440
f 2438 2439 2442
v -0.387047595618 -0.266883148746 -0.491451762638
v -0.390422097679 -0.261922026308 -0.491451762638
v -0.386505332993 -0.262886096346 -0.490136649197
v -0.390964360303 -0.265919078708 -0.492766876078
v -0.389822253114 -0.265142229696 -0.488755380499
v -0.387647440182 -0.263662945358 -0.494148144777
f 2443 2445 2447
f 2443 2447 2446
f 2443 2446 2448
f 2443 2448 2445
f 2444 2447 2445
f 2444 2446 2447
f 2444 2448 2446
f 2444 2445 2448
v -0.387303098254 -0.267056938888 -0.490845304526
v -0.390677600315 -0.26209581645 -0.490845304526
v -0.386800143727 -0.263086623433 -0.489436889837
v -0.391180554841 -0.266066131905 -0.492253719214
v -0.390154902236 -0.265368494047 -0.488196461747
v -0.387825796332 -0.263784261291 -0.493494147304
f 2449 2451 2453
f 2449 2453 2452
f 2449 2452 2454
f 2449 2454 2451
f 2450 2453 2451
f 2450 2452 2453
f 2450 2454 2452
f 2450 2451 2454
v -0.387575945672 -0.267242526764 -0.49025
v -0.390950447734 -0.262281404327 -0.49025
v -0.387114967672 -0.26330076329 -0.48875
v -0.391411425734 -0.2662231678 -0.49175
v -0.390503477312 -0.265605591061 -0.487651923789
v -0.388022916094 -0.26391834003 -0.492848076211
f 2455 2457 2459
f 2455 2459 2458
f 2455 2458 2460
f 2455 2460 2457
f 2456 2459 2457
f 2456 2458 2459
f 2456 2460 2458
f 2456 2457 2460
v -0.387865805451 -0.267439686264 -0.489666574347
v -0.391240307512 -0.262478563827 -0.489666574347
v -0.387449421263 -0.263528255021 -0.488076816555
v -0.391656691701 -0.26638999507 -0.49125633214
v -0.390867553658 -0.26585323187 -0.487122430059
v -0.388238559306 -0.264065018221 -0.492210718636
f 2461 2463 2465
f 2461 2465 2464
f 2461 2464 2466
f 2461 2466 2463
f 2462 2465 2463
f 2462 2464 2465
f 2462 2466 2464
f 2462 2463 2466
v -0.388172324441 -0.26764817718 -0.489095738382
v -0.391546826502 -0.262687054743 -0.489095738382
v -0.38780309702 -0.263768821463 -0.487418159672
v -0.391916053922 -0.26656641046 -0.490773317093
v -0.391246687701 -0.266111114764 -0.486608625665
v -0.388472463241 -0.264224117159 -0.4915828511
f 2467 2469 2471
f 2467 2471 2470
f 2467 2470 2472
f 2467 2472 2469
f 2468 2471 2469
f 2468 2470 2471
f 2468 2472 2470
f 2468 2469 2472
v -0.388495129194 -0.267867745498 -0.48853818758
v -0.391869631255 -0.26290662306 -0.48853818758
v -0.388175564043 -0.264022169522 -0.486774831823
v -0.392189196406 -0.266752199037 -0.490301543337
v -0.391640417527 -0.266378925552 -0.486111136597
v -0.388724342923 -0.264395443006 -0.490965238563
f 2473 2475 2477
f 2473 2477 2476
f 2473 2476 2478
f 2473 2478 2475
f 2474 2477 2475
f 2474 2476 2477
f 2474 2478 2476
f 2474 2475 2478
v -0.388833826425 -0.268098123707 -0.487994601231
v -0.392208328486 -0.263137001269 -0.487994601231
v -0.38856636854 -0.264287990532 -0.486147616805
v -0.392475786371 -0.266947134444 -0.489841585657
v -0.392048263435 -0.266656337947 -0.48563056897
v -0.388993891476 -0.264578787029 -0.490358633492
f 2479 2481 2483
f 2479 2483 2482
f 2479 2482 2484
f 2479 2484 2481
f 2480 2483 2481
f 2480 2482 2483
f 2480 2484 2482
f 2480 2481 2484
v -0.389188003481 -0.268339031127 -0.487465641611
v -0.392562505542 -0.263377908689 -0.487465641611
v -0.388975034374 -0.264565960632 -0.485537278782
v -0.392775474649 -0.267150979184 -0.48939400444
v -0.392469728528 -0.266943013965 -0.485167508282
v -0.389280780495 -0.264773925851 -0.48976377494
f 2485 2487 2489
f 2485 2489 2488
f 2485 2488 2490
f 2485 2490 2487
f 2486 2489 2487
f 2486 2488 2489
f 2486 2490 2488
f 2486 2487 2490
v -0.389557228853 -0.268590174249 -0.486951953176
v -0.392931730915 -0.263629051812 -0.486951953176
v -0.38940106365 -0.264855741158 -0.484944561357
v -0.393087896118 -0.267363484903 -0.488959344995
v -0.392904299316 -0.267238604336 -0.4847225187
v -0.389584660452 -0.264980621726 -0.489181387652
f 2491 2493 2495
f 2491 2495 2494
f 2491 2494 2496
f 2491 2496 2493
f 2492 2495 2493
f 2492 2494 2495
f 2492 2496 2494
f 2492 2493 2496
v -0.389941052698 -0.268851247095 -0.486454161776
v -0.393315554759 -0.263890124658 -0.486454161776
v -0.389843937316 -0.265156979057 -0.484370186665
v -0.39341267014 -0.267584392696 -0.488538136887
v -0.393351446342 -0.267542748928 -0.484296142375
v -0.389905161114 -0.265198622825 -0.488612181177
f 2497 2499 2501
f 2497 2501 2500
f 2497 2500 2502
f 2497 2502 2499
f 2498 2501 2499
f 2498 2500 2501
f 2498 2502 2500
f 2498 2499 2502
v -0.390339007383 -0.269121931587 -0.485972873893
v -0.393713509444 -0.26416080915 -0.485972873893
v -0.3903031158 -0.265469307317 -0.483814854492
v -0.393749401028 -0.26781343342 -0.488130893294
v -0.393810624826 -0.267855077188 -0.483888898782
v -0.390241892002 -0.265427663549 -0.488056849005
f 2503 2505 2507
f 2503 2507 2506
f 2503 2506 2508
f 2503 2508 2505
f 2504 2507 2505
f 2504 2506 2507
f 2504 2508 2506
f 2504 2505 2508
v -0.390750608064 -0.269401897938 -0.485508675903
v -0.394125110125 -0.264440775501 -0.485508675903
v -0.390778039662 -0.265792345414 -0.483279241427
v -0.394097678527 -0.268050328025 -0.48773811038
v -0.394281275328 -0.268175208592 -0.483501284084
v -0.39059444286 -0.265667464847 -0.487516067722
f 2509 2511 2513
f 2509 2513 2512
f 2509 2512 2514
f 2509 2514 2511
f 2510 2513 2511
f 2510 2512 2513
f 2510 2514 2512
f 2510 2511 2514
v -0.391175353267 -0.269690805052 -0.485062133359
v -0.394549855328 -0.264729682615 -0.485062133359
v -0.391268130281 -0.266125699776 -0.48276400003
v -0.394457078314 -0.26829478789 -0.487360266689
v -0.394762824435 -0.268502753109 -0.48313377053
v -0.39096238416 -0.265917734557 -0.486990496188
f 2515 2517 2519
f 2515 2519 2518
f 2515 2518 2520
f 2515 2520 2517
f 2516 2519 2517
f 2516 2518 2519
f 2516 2520 2518
f 2516 2517 2520
v -0.391612725507 -0.26998830094 -0.484633790305
v -0.394987227568 -0.265027178503 -0.484633790305
v -0.391772790558 -0.266468964263 -0.482269758044
v -0.394827162517 -0.26854651518 -0.486997822565
v -0.395254685453 -0.268837311677 -0.482786805879
v -0.391345267622 -0.266178167765 -0.486480774731
f 2521 2523 2525
f 2521 2525 2524
f 2521 2524 2526
f 2521 2526 2523
f 2522 2525 2523
f 2522 2524 2525
f 2522 2526 2524
f 2522 2523 2526
v -0.392062191913 -0.270294023149 -0.48422416861
v -0.395436693974 -0.265332900712 -0.48422416861
v -0.392291405642 -0.266821720658 -0.481797117627
v -0.395207480245 -0.268805203203 -0.486651219593
v -0.395756259125 -0.269178476688 -0.482460812853
v -0.391742626762 -0.266448447173 -0.485987524367
f 2527 2529 2531
f 2527 2531 2530
f 2527 2530 2532
f 2527 2532 2529
f 2528 2531 2529
f 2528 2530 2531
f 2528 2532 2530
f 2528 2529 2532
v -0.392523204878 -0.270607599204 -0.483833767335
v -0.39589770694 -0.265646476767 -0.483833767335
v -0.392823343679 -0.267183539183 -0.481346654618
v -0.395597568139 -0.269070536788 -0.486320880053
v -0.39626693436 -0.269525832484 -0.482156188625
v -0.392153977458 -0.266728243487 -0.485511346046
f 2533 2535 2537
f 2533 2537 2536
f 2533 2536 2538
f 2533 2538 2535
f 2534 2537 2535
f 2534 2536 2537
f 2534 2538 2536
f 2534 2535 2538
v -0.392995202731 -0.270928647061 -0.483463062125
v -0.396369704792 -0.265967524624 -0.483463062125
v -0.393367956586 -0.267553979018 -0.480918917836
v -0.395996950937 -0.269342192667 -0.486007206413
v -0.39678608898 -0.269878955867 -0.481873304332
v -0.392578818542 -0.267017215818 -0.485052819918
f 2539 2541 2543
f 2539 2543 2542
f 2539 2542 2544
f 2539 2544 2541
f 2540 2543 2541
f 2540 2542 2543
f 2540 2544 2542
f 2540 2541 2544
v -0.393477610413 -0.271256775572 -0.483112504626
v -0.396852112475 -0.266295653135 -0.483112504626
v -0.393924580835 -0.267932588838 -0.480514428415
v -0.396405142053 -0.269619839869 -0.485710580838
v -0.397313090475 -0.270237416609 -0.481612504626
v -0.393016632413 -0.267315012099 -0.484612504626
f 2545 2547 2549
f 2545 2549 2548
f 2545 2548 2550
f 2545 2550 2547
f 2546 2549 2547
f 2546 2548 2549
f 2546 2550 2548
f 2546 2547 2550
v -0.393969840187 -0.271591584964 -0.482782521939
v -0.397344342248 -0.266630462526 -0.482782521939
v -0.394492538265 -0.268318907367 -0.480133679161
v -0.396821644169 -0.269903140123 -0.485431364718
v -0.397847296774 -0.270600777981 -0.481374107251
v -0.39346688566 -0.267621269509 -0.484190936628
f 2551 2553 2555
f 2551 2555 2554
f 2551 2554 2556
f 2551 2556 2553
f 2552 2555 2553
f 2552 2554 2555
f 2552 2556 2554
f 2552 2553 2556
v -0.394471292344 -0.271932667322 -0.482473516097
v -0.397845794406 -0.266971544884 -0.482473516097
v -0.395071136909 -0.268712463934 -0.479777133958
v -0.397245949841 -0.270191748272 -0.485169898236
v -0.39838805703 -0.270968597284 -0.481158402657
v -0.39392902972 -0.267935614922 -0.483788629538
f 2557 2559 2561
f 2557 2561 2560
f 2557 2560 2562
f 2557 2562 2559
f 2558 2561 2559
f 2558 2560 2561
f 2558 2562 2560
f 2558 2559 2562
v -0.394981355944 -0.27227960709 -0.482185863576
v -0.398355858006 -0.267318484653 -0.482185863576
v -0.395659671832 -0.269112779051 -0.479445227203
v -0.397677542118 -0.270485312692 -0.484926499949
v -0.398934712409 -0.271340426387 -0.480965653647
v -0.394402501541 -0.268257665357 -0.483406073505
f 2563 2565 2567
f 2563 2567 2566
f 2563 2566 2568
f 2563 2568 2565
f 2564 2567 2565
f 2564 2566 2567
f 2564 2568 2566
f 2564 2565 2568
v -0.395499409553 -0.272631981576 -0.481919914836
v -0.398873911614 -0.267670859139 -0.481919914836
v -0.396257425996 -0.269519364997 -0.479138363272
v -0.398115895171 -0.270783475719 -0.4847014664
v -0.399486596896 -0.271715812272 -0.480796095056
v -0.394886724271 -0.268587028444 -0.483043734616
f 2569 2571 2573
f 2569 2573 2572
f 2569 2572 2574
f 2569 2574 2571
f 2570 2573 2571
f 2570 2572 2573
f 2570 2574 2572
f 2570 2571 2574
v -0.396024822001 -0.272989361466 -0.481675993895
v -0.399399324062 -0.268028239029 -0.481675993895
v -0.396863671128 -0.269931726408 -0.478856916032
v -0.398560474935 -0.271085874087 -0.484495071757
v -0.400043038104 -0.27209429759 -0.480649933465
v -0.395381107959 -0.268923302905 -0.482702054325
f 2575 2577 2579
f 2575 2579 2578
f 2575 2578 2580
f 2575 2580 2577
f 2576 2579 2577
f 2576 2578 2579
f 2576 2580 2578
f 2576 2577 2580
v -0.396556953155 -0.273351311347 -0.481454397932
v -0.399931455216 -0.26839018891 -0.481454397932
v -0.397477668614 -0.270349360886 -0.478601228383
v -0.399010739758 -0.271392139371 -0.484307567481
v -0.400603358097 -0.272475421216 -0.480527346949
v -0.395885050275 -0.269266079041 -0.482381448915
f 2581 2583 2585
f 2581 2585 2584
f 2581 2584 2586
f 2581 2586 2583
f 2582 2585 2583
f 2582 2584 2585
f 2582 2586 2584
f 2582 2583 2586
v -0.397095154695 -0.273717390239 -0.481255396929
v -0.400469656756 -0.268756267802 -0.481255396929
v -0.39809867039 -0.270771759608 -0.478371611841
v -0.399466141061 -0.271701898433 -0.484139182017
v -0.40116687421 -0.272858718808 -0.480428484862
v -0.396397937242 -0.269614939234 -0.482082308997
f 2587 2589 2591
f 2587 2591 2590
f 2587 2590 2592
f 2587 2592 2589
f 2588 2591 2589
f 2588 2590 2591
f 2588 2592 2590
f 2588 2589 2592
v -0.397638770905 -0.274087152132 -0.481079233338
v -0.401013272966 -0.269126029694 -0.481079233338
v -0.398725919863 -0.271198407945 -0.478168346159
v -0.399926124008 -0.272014773881 -0.483990120516
v -0.401732899885 -0.273243723377 -0.480353467651
v -0.396919143986 -0.269969458449 -0.481804999024
f 2593 2595 2597
f 2593 2597 2596
f 2593 2596 2598
f 2593 2598 2595
f 2594 2597 2595
f 2594 2596 2597
f 2594 2598 2596
f 2594 2595 2598
v -0.398187139473 -0.274460146527 -0.480926121786
v -0.401561641534 -0.269499024089 -0.480926121786
v -0.399358652826 -0.271628786093 -0.477991678983
v -0.40039012818 -0.272330384523 -0.483860564588
v -0.402300745508 -0.273629965855 -0.480302386713
v -0.397448035499 -0.270329204761 -0.481549856858
f 2599 2601 2603
f 2599 2603 2602
f 2599 2602 2604
f 2599 2604 2601
f 2600 2603 2601
f 2600 2602 2603
f 2600 2604 2602
f 2600 2601 2604
v -0.398739592295 -0.274835918988 -0.480796248816
v -0.402114094356 -0.269874796551 -0.480796248816
v -0.399996098391 -0.272062369703 -0.477841825557
v -0.400857588261 -0.272648345836 -0.483750672075
v -0.402869719246 -0.274016975665 -0.480275304283
v -0.397983967406 -0.270693739873 -0.481317193349
f 2605 2607 2609
f 2605 2609 2608
f 2605 2608 2610
f 2605 2610 2607
f 2606 2609 2607
f 2606 2608 2609
f 2606 2610 2608
f 2606 2607 2610
v -0.399295456294 -0.275214011695 -0.48068977266
v -0.402669958355 -0.270252889257 -0.48068977266
v -0.400637479928 -0.272498630518 -0.477718968453
v -0.401327934722 -0.272968270434 -0.483660576866
v -0.403439127892 -0.274404281295 -0.480272253357
v -0.398526286757 -0.271062619656 -0.481107291962
f 2611 2613 2615
f 2611 2615 2614
f 2611 2614 2616
f 2611 2616 2613
f 2612 2615 2613
f 2612 2614 2615
f 2612 2616 2614
f 2612 2613 2616
v -0.399854054235 -0.275593963999 -0.48060682304
v -0.403228556296 -0.270632841561 -0.48060682304
v -0.401282016013 -0.272937037023 -0.477623257354
v -0.401800594518 -0.273289768537 -0.483590388726
v -0.40400827771 -0.274791410873 -0.480293237651
v -0.399074332821 -0.271435394687 -0.48092040843
f 2617 2619 2621
f 2617 2621 2620
f 2617 2620 2622
f 2617 2622 2619
f 2618 2621 2619
f 2618 2620 2621
f 2618 2622 2620
f 2618 2619 2622
v -0.400414705551 -0.275975312987 -0.48054750102
v -0.403789207613 -0.27101419055 -0.48054750102
v -0.401928921378 -0.273377055086 -0.477554808869
v -0.402274991785 -0.273612448451 -0.483540193171
v -0.404576475278 -0.27517789274 -0.480338231599
v -0.399627437886 -0.271811610797 -0.480756770441
f 2623 2625 2627
f 2623 2627 2626
f 2623 2626 2628
f 2623 2628 2625
f 2624 2627 2625
f 2624 2626 2627
f 2624 2628 2626
f 2624 2625 2628
v -0.400976727177 -0.276357594045 -0.480511878873
v -0.404351229238 -0.271396471608 -0.480511878873
v -0.402577407869 -0.273818148615 -0.477513706392
v -0.402750548545 -0.273935917038 -0.483510051354
v -0.405143028335 -0.275563256029 -0.480407180383
v -0.40018492808 -0.272190809624 -0.480616577363
f 2629 2631 2633
f 2629 2633 2632
f 2629 2632 2634
f 2629 2634 2631
f 2630 2633 2631
f 2630 2632 2633
f 2630 2634 2632
f 2630 2631 2634
v -0.401539434374 -0.276740341422 -0.4805
v -0.404913936435 -0.271779218984 -0.4805
v -0.403226685405 -0.274259780203 -0.4775
v -0.403226685405 -0.274259780203 -0.4835
v -0.405707246624 -0.275947031234 -0.4805
v -0.400746124186 -0.272572529172 -0.4805
f 2635 2637 2639
f 2635 2639 2638
f 2635 2638 2640
f 2635 2640 2637
f 2636 2639 2637
f 2636 2638 2639
f 2636 2640 2638
f 2636 2637 2640
v -0.402102141572 -0.277123088798 -0.480511878873
v -0.405476643633 -0.272161966361 -0.480511878873
v -0.40387596294 -0.274701411791 -0.477513706392
v -0.403702822264 -0.274583643368 -0.483510051354
v -0.40626844273 -0.276328750782 -0.480616577363
v -0.401310342474 -0.272956304377 -0.480407180383
f 2641 2643 2645
f 2641 2645 2644
f 2641 2644 2646
f 2641 2646 2643
f 2642 2645 2643
f 2642 2644 2645
f 2642 2646 2644
f 2642 2643 2646
v -0.402664163197 -0.277505369856 -0.48054750102
v -0.406038665258 -0.272544247419 -0.48054750102
v -0.404524449431 -0.27514250532 -0.477554808869
v -0.404178379024 -0.274907111955 -0.483540193171
v -0.406825932924 -0.276707949609 -0.480756770441
v -0.401876895532 -0.273341667665 -0.480338231599
f 2647 2649 2651
f 2647 2651 2650
f 2647 2650 2652
f 2647 2652 2649
f 2648 2651 2649
f 2648 2650 2651
f 2648 2652 2650
f 2648 2649 2652
v -0.403224814514 -0.277886718845 -0.48060682304
v -0.406599316575 -0.272925596407 -0.48060682304
v -0.405171354797 -0.275582523383 -0.477623257354
v -0.404652776292 -0.275229791868 -0.483590388726
v -0.407379037989 -0.277084165719 -0.48092040843
v -0.4024450931 -0.273728149533 -0.480293237651
f 2653 2655 2657
f 2653 2657 2656
f 2653 2656 2658
f 2653 2658 2655
f 2654 2657 2655
f 2654 2656 2657
f 2654 2658 2656
f 2654 2655 2658
v -0.403783412454 -0.278266671149 -0.48068977266
v -0.407157914515 -0.273305548711 -0.48068977266
v -0.405815890882 -0.276020929888 -0.477718968453
v -0.405125436088 -0.275551289972 -0.483660576866
v -0.407927084052 -0.27745694075 -0.481107291962
v -0.403014242917 -0.274115279111 -0.480272253357
f 2659 2661 2663
f 2659 2663 2662
f 2659 2662 2664
f 2659 2664 2661
f 2660 2663 2661
f 2660 2662 2663
f 2660 2664 2662
f 2660 2661 2664
v -0.404339276453 -0.278644763855 -0.480796248816
v -0.407713778514 -0.273683641418 -0.480796248816
v -0.406457272419 -0.276457190703 -0.477841825557
v -0.405595782549 -0.27587121457 -0.483750672075
v -0.408469403404 -0.277825820533 -0.481317193349
v -0.403583651564 -0.27450258474 -0.480275304283
f 2665 2667 2669
f 2665 2669 2668
f 2665 2668 2670
f 2665 2670 2667
f 2666 2669 2667
f 2666 2668 2669
f 2666 2670 2668
f 2666 2667 2670
v -0.404891729276 -0.279020536317 -0.480926121786
v -0.408266231337 -0.274059413879 -0.480926121786
v -0.407094717984 -0.276890774312 -0.477991678983
v -0.406063242629 -0.276189175883 -0.483860564588
v -0.409005335311 -0.278190355645 -0.481549856858
v -0.404152625302 -0.27488959455 -0.480302386713
f 2671 2673 2675
f 2671 2675 2674
f 2671 2674 2676
f 2671 2676 2673
f 2672 2675 2673
f 2672 2674 2675
f 2672 2676 2674
f 2672 2673 2676
v -0.418076509166 -0.287988681625 -0.5
v -0.421451011227 -0.283027559188 -0.5
v -0.422244321415 -0.287195371437 -0.5
v -0.417283198978 -0.283820869376 -0.5
v -0.419763760196 -0.285508120407 -0.503
v -0.419763760196 -0.285508120407 -0.497
f 2677 2679 2681
f 2677 2681 2680
f 2677 2680 2682
f 2677 2682 2679
f 2678 2681 2679
f 2678 2680 2681
f 2678 2682 2680
f 2678 2679 2682
v -0.418066435227 -0.287981829441 -0.500697989934
v -0.421440937288 -0.283020707003 -0.500697989934
v -0.422232736385 -0.287187491425 -0.500802688424
v -0.417274636129 -0.283815045019 -0.500593291444
v -0.419667115919 -0.28544238401 -0.503696162415
v -0.419840256595 -0.285560152434 -0.497699817453
f 2683 2685 2687
f 2683 2687 2686
f 2683 2686 2688
f 2683 2688 2685
f 2684 2687 2685
f 2684 2686 2687
f 2684 2688 2686
f 2684 2685 2688
v -0.418036225683 -0.287961281234 -0.501395129475
v -0.421410727744 -0.283000158797 -0.501395129475
v -0.42219799541 -0.287163860987 -0.501604398896
v -0.417248958017 -0.283797579043 -0.501185860054
v -0.41955044151 -0.285363023333 -0.504387821626
v -0.419896511917 -0.285598416698 -0.498402437324
f 2689 2691 2693
f 2689 2693 2692
f 2689 2692 2694
f 2689 2694 2691
f 2690 2693 2691
f 2690 2692 2693
f 2690 2694 2692
f 2690 2691 2694
v -0.41798591734 -0.287927062041 -0.502090569265
v -0.421360419401 -0.282965939603 -0.502090569265
v -0.422140140815 -0.287124508915 -0.502404154655
v -0.417206195926 -0.283768492729 -0.501776983876
v -0.419413879118 -0.285270135065 -0.505074134951
v -0.419932457623 -0.28562286658 -0.499107003579
f 2695 2697 2699
f 2695 2699 2698
f 2695 2698 2700
f 2695 2700 2697
f 2696 2699 2697
f 2696 2698 2699
f 2696 2700 2698
f 2696 2697 2700
v -0.395883421684 -0.272893182493 -0.518793852416
v -0.399257923745 -0.267932060056 -0.518793852416
v -0.396722270811 -0.269835547435 -0.521612930278
v -0.398419074618 -0.270989695114 -0.515974774553
v -0.395239707642 -0.268827123931 -0.517767791986
v -0.399901637787 -0.271998118617 -0.519819912846
f 2701 2703 2705
f 2701 2705 2704
f 2701 2704 2706
f 2701 2706 2703
f 2702 2705 2703
f 2702 2704 2705
f 2702 2706 2704
f 2702 2703 2706
v -0.395344537122 -0.272526639016 -0.518543677091
v -0.398719039183 -0.267565516579 -0.518543677091
v -0.396102553564 -0.269414022437 -0.521325228655
v -0.39796102274 -0.270678133158 -0.515762125528
v -0.39473185184 -0.268481685883 -0.517419857311
v -0.399331724464 -0.271610469712 -0.519667496872
f 2707 2709 2711
f 2707 2711 2710
f 2707 2710 2712
f 2707 2712 2709
f 2708 2711 2709
f 2708 2710 2711
f 2708 2712 2710
f 2708 2709 2712
v -0.394813200087 -0.272165229287 -0.518270909153
v -0.398187702148 -0.26720410685 -0.518270909153
v -0.395491515975 -0.268998401248 -0.521011545526
v -0.397509386261 -0.270370934888 -0.51553027278
v -0.394234345684 -0.268143287553 -0.517050699224
v -0.398766556552 -0.271226048583 -0.519491119082
f 2713 2715 2717
f 2713 2717 2716
f 2713 2716 2718
f 2713 2718 2715
f 2714 2717 2715
f 2714 2716 2717
f 2714 2718 2716
f 2714 2715 2718
v -0.394290057933 -0.271809393627 -0.517975880926
v -0.397664559995 -0.26684827119 -0.517975880926
v -0.394889902498 -0.268589190239 -0.520672263065
v -0.39706471543 -0.270068474578 -0.515279498787
v -0.393747795309 -0.267812341227 -0.516660767486
v -0.398206822619 -0.270845323589 -0.519290994366
f 2719 2721 2723
f 2719 2723 2722
f 2719 2722 2724
f 2719 2724 2721
f 2720 2723 2721
f 2720 2722 2723
f 2720 2724 2722
f 2720 2721 2724
v -0.393775748028 -0.271459565567 -0.517658951857
v -0.397150250089 -0.26649844313 -0.517658951857
v -0.394298446107 -0.268186887971 -0.520307794636
v -0.396627552011 -0.269771120727 -0.515010109079
v -0.393272793502 -0.267489250113 -0.516250537169
v -0.397653204616 -0.270468758585 -0.519067366546
f 2725 2727 2729
f 2725 2729 2728
f 2725 2728 2730
f 2725 2730 2727
f 2726 2729 2727
f 2726 2728 2729
f 2726 2730 2728
f 2726 2727 2730
v -0.393270896979 -0.27111617132 -0.517320508076
v -0.39664539904 -0.266155048882 -0.517320508076
v -0.3937178674 -0.267791984586 -0.519918584287
v -0.396198428618 -0.269479235616 -0.514722431864
v -0.392809918978 -0.267174407846 -0.515820508076
v -0.39710637704 -0.270096812356 -0.518820508076
f 2731 2733 2735
f 2731 2735 2734
f 2731 2734 2736
f 2731 2736 2733
f 2732 2735 2733
f 2732 2734 2735
f 2732 2736 2734
f 2732 2733 2736
v -0.392776119868 -0.270779629257 -0.516960961923
v -0.396150621929 -0.26581850682 -0.516960961923
v -0.393148873723 -0.267404961214 -0.519505106212
v -0.395777868075 -0.269193174863 -0.514416817635
v -0.39235973568 -0.266868198014 -0.51537120413
v -0.396567006118 -0.269729938063 -0.518550719716
f 2737 2739 2741
f 2737 2741 2740
f 2737 2740 2742
f 2737 2742 2739
f 2738 2741 2739
f 2738 2740 2741
f 2738 2742 2740
f 2738 2739 2742
v -0.392292019507 -0.270450349404 -0.516580751451
v -0.395666521568 -0.265489226966 -0.516580751451
v -0.392592158307 -0.267026289383 -0.519067864169
v -0.395366382767 -0.268913286988 -0.514093638733
v -0.391922792086 -0.266570993687 -0.514903172741
v -0.396035748989 -0.269368582684 -0.518258330162
f 2743 2745 2747
f 2743 2747 2746
f 2743 2746 2748
f 2743 2748 2745
f 2744 2747 2745
f 2744 2746 2747
f 2744 2748 2746
f 2744 2745 2748
v -0.391819185696 -0.270128732937 -0.516180339887
v -0.395193687757 -0.2651676105 -0.516180339887
v -0.392048399425 -0.266656430446 -0.518607390871
v -0.394964474028 -0.268639912991 -0.513753288904
v -0.391499620545 -0.266283156961 -0.514416984131
v -0.395513252908 -0.269013186476 -0.517943695644
f 2749 2751 2753
f 2749 2753 2752
f 2749 2752 2754
f 2749 2754 2751
f 2750 2753 2751
f 2750 2752 2753
f 2750 2754 2752
f 2750 2751 2754
v -0.391358194511 -0.269815171697 -0.515760215072
v -0.394732696572 -0.264854049259 -0.515760215072
v -0.391518259562 -0.266295835019 -0.518124247333
v -0.394572631521 -0.268373385937 -0.513396182811
v -0.391090736626 -0.266005038522 -0.513913230646
v -0.395000154456 -0.268664182434 -0.517607199498
f 2755 2757 2759
f 2755 2759 2758
f 2755 2758 2760
f 2755 2760 2757
f 2756 2759 2757
f 2756 2758 2759
f 2756 2760 2758
f 2756 2757 2760
v -0.390909607598 -0.269510047709 -0.515320888862
v -0.394284109659 -0.264548925272 -0.515320888862
v -0.391002384612 -0.265944942434 -0.517619022192
v -0.394191332645 -0.268114030547 -0.513022755533
v -0.390696638491 -0.265736977214 -0.513392526033
v -0.394497078766 -0.268321995767 -0.517249251691
f 2761 2763 2765
f 2761 2765 2764
f 2761 2764 2766
f 2761 2766 2763
f 2762 2765 2763
f 2762 2764 2765
f 2762 2766 2764
f 2762 2763 2766
v -0.390473971492 -0.269213732721 -0.51486289651
v -0.393848473553 -0.264252610283 -0.51486289651
v -0.39050140309 -0.265604180197 -0.517092330986
v -0.393821041955 -0.267862162807 -0.512633462033
v -0.390317806288 -0.265479299629 -0.51285550469
v -0.394004638756 -0.267987043375 -0.516870288329
f 2767 2769 2771
f 2767 2771 2770
f 2767 2770 2772
f 2767 2772 2769
f 2768 2771 2769
f 2768 2770 2771
f 2768 2772 2770
f 2768 2769 2772
v -0.390051816947 -0.268926587745 -0.514386796007
v -0.393426319009 -0.263965465308 -0.514386796007
v -0.390015925364 -0.265273963475 -0.516544815408
v -0.393462210592 -0.267618089578 -0.512228776606
v -0.389954701566 -0.265232319707 -0.512302820895
v -0.39352343439 -0.267659733346 -0.516470771118
f 2773 2775 2777
f 2773 2777 2776
f 2773 2776 2778
f 2773 2778 2775
f 2774 2777 2775
f 2774 2776 2777
f 2774 2778 2776
f 2774 2775 2778
v -0.389643658296 -0.268648962625 -0.513893167409
v -0.393018160357 -0.263687840188 -0.513893167409
v -0.389546542914 -0.264954694587 -0.515977142521
v -0.393115275738 -0.267382108226 -0.511809192298
v -0.389607766712 -0.264996338355 -0.511735148008
v -0.39305405194 -0.267340464458 -0.51605118681
f 2779 2781 2783
f 2779 2783 2782
f 2779 2782 2784
f 2779 2784 2781
f 2780 2783 2781
f 2780 2782 2783
f 2780 2784 2782
f 2780 2781 2784
v -0.389249992814 -0.268381195604 -0.513382612127
v -0.392624494876 -0.263420073167 -0.513382612127
v -0.389093827611 -0.264646762513 -0.515390003946
v -0.392780660079 -0.267154506258 -0.511375220308
v -0.389277424413 -0.26477164308 -0.511153177651
v -0.392597063277 -0.26702962569 -0.515612046604
f 2785 2787 2789
f 2785 2789 2788
f 2785 2788 2790
f 2785 2790 2787
f 2786 2789 2787
f 2786 2788 2789
f 2786 2790 2788
f 2786 2787 2790
v -0.388871300125 -0.268123612914 -0.512855752194
v -0.392245802186 -0.263162490477 -0.512855752194
v -0.388658331018 -0.264350542419 -0.514784115023
v -0.392458771293 -0.266935560972 -0.510927389365
v -0.388964077139 -0.264558507639 -0.510557618864
v -0.392153025172 -0.266727595752 -0.515153885523
f 2791 2793 2795
f 2791 2795 2794
f 2791 2794 2796
f 2791 2796 2793
f 2792 2795 2793
f 2792 2794 2795
f 2792 2796 2794
f 2792 2793 2796
v -0.388508041605 -0.267876528381 -0.512313229507
v -0.391882543667 -0.262915405943 -0.512313229507
v -0.388240583721 -0.264066395206 -0.514160213932
v -0.392150001551 -0.266725539118 -0.510466245081
v -0.388668106656 -0.264357191703 -0.509949197246
v -0.391722478616 -0.266434742621 -0.514677261767
f 2797 2799 2801
f 2797 2801 2800
f 2797 2800 2802
f 2797 2802 2799
f 2798 2801 2799
f 2798 2800 2801
f 2798 2802 2800
f 2798 2799 2802
v -0.388160659831 -0.267640243038 -0.511755705046
v -0.391535161892 -0.262679120601 -0.511755705046
v -0.38784109468 -0.263794667062 -0.513519060803
v -0.391854727043 -0.266524696577 -0.509992349289
v -0.38838987356 -0.264167940547 -0.509328654063
v -0.391305948163 -0.266151423092 -0.514182756029
f 2803 2805 2807
f 2803 2807 2806
f 2803 2806 2808
f 2803 2808 2805
f 2804 2807 2805
f 2804 2806 2807
f 2804 2808 2806
f 2804 2805 2808
v -0.387829578032 -0.267415044764 -0.511183858069
v -0.391204080093 -0.262453922326 -0.511183858069
v -0.387460350611 -0.263535689046 -0.51286143678
v -0.391573307514 -0.266333278044 -0.509506279359
v -0.388129716832 -0.263990984742 -0.508696745352
v -0.390903941293 -0.265877982348 -0.513670970787
f 2809 2811 2813
f 2809 2813 2812
f 2809 2812 2814
f 2809 2814 2811
f 2810 2813 2811
f 2810 2812 2813
f 2810 2814 2812
f 2810 2811 2814
v -0.387515199581 -0.267201207927 -0.510598385285
v -0.390889701642 -0.262240085489 -0.510598385285
v -0.387098815393 -0.263289776684 -0.512188143077
v -0.391306085831 -0.266151516732 -0.509008627492
v -0.387887953436 -0.263826539884 -0.508054240996
v -0.390516947788 -0.265614753533 -0.513142529573
f 2815 2817 2819
f 2815 2819 2818
f 2815 2818 2820
f 2815 2820 2817
f 2816 2819 2817
f 2816 2818 2819
f 2816 2820 2818
f 2816 2817 2820
v -0.387217907501 -0.266998993055 -0.51
v -0.390592409562 -0.262037870617 -0.51
v -0.3867569295 -0.263057229581 -0.5115
v -0.391053387562 -0.265979634091 -0.5085
v -0.387664877922 -0.263674806321 -0.507401923789
v -0.39014543914 -0.265362057351 -0.512598076211
f 2821 2823 2825
f 2821 2825 2824
f 2821 2824 2826
f 2821 2826 2823
f 2822 2825 2823
f 2822 2824 2825
f 2822 2826 2824
f 2822 2823 2826
v -0.386938063994 -0.266808646515 -0.509389431256
v -0.390312566055 -0.261847524078 -0.509389431256
v -0.386435109468 -0.26283833106 -0.510797845944
v -0.390815520582 -0.265817839532 -0.507981016567
v -0.387460762073 -0.263535968918 -0.506740588477
v -0.389789867977 -0.265120201674 -0.512038274034
f 2827 2829 2831
f 2827 2831 2830
f 2827 2830 2832
f 2827 2832 2829
f 2828 2831 2829
f 2828 2830 2831
f 2828 2832 2830
f 2828 2829 2832
v -0.386676010008 -0.266630400216 -0.508767422936
v -0.39005051207 -0.261669277778 -0.508767422936
v -0.386133747384 -0.262633347816 -0.510082536376
v -0.390592774694 -0.265666330178 -0.507452309495
v -0.387275854573 -0.263410196828 -0.506071040797
v -0.389450667505 -0.264889481166 -0.511463805075
f 2833 2835 2837
f 2833 2837 2836
f 2833 2836 2838
f 2833 2838 2835
f 2834 2837 2835
f 2834 2836 2837
f 2834 2838 2836
f 2834 2835 2838
v -0.386432064816 -0.266464471322 -0.508134732862
v -0.389806566877 -0.261503348885 -0.508134732862
v -0.385853210413 -0.262442529589 -0.509354942791
v -0.39038542128 -0.265525290619 -0.506914522932
v -0.387110380703 -0.263297643284 -0.505394096489
v -0.389128250989 -0.264670176924 -0.510875369234
f 2839 2841 2843
f 2839 2843 2842
f 2839 2842 2844
f 2839 2844 2841
f 2840 2843 2841
f 2840 2842 2843
f 2840 2844 2842
f 2840 2841 2844
v -0.386206525626 -0.266311061994 -0.507492131868
v -0.389581027687 -0.261349939557 -0.507492131868
v -0.385593840344 -0.262266108861 -0.508615951649
v -0.390193712969 -0.265394892689 -0.506368312088
v -0.386964542069 -0.263198445415 -0.504710580305
v -0.388823011244 -0.264462556136 -0.510273683432
f 2845 2847 2849
f 2845 2849 2848
f 2845 2848 2850
f 2845 2850 2847
f 2846 2849 2847
f 2846 2848 2849
f 2846 2850 2848
f 2846 2847 2850
v -0.385999667223 -0.266170359136 -0.506840402867
v -0.389374169284 -0.261209236699 -0.506840402867
v -0.385355953181 -0.262104300575 -0.507866463296
v -0.390017883327 -0.26527529526 -0.505814342437
v -0.38683851635 -0.263112724078 -0.504021325004
v -0.388535320157 -0.264266871757 -0.509659480729
f 2851 2853 2855
f 2851 2855 2854
f 2851 2854 2856
f 2851 2856 2853
f 2852 2855 2853
f 2852 2854 2855
f 2852 2856 2854
f 2852 2853 2856
v -0.385811741633 -0.266042534173 -0.506180339887
v -0.389186243695 -0.261081411736 -0.506180339887
v -0.385139838753 -0.261957301867 -0.507107390871
v -0.389858146575 -0.265166644042 -0.505253288904
v -0.386732457092 -0.263040583712 -0.503327170339
v -0.388265528236 -0.264083362197 -0.509033509436
f 2857 2859 2861
f 2857 2861 2860
f 2857 2860 2862
f 2857 2862 2859
f 2858 2861 2859
f 2858 2860 2861
f 2858 2862 2860
f 2858 2859 2862
v -0.385642977814 -0.265927742841 -0.505512747116
v -0.389017479875 -0.260966620403 -0.505512747116
v -0.384945760361 -0.261825291835 -0.506339659184
v -0.389714697329 -0.265069071409 -0.504685835049
v -0.38664649351 -0.26298211221 -0.502628962029
v -0.38801396418 -0.263912251035 -0.508396532204
f 2863 2865 2867
f 2863 2867 2866
f 2863 2866 2868
f 2863 2868 2865
f 2864 2867 2865
f 2864 2866 2867
f 2864 2868 2866
f 2864 2865 2868
v -0.385493581379 -0.265826124994 -0.504838437912
v -0.38886808344 -0.260865002557 -0.504838437912
v -0.38477395446 -0.261708431311 -0.505564203599
v -0.389587710359 -0.26498269624 -0.504112672225
v -0.386580730337 -0.262937380808 -0.501927550733
v -0.387780934482 -0.263753746743 -0.507749325091
f 2869 2871 2873
f 2869 2873 2872
f 2869 2872 2874
f 2869 2874 2871
f 2870 2873 2871
f 2870 2872 2873
f 2870 2874 2872
f 2870 2871 2874
v -0.385363734344 -0.265737804439 -0.504158233816
v -0.388738236405 -0.260776682002 -0.504158233816
v -0.38462463037 -0.261606862673 -0.504781968889
v -0.389477340379 -0.264907623768 -0.503534498744
v -0.386535247697 -0.262906444006 -0.501223791014
v -0.387566723052 -0.263608042435 -0.507092676619
f 2875 2877 2879
f 2875 2879 2878
f 2875 2878 2880
f 2875 2880 2877
f 2876 2879 2877
f 2876 2878 2879
f 2876 2880 2878
f 2876 2877 2880
v -0.385253594907 -0.26566288878 -0.503472963553
v -0.388628096969 -0.260701766343 -0.503472963553
v -0.384497970018 -0.261520709666 -0.503993908086
v -0.389383721858 -0.264843945458 -0.50295201902
v -0.386510101003 -0.262889339495 -0.500518540294
v -0.387371590873 -0.263475315628 -0.506427386812
f 2881 2883 2885
f 2881 2885 2884
f 2881 2884 2886
f 2881 2886 2883
f 2882 2885 2883
f 2882 2884 2885
f 2882 2886 2884
f 2882 2883 2886
v -0.385163297258 -0.265601469292 -0.502783462019
v -0.388537799319 -0.260640346854 -0.502783462019
v -0.384394127721 -0.261450077253 -0.503200981322
v -0.389306968856 -0.264791738892 -0.502365942716
v -0.386505320892 -0.262886088115 -0.499812657813
v -0.387195775685 -0.263355728031 -0.505754266225
f 2887 2889 2891
f 2887 2891 2890
f 2887 2890 2892
f 2887 2892 2889
f 2888 2891 2889
f 2888 2890 2891
f 2888 2892 2890
f 2888 2889 2892
v -0.385092951409 -0.265553620802 -0.502090569265
v -0.38846745347 -0.260592498365 -0.502090569265
v -0.384313229995 -0.261395051491 -0.502404154655
v -0.389247174884 -0.264751067677 -0.501776983876
v -0.386520913187 -0.262896693826 -0.499107003579
v -0.387039491692 -0.263249425341 -0.505074134951
f 2893 2895 2897
f 2893 2897 2896
f 2893 2896 2898
f 2893 2898 2895
f 2894 2897 2895
f 2894 2896 2897
f 2894 2898 2896
f 2894 2895 2898
v -0.385042643066 -0.265519401609 -0.501395129475
v -0.388417145127 -0.260558279172 -0.501395129475
v -0.3842553754 -0.261355699419 -0.501604398896
v -0.389204412793 -0.264721981362 -0.501185860054
v -0.386556858893 -0.262921143708 -0.498402437324
v -0.3869029293 -0.263156537073 -0.504387821626
f 2899 2901 2903
f 2899 2903 2902
f 2899 2902 2904
f 2899 2904 2901
f 2900 2903 2901
f 2900 2902 2903
f 2900 2904 2902
f 2900 2901 2904
v -0.385012433522 -0.265498853403 -0.500697989934
v -0.388386935583 -0.260537730965 -0.500697989934
v -0.384220634425 -0.261332068981 -0.500802688424
v -0.38917873468 -0.264704515387 -0.500593291444
v -0.386613114214 -0.262959407972 -0.497699817453
v -0.386786254891 -0.263077176396 -0.503696162415
f 2905 2907 2909
f 2905 2909 2908
f 2905 2908 2910
f 2905 2910 2907
f 2906 2909 2907
f 2906 2908 2909
f 2906 2910 2908
f 2906 2907 2910
v -0.385002359583 -0.265492001218 -0.5
v -0.388376861644 -0.26053087878 -0.5
v -0.384209049395 -0.261324188969 -0.5
v -0.389170171832 -0.26469869103 -0.5
v -0.386689610613 -0.263011439999 -0.497
v -0.386689610613 -0.263011439999 -0.503
f 2911 2913 2915
f 2911 2915 2914
f 2911 2914 2916
f 2911 2916 2913
f 2912 2915 2913
f 2912 2914 2915
f 2912 2916 2914
f 2912 2913 2916
v -0.385012433522 -0.265498853403 -0.499302010066
v -0.388386935583 -0.260537730965 -0.499302010066
v -0.384220634425 -0.261332068981 -0.499197311576
v -0.38917873468 -0.264704515387 -0.499406708556
v -0.386786254891 -0.263077176396 -0.496303837585
v -0.386613114214 -0.262959407972 -0.502300182547
f 2917 2919 2921
f 2917 2921 2920
f 2917 2920 2922
f 2917 2922 2919
f 2918 2921 2919
f 2918 2920 2921
f 2918 2922 2920
f 2918 2919 2922
v -0.385042643066 -0.265519401609 -0.498604870525
v -0.388417145127 -0.260558279172 -0.498604870525
v -0.3842553754 -0.261355699419 -0.498395601104
v -0.389204412793 -0.264721981362 -0.498814139946
v -0.3869029293 -0.263156537073 -0.495612178374
v -0.386556858893 -0.262921143708 -0.501597562676
f 2923 2925 2927
f 2923 2927 2926
f 2923 2926 2928
f 2923 2928 2925
f 2924 2927 2925
f 2924 2926 2927
f 2924 2928 2926
f 2924 2925 2928
v -0.385092951409 -0.265553620802 -0.497909430735
v -0.38846745347 -0.260592498365 -0.497909430735
v -0.384313229995 -0.261395051491 -0.497595845345
v -0.389247174884 -0.264751067677 -0.498223016124
v -0.387039491692 -0.263249425341 -0.494925865049
v -0.386520913187 -0.262896693826 -0.500892996421
f 2929 2931 2933
f 2929 2933 2932
f 2929 2932 2934
f 2929 2934 2931
f 2930 2933 2931
f 2930 2932 2933
f 2930 2934 2932
f 2930 2931 2934
v -0.385163297258 -0.265601469292 -0.497216537981
v -0.388537799319 -0.260640346854 -0.497216537981
v -0.384394127721 -0.261450077253 -0.496799018678
v -0.389306968856 -0.264791738892 -0.497634057284
v -0.387195775685 -0.263355728031 -0.494245733775
v -0.386505320892 -0.262886088115 -0.500187342187
f 2935 2937 2939
f 2935 2939 2938
f 2935 2938 2940
f 2935 2940 2937
f 2936 2939 2937
f 2936 2938 2939
f 2936 2940 2938
f 2936 2937 2940
v -0.385253594907 -0.26566288878 -0.496527036447
v -0.388628096969 -0.260701766343 -0.496527036447
v -0.384497970018 -0.261520709666 -0.496006091914
v -0.389383721858 -0.264843945458 -0.49704798098
v -0.387371590873 -0.263475315628 -0.493572613188
v -0.386510101003 -0.262889339495 -0.499481459706
f 2941 2943 2945
f 2941 2945 2944
f 2941 2944 2946
f 2941 2946 2943
f 2942 2945 2943
f 2942 2944 2945
f 2942 2946 2944
f 2942 2943 2946
v -0.385363734344 -0.265737804439 -0.495841766184
v -0.388738236405 -0.260776682002 -0.495841766184
v -0.38462463037 -0.261606862673 -0.495218031111
v -0.389477340379 -0.264907623768 -0.496465501256
v -0.387566723052 -0.263608042435 -0.492907323381
v -0.386535247697 -0.262906444006 -0.498776208986
f 2947 2949 2951
f 2947 2951 2950
f 2947 2950 2952
f 2947 2952 2949
f 2948 2951 2949
f 2948 2950 2951
f 2948 2952 2950
f 2948 2949 2952
v -0.385493581379 -0.265826124994 -0.495161562088
v -0.38886808344 -0.260865002557 -0.495161562088
v -0.38477395446 -0.261708431311 -0.494435796401
v -0.389587710359 -0.26498269624 -0.495887327775
v -0.387780934482 -0.263753746743 -0.492250674909
v -0.386580730337 -0.262937380808 -0.498072449267
f 2953 2955 2957
f 2953 2957 2956
f 2953 2956 2958
f 2953 2958 2955
f 2954 2957 2955
f 2954 2956 2957
f 2954 2958 2956
f 2954 2955 2958
v -0.385642977814 -0.265927742841 -0.494487252884
v -0.389017479875 -0.260966620403 -0.494487252884
v -0.384945760361 -0.261825291835 -0.493660340816
v -0.389714697329 -0.265069071409 -0.495314164951
v -0.38801396418 -0.263912251035 -0.491603467796
v -0.38664649351 -0.26298211221 -0.497371037971
f 2959 2961 2963
f 2959 2963 2962
f 2959 2962 2964
f 2959 2964 2961
f 2960 2963 2961
f 2960 2962 2963
f 2960 2964 2962
f 2960 2961 2964
v -0.385811741633 -0.266042534173 -0.493819660113
v -0.389186243695 -0.261081411736 -0.493819660113
v -0.385139838753 -0.261957301867 -0.492892609129
v -0.389858146575 -0.265166644042 -0.494746711096
v -0.388265528236 -0.264083362197 -0.490966490564
v -0.386732457092 -0.263040583712 -0.496672829661
f 2965 2967 2969
f 2965 2969 2968
f 2965 2968 2970
f 2965 2970 2967
f 2966 2969 2967
f 2966 2968 2969
f 2966 2970 2968
f 2966 2967 2970
v -0.385999667223 -0.266170359136 -0.493159597133
v -0.389374169284 -0.261209236699 -0.493159597133
v -0.385355953181 -0.262104300575 -0.492133536704
v -0.390017883327 -0.26527529526 -0.494185657563
v -0.388535320157 -0.264266871757 -0.490340519271
v -0.38683851635 -0.263112724078 -0.495978674996
f 2971 2973 2975
f 2971 2975 2974
f 2971 2974 2976
f 2971 2976 2973
f 2972 2975 2973
f 2972 2974 2975
f 2972 2976 2974
f 2972 2973 2976
v -0.386206525626 -0.266311061994 -0.492507868132
v -0.389581027687 -0.261349939557 -0.492507868132
v -0.385593840344 -0.262266108861 -0.491384048351
v -0.390193712969 -0.265394892689 -0.493631687912
v -0.388823011244 -0.264462556136 -0.489726316568
v -0.386964542069 -0.263198445415 -0.495289419695
f 2977 2979 2981
f 2977 2981 2980
f 2977 2980 2982
f 2977 2982 2979
f 2978 2981 2979
f 2978 2980 2981
f 2978 2982 2980
f 2978 2979 2982
v -0.386432064816 -0.266464471322 -0.491865267138
v -0.389806566877 -0.261503348885 -0.491865267138
v -0.385853210413 -0.262442529589 -0.490645057209
v -0.39038542128 -0.265525290619 -0.493085477068
v -0.389128250989 -0.264670176924 -0.489124630766
v -0.387110380703 -0.263297643284 -0.494605903511
f 2983 2985 2987
f 2983 2987 2986
f 2983 2986 2988
f 2983 2988 2985
f 2984 2987 2985
f 2984 2986 2987
f 2984 2988 2986
f 2984 2985 2988
v -0.386676010008 -0.266630400216 -0.491232577064
v -0.39005051207 -0.261669277778 -0.491232577064
v -0.386133747384 -0.262633347816 -0.489917463624
v -0.390592774694 -0.265666330178 -0.492547690505
v -0.389450667505 -0.264889481166 -0.488536194925
v -0.387275854573 -0.263410196828 -0.493928959203
f 2989 2991 2993
f 2989 2993 2992
f 2989 2992 2994
f 2989 2994 2991
f 2990 2993 2991
f 2990 2992 2993
f 2990 2994 2992
f 2990 2991 2994
v -0.386938063994 -0.266808646515 -0.490610568744
v -0.390312566055 -0.261847524078 -0.490610568744
v -0.386435109468 -0.26283833106 -0.489202154056
v -0.390815520582 -0.265817839532 -0.492018983433
v -0.389789867977 -0.265120201674 -0.487961725966
v -0.387460762073 -0.263535968918 -0.493259411523
f 2995 2997 2999
f 2995 2999 2998
f 2995 2998 3000
f 2995 3000 2997
f 2996 2999 2997
f 2996 2998 2999
f 2996 3000 2998
f 2996 2997 3000
v -0.387217907501 -0.266998993055 -0.49
v -0.390592409562 -0.262037870617 -0.49
v -0.3867569295 -0.263057229581 -0.4885
v -0.391053387562 -0.265979634091 -0.4915
v -0.39014543914 -0.265362057351 -0.487401923789
v -0.387664877922 -0.263674806321 -0.492598076211
f 3001 3003 3005
f 3001 3005 3004
f 3001 3004 3006
f 3001 3006 3003
f 3002 3005 3003
f 3002 3004 3005
f 3002 3006 3004
f 3002 3003 3006
v -0.387515199581 -0.267201207927 -0.489401614715
v -0.390889701642 -0.262240085489 -0.489401614715
v -0.387098815393 -0.263289776684 -0.487811856923
v -0.391306085831 -0.266151516732 -0.490991372508
v -0.390516947788 -0.265614753533 -0.486857470427
v -0.387887953436 -0.263826539884 -0.491945759004
f 3007 3009 3011
f 3007 3011 3010
f 3007 3010 3012
f 3007 3012 3009
f 3008 3011 3009
f 3008 3010 3011
f 3008 3012 3010
f 3008 3009 3012
v -0.387829578032 -0.267415044764 -0.488816141931
v -0.391204080093 -0.262453922326 -0.488816141931
v -0.387460350611 -0.263535689046 -0.48713856322
v -0.391573307514 -0.266333278044 -0.490493720641
v -0.390903941293 -0.265877982348 -0.486329029213
v -0.388129716832 -0.263990984742 -0.491303254648
f 3013 3015 3017
f 3013 3017 3016
f 3013 3016 3018
f 3013 3018 3015
f 3014 3017 3015
f 3014 3016 3017
f 3014 3018 3016
f 3014 3015 3018
v -0.388160659831 -0.267640243038 -0.488244294954
v -0.391535161892 -0.262679120601 -0.488244294954
v -0.38784109468 -0.263794667062 -0.486480939197
v -0.391854727043 -0.266524696577 -0.490007650711
v -0.391305948163 -0.266151423092 -0.485817243971
v -0.38838987356 -0.264167940547 -0.490671345937
f 3019 3021 3023
f 3019 3023 3022
f 3019 3022 3024
f 3019 3024 3021
f 3020 3023 3021
f 3020 3022 3023
f 3020 3024 3022
f 3020 3021 3024
v -0.388508041605 -0.267876528381 -0.487686770493
v -0.391882543667 -0.262915405943 -0.487686770493
v -0.388240583721 -0.264066395206 -0.485839786068
v -0.392150001551 -0.266725539118 -0.489533754919
v -0.391722478616 -0.266434742621 -0.485322738233
v -0.388668106656 -0.264357191703 -0.490050802754
f 3025 3027 3029
f 3025 3029 3028
f 3025 3028 3030
f 3025 3030 3027
f 3026 3029 3027
f 3026 3028 3029
f 3026 3030 3028
f 3026 3027 3030
v -0.388871300125 -0.268123612914 -0.487144247806
v -0.392245802186 -0.263162490477 -0.487144247806
v -0.388658331018 -0.264350542419 -0.485215884977
v -0.392458771293 -0.266935560972 -0.489072610635
v -0.392153025172 -0.266727595752 -0.484846114477
v -0.388964077139 -0.264558507639 -0.489442381136
f 3031 3033 3035
f 3031 3035 3034
f 3031 3034 3036
f 3031 3036 3033
f 3032 3035 3033
f 3032 3034 3035
f 3032 3036 3034
f 3032 3033 3036
v -0.389249992814 -0.268381195604 -0.486617387873
v -0.392624494876 -0.263420073167 -0.486617387873
v -0.389093827611 -0.264646762513 -0.484609996054
v -0.392780660079 -0.267154506258 -0.488624779692
v -0.392597063277 -0.26702962569 -0.484387953396
v -0.389277424413 -0.26477164308 -0.488846822349
f 3037 3039 3041
f 3037 3041 3040
f 3037 3040 3042
f 3037 3042 3039
f 3038 3041 3039
f 3038 3040 3041
f 3038 3042 3040
f 3038 3039 3042
v -0.389643658296 -0.268648962625 -0.486106832591
v -0.393018160357 -0.263687840188 -0.486106832591
v -0.389546542914 -0.264954694587 -0.484022857479
v -0.393115275738 -0.267382108226 -0.488190807702
v -0.39305405194 -0.267340464458 -0.48394881319
v -0.389607766712 -0.264996338355 -0.488264851992
f 3043 3045 3047
f 3043 3047 3046
f 3043 3046 3048
f 3043 3048 3045
f 3044 3047 3045
f 3044 3046 3047
f 3044 3048 3046
f 3044 3045 3048
v -0.390051816947 -0.268926587745 -0.485613203993
v -0.393426319009 -0.263965465308 -0.485613203993
v -0.390015925364 -0.265273963475 -0.483455184592
v -0.393462210592 -0.267618089578 -0.487771223394
v -0.39352343439 -0.267659733346 -0.483529228882
v -0.389954701566 -0.265232319707 -0.487697179105
f 3049 3051 3053
f 3049 3053 3052
f 3049 3052 3054
f 3049 3054 3051
f 3050 3053 3051
f 3050 3052 3053
f 3050 3054 3052
f 3050 3051 3054
v -0.390473971492 -0.269213732721 -0.48513710349
v -0.393848473553 -0.264252610283 -0.48513710349
v -0.39050140309 -0.265604180197 -0.482907669014
v -0.393821041955 -0.267862162807 -0.487366537967
v -0.394004638756 -0.267987043375 -0.483129711671
v -0.390317806288 -0.265479299629 -0.48714449531
f 3055 3057 3059
f 3055 3059 3058
f 3055 3058 3060
f 3055 3060 3057
f 3056 3059 3057
f 3056 3058 3059
f 3056 3060 3058
f 3056 3057 3060
v -0.390909607598 -0.269510047709 -0.484679111138
v -0.394284109659 -0.264548925272 -0.484679111138
v -0.391002384612 -0.265944942434 -0.482380977808
v -0.394191332645 -0.268114030547 -0.486977244467
v -0.394497078766 -0.268321995767 -0.482750748309
v -0.390696638491 -0.265736977214 -0.486607473967
f 3061 3063 3065
f 3061 3065 3064
f 3061 3064 3066
f 3061 3066 3063
f 3062 3065 3063
f 3062 3064 3065
f 3062 3066 3064
f 3062 3063 3066
v -0.391358194511 -0.269815171697 -0.484239784928
v -0.394732696572 -0.264854049259 -0.484239784928
v -0.391518259562 -0.266295835019 -0.481875752667
v -0.394572631521 -0.268373385937 -0.486603817189
v -0.395000154456 -0.268664182434 -0.482392800502
v -0.391090736626 -0.266005038522 -0.486086769354
f 3067 3069 3071
f 3067 3071 3070
f 3067 3070 3072
f 3067 3072 3069
f 3068 3071 3069
f 3068 3070 3071
f 3068 3072 3070
f 3068 3069 3072
v -0.391819185696 -0.270128732937 -0.483819660113
v -0.395193687757 -0.2651676105 -0.483819660113
v -0.392048399425 -0.266656430446 -0.481392609129
v -0.394964474028 -0.268639912991 -0.486246711096
v -0.395513252908 -0.269013186476 -0.482056304356
v -0.391499620545 -0.266283156961 -0.485583015869
f 3073 3075 3077
f 3073 3077 3076
f 3073 3076 3078
f 3073 3078 3075
f 3074 3077 3075
f 3074 3076 3077
f 3074 3078 3076
f 3074 3075 3078
v -0.392292019507 -0.270450349404 -0.483419248549
v -0.395666521568 -0.265489226966 -0.483419248549
v -0.392592158307 -0.267026289383 -0.480932135831
v -0.395366382767 -0.268913286988 -0.485906361267
v -0.396035748989 -0.269368582684 -0.481741669838
v -0.391922792086 -0.266570993687 -0.485096827259
f 3079 3081 3083
f 3079 3083 3082
f 3079 3082 3084
f 3079 3084 3081
f 3080 3083 3081
f 3080 3082 3083
f 3080 3084 3082
f 3080 3081 3084
v -0.392776119868 -0.270779629257 -0.483039038077
v -0.396150621929 -0.26581850682 -0.483039038077
v -0.393148873723 -0.267404961214 -0.480494893788
v -0.395777868075 -0.269193174863 -0.485583182365
v -0.396567006118 -0.269729938063 -0.481449280284
v -0.39235973568 -0.266868198014 -0.48462879587
f 3085 3087 3089
f 3085 3089 3088
f 3085 3088 3090
f 3085 3090 3087
f 3086 3089 3087
f 3086 3088 3089
f 3086 3090 3088
f 3086 3087 3090
v -0.393270896979 -0.27111617132 -0.482679491924
v -0.39664539904 -0.266155048882 -0.482679491924
v -0.3937178674 -0.267791984586 -0.480081415713
v -0.396198428618 -0.269479235616 -0.485277568136
v -0.39710637704 -0.270096812356 -0.481179491924
v -0.392809918978 -0.267174407846 -0.484179491924
f 3091 3093 3095
f 3091 3095 3094
f 3091 3094 3096
f 3091 3096 3093
f 3092 3095 3093
f 3092 3094 3095
f 3092 3096 3094
f 3092 3093 3096
v -0.393775748028 -0.271459565567 -0.482341048143
v -0.397150250089 -0.26649844313 -0.482341048143
v -0.394298446107 -0.268186887971 -0.479692205364
v -0.396627552011 -0.269771120727 -0.484989890921
v -0.397653204616 -0.270468758585 -0.480932633454
v -0.393272793502 -0.267489250113 -0.483749462831
f 3097 3099 3101
f 3097 3101 3100
f 3097 3100 3102
f 3097 3102 3099
f 3098 3101 3099
f 3098 3100 3101
f 3098 3102 3100
f 3098 3099 3102
v -0.394290057933 -0.271809393627 -0.482024119074
v -0.397664559995 -0.26684827119 -0.482024119074
v -0.394889902498 -0.268589190239 -0.479327736935
v -0.39706471543 -0.270068474578 -0.484720501213
v -0.398206822619 -0.270845323589 -0.480709005634
v -0.393747795309 -0.267812341227 -0.483339232514
f 3103 3105 3107
f 3103 3107 3106
f 3103 3106 3108
f 3103 3108 3105
f 3104 3107 3105
f 3104 3106 3107
f 3104 3108 3106
f 3104 3105 3108
v -0.394813200087 -0.272165229287 -0.481729090847
v -0.398187702148 -0.26720410685 -0.481729090847
v -0.395491515975 -0.268998401248 -0.478988454474
v -0.397509386261 -0.270370934888 -0.48446972722
v -0.398766556552 -0.271226048583 -0.480508880918
v -0.394234345684 -0.268143287553 -0.482949300776
f 3109 3111 3113
f 3109 3113 3112
f 3109 3112 3114
f 3109 3114 3111
f 3110 3113 3111
f 3110 3112 3113
f 3110 3114 3112
f 3110 3111 3114
v -0.395344537122 -0.272526639016 -0.481456322909
v -0.398719039183 -0.267565516579 -0.481456322909
v -0.396102553564 -0.269414022437 -0.478674771345
v -0.39796102274 -0.270678133158 -0.484237874472
v -0.399331724464 -0.271610469712 -0.480332503128
v -0.39473185184 -0.268481685883 -0.482580142689
f 3115 3117 3119
f 3115 3119 3118
f 3115 3118 3120
f 3115 3120 3117
f 3116 3119 3117
f 3116 3118 3119
f 3116 3120 3118
f 3116 3117 3120
v -0.395883421684 -0.272893182493 -0.481206147584
v -0.399257923745 -0.267932060056 -0.481206147584
v -0.396722270811 -0.269835547435 -0.478387069722
v -0.398419074618 -0.270989695114 -0.484025225447
v -0.399901637787 -0.271998118617 -0.480180087154
v -0.395239707642 -0.268827123931 -0.482232208014
f 3121 3123 3125
f 3121 3125 3124
f 3121 3124 3126
f 3121 3126 3123
f 3122 3125 3123
f 3122 3124 3125
f 3122 3126 3124
f 3122 3123 3126
v -0.396429197226 -0.27326441314 -0.480978869674
v -0.399803699288 -0.268303290703 -0.480978869674
v -0.397349912685 -0.270262462679 -0.478125700125
v -0.398882983829 -0.271305241164 -0.483832039223
v -0.400475602168 -0.272388523009 -0.480051818691
v -0.395757294346 -0.269179180834 -0.481905920657
f 3127 3129 3131
f 3127 3131 3130
f 3127 3130 3132
f 3127 3132 3129
f 3128 3131 3129
f 3128 3130 3131
f 3128 3132 3130
f 3128 3129 3132
v -0.396981198806 -0.273639878671 -0.480774766081
v -0.400355700867 -0.268678756233 -0.480774766081
v -0.397984714501 -0.270694248039 -0.477890980993
v -0.399352185172 -0.271624386865 -0.483658551169
v -0.40105291832 -0.272781207239 -0.479947854014
v -0.396283981352 -0.269537427665 -0.481601678149
f 3133 3135 3137
f 3133 3137 3136
f 3133 3136 3138
f 3133 3138 3135
f 3134 3137 3135
f 3134 3136 3137
f 3134 3138 3136
f 3134 3135 3138
v -0.397538753893 -0.274019121637 -0.480594085474
v -0.400913255954 -0.2690579992 -0.480594085474
v -0.398625902851 -0.271130377451 -0.477683198296
v -0.399826106996 -0.271946743386 -0.483504972653
v -0.401632882873 -0.273175692883 -0.479868319788
v -0.396819126974 -0.269901427954 -0.481319851161
f 3139 3141 3143
f 3139 3143 3142
f 3139 3142 3144
f 3139 3144 3141
f 3140 3143 3141
f 3140 3142 3143
f 3140 3144 3142
f 3140 3141 3144
v -0.398101183193 -0.274401679991 -0.480437047985
v -0.401475685254 -0.269440557554 -0.480437047985
v -0.399272696547 -0.271570319558 -0.477502605183
v -0.400304171901 -0.272271917987 -0.483371490788
v -0.402214789228 -0.27357149932 -0.479813312913
v -0.397362079219 -0.270270738225 -0.481060783058
f 3145 3147 3149
f 3145 3149 3148
f 3145 3148 3150
f 3145 3150 3147
f 3146 3149 3147
f 3146 3148 3149
f 3146 3150 3148
f 3146 3147 3150
v -0.398667801473 -0.274787087644 -0.48030384494
v -0.402042303534 -0.269825965206 -0.48030384494
v -0.399924307568 -0.272013538358 -0.477349421681
v -0.400785797439 -0.272599514492 -0.483258268199
v -0.402797928423 -0.273968144321 -0.479782900407
v -0.397912176583 -0.270644908529 -0.480824789473
f 3151 3153 3155
f 3151 3155 3154
f 3151 3154 3156
f 3151 3156 3153
f 3152 3155 3153
f 3152 3154 3155
f 3152 3156 3154
f 3152 3153 3156
v -0.399237918395 -0.275174875035 -0.480194638625
v -0.402612420456 -0.270213752597 -0.480194638625
v -0.400579942028 -0.272459493858 -0.477223834419
v -0.401270396822 -0.272929133774 -0.483165442831
v -0.403381589993 -0.274365144636 -0.479777119322
v -0.398468748858 -0.271023482997 -0.480612157928
f 3157 3159 3161
f 3157 3161 3160
f 3157 3160 3162
f 3157 3162 3159
f 3158 3161 3159
f 3158 3160 3161
f 3158 3162 3160
f 3158 3159 3162
v -0.399810839359 -0.275564569706 -0.480109562093
v -0.403185341421 -0.270603447268 -0.480109562093
v -0.401238801138 -0.27290764273 -0.477125996407
v -0.401757379642 -0.273260374245 -0.483093127779
v -0.403965062835 -0.27476201658 -0.479795976703
v -0.399031117945 -0.271406000394 -0.480423147482
f 3163 3165 3167
f 3163 3167 3166
f 3163 3166 3168
f 3163 3168 3165
f 3164 3167 3165
f 3164 3166 3167
f 3164 3168 3166
f 3164 3165 3168
v -0.400385866351 -0.275955696874 -0.480048718995
v -0.403760368412 -0.270994574436 -0.480048718995
v -0.401900082178 -0.273357438973 -0.477056026844
v -0.402246152585 -0.273592832337 -0.483041411146
v -0.404547636078 -0.275158276627 -0.479839449574
v -0.399598598685 -0.271791994683 -0.480257988416
f 3169 3171 3173
f 3169 3173 3172
f 3169 3172 3174
f 3169 3174 3171
f 3170 3173 3171
f 3170 3172 3173
f 3170 3174 3172
f 3170 3171 3174
v -0.400962298787 -0.27634778001 -0.48001218346
v -0.404336800848 -0.271386657572 -0.48001218346
v -0.40256297948 -0.273808334579 -0.477014010979
v -0.402736120156 -0.273926103003 -0.483010355941
v -0.405128599946 -0.275553441994 -0.47990748497
v -0.40017049969 -0.272180995588 -0.48011688195
f 3175 3177 3179
f 3175 3179 3178
f 3175 3178 3180
f 3175 3180 3177
f 3176 3179 3177
f 3176 3178 3179
f 3176 3180 3178
f 3176 3177 3180
v -0.401539434374 -0.276740341422 -0.48
v -0.404913936435 -0.271779218984 -0.48
v -0.403226685405 -0.274259780203 -0.477
v -0.403226685405 -0.274259780203 -0.483
v -0.405707246624 -0.275947031234 -0.48
v -0.400746124186 -0.272572529172 -0.48
f 3181 3183 3185
f 3181 3185 3184
f 3181 3184 3186
f 3181 3186 3183
f 3182 3185 3183
f 3182 3184 3185
f 3182 3186 3184
f 3182 3183 3186
v -0.402116569961 -0.277132902834 -0.48001218346
v -0.405491072023 -0.272171780396 -0.48001218346
v -0.40389039133 -0.274711225827 -0.477014010979
v -0.403717250654 -0.274593457403 -0.483010355941
v -0.40628287112 -0.276338564818 -0.48011688195
v -0.401324770864 -0.272966118412 -0.47990748497
f 3187 3189 3191
f 3187 3191 3190
f 3187 3190 3192
f 3187 3192 3189
f 3188 3191 3189
f 3188 3190 3191
f 3188 3192 3190
f 3188 3189 3192
v -0.402693002398 -0.27752498597 -0.480048718995
v -0.406067504459 -0.272563863532 -0.480048718995
v -0.404553288632 -0.275162121433 -0.477056026844
v -0.404207218225 -0.274926728069 -0.483041411146
v -0.406854772125 -0.276727565723 -0.480257988416
v -0.401905734732 -0.273361283779 -0.479839449574
f 3193 3195 3197
f 3193 3197 3196
f 3193 3196 3198
f 3193 3198 3195
f 3194 3197 3195
f 3194 3196 3197
f 3194 3198 3196
f 3194 3195 3198
v -0.403268029389 -0.277916113137 -0.480109562093
v -0.40664253145 -0.2729549907 -0.480109562093
v -0.405214569672 -0.275611917676 -0.477125996407
v -0.404695991168 -0.275259186161 -0.483093127779
v -0.407422252865 -0.277113560012 -0.480423147482
v -0.402488307975 -0.273757543826 -0.479795976703
f 3199 3201 3203
f 3199 3203 3202
f 3199 3202 3204
f 3199 3204 3201
f 3200 3203 3201
f 3200 3202 3203
f 3200 3204 3202
f 3200 3201 3204
v -0.403840950354 -0.278305807808 -0.480194638625
v -0.407215452415 -0.273344685371 -0.480194638625
v -0.405873428781 -0.276060066548 -0.477223834419
v -0.405182973987 -0.275590426632 -0.483165442831
v -0.407984621952 -0.277496077409 -0.480612157928
v -0.403071780817 -0.27415441577 -0.479777119322
f 3205 3207 3209
f 3205 3209 3208
f 3205 3208 3210
f 3205 3210 3207
f 3206 3209 3207
f 3206 3208 3209
f 3206 3210 3208
f 3206 3207 3210
v -0.404411067276 -0.2786935952 -0.48030384494
v -0.407785569337 -0.273732472762 -0.48030384494
v -0.406529063242 -0.276506022048 -0.477349421681
v -0.405667573371 -0.275920045914 -0.483258268199
v -0.408541194226 -0.277874651877 -0.480824789473
v -0.403655442386 -0.274551416085 -0.479782900407
f 3211 3213 3215
f 3211 3215 3214
f 3211 3214 3216
f 3211 3216 3213
f 3212 3215 3213
f 3212 3214 3215
f 3212 3216 3214
f 3212 3213 3216
v -0.404977685555 -0.279079002852 -0.480437047985
v -0.408352187617 -0.274117880415 -0.480437047985
v -0.407180674263 -0.276949240848 -0.477502605183
v -0.406149198909 -0.276247642419 -0.483371490788
v -0.409091291591 -0.278248822181 -0.481060783058
v -0.404238581581 -0.274948061086 -0.479813312913
f 3217 3219 3221
f 3217 3221 3220
f 3217 3220 3222
f 3217 3222 3219
f 3218 3221 3219
f 3218 3220 3221
f 3218 3222 3220
f 3218 3219 3222
v -0.405540114856 -0.279461561206 -0.480594085474
v -0.408914616917 -0.274500438769 -0.480594085474
v -0.407827467958 -0.277389182955 -0.477683198296
v -0.406627263814 -0.27657281702 -0.483504972653
v -0.409634243835 -0.278618132452 -0.481319851161
v -0.404820487937 -0.275343867523 -0.479868319788
f 3223 3225 3227
f 3223 3227 3226
f 3223 3226 3228
f 3223 3228 3225
f 3224 3227 3225
f 3224 3226 3227
f 3224 3228 3226
f 3224 3225 3228
v -0.41798591734 -0.287927062041 -0.497909430735
v -0.421360419401 -0.282965939603 -0.497909430735
v -0.422140140815 -0.287124508915 -0.497595845345
v -0.417206195926 -0.283768492729 -0.498223016124
v -0.419932457623 -0.28562286658 -0.500892996421
v -0.419413879118 -0.285270135065 -0.494925865049
f 3229 3231 3233
f 3229 3233 3232
f 3229 3232 3234
f 3229 3234 3231
f 3230 3233 3231
f 3230 3232 3233
f 3230 3234 3232
f 3230 3231 3234
v -0.418036225683 -0.287961281234 -0.498604870525
v -0.421410727744 -0.283000158797 -0.498604870525
v -0.42219799541 -0.287163860987 -0.498395601104
v -0.417248958017 -0.283797579043 -0.498814139946
v -0.419896511917 -0.285598416698 -0.501597562676
v -0.41955044151 -0.285363023333 -0.495612178374
f 3235 3237 3239
f 3235 3239 3238
f 3235 3238 3240
f 3235 3240 3237
f 3236 3239 3237
f 3236 3238 3239
f 3236 3240 3238
f 3236 3237 3240
v -0.418066435227 -0.287981829441 -0.499302010066
v -0.421440937288 -0.283020707003 -0.499302010066
v -0.422232736385 -0.287187491425 -0.499197311576
v -0.417274636129 -0.283815045019 -0.499406708556
v -0.419840256595 -0.285560152434 -0.502300182547
v -0.419667115919 -0.28544238401 -0.496303837585
f 3241 3243 3245
f 3241 3245 3244
f 3241 3244 3246
f 3241 3246 3243
f 3242 3245 3243
f 3242 3244 3245
f 3242 3246 3244
f 3242 3243 3246
o local_feasible_arc
usemtl feasible_arc
g local_feasible_arc
v -0.419602822521 -0.285398652333 -0.502783462019
v -0.419512524872 -0.285337232844 -0.503472963553
v -0.419402385435 -0.285262317186 -0.504158233816
v -0.4192725384 -0.28517399663 -0.504838437912
v -0.419123141965 -0.285072378784 -0.505512747116
v -0.418954378146 -0.284957587451 -0.506180339887
v -0.418766452556 -0.284829762489 -0.506840402867
v -0.418559594153 -0.284689059631 -0.507492131868
v -0.418334054963 -0.284535650302 -0.508134732862
v -0.418090109771 -0.284369721409 -0.508767422936
v -0.417828055785 -0.28419147511 -0.509389431256
v -0.417548212279 -0.28400112857 -0.51
v -0.417250920198 -0.283798913698 -0.510598385285
v -0.416936541747 -0.283585076861 -0.511183858069
v -0.416605459948 -0.283359878586 -0.511755705046
v -0.416258078174 -0.283123593244 -0.512313229507
v -0.415894819654 -0.28287650871 -0.512855752194
v -0.415516126965 -0.282618926021 -0.513382612127
v -0.415122461484 -0.282351158999 -0.513893167409
v -0.414714302832 -0.282073533879 -0.514386796007
v -0.414292148288 -0.281786388904 -0.51486289651
v -0.413856512181 -0.281490073915 -0.515320888862
v -0.413407925269 -0.281184949928 -0.515760215072
v -0.412946934083 -0.280871388688 -0.516180339887
v -0.412474100272 -0.280549772221 -0.516580751451
v -0.411989999911 -0.280220492368 -0.516960961923
v -0.411495222801 -0.279883950305 -0.517320508076
v -0.410990371751 -0.279540556057 -0.517658951857
v -0.410476061846 -0.279190727998 -0.517975880926
v -0.409952919692 -0.278834892338 -0.518270909153
v -0.409421582658 -0.278473482608 -0.518543677091
v -0.408882698095 -0.278106939132 -0.518793852416
v -0.408336922553 -0.277735708484 -0.519021130326
v -0.407784920973 -0.277360242954 -0.519225233919
v -0.407227365886 -0.276980999987 -0.519405914526
v -0.406664936586 -0.276598441634 -0.519562952015
v -0.406098318306 -0.276213033981 -0.51969615506
v -0.405528201384 -0.27582524659 -0.519805361375
v -0.40495528042 -0.275435551919 -0.519890437907
v -0.404380253428 -0.275044424751 -0.519951281005
v -0.403803820992 -0.274652341615 -0.51998781654
v -0.403226685405 -0.274259780203 -0.52
v -0.402649549818 -0.273867218791 -0.51998781654
v -0.402073117381 -0.273475135655 -0.519951281005
v -0.40149809039 -0.273084008487 -0.519890437907
v -0.400925169425 -0.272694313816 -0.519805361375
v -0.400355052503 -0.272306526425 -0.51969615506
v -0.399788434224 -0.271921118772 -0.519562952015
v -0.399226004924 -0.271538560419 -0.519405914526
v -0.398668449836 -0.271159317452 -0.519225233919
v -0.398116448257 -0.270783851921 -0.519021130326
v -0.407784920973 -0.277360242954 -0.480774766081
v -0.408336922553 -0.277735708484 -0.480978869674
v -0.408882698095 -0.278106939132 -0.481206147584
v -0.409421582658 -0.278473482608 -0.481456322909
v -0.409952919692 -0.278834892338 -0.481729090847
v -0.410476061846 -0.279190727998 -0.482024119074
v -0.410990371751 -0.279540556057 -0.482341048143
v -0.411495222801 -0.279883950305 -0.482679491924
v -0.411989999911 -0.280220492368 -0.483039038077
v -0.412474100272 -0.280549772221 -0.483419248549
v -0.412946934083 -0.280871388688 -0.483819660113
v -0.413407925269 -0.281184949928 -0.484239784928
v -0.413856512181 -0.281490073915 -0.484679111138
v -0.414292148288 -0.281786388904 -0.48513710349
v -0.414714302832 -0.282073533879 -0.485613203993
v -0.415122461484 -0.282351158999 -0.486106832591
v -0.415516126965 -0.282618926021 -0.486617387873
v -0.415894819654 -0.28287650871 -0.487144247806
v -0.416258078174 -0.283123593244 -0.487686770493
v -0.416605459948 -0.283359878586 -0.488244294954
v -0.416936541747 -0.283585076861 -0.488816141931
v -0.417250920198 -0.283798913698 -0.489401614715
v -0.417548212279 -0.28400112857 -0.49
v -0.417828055785 -0.28419147511 -0.490610568744
v -0.418090109771 -0.284369721409 -0.491232577064
v -0.418334054963 -0.284535650302 -0.491865267138
v -0.418559594153 -0.284689059631 -0.492507868132
v -0.418766452556 -0.284829762489 -0.493159597133
v -0.418954378146 -0.284957587451 -0.493819660113
v -0.419123141965 -0.285072378784 -0.494487252884
v -0.4192725384 -0.28517399663 -0.495161562088
v -0.419402385435 -0.285262317186 -0.495841766184
v -0.419512524872 -0.285337232844 -0.496527036447
v -0.419602822521 -0.285398652333 -0.497216537981
l 3247 3248
l 3248 3249
l 3249 3250
l 3250 3251
l 3251 3252
l 3252 3253
l 3253 3254
l 3254 3255
l 3255 3256
l 3256 3257
l 3257 3258
l 3258 3259
l 3259 3260
l 3260 3261
l 3261 3262
l 3262 3263
l 3263 3264
l 3264 3265
l 3265 3266
l 3266 3267
l 3267 3268
l 3268 3269
l 3269 3270
l 3270 3271
l 3271 3272
l 3272 3273
l 3273 3274
l 3274 3275
l 3275 3276
l 3276 3277
l 3277 3278
l 3278 3279
l 3279 3280
l 3280 3281
l 3281 3282
l 3282 3283
l 3283 3284
l 3284 3285
l 3285 3286
l 3286 3287
l 3287 3288
l 3288 3289
l 3289 3290
l 3290 3291
l 3291 3292
l 3292 3293
l 3293 3294
l 3294 3295
l 3295 3296
l 3296 3297
l 3298 3299
l 3299 3300
l 3300 3301
l 3301 3302
l 3302 3303
l 3303 3304
l 3304 3305
l 3305 3306
l 3306 3307
l 3307 3308
l 3308 3309
l 3309 3310
l 3310 3311
l 3311 3312
l 3312 3313
l 3313 3314
l 3314 3315
l 3315 3316
l 3316 3317
l 3317 3318
l 3318 3319
l 3319 3320
l 3320 3321
l 3321 3322
l 3322 3323
l 3323 3324
l 3324 3325
l 3325 3326
l 3326 3327
l 3327 3328
l 3328 3329
l 3329 3330
l 3330 3331
