# FeiLunQieGe visualization export
# units: normalized
# radius: 0.01
# delta: 0.0005
# local display proxy for sampled target point 129
mtllib local_feasible_centers.mtl
o target_point_000129
usemtl target_point
g target_point
v -0.268414999 -0.103696913587 -0.298987975
v -0.272464999 -0.103696913587 -0.298987975
v -0.270439999 -0.101671913587 -0.298987975
v -0.270439999 -0.105721913587 -0.298987975
v -0.270439999 -0.103696913587 -0.296962975
v -0.270439999 -0.103696913587 -0.301012975
f 1 3 5
f 1 5 4
f 1 4 6
f 1 6 3
f 2 5 3
f 2 4 5
f 2 6 4
f 2 3 6
o feasible_candidates
usemtl feasible_marker
g feasible_candidates
v -0.270439999 -0.102196913587 -0.308487975
v -0.270439999 -0.105196913587 -0.308487975
v -0.270439999 -0.103696913587 -0.309987975
v -0.270439999 -0.103696913587 -0.306987975
v -0.271939999 -0.103696913587 -0.308487975
v -0.268939999 -0.103696913587 -0.308487975
f 7 9 11
f 7 11 10
f 7 10 12
f 7 12 9
f 8 11 9
f 8 10 11
f 8 12 10
f 8 9 12
v -0.270771544219 -0.102196913587 -0.308482187857
v -0.270771544219 -0.105196913587 -0.308482187857
v -0.270823893464 -0.103696913587 -0.309981274097
v -0.270719194974 -0.103696913587 -0.306983101616
v -0.272270630459 -0.103696913587 -0.308429838612
v -0.269272457978 -0.103696913587 -0.308534537102
f 13 15 17
f 13 17 16
f 13 16 18
f 13 18 15
f 14 17 15
f 14 16 17
f 14 18 16
f 14 15 18
v -0.271102685501 -0.102196913587 -0.308464833477
v -0.271102685501 -0.105196913587 -0.308464833477
v -0.271207320211 -0.103696913587 -0.309961179553
v -0.27099805079 -0.103696913587 -0.306968487402
v -0.272599031576 -0.103696913587 -0.308360198767
v -0.269606339425 -0.103696913587 -0.308569468188
f 19 21 23
f 19 23 22
f 19 22 24
f 19 24 21
f 20 23 21
f 20 22 23
f 20 24 22
f 20 21 24
v -0.271433019401 -0.102196913587 -0.308435933006
v -0.271433019401 -0.105196913587 -0.308435933006
v -0.271589812096 -0.103696913587 -0.309927715849
v -0.271276226706 -0.103696913587 -0.306944150163
v -0.272924802244 -0.103696913587 -0.308279140311
v -0.269941236558 -0.103696913587 -0.308592725701
f 25 27 29
f 25 29 28
f 25 28 30
f 25 30 27
f 26 29 27
f 26 28 29
f 26 30 28
f 26 27 30
v -0.271762143459 -0.102196913587 -0.308395521653
v -0.271762143459 -0.105196913587 -0.308395521653
v -0.271970903111 -0.103696913587 -0.309880923756
v -0.271553383808 -0.103696913587 -0.30691011955
v -0.273247545562 -0.103696913587 -0.308186762002
v -0.270276741356 -0.103696913587 -0.308604281304
f 31 33 35
f 31 35 34
f 31 34 36
f 31 36 33
f 32 35 33
f 32 34 35
f 32 36 34
f 32 33 36
v -0.272089656688 -0.102196913587 -0.308343648654
v -0.272089656688 -0.105196913587 -0.308343648654
v -0.272350128954 -0.103696913587 -0.309820860283
v -0.271829184421 -0.103696913587 -0.306866437024
v -0.273566868317 -0.103696913587 -0.308083176387
v -0.270612445058 -0.103696913587 -0.30860412092
f 37 39 41
f 37 41 40
f 37 40 42
f 37 42 39
f 38 41 39
f 38 40 41
f 38 42 40
f 38 39 42
v -0.272415160063 -0.102196913587 -0.308280377207
v -0.272415160063 -0.105196913587 -0.308280377207
v -0.272727027599 -0.103696913587 -0.309747598608
v -0.272103292527 -0.103696913587 -0.306813155806
v -0.273882381464 -0.103696913587 -0.307968509671
v -0.270947938662 -0.103696913587 -0.308592244743
f 43 45 47
f 43 47 46
f 43 46 48
f 43 48 45
f 44 47 45
f 44 46 47
f 44 48 46
f 44 45 48
v -0.272738257008 -0.102196913587 -0.3082057844
v -0.272738257008 -0.105196913587 -0.3082057844
v -0.273101139852 -0.103696913587 -0.309661227989
v -0.272375374165 -0.103696913587 -0.30675034081
v -0.274193700598 -0.103696913587 -0.307842901556
v -0.271282813419 -0.103696913587 -0.308568667243
f 49 51 53
f 49 53 52
f 49 52 54
f 49 54 51
f 50 53 51
f 50 52 53
f 50 54 52
f 50 51 54
v -0.27305855388 -0.102196913587 -0.308119961111
v -0.27305855388 -0.105196913587 -0.308119961111
v -0.273472009914 -0.103696913587 -0.309561853655
v -0.272645097847 -0.103696913587 -0.306678068568
v -0.274500446424 -0.103696913587 -0.307706505078
v -0.271616661336 -0.103696913587 -0.308533417145
f 55 57 59
f 55 59 58
f 55 58 60
f 55 60 57
f 56 59 57
f 56 58 59
f 56 60 58
f 56 57 60
v -0.273375660447 -0.102196913587 -0.308023011905
v -0.273375660447 -0.105196913587 -0.308023011905
v -0.273839185938 -0.103696913587 -0.309449596679
v -0.272912134955 -0.103696913587 -0.30659642713
v -0.274802245221 -0.103696913587 -0.307559486413
v -0.271949075672 -0.103696913587 -0.308486537396
f 61 63 65
f 61 65 64
f 61 64 66
f 61 66 63
f 62 65 63
f 62 64 65
f 62 66 64
f 62 63 66
v -0.273689190362 -0.102196913587 -0.307915054897
v -0.273689190362 -0.105196913587 -0.307915054897
v -0.274202220577 -0.103696913587 -0.309324593829
v -0.273176160147 -0.103696913587 -0.306505515966
v -0.275098729293 -0.103696913587 -0.307402024682
v -0.27227965143 -0.103696913587 -0.308428085112
f 67 69 71
f 67 71 70
f 67 70 72
f 67 72 69
f 68 71 69
f 68 70 71
f 68 72 70
f 68 69 72
v -0.273998761637 -0.102196913587 -0.307796221618
v -0.273998761637 -0.105196913587 -0.307796221618
v -0.274560671528 -0.103696913587 -0.3091869974
v -0.273436851747 -0.103696913587 -0.306405445837
v -0.275389537419 -0.103696913587 -0.307234311728
v -0.272607985856 -0.103696913587 -0.308358131509
f 73 75 77
f 73 77 76
f 73 76 78
f 73 78 75
f 74 77 75
f 74 76 77
f 74 78 76
f 74 75 78
v -0.274303997109 -0.102196913587 -0.307666656848
v -0.274303997109 -0.105196913587 -0.307666656848
v -0.274914102074 -0.103696913587 -0.309036975034
v -0.273693892145 -0.103696913587 -0.306296338661
v -0.275674315296 -0.103696913587 -0.307056551883
v -0.272933678923 -0.103696913587 -0.308276761812
f 79 81 83
f 79 83 82
f 79 82 84
f 79 84 81
f 80 83 81
f 80 82 83
f 80 84 82
f 80 81 84
v -0.274604524894 -0.102196913587 -0.30752651844
v -0.274604524894 -0.105196913587 -0.30752651844
v -0.275262081615 -0.103696913587 -0.308874709509
v -0.273946968174 -0.103696913587 -0.30617832737
v -0.275952715964 -0.103696913587 -0.30686896172
v -0.273256333825 -0.103696913587 -0.30818407516
f 85 87 89
f 85 89 88
f 85 88 90
f 85 90 87
f 86 89 87
f 86 88 89
f 86 90 88
f 86 87 90
v -0.274899978846 -0.102196913587 -0.307375977132
v -0.274899978846 -0.105196913587 -0.307375977132
v -0.275604186191 -0.103696913587 -0.308700398521
v -0.274195771502 -0.103696913587 -0.306051555743
v -0.276224400236 -0.103696913587 -0.306671769788
v -0.273575557457 -0.103696913587 -0.308080184476
f 91 93 95
f 91 95 94
f 91 94 96
f 91 96 93
f 92 95 93
f 92 94 95
f 92 96 94
f 92 93 96
v -0.275189999 -0.102196913587 -0.307215216336
v -0.275189999 -0.105196913587 -0.307215216336
v -0.275939999 -0.103696913587 -0.308514254442
v -0.274439999 -0.103696913587 -0.30591617823
v -0.276489037106 -0.103696913587 -0.306465216336
v -0.273890960894 -0.103696913587 -0.307965216336
f 97 99 101
f 97 101 100
f 97 100 102
f 97 102 99
f 98 101 99
f 98 100 101
f 98 102 100
f 98 99 102
v -0.27547423201 -0.102196913587 -0.307044431913
v -0.27547423201 -0.105196913587 -0.307044431913
v -0.276269110907 -0.103696913587 -0.308316504058
v -0.274679353114 -0.103696913587 -0.305772359769
v -0.276746304154 -0.103696913587 -0.306249553017
v -0.274202159866 -0.103696913587 -0.30783931081
f 103 105 107
f 103 107 106
f 103 106 108
f 103 108 105
f 104 107 105
f 104 106 107
f 104 108 106
f 104 105 108
v -0.275752331583 -0.102196913587 -0.306863831939
v -0.275752331583 -0.105196913587 -0.306863831939
v -0.276591120938 -0.103696913587 -0.308107388298
v -0.274913542228 -0.103696913587 -0.30562027558
v -0.276995887942 -0.103696913587 -0.306025042584
v -0.274508775224 -0.103696913587 -0.307702621294
f 109 111 113
f 109 113 112
f 109 112 114
f 109 114 111
f 110 113 111
f 110 112 113
f 110 114 112
f 110 111 114
v -0.276023958897 -0.102196913587 -0.306673636447
v -0.276023958897 -0.105196913587 -0.306673636447
v -0.276905636775 -0.103696913587 -0.307887161938
v -0.275142281018 -0.103696913587 -0.305460110955
v -0.277237484388 -0.103696913587 -0.305791958568
v -0.274810433405 -0.103696913587 -0.307555314325
f 115 117 119
f 115 119 118
f 115 118 120
f 115 120 117
f 116 119 117
f 116 118 119
f 116 120 118
f 116 117 120
v -0.276288783016 -0.102196913587 -0.306474077159
v -0.276288783016 -0.105196913587 -0.306474077159
v -0.277212275229 -0.103696913587 -0.30765609329
v -0.275365290803 -0.103696913587 -0.305292061029
v -0.277470799146 -0.103696913587 -0.305550584946
v -0.275106766885 -0.103696913587 -0.307397569372
f 121 123 125
f 121 125 124
f 121 124 126
f 121 126 123
f 122 125 123
f 122 124 125
f 122 126 124
f 122 123 126
v -0.276546481292 -0.102196913587 -0.30626539721
v -0.276546481292 -0.105196913587 -0.30626539721
v -0.277510662707 -0.103696913587 -0.307414463874
v -0.275582299877 -0.103696913587 -0.305116330545
v -0.277695547957 -0.103696913587 -0.305301215795
v -0.275397414627 -0.103696913587 -0.307229578624
f 127 129 131
f 127 131 130
f 127 130 132
f 127 132 129
f 128 131 129
f 128 130 131
f 128 132 130
f 128 129 132
v -0.27679673976 -0.102196913587 -0.306047850842
v -0.27679673976 -0.105196913587 -0.306047850842
v -0.27780043567 -0.103696913587 -0.30716256808
v -0.275793043851 -0.103696913587 -0.304933133604
v -0.277911456999 -0.103696913587 -0.305044154932
v -0.275682022522 -0.103696913587 -0.307051546752
f 133 135 137
f 133 137 136
f 133 136 138
f 133 138 135
f 134 137 135
f 134 136 137
f 134 138 136
f 134 135 138
v -0.277039253519 -0.102196913587 -0.305821703103
v -0.277039253519 -0.105196913587 -0.305821703103
v -0.278081241075 -0.103696913587 -0.306900712804
v -0.275997265964 -0.103696913587 -0.304742693403
v -0.27811826322 -0.103696913587 -0.304779715548
v -0.275960243819 -0.103696913587 -0.306863690659
f 139 141 143
f 139 143 142
f 139 142 144
f 139 144 141
f 140 143 141
f 140 142 143
f 140 144 142
f 140 141 144
v -0.277273727103 -0.102196913587 -0.305587229519
v -0.277273727103 -0.105196913587 -0.305587229519
v -0.278352736804 -0.103696913587 -0.306629217075
v -0.276194717403 -0.103696913587 -0.304545241964
v -0.278315714659 -0.103696913587 -0.304508219819
v -0.276231739548 -0.103696913587 -0.30666623922
f 145 147 149
f 145 149 148
f 145 148 150
f 145 150 147
f 146 149 147
f 146 148 149
f 146 150 148
f 146 147 150
v -0.277499874842 -0.102196913587 -0.30534471576
v -0.277499874842 -0.105196913587 -0.30534471576
v -0.27861459208 -0.103696913587 -0.30634841167
v -0.276385157604 -0.103696913587 -0.304341019851
v -0.278503570752 -0.103696913587 -0.304229998522
v -0.276496178932 -0.103696913587 -0.306459432999
f 151 153 155
f 151 155 154
f 151 154 156
f 151 156 153
f 152 155 153
f 152 154 155
f 152 156 154
f 152 153 156
v -0.27771742121 -0.102196913587 -0.305094457292
v -0.27771742121 -0.105196913587 -0.305094457292
v -0.278866487874 -0.103696913587 -0.306058638707
v -0.276568354545 -0.103696913587 -0.304130275877
v -0.278681602624 -0.103696913587 -0.303945390627
v -0.276753239795 -0.103696913587 -0.306243523957
f 157 159 161
f 157 161 160
f 157 160 162
f 157 162 159
f 158 161 159
f 158 160 161
f 158 162 160
f 158 159 162
v -0.277926101159 -0.102196913587 -0.304836759016
v -0.277926101159 -0.105196913587 -0.304836759016
v -0.27910811729 -0.103696913587 -0.305760251229
v -0.276744085029 -0.103696913587 -0.303913266803
v -0.278849593372 -0.103696913587 -0.303654742885
v -0.277002608946 -0.103696913587 -0.306018775146
f 163 165 167
f 163 167 166
f 163 166 168
f 163 168 165
f 164 167 165
f 164 166 167
f 164 168 166
f 164 165 168
v -0.278125660447 -0.102196913587 -0.304571934897
v -0.278125660447 -0.105196913587 -0.304571934897
v -0.279339185938 -0.103696913587 -0.305453612775
v -0.276912134955 -0.103696913587 -0.303690257018
v -0.279007338325 -0.103696913587 -0.303358409405
v -0.277243982568 -0.103696913587 -0.305785460388
f 169 171 173
f 169 173 172
f 169 172 174
f 169 174 171
f 170 173 171
f 170 172 173
f 170 174 172
f 170 171 174
v -0.278315855939 -0.102196913587 -0.304300307583
v -0.278315855939 -0.105196913587 -0.304300307583
v -0.279559412298 -0.103696913587 -0.305139096938
v -0.27707229958 -0.103696913587 -0.303461518228
v -0.279154645294 -0.103696913587 -0.303056751224
v -0.277477066584 -0.103696913587 -0.305543863942
f 175 177 179
f 175 179 178
f 175 178 180
f 175 180 177
f 176 179 177
f 176 178 179
f 176 180 178
f 176 177 180
v -0.278496455913 -0.102196913587 -0.30402220801
v -0.278496455913 -0.105196913587 -0.30402220801
v -0.279768528058 -0.103696913587 -0.304817086907
v -0.277224383769 -0.103696913587 -0.303227329114
v -0.27929133481 -0.103696913587 -0.302750135866
v -0.277701577017 -0.103696913587 -0.305294280154
f 181 183 185
f 181 185 184
f 181 184 186
f 181 186 183
f 182 185 183
f 182 184 185
f 182 186 184
f 182 183 186
v -0.278667240336 -0.102196913587 -0.303737975
v -0.278667240336 -0.105196913587 -0.303737975
v -0.279966278442 -0.103696913587 -0.304487975
v -0.27736820223 -0.103696913587 -0.302987975
v -0.279417240336 -0.103696913587 -0.302438936894
v -0.277917240336 -0.103696913587 -0.305037013106
f 187 189 191
f 187 191 190
f 187 190 192
f 187 192 189
f 188 191 189
f 188 190 191
f 188 192 190
f 188 189 192
v -0.278828001132 -0.102196913587 -0.303447954846
v -0.278828001132 -0.105196913587 -0.303447954846
v -0.280152422521 -0.103696913587 -0.304152162191
v -0.277503579743 -0.103696913587 -0.302743747502
v -0.279532208476 -0.103696913587 -0.302123533457
v -0.278123793788 -0.103696913587 -0.304772376236
f 193 195 197
f 193 197 196
f 193 196 198
f 193 198 195
f 194 197 195
f 194 196 197
f 194 198 196
f 194 195 198
v -0.27897854244 -0.102196913587 -0.303152500894
v -0.27897854244 -0.105196913587 -0.303152500894
v -0.280326733509 -0.103696913587 -0.303810057615
v -0.27763035137 -0.103696913587 -0.302494944174
v -0.27963609916 -0.103696913587 -0.301804309825
v -0.27832098572 -0.103696913587 -0.304500691964
f 199 201 203
f 199 203 202
f 199 202 204
f 199 204 201
f 200 203 201
f 200 202 203
f 200 204 202
f 200 201 204
v -0.279118680848 -0.102196913587 -0.302851973109
v -0.279118680848 -0.105196913587 -0.302851973109
v -0.280488999034 -0.103696913587 -0.303462078074
v -0.277748362661 -0.103696913587 -0.302241868145
v -0.279728785812 -0.103696913587 -0.301481654923
v -0.278508575883 -0.103696913587 -0.304222291296
f 205 207 209
f 205 209 208
f 205 208 210
f 205 210 207
f 206 209 207
f 206 208 209
f 206 210 208
f 206 207 210
v -0.279248245618 -0.102196913587 -0.302546737637
v -0.279248245618 -0.105196913587 -0.302546737637
v -0.2806390214 -0.103696913587 -0.303108647528
v -0.277857469837 -0.103696913587 -0.301984827747
v -0.279810155509 -0.103696913587 -0.301155961856
v -0.278686335728 -0.103696913587 -0.303937513419
f 211 213 215
f 211 215 214
f 211 214 216
f 211 216 213
f 212 215 213
f 212 214 215
f 212 216 214
f 212 213 216
v -0.279367078897 -0.102196913587 -0.302237166362
v -0.279367078897 -0.105196913587 -0.302237166362
v -0.280776617829 -0.103696913587 -0.302750196577
v -0.277957539966 -0.103696913587 -0.301724136147
v -0.279880109112 -0.103696913587 -0.30082762743
v -0.278854048682 -0.103696913587 -0.303646705293
f 217 219 221
f 217 221 220
f 217 220 222
f 217 222 219
f 218 221 219
f 218 220 221
f 218 222 220
f 218 219 222
v -0.279475035905 -0.102196913587 -0.301923636447
v -0.279475035905 -0.105196913587 -0.301923636447
v -0.280901620679 -0.103696913587 -0.302387161938
v -0.27804845113 -0.103696913587 -0.301460110955
v -0.279938561396 -0.103696913587 -0.300497051672
v -0.279011510413 -0.103696913587 -0.303350221221
f 223 225 227
f 223 227 226
f 223 226 228
f 223 228 225
f 224 227 225
f 224 226 227
f 224 228 226
f 224 225 228
v -0.279571985111 -0.102196913587 -0.30160652988
v -0.279571985111 -0.105196913587 -0.30160652988
v -0.281013877655 -0.103696913587 -0.302019985914
v -0.278130092568 -0.103696913587 -0.301193073847
v -0.279985441145 -0.103696913587 -0.300164637336
v -0.279158529078 -0.103696913587 -0.303048422424
f 229 231 233
f 229 233 232
f 229 232 234
f 229 234 231
f 230 233 231
f 230 232 233
f 230 234 232
f 230 231 234
v -0.2796578084 -0.102196913587 -0.301286233008
v -0.2796578084 -0.105196913587 -0.301286233008
v -0.281113251989 -0.103696913587 -0.301649115852
v -0.27820236481 -0.103696913587 -0.300923350165
v -0.280020691243 -0.103696913587 -0.299830789419
v -0.279294925556 -0.103696913587 -0.302741676598
f 235 237 239
f 235 239 238
f 235 238 240
f 235 240 237
f 236 239 237
f 236 238 239
f 236 240 238
f 236 237 240
v -0.279732401207 -0.102196913587 -0.300963136063
v -0.279732401207 -0.105196913587 -0.300963136063
v -0.281199622608 -0.103696913587 -0.301275003599
v -0.278265179806 -0.103696913587 -0.300651268527
v -0.280044268743 -0.103696913587 -0.299495914662
v -0.279420533671 -0.103696913587 -0.302430357464
f 241 243 245
f 241 245 244
f 241 244 246
f 241 246 243
f 242 245 243
f 242 244 245
f 242 246 244
f 242 243 246
v -0.279795672654 -0.102196913587 -0.300637632688
v -0.279795672654 -0.105196913587 -0.300637632688
v -0.281272884283 -0.103696913587 -0.300898104954
v -0.278318461024 -0.103696913587 -0.300377160421
v -0.28005614492 -0.103696913587 -0.299160421058
v -0.279535200387 -0.103696913587 -0.302114844317
f 247 249 251
f 247 251 250
f 247 250 252
f 247 252 249
f 248 251 249
f 248 250 251
f 248 252 250
f 248 249 252
v -0.279847545653 -0.102196913587 -0.300310119459
v -0.279847545653 -0.105196913587 -0.300310119459
v -0.281332947756 -0.103696913587 -0.300518879111
v -0.27836214355 -0.103696913587 -0.300101359808
v -0.280056305304 -0.103696913587 -0.298824717356
v -0.279638786002 -0.103696913587 -0.301795521562
f 253 255 257
f 253 257 256
f 253 256 258
f 253 258 255
f 254 257 255
f 254 256 257
f 254 258 256
f 254 255 258
v -0.279887957006 -0.102196913587 -0.299980995401
v -0.279887957006 -0.105196913587 -0.299980995401
v -0.281379739849 -0.103696913587 -0.300137788096
v -0.278396174163 -0.103696913587 -0.299824202706
v -0.280044749701 -0.103696913587 -0.298489212558
v -0.279731164311 -0.103696913587 -0.301472778244
f 259 261 263
f 259 263 262
f 259 262 264
f 259 264 261
f 260 263 261
f 260 262 263
f 260 264 262
f 260 261 264
v -0.279916857477 -0.102196913587 -0.299650661501
v -0.279916857477 -0.105196913587 -0.299650661501
v -0.281413203553 -0.103696913587 -0.299755296211
v -0.278420511402 -0.103696913587 -0.29954602679
v -0.280021492188 -0.103696913587 -0.298154315425
v -0.279812222767 -0.103696913587 -0.301147007576
f 265 267 269
f 265 269 268
f 265 268 270
f 265 270 267
f 266 269 267
f 266 268 269
f 266 270 268
f 266 267 270
v -0.279934211857 -0.102196913587 -0.299319520219
v -0.279934211857 -0.105196913587 -0.299319520219
v -0.281433298097 -0.103696913587 -0.299371869464
v -0.278435125616 -0.103696913587 -0.299267170974
v -0.279986561102 -0.103696913587 -0.297820433978
v -0.279881862612 -0.103696913587 -0.300818606459
f 271 273 275
f 271 275 274
f 271 274 276
f 271 276 273
f 272 275 273
f 272 274 275
f 272 276 274
f 272 273 276
v -0.279939999 -0.102196913587 -0.298987975
v -0.279939999 -0.105196913587 -0.298987975
v -0.281439999 -0.103696913587 -0.298987975
v -0.278439999 -0.103696913587 -0.298987975
v -0.279939999 -0.103696913587 -0.297487975
v -0.279939999 -0.103696913587 -0.300487975
f 277 279 281
f 277 281 280
f 277 280 282
f 277 282 279
f 278 281 279
f 278 280 281
f 278 282 280
f 278 279 282
v -0.279934211857 -0.102196913587 -0.298656429781
v -0.279934211857 -0.105196913587 -0.298656429781
v -0.281433298097 -0.103696913587 -0.298604080536
v -0.278435125616 -0.103696913587 -0.298708779026
v -0.279881862612 -0.103696913587 -0.297157343541
v -0.279986561102 -0.103696913587 -0.300155516022
f 283 285 287
f 283 287 286
f 283 286 288
f 283 288 285
f 284 287 285
f 284 286 287
f 284 288 286
f 284 285 288
v -0.279916857477 -0.102196913587 -0.298325288499
v -0.279916857477 -0.105196913587 -0.298325288499
v -0.281413203553 -0.103696913587 -0.298220653789
v -0.278420511402 -0.103696913587 -0.29842992321
v -0.279812222767 -0.103696913587 -0.296828942424
v -0.280021492188 -0.103696913587 -0.299821634575
f 289 291 293
f 289 293 292
f 289 292 294
f 289 294 291
f 290 293 291
f 290 292 293
f 290 294 292
f 290 291 294
v -0.279887957006 -0.102196913587 -0.297994954599
v -0.279887957006 -0.105196913587 -0.297994954599
v -0.281379739849 -0.103696913587 -0.297838161904
v -0.278396174163 -0.103696913587 -0.298151747294
v -0.279731164311 -0.103696913587 -0.296503171756
v -0.280044749701 -0.103696913587 -0.299486737442
f 295 297 299
f 295 299 298
f 295 298 300
f 295 300 297
f 296 299 297
f 296 298 299
f 296 300 298
f 296 297 300
v -0.279847545653 -0.102196913587 -0.297665830541
v -0.279847545653 -0.105196913587 -0.297665830541
v -0.281332947756 -0.103696913587 -0.297457070889
v -0.27836214355 -0.103696913587 -0.297874590192
v -0.279638786002 -0.103696913587 -0.296180428438
v -0.280056305304 -0.103696913587 -0.299151232644
f 301 303 305
f 301 305 304
f 301 304 306
f 301 306 303
f 302 305 303
f 302 304 305
f 302 306 304
f 302 303 306
v -0.279795672654 -0.102196913587 -0.297338317312
v -0.279795672654 -0.105196913587 -0.297338317312
v -0.281272884283 -0.103696913587 -0.297077845046
v -0.278318461024 -0.103696913587 -0.297598789579
v -0.279535200387 -0.103696913587 -0.295861105683
v -0.28005614492 -0.103696913587 -0.298815528942
f 307 309 311
f 307 311 310
f 307 310 312
f 307 312 309
f 308 311 309
f 308 310 311
f 308 312 310
f 308 309 312
v -0.279732401207 -0.102196913587 -0.297012813937
v -0.279732401207 -0.105196913587 -0.297012813937
v -0.281199622608 -0.103696913587 -0.296700946401
v -0.278265179806 -0.103696913587 -0.297324681473
v -0.279420533671 -0.103696913587 -0.295545592536
v -0.280044268743 -0.103696913587 -0.298480035338
f 313 315 317
f 313 317 316
f 313 316 318
f 313 318 315
f 314 317 315
f 314 316 317
f 314 318 316
f 314 315 318
v -0.2796578084 -0.102196913587 -0.296689716992
v -0.2796578084 -0.105196913587 -0.296689716992
v -0.281113251989 -0.103696913587 -0.296326834148
v -0.27820236481 -0.103696913587 -0.297052599835
v -0.279294925556 -0.103696913587 -0.295234273402
v -0.280020691243 -0.103696913587 -0.298145160581
f 319 321 323
f 319 323 322
f 319 322 324
f 319 324 321
f 320 323 321
f 320 322 323
f 320 324 322
f 320 321 324
v -0.279571985111 -0.102196913587 -0.29636942012
v -0.279571985111 -0.105196913587 -0.29636942012
v -0.281013877655 -0.103696913587 -0.295955964086
v -0.278130092568 -0.103696913587 -0.296782876153
v -0.279158529078 -0.103696913587 -0.294927527576
v -0.279985441145 -0.103696913587 -0.297811312664
f 325 327 329
f 325 329 328
f 325 328 330
f 325 330 327
f 326 329 327
f 326 328 329
f 326 330 328
f 326 327 330
v -0.279475035905 -0.102196913587 -0.296052313553
v -0.279475035905 -0.105196913587 -0.296052313553
v -0.280901620679 -0.103696913587 -0.295588788062
v -0.27804845113 -0.103696913587 -0.296515839045
v -0.279011510413 -0.103696913587 -0.294625728779
v -0.279938561396 -0.103696913587 -0.297478898328
f 331 333 335
f 331 335 334
f 331 334 336
f 331 336 333
f 332 335 333
f 332 334 335
f 332 336 334
f 332 333 336
v -0.279367078897 -0.102196913587 -0.295738783638
v -0.279367078897 -0.105196913587 -0.295738783638
v -0.280776617829 -0.103696913587 -0.295225753423
v -0.277957539966 -0.103696913587 -0.296251813853
v -0.278854048682 -0.103696913587 -0.294329244707
v -0.279880109112 -0.103696913587 -0.29714832257
f 337 339 341
f 337 341 340
f 337 340 342
f 337 342 339
f 338 341 339
f 338 340 341
f 338 342 340
f 338 339 342
v -0.279248245618 -0.102196913587 -0.295429212363
v -0.279248245618 -0.105196913587 -0.295429212363
v -0.2806390214 -0.103696913587 -0.294867302472
v -0.277857469837 -0.103696913587 -0.295991122253
v -0.278686335728 -0.103696913587 -0.294038436581
v -0.279810155509 -0.103696913587 -0.296819988144
f 343 345 347
f 343 347 346
f 343 346 348
f 343 348 345
f 344 347 345
f 344 346 347
f 344 348 346
f 344 345 348
v -0.279118680848 -0.102196913587 -0.295123976891
v -0.279118680848 -0.105196913587 -0.295123976891
v -0.280488999034 -0.103696913587 -0.294513871926
v -0.277748362661 -0.103696913587 -0.295734081855
v -0.278508575883 -0.103696913587 -0.293753658704
v -0.279728785812 -0.103696913587 -0.296494295077
f 349 351 353
f 349 353 352
f 349 352 354
f 349 354 351
f 350 353 351
f 350 352 353
f 350 354 352
f 350 351 354
v -0.27897854244 -0.102196913587 -0.294823449106
v -0.27897854244 -0.105196913587 -0.294823449106
v -0.280326733509 -0.103696913587 -0.294165892385
v -0.27763035137 -0.103696913587 -0.295481005826
v -0.27832098572 -0.103696913587 -0.293475258036
v -0.27963609916 -0.103696913587 -0.296171640175
f 355 357 359
f 355 359 358
f 355 358 360
f 355 360 357
f 356 359 357
f 356 358 359
f 356 360 358
f 356 357 360
v -0.278828001132 -0.102196913587 -0.294527995154
v -0.278828001132 -0.105196913587 -0.294527995154
v -0.280152422521 -0.103696913587 -0.293823787809
v -0.277503579743 -0.103696913587 -0.295232202498
v -0.278123793788 -0.103696913587 -0.293203573764
v -0.279532208476 -0.103696913587 -0.295852416543
f 361 363 365
f 361 365 364
f 361 364 366
f 361 366 363
f 362 365 363
f 362 364 365
f 362 366 364
f 362 363 366
v -0.278667240336 -0.102196913587 -0.294237975
v -0.278667240336 -0.105196913587 -0.294237975
v -0.279966278442 -0.103696913587 -0.293487975
v -0.27736820223 -0.103696913587 -0.294987975
v -0.277917240336 -0.103696913587 -0.292938936894
v -0.279417240336 -0.103696913587 -0.295537013106
f 367 369 371
f 367 371 370
f 367 370 372
f 367 372 369
f 368 371 369
f 368 370 371
f 368 372 370
f 368 369 372
v -0.278496455913 -0.102196913587 -0.29395374199
v -0.278496455913 -0.105196913587 -0.29395374199
v -0.279768528058 -0.103696913587 -0.293158863093
v -0.277224383769 -0.103696913587 -0.294748620886
v -0.277701577017 -0.103696913587 -0.292681669846
v -0.27929133481 -0.103696913587 -0.295225814134
f 373 375 377
f 373 377 376
f 373 376 378
f 373 378 375
f 374 377 375
f 374 376 377
f 374 378 376
f 374 375 378
v -0.278315855939 -0.102196913587 -0.293675642417
v -0.278315855939 -0.105196913587 -0.293675642417
v -0.279559412298 -0.103696913587 -0.292836853062
v -0.27707229958 -0.103696913587 -0.294514431772
v -0.277477066584 -0.103696913587 -0.292432086058
v -0.279154645294 -0.103696913587 -0.294919198776
f 379 381 383
f 379 383 382
f 379 382 384
f 379 384 381
f 380 383 381
f 380 382 383
f 380 384 382
f 380 381 384
v -0.278125660447 -0.102196913587 -0.293404015103
v -0.278125660447 -0.105196913587 -0.293404015103
v -0.279339185938 -0.103696913587 -0.292522337225
v -0.276912134955 -0.103696913587 -0.294285692982
v -0.277243982568 -0.103696913587 -0.292190489612
v -0.279007338325 -0.103696913587 -0.294617540595
f 385 387 389
f 385 389 388
f 385 388 390
f 385 390 387
f 386 389 387
f 386 388 389
f 386 390 388
f 386 387 390
v -0.262754337553 -0.102196913587 -0.293404015103
v -0.262754337553 -0.105196913587 -0.293404015103
v -0.261540812062 -0.103696913587 -0.292522337225
v -0.263967863045 -0.103696913587 -0.294285692982
v -0.261872659675 -0.103696913587 -0.294617540595
v -0.263636015432 -0.103696913587 -0.292190489612
f 391 393 395
f 391 395 394
f 391 394 396
f 391 396 393
f 392 395 393
f 392 394 395
f 392 396 394
f 392 393 396
v -0.262754337553 -0.102196913587 -0.304571934897
v -0.262754337553 -0.105196913587 -0.304571934897
v -0.261540812062 -0.103696913587 -0.305453612775
v -0.263967863045 -0.103696913587 -0.303690257018
v -0.263636015432 -0.103696913587 -0.305785460388
v -0.261872659675 -0.103696913587 -0.303358409405
f 397 399 401
f 397 401 400
f 397 400 402
f 397 402 399
f 398 401 399
f 398 400 401
f 398 402 400
f 398 399 402
v -0.262953896841 -0.102196913587 -0.304836759016
v -0.262953896841 -0.105196913587 -0.304836759016
v -0.26177188071 -0.103696913587 -0.305760251229
v -0.264135912971 -0.103696913587 -0.303913266803
v -0.263877389054 -0.103696913587 -0.306018775146
v -0.262030404628 -0.103696913587 -0.303654742885
f 403 405 407
f 403 407 406
f 403 406 408
f 403 408 405
f 404 407 405
f 404 406 407
f 404 408 406
f 404 405 408
v -0.26316257679 -0.102196913587 -0.305094457292
v -0.26316257679 -0.105196913587 -0.305094457292
v -0.262013510126 -0.103696913587 -0.306058638707
v -0.264311643455 -0.103696913587 -0.304130275877
v -0.264126758205 -0.103696913587 -0.306243523957
v -0.262198395376 -0.103696913587 -0.303945390627
f 409 411 413
f 409 413 412
f 409 412 414
f 409 414 411
f 410 413 411
f 410 412 413
f 410 414 412
f 410 411 414
v -0.263380123158 -0.102196913587 -0.30534471576
v -0.263380123158 -0.105196913587 -0.30534471576
v -0.26226540592 -0.103696913587 -0.30634841167
v -0.264494840396 -0.103696913587 -0.304341019851
v -0.264383819068 -0.103696913587 -0.306459432999
v -0.262376427248 -0.103696913587 -0.304229998522
f 415 417 419
f 415 419 418
f 415 418 420
f 415 420 417
f 416 419 417
f 416 418 419
f 416 420 418
f 416 417 420
v -0.263606270897 -0.102196913587 -0.305587229519
v -0.263606270897 -0.105196913587 -0.305587229519
v -0.262527261196 -0.103696913587 -0.306629217075
v -0.264685280597 -0.103696913587 -0.304545241964
v -0.264648258452 -0.103696913587 -0.30666623922
v -0.262564283341 -0.103696913587 -0.304508219819
f 421 423 425
f 421 425 424
f 421 424 426
f 421 426 423
f 422 425 423
f 422 424 425
f 422 426 424
f 422 423 426
v -0.263840744481 -0.102196913587 -0.305821703103
v -0.263840744481 -0.105196913587 -0.305821703103
v -0.262798756925 -0.103696913587 -0.306900712804
v -0.264882732036 -0.103696913587 -0.304742693403
v -0.264919754181 -0.103696913587 -0.306863690659
v -0.26276173478 -0.103696913587 -0.304779715548
f 427 429 431
f 427 431 430
f 427 430 432
f 427 432 429
f 428 431 429
f 428 430 431
f 428 432 430
f 428 429 432
v -0.26408325824 -0.102196913587 -0.306047850842
v -0.26408325824 -0.105196913587 -0.306047850842
v -0.26307956233 -0.103696913587 -0.30716256808
v -0.265086954149 -0.103696913587 -0.304933133604
v -0.265197975478 -0.103696913587 -0.307051546752
v -0.262968541001 -0.103696913587 -0.305044154932
f 433 435 437
f 433 437 436
f 433 436 438
f 433 438 435
f 434 437 435
f 434 436 437
f 434 438 436
f 434 435 438
v -0.264333516708 -0.102196913587 -0.30626539721
v -0.264333516708 -0.105196913587 -0.30626539721
v -0.263369335293 -0.103696913587 -0.307414463874
v -0.265297698123 -0.103696913587 -0.305116330545
v -0.265482583373 -0.103696913587 -0.307229578624
v -0.263184450043 -0.103696913587 -0.305301215795
f 439 441 443
f 439 443 442
f 439 442 444
f 439 444 441
f 440 443 441
f 440 442 443
f 440 444 442
f 440 441 444
v -0.264591214984 -0.102196913587 -0.306474077159
v -0.264591214984 -0.105196913587 -0.306474077159
v -0.263667722771 -0.103696913587 -0.30765609329
v -0.265514707197 -0.103696913587 -0.305292061029
v -0.265773231115 -0.103696913587 -0.307397569372
v -0.263409198854 -0.103696913587 -0.305550584946
f 445 447 449
f 445 449 448
f 445 448 450
f 445 450 447
f 446 449 447
f 446 448 449
f 446 450 448
f 446 447 450
v -0.264856039103 -0.102196913587 -0.306673636447
v -0.264856039103 -0.105196913587 -0.306673636447
v -0.263974361225 -0.103696913587 -0.307887161938
v -0.265737716982 -0.103696913587 -0.305460110955
v -0.266069564595 -0.103696913587 -0.307555314325
v -0.263642513612 -0.103696913587 -0.305791958568
f 451 453 455
f 451 455 454
f 451 454 456
f 451 456 453
f 452 455 453
f 452 454 455
f 452 456 454
f 452 453 456
v -0.265127666417 -0.102196913587 -0.306863831939
v -0.265127666417 -0.105196913587 -0.306863831939
v -0.264288877062 -0.103696913587 -0.308107388298
v -0.265966455772 -0.103696913587 -0.30562027558
v -0.266371222776 -0.103696913587 -0.307702621294
v -0.263884110058 -0.103696913587 -0.306025042584
f 457 459 461
f 457 461 460
f 457 460 462
f 457 462 459
f 458 461 459
f 458 460 461
f 458 462 460
f 458 459 462
v -0.26540576599 -0.102196913587 -0.307044431913
v -0.26540576599 -0.105196913587 -0.307044431913
v -0.264610887093 -0.103696913587 -0.308316504058
v -0.266200644886 -0.103696913587 -0.305772359769
v -0.266677838134 -0.103696913587 -0.30783931081
v -0.264133693846 -0.103696913587 -0.306249553017
f 463 465 467
f 463 467 466
f 463 466 468
f 463 468 465
f 464 467 465
f 464 466 467
f 464 468 466
f 464 465 468
v -0.265689999 -0.102196913587 -0.307215216336
v -0.265689999 -0.105196913587 -0.307215216336
v -0.264939999 -0.103696913587 -0.308514254442
v -0.266439999 -0.103696913587 -0.30591617823
v -0.266989037106 -0.103696913587 -0.307965216336
v -0.264390960894 -0.103696913587 -0.306465216336
f 469 471 473
f 469 473 472
f 469 472 474
f 469 474 471
f 470 473 471
f 470 472 473
f 470 474 472
f 470 471 474
v -0.265980019154 -0.102196913587 -0.307375977132
v -0.265980019154 -0.105196913587 -0.307375977132
v -0.265275811809 -0.103696913587 -0.308700398521
v -0.266684226498 -0.103696913587 -0.306051555743
v -0.267304440543 -0.103696913587 -0.308080184476
v -0.264655597764 -0.103696913587 -0.306671769788
f 475 477 479
f 475 479 478
f 475 478 480
f 475 480 477
f 476 479 477
f 476 478 479
f 476 480 478
f 476 477 480
v -0.266275473106 -0.102196913587 -0.30752651844
v -0.266275473106 -0.105196913587 -0.30752651844
v -0.265617916385 -0.103696913587 -0.308874709509
v -0.266933029826 -0.103696913587 -0.30617832737
v -0.267623664175 -0.103696913587 -0.30818407516
v -0.264927282036 -0.103696913587 -0.30686896172
f 481 483 485
f 481 485 484
f 481 484 486
f 481 486 483
f 482 485 483
f 482 484 485
f 482 486 484
f 482 483 486
v -0.266576000891 -0.102196913587 -0.307666656848
v -0.266576000891 -0.105196913587 -0.307666656848
v -0.265965895926 -0.103696913587 -0.309036975034
v -0.267186105855 -0.103696913587 -0.306296338661
v -0.267946319077 -0.103696913587 -0.308276761812
v -0.265205682704 -0.103696913587 -0.307056551883
f 487 489 491
f 487 491 490
f 487 490 492
f 487 492 489
f 488 491 489
f 488 490 491
f 488 492 490
f 488 489 492
v -0.266881236363 -0.102196913587 -0.307796221618
v -0.266881236363 -0.105196913587 -0.307796221618
v -0.266319326472 -0.103696913587 -0.3091869974
v -0.267443146253 -0.103696913587 -0.306405445837
v -0.268272012144 -0.103696913587 -0.308358131509
v -0.265490460581 -0.103696913587 -0.307234311728
f 493 495 497
f 493 497 496
f 493 496 498
f 493 498 495
f 494 497 495
f 494 496 497
f 494 498 496
f 494 495 498
v -0.267190807638 -0.102196913587 -0.307915054897
v -0.267190807638 -0.105196913587 -0.307915054897
v -0.266677777423 -0.103696913587 -0.309324593829
v -0.267703837853 -0.103696913587 -0.306505515966
v -0.26860034657 -0.103696913587 -0.308428085112
v -0.265781268707 -0.103696913587 -0.307402024682
f 499 501 503
f 499 503 502
f 499 502 504
f 499 504 501
f 500 503 501
f 500 502 503
f 500 504 502
f 500 501 504
v -0.267504337553 -0.102196913587 -0.308023011905
v -0.267504337553 -0.105196913587 -0.308023011905
v -0.267040812062 -0.103696913587 -0.309449596679
v -0.267967863045 -0.103696913587 -0.30659642713
v -0.268930922328 -0.103696913587 -0.308486537396
v -0.266077752779 -0.103696913587 -0.307559486413
f 505 507 509
f 505 509 508
f 505 508 510
f 505 510 507
f 506 509 507
f 506 508 509
f 506 510 508
f 506 507 510
v -0.26782144412 -0.102196913587 -0.308119961111
v -0.26782144412 -0.105196913587 -0.308119961111
v -0.267407988086 -0.103696913587 -0.309561853655
v -0.268234900153 -0.103696913587 -0.306678068568
v -0.269263336664 -0.103696913587 -0.308533417145
v -0.266379551576 -0.103696913587 -0.307706505078
f 511 513 515
f 511 515 514
f 511 514 516
f 511 516 513
f 512 515 513
f 512 514 515
f 512 516 514
f 512 513 516
v -0.268141740992 -0.102196913587 -0.3082057844
v -0.268141740992 -0.105196913587 -0.3082057844
v -0.267778858148 -0.103696913587 -0.309661227989
v -0.268504623835 -0.103696913587 -0.30675034081
v -0.269597184581 -0.103696913587 -0.308568667243
v -0.266686297402 -0.103696913587 -0.307842901556
f 517 519 521
f 517 521 520
f 517 520 522
f 517 522 519
f 518 521 519
f 518 520 521
f 518 522 520
f 518 519 522
v -0.268464837937 -0.102196913587 -0.308280377207
v -0.268464837937 -0.105196913587 -0.308280377207
v -0.268152970401 -0.103696913587 -0.309747598608
v -0.268776705473 -0.103696913587 -0.306813155806
v -0.269932059338 -0.103696913587 -0.308592244743
v -0.266997616536 -0.103696913587 -0.307968509671
f 523 525 527
f 523 527 526
f 523 526 528
f 523 528 525
f 524 527 525
f 524 526 527
f 524 528 526
f 524 525 528
v -0.268790341312 -0.102196913587 -0.308343648654
v -0.268790341312 -0.105196913587 -0.308343648654
v -0.268529869046 -0.103696913587 -0.309820860283
v -0.269050813579 -0.103696913587 -0.306866437024
v -0.270267552942 -0.103696913587 -0.30860412092
v -0.267313129683 -0.103696913587 -0.308083176387
f 529 531 533
f 529 533 532
f 529 532 534
f 529 534 531
f 530 533 531
f 530 532 533
f 530 534 532
f 530 531 534
v -0.269117854541 -0.102196913587 -0.308395521653
v -0.269117854541 -0.105196913587 -0.308395521653
v -0.268909094889 -0.103696913587 -0.309880923756
v -0.269326614192 -0.103696913587 -0.30691011955
v -0.270603256644 -0.103696913587 -0.308604281304
v -0.267632452438 -0.103696913587 -0.308186762002
f 535 537 539
f 535 539 538
f 535 538 540
f 535 540 537
f 536 539 537
f 536 538 539
f 536 540 538
f 536 537 540
v -0.269446978599 -0.102196913587 -0.308435933006
v -0.269446978599 -0.105196913587 -0.308435933006
v -0.269290185904 -0.103696913587 -0.309927715849
v -0.269603771294 -0.103696913587 -0.306944150163
v -0.270938761442 -0.103696913587 -0.308592725701
v -0.267955195756 -0.103696913587 -0.308279140311
f 541 543 545
f 541 545 544
f 541 544 546
f 541 546 543
f 542 545 543
f 542 544 545
f 542 546 544
f 542 543 546
v -0.269777312499 -0.102196913587 -0.308464833477
v -0.269777312499 -0.105196913587 -0.308464833477
v -0.269672677789 -0.103696913587 -0.309961179553
v -0.26988194721 -0.103696913587 -0.306968487402
v -0.271273658575 -0.103696913587 -0.308569468188
v -0.268280966424 -0.103696913587 -0.308360198767
f 547 549 551
f 547 551 550
f 547 550 552
f 547 552 549
f 548 551 549
f 548 550 551
f 548 552 550
f 548 549 552
v -0.270108453781 -0.102196913587 -0.308482187857
v -0.270108453781 -0.105196913587 -0.308482187857
v -0.270056104536 -0.103696913587 -0.309981274097
v -0.270160803026 -0.103696913587 -0.306983101616
v -0.271607540022 -0.103696913587 -0.308534537102
v -0.268609367541 -0.103696913587 -0.308429838612
f 553 555 557
f 553 557 556
f 553 556 558
f 553 558 555
f 554 557 555
f 554 556 557
f 554 558 556
f 554 555 558
v -0.270439999 -0.102196913587 -0.308737975
v -0.270439999 -0.105196913587 -0.308737975
v -0.270439999 -0.103696913587 -0.310237975
v -0.270439999 -0.103696913587 -0.307237975
v -0.271939999 -0.103696913587 -0.308737975
v -0.268939999 -0.103696913587 -0.308737975
f 559 561 563
f 559 563 562
f 559 562 564
f 559 564 561
f 560 563 561
f 560 562 563
f 560 564 562
f 560 561 564
v -0.270780269093 -0.102196913587 -0.308732035563
v -0.270780269093 -0.105196913587 -0.308732035563
v -0.270832618338 -0.103696913587 -0.310231121804
v -0.270727919848 -0.103696913587 -0.307232949323
v -0.272279355333 -0.103696913587 -0.308679686318
v -0.269281182852 -0.103696913587 -0.308784384808
f 565 567 569
f 565 569 568
f 565 568 570
f 565 570 567
f 566 569 567
f 566 568 569
f 566 570 568
f 566 567 570
v -0.271120124619 -0.102196913587 -0.30871422449
v -0.271120124619 -0.105196913587 -0.30871422449
v -0.27122475933 -0.103696913587 -0.310210570565
v -0.271015489908 -0.103696913587 -0.307217878415
v -0.272616470694 -0.103696913587 -0.308609589779
v -0.269623778544 -0.103696913587 -0.308818859201
f 571 573 575
f 571 575 574
f 571 574 576
f 571 576 573
f 572 575 573
f 572 574 575
f 572 576 574
f 572 573 576
v -0.271459151517 -0.102196913587 -0.30868456348
v -0.271459151517 -0.105196913587 -0.30868456348
v -0.271615944212 -0.103696913587 -0.310176346323
v -0.271302358822 -0.103696913587 -0.307192780637
v -0.27295093436 -0.103696913587 -0.308527770785
v -0.269967368674 -0.103696913587 -0.308841356175
f 577 579 581
f 577 581 580
f 577 580 582
f 577 582 579
f 578 581 579
f 578 580 581
f 578 582 580
f 578 579 582
v -0.271796936734 -0.102196913587 -0.30864308867
v -0.271796936734 -0.105196913587 -0.30864308867
v -0.272005696386 -0.103696913587 -0.310128490773
v -0.271588177083 -0.103696913587 -0.307157686567
v -0.273282338837 -0.103696913587 -0.308434329019
v -0.270311534631 -0.103696913587 -0.308851848322
f 583 585 587
f 583 587 586
f 583 586 588
f 583 588 585
f 584 587 585
f 584 586 587
f 584 588 586
f 584 585 588
v -0.272133068732 -0.102196913587 -0.308589850592
v -0.272133068732 -0.105196913587 -0.308589850592
v -0.272393540999 -0.103696913587 -0.310067062221
v -0.271872596466 -0.103696913587 -0.307112638962
v -0.273610280362 -0.103696913587 -0.308329378325
v -0.270655857103 -0.103696913587 -0.308850322858
f 589 591 593
f 589 593 592
f 589 592 594
f 589 594 591
f 590 593 591
f 590 592 593
f 590 594 592
f 590 591 594
v -0.272467137985 -0.102196913587 -0.308524914107
v -0.272467137985 -0.105196913587 -0.308524914107
v -0.272779005522 -0.103696913587 -0.309992135508
v -0.272155270449 -0.103696913587 -0.307057692706
v -0.273934359387 -0.103696913587 -0.308213046571
v -0.270999916584 -0.103696913587 -0.308836781643
f 595 597 599
f 595 599 598
f 595 598 600
f 595 600 597
f 596 599 597
f 596 598 599
f 596 600 598
f 596 597 600
v -0.272798737482 -0.102196913587 -0.308448358331
v -0.272798737482 -0.105196913587 -0.308448358331
v -0.273161620325 -0.103696913587 -0.309903801921
v -0.272435854639 -0.103696913587 -0.306992914742
v -0.274254181072 -0.103696913587 -0.308085475488
v -0.271343293893 -0.103696913587 -0.308811241175
f 601 603 605
f 601 605 604
f 601 604 606
f 601 606 603
f 602 605 603
f 602 604 605
f 602 606 604
f 602 603 606
v -0.273127463219 -0.102196913587 -0.308360276535
v -0.273127463219 -0.105196913587 -0.308360276535
v -0.273540919253 -0.103696913587 -0.309802169079
v -0.272714007185 -0.103696913587 -0.306918383991
v -0.274569355763 -0.103696913587 -0.307946820502
v -0.271685570675 -0.103696913587 -0.308773732569
f 607 609 611
f 607 611 610
f 607 610 612
f 607 612 609
f 608 611 609
f 608 610 611
f 608 612 610
f 608 609 612
v -0.273452914695 -0.102196913587 -0.308260776034
v -0.273452914695 -0.105196913587 -0.308260776034
v -0.273916440187 -0.103696913587 -0.309687360808
v -0.272989389204 -0.103696913587 -0.306834191259
v -0.27487949947 -0.103696913587 -0.307797250542
v -0.272026329921 -0.103696913587 -0.308724301525
f 613 615 617
f 613 617 616
f 613 616 618
f 613 618 615
f 614 617 615
f 614 616 617
f 614 618 616
f 614 615 618
v -0.273774695397 -0.102196913587 -0.308149978053
v -0.273774695397 -0.105196913587 -0.308149978053
v -0.274287725612 -0.103696913587 -0.309559516984
v -0.273261665182 -0.103696913587 -0.306740439121
v -0.275184234329 -0.103696913587 -0.307636947838
v -0.272365156466 -0.103696913587 -0.308663008268
f 619 621 623
f 619 623 622
f 619 622 624
f 619 624 621
f 620 623 621
f 620 622 623
f 620 624 622
f 620 621 624
v -0.274092413286 -0.102196913587 -0.308028017582
v -0.274092413286 -0.105196913587 -0.308028017582
v -0.274654323176 -0.103696913587 -0.309418793364
v -0.273530503396 -0.103696913587 -0.3066372418
v -0.275483189068 -0.103696913587 -0.307466107692
v -0.272701637504 -0.103696913587 -0.308589927472
f 625 627 629
f 625 629 628
f 625 628 630
f 625 630 627
f 626 629 627
f 626 628 629
f 626 630 628
f 626 627 630
v -0.27440568127 -0.102196913587 -0.307895043212
v -0.27440568127 -0.105196913587 -0.307895043212
v -0.275015786235 -0.103696913587 -0.309265361398
v -0.273795576305 -0.103696913587 -0.306524725026
v -0.275775999456 -0.103696913587 -0.307284938247
v -0.273035363084 -0.103696913587 -0.308505148177
f 631 633 635
f 631 635 634
f 631 634 636
f 631 636 633
f 632 635 633
f 632 634 635
f 632 636 634
f 632 633 636
v -0.274714117681 -0.102196913587 -0.307751216951
v -0.274714117681 -0.105196913587 -0.307751216951
v -0.275371674401 -0.103696913587 -0.309099408021
v -0.274056560961 -0.103696913587 -0.306403025882
v -0.276062308751 -0.103696913587 -0.307093660231
v -0.273365926612 -0.103696913587 -0.308408773672
f 637 639 641
f 637 641 640
f 637 640 642
f 637 642 639
f 638 641 639
f 638 640 641
f 638 642 640
f 638 639 642
v -0.275017346737 -0.102196913587 -0.30759671403
v -0.275017346737 -0.105196913587 -0.30759671403
v -0.275721554081 -0.103696913587 -0.30892113542
v -0.274313139393 -0.103696913587 -0.306272292641
v -0.276341768126 -0.103696913587 -0.306892506686
v -0.273692925348 -0.103696913587 -0.308300921375
f 643 645 647
f 643 647 646
f 643 646 648
f 643 648 645
f 644 647 645
f 644 646 647
f 644 648 646
f 644 645 648
v -0.275314999 -0.102196913587 -0.307431722687
v -0.275314999 -0.105196913587 -0.307431722687
v -0.276064999 -0.103696913587 -0.308730760793
v -0.274564999 -0.103696913587 -0.306132684581
v -0.276614037106 -0.103696913587 -0.306681722687
v -0.274015960894 -0.103696913587 -0.308181722687
f 649 651 653
f 649 653 652
f 649 652 654
f 649 654 651
f 650 653 651
f 650 652 653
f 650 654 652
f 650 651 654
v -0.275606711826 -0.102196913587 -0.307256443938
v -0.275606711826 -0.105196913587 -0.307256443938
v -0.276401590723 -0.103696913587 -0.308528516082
v -0.27481183293 -0.103696913587 -0.305984371793
v -0.276878783971 -0.103696913587 -0.306461565041
v -0.274334639682 -0.103696913587 -0.308051322834
f 655 657 659
f 655 659 658
f 655 658 660
f 655 660 657
f 656 659 657
f 656 658 659
f 656 660 658
f 656 657 660
v -0.275892129809 -0.102196913587 -0.307071091332
v -0.275892129809 -0.105196913587 -0.307071091332
v -0.276730919164 -0.103696913587 -0.308314647691
v -0.275053340454 -0.103696913587 -0.305827534974
v -0.277135686168 -0.103696913587 -0.306232301977
v -0.27464857345 -0.103696913587 -0.307909880688
f 661 663 665
f 661 665 664
f 661 664 666
f 661 666 663
f 662 665 663
f 662 664 665
f 662 666 664
f 662 663 666
v -0.27617090521 -0.102196913587 -0.306875890695
v -0.27617090521 -0.105196913587 -0.306875890695
v -0.277052583088 -0.103696913587 -0.308089416187
v -0.275289227331 -0.103696913587 -0.305662365204
v -0.277384430701 -0.103696913587 -0.305994212817
v -0.274957379718 -0.103696913587 -0.307757568574
f 667 669 671
f 667 671 670
f 667 670 672
f 667 672 669
f 668 671 669
f 668 670 671
f 668 672 670
f 668 669 672
v -0.276442698384 -0.102196913587 -0.306671079848
v -0.276442698384 -0.105196913587 -0.306671079848
v -0.277366190597 -0.103696913587 -0.307853095978
v -0.275519206171 -0.103696913587 -0.305489063717
v -0.277624714515 -0.103696913587 -0.305747587635
v -0.275260682254 -0.103696913587 -0.307594572061
f 673 675 677
f 673 677 676
f 673 676 678
f 673 678 675
f 674 677 675
f 674 676 677
f 674 678 676
f 674 675 678
v -0.276707178194 -0.102196913587 -0.30645690832
v -0.276707178194 -0.105196913587 -0.30645690832
v -0.277671359609 -0.103696913587 -0.307605974985
v -0.27574299678 -0.103696913587 -0.305307841656
v -0.277856244859 -0.103696913587 -0.305492726906
v -0.27555811153 -0.103696913587 -0.307421089735
f 679 681 683
f 679 683 682
f 679 682 684
f 679 684 681
f 680 683 681
f 680 682 683
f 680 684 682
f 680 681 684
v -0.276964022412 -0.102196913587 -0.306233637048
v -0.276964022412 -0.105196913587 -0.306233637048
v -0.277967718322 -0.103696913587 -0.307348354287
v -0.275960326502 -0.103696913587 -0.30511891981
v -0.27807873965 -0.103696913587 -0.305229941139
v -0.275849305174 -0.103696913587 -0.307237332958
f 685 687 689
f 685 689 688
f 685 688 690
f 685 690 687
f 686 689 687
f 686 688 689
f 686 690 688
f 686 687 690
v -0.277212918112 -0.102196913587 -0.306001538053
v -0.277212918112 -0.105196913587 -0.306001538053
v -0.278254905668 -0.103696913587 -0.307080547754
v -0.276170930556 -0.103696913587 -0.304922528353
v -0.278291927812 -0.103696913587 -0.304959550498
v -0.276133908411 -0.103696913587 -0.307043525609
f 691 693 695
f 691 695 694
f 691 694 696
f 691 696 693
f 692 695 693
f 692 694 695
f 692 696 694
f 692 693 696
v -0.277453562053 -0.102196913587 -0.305760894112
v -0.277453562053 -0.105196913587 -0.305760894112
v -0.278532571754 -0.103696913587 -0.306802881668
v -0.276374552353 -0.103696913587 -0.304718906556
v -0.278495549609 -0.103696913587 -0.304681884411
v -0.276411574498 -0.103696913587 -0.306839903812
f 697 699 701
f 697 701 700
f 697 700 702
f 697 702 699
f 698 701 699
f 698 700 701
f 698 702 700
f 698 699 702
v -0.277685661048 -0.102196913587 -0.305511998412
v -0.277685661048 -0.105196913587 -0.305511998412
v -0.278800378287 -0.103696913587 -0.306515694322
v -0.27657094381 -0.103696913587 -0.304508302502
v -0.278689356958 -0.103696913587 -0.304397281174
v -0.276681965139 -0.103696913587 -0.30662671565
f 703 705 707
f 703 707 706
f 703 706 708
f 703 708 705
f 704 707 705
f 704 706 707
f 704 708 706
f 704 705 708
v -0.27790893232 -0.102196913587 -0.305255154194
v -0.27790893232 -0.105196913587 -0.305255154194
v -0.279057998985 -0.103696913587 -0.306219335609
v -0.276759865656 -0.103696913587 -0.30429097278
v -0.278873113735 -0.103696913587 -0.30410608753
v -0.276944750906 -0.103696913587 -0.306404220859
f 709 711 713
f 709 713 712
f 709 712 714
f 709 714 711
f 710 713 711
f 710 712 713
f 710 714 712
f 710 711 714
v -0.278123103848 -0.102196913587 -0.304990674384
v -0.278123103848 -0.105196913587 -0.304990674384
v -0.279305119978 -0.103696913587 -0.305914166597
v -0.276941087717 -0.103696913587 -0.304067182171
v -0.279046596061 -0.103696913587 -0.303808658254
v -0.277199611635 -0.103696913587 -0.306172690515
f 715 717 719
f 715 719 718
f 715 718 720
f 715 720 717
f 716 719 717
f 716 718 719
f 716 720 718
f 716 717 720
v -0.278327914695 -0.102196913587 -0.30471888121
v -0.278327914695 -0.105196913587 -0.30471888121
v -0.279541440187 -0.103696913587 -0.305600559088
v -0.277114389204 -0.103696913587 -0.303837203331
v -0.279209592574 -0.103696913587 -0.303505355718
v -0.277446236817 -0.103696913587 -0.305932406701
f 721 723 725
f 721 725 724
f 721 724 726
f 721 726 723
f 722 725 723
f 722 724 725
f 722 726 724
f 722 723 726
v -0.278523115332 -0.102196913587 -0.304440105809
v -0.278523115332 -0.105196913587 -0.304440105809
v -0.279766671691 -0.103696913587 -0.305278895164
v -0.277279558974 -0.103696913587 -0.303601316454
v -0.279361904688 -0.103696913587 -0.30319654945
v -0.277684325977 -0.103696913587 -0.305683662168
f 727 729 731
f 727 731 730
f 727 730 732
f 727 732 729
f 728 731 729
f 728 730 731
f 728 732 730
f 728 729 732
v -0.278708467938 -0.102196913587 -0.304154687826
v -0.278708467938 -0.105196913587 -0.304154687826
v -0.279980540082 -0.103696913587 -0.304949566723
v -0.277436395793 -0.103696913587 -0.30335980893
v -0.279503346834 -0.103696913587 -0.302882615682
v -0.277913589041 -0.103696913587 -0.305426759971
f 733 735 737
f 733 737 736
f 733 736 738
f 733 738 735
f 734 737 735
f 734 736 737
f 734 738 736
f 734 735 738
v -0.278883746687 -0.102196913587 -0.303862975
v -0.278883746687 -0.105196913587 -0.303862975
v -0.280182784793 -0.103696913587 -0.304612975
v -0.277584708581 -0.103696913587 -0.303112975
v -0.279633746687 -0.103696913587 -0.302563936894
v -0.278133746687 -0.103696913587 -0.305162013106
f 739 741 743
f 739 743 742
f 739 742 744
f 739 744 741
f 740 743 741
f 740 742 743
f 740 744 742
f 740 741 744
v -0.27904873803 -0.102196913587 -0.303565322737
v -0.27904873803 -0.105196913587 -0.303565322737
v -0.28037315942 -0.103696913587 -0.304269530081
v -0.277724316641 -0.103696913587 -0.302861115393
v -0.279752945375 -0.103696913587 -0.302240901348
v -0.278344530686 -0.103696913587 -0.304889744126
f 745 747 749
f 745 749 748
f 745 748 750
f 745 750 747
f 746 749 747
f 746 748 749
f 746 750 748
f 746 747 750
v -0.279203240951 -0.102196913587 -0.303262093681
v -0.279203240951 -0.105196913587 -0.303262093681
v -0.280551432021 -0.103696913587 -0.303919650401
v -0.277855049882 -0.103696913587 -0.302604536961
v -0.279860797672 -0.103696913587 -0.301913902612
v -0.278545684231 -0.103696913587 -0.304610284751
f 751 753 755
f 751 755 754
f 751 754 756
f 751 756 753
f 752 755 753
f 752 754 755
f 752 756 754
f 752 753 756
v -0.279347067212 -0.102196913587 -0.30295365727
v -0.279347067212 -0.105196913587 -0.30295365727
v -0.280717385398 -0.103696913587 -0.303563762235
v -0.277976749026 -0.103696913587 -0.302343552305
v -0.279957172177 -0.103696913587 -0.301583339084
v -0.278736962247 -0.103696913587 -0.304323975456
f 757 759 761
f 757 761 760
f 757 760 762
f 757 762 759
f 758 761 759
f 758 760 761
f 758 762 760
f 758 759 762
v -0.279480041582 -0.102196913587 -0.302640389286
v -0.279480041582 -0.105196913587 -0.302640389286
v -0.280870817364 -0.103696913587 -0.303202299176
v -0.2780892658 -0.103696913587 -0.302078479396
v -0.280041951472 -0.103696913587 -0.301249613504
v -0.278918131692 -0.103696913587 -0.304031165068
f 763 765 767
f 763 767 766
f 763 766 768
f 763 768 765
f 764 767 765
f 764 766 767
f 764 768 766
f 764 765 768
v -0.279602002053 -0.102196913587 -0.302322671397
v -0.279602002053 -0.105196913587 -0.302322671397
v -0.281011540984 -0.103696913587 -0.302835701612
v -0.278192463121 -0.103696913587 -0.301809641182
v -0.280115032268 -0.103696913587 -0.300913132466
v -0.279088971838 -0.103696913587 -0.303732210329
f 769 771 773
f 769 773 772
f 769 772 774
f 769 774 771
f 770 773 771
f 770 772 773
f 770 774 772
f 770 771 774
v -0.279712800034 -0.102196913587 -0.302000890695
v -0.279712800034 -0.105196913587 -0.302000890695
v -0.281139384808 -0.103696913587 -0.302464416187
v -0.278286215259 -0.103696913587 -0.301537365204
v -0.280176325525 -0.103696913587 -0.300574305921
v -0.279249274542 -0.103696913587 -0.30342747547
f 775 777 779
f 775 779 778
f 775 778 780
f 775 780 777
f 776 779 777
f 776 778 779
f 776 780 778
f 776 777 780
v -0.279812300535 -0.102196913587 -0.301675439219
v -0.279812300535 -0.105196913587 -0.301675439219
v -0.281254193079 -0.103696913587 -0.302088895253
v -0.278370407991 -0.103696913587 -0.301261983185
v -0.280225756569 -0.103696913587 -0.300233546675
v -0.279398844502 -0.103696913587 -0.303117331763
f 781 783 785
f 781 785 784
f 781 784 786
f 781 786 783
f 782 785 783
f 782 784 785
f 782 786 784
f 782 783 786
v -0.279900382331 -0.102196913587 -0.301346713482
v -0.279900382331 -0.105196913587 -0.301346713482
v -0.281355825921 -0.103696913587 -0.301709596325
v -0.278444938742 -0.103696913587 -0.300983830639
v -0.280263265175 -0.103696913587 -0.299891269893
v -0.279537499488 -0.103696913587 -0.302802157072
f 787 789 791
f 787 791 790
f 787 790 792
f 787 792 789
f 788 791 789
f 788 790 791
f 788 792 790
f 788 789 792
v -0.279976938107 -0.102196913587 -0.301015113985
v -0.279976938107 -0.105196913587 -0.301015113985
v -0.281444159508 -0.103696913587 -0.301326981522
v -0.278509716706 -0.103696913587 -0.300703246449
v -0.280288805643 -0.103696913587 -0.299547892584
v -0.279665070571 -0.103696913587 -0.302482335387
f 793 795 797
f 793 797 796
f 793 796 798
f 793 798 795
f 794 797 795
f 794 796 797
f 794 798 796
f 794 795 798
v -0.280041874592 -0.102196913587 -0.300681044732
v -0.280041874592 -0.105196913587 -0.300681044732
v -0.281519086221 -0.103696913587 -0.300941516999
v -0.278564662962 -0.103696913587 -0.300420572466
v -0.280302346858 -0.103696913587 -0.299203833103
v -0.279781402325 -0.103696913587 -0.302158256362
f 799 801 803
f 799 803 802
f 799 802 804
f 799 804 801
f 800 803 801
f 800 802 803
f 800 804 802
f 800 801 804
v -0.28009511267 -0.102196913587 -0.300344912734
v -0.28009511267 -0.105196913587 -0.300344912734
v -0.281580514773 -0.103696913587 -0.300553672386
v -0.278609710567 -0.103696913587 -0.300136153083
v -0.280303872322 -0.103696913587 -0.298859510631
v -0.279886353019 -0.103696913587 -0.301830314837
f 805 807 809
f 805 809 808
f 805 808 810
f 805 810 807
f 806 809 807
f 806 808 809
f 806 810 808
f 806 807 810
v -0.28013658748 -0.102196913587 -0.300007127517
v -0.28013658748 -0.105196913587 -0.300007127517
v -0.281628370323 -0.103696913587 -0.300163920212
v -0.278644804637 -0.103696913587 -0.299850334822
v -0.280293380175 -0.103696913587 -0.298515344674
v -0.279979794785 -0.103696913587 -0.30149891036
f 811 813 815
f 811 815 814
f 811 814 816
f 811 816 813
f 812 815 813
f 812 814 815
f 812 816 814
f 812 813 816
v -0.28016624849 -0.102196913587 -0.299668100619
v -0.28016624849 -0.105196913587 -0.299668100619
v -0.281662594565 -0.103696913587 -0.29977273533
v -0.278669902415 -0.103696913587 -0.299563465908
v -0.280270883201 -0.103696913587 -0.298171754544
v -0.280061613779 -0.103696913587 -0.301164446694
f 817 819 821
f 817 821 820
f 817 820 822
f 817 822 819
f 818 821 819
f 818 820 821
f 818 822 820
f 818 819 822
v -0.280184059563 -0.102196913587 -0.299328245093
v -0.280184059563 -0.105196913587 -0.299328245093
v -0.281683145804 -0.103696913587 -0.299380594338
v -0.278684973323 -0.103696913587 -0.299275895848
v -0.280236408808 -0.103696913587 -0.297829158852
v -0.280131710318 -0.103696913587 -0.300827331333
f 823 825 827
f 823 827 826
f 823 826 828
f 823 828 825
f 824 827 825
f 824 826 827
f 824 828 826
f 824 825 828
v -0.280189999 -0.102196913587 -0.298987975
v -0.280189999 -0.105196913587 -0.298987975
v -0.281689999 -0.103696913587 -0.298987975
v -0.278689999 -0.103696913587 -0.298987975
v -0.280189999 -0.103696913587 -0.297487975
v -0.280189999 -0.103696913587 -0.300487975
f 829 831 833
f 829 833 832
f 829 832 834
f 829 834 831
f 830 833 831
f 830 832 833
f 830 834 832
f 830 831 834
v -0.280184059563 -0.102196913587 -0.298647704907
v -0.280184059563 -0.105196913587 -0.298647704907
v -0.281683145804 -0.103696913587 -0.298595355662
v -0.278684973323 -0.103696913587 -0.298700054152
v -0.280131710318 -0.103696913587 -0.297148618667
v -0.280236408808 -0.103696913587 -0.300146791148
f 835 837 839
f 835 839 838
f 835 838 840
f 835 840 837
f 836 839 837
f 836 838 839
f 836 840 838
f 836 837 840
v -0.28016624849 -0.102196913587 -0.298307849381
v -0.28016624849 -0.105196913587 -0.298307849381
v -0.281662594565 -0.103696913587 -0.29820321467
v -0.278669902415 -0.103696913587 -0.298412484092
v -0.280061613779 -0.103696913587 -0.296811503306
v -0.280270883201 -0.103696913587 -0.299804195456
f 841 843 845
f 841 845 844
f 841 844 846
f 841 846 843
f 842 845 843
f 842 844 845
f 842 846 844
f 842 843 846
v -0.28013658748 -0.102196913587 -0.297968822483
v -0.28013658748 -0.105196913587 -0.297968822483
v -0.281628370323 -0.103696913587 -0.297812029788
v -0.278644804637 -0.103696913587 -0.298125615178
v -0.279979794785 -0.103696913587 -0.29647703964
v -0.280293380175 -0.103696913587 -0.299460605326
f 847 849 851
f 847 851 850
f 847 850 852
f 847 852 849
f 848 851 849
f 848 850 851
f 848 852 850
f 848 849 852
v -0.28009511267 -0.102196913587 -0.297631037266
v -0.28009511267 -0.105196913587 -0.297631037266
v -0.281580514773 -0.103696913587 -0.297422277614
v -0.278609710567 -0.103696913587 -0.297839796917
v -0.279886353019 -0.103696913587 -0.296145635163
v -0.280303872322 -0.103696913587 -0.299116439369
f 853 855 857
f 853 857 856
f 853 856 858
f 853 858 855
f 854 857 855
f 854 856 857
f 854 858 856
f 854 855 858
v -0.280041874592 -0.102196913587 -0.297294905268
v -0.280041874592 -0.105196913587 -0.297294905268
v -0.281519086221 -0.103696913587 -0.297034433001
v -0.278564662962 -0.103696913587 -0.297555377534
v -0.279781402325 -0.103696913587 -0.295817693638
v -0.280302346858 -0.103696913587 -0.298772116897
f 859 861 863
f 859 863 862
f 859 862 864
f 859 864 861
f 860 863 861
f 860 862 863
f 860 864 862
f 860 861 864
v -0.279976938107 -0.102196913587 -0.296960836015
v -0.279976938107 -0.105196913587 -0.296960836015
v -0.281444159508 -0.103696913587 -0.296648968478
v -0.278509716706 -0.103696913587 -0.297272703551
v -0.279665070571 -0.103696913587 -0.295493614613
v -0.280288805643 -0.103696913587 -0.298428057416
f 865 867 869
f 865 869 868
f 865 868 870
f 865 870 867
f 866 869 867
f 866 868 869
f 866 870 868
f 866 867 870
v -0.279900382331 -0.102196913587 -0.296629236518
v -0.279900382331 -0.105196913587 -0.296629236518
v -0.281355825921 -0.103696913587 -0.296266353675
v -0.278444938742 -0.103696913587 -0.296992119361
v -0.279537499488 -0.103696913587 -0.295173792928
v -0.280263265175 -0.103696913587 -0.298084680107
f 871 873 875
f 871 875 874
f 871 874 876
f 871 876 873
f 872 875 873
f 872 874 875
f 872 876 874
f 872 873 876
v -0.279812300535 -0.102196913587 -0.296300510781
v -0.279812300535 -0.105196913587 -0.296300510781
v -0.281254193079 -0.103696913587 -0.295887054747
v -0.278370407991 -0.103696913587 -0.296713966815
v -0.279398844502 -0.103696913587 -0.294858618237
v -0.280225756569 -0.103696913587 -0.297742403325
f 877 879 881
f 877 881 880
f 877 880 882
f 877 882 879
f 878 881 879
f 878 880 881
f 878 882 880
f 878 879 882
v -0.279712800034 -0.102196913587 -0.295975059305
v -0.279712800034 -0.105196913587 -0.295975059305
v -0.281139384808 -0.103696913587 -0.295511533813
v -0.278286215259 -0.103696913587 -0.296438584796
v -0.279249274542 -0.103696913587 -0.29454847453
v -0.280176325525 -0.103696913587 -0.297401644079
f 883 885 887
f 883 887 886
f 883 886 888
f 883 888 885
f 884 887 885
f 884 886 887
f 884 888 886
f 884 885 888
v -0.279602002053 -0.102196913587 -0.295653278603
v -0.279602002053 -0.105196913587 -0.295653278603
v -0.281011540984 -0.103696913587 -0.295140248388
v -0.278192463121 -0.103696913587 -0.296166308818
v -0.279088971838 -0.103696913587 -0.294243739671
v -0.280115032268 -0.103696913587 -0.297062817534
f 889 891 893
f 889 893 892
f 889 892 894
f 889 894 891
f 890 893 891
f 890 892 893
f 890 894 892
f 890 891 894
v -0.279480041582 -0.102196913587 -0.295335560714
v -0.279480041582 -0.105196913587 -0.295335560714
v -0.280870817364 -0.103696913587 -0.294773650824
v -0.2780892658 -0.103696913587 -0.295897470604
v -0.278918131692 -0.103696913587 -0.293944784932
v -0.280041951472 -0.103696913587 -0.296726336496
f 895 897 899
f 895 899 898
f 895 898 900
f 895 900 897
f 896 899 897
f 896 898 899
f 896 900 898
f 896 897 900
v -0.279347067212 -0.102196913587 -0.29502229273
v -0.279347067212 -0.105196913587 -0.29502229273
v -0.280717385398 -0.103696913587 -0.294412187765
v -0.277976749026 -0.103696913587 -0.295632397695
v -0.278736962247 -0.103696913587 -0.293651974544
v -0.279957172177 -0.103696913587 -0.296392610916
f 901 903 905
f 901 905 904
f 901 904 906
f 901 906 903
f 902 905 903
f 902 904 905
f 902 906 904
f 902 903 906
v -0.279203240951 -0.102196913587 -0.294713856319
v -0.279203240951 -0.105196913587 -0.294713856319
v -0.280551432021 -0.103696913587 -0.294056299599
v -0.277855049882 -0.103696913587 -0.295371413039
v -0.278545684231 -0.103696913587 -0.293365665249
v -0.279860797672 -0.103696913587 -0.296062047388
f 907 909 911
f 907 911 910
f 907 910 912
f 907 912 909
f 908 911 909
f 908 910 911
f 908 912 910
f 908 909 912
v -0.27904873803 -0.102196913587 -0.294410627263
v -0.27904873803 -0.105196913587 -0.294410627263
v -0.28037315942 -0.103696913587 -0.293706419919
v -0.277724316641 -0.103696913587 -0.295114834607
v -0.278344530686 -0.103696913587 -0.293086205874
v -0.279752945375 -0.103696913587 -0.295735048652
f 913 915 917
f 913 917 916
f 913 916 918
f 913 918 915
f 914 917 915
f 914 916 917
f 914 918 916
f 914 915 918
v -0.278883746687 -0.102196913587 -0.294112975
v -0.278883746687 -0.105196913587 -0.294112975
v -0.280182784793 -0.103696913587 -0.293362975
v -0.277584708581 -0.103696913587 -0.294862975
v -0.278133746687 -0.103696913587 -0.292813936894
v -0.279633746687 -0.103696913587 -0.295412013106
f 919 921 923
f 919 923 922
f 919 922 924
f 919 924 921
f 920 923 921
f 920 922 923
f 920 924 922
f 920 921 924
v -0.278708467938 -0.102196913587 -0.293821262174
v -0.278708467938 -0.105196913587 -0.293821262174
v -0.279980540082 -0.103696913587 -0.293026383277
v -0.277436395793 -0.103696913587 -0.29461614107
v -0.277913589041 -0.103696913587 -0.292549190029
v -0.279503346834 -0.103696913587 -0.295093334318
f 925 927 929
f 925 929 928
f 925 928 930
f 925 930 927
f 926 929 927
f 926 928 929
f 926 930 928
f 926 927 930
v -0.278523115332 -0.102196913587 -0.293535844191
v -0.278523115332 -0.105196913587 -0.293535844191
v -0.279766671691 -0.103696913587 -0.292697054836
v -0.277279558974 -0.103696913587 -0.294374633546
v -0.277684325977 -0.103696913587 -0.292292287832
v -0.279361904688 -0.103696913587 -0.29477940055
f 931 933 935
f 931 935 934
f 931 934 936
f 931 936 933
f 932 935 933
f 932 934 935
f 932 936 934
f 932 933 936
v -0.278327914695 -0.102196913587 -0.29325706879
v -0.278327914695 -0.105196913587 -0.29325706879
v -0.279541440187 -0.103696913587 -0.292375390912
v -0.277114389204 -0.103696913587 -0.294138746669
v -0.277446236817 -0.103696913587 -0.292043543299
v -0.279209592574 -0.103696913587 -0.294470594282
f 937 939 941
f 937 941 940
f 937 940 942
f 937 942 939
f 938 941 939
f 938 940 941
f 938 942 940
f 938 939 942
v -0.262756894152 -0.102196913587 -0.304990674384
v -0.262756894152 -0.105196913587 -0.304990674384
v -0.261574878022 -0.103696913587 -0.305914166597
v -0.263938910283 -0.103696913587 -0.304067182171
v -0.263680386365 -0.103696913587 -0.306172690515
v -0.261833401939 -0.103696913587 -0.303808658254
f 943 945 947
f 943 947 946
f 943 946 948
f 943 948 945
f 944 947 945
f 944 946 947
f 944 948 946
f 944 945 948
v -0.26297106568 -0.102196913587 -0.305255154194
v -0.26297106568 -0.105196913587 -0.305255154194
v -0.261821999015 -0.103696913587 -0.306219335609
v -0.264120132344 -0.103696913587 -0.30429097278
v -0.263935247094 -0.103696913587 -0.306404220859
v -0.262006884265 -0.103696913587 -0.30410608753
f 949 951 953
f 949 953 952
f 949 952 954
f 949 954 951
f 950 953 951
f 950 952 953
f 950 954 952
f 950 951 954
v -0.263194336952 -0.102196913587 -0.305511998412
v -0.263194336952 -0.105196913587 -0.305511998412
v -0.262079619713 -0.103696913587 -0.306515694322
v -0.26430905419 -0.103696913587 -0.304508302502
v -0.264198032861 -0.103696913587 -0.30662671565
v -0.262190641042 -0.103696913587 -0.304397281174
f 955 957 959
f 955 959 958
f 955 958 960
f 955 960 957
f 956 959 957
f 956 958 959
f 956 960 958
f 956 957 960
v -0.263426435947 -0.102196913587 -0.305760894112
v -0.263426435947 -0.105196913587 -0.305760894112
v -0.262347426246 -0.103696913587 -0.306802881668
v -0.264505445647 -0.103696913587 -0.304718906556
v -0.264468423502 -0.103696913587 -0.306839903812
v -0.262384448391 -0.103696913587 -0.304681884411
f 961 963 965
f 961 965 964
f 961 964 966
f 961 966 963
f 962 965 963
f 962 964 965
f 962 966 964
f 962 963 966
v -0.263667079888 -0.102196913587 -0.306001538053
v -0.263667079888 -0.105196913587 -0.306001538053
v -0.262625092332 -0.103696913587 -0.307080547754
v -0.264709067444 -0.103696913587 -0.304922528353
v -0.264746089589 -0.103696913587 -0.307043525609
v -0.262588070188 -0.103696913587 -0.304959550498
f 967 969 971
f 967 971 970
f 967 970 972
f 967 972 969
f 968 971 969
f 968 970 971
f 968 972 970
f 968 969 972
v -0.263915975588 -0.102196913587 -0.306233637048
v -0.263915975588 -0.105196913587 -0.306233637048
v -0.262912279678 -0.103696913587 -0.307348354287
v -0.264919671498 -0.103696913587 -0.30511891981
v -0.265030692826 -0.103696913587 -0.307237332958
v -0.26280125835 -0.103696913587 -0.305229941139
f 973 975 977
f 973 977 976
f 973 976 978
f 973 978 975
f 974 977 975
f 974 976 977
f 974 978 976
f 974 975 978
v -0.264172819806 -0.102196913587 -0.30645690832
v -0.264172819806 -0.105196913587 -0.30645690832
v -0.263208638391 -0.103696913587 -0.307605974985
v -0.26513700122 -0.103696913587 -0.305307841656
v -0.26532188647 -0.103696913587 -0.307421089735
v -0.263023753141 -0.103696913587 -0.305492726906
f 979 981 983
f 979 983 982
f 979 982 984
f 979 984 981
f 980 983 981
f 980 982 983
f 980 984 982
f 980 981 984
v -0.264437299616 -0.102196913587 -0.306671079848
v -0.264437299616 -0.105196913587 -0.306671079848
v -0.263513807403 -0.103696913587 -0.307853095978
v -0.265360791829 -0.103696913587 -0.305489063717
v -0.265619315746 -0.103696913587 -0.307594572061
v -0.263255283485 -0.103696913587 -0.305747587635
f 985 987 989
f 985 989 988
f 985 988 990
f 985 990 987
f 986 989 987
f 986 988 989
f 986 990 988
f 986 987 990
v -0.26470909279 -0.102196913587 -0.306875890695
v -0.26470909279 -0.105196913587 -0.306875890695
v -0.263827414912 -0.103696913587 -0.308089416187
v -0.265590770669 -0.103696913587 -0.305662365204
v -0.265922618282 -0.103696913587 -0.307757568574
v -0.263495567299 -0.103696913587 -0.305994212817
f 991 993 995
f 991 995 994
f 991 994 996
f 991 996 993
f 992 995 993
f 992 994 995
f 992 996 994
f 992 993 996
v -0.264987868191 -0.102196913587 -0.307071091332
v -0.264987868191 -0.105196913587 -0.307071091332
v -0.264149078836 -0.103696913587 -0.308314647691
v -0.265826657546 -0.103696913587 -0.305827534974
v -0.26623142455 -0.103696913587 -0.307909880688
v -0.263744311832 -0.103696913587 -0.306232301977
f 997 999 1001
f 997 1001 1000
f 997 1000 1002
f 997 1002 999
f 998 1001 999
f 998 1000 1001
f 998 1002 1000
f 998 999 1002
v -0.265273286174 -0.102196913587 -0.307256443938
v -0.265273286174 -0.105196913587 -0.307256443938
v -0.264478407277 -0.103696913587 -0.308528516082
v -0.26606816507 -0.103696913587 -0.305984371793
v -0.266545358318 -0.103696913587 -0.308051322834
v -0.264001214029 -0.103696913587 -0.306461565041
f 1003 1005 1007
f 1003 1007 1006
f 1003 1006 1008
f 1003 1008 1005
f 1004 1007 1005
f 1004 1006 1007
f 1004 1008 1006
f 1004 1005 1008
v -0.265564999 -0.102196913587 -0.307431722687
v -0.265564999 -0.105196913587 -0.307431722687
v -0.264814999 -0.103696913587 -0.308730760793
v -0.266314999 -0.103696913587 -0.306132684581
v -0.266864037106 -0.103696913587 -0.308181722687
v -0.264265960894 -0.103696913587 -0.306681722687
f 1009 1011 1013
f 1009 1013 1012
f 1009 1012 1014
f 1009 1014 1011
f 1010 1013 1011
f 1010 1012 1013
f 1010 1014 1012
f 1010 1011 1014
v -0.265862651263 -0.102196913587 -0.30759671403
v -0.265862651263 -0.105196913587 -0.30759671403
v -0.265158443919 -0.103696913587 -0.30892113542
v -0.266566858607 -0.103696913587 -0.306272292641
v -0.267187072652 -0.103696913587 -0.308300921375
v -0.264538229874 -0.103696913587 -0.306892506686
f 1015 1017 1019
f 1015 1019 1018
f 1015 1018 1020
f 1015 1020 1017
f 1016 1019 1017
f 1016 1018 1019
f 1016 1020 1018
f 1016 1017 1020
v -0.266165880319 -0.102196913587 -0.307751216951
v -0.266165880319 -0.105196913587 -0.307751216951
v -0.265508323599 -0.103696913587 -0.309099408021
v -0.266823437039 -0.103696913587 -0.306403025882
v -0.267514071388 -0.103696913587 -0.308408773672
v -0.264817689249 -0.103696913587 -0.307093660231
f 1021 1023 1025
f 1021 1025 1024
f 1021 1024 1026
f 1021 1026 1023
f 1022 1025 1023
f 1022 1024 1025
f 1022 1026 1024
f 1022 1023 1026
v -0.26647431673 -0.102196913587 -0.307895043212
v -0.26647431673 -0.105196913587 -0.307895043212
v -0.265864211765 -0.103696913587 -0.309265361398
v -0.267084421695 -0.103696913587 -0.306524725026
v -0.267844634916 -0.103696913587 -0.308505148177
v -0.265103998544 -0.103696913587 -0.307284938247
f 1027 1029 1031
f 1027 1031 1030
f 1027 1030 1032
f 1027 1032 1029
f 1028 1031 1029
f 1028 1030 1031
f 1028 1032 1030
f 1028 1029 1032
v -0.266787584714 -0.102196913587 -0.308028017582
v -0.266787584714 -0.105196913587 -0.308028017582
v -0.266225674824 -0.103696913587 -0.309418793364
v -0.267349494604 -0.103696913587 -0.3066372418
v -0.268178360496 -0.103696913587 -0.308589927472
v -0.265396808932 -0.103696913587 -0.307466107692
f 1033 1035 1037
f 1033 1037 1036
f 1033 1036 1038
f 1033 1038 1035
f 1034 1037 1035
f 1034 1036 1037
f 1034 1038 1036
f 1034 1035 1038
v -0.267105302603 -0.102196913587 -0.308149978053
v -0.267105302603 -0.105196913587 -0.308149978053
v -0.266592272388 -0.103696913587 -0.309559516984
v -0.267618332818 -0.103696913587 -0.306740439121
v -0.268514841534 -0.103696913587 -0.308663008268
v -0.265695763671 -0.103696913587 -0.307636947838
f 1039 1041 1043
f 1039 1043 1042
f 1039 1042 1044
f 1039 1044 1041
f 1040 1043 1041
f 1040 1042 1043
f 1040 1044 1042
f 1040 1041 1044
v -0.267427083305 -0.102196913587 -0.308260776034
v -0.267427083305 -0.105196913587 -0.308260776034
v -0.266963557813 -0.103696913587 -0.309687360808
v -0.267890608796 -0.103696913587 -0.306834191259
v -0.268853668079 -0.103696913587 -0.308724301525
v -0.26600049853 -0.103696913587 -0.307797250542
f 1045 1047 1049
f 1045 1049 1048
f 1045 1048 1050
f 1045 1050 1047
f 1046 1049 1047
f 1046 1048 1049
f 1046 1050 1048
f 1046 1047 1050
v -0.267752534781 -0.102196913587 -0.308360276535
v -0.267752534781 -0.105196913587 -0.308360276535
v -0.267339078747 -0.103696913587 -0.309802169079
v -0.268165990815 -0.103696913587 -0.306918383991
v -0.269194427325 -0.103696913587 -0.308773732569
v -0.266310642237 -0.103696913587 -0.307946820502
f 1051 1053 1055
f 1051 1055 1054
f 1051 1054 1056
f 1051 1056 1053
f 1052 1055 1053
f 1052 1054 1055
f 1052 1056 1054
f 1052 1053 1056
v -0.268081260518 -0.102196913587 -0.308448358331
v -0.268081260518 -0.105196913587 -0.308448358331
v -0.267718377675 -0.103696913587 -0.309903801921
v -0.268444143361 -0.103696913587 -0.306992914742
v -0.269536704107 -0.103696913587 -0.308811241175
v -0.266625816928 -0.103696913587 -0.308085475488
f 1057 1059 1061
f 1057 1061 1060
f 1057 1060 1062
f 1057 1062 1059
f 1058 1061 1059
f 1058 1060 1061
f 1058 1062 1060
f 1058 1059 1062
v -0.268412860015 -0.102196913587 -0.308524914107
v -0.268412860015 -0.105196913587 -0.308524914107
v -0.268100992478 -0.103696913587 -0.309992135508
v -0.268724727551 -0.103696913587 -0.307057692706
v -0.269880081416 -0.103696913587 -0.308836781643
v -0.266945638613 -0.103696913587 -0.308213046571
f 1063 1065 1067
f 1063 1067 1066
f 1063 1066 1068
f 1063 1068 1065
f 1064 1067 1065
f 1064 1066 1067
f 1064 1068 1066
f 1064 1065 1068
v -0.268746929268 -0.102196913587 -0.308589850592
v -0.268746929268 -0.105196913587 -0.308589850592
v -0.268486457001 -0.103696913587 -0.310067062221
v -0.269007401534 -0.103696913587 -0.307112638962
v -0.270224140897 -0.103696913587 -0.308850322858
v -0.267269717638 -0.103696913587 -0.308329378325
f 1069 1071 1073
f 1069 1073 1072
f 1069 1072 1074
f 1069 1074 1071
f 1070 1073 1071
f 1070 1072 1073
f 1070 1074 1072
f 1070 1071 1074
v -0.269083061266 -0.102196913587 -0.30864308867
v -0.269083061266 -0.105196913587 -0.30864308867
v -0.268874301614 -0.103696913587 -0.310128490773
v -0.269291820917 -0.103696913587 -0.307157686567
v -0.270568463369 -0.103696913587 -0.308851848322
v -0.267597659163 -0.103696913587 -0.308434329019
f 1075 1077 1079
f 1075 1079 1078
f 1075 1078 1080
f 1075 1080 1077
f 1076 1079 1077
f 1076 1078 1079
f 1076 1080 1078
f 1076 1077 1080
v -0.269420846483 -0.102196913587 -0.30868456348
v -0.269420846483 -0.105196913587 -0.30868456348
v -0.269264053788 -0.103696913587 -0.310176346323
v -0.269577639178 -0.103696913587 -0.307192780637
v -0.270912629326 -0.103696913587 -0.308841356175
v -0.26792906364 -0.103696913587 -0.308527770785
f 1081 1083 1085
f 1081 1085 1084
f 1081 1084 1086
f 1081 1086 1083
f 1082 1085 1083
f 1082 1084 1085
f 1082 1086 1084
f 1082 1083 1086
v -0.269759873381 -0.102196913587 -0.30871422449
v -0.269759873381 -0.105196913587 -0.30871422449
v -0.26965523867 -0.103696913587 -0.310210570565
v -0.269864508092 -0.103696913587 -0.307217878415
v -0.271256219456 -0.103696913587 -0.308818859201
v -0.268263527306 -0.103696913587 -0.308609589779
f 1087 1089 1091
f 1087 1091 1090
f 1087 1090 1092
f 1087 1092 1089
f 1088 1091 1089
f 1088 1090 1091
f 1088 1092 1090
f 1088 1089 1092
v -0.270099728907 -0.102196913587 -0.308732035563
v -0.270099728907 -0.105196913587 -0.308732035563
v -0.270047379662 -0.103696913587 -0.310231121804
v -0.270152078152 -0.103696913587 -0.307232949323
v -0.271598815148 -0.103696913587 -0.308784384808
v -0.268600642667 -0.103696913587 -0.308679686318
f 1093 1095 1097
f 1093 1097 1096
f 1093 1096 1098
f 1093 1098 1095
f 1094 1097 1095
f 1094 1096 1097
f 1094 1098 1096
f 1094 1095 1098
v -0.270439999 -0.102196913587 -0.308987975
v -0.270439999 -0.105196913587 -0.308987975
v -0.270439999 -0.103696913587 -0.310487975
v -0.270439999 -0.103696913587 -0.307487975
v -0.271939999 -0.103696913587 -0.308987975
v -0.268939999 -0.103696913587 -0.308987975
f 1099 1101 1103
f 1099 1103 1102
f 1099 1102 1104
f 1099 1104 1101
f 1100 1103 1101
f 1100 1102 1103
f 1100 1104 1102
f 1100 1101 1104
v -0.270788993967 -0.102196913587 -0.30898188327
v -0.270788993967 -0.105196913587 -0.30898188327
v -0.270841343212 -0.103696913587 -0.310480969511
v -0.270736644722 -0.103696913587 -0.30748279703
v -0.272288080208 -0.103696913587 -0.308929534025
v -0.269289907726 -0.103696913587 -0.309034232515
f 1105 1107 1109
f 1105 1109 1108
f 1105 1108 1110
f 1105 1110 1107
f 1106 1109 1107
f 1106 1108 1109
f 1106 1110 1108
f 1106 1107 1110
v -0.271137563737 -0.102196913587 -0.308963615503
v -0.271137563737 -0.105196913587 -0.308963615503
v -0.271242198448 -0.103696913587 -0.310459961578
v -0.271032929027 -0.103696913587 -0.307467269427
v -0.272633909813 -0.103696913587 -0.308858980792
v -0.269641217662 -0.103696913587 -0.309068250213
f 1111 1113 1115
f 1111 1115 1114
f 1111 1114 1116
f 1111 1116 1113
f 1112 1115 1113
f 1112 1114 1115
f 1112 1116 1114
f 1112 1113 1116
v -0.271485283633 -0.102196913587 -0.308933193954
v -0.271485283633 -0.105196913587 -0.308933193954
v -0.271642076328 -0.103696913587 -0.310424976797
v -0.271328490938 -0.103696913587 -0.307441411111
v -0.272977066476 -0.103696913587 -0.308776401259
v -0.26999350079 -0.103696913587 -0.309089986649
f 1117 1119 1121
f 1117 1121 1120
f 1117 1120 1122
f 1117 1122 1119
f 1118 1121 1119
f 1118 1120 1121
f 1118 1122 1120
f 1118 1119 1122
v -0.27183173001 -0.102196913587 -0.308890655687
v -0.27183173001 -0.105196913587 -0.308890655687
v -0.272040489661 -0.103696913587 -0.310376057791
v -0.271622970358 -0.103696913587 -0.307405253584
v -0.273317132113 -0.103696913587 -0.308681896036
v -0.270346327906 -0.103696913587 -0.309099415339
f 1123 1125 1127
f 1123 1127 1126
f 1123 1126 1128
f 1123 1128 1125
f 1124 1127 1125
f 1124 1126 1127
f 1124 1128 1126
f 1124 1125 1128
v -0.272176480777 -0.102196913587 -0.30883605253
v -0.272176480777 -0.105196913587 -0.30883605253
v -0.272436953043 -0.103696913587 -0.31031326416
v -0.27191600851 -0.103696913587 -0.307358840901
v -0.273653692406 -0.103696913587 -0.308575580264
v -0.270699269147 -0.103696913587 -0.309096524797
f 1129 1131 1133
f 1129 1133 1132
f 1129 1132 1134
f 1129 1134 1131
f 1130 1133 1131
f 1130 1132 1133
f 1130 1134 1132
f 1130 1131 1134
v -0.272519115908 -0.102196913587 -0.308769451007
v -0.272519115908 -0.105196913587 -0.308769451007
v -0.272830983444 -0.103696913587 -0.310236672408
v -0.272207248372 -0.103696913587 -0.307302229606
v -0.273986337309 -0.103696913587 -0.308457583471
v -0.271051894507 -0.103696913587 -0.309081318544
f 1135 1137 1139
f 1135 1139 1138
f 1135 1138 1140
f 1135 1140 1137
f 1136 1139 1137
f 1136 1138 1139
f 1136 1140 1138
f 1136 1137 1140
v -0.272859217956 -0.102196913587 -0.308690932263
v -0.272859217956 -0.105196913587 -0.308690932263
v -0.273222100799 -0.103696913587 -0.310146375852
v -0.272496335113 -0.103696913587 -0.307235488673
v -0.274314661545 -0.103696913587 -0.308328049419
v -0.271403774367 -0.103696913587 -0.309053815106
f 1141 1143 1145
f 1141 1145 1144
f 1141 1144 1146
f 1141 1146 1143
f 1142 1145 1143
f 1142 1144 1145
f 1142 1146 1144
f 1142 1143 1146
v -0.273196372558 -0.102196913587 -0.308600591959
v -0.273196372558 -0.105196913587 -0.308600591959
v -0.273609828592 -0.103696913587 -0.310042484503
v -0.272782916524 -0.103696913587 -0.307158699415
v -0.274638265102 -0.103696913587 -0.308187135926
v -0.271754480014 -0.103696913587 -0.309014047993
f 1147 1149 1151
f 1147 1151 1150
f 1147 1150 1152
f 1147 1152 1149
f 1148 1151 1149
f 1148 1150 1151
f 1148 1152 1150
f 1148 1149 1152
v -0.273530168944 -0.102196913587 -0.308498540163
v -0.273530168944 -0.105196913587 -0.308498540163
v -0.273993694435 -0.103696913587 -0.309925124937
v -0.273066643452 -0.103696913587 -0.307071955389
v -0.274956753718 -0.103696913587 -0.308035014671
v -0.272103584169 -0.103696913587 -0.308962065655
f 1153 1155 1157
f 1153 1157 1156
f 1153 1156 1158
f 1153 1158 1155
f 1154 1157 1155
f 1154 1156 1157
f 1154 1158 1156
f 1154 1155 1158
v -0.273860200433 -0.102196913587 -0.308384901208
v -0.273860200433 -0.105196913587 -0.308384901208
v -0.274373230648 -0.103696913587 -0.309794440139
v -0.273347170218 -0.103696913587 -0.306975362277
v -0.275269739364 -0.103696913587 -0.307871870993
v -0.272450661502 -0.103696913587 -0.308897931423
f 1159 1161 1163
f 1159 1163 1162
f 1159 1162 1164
f 1159 1164 1161
f 1160 1163 1161
f 1160 1162 1163
f 1160 1164 1162
f 1160 1161 1164
v -0.274186064934 -0.102196913587 -0.308259813546
v -0.274186064934 -0.105196913587 -0.308259813546
v -0.274747974824 -0.103696913587 -0.309650589328
v -0.273624155044 -0.103696913587 -0.306869037764
v -0.275576840716 -0.103696913587 -0.307697903656
v -0.272795289152 -0.103696913587 -0.308821723436
f 1165 1167 1169
f 1165 1169 1168
f 1165 1168 1170
f 1165 1170 1167
f 1166 1169 1167
f 1166 1168 1169
f 1166 1170 1168
f 1166 1167 1170
v -0.274507365431 -0.102196913587 -0.308123429576
v -0.274507365431 -0.105196913587 -0.308123429576
v -0.275117470395 -0.103696913587 -0.309493747763
v -0.273897260466 -0.103696913587 -0.30675311139
v -0.275877683617 -0.103696913587 -0.307513324612
v -0.273137047244 -0.103696913587 -0.308733534541
f 1171 1173 1175
f 1171 1175 1174
f 1171 1174 1176
f 1171 1176 1173
f 1172 1175 1173
f 1172 1174 1175
f 1172 1176 1174
f 1172 1173 1176
v -0.274823710468 -0.102196913587 -0.307975915463
v -0.274823710468 -0.105196913587 -0.307975915463
v -0.275481267188 -0.103696913587 -0.309324106532
v -0.274166153748 -0.103696913587 -0.306627724394
v -0.276171901537 -0.103696913587 -0.307318358743
v -0.273475519398 -0.103696913587 -0.308633472183
f 1177 1179 1181
f 1177 1181 1180
f 1177 1180 1182
f 1177 1182 1179
f 1178 1181 1179
f 1178 1180 1181
f 1178 1182 1180
f 1178 1179 1182
v -0.275134714628 -0.102196913587 -0.307817450929
v -0.275134714628 -0.105196913587 -0.307817450929
v -0.275838921972 -0.103696913587 -0.309141872318
v -0.274430507284 -0.103696913587 -0.306493029539
v -0.276459136017 -0.103696913587 -0.307113243584
v -0.273810293239 -0.103696913587 -0.308521658273
f 1183 1185 1187
f 1183 1187 1186
f 1183 1186 1188
f 1183 1188 1185
f 1184 1187 1185
f 1184 1186 1187
f 1184 1188 1186
f 1184 1185 1188
v -0.275439999 -0.102196913587 -0.307648229038
v -0.275439999 -0.105196913587 -0.307648229038
v -0.276189999 -0.103696913587 -0.308947267144
v -0.274689999 -0.103696913587 -0.306349190932
v -0.276739037106 -0.103696913587 -0.306898229038
v -0.274140960894 -0.103696913587 -0.308398229038
f 1189 1191 1193
f 1189 1193 1192
f 1189 1192 1194
f 1189 1194 1191
f 1190 1193 1191
f 1190 1192 1193
f 1190 1194 1192
f 1190 1191 1194
v -0.275739191642 -0.102196913587 -0.307468455962
v -0.275739191642 -0.105196913587 -0.307468455962
v -0.276534070539 -0.103696913587 -0.308740528106
v -0.274944312746 -0.103696913587 -0.306196383817
v -0.277011263787 -0.103696913587 -0.306673577065
v -0.274467119498 -0.103696913587 -0.308263334858
f 1195 1197 1199
f 1195 1199 1198
f 1195 1198 1200
f 1195 1200 1197
f 1196 1199 1197
f 1196 1198 1199
f 1196 1200 1198
f 1196 1197 1200
v -0.276031928035 -0.102196913587 -0.307278350726
v -0.276031928035 -0.105196913587 -0.307278350726
v -0.27687071739 -0.103696913587 -0.308521907084
v -0.27519313868 -0.103696913587 -0.306034794367
v -0.277275484394 -0.103696913587 -0.30643956137
v -0.274788371676 -0.103696913587 -0.308117140081
f 1201 1203 1205
f 1201 1205 1204
f 1201 1204 1206
f 1201 1206 1203
f 1202 1205 1203
f 1202 1204 1205
f 1202 1206 1204
f 1202 1203 1206
v -0.276317851523 -0.102196913587 -0.307078144944
v -0.276317851523 -0.105196913587 -0.307078144944
v -0.277199529401 -0.103696913587 -0.308291670435
v -0.275436173644 -0.103696913587 -0.305864619452
v -0.277531377014 -0.103696913587 -0.306196467065
v -0.275104326031 -0.103696913587 -0.307959822822
f 1207 1209 1211
f 1207 1211 1210
f 1207 1210 1212
f 1207 1212 1209
f 1208 1211 1209
f 1208 1210 1211
f 1208 1212 1210
f 1208 1209 1212
v -0.276596613753 -0.102196913587 -0.306868082536
v -0.276596613753 -0.105196913587 -0.306868082536
v -0.277520105966 -0.103696913587 -0.308050098666
v -0.27567312154 -0.103696913587 -0.305686066406
v -0.277778629884 -0.103696913587 -0.305944590323
v -0.275414597623 -0.103696913587 -0.307791574749
f 1213 1215 1217
f 1213 1217 1216
f 1213 1216 1218
f 1213 1218 1215
f 1214 1217 1215
f 1214 1216 1217
f 1214 1218 1216
f 1214 1215 1218
v -0.276867875097 -0.102196913587 -0.306648419431
v -0.276867875097 -0.105196913587 -0.306648419431
v -0.277832056511 -0.103696913587 -0.307797486096
v -0.275903693682 -0.103696913587 -0.305499352767
v -0.278016941762 -0.103696913587 -0.305684238017
v -0.275718808432 -0.103696913587 -0.307612600846
f 1219 1221 1223
f 1219 1223 1222
f 1219 1222 1224
f 1219 1224 1221
f 1220 1223 1221
f 1220 1222 1223
f 1220 1224 1222
f 1220 1221 1224
v -0.277131305064 -0.102196913587 -0.306419423255
v -0.277131305064 -0.105196913587 -0.306419423255
v -0.278135000973 -0.103696913587 -0.307534140493
v -0.276127609154 -0.103696913587 -0.305304706017
v -0.278246022302 -0.103696913587 -0.305415727345
v -0.276016587825 -0.103696913587 -0.307423119164
f 1225 1227 1229
f 1225 1229 1228
f 1225 1228 1230
f 1225 1230 1227
f 1226 1229 1227
f 1226 1228 1229
f 1226 1230 1228
f 1226 1227 1230
v -0.277386582705 -0.102196913587 -0.306181373003
v -0.277386582705 -0.105196913587 -0.306181373003
v -0.27842857026 -0.103696913587 -0.307260382704
v -0.276344595149 -0.103696913587 -0.305102363303
v -0.278465592405 -0.103696913587 -0.305139385448
v -0.276307573004 -0.103696913587 -0.307223360559
f 1231 1233 1235
f 1231 1235 1234
f 1231 1234 1236
f 1231 1236 1233
f 1232 1235 1233
f 1232 1234 1235
f 1232 1236 1234
f 1232 1233 1236
v -0.277633397003 -0.102196913587 -0.305934558705
v -0.277633397003 -0.105196913587 -0.305934558705
v -0.278712406704 -0.103696913587 -0.30697654626
v -0.276554387303 -0.103696913587 -0.304892571149
v -0.278675384559 -0.103696913587 -0.304855549004
v -0.276591409448 -0.103696913587 -0.307013568405
f 1237 1239 1241
f 1237 1241 1240
f 1237 1240 1242
f 1237 1242 1239
f 1238 1241 1239
f 1238 1240 1241
f 1238 1242 1240
f 1238 1239 1242
v -0.277871447255 -0.102196913587 -0.305679281064
v -0.277871447255 -0.105196913587 -0.305679281064
v -0.278986164493 -0.103696913587 -0.306682976973
v -0.276756730017 -0.103696913587 -0.304675585154
v -0.278875143164 -0.103696913587 -0.304564563825
v -0.276867751345 -0.103696913587 -0.306793998302
f 1243 1245 1247
f 1243 1247 1246
f 1243 1246 1248
f 1243 1248 1245
f 1244 1247 1245
f 1244 1246 1247
f 1244 1248 1246
f 1244 1245 1248
v -0.278100443431 -0.102196913587 -0.305415851097
v -0.278100443431 -0.105196913587 -0.305415851097
v -0.279249510096 -0.103696913587 -0.306380032511
v -0.276951376767 -0.103696913587 -0.304451669682
v -0.279064624846 -0.103696913587 -0.304266784432
v -0.277136262017 -0.103696913587 -0.306564917762
f 1249 1251 1253
f 1249 1253 1252
f 1249 1252 1254
f 1249 1254 1251
f 1250 1253 1251
f 1250 1252 1253
f 1250 1254 1252
f 1250 1251 1254
v -0.278320106536 -0.102196913587 -0.305144589753
v -0.278320106536 -0.105196913587 -0.305144589753
v -0.279502122666 -0.103696913587 -0.306068081966
v -0.277138090406 -0.103696913587 -0.30422109754
v -0.279243598749 -0.103696913587 -0.303962573623
v -0.277396614323 -0.103696913587 -0.306326605884
f 1255 1257 1259
f 1255 1259 1258
f 1255 1258 1260
f 1255 1260 1257
f 1256 1259 1257
f 1256 1258 1259
f 1256 1260 1258
f 1256 1257 1260
v -0.278530168944 -0.102196913587 -0.304865827523
v -0.278530168944 -0.105196913587 -0.304865827523
v -0.279743694435 -0.103696913587 -0.305747505401
v -0.277316643452 -0.103696913587 -0.303984149644
v -0.279411846822 -0.103696913587 -0.303652302031
v -0.277648491065 -0.103696913587 -0.306079353014
f 1261 1263 1265
f 1261 1265 1264
f 1261 1264 1266
f 1261 1266 1263
f 1262 1265 1263
f 1262 1264 1265
f 1262 1266 1264
f 1262 1263 1266
v -0.278730374726 -0.102196913587 -0.304579904035
v -0.278730374726 -0.105196913587 -0.304579904035
v -0.279973931084 -0.103696913587 -0.30541869339
v -0.277486818367 -0.103696913587 -0.30374111468
v -0.279569164081 -0.103696913587 -0.303336347676
v -0.27789158537 -0.103696913587 -0.305823460394
f 1267 1269 1271
f 1267 1271 1270
f 1267 1270 1272
f 1267 1272 1269
f 1268 1271 1269
f 1268 1270 1271
f 1268 1272 1270
f 1268 1269 1272
v -0.278920479962 -0.102196913587 -0.304287167642
v -0.278920479962 -0.105196913587 -0.304287167642
v -0.280192552106 -0.103696913587 -0.305082046539
v -0.277648407817 -0.103696913587 -0.303492288746
v -0.279715358858 -0.103696913587 -0.303015095498
v -0.278125601065 -0.103696913587 -0.305559239787
f 1273 1275 1277
f 1273 1277 1276
f 1273 1276 1278
f 1273 1278 1275
f 1274 1277 1275
f 1274 1276 1277
f 1274 1278 1276
f 1274 1275 1278
v -0.279100253038 -0.102196913587 -0.303987975
v -0.279100253038 -0.105196913587 -0.303987975
v -0.280399291144 -0.103696913587 -0.304737975
v -0.277801214932 -0.103696913587 -0.303237975
v -0.279850253038 -0.103696913587 -0.302688936894
v -0.278350253038 -0.103696913587 -0.305287013106
f 1279 1281 1283
f 1279 1283 1282
f 1279 1282 1284
f 1279 1284 1281
f 1280 1283 1281
f 1280 1282 1283
f 1280 1284 1282
f 1280 1281 1284
v -0.279269474929 -0.102196913587 -0.303682690628
v -0.279269474929 -0.105196913587 -0.303682690628
v -0.280593896318 -0.103696913587 -0.304386897972
v -0.277945053539 -0.103696913587 -0.302978483284
v -0.279973682273 -0.103696913587 -0.302358269239
v -0.278565267584 -0.103696913587 -0.305007112017
f 1285 1287 1289
f 1285 1289 1288
f 1285 1288 1290
f 1285 1290 1287
f 1286 1289 1287
f 1286 1288 1289
f 1286 1290 1288
f 1286 1287 1290
v -0.279427939463 -0.102196913587 -0.303371686468
v -0.279427939463 -0.105196913587 -0.303371686468
v -0.280776130532 -0.103696913587 -0.304029243188
v -0.278079748394 -0.103696913587 -0.302714129748
v -0.280085496183 -0.103696913587 -0.302023495398
v -0.278770382743 -0.103696913587 -0.304719877537
f 1291 1293 1295
f 1291 1295 1294
f 1291 1294 1296
f 1291 1296 1293
f 1292 1295 1293
f 1292 1294 1295
f 1292 1296 1294
f 1292 1293 1296
v -0.279575453576 -0.102196913587 -0.303055341431
v -0.279575453576 -0.105196913587 -0.303055341431
v -0.280945771763 -0.103696913587 -0.303665446395
v -0.27820513539 -0.103696913587 -0.302445236466
v -0.280185558541 -0.103696913587 -0.301685023244
v -0.278965348612 -0.103696913587 -0.304425659617
f 1297 1299 1301
f 1297 1301 1300
f 1297 1300 1302
f 1297 1302 1299
f 1298 1301 1299
f 1298 1300 1301
f 1298 1302 1300
f 1298 1299 1302
v -0.279711837546 -0.102196913587 -0.302734040934
v -0.279711837546 -0.105196913587 -0.302734040934
v -0.281102613328 -0.103696913587 -0.303295950824
v -0.278321061764 -0.103696913587 -0.302172131044
v -0.280273747436 -0.103696913587 -0.301343265152
v -0.279149927656 -0.103696913587 -0.304124816716
f 1303 1305 1307
f 1303 1307 1306
f 1303 1306 1308
f 1303 1308 1305
f 1304 1307 1305
f 1304 1306 1307
f 1304 1308 1306
f 1304 1305 1308
v -0.279836925208 -0.102196913587 -0.302408176433
v -0.279836925208 -0.105196913587 -0.302408176433
v -0.281246464139 -0.103696913587 -0.302921206648
v -0.278427386277 -0.103696913587 -0.301895146218
v -0.280349955423 -0.103696913587 -0.300998637502
v -0.279323894993 -0.103696913587 -0.303817715364
f 1309 1311 1313
f 1309 1313 1312
f 1309 1312 1314
f 1309 1314 1311
f 1310 1313 1311
f 1310 1312 1313
f 1310 1314 1312
f 1310 1311 1314
v -0.279950564163 -0.102196913587 -0.302078144944
v -0.279950564163 -0.105196913587 -0.302078144944
v -0.281377148937 -0.103696913587 -0.302541670435
v -0.278523979389 -0.103696913587 -0.301614619452
v -0.280414089655 -0.103696913587 -0.300651560169
v -0.279487038671 -0.103696913587 -0.303504729718
f 1315 1317 1319
f 1315 1319 1318
f 1315 1318 1320
f 1315 1320 1317
f 1316 1319 1317
f 1316 1318 1319
f 1316 1320 1318
f 1316 1317 1320
v -0.280052615959 -0.102196913587 -0.301744348558
v -0.280052615959 -0.105196913587 -0.301744348558
v -0.281494508503 -0.103696913587 -0.302157804592
v -0.278610723415 -0.103696913587 -0.301330892524
v -0.280466071993 -0.103696913587 -0.300302456014
v -0.279639159926 -0.103696913587 -0.303186241102
f 1321 1323 1325
f 1321 1325 1324
f 1321 1324 1326
f 1321 1326 1323
f 1322 1325 1323
f 1322 1324 1325
f 1322 1326 1324
f 1322 1323 1326
v -0.280142956263 -0.102196913587 -0.301407193956
v -0.280142956263 -0.105196913587 -0.301407193956
v -0.281598399852 -0.103696913587 -0.301770076799
v -0.278687512673 -0.103696913587 -0.301044311113
v -0.280505839106 -0.103696913587 -0.299951750367
v -0.279780073419 -0.103696913587 -0.302862637545
f 1327 1329 1331
f 1327 1331 1330
f 1327 1330 1332
f 1327 1332 1329
f 1328 1331 1329
f 1328 1330 1331
f 1328 1332 1330
f 1328 1329 1332
v -0.280221475007 -0.102196913587 -0.301067091908
v -0.280221475007 -0.105196913587 -0.301067091908
v -0.281688696408 -0.103696913587 -0.301378959444
v -0.278754253606 -0.103696913587 -0.300755224372
v -0.280533342544 -0.103696913587 -0.299599870507
v -0.279909607471 -0.103696913587 -0.302534313309
f 1333 1335 1337
f 1333 1337 1336
f 1333 1336 1338
f 1333 1338 1335
f 1334 1337 1335
f 1334 1336 1337
f 1334 1338 1336
f 1334 1335 1338
v -0.28028807653 -0.102196913587 -0.300724456777
v -0.28028807653 -0.105196913587 -0.300724456777
v -0.28176528816 -0.103696913587 -0.300984929043
v -0.278810864901 -0.103696913587 -0.30046398451
v -0.280548548797 -0.103696913587 -0.299247245147
v -0.280027604264 -0.103696913587 -0.302201668406
f 1339 1341 1343
f 1339 1343 1342
f 1339 1342 1344
f 1339 1344 1341
f 1340 1343 1341
f 1340 1342 1343
f 1340 1344 1342
f 1340 1341 1344
v -0.280342679687 -0.102196913587 -0.30037970601
v -0.280342679687 -0.105196913587 -0.30037970601
v -0.281828081791 -0.103696913587 -0.300588465661
v -0.278857277584 -0.103696913587 -0.300170946358
v -0.280551439339 -0.103696913587 -0.298894303906
v -0.280133920036 -0.103696913587 -0.301865108113
f 1345 1347 1349
f 1345 1349 1348
f 1345 1348 1350
f 1345 1350 1347
f 1346 1349 1347
f 1346 1348 1349
f 1346 1350 1348
f 1346 1347 1350
v -0.280385217954 -0.102196913587 -0.300033259633
v -0.280385217954 -0.105196913587 -0.300033259633
v -0.281877000797 -0.103696913587 -0.300190052328
v -0.278893435111 -0.103696913587 -0.299876466938
v -0.280542010649 -0.103696913587 -0.29854147679
v -0.280228425259 -0.103696913587 -0.301525042476
f 1351 1353 1355
f 1351 1355 1354
f 1351 1354 1356
f 1351 1356 1353
f 1352 1355 1353
f 1352 1354 1355
f 1352 1356 1354
f 1352 1353 1356
v -0.280415639503 -0.102196913587 -0.299685539737
v -0.280415639503 -0.105196913587 -0.299685539737
v -0.281911985578 -0.103696913587 -0.299790174448
v -0.278919293427 -0.103696913587 -0.299580905027
v -0.280520274213 -0.103696913587 -0.298189193662
v -0.280311004792 -0.103696913587 -0.301181885813
f 1357 1359 1361
f 1357 1361 1360
f 1357 1360 1362
f 1357 1362 1359
f 1358 1361 1359
f 1358 1360 1361
f 1358 1362 1360
f 1358 1359 1362
v -0.28043390727 -0.102196913587 -0.299336969967
v -0.28043390727 -0.105196913587 -0.299336969967
v -0.281932993511 -0.103696913587 -0.299389319212
v -0.27893482103 -0.103696913587 -0.299284620722
v -0.280486256515 -0.103696913587 -0.297837883726
v -0.280381558025 -0.103696913587 -0.300836056208
f 1363 1365 1367
f 1363 1367 1366
f 1363 1366 1368
f 1363 1368 1365
f 1364 1367 1365
f 1364 1366 1367
f 1364 1368 1366
f 1364 1365 1368
v -0.280439999 -0.102196913587 -0.298987975
v -0.280439999 -0.105196913587 -0.298987975
v -0.281939999 -0.103696913587 -0.298987975
v -0.278939999 -0.103696913587 -0.298987975
v -0.280439999 -0.103696913587 -0.297487975
v -0.280439999 -0.103696913587 -0.300487975
f 1369 1371 1373
f 1369 1373 1372
f 1369 1372 1374
f 1369 1374 1371
f 1370 1373 1371
f 1370 1372 1373
f 1370 1374 1372
f 1370 1371 1374
v -0.28043390727 -0.102196913587 -0.298638980033
v -0.28043390727 -0.105196913587 -0.298638980033
v -0.281932993511 -0.103696913587 -0.298586630788
v -0.27893482103 -0.103696913587 -0.298691329278
v -0.280381558025 -0.103696913587 -0.297139893792
v -0.280486256515 -0.103696913587 -0.300138066274
f 1375 1377 1379
f 1375 1379 1378
f 1375 1378 1380
f 1375 1380 1377
f 1376 1379 1377
f 1376 1378 1379
f 1376 1380 1378
f 1376 1377 1380
v -0.280415639503 -0.102196913587 -0.298290410263
v -0.280415639503 -0.105196913587 -0.298290410263
v -0.281911985578 -0.103696913587 -0.298185775552
v -0.278919293427 -0.103696913587 -0.298395044973
v -0.280311004792 -0.103696913587 -0.296794064187
v -0.280520274213 -0.103696913587 -0.299786756338
f 1381 1383 1385
f 1381 1385 1384
f 1381 1384 1386
f 1381 1386 1383
f 1382 1385 1383
f 1382 1384 1385
f 1382 1386 1384
f 1382 1383 1386
v -0.280385217954 -0.102196913587 -0.297942690367
v -0.280385217954 -0.105196913587 -0.297942690367
v -0.281877000797 -0.103696913587 -0.297785897672
v -0.278893435111 -0.103696913587 -0.298099483062
v -0.280228425259 -0.103696913587 -0.296450907524
v -0.280542010649 -0.103696913587 -0.29943447321
f 1387 1389 1391
f 1387 1391 1390
f 1387 1390 1392
f 1387 1392 1389
f 1388 1391 1389
f 1388 1390 1391
f 1388 1392 1390
f 1388 1389 1392
v -0.280342679687 -0.102196913587 -0.29759624399
v -0.280342679687 -0.105196913587 -0.29759624399
v -0.281828081791 -0.103696913587 -0.297387484339
v -0.278857277584 -0.103696913587 -0.297805003642
v -0.280133920036 -0.103696913587 -0.296110841887
v -0.280551439339 -0.103696913587 -0.299081646094
f 1393 1395 1397
f 1393 1397 1396
f 1393 1396 1398
f 1393 1398 1395
f 1394 1397 1395
f 1394 1396 1397
f 1394 1398 1396
f 1394 1395 1398
v -0.28028807653 -0.102196913587 -0.297251493223
v -0.28028807653 -0.105196913587 -0.297251493223
v -0.28176528816 -0.103696913587 -0.296991020957
v -0.278810864901 -0.103696913587 -0.29751196549
v -0.280027604264 -0.103696913587 -0.295774281594
v -0.280548548797 -0.103696913587 -0.298728704853
f 1399 1401 1403
f 1399 1403 1402
f 1399 1402 1404
f 1399 1404 1401
f 1400 1403 1401
f 1400 1402 1403
f 1400 1404 1402
f 1400 1401 1404
v -0.280221475007 -0.102196913587 -0.296908858092
v -0.280221475007 -0.105196913587 -0.296908858092
v -0.281688696408 -0.103696913587 -0.296596990556
v -0.278754253606 -0.103696913587 -0.297220725628
v -0.279909607471 -0.103696913587 -0.295441636691
v -0.280533342544 -0.103696913587 -0.298376079493
f 1405 1407 1409
f 1405 1409 1408
f 1405 1408 1410
f 1405 1410 1407
f 1406 1409 1407
f 1406 1408 1409
f 1406 1410 1408
f 1406 1407 1410
v -0.280142956263 -0.102196913587 -0.296568756044
v -0.280142956263 -0.105196913587 -0.296568756044
v -0.281598399852 -0.103696913587 -0.296205873201
v -0.278687512673 -0.103696913587 -0.296931638887
v -0.279780073419 -0.103696913587 -0.295113312455
v -0.280505839106 -0.103696913587 -0.298024199633
f 1411 1413 1415
f 1411 1415 1414
f 1411 1414 1416
f 1411 1416 1413
f 1412 1415 1413
f 1412 1414 1415
f 1412 1416 1414
f 1412 1413 1416
v -0.280052615959 -0.102196913587 -0.296231601442
v -0.280052615959 -0.105196913587 -0.296231601442
v -0.281494508503 -0.103696913587 -0.295818145408
v -0.278610723415 -0.103696913587 -0.296645057476
v -0.279639159926 -0.103696913587 -0.294789708898
v -0.280466071993 -0.103696913587 -0.297673493986
f 1417 1419 1421
f 1417 1421 1420
f 1417 1420 1422
f 1417 1422 1419
f 1418 1421 1419
f 1418 1420 1421
f 1418 1422 1420
f 1418 1419 1422
v -0.279950564163 -0.102196913587 -0.295897805056
v -0.279950564163 -0.105196913587 -0.295897805056
v -0.281377148937 -0.103696913587 -0.295434279565
v -0.278523979389 -0.103696913587 -0.296361330548
v -0.279487038671 -0.103696913587 -0.294471220282
v -0.280414089655 -0.103696913587 -0.297324389831
f 1423 1425 1427
f 1423 1427 1426
f 1423 1426 1428
f 1423 1428 1425
f 1424 1427 1425
f 1424 1426 1427
f 1424 1428 1426
f 1424 1425 1428
v -0.279836925208 -0.102196913587 -0.295567773567
v -0.279836925208 -0.105196913587 -0.295567773567
v -0.281246464139 -0.103696913587 -0.295054743352
v -0.278427386277 -0.103696913587 -0.296080803782
v -0.279323894993 -0.103696913587 -0.294158234636
v -0.280349955423 -0.103696913587 -0.296977312498
f 1429 1431 1433
f 1429 1433 1432
f 1429 1432 1434
f 1429 1434 1431
f 1430 1433 1431
f 1430 1432 1433
f 1430 1434 1432
f 1430 1431 1434
v -0.279711837546 -0.102196913587 -0.295241909066
v -0.279711837546 -0.105196913587 -0.295241909066
v -0.281102613328 -0.103696913587 -0.294679999176
v -0.278321061764 -0.103696913587 -0.295803818956
v -0.279149927656 -0.103696913587 -0.293851133284
v -0.280273747436 -0.103696913587 -0.296632684848
f 1435 1437 1439
f 1435 1439 1438
f 1435 1438 1440
f 1435 1440 1437
f 1436 1439 1437
f 1436 1438 1439
f 1436 1440 1438
f 1436 1437 1440
v -0.279575453576 -0.102196913587 -0.294920608569
v -0.279575453576 -0.105196913587 -0.294920608569
v -0.280945771763 -0.103696913587 -0.294310503605
v -0.27820513539 -0.103696913587 -0.295530713534
v -0.278965348612 -0.103696913587 -0.293550290383
v -0.280185558541 -0.103696913587 -0.296290926756
f 1441 1443 1445
f 1441 1445 1444
f 1441 1444 1446
f 1441 1446 1443
f 1442 1445 1443
f 1442 1444 1445
f 1442 1446 1444
f 1442 1443 1446
v -0.279427939463 -0.102196913587 -0.294604263532
v -0.279427939463 -0.105196913587 -0.294604263532
v -0.280776130532 -0.103696913587 -0.293946706812
v -0.278079748394 -0.103696913587 -0.295261820252
v -0.278770382743 -0.103696913587 -0.293256072463
v -0.280085496183 -0.103696913587 -0.295952454602
f 1447 1449 1451
f 1447 1451 1450
f 1447 1450 1452
f 1447 1452 1449
f 1448 1451 1449
f 1448 1450 1451
f 1448 1452 1450
f 1448 1449 1452
v -0.279269474929 -0.102196913587 -0.294293259372
v -0.279269474929 -0.105196913587 -0.294293259372
v -0.280593896318 -0.103696913587 -0.293589052028
v -0.277945053539 -0.103696913587 -0.294997466716
v -0.278565267584 -0.103696913587 -0.292968837983
v -0.279973682273 -0.103696913587 -0.295617680761
f 1453 1455 1457
f 1453 1457 1456
f 1453 1456 1458
f 1453 1458 1455
f 1454 1457 1455
f 1454 1456 1457
f 1454 1458 1456
f 1454 1455 1458
v -0.279100253038 -0.102196913587 -0.293987975
v -0.279100253038 -0.105196913587 -0.293987975
v -0.280399291144 -0.103696913587 -0.293237975
v -0.277801214932 -0.103696913587 -0.294737975
v -0.278350253038 -0.103696913587 -0.292688936894
v -0.279850253038 -0.103696913587 -0.295287013106
f 1459 1461 1463
f 1459 1463 1462
f 1459 1462 1464
f 1459 1464 1461
f 1460 1463 1461
f 1460 1462 1463
f 1460 1464 1462
f 1460 1461 1464
v -0.278920479962 -0.102196913587 -0.293688782358
v -0.278920479962 -0.105196913587 -0.293688782358
v -0.280192552106 -0.103696913587 -0.292893903461
v -0.277648407817 -0.103696913587 -0.294483661254
v -0.278125601065 -0.103696913587 -0.292416710213
v -0.279715358858 -0.103696913587 -0.294960854502
f 1465 1467 1469
f 1465 1469 1468
f 1465 1468 1470
f 1465 1470 1467
f 1466 1469 1467
f 1466 1468 1469
f 1466 1470 1468
f 1466 1467 1470
v -0.278730374726 -0.102196913587 -0.293396045965
v -0.278730374726 -0.105196913587 -0.293396045965
v -0.279973931084 -0.103696913587 -0.29255725661
v -0.277486818367 -0.103696913587 -0.29423483532
v -0.27789158537 -0.103696913587 -0.292152489606
v -0.279569164081 -0.103696913587 -0.294639602324
f 1471 1473 1475
f 1471 1475 1474
f 1471 1474 1476
f 1471 1476 1473
f 1472 1475 1473
f 1472 1474 1475
f 1472 1476 1474
f 1472 1473 1476
v -0.262779554569 -0.102196913587 -0.305415851097
v -0.262779554569 -0.105196913587 -0.305415851097
v -0.261630487904 -0.103696913587 -0.306380032511
v -0.263928621233 -0.103696913587 -0.304451669682
v -0.263743735983 -0.103696913587 -0.306564917762
v -0.261815373154 -0.103696913587 -0.304266784432
f 1477 1479 1481
f 1477 1481 1480
f 1477 1480 1482
f 1477 1482 1479
f 1478 1481 1479
f 1478 1480 1481
f 1478 1482 1480
f 1478 1479 1482
v -0.263008550745 -0.102196913587 -0.305679281064
v -0.263008550745 -0.105196913587 -0.305679281064
v -0.261893833507 -0.103696913587 -0.306682976973
v -0.264123267983 -0.103696913587 -0.304675585154
v -0.264012246655 -0.103696913587 -0.306793998302
v -0.262004854836 -0.103696913587 -0.304564563825
f 1483 1485 1487
f 1483 1487 1486
f 1483 1486 1488
f 1483 1488 1485
f 1484 1487 1485
f 1484 1486 1487
f 1484 1488 1486
f 1484 1485 1488
v -0.263246600997 -0.102196913587 -0.305934558705
v -0.263246600997 -0.105196913587 -0.305934558705
v -0.262167591296 -0.103696913587 -0.30697654626
v -0.264325610697 -0.103696913587 -0.304892571149
v -0.264288588552 -0.103696913587 -0.307013568405
v -0.262204613441 -0.103696913587 -0.304855549004
f 1489 1491 1493
f 1489 1493 1492
f 1489 1492 1494
f 1489 1494 1491
f 1490 1493 1491
f 1490 1492 1493
f 1490 1494 1492
f 1490 1491 1494
v -0.263493415295 -0.102196913587 -0.306181373003
v -0.263493415295 -0.105196913587 -0.306181373003
v -0.26245142774 -0.103696913587 -0.307260382704
v -0.264535402851 -0.103696913587 -0.305102363303
v -0.264572424996 -0.103696913587 -0.307223360559
v -0.262414405595 -0.103696913587 -0.305139385448
f 1495 1497 1499
f 1495 1499 1498
f 1495 1498 1500
f 1495 1500 1497
f 1496 1499 1497
f 1496 1498 1499
f 1496 1500 1498
f 1496 1497 1500
v -0.263748692936 -0.102196913587 -0.306419423255
v -0.263748692936 -0.105196913587 -0.306419423255
v -0.262744997027 -0.103696913587 -0.307534140493
v -0.264752388846 -0.103696913587 -0.305304706017
v -0.264863410175 -0.103696913587 -0.307423119164
v -0.262633975698 -0.103696913587 -0.305415727345
f 1501 1503 1505
f 1501 1505 1504
f 1501 1504 1506
f 1501 1506 1503
f 1502 1505 1503
f 1502 1504 1505
f 1502 1506 1504
f 1502 1503 1506
v -0.264012122903 -0.102196913587 -0.306648419431
v -0.264012122903 -0.105196913587 -0.306648419431
v -0.263047941489 -0.103696913587 -0.307797486096
v -0.264976304318 -0.103696913587 -0.305499352767
v -0.265161189568 -0.103696913587 -0.307612600846
v -0.262863056238 -0.103696913587 -0.305684238017
f 1507 1509 1511
f 1507 1511 1510
f 1507 1510 1512
f 1507 1512 1509
f 1508 1511 1509
f 1508 1510 1511
f 1508 1512 1510
f 1508 1509 1512
v -0.264283384247 -0.102196913587 -0.306868082536
v -0.264283384247 -0.105196913587 -0.306868082536
v -0.263359892034 -0.103696913587 -0.308050098666
v -0.26520687646 -0.103696913587 -0.305686066406
v -0.265465400377 -0.103696913587 -0.307791574749
v -0.263101368116 -0.103696913587 -0.305944590323
f 1513 1515 1517
f 1513 1517 1516
f 1513 1516 1518
f 1513 1518 1515
f 1514 1517 1515
f 1514 1516 1517
f 1514 1518 1516
f 1514 1515 1518
v -0.264562146477 -0.102196913587 -0.307078144944
v -0.264562146477 -0.105196913587 -0.307078144944
v -0.263680468599 -0.103696913587 -0.308291670435
v -0.265443824356 -0.103696913587 -0.305864619452
v -0.265775671969 -0.103696913587 -0.307959822822
v -0.263348620986 -0.103696913587 -0.306196467065
f 1519 1521 1523
f 1519 1523 1522
f 1519 1522 1524
f 1519 1524 1521
f 1520 1523 1521
f 1520 1522 1523
f 1520 1524 1522
f 1520 1521 1524
v -0.264848069965 -0.102196913587 -0.307278350726
v -0.264848069965 -0.105196913587 -0.307278350726
v -0.26400928061 -0.103696913587 -0.308521907084
v -0.26568685932 -0.103696913587 -0.306034794367
v -0.266091626324 -0.103696913587 -0.308117140081
v -0.263604513606 -0.103696913587 -0.30643956137
f 1525 1527 1529
f 1525 1529 1528
f 1525 1528 1530
f 1525 1530 1527
f 1526 1529 1527
f 1526 1528 1529
f 1526 1530 1528
f 1526 1527 1530
v -0.265140806358 -0.102196913587 -0.307468455962
v -0.265140806358 -0.105196913587 -0.307468455962
v -0.264345927461 -0.103696913587 -0.308740528106
v -0.265935685254 -0.103696913587 -0.306196383817
v -0.266412878502 -0.103696913587 -0.308263334858
v -0.263868734213 -0.103696913587 -0.306673577065
f 1531 1533 1535
f 1531 1535 1534
f 1531 1534 1536
f 1531 1536 1533
f 1532 1535 1533
f 1532 1534 1535
f 1532 1536 1534
f 1532 1533 1536
v -0.265439999 -0.102196913587 -0.307648229038
v -0.265439999 -0.105196913587 -0.307648229038
v -0.264689999 -0.103696913587 -0.308947267144
v -0.266189999 -0.103696913587 -0.306349190932
v -0.266739037106 -0.103696913587 -0.308398229038
v -0.264140960894 -0.103696913587 -0.306898229038
f 1537 1539 1541
f 1537 1541 1540
f 1537 1540 1542
f 1537 1542 1539
f 1538 1541 1539
f 1538 1540 1541
f 1538 1542 1540
f 1538 1539 1542
v -0.265745283372 -0.102196913587 -0.307817450929
v -0.265745283372 -0.105196913587 -0.307817450929
v -0.265041076028 -0.103696913587 -0.309141872318
v -0.266449490716 -0.103696913587 -0.306493029539
v -0.267069704761 -0.103696913587 -0.308521658273
v -0.264420861983 -0.103696913587 -0.307113243584
f 1543 1545 1547
f 1543 1547 1546
f 1543 1546 1548
f 1543 1548 1545
f 1544 1547 1545
f 1544 1546 1547
f 1544 1548 1546
f 1544 1545 1548
v -0.266056287532 -0.102196913587 -0.307975915463
v -0.266056287532 -0.105196913587 -0.307975915463
v -0.265398730812 -0.103696913587 -0.309324106532
v -0.266713844252 -0.103696913587 -0.306627724394
v -0.267404478602 -0.103696913587 -0.308633472183
v -0.264708096463 -0.103696913587 -0.307318358743
f 1549 1551 1553
f 1549 1553 1552
f 1549 1552 1554
f 1549 1554 1551
f 1550 1553 1551
f 1550 1552 1553
f 1550 1554 1552
f 1550 1551 1554
v -0.266372632569 -0.102196913587 -0.308123429576
v -0.266372632569 -0.105196913587 -0.308123429576
v -0.265762527605 -0.103696913587 -0.309493747763
v -0.266982737534 -0.103696913587 -0.30675311139
v -0.267742950756 -0.103696913587 -0.308733534541
v -0.265002314383 -0.103696913587 -0.307513324612
f 1555 1557 1559
f 1555 1559 1558
f 1555 1558 1560
f 1555 1560 1557
f 1556 1559 1557
f 1556 1558 1559
f 1556 1560 1558
f 1556 1557 1560
v -0.266693933066 -0.102196913587 -0.308259813546
v -0.266693933066 -0.105196913587 -0.308259813546
v -0.266132023176 -0.103696913587 -0.309650589328
v -0.267255842956 -0.103696913587 -0.306869037764
v -0.268084708848 -0.103696913587 -0.308821723436
v -0.265303157284 -0.103696913587 -0.307697903656
f 1561 1563 1565
f 1561 1565 1564
f 1561 1564 1566
f 1561 1566 1563
f 1562 1565 1563
f 1562 1564 1565
f 1562 1566 1564
f 1562 1563 1566
v -0.267019797567 -0.102196913587 -0.308384901208
v -0.267019797567 -0.105196913587 -0.308384901208
v -0.266506767352 -0.103696913587 -0.309794440139
v -0.267532827782 -0.103696913587 -0.306975362277
v -0.268429336498 -0.103696913587 -0.308897931423
v -0.265610258636 -0.103696913587 -0.307871870993
f 1567 1569 1571
f 1567 1571 1570
f 1567 1570 1572
f 1567 1572 1569
f 1568 1571 1569
f 1568 1570 1571
f 1568 1572 1570
f 1568 1569 1572
v -0.267349829056 -0.102196913587 -0.308498540163
v -0.267349829056 -0.105196913587 -0.308498540163
v -0.266886303565 -0.103696913587 -0.309925124937
v -0.267813354548 -0.103696913587 -0.307071955389
v -0.268776413831 -0.103696913587 -0.308962065655
v -0.265923244282 -0.103696913587 -0.308035014671
f 1573 1575 1577
f 1573 1577 1576
f 1573 1576 1578
f 1573 1578 1575
f 1574 1577 1575
f 1574 1576 1577
f 1574 1578 1576
f 1574 1575 1578
v -0.267683625442 -0.102196913587 -0.308600591959
v -0.267683625442 -0.105196913587 -0.308600591959
v -0.267270169408 -0.103696913587 -0.310042484503
v -0.268097081476 -0.103696913587 -0.307158699415
v -0.269125517986 -0.103696913587 -0.309014047993
v -0.266241732898 -0.103696913587 -0.308187135926
f 1579 1581 1583
f 1579 1583 1582
f 1579 1582 1584
f 1579 1584 1581
f 1580 1583 1581
f 1580 1582 1583
f 1580 1584 1582
f 1580 1581 1584
v -0.268020780044 -0.102196913587 -0.308690932263
v -0.268020780044 -0.105196913587 -0.308690932263
v -0.267657897201 -0.103696913587 -0.310146375852
v -0.268383662887 -0.103696913587 -0.307235488673
v -0.269476223633 -0.103696913587 -0.309053815106
v -0.266565336455 -0.103696913587 -0.308328049419
f 1585 1587 1589
f 1585 1589 1588
f 1585 1588 1590
f 1585 1590 1587
f 1586 1589 1587
f 1586 1588 1589
f 1586 1590 1588
f 1586 1587 1590
v -0.268360882092 -0.102196913587 -0.308769451007
v -0.268360882092 -0.105196913587 -0.308769451007
v -0.268049014556 -0.103696913587 -0.310236672408
v -0.268672749628 -0.103696913587 -0.307302229606
v -0.269828103493 -0.103696913587 -0.309081318544
v -0.266893660691 -0.103696913587 -0.308457583471
f 1591 1593 1595
f 1591 1595 1594
f 1591 1594 1596
f 1591 1596 1593
f 1592 1595 1593
f 1592 1594 1595
f 1592 1596 1594
f 1592 1593 1596
v -0.268703517223 -0.102196913587 -0.30883605253
v -0.268703517223 -0.105196913587 -0.30883605253
v -0.268443044957 -0.103696913587 -0.31031326416
v -0.26896398949 -0.103696913587 -0.307358840901
v -0.270180728853 -0.103696913587 -0.309096524797
v -0.267226305594 -0.103696913587 -0.308575580264
f 1597 1599 1601
f 1597 1601 1600
f 1597 1600 1602
f 1597 1602 1599
f 1598 1601 1599
f 1598 1600 1601
f 1598 1602 1600
f 1598 1599 1602
v -0.26904826799 -0.102196913587 -0.308890655687
v -0.26904826799 -0.105196913587 -0.308890655687
v -0.268839508339 -0.103696913587 -0.310376057791
v -0.269257027642 -0.103696913587 -0.307405253584
v -0.270533670094 -0.103696913587 -0.309099415339
v -0.267562865887 -0.103696913587 -0.308681896036
f 1603 1605 1607
f 1603 1607 1606
f 1603 1606 1608
f 1603 1608 1605
f 1604 1607 1605
f 1604 1606 1607
f 1604 1608 1606
f 1604 1605 1608
v -0.269394714367 -0.102196913587 -0.308933193954
v -0.269394714367 -0.105196913587 -0.308933193954
v -0.269237921672 -0.103696913587 -0.310424976797
v -0.269551507062 -0.103696913587 -0.307441411111
v -0.27088649721 -0.103696913587 -0.309089986649
v -0.267902931524 -0.103696913587 -0.308776401259
f 1609 1611 1613
f 1609 1613 1612
f 1609 1612 1614
f 1609 1614 1611
f 1610 1613 1611
f 1610 1612 1613
f 1610 1614 1612
f 1610 1611 1614
v -0.269742434263 -0.102196913587 -0.308963615503
v -0.269742434263 -0.105196913587 -0.308963615503
v -0.269637799552 -0.103696913587 -0.310459961578
v -0.269847068973 -0.103696913587 -0.307467269427
v -0.271238780338 -0.103696913587 -0.309068250213
v -0.268246088187 -0.103696913587 -0.308858980792
f 1615 1617 1619
f 1615 1619 1618
f 1615 1618 1620
f 1615 1620 1617
f 1616 1619 1617
f 1616 1618 1619
f 1616 1620 1618
f 1616 1617 1620
v -0.270091004033 -0.102196913587 -0.30898188327
v -0.270091004033 -0.105196913587 -0.30898188327
v -0.270038654788 -0.103696913587 -0.310480969511
v -0.270143353278 -0.103696913587 -0.30748279703
v -0.271590090274 -0.103696913587 -0.309034232515
v -0.268591917792 -0.103696913587 -0.308929534025
f 1621 1623 1625
f 1621 1625 1624
f 1621 1624 1626
f 1621 1626 1623
f 1622 1625 1623
f 1622 1624 1625
f 1622 1626 1624
f 1622 1623 1626
o rejected_candidates
usemtl rejected_marker
g rejected_candidates
v -0.277926101159 -0.102196913587 -0.293139190984
v -0.277926101159 -0.105196913587 -0.293139190984
v -0.27910811729 -0.103696913587 -0.292215698771
v -0.276744085029 -0.103696913587 -0.294062683197
v -0.277002608946 -0.103696913587 -0.291957174854
v -0.278849593372 -0.103696913587 -0.294321207115
f 1627 1629 1631
f 1627 1631 1630
f 1627 1630 1632
f 1627 1632 1629
f 1628 1631 1629
f 1628 1630 1631
f 1628 1632 1630
f 1628 1629 1632
v -0.27771742121 -0.102196913587 -0.292881492708
v -0.27771742121 -0.105196913587 -0.292881492708
v -0.278866487874 -0.103696913587 -0.291917311293
v -0.276568354545 -0.103696913587 -0.293845674123
v -0.276753239795 -0.103696913587 -0.291732426043
v -0.278681602624 -0.103696913587 -0.294030559373
f 1633 1635 1637
f 1633 1637 1636
f 1633 1636 1638
f 1633 1638 1635
f 1634 1637 1635
f 1634 1636 1637
f 1634 1638 1636
f 1634 1635 1638
v -0.277499874842 -0.102196913587 -0.29263123424
v -0.277499874842 -0.105196913587 -0.29263123424
v -0.27861459208 -0.103696913587 -0.29162753833
v -0.276385157604 -0.103696913587 -0.293634930149
v -0.276496178932 -0.103696913587 -0.291516517001
v -0.278503570752 -0.103696913587 -0.293745951478
f 1639 1641 1643
f 1639 1643 1642
f 1639 1642 1644
f 1639 1644 1641
f 1640 1643 1641
f 1640 1642 1643
f 1640 1644 1642
f 1640 1641 1644
v -0.277273727103 -0.102196913587 -0.292388720481
v -0.277273727103 -0.105196913587 -0.292388720481
v -0.278352736804 -0.103696913587 -0.291346732925
v -0.276194717403 -0.103696913587 -0.293430708036
v -0.276231739548 -0.103696913587 -0.29130971078
v -0.278315714659 -0.103696913587 -0.293467730181
f 1645 1647 1649
f 1645 1649 1648
f 1645 1648 1650
f 1645 1650 1647
f 1646 1649 1647
f 1646 1648 1649
f 1646 1650 1648
f 1646 1647 1650
v -0.277039253519 -0.102196913587 -0.292154246897
v -0.277039253519 -0.105196913587 -0.292154246897
v -0.278081241075 -0.103696913587 -0.291075237196
v -0.275997265964 -0.103696913587 -0.293233256597
v -0.275960243819 -0.103696913587 -0.291112259341
v -0.27811826322 -0.103696913587 -0.293196234452
f 1651 1653 1655
f 1651 1655 1654
f 1651 1654 1656
f 1651 1656 1653
f 1652 1655 1653
f 1652 1654 1655
f 1652 1656 1654
f 1652 1653 1656
v -0.27679673976 -0.102196913587 -0.291928099158
v -0.27679673976 -0.105196913587 -0.291928099158
v -0.27780043567 -0.103696913587 -0.29081338192
v -0.275793043851 -0.103696913587 -0.293042816396
v -0.275682022522 -0.103696913587 -0.290924403248
v -0.277911456999 -0.103696913587 -0.292931795068
f 1657 1659 1661
f 1657 1661 1660
f 1657 1660 1662
f 1657 1662 1659
f 1658 1661 1659
f 1658 1660 1661
f 1658 1662 1660
f 1658 1659 1662
v -0.276546481292 -0.102196913587 -0.29171055279
v -0.276546481292 -0.105196913587 -0.29171055279
v -0.277510662707 -0.103696913587 -0.290561486126
v -0.275582299877 -0.103696913587 -0.292859619455
v -0.275397414627 -0.103696913587 -0.290746371376
v -0.277695547957 -0.103696913587 -0.292674734205
f 1663 1665 1667
f 1663 1667 1666
f 1663 1666 1668
f 1663 1668 1665
f 1664 1667 1665
f 1664 1666 1667
f 1664 1668 1666
f 1664 1665 1668
v -0.276288783016 -0.102196913587 -0.291501872841
v -0.276288783016 -0.105196913587 -0.291501872841
v -0.277212275229 -0.103696913587 -0.29031985671
v -0.275365290803 -0.103696913587 -0.292683888971
v -0.275106766885 -0.103696913587 -0.290578380628
v -0.277470799146 -0.103696913587 -0.292425365054
f 1669 1671 1673
f 1669 1673 1672
f 1669 1672 1674
f 1669 1674 1671
f 1670 1673 1671
f 1670 1672 1673
f 1670 1674 1672
f 1670 1671 1674
v -0.276023958897 -0.102196913587 -0.291302313553
v -0.276023958897 -0.105196913587 -0.291302313553
v -0.276905636775 -0.103696913587 -0.290088788062
v -0.275142281018 -0.103696913587 -0.292515839045
v -0.274810433405 -0.103696913587 -0.290420635675
v -0.277237484388 -0.103696913587 -0.292183991432
f 1675 1677 1679
f 1675 1679 1678
f 1675 1678 1680
f 1675 1680 1677
f 1676 1679 1677
f 1676 1678 1679
f 1676 1680 1678
f 1676 1677 1680
v -0.275752331583 -0.102196913587 -0.291112118061
v -0.275752331583 -0.105196913587 -0.291112118061
v -0.276591120938 -0.103696913587 -0.289868561702
v -0.274913542228 -0.103696913587 -0.29235567442
v -0.274508775224 -0.103696913587 -0.290273328706
v -0.276995887942 -0.103696913587 -0.291950907416
f 1681 1683 1685
f 1681 1685 1684
f 1681 1684 1686
f 1681 1686 1683
f 1682 1685 1683
f 1682 1684 1685
f 1682 1686 1684
f 1682 1683 1686
v -0.27547423201 -0.102196913587 -0.290931518087
v -0.27547423201 -0.105196913587 -0.290931518087
v -0.276269110907 -0.103696913587 -0.289659445942
v -0.274679353114 -0.103696913587 -0.292203590231
v -0.274202159866 -0.103696913587 -0.29013663919
v -0.276746304154 -0.103696913587 -0.291726396983
f 1687 1689 1691
f 1687 1691 1690
f 1687 1690 1692
f 1687 1692 1689
f 1688 1691 1689
f 1688 1690 1691
f 1688 1692 1690
f 1688 1689 1692
v -0.275189999 -0.102196913587 -0.290760733664
v -0.275189999 -0.105196913587 -0.290760733664
v -0.275939999 -0.103696913587 -0.289461695558
v -0.274439999 -0.103696913587 -0.29205977177
v -0.273890960894 -0.103696913587 -0.290010733664
v -0.276489037106 -0.103696913587 -0.291510733664
f 1693 1695 1697
f 1693 1697 1696
f 1693 1696 1698
f 1693 1698 1695
f 1694 1697 1695
f 1694 1696 1697
f 1694 1698 1696
f 1694 1695 1698
v -0.274899978846 -0.102196913587 -0.290599972868
v -0.274899978846 -0.105196913587 -0.290599972868
v -0.275604186191 -0.103696913587 -0.289275551479
v -0.274195771502 -0.103696913587 -0.291924394257
v -0.273575557457 -0.103696913587 -0.289895765524
v -0.276224400236 -0.103696913587 -0.291304180212
f 1699 1701 1703
f 1699 1703 1702
f 1699 1702 1704
f 1699 1704 1701
f 1700 1703 1701
f 1700 1702 1703
f 1700 1704 1702
f 1700 1701 1704
v -0.274604524894 -0.102196913587 -0.29044943156
v -0.274604524894 -0.105196913587 -0.29044943156
v -0.275262081615 -0.103696913587 -0.289101240491
v -0.273946968174 -0.103696913587 -0.29179762263
v -0.273256333825 -0.103696913587 -0.28979187484
v -0.275952715964 -0.103696913587 -0.29110698828
f 1705 1707 1709
f 1705 1709 1708
f 1705 1708 1710
f 1705 1710 1707
f 1706 1709 1707
f 1706 1708 1709
f 1706 1710 1708
f 1706 1707 1710
v -0.274303997109 -0.102196913587 -0.290309293152
v -0.274303997109 -0.105196913587 -0.290309293152
v -0.274914102074 -0.103696913587 -0.288938974966
v -0.273693892145 -0.103696913587 -0.291679611339
v -0.272933678923 -0.103696913587 -0.289699188188
v -0.275674315296 -0.103696913587 -0.290919398117
f 1711 1713 1715
f 1711 1715 1714
f 1711 1714 1716
f 1711 1716 1713
f 1712 1715 1713
f 1712 1714 1715
f 1712 1716 1714
f 1712 1713 1716
v -0.273998761637 -0.102196913587 -0.290179728382
v -0.273998761637 -0.105196913587 -0.290179728382
v -0.274560671528 -0.103696913587 -0.2887889526
v -0.273436851747 -0.103696913587 -0.291570504163
v -0.272607985856 -0.103696913587 -0.289617818491
v -0.275389537419 -0.103696913587 -0.290741638272
f 1717 1719 1721
f 1717 1721 1720
f 1717 1720 1722
f 1717 1722 1719
f 1718 1721 1719
f 1718 1720 1721
f 1718 1722 1720
f 1718 1719 1722
v -0.273689190362 -0.102196913587 -0.290060895103
v -0.273689190362 -0.105196913587 -0.290060895103
v -0.274202220577 -0.103696913587 -0.288651356171
v -0.273176160147 -0.103696913587 -0.291470434034
v -0.27227965143 -0.103696913587 -0.289547864888
v -0.275098729293 -0.103696913587 -0.290573925318
f 1723 1725 1727
f 1723 1727 1726
f 1723 1726 1728
f 1723 1728 1725
f 1724 1727 1725
f 1724 1726 1727
f 1724 1728 1726
f 1724 1725 1728
v -0.273375660447 -0.102196913587 -0.289952938095
v -0.273375660447 -0.105196913587 -0.289952938095
v -0.273839185938 -0.103696913587 -0.288526353321
v -0.272912134955 -0.103696913587 -0.29137952287
v -0.271949075672 -0.103696913587 -0.289489412604
v -0.274802245221 -0.103696913587 -0.290416463587
f 1729 1731 1733
f 1729 1733 1732
f 1729 1732 1734
f 1729 1734 1731
f 1730 1733 1731
f 1730 1732 1733
f 1730 1734 1732
f 1730 1731 1734
v -0.27305855388 -0.102196913587 -0.289855988889
v -0.27305855388 -0.105196913587 -0.289855988889
v -0.273472009914 -0.103696913587 -0.288414096345
v -0.272645097847 -0.103696913587 -0.291297881432
v -0.271616661336 -0.103696913587 -0.289442532855
v -0.274500446424 -0.103696913587 -0.290269444922
f 1735 1737 1739
f 1735 1739 1738
f 1735 1738 1740
f 1735 1740 1737
f 1736 1739 1737
f 1736 1738 1739
f 1736 1740 1738
f 1736 1737 1740
v -0.272738257008 -0.102196913587 -0.2897701656
v -0.272738257008 -0.105196913587 -0.2897701656
v -0.273101139852 -0.103696913587 -0.288314722011
v -0.272375374165 -0.103696913587 -0.29122560919
v -0.271282813419 -0.103696913587 -0.289407282757
v -0.274193700598 -0.103696913587 -0.290133048444
f 1741 1743 1745
f 1741 1745 1744
f 1741 1744 1746
f 1741 1746 1743
f 1742 1745 1743
f 1742 1744 1745
f 1742 1746 1744
f 1742 1743 1746
v -0.272415160063 -0.102196913587 -0.289695572793
v -0.272415160063 -0.105196913587 -0.289695572793
v -0.272727027599 -0.103696913587 -0.288228351392
v -0.272103292527 -0.103696913587 -0.291162794194
v -0.270947938662 -0.103696913587 -0.289383705257
v -0.273882381464 -0.103696913587 -0.290007440329
f 1747 1749 1751
f 1747 1751 1750
f 1747 1750 1752
f 1747 1752 1749
f 1748 1751 1749
f 1748 1750 1751
f 1748 1752 1750
f 1748 1749 1752
v -0.272089656688 -0.102196913587 -0.289632301346
v -0.272089656688 -0.105196913587 -0.289632301346
v -0.272350128954 -0.103696913587 -0.288155089717
v -0.271829184421 -0.103696913587 -0.291109512976
v -0.270612445058 -0.103696913587 -0.28937182908
v -0.273566868317 -0.103696913587 -0.289892773613
f 1753 1755 1757
f 1753 1757 1756
f 1753 1756 1758
f 1753 1758 1755
f 1754 1757 1755
f 1754 1756 1757
f 1754 1758 1756
f 1754 1755 1758
v -0.271762143459 -0.102196913587 -0.289580428347
v -0.271762143459 -0.105196913587 -0.289580428347
v -0.271970903111 -0.103696913587 -0.288095026244
v -0.271553383808 -0.103696913587 -0.29106583045
v -0.270276741356 -0.103696913587 -0.289371668696
v -0.273247545562 -0.103696913587 -0.289789187998
f 1759 1761 1763
f 1759 1763 1762
f 1759 1762 1764
f 1759 1764 1761
f 1760 1763 1761
f 1760 1762 1763
f 1760 1764 1762
f 1760 1761 1764
v -0.271433019401 -0.102196913587 -0.289540016994
v -0.271433019401 -0.105196913587 -0.289540016994
v -0.271589812096 -0.103696913587 -0.288048234151
v -0.271276226706 -0.103696913587 -0.291031799837
v -0.269941236558 -0.103696913587 -0.289383224299
v -0.272924802244 -0.103696913587 -0.289696809689
f 1765 1767 1769
f 1765 1769 1768
f 1765 1768 1770
f 1765 1770 1767
f 1766 1769 1767
f 1766 1768 1769
f 1766 1770 1768
f 1766 1767 1770
v -0.271102685501 -0.102196913587 -0.289511116523
v -0.271102685501 -0.105196913587 -0.289511116523
v -0.271207320211 -0.103696913587 -0.288014770447
v -0.27099805079 -0.103696913587 -0.291007462598
v -0.269606339425 -0.103696913587 -0.289406481812
v -0.272599031576 -0.103696913587 -0.289615751233
f 1771 1773 1775
f 1771 1775 1774
f 1771 1774 1776
f 1771 1776 1773
f 1772 1775 1773
f 1772 1774 1775
f 1772 1776 1774
f 1772 1773 1776
v -0.270771544219 -0.102196913587 -0.289493762143
v -0.270771544219 -0.105196913587 -0.289493762143
v -0.270823893464 -0.103696913587 -0.287994675903
v -0.270719194974 -0.103696913587 -0.290992848384
v -0.269272457978 -0.103696913587 -0.289441412898
v -0.272270630459 -0.103696913587 -0.289546111388
f 1777 1779 1781
f 1777 1781 1780
f 1777 1780 1782
f 1777 1782 1779
f 1778 1781 1779
f 1778 1780 1781
f 1778 1782 1780
f 1778 1779 1782
v -0.270439999 -0.102196913587 -0.289487975
v -0.270439999 -0.105196913587 -0.289487975
v -0.270439999 -0.103696913587 -0.287987975
v -0.270439999 -0.103696913587 -0.290987975
v -0.268939999 -0.103696913587 -0.289487975
v -0.271939999 -0.103696913587 -0.289487975
f 1783 1785 1787
f 1783 1787 1786
f 1783 1786 1788
f 1783 1788 1785
f 1784 1787 1785
f 1784 1786 1787
f 1784 1788 1786
f 1784 1785 1788
v -0.270108453781 -0.102196913587 -0.289493762143
v -0.270108453781 -0.105196913587 -0.289493762143
v -0.270056104536 -0.103696913587 -0.287994675903
v -0.270160803026 -0.103696913587 -0.290992848384
v -0.268609367541 -0.103696913587 -0.289546111388
v -0.271607540022 -0.103696913587 -0.289441412898
f 1789 1791 1793
f 1789 1793 1792
f 1789 1792 1794
f 1789 1794 1791
f 1790 1793 1791
f 1790 1792 1793
f 1790 1794 1792
f 1790 1791 1794
v -0.269777312499 -0.102196913587 -0.289511116523
v -0.269777312499 -0.105196913587 -0.289511116523
v -0.269672677789 -0.103696913587 -0.288014770447
v -0.26988194721 -0.103696913587 -0.291007462598
v -0.268280966424 -0.103696913587 -0.289615751233
v -0.271273658575 -0.103696913587 -0.289406481812
f 1795 1797 1799
f 1795 1799 1798
f 1795 1798 1800
f 1795 1800 1797
f 1796 1799 1797
f 1796 1798 1799
f 1796 1800 1798
f 1796 1797 1800
v -0.269446978599 -0.102196913587 -0.289540016994
v -0.269446978599 -0.105196913587 -0.289540016994
v -0.269290185904 -0.103696913587 -0.288048234151
v -0.269603771294 -0.103696913587 -0.291031799837
v -0.267955195756 -0.103696913587 -0.289696809689
v -0.270938761442 -0.103696913587 -0.289383224299
f 1801 1803 1805
f 1801 1805 1804
f 1801 1804 1806
f 1801 1806 1803
f 1802 1805 1803
f 1802 1804 1805
f 1802 1806 1804
f 1802 1803 1806
v -0.269117854541 -0.102196913587 -0.289580428347
v -0.269117854541 -0.105196913587 -0.289580428347
v -0.268909094889 -0.103696913587 -0.288095026244
v -0.269326614192 -0.103696913587 -0.29106583045
v -0.267632452438 -0.103696913587 -0.289789187998
v -0.270603256644 -0.103696913587 -0.289371668696
f 1807 1809 1811
f 1807 1811 1810
f 1807 1810 1812
f 1807 1812 1809
f 1808 1811 1809
f 1808 1810 1811
f 1808 1812 1810
f 1808 1809 1812
v -0.268790341312 -0.102196913587 -0.289632301346
v -0.268790341312 -0.105196913587 -0.289632301346
v -0.268529869046 -0.103696913587 -0.288155089717
v -0.269050813579 -0.103696913587 -0.291109512976
v -0.267313129683 -0.103696913587 -0.289892773613
v -0.270267552942 -0.103696913587 -0.28937182908
f 1813 1815 1817
f 1813 1817 1816
f 1813 1816 1818
f 1813 1818 1815
f 1814 1817 1815
f 1814 1816 1817
f 1814 1818 1816
f 1814 1815 1818
v -0.268464837937 -0.102196913587 -0.289695572793
v -0.268464837937 -0.105196913587 -0.289695572793
v -0.268152970401 -0.103696913587 -0.288228351392
v -0.268776705473 -0.103696913587 -0.291162794194
v -0.266997616536 -0.103696913587 -0.290007440329
v -0.269932059338 -0.103696913587 -0.289383705257
f 1819 1821 1823
f 1819 1823 1822
f 1819 1822 1824
f 1819 1824 1821
f 1820 1823 1821
f 1820 1822 1823
f 1820 1824 1822
f 1820 1821 1824
v -0.268141740992 -0.102196913587 -0.2897701656
v -0.268141740992 -0.105196913587 -0.2897701656
v -0.267778858148 -0.103696913587 -0.288314722011
v -0.268504623835 -0.103696913587 -0.29122560919
v -0.266686297402 -0.103696913587 -0.290133048444
v -0.269597184581 -0.103696913587 -0.289407282757
f 1825 1827 1829
f 1825 1829 1828
f 1825 1828 1830
f 1825 1830 1827
f 1826 1829 1827
f 1826 1828 1829
f 1826 1830 1828
f 1826 1827 1830
v -0.26782144412 -0.102196913587 -0.289855988889
v -0.26782144412 -0.105196913587 -0.289855988889
v -0.267407988086 -0.103696913587 -0.288414096345
v -0.268234900153 -0.103696913587 -0.291297881432
v -0.266379551576 -0.103696913587 -0.290269444922
v -0.269263336664 -0.103696913587 -0.289442532855
f 1831 1833 1835
f 1831 1835 1834
f 1831 1834 1836
f 1831 1836 1833
f 1832 1835 1833
f 1832 1834 1835
f 1832 1836 1834
f 1832 1833 1836
v -0.267504337553 -0.102196913587 -0.289952938095
v -0.267504337553 -0.105196913587 -0.289952938095
v -0.267040812062 -0.103696913587 -0.288526353321
v -0.267967863045 -0.103696913587 -0.29137952287
v -0.266077752779 -0.103696913587 -0.290416463587
v -0.268930922328 -0.103696913587 -0.289489412604
f 1837 1839 1841
f 1837 1841 1840
f 1837 1840 1842
f 1837 1842 1839
f 1838 1841 1839
f 1838 1840 1841
f 1838 1842 1840
f 1838 1839 1842
v -0.267190807638 -0.102196913587 -0.290060895103
v -0.267190807638 -0.105196913587 -0.290060895103
v -0.266677777423 -0.103696913587 -0.288651356171
v -0.267703837853 -0.103696913587 -0.291470434034
v -0.265781268707 -0.103696913587 -0.290573925318
v -0.26860034657 -0.103696913587 -0.289547864888
f 1843 1845 1847
f 1843 1847 1846
f 1843 1846 1848
f 1843 1848 1845
f 1844 1847 1845
f 1844 1846 1847
f 1844 1848 1846
f 1844 1845 1848
v -0.266881236363 -0.102196913587 -0.290179728382
v -0.266881236363 -0.105196913587 -0.290179728382
v -0.266319326472 -0.103696913587 -0.2887889526
v -0.267443146253 -0.103696913587 -0.291570504163
v -0.265490460581 -0.103696913587 -0.290741638272
v -0.268272012144 -0.103696913587 -0.289617818491
f 1849 1851 1853
f 1849 1853 1852
f 1849 1852 1854
f 1849 1854 1851
f 1850 1853 1851
f 1850 1852 1853
f 1850 1854 1852
f 1850 1851 1854
v -0.266576000891 -0.102196913587 -0.290309293152
v -0.266576000891 -0.105196913587 -0.290309293152
v -0.265965895926 -0.103696913587 -0.288938974966
v -0.267186105855 -0.103696913587 -0.291679611339
v -0.265205682704 -0.103696913587 -0.290919398117
v -0.267946319077 -0.103696913587 -0.289699188188
f 1855 1857 1859
f 1855 1859 1858
f 1855 1858 1860
f 1855 1860 1857
f 1856 1859 1857
f 1856 1858 1859
f 1856 1860 1858
f 1856 1857 1860
v -0.266275473106 -0.102196913587 -0.29044943156
v -0.266275473106 -0.105196913587 -0.29044943156
v -0.265617916385 -0.103696913587 -0.289101240491
v -0.266933029826 -0.103696913587 -0.29179762263
v -0.264927282036 -0.103696913587 -0.29110698828
v -0.267623664175 -0.103696913587 -0.28979187484
f 1861 1863 1865
f 1861 1865 1864
f 1861 1864 1866
f 1861 1866 1863
f 1862 1865 1863
f 1862 1864 1865
f 1862 1866 1864
f 1862 1863 1866
v -0.265980019154 -0.102196913587 -0.290599972868
v -0.265980019154 -0.105196913587 -0.290599972868
v -0.265275811809 -0.103696913587 -0.289275551479
v -0.266684226498 -0.103696913587 -0.291924394257
v -0.264655597764 -0.103696913587 -0.291304180212
v -0.267304440543 -0.103696913587 -0.289895765524
f 1867 1869 1871
f 1867 1871 1870
f 1867 1870 1872
f 1867 1872 1869
f 1868 1871 1869
f 1868 1870 1871
f 1868 1872 1870
f 1868 1869 1872
v -0.265689999 -0.102196913587 -0.290760733664
v -0.265689999 -0.105196913587 -0.290760733664
v -0.264939999 -0.103696913587 -0.289461695558
v -0.266439999 -0.103696913587 -0.29205977177
v -0.264390960894 -0.103696913587 -0.291510733664
v -0.266989037106 -0.103696913587 -0.290010733664
f 1873 1875 1877
f 1873 1877 1876
f 1873 1876 1878
f 1873 1878 1875
f 1874 1877 1875
f 1874 1876 1877
f 1874 1878 1876
f 1874 1875 1878
v -0.26540576599 -0.102196913587 -0.290931518087
v -0.26540576599 -0.105196913587 -0.290931518087
v -0.264610887093 -0.103696913587 -0.289659445942
v -0.266200644886 -0.103696913587 -0.292203590231
v -0.264133693846 -0.103696913587 -0.291726396983
v -0.266677838134 -0.103696913587 -0.29013663919
f 1879 1881 1883
f 1879 1883 1882
f 1879 1882 1884
f 1879 1884 1881
f 1880 1883 1881
f 1880 1882 1883
f 1880 1884 1882
f 1880 1881 1884
v -0.265127666417 -0.102196913587 -0.291112118061
v -0.265127666417 -0.105196913587 -0.291112118061
v -0.264288877062 -0.103696913587 -0.289868561702
v -0.265966455772 -0.103696913587 -0.29235567442
v -0.263884110058 -0.103696913587 -0.291950907416
v -0.266371222776 -0.103696913587 -0.290273328706
f 1885 1887 1889
f 1885 1889 1888
f 1885 1888 1890
f 1885 1890 1887
f 1886 1889 1887
f 1886 1888 1889
f 1886 1890 1888
f 1886 1887 1890
v -0.264856039103 -0.102196913587 -0.291302313553
v -0.264856039103 -0.105196913587 -0.291302313553
v -0.263974361225 -0.103696913587 -0.290088788062
v -0.265737716982 -0.103696913587 -0.292515839045
v -0.263642513612 -0.103696913587 -0.292183991432
v -0.266069564595 -0.103696913587 -0.290420635675
f 1891 1893 1895
f 1891 1895 1894
f 1891 1894 1896
f 1891 1896 1893
f 1892 1895 1893
f 1892 1894 1895
f 1892 1896 1894
f 1892 1893 1896
v -0.264591214984 -0.102196913587 -0.291501872841
v -0.264591214984 -0.105196913587 -0.291501872841
v -0.263667722771 -0.103696913587 -0.29031985671
v -0.265514707197 -0.103696913587 -0.292683888971
v -0.263409198854 -0.103696913587 -0.292425365054
v -0.265773231115 -0.103696913587 -0.290578380628
f 1897 1899 1901
f 1897 1901 1900
f 1897 1900 1902
f 1897 1902 1899
f 1898 1901 1899
f 1898 1900 1901
f 1898 1902 1900
f 1898 1899 1902
v -0.264333516708 -0.102196913587 -0.29171055279
v -0.264333516708 -0.105196913587 -0.29171055279
v -0.263369335293 -0.103696913587 -0.290561486126
v -0.265297698123 -0.103696913587 -0.292859619455
v -0.263184450043 -0.103696913587 -0.292674734205
v -0.265482583373 -0.103696913587 -0.290746371376
f 1903 1905 1907
f 1903 1907 1906
f 1903 1906 1908
f 1903 1908 1905
f 1904 1907 1905
f 1904 1906 1907
f 1904 1908 1906
f 1904 1905 1908
v -0.26408325824 -0.102196913587 -0.291928099158
v -0.26408325824 -0.105196913587 -0.291928099158
v -0.26307956233 -0.103696913587 -0.29081338192
v -0.265086954149 -0.103696913587 -0.293042816396
v -0.262968541001 -0.103696913587 -0.292931795068
v -0.265197975478 -0.103696913587 -0.290924403248
f 1909 1911 1913
f 1909 1913 1912
f 1909 1912 1914
f 1909 1914 1911
f 1910 1913 1911
f 1910 1912 1913
f 1910 1914 1912
f 1910 1911 1914
v -0.263840744481 -0.102196913587 -0.292154246897
v -0.263840744481 -0.105196913587 -0.292154246897
v -0.262798756925 -0.103696913587 -0.291075237196
v -0.264882732036 -0.103696913587 -0.293233256597
v -0.26276173478 -0.103696913587 -0.293196234452
v -0.264919754181 -0.103696913587 -0.291112259341
f 1915 1917 1919
f 1915 1919 1918
f 1915 1918 1920
f 1915 1920 1917
f 1916 1919 1917
f 1916 1918 1919
f 1916 1920 1918
f 1916 1917 1920
v -0.263606270897 -0.102196913587 -0.292388720481
v -0.263606270897 -0.105196913587 -0.292388720481
v -0.262527261196 -0.103696913587 -0.291346732925
v -0.264685280597 -0.103696913587 -0.293430708036
v -0.262564283341 -0.103696913587 -0.293467730181
v -0.264648258452 -0.103696913587 -0.29130971078
f 1921 1923 1925
f 1921 1925 1924
f 1921 1924 1926
f 1921 1926 1923
f 1922 1925 1923
f 1922 1924 1925
f 1922 1926 1924
f 1922 1923 1926
v -0.263380123158 -0.102196913587 -0.29263123424
v -0.263380123158 -0.105196913587 -0.29263123424
v -0.26226540592 -0.103696913587 -0.29162753833
v -0.264494840396 -0.103696913587 -0.293634930149
v -0.262376427248 -0.103696913587 -0.293745951478
v -0.264383819068 -0.103696913587 -0.291516517001
f 1927 1929 1931
f 1927 1931 1930
f 1927 1930 1932
f 1927 1932 1929
f 1928 1931 1929
f 1928 1930 1931
f 1928 1932 1930
f 1928 1929 1932
v -0.26316257679 -0.102196913587 -0.292881492708
v -0.26316257679 -0.105196913587 -0.292881492708
v -0.262013510126 -0.103696913587 -0.291917311293
v -0.264311643455 -0.103696913587 -0.293845674123
v -0.262198395376 -0.103696913587 -0.294030559373
v -0.264126758205 -0.103696913587 -0.291732426043
f 1933 1935 1937
f 1933 1937 1936
f 1933 1936 1938
f 1933 1938 1935
f 1934 1937 1935
f 1934 1936 1937
f 1934 1938 1936
f 1934 1935 1938
v -0.262953896841 -0.102196913587 -0.293139190984
v -0.262953896841 -0.105196913587 -0.293139190984
v -0.26177188071 -0.103696913587 -0.292215698771
v -0.264135912971 -0.103696913587 -0.294062683197
v -0.262030404628 -0.103696913587 -0.294321207115
v -0.263877389054 -0.103696913587 -0.291957174854
f 1939 1941 1943
f 1939 1943 1942
f 1939 1942 1944
f 1939 1944 1941
f 1940 1943 1941
f 1940 1942 1943
f 1940 1944 1942
f 1940 1941 1944
v -0.262564142061 -0.102196913587 -0.293675642417
v -0.262564142061 -0.105196913587 -0.293675642417
v -0.261320585702 -0.103696913587 -0.292836853062
v -0.26380769842 -0.103696913587 -0.294514431772
v -0.261725352706 -0.103696913587 -0.294919198776
v -0.263402931416 -0.103696913587 -0.292432086058
f 1945 1947 1949
f 1945 1949 1948
f 1945 1948 1950
f 1945 1950 1947
f 1946 1949 1947
f 1946 1948 1949
f 1946 1950 1948
f 1946 1947 1950
v -0.262383542087 -0.102196913587 -0.29395374199
v -0.262383542087 -0.105196913587 -0.29395374199
v -0.261111469942 -0.103696913587 -0.293158863093
v -0.263655614231 -0.103696913587 -0.294748620886
v -0.26158866319 -0.103696913587 -0.295225814134
v -0.263178420983 -0.103696913587 -0.292681669846
f 1951 1953 1955
f 1951 1955 1954
f 1951 1954 1956
f 1951 1956 1953
f 1952 1955 1953
f 1952 1954 1955
f 1952 1956 1954
f 1952 1953 1956
v -0.262212757664 -0.102196913587 -0.294237975
v -0.262212757664 -0.105196913587 -0.294237975
v -0.260913719558 -0.103696913587 -0.293487975
v -0.26351179577 -0.103696913587 -0.294987975
v -0.261462757664 -0.103696913587 -0.295537013106
v -0.262962757664 -0.103696913587 -0.292938936894
f 1957 1959 1961
f 1957 1961 1960
f 1957 1960 1962
f 1957 1962 1959
f 1958 1961 1959
f 1958 1960 1961
f 1958 1962 1960
f 1958 1959 1962
v -0.262051996868 -0.102196913587 -0.294527995154
v -0.262051996868 -0.105196913587 -0.294527995154
v -0.260727575479 -0.103696913587 -0.293823787809
v -0.263376418257 -0.103696913587 -0.295232202498
v -0.261347789524 -0.103696913587 -0.295852416543
v -0.262756204212 -0.103696913587 -0.293203573764
f 1963 1965 1967
f 1963 1967 1966
f 1963 1966 1968
f 1963 1968 1965
f 1964 1967 1965
f 1964 1966 1967
f 1964 1968 1966
f 1964 1965 1968
v -0.26190145556 -0.102196913587 -0.294823449106
v -0.26190145556 -0.105196913587 -0.294823449106
v -0.260553264491 -0.103696913587 -0.294165892385
v -0.26324964663 -0.103696913587 -0.295481005826
v -0.26124389884 -0.103696913587 -0.296171640175
v -0.26255901228 -0.103696913587 -0.293475258036
f 1969 1971 1973
f 1969 1973 1972
f 1969 1972 1974
f 1969 1974 1971
f 1970 1973 1971
f 1970 1972 1973
f 1970 1974 1972
f 1970 1971 1974
v -0.261761317152 -0.102196913587 -0.295123976891
v -0.261761317152 -0.105196913587 -0.295123976891
v -0.260390998966 -0.103696913587 -0.294513871926
v -0.263131635339 -0.103696913587 -0.295734081855
v -0.261151212188 -0.103696913587 -0.296494295077
v -0.262371422117 -0.103696913587 -0.293753658704
f 1975 1977 1979
f 1975 1979 1978
f 1975 1978 1980
f 1975 1980 1977
f 1976 1979 1977
f 1976 1978 1979
f 1976 1980 1978
f 1976 1977 1980
v -0.261631752382 -0.102196913587 -0.295429212363
v -0.261631752382 -0.105196913587 -0.295429212363
v -0.2602409766 -0.103696913587 -0.294867302472
v -0.263022528163 -0.103696913587 -0.295991122253
v -0.261069842491 -0.103696913587 -0.296819988144
v -0.262193662272 -0.103696913587 -0.294038436581
f 1981 1983 1985
f 1981 1985 1984
f 1981 1984 1986
f 1981 1986 1983
f 1982 1985 1983
f 1982 1984 1985
f 1982 1986 1984
f 1982 1983 1986
v -0.261512919103 -0.102196913587 -0.295738783638
v -0.261512919103 -0.105196913587 -0.295738783638
v -0.260103380171 -0.103696913587 -0.295225753423
v -0.262922458034 -0.103696913587 -0.296251813853
v -0.260999888888 -0.103696913587 -0.29714832257
v -0.262025949318 -0.103696913587 -0.294329244707
f 1987 1989 1991
f 1987 1991 1990
f 1987 1990 1992
f 1987 1992 1989
f 1988 1991 1989
f 1988 1990 1991
f 1988 1992 1990
f 1988 1989 1992
v -0.261404962095 -0.102196913587 -0.296052313553
v -0.261404962095 -0.105196913587 -0.296052313553
v -0.259978377321 -0.103696913587 -0.295588788062
v -0.26283154687 -0.103696913587 -0.296515839045
v -0.260941436604 -0.103696913587 -0.297478898328
v -0.261868487587 -0.103696913587 -0.294625728779
f 1993 1995 1997
f 1993 1997 1996
f 1993 1996 1998
f 1993 1998 1995
f 1994 1997 1995
f 1994 1996 1997
f 1994 1998 1996
f 1994 1995 1998
v -0.261308012889 -0.102196913587 -0.29636942012
v -0.261308012889 -0.105196913587 -0.29636942012
v -0.259866120345 -0.103696913587 -0.295955964086
v -0.262749905432 -0.103696913587 -0.296782876153
v -0.260894556855 -0.103696913587 -0.297811312664
v -0.261721468922 -0.103696913587 -0.294927527576
f 1999 2001 2003
f 1999 2003 2002
f 1999 2002 2004
f 1999 2004 2001
f 2000 2003 2001
f 2000 2002 2003
f 2000 2004 2002
f 2000 2001 2004
v -0.2612221896 -0.102196913587 -0.296689716992
v -0.2612221896 -0.105196913587 -0.296689716992
v -0.259766746011 -0.103696913587 -0.296326834148
v -0.26267763319 -0.103696913587 -0.297052599835
v -0.260859306757 -0.103696913587 -0.298145160581
v -0.261585072444 -0.103696913587 -0.295234273402
f 2005 2007 2009
f 2005 2009 2008
f 2005 2008 2010
f 2005 2010 2007
f 2006 2009 2007
f 2006 2008 2009
f 2006 2010 2008
f 2006 2007 2010
v -0.261147596793 -0.102196913587 -0.297012813937
v -0.261147596793 -0.105196913587 -0.297012813937
v -0.259680375392 -0.103696913587 -0.296700946401
v -0.262614818194 -0.103696913587 -0.297324681473
v -0.260835729257 -0.103696913587 -0.298480035338
v -0.261459464329 -0.103696913587 -0.295545592536
f 2011 2013 2015
f 2011 2015 2014
f 2011 2014 2016
f 2011 2016 2013
f 2012 2015 2013
f 2012 2014 2015
f 2012 2016 2014
f 2012 2013 2016
v -0.261084325346 -0.102196913587 -0.297338317312
v -0.261084325346 -0.105196913587 -0.297338317312
v -0.259607113717 -0.103696913587 -0.297077845046
v -0.262561536976 -0.103696913587 -0.297598789579
v -0.26082385308 -0.103696913587 -0.298815528942
v -0.261344797613 -0.103696913587 -0.295861105683
f 2017 2019 2021
f 2017 2021 2020
f 2017 2020 2022
f 2017 2022 2019
f 2018 2021 2019
f 2018 2020 2021
f 2018 2022 2020
f 2018 2019 2022
v -0.261032452347 -0.102196913587 -0.297665830541
v -0.261032452347 -0.105196913587 -0.297665830541
v -0.259547050244 -0.103696913587 -0.297457070889
v -0.26251785445 -0.103696913587 -0.297874590192
v -0.260823692696 -0.103696913587 -0.299151232644
v -0.261241211998 -0.103696913587 -0.296180428438
f 2023 2025 2027
f 2023 2027 2026
f 2023 2026 2028
f 2023 2028 2025
f 2024 2027 2025
f 2024 2026 2027
f 2024 2028 2026
f 2024 2025 2028
v -0.260992040994 -0.102196913587 -0.297994954599
v -0.260992040994 -0.105196913587 -0.297994954599
v -0.259500258151 -0.103696913587 -0.297838161904
v -0.262483823837 -0.103696913587 -0.298151747294
v -0.260835248299 -0.103696913587 -0.299486737442
v -0.261148833689 -0.103696913587 -0.296503171756
f 2029 2031 2033
f 2029 2033 2032
f 2029 2032 2034
f 2029 2034 2031
f 2030 2033 2031
f 2030 2032 2033
f 2030 2034 2032
f 2030 2031 2034
v -0.260963140523 -0.102196913587 -0.298325288499
v -0.260963140523 -0.105196913587 -0.298325288499
v -0.259466794447 -0.103696913587 -0.298220653789
v -0.262459486598 -0.103696913587 -0.29842992321
v -0.260858505812 -0.103696913587 -0.299821634575
v -0.261067775233 -0.103696913587 -0.296828942424
f 2035 2037 2039
f 2035 2039 2038
f 2035 2038 2040
f 2035 2040 2037
f 2036 2039 2037
f 2036 2038 2039
f 2036 2040 2038
f 2036 2037 2040
v -0.260945786143 -0.102196913587 -0.298656429781
v -0.260945786143 -0.105196913587 -0.298656429781
v -0.259446699903 -0.103696913587 -0.298604080536
v -0.262444872384 -0.103696913587 -0.298708779026
v -0.260893436898 -0.103696913587 -0.300155516022
v -0.260998135388 -0.103696913587 -0.297157343541
f 2041 2043 2045
f 2041 2045 2044
f 2041 2044 2046
f 2041 2046 2043
f 2042 2045 2043
f 2042 2044 2045
f 2042 2046 2044
f 2042 2043 2046
v -0.260939999 -0.102196913587 -0.298987975
v -0.260939999 -0.105196913587 -0.298987975
v -0.259439999 -0.103696913587 -0.298987975
v -0.262439999 -0.103696913587 -0.298987975
v -0.260939999 -0.103696913587 -0.300487975
v -0.260939999 -0.103696913587 -0.297487975
f 2047 2049 2051
f 2047 2051 2050
f 2047 2050 2052
f 2047 2052 2049
f 2048 2051 2049
f 2048 2050 2051
f 2048 2052 2050
f 2048 2049 2052
v -0.260945786143 -0.102196913587 -0.299319520219
v -0.260945786143 -0.105196913587 -0.299319520219
v -0.259446699903 -0.103696913587 -0.299371869464
v -0.262444872384 -0.103696913587 -0.299267170974
v -0.260998135388 -0.103696913587 -0.300818606459
v -0.260893436898 -0.103696913587 -0.297820433978
f 2053 2055 2057
f 2053 2057 2056
f 2053 2056 2058
f 2053 2058 2055
f 2054 2057 2055
f 2054 2056 2057
f 2054 2058 2056
f 2054 2055 2058
v -0.260963140523 -0.102196913587 -0.299650661501
v -0.260963140523 -0.105196913587 -0.299650661501
v -0.259466794447 -0.103696913587 -0.299755296211
v -0.262459486598 -0.103696913587 -0.29954602679
v -0.261067775233 -0.103696913587 -0.301147007576
v -0.260858505812 -0.103696913587 -0.298154315425
f 2059 2061 2063
f 2059 2063 2062
f 2059 2062 2064
f 2059 2064 2061
f 2060 2063 2061
f 2060 2062 2063
f 2060 2064 2062
f 2060 2061 2064
v -0.260992040994 -0.102196913587 -0.299980995401
v -0.260992040994 -0.105196913587 -0.299980995401
v -0.259500258151 -0.103696913587 -0.300137788096
v -0.262483823837 -0.103696913587 -0.299824202706
v -0.261148833689 -0.103696913587 -0.301472778244
v -0.260835248299 -0.103696913587 -0.298489212558
f 2065 2067 2069
f 2065 2069 2068
f 2065 2068 2070
f 2065 2070 2067
f 2066 2069 2067
f 2066 2068 2069
f 2066 2070 2068
f 2066 2067 2070
v -0.261032452347 -0.102196913587 -0.300310119459
v -0.261032452347 -0.105196913587 -0.300310119459
v -0.259547050244 -0.103696913587 -0.300518879111
v -0.26251785445 -0.103696913587 -0.300101359808
v -0.261241211998 -0.103696913587 -0.301795521562
v -0.260823692696 -0.103696913587 -0.298824717356
f 2071 2073 2075
f 2071 2075 2074
f 2071 2074 2076
f 2071 2076 2073
f 2072 2075 2073
f 2072 2074 2075
f 2072 2076 2074
f 2072 2073 2076
v -0.261084325346 -0.102196913587 -0.300637632688
v -0.261084325346 -0.105196913587 -0.300637632688
v -0.259607113717 -0.103696913587 -0.300898104954
v -0.262561536976 -0.103696913587 -0.300377160421
v -0.261344797613 -0.103696913587 -0.302114844317
v -0.26082385308 -0.103696913587 -0.299160421058
f 2077 2079 2081
f 2077 2081 2080
f 2077 2080 2082
f 2077 2082 2079
f 2078 2081 2079
f 2078 2080 2081
f 2078 2082 2080
f 2078 2079 2082
v -0.261147596793 -0.102196913587 -0.300963136063
v -0.261147596793 -0.105196913587 -0.300963136063
v -0.259680375392 -0.103696913587 -0.301275003599
v -0.262614818194 -0.103696913587 -0.300651268527
v -0.261459464329 -0.103696913587 -0.302430357464
v -0.260835729257 -0.103696913587 -0.299495914662
f 2083 2085 2087
f 2083 2087 2086
f 2083 2086 2088
f 2083 2088 2085
f 2084 2087 2085
f 2084 2086 2087
f 2084 2088 2086
f 2084 2085 2088
v -0.2612221896 -0.102196913587 -0.301286233008
v -0.2612221896 -0.105196913587 -0.301286233008
v -0.259766746011 -0.103696913587 -0.301649115852
v -0.26267763319 -0.103696913587 -0.300923350165
v -0.261585072444 -0.103696913587 -0.302741676598
v -0.260859306757 -0.103696913587 -0.299830789419
f 2089 2091 2093
f 2089 2093 2092
f 2089 2092 2094
f 2089 2094 2091
f 2090 2093 2091
f 2090 2092 2093
f 2090 2094 2092
f 2090 2091 2094
v -0.261308012889 -0.102196913587 -0.30160652988
v -0.261308012889 -0.105196913587 -0.30160652988
v -0.259866120345 -0.103696913587 -0.302019985914
v -0.262749905432 -0.103696913587 -0.301193073847
v -0.261721468922 -0.103696913587 -0.303048422424
v -0.260894556855 -0.103696913587 -0.300164637336
f 2095 2097 2099
f 2095 2099 2098
f 2095 2098 2100
f 2095 2100 2097
f 2096 2099 2097
f 2096 2098 2099
f 2096 2100 2098
f 2096 2097 2100
v -0.261404962095 -0.102196913587 -0.301923636447
v -0.261404962095 -0.105196913587 -0.301923636447
v -0.259978377321 -0.103696913587 -0.302387161938
v -0.26283154687 -0.103696913587 -0.301460110955
v -0.261868487587 -0.103696913587 -0.303350221221
v -0.260941436604 -0.103696913587 -0.300497051672
f 2101 2103 2105
f 2101 2105 2104
f 2101 2104 2106
f 2101 2106 2103
f 2102 2105 2103
f 2102 2104 2105
f 2102 2106 2104
f 2102 2103 2106
v -0.261512919103 -0.102196913587 -0.302237166362
v -0.261512919103 -0.105196913587 -0.302237166362
v -0.260103380171 -0.103696913587 -0.302750196577
v -0.262922458034 -0.103696913587 -0.301724136147
v -0.262025949318 -0.103696913587 -0.303646705293
v -0.260999888888 -0.103696913587 -0.30082762743
f 2107 2109 2111
f 2107 2111 2110
f 2107 2110 2112
f 2107 2112 2109
f 2108 2111 2109
f 2108 2110 2111
f 2108 2112 2110
f 2108 2109 2112
v -0.261631752382 -0.102196913587 -0.302546737637
v -0.261631752382 -0.105196913587 -0.302546737637
v -0.2602409766 -0.103696913587 -0.303108647528
v -0.263022528163 -0.103696913587 -0.301984827747
v -0.262193662272 -0.103696913587 -0.303937513419
v -0.261069842491 -0.103696913587 -0.301155961856
f 2113 2115 2117
f 2113 2117 2116
f 2113 2116 2118
f 2113 2118 2115
f 2114 2117 2115
f 2114 2116 2117
f 2114 2118 2116
f 2114 2115 2118
v -0.261761317152 -0.102196913587 -0.302851973109
v -0.261761317152 -0.105196913587 -0.302851973109
v -0.260390998966 -0.103696913587 -0.303462078074
v -0.263131635339 -0.103696913587 -0.302241868145
v -0.262371422117 -0.103696913587 -0.304222291296
v -0.261151212188 -0.103696913587 -0.301481654923
f 2119 2121 2123
f 2119 2123 2122
f 2119 2122 2124
f 2119 2124 2121
f 2120 2123 2121
f 2120 2122 2123
f 2120 2124 2122
f 2120 2121 2124
v -0.26190145556 -0.102196913587 -0.303152500894
v -0.26190145556 -0.105196913587 -0.303152500894
v -0.260553264491 -0.103696913587 -0.303810057615
v -0.26324964663 -0.103696913587 -0.302494944174
v -0.26255901228 -0.103696913587 -0.304500691964
v -0.26124389884 -0.103696913587 -0.301804309825
f 2125 2127 2129
f 2125 2129 2128
f 2125 2128 2130
f 2125 2130 2127
f 2126 2129 2127
f 2126 2128 2129
f 2126 2130 2128
f 2126 2127 2130
v -0.262051996868 -0.102196913587 -0.303447954846
v -0.262051996868 -0.105196913587 -0.303447954846
v -0.260727575479 -0.103696913587 -0.304152162191
v -0.263376418257 -0.103696913587 -0.302743747502
v -0.262756204212 -0.103696913587 -0.304772376236
v -0.261347789524 -0.103696913587 -0.302123533457
f 2131 2133 2135
f 2131 2135 2134
f 2131 2134 2136
f 2131 2136 2133
f 2132 2135 2133
f 2132 2134 2135
f 2132 2136 2134
f 2132 2133 2136
v -0.262212757664 -0.102196913587 -0.303737975
v -0.262212757664 -0.105196913587 -0.303737975
v -0.260913719558 -0.103696913587 -0.304487975
v -0.26351179577 -0.103696913587 -0.302987975
v -0.262962757664 -0.103696913587 -0.305037013106
v -0.261462757664 -0.103696913587 -0.302438936894
f 2137 2139 2141
f 2137 2141 2140
f 2137 2140 2142
f 2137 2142 2139
f 2138 2141 2139
f 2138 2140 2141
f 2138 2142 2140
f 2138 2139 2142
v -0.262383542087 -0.102196913587 -0.30402220801
v -0.262383542087 -0.105196913587 -0.30402220801
v -0.261111469942 -0.103696913587 -0.304817086907
v -0.263655614231 -0.103696913587 -0.303227329114
v -0.263178420983 -0.103696913587 -0.305294280154
v -0.26158866319 -0.103696913587 -0.302750135866
f 2143 2145 2147
f 2143 2147 2146
f 2143 2146 2148
f 2143 2148 2145
f 2144 2147 2145
f 2144 2146 2147
f 2144 2148 2146
f 2144 2145 2148
v -0.262564142061 -0.102196913587 -0.304300307583
v -0.262564142061 -0.105196913587 -0.304300307583
v -0.261320585702 -0.103696913587 -0.305139096938
v -0.26380769842 -0.103696913587 -0.303461518228
v -0.263402931416 -0.103696913587 -0.305543863942
v -0.261725352706 -0.103696913587 -0.303056751224
f 2149 2151 2153
f 2149 2153 2152
f 2149 2152 2154
f 2149 2154 2151
f 2150 2153 2151
f 2150 2152 2153
f 2150 2154 2152
f 2150 2151 2154
v -0.278123103848 -0.102196913587 -0.292985275616
v -0.278123103848 -0.105196913587 -0.292985275616
v -0.279305119978 -0.103696913587 -0.292061783403
v -0.276941087717 -0.103696913587 -0.293908767829
v -0.277199611635 -0.103696913587 -0.291803259485
v -0.279046596061 -0.103696913587 -0.294167291746
f 2155 2157 2159
f 2155 2159 2158
f 2155 2158 2160
f 2155 2160 2157
f 2156 2159 2157
f 2156 2158 2159
f 2156 2160 2158
f 2156 2157 2160
v -0.27790893232 -0.102196913587 -0.292720795806
v -0.27790893232 -0.105196913587 -0.292720795806
v -0.279057998985 -0.103696913587 -0.291756614391
v -0.276759865656 -0.103696913587 -0.29368497722
v -0.276944750906 -0.103696913587 -0.291571729141
v -0.278873113735 -0.103696913587 -0.29386986247
f 2161 2163 2165
f 2161 2165 2164
f 2161 2164 2166
f 2161 2166 2163
f 2162 2165 2163
f 2162 2164 2165
f 2162 2166 2164
f 2162 2163 2166
v -0.277685661048 -0.102196913587 -0.292463951588
v -0.277685661048 -0.105196913587 -0.292463951588
v -0.278800378287 -0.103696913587 -0.291460255678
v -0.27657094381 -0.103696913587 -0.293467647498
v -0.276681965139 -0.103696913587 -0.29134923435
v -0.278689356958 -0.103696913587 -0.293578668826
f 2167 2169 2171
f 2167 2171 2170
f 2167 2170 2172
f 2167 2172 2169
f 2168 2171 2169
f 2168 2170 2171
f 2168 2172 2170
f 2168 2169 2172
v -0.277453562053 -0.102196913587 -0.292215055888
v -0.277453562053 -0.105196913587 -0.292215055888
v -0.278532571754 -0.103696913587 -0.291173068332
v -0.276374552353 -0.103696913587 -0.293257043444
v -0.276411574498 -0.103696913587 -0.291136046188
v -0.278495549609 -0.103696913587 -0.293294065589
f 2173 2175 2177
f 2173 2177 2176
f 2173 2176 2178
f 2173 2178 2175
f 2174 2177 2175
f 2174 2176 2177
f 2174 2178 2176
f 2174 2175 2178
v -0.277212918112 -0.102196913587 -0.291974411947
v -0.277212918112 -0.105196913587 -0.291974411947
v -0.278254905668 -0.103696913587 -0.290895402246
v -0.276170930556 -0.103696913587 -0.293053421647
v -0.276133908411 -0.103696913587 -0.290932424391
v -0.278291927812 -0.103696913587 -0.293016399502
f 2179 2181 2183
f 2179 2183 2182
f 2179 2182 2184
f 2179 2184 2181
f 2180 2183 2181
f 2180 2182 2183
f 2180 2184 2182
f 2180 2181 2184
v -0.276964022412 -0.102196913587 -0.291742312952
v -0.276964022412 -0.105196913587 -0.291742312952
v -0.277967718322 -0.103696913587 -0.290627595713
v -0.275960326502 -0.103696913587 -0.29285703019
v -0.275849305174 -0.103696913587 -0.290738617042
v -0.27807873965 -0.103696913587 -0.292746008861
f 2185 2187 2189
f 2185 2189 2188
f 2185 2188 2190
f 2185 2190 2187
f 2186 2189 2187
f 2186 2188 2189
f 2186 2190 2188
f 2186 2187 2190
v -0.276707178194 -0.102196913587 -0.29151904168
v -0.276707178194 -0.105196913587 -0.29151904168
v -0.277671359609 -0.103696913587 -0.290369975015
v -0.27574299678 -0.103696913587 -0.292668108344
v -0.27555811153 -0.103696913587 -0.290554860265
v -0.277856244859 -0.103696913587 -0.292483223094
f 2191 2193 2195
f 2191 2195 2194
f 2191 2194 2196
f 2191 2196 2193
f 2192 2195 2193
f 2192 2194 2195
f 2192 2196 2194
f 2192 2193 2196
v -0.276442698384 -0.102196913587 -0.291304870152
v -0.276442698384 -0.105196913587 -0.291304870152
v -0.277366190597 -0.103696913587 -0.290122854022
v -0.275519206171 -0.103696913587 -0.292486886283
v -0.275260682254 -0.103696913587 -0.290381377939
v -0.277624714515 -0.103696913587 -0.292228362365
f 2197 2199 2201
f 2197 2201 2200
f 2197 2200 2202
f 2197 2202 2199
f 2198 2201 2199
f 2198 2200 2201
f 2198 2202 2200
f 2198 2199 2202
v -0.27617090521 -0.102196913587 -0.291100059305
v -0.27617090521 -0.105196913587 -0.291100059305
v -0.277052583088 -0.103696913587 -0.289886533813
v -0.275289227331 -0.103696913587 -0.292313584796
v -0.274957379718 -0.103696913587 -0.290218381426
v -0.277384430701 -0.103696913587 -0.291981737183
f 2203 2205 2207
f 2203 2207 2206
f 2203 2206 2208
f 2203 2208 2205
f 2204 2207 2205
f 2204 2206 2207
f 2204 2208 2206
f 2204 2205 2208
v -0.275892129809 -0.102196913587 -0.290904858668
v -0.275892129809 -0.105196913587 -0.290904858668
v -0.276730919164 -0.103696913587 -0.289661302309
v -0.275053340454 -0.103696913587 -0.292148415026
v -0.27464857345 -0.103696913587 -0.290066069312
v -0.277135686168 -0.103696913587 -0.291743648023
f 2209 2211 2213
f 2209 2213 2212
f 2209 2212 2214
f 2209 2214 2211
f 2210 2213 2211
f 2210 2212 2213
f 2210 2214 2212
f 2210 2211 2214
v -0.275606711826 -0.102196913587 -0.290719506062
v -0.275606711826 -0.105196913587 -0.290719506062
v -0.276401590723 -0.103696913587 -0.289447433918
v -0.27481183293 -0.103696913587 -0.291991578207
v -0.274334639682 -0.103696913587 -0.289924627166
v -0.276878783971 -0.103696913587 -0.291514384959
f 2215 2217 2219
f 2215 2219 2218
f 2215 2218 2220
f 2215 2220 2217
f 2216 2219 2217
f 2216 2218 2219
f 2216 2220 2218
f 2216 2217 2220
v -0.275314999 -0.102196913587 -0.290544227313
v -0.275314999 -0.105196913587 -0.290544227313
v -0.276064999 -0.103696913587 -0.289245189207
v -0.274564999 -0.103696913587 -0.291843265419
v -0.274015960894 -0.103696913587 -0.289794227313
v -0.276614037106 -0.103696913587 -0.291294227313
f 2221 2223 2225
f 2221 2225 2224
f 2221 2224 2226
f 2221 2226 2223
f 2222 2225 2223
f 2222 2224 2225
f 2222 2226 2224
f 2222 2223 2226
v -0.275017346737 -0.102196913587 -0.29037923597
v -0.275017346737 -0.105196913587 -0.29037923597
v -0.275721554081 -0.103696913587 -0.28905481458
v -0.274313139393 -0.103696913587 -0.291703657359
v -0.273692925348 -0.103696913587 -0.289675028625
v -0.276341768126 -0.103696913587 -0.291083443314
f 2227 2229 2231
f 2227 2231 2230
f 2227 2230 2232
f 2227 2232 2229
f 2228 2231 2229
f 2228 2230 2231
f 2228 2232 2230
f 2228 2229 2232
v -0.274714117681 -0.102196913587 -0.290224733049
v -0.274714117681 -0.105196913587 -0.290224733049
v -0.275371674401 -0.103696913587 -0.288876541979
v -0.274056560961 -0.103696913587 -0.291572924118
v -0.273365926612 -0.103696913587 -0.289567176328
v -0.276062308751 -0.103696913587 -0.290882289769
f 2233 2235 2237
f 2233 2237 2236
f 2233 2236 2238
f 2233 2238 2235
f 2234 2237 2235
f 2234 2236 2237
f 2234 2238 2236
f 2234 2235 2238
v -0.27440568127 -0.102196913587 -0.290080906788
v -0.27440568127 -0.105196913587 -0.290080906788
v -0.275015786235 -0.103696913587 -0.288710588602
v -0.273795576305 -0.103696913587 -0.291451224974
v -0.273035363084 -0.103696913587 -0.289470801823
v -0.275775999456 -0.103696913587 -0.290691011753
f 2239 2241 2243
f 2239 2243 2242
f 2239 2242 2244
f 2239 2244 2241
f 2240 2243 2241
f 2240 2242 2243
f 2240 2244 2242
f 2240 2241 2244
v -0.274092413286 -0.102196913587 -0.289947932418
v -0.274092413286 -0.105196913587 -0.289947932418
v -0.274654323176 -0.103696913587 -0.288557156636
v -0.273530503396 -0.103696913587 -0.2913387082
v -0.272701637504 -0.103696913587 -0.289386022528
v -0.275483189068 -0.103696913587 -0.290509842308
f 2245 2247 2249
f 2245 2249 2248
f 2245 2248 2250
f 2245 2250 2247
f 2246 2249 2247
f 2246 2248 2249
f 2246 2250 2248
f 2246 2247 2250
v -0.273774695397 -0.102196913587 -0.289825971947
v -0.273774695397 -0.105196913587 -0.289825971947
v -0.274287725612 -0.103696913587 -0.288416433016
v -0.273261665182 -0.103696913587 -0.291235510879
v -0.272365156466 -0.103696913587 -0.289312941732
v -0.275184234329 -0.103696913587 -0.290339002162
f 2251 2253 2255
f 2251 2255 2254
f 2251 2254 2256
f 2251 2256 2253
f 2252 2255 2253
f 2252 2254 2255
f 2252 2256 2254
f 2252 2253 2256
v -0.273452914695 -0.102196913587 -0.289715173966
v -0.273452914695 -0.105196913587 -0.289715173966
v -0.273916440187 -0.103696913587 -0.288288589192
v -0.272989389204 -0.103696913587 -0.291141758741
v -0.272026329921 -0.103696913587 -0.289251648475
v -0.27487949947 -0.103696913587 -0.290178699458
f 2257 2259 2261
f 2257 2261 2260
f 2257 2260 2262
f 2257 2262 2259
f 2258 2261 2259
f 2258 2260 2261
f 2258 2262 2260
f 2258 2259 2262
v -0.273127463219 -0.102196913587 -0.289615673465
v -0.273127463219 -0.105196913587 -0.289615673465
v -0.273540919253 -0.103696913587 -0.288173780921
v -0.272714007185 -0.103696913587 -0.291057566009
v -0.271685570675 -0.103696913587 -0.289202217431
v -0.274569355763 -0.103696913587 -0.290029129498
f 2263 2265 2267
f 2263 2267 2266
f 2263 2266 2268
f 2263 2268 2265
f 2264 2267 2265
f 2264 2266 2267
f 2264 2268 2266
f 2264 2265 2268
v -0.272798737482 -0.102196913587 -0.289527591669
v -0.272798737482 -0.105196913587 -0.289527591669
v -0.273161620325 -0.103696913587 -0.288072148079
v -0.272435854639 -0.103696913587 -0.290983035258
v -0.271343293893 -0.103696913587 -0.289164708825
v -0.274254181072 -0.103696913587 -0.289890474512
f 2269 2271 2273
f 2269 2273 2272
f 2269 2272 2274
f 2269 2274 2271
f 2270 2273 2271
f 2270 2272 2273
f 2270 2274 2272
f 2270 2271 2274
v -0.272467137985 -0.102196913587 -0.289451035893
v -0.272467137985 -0.105196913587 -0.289451035893
v -0.272779005522 -0.103696913587 -0.287983814492
v -0.272155270449 -0.103696913587 -0.290918257294
v -0.270999916584 -0.103696913587 -0.289139168357
v -0.273934359387 -0.103696913587 -0.289762903429
f 2275 2277 2279
f 2275 2279 2278
f 2275 2278 2280
f 2275 2280 2277
f 2276 2279 2277
f 2276 2278 2279
f 2276 2280 2278
f 2276 2277 2280
v -0.272133068732 -0.102196913587 -0.289386099408
v -0.272133068732 -0.105196913587 -0.289386099408
v -0.272393540999 -0.103696913587 -0.287908887779
v -0.271872596466 -0.103696913587 -0.290863311038
v -0.270655857103 -0.103696913587 -0.289125627142
v -0.273610280362 -0.103696913587 -0.289646571675
f 2281 2283 2285
f 2281 2285 2284
f 2281 2284 2286
f 2281 2286 2283
f 2282 2285 2283
f 2282 2284 2285
f 2282 2286 2284
f 2282 2283 2286
v -0.271796936734 -0.102196913587 -0.28933286133
v -0.271796936734 -0.105196913587 -0.28933286133
v -0.272005696386 -0.103696913587 -0.287847459227
v -0.271588177083 -0.103696913587 -0.290818263433
v -0.270311534631 -0.103696913587 -0.289124101678
v -0.273282338837 -0.103696913587 -0.289541620981
f 2287 2289 2291
f 2287 2291 2290
f 2287 2290 2292
f 2287 2292 2289
f 2288 2291 2289
f 2288 2290 2291
f 2288 2292 2290
f 2288 2289 2292
v -0.271459151517 -0.102196913587 -0.28929138652
v -0.271459151517 -0.105196913587 -0.28929138652
v -0.271615944212 -0.103696913587 -0.287799603677
v -0.271302358822 -0.103696913587 -0.290783169363
v -0.269967368674 -0.103696913587 -0.289134593825
v -0.27295093436 -0.103696913587 -0.289448179215
f 2293 2295 2297
f 2293 2297 2296
f 2293 2296 2298
f 2293 2298 2295
f 2294 2297 2295
f 2294 2296 2297
f 2294 2298 2296
f 2294 2295 2298
v -0.271120124619 -0.102196913587 -0.28926172551
v -0.271120124619 -0.105196913587 -0.28926172551
v -0.27122475933 -0.103696913587 -0.287765379435
v -0.271015489908 -0.103696913587 -0.290758071585
v -0.269623778544 -0.103696913587 -0.289157090799
v -0.272616470694 -0.103696913587 -0.289366360221
f 2299 2301 2303
f 2299 2303 2302
f 2299 2302 2304
f 2299 2304 2301
f 2300 2303 2301
f 2300 2302 2303
f 2300 2304 2302
f 2300 2301 2304
v -0.270780269093 -0.102196913587 -0.289243914437
v -0.270780269093 -0.105196913587 -0.289243914437
v -0.270832618338 -0.103696913587 -0.287744828196
v -0.270727919848 -0.103696913587 -0.290743000677
v -0.269281182852 -0.103696913587 -0.289191565192
v -0.272279355333 -0.103696913587 -0.289296263682
f 2305 2307 2309
f 2305 2309 2308
f 2305 2308 2310
f 2305 2310 2307
f 2306 2309 2307
f 2306 2308 2309
f 2306 2310 2308
f 2306 2307 2310
v -0.270439999 -0.102196913587 -0.289237975
v -0.270439999 -0.105196913587 -0.289237975
v -0.270439999 -0.103696913587 -0.287737975
v -0.270439999 -0.103696913587 -0.290737975
v -0.268939999 -0.103696913587 -0.289237975
v -0.271939999 -0.103696913587 -0.289237975
f 2311 2313 2315
f 2311 2315 2314
f 2311 2314 2316
f 2311 2316 2313
f 2312 2315 2313
f 2312 2314 2315
f 2312 2316 2314
f 2312 2313 2316
v -0.270099728907 -0.102196913587 -0.289243914437
v -0.270099728907 -0.105196913587 -0.289243914437
v -0.270047379662 -0.103696913587 -0.287744828196
v -0.270152078152 -0.103696913587 -0.290743000677
v -0.268600642667 -0.103696913587 -0.289296263682
v -0.271598815148 -0.103696913587 -0.289191565192
f 2317 2319 2321
f 2317 2321 2320
f 2317 2320 2322
f 2317 2322 2319
f 2318 2321 2319
f 2318 2320 2321
f 2318 2322 2320
f 2318 2319 2322
v -0.269759873381 -0.102196913587 -0.28926172551
v -0.269759873381 -0.105196913587 -0.28926172551
v -0.26965523867 -0.103696913587 -0.287765379435
v -0.269864508092 -0.103696913587 -0.290758071585
v -0.268263527306 -0.103696913587 -0.289366360221
v -0.271256219456 -0.103696913587 -0.289157090799
f 2323 2325 2327
f 2323 2327 2326
f 2323 2326 2328
f 2323 2328 2325
f 2324 2327 2325
f 2324 2326 2327
f 2324 2328 2326
f 2324 2325 2328
v -0.269420846483 -0.102196913587 -0.28929138652
v -0.269420846483 -0.105196913587 -0.28929138652
v -0.269264053788 -0.103696913587 -0.287799603677
v -0.269577639178 -0.103696913587 -0.290783169363
v -0.26792906364 -0.103696913587 -0.289448179215
v -0.270912629326 -0.103696913587 -0.289134593825
f 2329 2331 2333
f 2329 2333 2332
f 2329 2332 2334
f 2329 2334 2331
f 2330 2333 2331
f 2330 2332 2333
f 2330 2334 2332
f 2330 2331 2334
v -0.269083061266 -0.102196913587 -0.28933286133
v -0.269083061266 -0.105196913587 -0.28933286133
v -0.268874301614 -0.103696913587 -0.287847459227
v -0.269291820917 -0.103696913587 -0.290818263433
v -0.267597659163 -0.103696913587 -0.289541620981
v -0.270568463369 -0.103696913587 -0.289124101678
f 2335 2337 2339
f 2335 2339 2338
f 2335 2338 2340
f 2335 2340 2337
f 2336 2339 2337
f 2336 2338 2339
f 2336 2340 2338
f 2336 2337 2340
v -0.268746929268 -0.102196913587 -0.289386099408
v -0.268746929268 -0.105196913587 -0.289386099408
v -0.268486457001 -0.103696913587 -0.287908887779
v -0.269007401534 -0.103696913587 -0.290863311038
v -0.267269717638 -0.103696913587 -0.289646571675
v -0.270224140897 -0.103696913587 -0.289125627142
f 2341 2343 2345
f 2341 2345 2344
f 2341 2344 2346
f 2341 2346 2343
f 2342 2345 2343
f 2342 2344 2345
f 2342 2346 2344
f 2342 2343 2346
v -0.268412860015 -0.102196913587 -0.289451035893
v -0.268412860015 -0.105196913587 -0.289451035893
v -0.268100992478 -0.103696913587 -0.287983814492
v -0.268724727551 -0.103696913587 -0.290918257294
v -0.266945638613 -0.103696913587 -0.289762903429
v -0.269880081416 -0.103696913587 -0.289139168357
f 2347 2349 2351
f 2347 2351 2350
f 2347 2350 2352
f 2347 2352 2349
f 2348 2351 2349
f 2348 2350 2351
f 2348 2352 2350
f 2348 2349 2352
v -0.268081260518 -0.102196913587 -0.289527591669
v -0.268081260518 -0.105196913587 -0.289527591669
v -0.267718377675 -0.103696913587 -0.288072148079
v -0.268444143361 -0.103696913587 -0.290983035258
v -0.266625816928 -0.103696913587 -0.289890474512
v -0.269536704107 -0.103696913587 -0.289164708825
f 2353 2355 2357
f 2353 2357 2356
f 2353 2356 2358
f 2353 2358 2355
f 2354 2357 2355
f 2354 2356 2357
f 2354 2358 2356
f 2354 2355 2358
v -0.267752534781 -0.102196913587 -0.289615673465
v -0.267752534781 -0.105196913587 -0.289615673465
v -0.267339078747 -0.103696913587 -0.288173780921
v -0.268165990815 -0.103696913587 -0.291057566009
v -0.266310642237 -0.103696913587 -0.290029129498
v -0.269194427325 -0.103696913587 -0.289202217431
f 2359 2361 2363
f 2359 2363 2362
f 2359 2362 2364
f 2359 2364 2361
f 2360 2363 2361
f 2360 2362 2363
f 2360 2364 2362
f 2360 2361 2364
v -0.267427083305 -0.102196913587 -0.289715173966
v -0.267427083305 -0.105196913587 -0.289715173966
v -0.266963557813 -0.103696913587 -0.288288589192
v -0.267890608796 -0.103696913587 -0.291141758741
v -0.26600049853 -0.103696913587 -0.290178699458
v -0.268853668079 -0.103696913587 -0.289251648475
f 2365 2367 2369
f 2365 2369 2368
f 2365 2368 2370
f 2365 2370 2367
f 2366 2369 2367
f 2366 2368 2369
f 2366 2370 2368
f 2366 2367 2370
v -0.267105302603 -0.102196913587 -0.289825971947
v -0.267105302603 -0.105196913587 -0.289825971947
v -0.266592272388 -0.103696913587 -0.288416433016
v -0.267618332818 -0.103696913587 -0.291235510879
v -0.265695763671 -0.103696913587 -0.290339002162
v -0.268514841534 -0.103696913587 -0.289312941732
f 2371 2373 2375
f 2371 2375 2374
f 2371 2374 2376
f 2371 2376 2373
f 2372 2375 2373
f 2372 2374 2375
f 2372 2376 2374
f 2372 2373 2376
v -0.266787584714 -0.102196913587 -0.289947932418
v -0.266787584714 -0.105196913587 -0.289947932418
v -0.266225674824 -0.103696913587 -0.288557156636
v -0.267349494604 -0.103696913587 -0.2913387082
v -0.265396808932 -0.103696913587 -0.290509842308
v -0.268178360496 -0.103696913587 -0.289386022528
f 2377 2379 2381
f 2377 2381 2380
f 2377 2380 2382
f 2377 2382 2379
f 2378 2381 2379
f 2378 2380 2381
f 2378 2382 2380
f 2378 2379 2382
v -0.26647431673 -0.102196913587 -0.290080906788
v -0.26647431673 -0.105196913587 -0.290080906788
v -0.265864211765 -0.103696913587 -0.288710588602
v -0.267084421695 -0.103696913587 -0.291451224974
v -0.265103998544 -0.103696913587 -0.290691011753
v -0.267844634916 -0.103696913587 -0.289470801823
f 2383 2385 2387
f 2383 2387 2386
f 2383 2386 2388
f 2383 2388 2385
f 2384 2387 2385
f 2384 2386 2387
f 2384 2388 2386
f 2384 2385 2388
v -0.266165880319 -0.102196913587 -0.290224733049
v -0.266165880319 -0.105196913587 -0.290224733049
v -0.265508323599 -0.103696913587 -0.288876541979
v -0.266823437039 -0.103696913587 -0.291572924118
v -0.264817689249 -0.103696913587 -0.290882289769
v -0.267514071388 -0.103696913587 -0.289567176328
f 2389 2391 2393
f 2389 2393 2392
f 2389 2392 2394
f 2389 2394 2391
f 2390 2393 2391
f 2390 2392 2393
f 2390 2394 2392
f 2390 2391 2394
v -0.265862651263 -0.102196913587 -0.29037923597
v -0.265862651263 -0.105196913587 -0.29037923597
v -0.265158443919 -0.103696913587 -0.28905481458
v -0.266566858607 -0.103696913587 -0.291703657359
v -0.264538229874 -0.103696913587 -0.291083443314
v -0.267187072652 -0.103696913587 -0.289675028625
f 2395 2397 2399
f 2395 2399 2398
f 2395 2398 2400
f 2395 2400 2397
f 2396 2399 2397
f 2396 2398 2399
f 2396 2400 2398
f 2396 2397 2400
v -0.265564999 -0.102196913587 -0.290544227313
v -0.265564999 -0.105196913587 -0.290544227313
v -0.264814999 -0.103696913587 -0.289245189207
v -0.266314999 -0.103696913587 -0.291843265419
v -0.264265960894 -0.103696913587 -0.291294227313
v -0.266864037106 -0.103696913587 -0.289794227313
f 2401 2403 2405
f 2401 2405 2404
f 2401 2404 2406
f 2401 2406 2403
f 2402 2405 2403
f 2402 2404 2405
f 2402 2406 2404
f 2402 2403 2406
v -0.265273286174 -0.102196913587 -0.290719506062
v -0.265273286174 -0.105196913587 -0.290719506062
v -0.264478407277 -0.103696913587 -0.289447433918
v -0.26606816507 -0.103696913587 -0.291991578207
v -0.264001214029 -0.103696913587 -0.291514384959
v -0.266545358318 -0.103696913587 -0.289924627166
f 2407 2409 2411
f 2407 2411 2410
f 2407 2410 2412
f 2407 2412 2409
f 2408 2411 2409
f 2408 2410 2411
f 2408 2412 2410
f 2408 2409 2412
v -0.264987868191 -0.102196913587 -0.290904858668
v -0.264987868191 -0.105196913587 -0.290904858668
v -0.264149078836 -0.103696913587 -0.289661302309
v -0.265826657546 -0.103696913587 -0.292148415026
v -0.263744311832 -0.103696913587 -0.291743648023
v -0.26623142455 -0.103696913587 -0.290066069312
f 2413 2415 2417
f 2413 2417 2416
f 2413 2416 2418
f 2413 2418 2415
f 2414 2417 2415
f 2414 2416 2417
f 2414 2418 2416
f 2414 2415 2418
v -0.26470909279 -0.102196913587 -0.291100059305
v -0.26470909279 -0.105196913587 -0.291100059305
v -0.263827414912 -0.103696913587 -0.289886533813
v -0.265590770669 -0.103696913587 -0.292313584796
v -0.263495567299 -0.103696913587 -0.291981737183
v -0.265922618282 -0.103696913587 -0.290218381426
f 2419 2421 2423
f 2419 2423 2422
f 2419 2422 2424
f 2419 2424 2421
f 2420 2423 2421
f 2420 2422 2423
f 2420 2424 2422
f 2420 2421 2424
v -0.264437299616 -0.102196913587 -0.291304870152
v -0.264437299616 -0.105196913587 -0.291304870152
v -0.263513807403 -0.103696913587 -0.290122854022
v -0.265360791829 -0.103696913587 -0.292486886283
v -0.263255283485 -0.103696913587 -0.292228362365
v -0.265619315746 -0.103696913587 -0.290381377939
f 2425 2427 2429
f 2425 2429 2428
f 2425 2428 2430
f 2425 2430 2427
f 2426 2429 2427
f 2426 2428 2429
f 2426 2430 2428
f 2426 2427 2430
v -0.264172819806 -0.102196913587 -0.29151904168
v -0.264172819806 -0.105196913587 -0.29151904168
v -0.263208638391 -0.103696913587 -0.290369975015
v -0.26513700122 -0.103696913587 -0.292668108344
v -0.263023753141 -0.103696913587 -0.292483223094
v -0.26532188647 -0.103696913587 -0.290554860265
f 2431 2433 2435
f 2431 2435 2434
f 2431 2434 2436
f 2431 2436 2433
f 2432 2435 2433
f 2432 2434 2435
f 2432 2436 2434
f 2432 2433 2436
v -0.263915975588 -0.102196913587 -0.291742312952
v -0.263915975588 -0.105196913587 -0.291742312952
v -0.262912279678 -0.103696913587 -0.290627595713
v -0.264919671498 -0.103696913587 -0.29285703019
v -0.26280125835 -0.103696913587 -0.292746008861
v -0.265030692826 -0.103696913587 -0.290738617042
f 2437 2439 2441
f 2437 2441 2440
f 2437 2440 2442
f 2437 2442 2439
f 2438 2441 2439
f 2438 2440 2441
f 2438 2442 2440
f 2438 2439 2442
v -0.263667079888 -0.102196913587 -0.291974411947
v -0.263667079888 -0.105196913587 -0.291974411947
v -0.262625092332 -0.103696913587 -0.290895402246
v -0.264709067444 -0.103696913587 -0.293053421647
v -0.262588070188 -0.103696913587 -0.293016399502
v -0.264746089589 -0.103696913587 -0.290932424391
f 2443 2445 2447
f 2443 2447 2446
f 2443 2446 2448
f 2443 2448 2445
f 2444 2447 2445
f 2444 2446 2447
f 2444 2448 2446
f 2444 2445 2448
v -0.263426435947 -0.102196913587 -0.292215055888
v -0.263426435947 -0.105196913587 -0.292215055888
v -0.262347426246 -0.103696913587 -0.291173068332
v -0.264505445647 -0.103696913587 -0.293257043444
v -0.262384448391 -0.103696913587 -0.293294065589
v -0.264468423502 -0.103696913587 -0.291136046188
f 2449 2451 2453
f 2449 2453 2452
f 2449 2452 2454
f 2449 2454 2451
f 2450 2453 2451
f 2450 2452 2453
f 2450 2454 2452
f 2450 2451 2454
v -0.263194336952 -0.102196913587 -0.292463951588
v -0.263194336952 -0.105196913587 -0.292463951588
v -0.262079619713 -0.103696913587 -0.291460255678
v -0.26430905419 -0.103696913587 -0.293467647498
v -0.262190641042 -0.103696913587 -0.293578668826
v -0.264198032861 -0.103696913587 -0.29134923435
f 2455 2457 2459
f 2455 2459 2458
f 2455 2458 2460
f 2455 2460 2457
f 2456 2459 2457
f 2456 2458 2459
f 2456 2460 2458
f 2456 2457 2460
v -0.26297106568 -0.102196913587 -0.292720795806
v -0.26297106568 -0.105196913587 -0.292720795806
v -0.261821999015 -0.103696913587 -0.291756614391
v -0.264120132344 -0.103696913587 -0.29368497722
v -0.262006884265 -0.103696913587 -0.29386986247
v -0.263935247094 -0.103696913587 -0.291571729141
f 2461 2463 2465
f 2461 2465 2464
f 2461 2464 2466
f 2461 2466 2463
f 2462 2465 2463
f 2462 2464 2465
f 2462 2466 2464
f 2462 2463 2466
v -0.262756894152 -0.102196913587 -0.292985275616
v -0.262756894152 -0.105196913587 -0.292985275616
v -0.261574878022 -0.103696913587 -0.292061783403
v -0.263938910283 -0.103696913587 -0.293908767829
v -0.261833401939 -0.103696913587 -0.294167291746
v -0.263680386365 -0.103696913587 -0.291803259485
f 2467 2469 2471
f 2467 2471 2470
f 2467 2470 2472
f 2467 2472 2469
f 2468 2471 2469
f 2468 2470 2471
f 2468 2472 2470
f 2468 2469 2472
v -0.262552083305 -0.102196913587 -0.29325706879
v -0.262552083305 -0.105196913587 -0.29325706879
v -0.261338557813 -0.103696913587 -0.292375390912
v -0.263765608796 -0.103696913587 -0.294138746669
v -0.261670405426 -0.103696913587 -0.294470594282
v -0.263433761183 -0.103696913587 -0.292043543299
f 2473 2475 2477
f 2473 2477 2476
f 2473 2476 2478
f 2473 2478 2475
f 2474 2477 2475
f 2474 2476 2477
f 2474 2478 2476
f 2474 2475 2478
v -0.262356882668 -0.102196913587 -0.293535844191
v -0.262356882668 -0.105196913587 -0.293535844191
v -0.261113326309 -0.103696913587 -0.292697054836
v -0.263600439026 -0.103696913587 -0.294374633546
v -0.261518093312 -0.103696913587 -0.29477940055
v -0.263195672023 -0.103696913587 -0.292292287832
f 2479 2481 2483
f 2479 2483 2482
f 2479 2482 2484
f 2479 2484 2481
f 2480 2483 2481
f 2480 2482 2483
f 2480 2484 2482
f 2480 2481 2484
v -0.262171530062 -0.102196913587 -0.293821262174
v -0.262171530062 -0.105196913587 -0.293821262174
v -0.260899457918 -0.103696913587 -0.293026383277
v -0.263443602207 -0.103696913587 -0.29461614107
v -0.261376651166 -0.103696913587 -0.295093334318
v -0.262966408959 -0.103696913587 -0.292549190029
f 2485 2487 2489
f 2485 2489 2488
f 2485 2488 2490
f 2485 2490 2487
f 2486 2489 2487
f 2486 2488 2489
f 2486 2490 2488
f 2486 2487 2490
v -0.261996251313 -0.102196913587 -0.294112975
v -0.261996251313 -0.105196913587 -0.294112975
v -0.260697213207 -0.103696913587 -0.293362975
v -0.263295289419 -0.103696913587 -0.294862975
v -0.261246251313 -0.103696913587 -0.295412013106
v -0.262746251313 -0.103696913587 -0.292813936894
f 2491 2493 2495
f 2491 2495 2494
f 2491 2494 2496
f 2491 2496 2493
f 2492 2495 2493
f 2492 2494 2495
f 2492 2496 2494
f 2492 2493 2496
v -0.26183125997 -0.102196913587 -0.294410627263
v -0.26183125997 -0.105196913587 -0.294410627263
v -0.26050683858 -0.103696913587 -0.293706419919
v -0.263155681359 -0.103696913587 -0.295114834607
v -0.261127052625 -0.103696913587 -0.295735048652
v -0.262535467314 -0.103696913587 -0.293086205874
f 2497 2499 2501
f 2497 2501 2500
f 2497 2500 2502
f 2497 2502 2499
f 2498 2501 2499
f 2498 2500 2501
f 2498 2502 2500
f 2498 2499 2502
v -0.261676757049 -0.102196913587 -0.294713856319
v -0.261676757049 -0.105196913587 -0.294713856319
v -0.260328565979 -0.103696913587 -0.294056299599
v -0.263024948118 -0.103696913587 -0.295371413039
v -0.261019200328 -0.103696913587 -0.296062047388
v -0.262334313769 -0.103696913587 -0.293365665249
f 2503 2505 2507
f 2503 2507 2506
f 2503 2506 2508
f 2503 2508 2505
f 2504 2507 2505
f 2504 2506 2507
f 2504 2508 2506
f 2504 2505 2508
v -0.261532930788 -0.102196913587 -0.29502229273
v -0.261532930788 -0.105196913587 -0.29502229273
v -0.260162612602 -0.103696913587 -0.294412187765
v -0.262903248974 -0.103696913587 -0.295632397695
v -0.260922825823 -0.103696913587 -0.296392610916
v -0.262143035753 -0.103696913587 -0.293651974544
f 2509 2511 2513
f 2509 2513 2512
f 2509 2512 2514
f 2509 2514 2511
f 2510 2513 2511
f 2510 2512 2513
f 2510 2514 2512
f 2510 2511 2514
v -0.261399956418 -0.102196913587 -0.295335560714
v -0.261399956418 -0.105196913587 -0.295335560714
v -0.260009180636 -0.103696913587 -0.294773650824
v -0.2627907322 -0.103696913587 -0.295897470604
v -0.260838046528 -0.103696913587 -0.296726336496
v -0.261961866308 -0.103696913587 -0.293944784932
f 2515 2517 2519
f 2515 2519 2518
f 2515 2518 2520
f 2515 2520 2517
f 2516 2519 2517
f 2516 2518 2519
f 2516 2520 2518
f 2516 2517 2520
v -0.261277995947 -0.102196913587 -0.295653278603
v -0.261277995947 -0.105196913587 -0.295653278603
v -0.259868457016 -0.103696913587 -0.295140248388
v -0.262687534879 -0.103696913587 -0.296166308818
v -0.260764965732 -0.103696913587 -0.297062817534
v -0.261791026162 -0.103696913587 -0.294243739671
f 2521 2523 2525
f 2521 2525 2524
f 2521 2524 2526
f 2521 2526 2523
f 2522 2525 2523
f 2522 2524 2525
f 2522 2526 2524
f 2522 2523 2526
v -0.261167197966 -0.102196913587 -0.295975059305
v -0.261167197966 -0.105196913587 -0.295975059305
v -0.259740613192 -0.103696913587 -0.295511533813
v -0.262593782741 -0.103696913587 -0.296438584796
v -0.260703672475 -0.103696913587 -0.297401644079
v -0.261630723458 -0.103696913587 -0.29454847453
f 2527 2529 2531
f 2527 2531 2530
f 2527 2530 2532
f 2527 2532 2529
f 2528 2531 2529
f 2528 2530 2531
f 2528 2532 2530
f 2528 2529 2532
v -0.261067697465 -0.102196913587 -0.296300510781
v -0.261067697465 -0.105196913587 -0.296300510781
v -0.259625804921 -0.103696913587 -0.295887054747
v -0.262509590009 -0.103696913587 -0.296713966815
v -0.260654241431 -0.103696913587 -0.297742403325
v -0.261481153498 -0.103696913587 -0.294858618237
f 2533 2535 2537
f 2533 2537 2536
f 2533 2536 2538
f 2533 2538 2535
f 2534 2537 2535
f 2534 2536 2537
f 2534 2538 2536
f 2534 2535 2538
v -0.260979615669 -0.102196913587 -0.296629236518
v -0.260979615669 -0.105196913587 -0.296629236518
v -0.259524172079 -0.103696913587 -0.296266353675
v -0.262435059258 -0.103696913587 -0.296992119361
v -0.260616732825 -0.103696913587 -0.298084680107
v -0.261342498512 -0.103696913587 -0.295173792928
f 2539 2541 2543
f 2539 2543 2542
f 2539 2542 2544
f 2539 2544 2541
f 2540 2543 2541
f 2540 2542 2543
f 2540 2544 2542
f 2540 2541 2544
v -0.260903059893 -0.102196913587 -0.296960836015
v -0.260903059893 -0.105196913587 -0.296960836015
v -0.259435838492 -0.103696913587 -0.296648968478
v -0.262370281294 -0.103696913587 -0.297272703551
v -0.260591192357 -0.103696913587 -0.298428057416
v -0.261214927429 -0.103696913587 -0.295493614613
f 2545 2547 2549
f 2545 2549 2548
f 2545 2548 2550
f 2545 2550 2547
f 2546 2549 2547
f 2546 2548 2549
f 2546 2550 2548
f 2546 2547 2550
v -0.260838123408 -0.102196913587 -0.297294905268
v -0.260838123408 -0.105196913587 -0.297294905268
v -0.259360911779 -0.103696913587 -0.297034433001
v -0.262315335038 -0.103696913587 -0.297555377534
v -0.260577651142 -0.103696913587 -0.298772116897
v -0.261098595675 -0.103696913587 -0.295817693638
f 2551 2553 2555
f 2551 2555 2554
f 2551 2554 2556
f 2551 2556 2553
f 2552 2555 2553
f 2552 2554 2555
f 2552 2556 2554
f 2552 2553 2556
v -0.26078488533 -0.102196913587 -0.297631037266
v -0.26078488533 -0.105196913587 -0.297631037266
v -0.259299483227 -0.103696913587 -0.297422277614
v -0.262270287433 -0.103696913587 -0.297839796917
v -0.260576125678 -0.103696913587 -0.299116439369
v -0.260993644981 -0.103696913587 -0.296145635163
f 2557 2559 2561
f 2557 2561 2560
f 2557 2560 2562
f 2557 2562 2559
f 2558 2561 2559
f 2558 2560 2561
f 2558 2562 2560
f 2558 2559 2562
v -0.26074341052 -0.102196913587 -0.297968822483
v -0.26074341052 -0.105196913587 -0.297968822483
v -0.259251627677 -0.103696913587 -0.297812029788
v -0.262235193363 -0.103696913587 -0.298125615178
v -0.260586617825 -0.103696913587 -0.299460605326
v -0.260900203215 -0.103696913587 -0.29647703964
f 2563 2565 2567
f 2563 2567 2566
f 2563 2566 2568
f 2563 2568 2565
f 2564 2567 2565
f 2564 2566 2567
f 2564 2568 2566
f 2564 2565 2568
v -0.26071374951 -0.102196913587 -0.298307849381
v -0.26071374951 -0.105196913587 -0.298307849381
v -0.259217403435 -0.103696913587 -0.29820321467
v -0.262210095585 -0.103696913587 -0.298412484092
v -0.260609114799 -0.103696913587 -0.299804195456
v -0.260818384221 -0.103696913587 -0.296811503306
f 2569 2571 2573
f 2569 2573 2572
f 2569 2572 2574
f 2569 2574 2571
f 2570 2573 2571
f 2570 2572 2573
f 2570 2574 2572
f 2570 2571 2574
v -0.260695938437 -0.102196913587 -0.298647704907
v -0.260695938437 -0.105196913587 -0.298647704907
v -0.259196852196 -0.103696913587 -0.298595355662
v -0.262195024677 -0.103696913587 -0.298700054152
v -0.260643589192 -0.103696913587 -0.300146791148
v -0.260748287682 -0.103696913587 -0.297148618667
f 2575 2577 2579
f 2575 2579 2578
f 2575 2578 2580
f 2575 2580 2577
f 2576 2579 2577
f 2576 2578 2579
f 2576 2580 2578
f 2576 2577 2580
v -0.260689999 -0.102196913587 -0.298987975
v -0.260689999 -0.105196913587 -0.298987975
v -0.259189999 -0.103696913587 -0.298987975
v -0.262189999 -0.103696913587 -0.298987975
v -0.260689999 -0.103696913587 -0.300487975
v -0.260689999 -0.103696913587 -0.297487975
f 2581 2583 2585
f 2581 2585 2584
f 2581 2584 2586
f 2581 2586 2583
f 2582 2585 2583
f 2582 2584 2585
f 2582 2586 2584
f 2582 2583 2586
v -0.260695938437 -0.102196913587 -0.299328245093
v -0.260695938437 -0.105196913587 -0.299328245093
v -0.259196852196 -0.103696913587 -0.299380594338
v -0.262195024677 -0.103696913587 -0.299275895848
v -0.260748287682 -0.103696913587 -0.300827331333
v -0.260643589192 -0.103696913587 -0.297829158852
f 2587 2589 2591
f 2587 2591 2590
f 2587 2590 2592
f 2587 2592 2589
f 2588 2591 2589
f 2588 2590 2591
f 2588 2592 2590
f 2588 2589 2592
v -0.26071374951 -0.102196913587 -0.299668100619
v -0.26071374951 -0.105196913587 -0.299668100619
v -0.259217403435 -0.103696913587 -0.29977273533
v -0.262210095585 -0.103696913587 -0.299563465908
v -0.260818384221 -0.103696913587 -0.301164446694
v -0.260609114799 -0.103696913587 -0.298171754544
f 2593 2595 2597
f 2593 2597 2596
f 2593 2596 2598
f 2593 2598 2595
f 2594 2597 2595
f 2594 2596 2597
f 2594 2598 2596
f 2594 2595 2598
v -0.26074341052 -0.102196913587 -0.300007127517
v -0.26074341052 -0.105196913587 -0.300007127517
v -0.259251627677 -0.103696913587 -0.300163920212
v -0.262235193363 -0.103696913587 -0.299850334822
v -0.260900203215 -0.103696913587 -0.30149891036
v -0.260586617825 -0.103696913587 -0.298515344674
f 2599 2601 2603
f 2599 2603 2602
f 2599 2602 2604
f 2599 2604 2601
f 2600 2603 2601
f 2600 2602 2603
f 2600 2604 2602
f 2600 2601 2604
v -0.26078488533 -0.102196913587 -0.300344912734
v -0.26078488533 -0.105196913587 -0.300344912734
v -0.259299483227 -0.103696913587 -0.300553672386
v -0.262270287433 -0.103696913587 -0.300136153083
v -0.260993644981 -0.103696913587 -0.301830314837
v -0.260576125678 -0.103696913587 -0.298859510631
f 2605 2607 2609
f 2605 2609 2608
f 2605 2608 2610
f 2605 2610 2607
f 2606 2609 2607
f 2606 2608 2609
f 2606 2610 2608
f 2606 2607 2610
v -0.260838123408 -0.102196913587 -0.300681044732
v -0.260838123408 -0.105196913587 -0.300681044732
v -0.259360911779 -0.103696913587 -0.300941516999
v -0.262315335038 -0.103696913587 -0.300420572466
v -0.261098595675 -0.103696913587 -0.302158256362
v -0.260577651142 -0.103696913587 -0.299203833103
f 2611 2613 2615
f 2611 2615 2614
f 2611 2614 2616
f 2611 2616 2613
f 2612 2615 2613
f 2612 2614 2615
f 2612 2616 2614
f 2612 2613 2616
v -0.260903059893 -0.102196913587 -0.301015113985
v -0.260903059893 -0.105196913587 -0.301015113985
v -0.259435838492 -0.103696913587 -0.301326981522
v -0.262370281294 -0.103696913587 -0.300703246449
v -0.261214927429 -0.103696913587 -0.302482335387
v -0.260591192357 -0.103696913587 -0.299547892584
f 2617 2619 2621
f 2617 2621 2620
f 2617 2620 2622
f 2617 2622 2619
f 2618 2621 2619
f 2618 2620 2621
f 2618 2622 2620
f 2618 2619 2622
v -0.260979615669 -0.102196913587 -0.301346713482
v -0.260979615669 -0.105196913587 -0.301346713482
v -0.259524172079 -0.103696913587 -0.301709596325
v -0.262435059258 -0.103696913587 -0.300983830639
v -0.261342498512 -0.103696913587 -0.302802157072
v -0.260616732825 -0.103696913587 -0.299891269893
f 2623 2625 2627
f 2623 2627 2626
f 2623 2626 2628
f 2623 2628 2625
f 2624 2627 2625
f 2624 2626 2627
f 2624 2628 2626
f 2624 2625 2628
v -0.261067697465 -0.102196913587 -0.301675439219
v -0.261067697465 -0.105196913587 -0.301675439219
v -0.259625804921 -0.103696913587 -0.302088895253
v -0.262509590009 -0.103696913587 -0.301261983185
v -0.261481153498 -0.103696913587 -0.303117331763
v -0.260654241431 -0.103696913587 -0.300233546675
f 2629 2631 2633
f 2629 2633 2632
f 2629 2632 2634
f 2629 2634 2631
f 2630 2633 2631
f 2630 2632 2633
f 2630 2634 2632
f 2630 2631 2634
v -0.261167197966 -0.102196913587 -0.302000890695
v -0.261167197966 -0.105196913587 -0.302000890695
v -0.259740613192 -0.103696913587 -0.302464416187
v -0.262593782741 -0.103696913587 -0.301537365204
v -0.261630723458 -0.103696913587 -0.30342747547
v -0.260703672475 -0.103696913587 -0.300574305921
f 2635 2637 2639
f 2635 2639 2638
f 2635 2638 2640
f 2635 2640 2637
f 2636 2639 2637
f 2636 2638 2639
f 2636 2640 2638
f 2636 2637 2640
v -0.261277995947 -0.102196913587 -0.302322671397
v -0.261277995947 -0.105196913587 -0.302322671397
v -0.259868457016 -0.103696913587 -0.302835701612
v -0.262687534879 -0.103696913587 -0.301809641182
v -0.261791026162 -0.103696913587 -0.303732210329
v -0.260764965732 -0.103696913587 -0.300913132466
f 2641 2643 2645
f 2641 2645 2644
f 2641 2644 2646
f 2641 2646 2643
f 2642 2645 2643
f 2642 2644 2645
f 2642 2646 2644
f 2642 2643 2646
v -0.261399956418 -0.102196913587 -0.302640389286
v -0.261399956418 -0.105196913587 -0.302640389286
v -0.260009180636 -0.103696913587 -0.303202299176
v -0.2627907322 -0.103696913587 -0.302078479396
v -0.261961866308 -0.103696913587 -0.304031165068
v -0.260838046528 -0.103696913587 -0.301249613504
f 2647 2649 2651
f 2647 2651 2650
f 2647 2650 2652
f 2647 2652 2649
f 2648 2651 2649
f 2648 2650 2651
f 2648 2652 2650
f 2648 2649 2652
v -0.261532930788 -0.102196913587 -0.30295365727
v -0.261532930788 -0.105196913587 -0.30295365727
v -0.260162612602 -0.103696913587 -0.303563762235
v -0.262903248974 -0.103696913587 -0.302343552305
v -0.262143035753 -0.103696913587 -0.304323975456
v -0.260922825823 -0.103696913587 -0.301583339084
f 2653 2655 2657
f 2653 2657 2656
f 2653 2656 2658
f 2653 2658 2655
f 2654 2657 2655
f 2654 2656 2657
f 2654 2658 2656
f 2654 2655 2658
v -0.261676757049 -0.102196913587 -0.303262093681
v -0.261676757049 -0.105196913587 -0.303262093681
v -0.260328565979 -0.103696913587 -0.303919650401
v -0.263024948118 -0.103696913587 -0.302604536961
v -0.262334313769 -0.103696913587 -0.304610284751
v -0.261019200328 -0.103696913587 -0.301913902612
f 2659 2661 2663
f 2659 2663 2662
f 2659 2662 2664
f 2659 2664 2661
f 2660 2663 2661
f 2660 2662 2663
f 2660 2664 2662
f 2660 2661 2664
v -0.26183125997 -0.102196913587 -0.303565322737
v -0.26183125997 -0.105196913587 -0.303565322737
v -0.26050683858 -0.103696913587 -0.304269530081
v -0.263155681359 -0.103696913587 -0.302861115393
v -0.262535467314 -0.103696913587 -0.304889744126
v -0.261127052625 -0.103696913587 -0.302240901348
f 2665 2667 2669
f 2665 2669 2668
f 2665 2668 2670
f 2665 2670 2667
f 2666 2669 2667
f 2666 2668 2669
f 2666 2670 2668
f 2666 2667 2670
v -0.261996251313 -0.102196913587 -0.303862975
v -0.261996251313 -0.105196913587 -0.303862975
v -0.260697213207 -0.103696913587 -0.304612975
v -0.263295289419 -0.103696913587 -0.303112975
v -0.262746251313 -0.103696913587 -0.305162013106
v -0.261246251313 -0.103696913587 -0.302563936894
f 2671 2673 2675
f 2671 2675 2674
f 2671 2674 2676
f 2671 2676 2673
f 2672 2675 2673
f 2672 2674 2675
f 2672 2676 2674
f 2672 2673 2676
v -0.262171530062 -0.102196913587 -0.304154687826
v -0.262171530062 -0.105196913587 -0.304154687826
v -0.260899457918 -0.103696913587 -0.304949566723
v -0.263443602207 -0.103696913587 -0.30335980893
v -0.262966408959 -0.103696913587 -0.305426759971
v -0.261376651166 -0.103696913587 -0.302882615682
f 2677 2679 2681
f 2677 2681 2680
f 2677 2680 2682
f 2677 2682 2679
f 2678 2681 2679
f 2678 2680 2681
f 2678 2682 2680
f 2678 2679 2682
v -0.262356882668 -0.102196913587 -0.304440105809
v -0.262356882668 -0.105196913587 -0.304440105809
v -0.261113326309 -0.103696913587 -0.305278895164
v -0.263600439026 -0.103696913587 -0.303601316454
v -0.263195672023 -0.103696913587 -0.305683662168
v -0.261518093312 -0.103696913587 -0.30319654945
f 2683 2685 2687
f 2683 2687 2686
f 2683 2686 2688
f 2683 2688 2685
f 2684 2687 2685
f 2684 2686 2687
f 2684 2688 2686
f 2684 2685 2688
v -0.262552083305 -0.102196913587 -0.30471888121
v -0.262552083305 -0.105196913587 -0.30471888121
v -0.261338557813 -0.103696913587 -0.305600559088
v -0.263765608796 -0.103696913587 -0.303837203331
v -0.263433761183 -0.103696913587 -0.305932406701
v -0.261670405426 -0.103696913587 -0.303505355718
f 2689 2691 2693
f 2689 2693 2692
f 2689 2692 2694
f 2689 2694 2691
f 2690 2693 2691
f 2690 2692 2693
f 2690 2694 2692
f 2690 2691 2694
v -0.278530168944 -0.102196913587 -0.293110122477
v -0.278530168944 -0.105196913587 -0.293110122477
v -0.279743694435 -0.103696913587 -0.292228444599
v -0.277316643452 -0.103696913587 -0.293991800356
v -0.277648491065 -0.103696913587 -0.291896596986
v -0.279411846822 -0.103696913587 -0.294323647969
f 2695 2697 2699
f 2695 2699 2698
f 2695 2698 2700
f 2695 2700 2697
f 2696 2699 2697
f 2696 2698 2699
f 2696 2700 2698
f 2696 2697 2700
v -0.278320106536 -0.102196913587 -0.292831360247
v -0.278320106536 -0.105196913587 -0.292831360247
v -0.279502122666 -0.103696913587 -0.291907868034
v -0.277138090406 -0.103696913587 -0.29375485246
v -0.277396614323 -0.103696913587 -0.291649344116
v -0.279243598749 -0.103696913587 -0.294013376377
f 2701 2703 2705
f 2701 2705 2704
f 2701 2704 2706
f 2701 2706 2703
f 2702 2705 2703
f 2702 2704 2705
f 2702 2706 2704
f 2702 2703 2706
v -0.278100443431 -0.102196913587 -0.292560098903
v -0.278100443431 -0.105196913587 -0.292560098903
v -0.279249510096 -0.103696913587 -0.291595917489
v -0.276951376767 -0.103696913587 -0.293524280318
v -0.277136262017 -0.103696913587 -0.291411032238
v -0.279064624846 -0.103696913587 -0.293709165568
f 2707 2709 2711
f 2707 2711 2710
f 2707 2710 2712
f 2707 2712 2709
f 2708 2711 2709
f 2708 2710 2711
f 2708 2712 2710
f 2708 2709 2712
v -0.277871447255 -0.102196913587 -0.292296668936
v -0.277871447255 -0.105196913587 -0.292296668936
v -0.278986164493 -0.103696913587 -0.291292973027
v -0.276756730017 -0.103696913587 -0.293300364846
v -0.276867751345 -0.103696913587 -0.291181951698
v -0.278875143164 -0.103696913587 -0.293411386175
f 2713 2715 2717
f 2713 2717 2716
f 2713 2716 2718
f 2713 2718 2715
f 2714 2717 2715
f 2714 2716 2717
f 2714 2718 2716
f 2714 2715 2718
v -0.277633397003 -0.102196913587 -0.292041391295
v -0.277633397003 -0.105196913587 -0.292041391295
v -0.278712406704 -0.103696913587 -0.29099940374
v -0.276554387303 -0.103696913587 -0.293083378851
v -0.276591409448 -0.103696913587 -0.290962381595
v -0.278675384559 -0.103696913587 -0.293120400996
f 2719 2721 2723
f 2719 2723 2722
f 2719 2722 2724
f 2719 2724 2721
f 2720 2723 2721
f 2720 2722 2723
f 2720 2724 2722
f 2720 2721 2724
v -0.277386582705 -0.102196913587 -0.291794576997
v -0.277386582705 -0.105196913587 -0.291794576997
v -0.27842857026 -0.103696913587 -0.290715567296
v -0.276344595149 -0.103696913587 -0.292873586697
v -0.276307573004 -0.103696913587 -0.290752589441
v -0.278465592405 -0.103696913587 -0.292836564552
f 2725 2727 2729
f 2725 2729 2728
f 2725 2728 2730
f 2725 2730 2727
f 2726 2729 2727
f 2726 2728 2729
f 2726 2730 2728
f 2726 2727 2730
v -0.277131305064 -0.102196913587 -0.291556526745
v -0.277131305064 -0.105196913587 -0.291556526745
v -0.278135000973 -0.103696913587 -0.290441809507
v -0.276127609154 -0.103696913587 -0.292671243983
v -0.276016587825 -0.103696913587 -0.290552830836
v -0.278246022302 -0.103696913587 -0.292560222655
f 2731 2733 2735
f 2731 2735 2734
f 2731 2734 2736
f 2731 2736 2733
f 2732 2735 2733
f 2732 2734 2735
f 2732 2736 2734
f 2732 2733 2736
v -0.276867875097 -0.102196913587 -0.291327530569
v -0.276867875097 -0.105196913587 -0.291327530569
v -0.277832056511 -0.103696913587 -0.290178463904
v -0.275903693682 -0.103696913587 -0.292476597233
v -0.275718808432 -0.103696913587 -0.290363349154
v -0.278016941762 -0.103696913587 -0.292291711983
f 2737 2739 2741
f 2737 2741 2740
f 2737 2740 2742
f 2737 2742 2739
f 2738 2741 2739
f 2738 2740 2741
f 2738 2742 2740
f 2738 2739 2742
v -0.276596613753 -0.102196913587 -0.291107867464
v -0.276596613753 -0.105196913587 -0.291107867464
v -0.277520105966 -0.103696913587 -0.289925851334
v -0.27567312154 -0.103696913587 -0.292289883594
v -0.275414597623 -0.103696913587 -0.290184375251
v -0.277778629884 -0.103696913587 -0.292031359677
f 2743 2745 2747
f 2743 2747 2746
f 2743 2746 2748
f 2743 2748 2745
f 2744 2747 2745
f 2744 2746 2747
f 2744 2748 2746
f 2744 2745 2748
v -0.276317851523 -0.102196913587 -0.290897805056
v -0.276317851523 -0.105196913587 -0.290897805056
v -0.277199529401 -0.103696913587 -0.289684279565
v -0.275436173644 -0.103696913587 -0.292111330548
v -0.275104326031 -0.103696913587 -0.290016127178
v -0.277531377014 -0.103696913587 -0.291779482935
f 2749 2751 2753
f 2749 2753 2752
f 2749 2752 2754
f 2749 2754 2751
f 2750 2753 2751
f 2750 2752 2753
f 2750 2754 2752
f 2750 2751 2754
v -0.276031928035 -0.102196913587 -0.290697599274
v -0.276031928035 -0.105196913587 -0.290697599274
v -0.27687071739 -0.103696913587 -0.289454042916
v -0.27519313868 -0.103696913587 -0.291941155633
v -0.274788371676 -0.103696913587 -0.289858809919
v -0.277275484394 -0.103696913587 -0.29153638863
f 2755 2757 2759
f 2755 2759 2758
f 2755 2758 2760
f 2755 2760 2757
f 2756 2759 2757
f 2756 2758 2759
f 2756 2760 2758
f 2756 2757 2760
v -0.275739191642 -0.102196913587 -0.290507494038
v -0.275739191642 -0.105196913587 -0.290507494038
v -0.276534070539 -0.103696913587 -0.289235421894
v -0.274944312746 -0.103696913587 -0.291779566183
v -0.274467119498 -0.103696913587 -0.289712615142
v -0.277011263787 -0.103696913587 -0.291302372935
f 2761 2763 2765
f 2761 2765 2764
f 2761 2764 2766
f 2761 2766 2763
f 2762 2765 2763
f 2762 2764 2765
f 2762 2766 2764
f 2762 2763 2766
v -0.275439999 -0.102196913587 -0.290327720962
v -0.275439999 -0.105196913587 -0.290327720962
v -0.276189999 -0.103696913587 -0.289028682856
v -0.274689999 -0.103696913587 -0.291626759068
v -0.274140960894 -0.103696913587 -0.289577720962
v -0.276739037106 -0.103696913587 -0.291077720962
f 2767 2769 2771
f 2767 2771 2770
f 2767 2770 2772
f 2767 2772 2769
f 2768 2771 2769
f 2768 2770 2771
f 2768 2772 2770
f 2768 2769 2772
v -0.275134714628 -0.102196913587 -0.290158499071
v -0.275134714628 -0.105196913587 -0.290158499071
v -0.275838921972 -0.103696913587 -0.288834077682
v -0.274430507284 -0.103696913587 -0.291482920461
v -0.273810293239 -0.103696913587 -0.289454291727
v -0.276459136017 -0.103696913587 -0.290862706416
f 2773 2775 2777
f 2773 2777 2776
f 2773 2776 2778
f 2773 2778 2775
f 2774 2777 2775
f 2774 2776 2777
f 2774 2778 2776
f 2774 2775 2778
v -0.274823710468 -0.102196913587 -0.290000034537
v -0.274823710468 -0.105196913587 -0.290000034537
v -0.275481267188 -0.103696913587 -0.288651843468
v -0.274166153748 -0.103696913587 -0.291348225606
v -0.273475519398 -0.103696913587 -0.289342477817
v -0.276171901537 -0.103696913587 -0.290657591257
f 2779 2781 2783
f 2779 2783 2782
f 2779 2782 2784
f 2779 2784 2781
f 2780 2783 2781
f 2780 2782 2783
f 2780 2784 2782
f 2780 2781 2784
v -0.274507365431 -0.102196913587 -0.289852520424
v -0.274507365431 -0.105196913587 -0.289852520424
v -0.275117470395 -0.103696913587 -0.288482202237
v -0.273897260466 -0.103696913587 -0.29122283861
v -0.273137047244 -0.103696913587 -0.289242415459
v -0.275877683617 -0.103696913587 -0.290462625388
f 2785 2787 2789
f 2785 2789 2788
f 2785 2788 2790
f 2785 2790 2787
f 2786 2789 2787
f 2786 2788 2789
f 2786 2790 2788
f 2786 2787 2790
v -0.274186064934 -0.102196913587 -0.289716136454
v -0.274186064934 -0.105196913587 -0.289716136454
v -0.274747974824 -0.103696913587 -0.288325360672
v -0.273624155044 -0.103696913587 -0.291106912236
v -0.272795289152 -0.103696913587 -0.289154226564
v -0.275576840716 -0.103696913587 -0.290278046344
f 2791 2793 2795
f 2791 2795 2794
f 2791 2794 2796
f 2791 2796 2793
f 2792 2795 2793
f 2792 2794 2795
f 2792 2796 2794
f 2792 2793 2796
v -0.273860200433 -0.102196913587 -0.289591048792
v -0.273860200433 -0.105196913587 -0.289591048792
v -0.274373230648 -0.103696913587 -0.288181509861
v -0.273347170218 -0.103696913587 -0.291000587723
v -0.272450661502 -0.103696913587 -0.289078018577
v -0.275269739364 -0.103696913587 -0.290104079007
f 2797 2799 2801
f 2797 2801 2800
f 2797 2800 2802
f 2797 2802 2799
f 2798 2801 2799
f 2798 2800 2801
f 2798 2802 2800
f 2798 2799 2802
v -0.273530168944 -0.102196913587 -0.289477409837
v -0.273530168944 -0.105196913587 -0.289477409837
v -0.273993694435 -0.103696913587 -0.288050825063
v -0.273066643452 -0.103696913587 -0.290903994611
v -0.272103584169 -0.103696913587 -0.289013884345
v -0.274956753718 -0.103696913587 -0.289940935329
f 2803 2805 2807
f 2803 2807 2806
f 2803 2806 2808
f 2803 2808 2805
f 2804 2807 2805
f 2804 2806 2807
f 2804 2808 2806
f 2804 2805 2808
v -0.273196372558 -0.102196913587 -0.289375358041
v -0.273196372558 -0.105196913587 -0.289375358041
v -0.273609828592 -0.103696913587 -0.287933465497
v -0.272782916524 -0.103696913587 -0.290817250585
v -0.271754480014 -0.103696913587 -0.288961902007
v -0.274638265102 -0.103696913587 -0.289788814074
f 2809 2811 2813
f 2809 2813 2812
f 2809 2812 2814
f 2809 2814 2811
f 2810 2813 2811
f 2810 2812 2813
f 2810 2814 2812
f 2810 2811 2814
v -0.272859217956 -0.102196913587 -0.289285017737
v -0.272859217956 -0.105196913587 -0.289285017737
v -0.273222100799 -0.103696913587 -0.287829574148
v -0.272496335113 -0.103696913587 -0.290740461327
v -0.271403774367 -0.103696913587 -0.288922134894
v -0.274314661545 -0.103696913587 -0.289647900581
f 2815 2817 2819
f 2815 2819 2818
f 2815 2818 2820
f 2815 2820 2817
f 2816 2819 2817
f 2816 2818 2819
f 2816 2820 2818
f 2816 2817 2820
v -0.272519115908 -0.102196913587 -0.289206498993
v -0.272519115908 -0.105196913587 -0.289206498993
v -0.272830983444 -0.103696913587 -0.287739277592
v -0.272207248372 -0.103696913587 -0.290673720394
v -0.271051894507 -0.103696913587 -0.288894631456
v -0.273986337309 -0.103696913587 -0.289518366529
f 2821 2823 2825
f 2821 2825 2824
f 2821 2824 2826
f 2821 2826 2823
f 2822 2825 2823
f 2822 2824 2825
f 2822 2826 2824
f 2822 2823 2826
v -0.272176480777 -0.102196913587 -0.28913989747
v -0.272176480777 -0.105196913587 -0.28913989747
v -0.272436953043 -0.103696913587 -0.28766268584
v -0.27191600851 -0.103696913587 -0.290617109099
v -0.270699269147 -0.103696913587 -0.288879425203
v -0.273653692406 -0.103696913587 -0.289400369736
f 2827 2829 2831
f 2827 2831 2830
f 2827 2830 2832
f 2827 2832 2829
f 2828 2831 2829
f 2828 2830 2831
f 2828 2832 2830
f 2828 2829 2832
v -0.27183173001 -0.102196913587 -0.289085294313
v -0.27183173001 -0.105196913587 -0.289085294313
v -0.272040489661 -0.103696913587 -0.287599892209
v -0.271622970358 -0.103696913587 -0.290570696416
v -0.270346327906 -0.103696913587 -0.288876534661
v -0.273317132113 -0.103696913587 -0.289294053964
f 2833 2835 2837
f 2833 2837 2836
f 2833 2836 2838
f 2833 2838 2835
f 2834 2837 2835
f 2834 2836 2837
f 2834 2838 2836
f 2834 2835 2838
v -0.271485283633 -0.102196913587 -0.289042756046
v -0.271485283633 -0.105196913587 -0.289042756046
v -0.271642076328 -0.103696913587 -0.287550973203
v -0.271328490938 -0.103696913587 -0.290534538889
v -0.26999350079 -0.103696913587 -0.288885963351
v -0.272977066476 -0.103696913587 -0.289199548741
f 2839 2841 2843
f 2839 2843 2842
f 2839 2842 2844
f 2839 2844 2841
f 2840 2843 2841
f 2840 2842 2843
f 2840 2844 2842
f 2840 2841 2844
v -0.271137563737 -0.102196913587 -0.289012334497
v -0.271137563737 -0.105196913587 -0.289012334497
v -0.271242198448 -0.103696913587 -0.287515988422
v -0.271032929027 -0.103696913587 -0.290508680573
v -0.269641217662 -0.103696913587 -0.288907699787
v -0.272633909813 -0.103696913587 -0.289116969208
f 2845 2847 2849
f 2845 2849 2848
f 2845 2848 2850
f 2845 2850 2847
f 2846 2849 2847
f 2846 2848 2849
f 2846 2850 2848
f 2846 2847 2850
v -0.270788993967 -0.102196913587 -0.28899406673
v -0.270788993967 -0.105196913587 -0.28899406673
v -0.270841343212 -0.103696913587 -0.287494980489
v -0.270736644722 -0.103696913587 -0.29049315297
v -0.269289907726 -0.103696913587 -0.288941717485
v -0.272288080208 -0.103696913587 -0.289046415975
f 2851 2853 2855
f 2851 2855 2854
f 2851 2854 2856
f 2851 2856 2853
f 2852 2855 2853
f 2852 2854 2855
f 2852 2856 2854
f 2852 2853 2856
v -0.270439999 -0.102196913587 -0.288987975
v -0.270439999 -0.105196913587 -0.288987975
v -0.270439999 -0.103696913587 -0.287487975
v -0.270439999 -0.103696913587 -0.290487975
v -0.268939999 -0.103696913587 -0.288987975
v -0.271939999 -0.103696913587 -0.288987975
f 2857 2859 2861
f 2857 2861 2860
f 2857 2860 2862
f 2857 2862 2859
f 2858 2861 2859
f 2858 2860 2861
f 2858 2862 2860
f 2858 2859 2862
v -0.270091004033 -0.102196913587 -0.28899406673
v -0.270091004033 -0.105196913587 -0.28899406673
v -0.270038654788 -0.103696913587 -0.287494980489
v -0.270143353278 -0.103696913587 -0.29049315297
v -0.268591917792 -0.103696913587 -0.289046415975
v -0.271590090274 -0.103696913587 -0.288941717485
f 2863 2865 2867
f 2863 2867 2866
f 2863 2866 2868
f 2863 2868 2865
f 2864 2867 2865
f 2864 2866 2867
f 2864 2868 2866
f 2864 2865 2868
v -0.269742434263 -0.102196913587 -0.289012334497
v -0.269742434263 -0.105196913587 -0.289012334497
v -0.269637799552 -0.103696913587 -0.287515988422
v -0.269847068973 -0.103696913587 -0.290508680573
v -0.268246088187 -0.103696913587 -0.289116969208
v -0.271238780338 -0.103696913587 -0.288907699787
f 2869 2871 2873
f 2869 2873 2872
f 2869 2872 2874
f 2869 2874 2871
f 2870 2873 2871
f 2870 2872 2873
f 2870 2874 2872
f 2870 2871 2874
v -0.269394714367 -0.102196913587 -0.289042756046
v -0.269394714367 -0.105196913587 -0.289042756046
v -0.269237921672 -0.103696913587 -0.287550973203
v -0.269551507062 -0.103696913587 -0.290534538889
v -0.267902931524 -0.103696913587 -0.289199548741
v -0.27088649721 -0.103696913587 -0.288885963351
f 2875 2877 2879
f 2875 2879 2878
f 2875 2878 2880
f 2875 2880 2877
f 2876 2879 2877
f 2876 2878 2879
f 2876 2880 2878
f 2876 2877 2880
v -0.26904826799 -0.102196913587 -0.289085294313
v -0.26904826799 -0.105196913587 -0.289085294313
v -0.268839508339 -0.103696913587 -0.287599892209
v -0.269257027642 -0.103696913587 -0.290570696416
v -0.267562865887 -0.103696913587 -0.289294053964
v -0.270533670094 -0.103696913587 -0.288876534661
f 2881 2883 2885
f 2881 2885 2884
f 2881 2884 2886
f 2881 2886 2883
f 2882 2885 2883
f 2882 2884 2885
f 2882 2886 2884
f 2882 2883 2886
v -0.268703517223 -0.102196913587 -0.28913989747
v -0.268703517223 -0.105196913587 -0.28913989747
v -0.268443044957 -0.103696913587 -0.28766268584
v -0.26896398949 -0.103696913587 -0.290617109099
v -0.267226305594 -0.103696913587 -0.289400369736
v -0.270180728853 -0.103696913587 -0.288879425203
f 2887 2889 2891
f 2887 2891 2890
f 2887 2890 2892
f 2887 2892 2889
f 2888 2891 2889
f 2888 2890 2891
f 2888 2892 2890
f 2888 2889 2892
v -0.268360882092 -0.102196913587 -0.289206498993
v -0.268360882092 -0.105196913587 -0.289206498993
v -0.268049014556 -0.103696913587 -0.287739277592
v -0.268672749628 -0.103696913587 -0.290673720394
v -0.266893660691 -0.103696913587 -0.289518366529
v -0.269828103493 -0.103696913587 -0.288894631456
f 2893 2895 2897
f 2893 2897 2896
f 2893 2896 2898
f 2893 2898 2895
f 2894 2897 2895
f 2894 2896 2897
f 2894 2898 2896
f 2894 2895 2898
v -0.268020780044 -0.102196913587 -0.289285017737
v -0.268020780044 -0.105196913587 -0.289285017737
v -0.267657897201 -0.103696913587 -0.287829574148
v -0.268383662887 -0.103696913587 -0.290740461327
v -0.266565336455 -0.103696913587 -0.289647900581
v -0.269476223633 -0.103696913587 -0.288922134894
f 2899 2901 2903
f 2899 2903 2902
f 2899 2902 2904
f 2899 2904 2901
f 2900 2903 2901
f 2900 2902 2903
f 2900 2904 2902
f 2900 2901 2904
v -0.267683625442 -0.102196913587 -0.289375358041
v -0.267683625442 -0.105196913587 -0.289375358041
v -0.267270169408 -0.103696913587 -0.287933465497
v -0.268097081476 -0.103696913587 -0.290817250585
v -0.266241732898 -0.103696913587 -0.289788814074
v -0.269125517986 -0.103696913587 -0.288961902007
f 2905 2907 2909
f 2905 2909 2908
f 2905 2908 2910
f 2905 2910 2907
f 2906 2909 2907
f 2906 2908 2909
f 2906 2910 2908
f 2906 2907 2910
v -0.267349829056 -0.102196913587 -0.289477409837
v -0.267349829056 -0.105196913587 -0.289477409837
v -0.266886303565 -0.103696913587 -0.288050825063
v -0.267813354548 -0.103696913587 -0.290903994611
v -0.265923244282 -0.103696913587 -0.289940935329
v -0.268776413831 -0.103696913587 -0.289013884345
f 2911 2913 2915
f 2911 2915 2914
f 2911 2914 2916
f 2911 2916 2913
f 2912 2915 2913
f 2912 2914 2915
f 2912 2916 2914
f 2912 2913 2916
v -0.267019797567 -0.102196913587 -0.289591048792
v -0.267019797567 -0.105196913587 -0.289591048792
v -0.266506767352 -0.103696913587 -0.288181509861
v -0.267532827782 -0.103696913587 -0.291000587723
v -0.265610258636 -0.103696913587 -0.290104079007
v -0.268429336498 -0.103696913587 -0.289078018577
f 2917 2919 2921
f 2917 2921 2920
f 2917 2920 2922
f 2917 2922 2919
f 2918 2921 2919
f 2918 2920 2921
f 2918 2922 2920
f 2918 2919 2922
v -0.266693933066 -0.102196913587 -0.289716136454
v -0.266693933066 -0.105196913587 -0.289716136454
v -0.266132023176 -0.103696913587 -0.288325360672
v -0.267255842956 -0.103696913587 -0.291106912236
v -0.265303157284 -0.103696913587 -0.290278046344
v -0.268084708848 -0.103696913587 -0.289154226564
f 2923 2925 2927
f 2923 2927 2926
f 2923 2926 2928
f 2923 2928 2925
f 2924 2927 2925
f 2924 2926 2927
f 2924 2928 2926
f 2924 2925 2928
v -0.266372632569 -0.102196913587 -0.289852520424
v -0.266372632569 -0.105196913587 -0.289852520424
v -0.265762527605 -0.103696913587 -0.288482202237
v -0.266982737534 -0.103696913587 -0.29122283861
v -0.265002314383 -0.103696913587 -0.290462625388
v -0.267742950756 -0.103696913587 -0.289242415459
f 2929 2931 2933
f 2929 2933 2932
f 2929 2932 2934
f 2929 2934 2931
f 2930 2933 2931
f 2930 2932 2933
f 2930 2934 2932
f 2930 2931 2934
v -0.266056287532 -0.102196913587 -0.290000034537
v -0.266056287532 -0.105196913587 -0.290000034537
v -0.265398730812 -0.103696913587 -0.288651843468
v -0.266713844252 -0.103696913587 -0.291348225606
v -0.264708096463 -0.103696913587 -0.290657591257
v -0.267404478602 -0.103696913587 -0.289342477817
f 2935 2937 2939
f 2935 2939 2938
f 2935 2938 2940
f 2935 2940 2937
f 2936 2939 2937
f 2936 2938 2939
f 2936 2940 2938
f 2936 2937 2940
v -0.265745283372 -0.102196913587 -0.290158499071
v -0.265745283372 -0.105196913587 -0.290158499071
v -0.265041076028 -0.103696913587 -0.288834077682
v -0.266449490716 -0.103696913587 -0.291482920461
v -0.264420861983 -0.103696913587 -0.290862706416
v -0.267069704761 -0.103696913587 -0.289454291727
f 2941 2943 2945
f 2941 2945 2944
f 2941 2944 2946
f 2941 2946 2943
f 2942 2945 2943
f 2942 2944 2945
f 2942 2946 2944
f 2942 2943 2946
v -0.265439999 -0.102196913587 -0.290327720962
v -0.265439999 -0.105196913587 -0.290327720962
v -0.264689999 -0.103696913587 -0.289028682856
v -0.266189999 -0.103696913587 -0.291626759068
v -0.264140960894 -0.103696913587 -0.291077720962
v -0.266739037106 -0.103696913587 -0.289577720962
f 2947 2949 2951
f 2947 2951 2950
f 2947 2950 2952
f 2947 2952 2949
f 2948 2951 2949
f 2948 2950 2951
f 2948 2952 2950
f 2948 2949 2952
v -0.265140806358 -0.102196913587 -0.290507494038
v -0.265140806358 -0.105196913587 -0.290507494038
v -0.264345927461 -0.103696913587 -0.289235421894
v -0.265935685254 -0.103696913587 -0.291779566183
v -0.263868734213 -0.103696913587 -0.291302372935
v -0.266412878502 -0.103696913587 -0.289712615142
f 2953 2955 2957
f 2953 2957 2956
f 2953 2956 2958
f 2953 2958 2955
f 2954 2957 2955
f 2954 2956 2957
f 2954 2958 2956
f 2954 2955 2958
v -0.264848069965 -0.102196913587 -0.290697599274
v -0.264848069965 -0.105196913587 -0.290697599274
v -0.26400928061 -0.103696913587 -0.289454042916
v -0.26568685932 -0.103696913587 -0.291941155633
v -0.263604513606 -0.103696913587 -0.29153638863
v -0.266091626324 -0.103696913587 -0.289858809919
f 2959 2961 2963
f 2959 2963 2962
f 2959 2962 2964
f 2959 2964 2961
f 2960 2963 2961
f 2960 2962 2963
f 2960 2964 2962
f 2960 2961 2964
v -0.264562146477 -0.102196913587 -0.290897805056
v -0.264562146477 -0.105196913587 -0.290897805056
v -0.263680468599 -0.103696913587 -0.289684279565
v -0.265443824356 -0.103696913587 -0.292111330548
v -0.263348620986 -0.103696913587 -0.291779482935
v -0.265775671969 -0.103696913587 -0.290016127178
f 2965 2967 2969
f 2965 2969 2968
f 2965 2968 2970
f 2965 2970 2967
f 2966 2969 2967
f 2966 2968 2969
f 2966 2970 2968
f 2966 2967 2970
v -0.264283384247 -0.102196913587 -0.291107867464
v -0.264283384247 -0.105196913587 -0.291107867464
v -0.263359892034 -0.103696913587 -0.289925851334
v -0.26520687646 -0.103696913587 -0.292289883594
v -0.263101368116 -0.103696913587 -0.292031359677
v -0.265465400377 -0.103696913587 -0.290184375251
f 2971 2973 2975
f 2971 2975 2974
f 2971 2974 2976
f 2971 2976 2973
f 2972 2975 2973
f 2972 2974 2975
f 2972 2976 2974
f 2972 2973 2976
v -0.264012122903 -0.102196913587 -0.291327530569
v -0.264012122903 -0.105196913587 -0.291327530569
v -0.263047941489 -0.103696913587 -0.290178463904
v -0.264976304318 -0.103696913587 -0.292476597233
v -0.262863056238 -0.103696913587 -0.292291711983
v -0.265161189568 -0.103696913587 -0.290363349154
f 2977 2979 2981
f 2977 2981 2980
f 2977 2980 2982
f 2977 2982 2979
f 2978 2981 2979
f 2978 2980 2981
f 2978 2982 2980
f 2978 2979 2982
v -0.263748692936 -0.102196913587 -0.291556526745
v -0.263748692936 -0.105196913587 -0.291556526745
v -0.262744997027 -0.103696913587 -0.290441809507
v -0.264752388846 -0.103696913587 -0.292671243983
v -0.262633975698 -0.103696913587 -0.292560222655
v -0.264863410175 -0.103696913587 -0.290552830836
f 2983 2985 2987
f 2983 2987 2986
f 2983 2986 2988
f 2983 2988 2985
f 2984 2987 2985
f 2984 2986 2987
f 2984 2988 2986
f 2984 2985 2988
v -0.263493415295 -0.102196913587 -0.291794576997
v -0.263493415295 -0.105196913587 -0.291794576997
v -0.26245142774 -0.103696913587 -0.290715567296
v -0.264535402851 -0.103696913587 -0.292873586697
v -0.262414405595 -0.103696913587 -0.292836564552
v -0.264572424996 -0.103696913587 -0.290752589441
f 2989 2991 2993
f 2989 2993 2992
f 2989 2992 2994
f 2989 2994 2991
f 2990 2993 2991
f 2990 2992 2993
f 2990 2994 2992
f 2990 2991 2994
v -0.263246600997 -0.102196913587 -0.292041391295
v -0.263246600997 -0.105196913587 -0.292041391295
v -0.262167591296 -0.103696913587 -0.29099940374
v -0.264325610697 -0.103696913587 -0.293083378851
v -0.262204613441 -0.103696913587 -0.293120400996
v -0.264288588552 -0.103696913587 -0.290962381595
f 2995 2997 2999
f 2995 2999 2998
f 2995 2998 3000
f 2995 3000 2997
f 2996 2999 2997
f 2996 2998 2999
f 2996 3000 2998
f 2996 2997 3000
v -0.263008550745 -0.102196913587 -0.292296668936
v -0.263008550745 -0.105196913587 -0.292296668936
v -0.261893833507 -0.103696913587 -0.291292973027
v -0.264123267983 -0.103696913587 -0.293300364846
v -0.262004854836 -0.103696913587 -0.293411386175
v -0.264012246655 -0.103696913587 -0.291181951698
f 3001 3003 3005
f 3001 3005 3004
f 3001 3004 3006
f 3001 3006 3003
f 3002 3005 3003
f 3002 3004 3005
f 3002 3006 3004
f 3002 3003 3006
v -0.262779554569 -0.102196913587 -0.292560098903
v -0.262779554569 -0.105196913587 -0.292560098903
v -0.261630487904 -0.103696913587 -0.291595917489
v -0.263928621233 -0.103696913587 -0.293524280318
v -0.261815373154 -0.103696913587 -0.293709165568
v -0.263743735983 -0.103696913587 -0.291411032238
f 3007 3009 3011
f 3007 3011 3010
f 3007 3010 3012
f 3007 3012 3009
f 3008 3011 3009
f 3008 3010 3011
f 3008 3012 3010
f 3008 3009 3012
v -0.262559891464 -0.102196913587 -0.292831360247
v -0.262559891464 -0.105196913587 -0.292831360247
v -0.261377875334 -0.103696913587 -0.291907868034
v -0.263741907594 -0.103696913587 -0.29375485246
v -0.261636399251 -0.103696913587 -0.294013376377
v -0.263483383677 -0.103696913587 -0.291649344116
f 3013 3015 3017
f 3013 3017 3016
f 3013 3016 3018
f 3013 3018 3015
f 3014 3017 3015
f 3014 3016 3017
f 3014 3018 3016
f 3014 3015 3018
v -0.262349829056 -0.102196913587 -0.293110122477
v -0.262349829056 -0.105196913587 -0.293110122477
v -0.261136303565 -0.103696913587 -0.292228444599
v -0.263563354548 -0.103696913587 -0.293991800356
v -0.261468151178 -0.103696913587 -0.294323647969
v -0.263231506935 -0.103696913587 -0.291896596986
f 3019 3021 3023
f 3019 3023 3022
f 3019 3022 3024
f 3019 3024 3021
f 3020 3023 3021
f 3020 3022 3023
f 3020 3024 3022
f 3020 3021 3024
v -0.262149623274 -0.102196913587 -0.293396045965
v -0.262149623274 -0.105196913587 -0.293396045965
v -0.260906066916 -0.103696913587 -0.29255725661
v -0.263393179633 -0.103696913587 -0.29423483532
v -0.261310833919 -0.103696913587 -0.294639602324
v -0.26298841263 -0.103696913587 -0.292152489606
f 3025 3027 3029
f 3025 3029 3028
f 3025 3028 3030
f 3025 3030 3027
f 3026 3029 3027
f 3026 3028 3029
f 3026 3030 3028
f 3026 3027 3030
v -0.261959518038 -0.102196913587 -0.293688782358
v -0.261959518038 -0.105196913587 -0.293688782358
v -0.260687445894 -0.103696913587 -0.292893903461
v -0.263231590183 -0.103696913587 -0.294483661254
v -0.261164639142 -0.103696913587 -0.294960854502
v -0.262754396935 -0.103696913587 -0.292416710213
f 3031 3033 3035
f 3031 3035 3034
f 3031 3034 3036
f 3031 3036 3033
f 3032 3035 3033
f 3032 3034 3035
f 3032 3036 3034
f 3032 3033 3036
v -0.261779744962 -0.102196913587 -0.293987975
v -0.261779744962 -0.105196913587 -0.293987975
v -0.260480706856 -0.103696913587 -0.293237975
v -0.263078783068 -0.103696913587 -0.294737975
v -0.261029744962 -0.103696913587 -0.295287013106
v -0.262529744962 -0.103696913587 -0.292688936894
f 3037 3039 3041
f 3037 3041 3040
f 3037 3040 3042
f 3037 3042 3039
f 3038 3041 3039
f 3038 3040 3041
f 3038 3042 3040
f 3038 3039 3042
v -0.261610523071 -0.102196913587 -0.294293259372
v -0.261610523071 -0.105196913587 -0.294293259372
v -0.260286101682 -0.103696913587 -0.293589052028
v -0.262934944461 -0.103696913587 -0.294997466716
v -0.260906315727 -0.103696913587 -0.295617680761
v -0.262314730416 -0.103696913587 -0.292968837983
f 3043 3045 3047
f 3043 3047 3046
f 3043 3046 3048
f 3043 3048 3045
f 3044 3047 3045
f 3044 3046 3047
f 3044 3048 3046
f 3044 3045 3048
v -0.261452058537 -0.102196913587 -0.294604263532
v -0.261452058537 -0.105196913587 -0.294604263532
v -0.260103867468 -0.103696913587 -0.293946706812
v -0.262800249606 -0.103696913587 -0.295261820252
v -0.260794501817 -0.103696913587 -0.295952454602
v -0.262109615257 -0.103696913587 -0.293256072463
f 3049 3051 3053
f 3049 3053 3052
f 3049 3052 3054
f 3049 3054 3051
f 3050 3053 3051
f 3050 3052 3053
f 3050 3054 3052
f 3050 3051 3054
v -0.261304544424 -0.102196913587 -0.294920608569
v -0.261304544424 -0.105196913587 -0.294920608569
v -0.259934226237 -0.103696913587 -0.294310503605
v -0.26267486261 -0.103696913587 -0.295530713534
v -0.260694439459 -0.103696913587 -0.296290926756
v -0.261914649388 -0.103696913587 -0.293550290383
f 3055 3057 3059
f 3055 3059 3058
f 3055 3058 3060
f 3055 3060 3057
f 3056 3059 3057
f 3056 3058 3059
f 3056 3060 3058
f 3056 3057 3060
v -0.261168160454 -0.102196913587 -0.295241909066
v -0.261168160454 -0.105196913587 -0.295241909066
v -0.259777384672 -0.103696913587 -0.294679999176
v -0.262558936236 -0.103696913587 -0.295803818956
v -0.260606250564 -0.103696913587 -0.296632684848
v -0.261730070344 -0.103696913587 -0.293851133284
f 3061 3063 3065
f 3061 3065 3064
f 3061 3064 3066
f 3061 3066 3063
f 3062 3065 3063
f 3062 3064 3065
f 3062 3066 3064
f 3062 3063 3066
v -0.261043072792 -0.102196913587 -0.295567773567
v -0.261043072792 -0.105196913587 -0.295567773567
v -0.259633533861 -0.103696913587 -0.295054743352
v -0.262452611723 -0.103696913587 -0.296080803782
v -0.260530042577 -0.103696913587 -0.296977312498
v -0.261556103007 -0.103696913587 -0.294158234636
f 3067 3069 3071
f 3067 3071 3070
f 3067 3070 3072
f 3067 3072 3069
f 3068 3071 3069
f 3068 3070 3071
f 3068 3072 3070
f 3068 3069 3072
v -0.260929433837 -0.102196913587 -0.295897805056
v -0.260929433837 -0.105196913587 -0.295897805056
v -0.259502849063 -0.103696913587 -0.295434279565
v -0.262356018611 -0.103696913587 -0.296361330548
v -0.260465908345 -0.103696913587 -0.297324389831
v -0.261392959329 -0.103696913587 -0.294471220282
f 3073 3075 3077
f 3073 3077 3076
f 3073 3076 3078
f 3073 3078 3075
f 3074 3077 3075
f 3074 3076 3077
f 3074 3078 3076
f 3074 3075 3078
v -0.260827382041 -0.102196913587 -0.296231601442
v -0.260827382041 -0.105196913587 -0.296231601442
v -0.259385489497 -0.103696913587 -0.295818145408
v -0.262269274585 -0.103696913587 -0.296645057476
v -0.260413926007 -0.103696913587 -0.297673493986
v -0.261240838074 -0.103696913587 -0.294789708898
f 3079 3081 3083
f 3079 3083 3082
f 3079 3082 3084
f 3079 3084 3081
f 3080 3083 3081
f 3080 3082 3083
f 3080 3084 3082
f 3080 3081 3084
v -0.260737041737 -0.102196913587 -0.296568756044
v -0.260737041737 -0.105196913587 -0.296568756044
v -0.259281598148 -0.103696913587 -0.296205873201
v -0.262192485327 -0.103696913587 -0.296931638887
v -0.260374158894 -0.103696913587 -0.298024199633
v -0.261099924581 -0.103696913587 -0.295113312455
f 3085 3087 3089
f 3085 3089 3088
f 3085 3088 3090
f 3085 3090 3087
f 3086 3089 3087
f 3086 3088 3089
f 3086 3090 3088
f 3086 3087 3090
v -0.260658522993 -0.102196913587 -0.296908858092
v -0.260658522993 -0.105196913587 -0.296908858092
v -0.259191301592 -0.103696913587 -0.296596990556
v -0.262125744394 -0.103696913587 -0.297220725628
v -0.260346655456 -0.103696913587 -0.298376079493
v -0.260970390529 -0.103696913587 -0.295441636691
f 3091 3093 3095
f 3091 3095 3094
f 3091 3094 3096
f 3091 3096 3093
f 3092 3095 3093
f 3092 3094 3095
f 3092 3096 3094
f 3092 3093 3096
v -0.26059192147 -0.102196913587 -0.297251493223
v -0.26059192147 -0.105196913587 -0.297251493223
v -0.25911470984 -0.103696913587 -0.296991020957
v -0.262069133099 -0.103696913587 -0.29751196549
v -0.260331449203 -0.103696913587 -0.298728704853
v -0.260852393736 -0.103696913587 -0.295774281594
f 3097 3099 3101
f 3097 3101 3100
f 3097 3100 3102
f 3097 3102 3099
f 3098 3101 3099
f 3098 3100 3101
f 3098 3102 3100
f 3098 3099 3102
v -0.260537318313 -0.102196913587 -0.29759624399
v -0.260537318313 -0.105196913587 -0.29759624399
v -0.259051916209 -0.103696913587 -0.297387484339
v -0.262022720416 -0.103696913587 -0.297805003642
v -0.260328558661 -0.103696913587 -0.299081646094
v -0.260746077964 -0.103696913587 -0.296110841887
f 3103 3105 3107
f 3103 3107 3106
f 3103 3106 3108
f 3103 3108 3105
f 3104 3107 3105
f 3104 3106 3107
f 3104 3108 3106
f 3104 3105 3108
v -0.260494780046 -0.102196913587 -0.297942690367
v -0.260494780046 -0.105196913587 -0.297942690367
v -0.259002997203 -0.103696913587 -0.297785897672
v -0.261986562889 -0.103696913587 -0.298099483062
v -0.260337987351 -0.103696913587 -0.29943447321
v -0.260651572741 -0.103696913587 -0.296450907524
f 3109 3111 3113
f 3109 3113 3112
f 3109 3112 3114
f 3109 3114 3111
f 3110 3113 3111
f 3110 3112 3113
f 3110 3114 3112
f 3110 3111 3114
v -0.260464358497 -0.102196913587 -0.298290410263
v -0.260464358497 -0.105196913587 -0.298290410263
v -0.258968012422 -0.103696913587 -0.298185775552
v -0.261960704573 -0.103696913587 -0.298395044973
v -0.260359723787 -0.103696913587 -0.299786756338
v -0.260568993208 -0.103696913587 -0.296794064187
f 3115 3117 3119
f 3115 3119 3118
f 3115 3118 3120
f 3115 3120 3117
f 3116 3119 3117
f 3116 3118 3119
f 3116 3120 3118
f 3116 3117 3120
v -0.26044609073 -0.102196913587 -0.298638980033
v -0.26044609073 -0.105196913587 -0.298638980033
v -0.258947004489 -0.103696913587 -0.298586630788
v -0.26194517697 -0.103696913587 -0.298691329278
v -0.260393741485 -0.103696913587 -0.300138066274
v -0.260498439975 -0.103696913587 -0.297139893792
f 3121 3123 3125
f 3121 3125 3124
f 3121 3124 3126
f 3121 3126 3123
f 3122 3125 3123
f 3122 3124 3125
f 3122 3126 3124
f 3122 3123 3126
v -0.260439999 -0.102196913587 -0.298987975
v -0.260439999 -0.105196913587 -0.298987975
v -0.258939999 -0.103696913587 -0.298987975
v -0.261939999 -0.103696913587 -0.298987975
v -0.260439999 -0.103696913587 -0.300487975
v -0.260439999 -0.103696913587 -0.297487975
f 3127 3129 3131
f 3127 3131 3130
f 3127 3130 3132
f 3127 3132 3129
f 3128 3131 3129
f 3128 3130 3131
f 3128 3132 3130
f 3128 3129 3132
v -0.26044609073 -0.102196913587 -0.299336969967
v -0.26044609073 -0.105196913587 -0.299336969967
v -0.258947004489 -0.103696913587 -0.299389319212
v -0.26194517697 -0.103696913587 -0.299284620722
v -0.260498439975 -0.103696913587 -0.300836056208
v -0.260393741485 -0.103696913587 -0.297837883726
f 3133 3135 3137
f 3133 3137 3136
f 3133 3136 3138
f 3133 3138 3135
f 3134 3137 3135
f 3134 3136 3137
f 3134 3138 3136
f 3134 3135 3138
v -0.260464358497 -0.102196913587 -0.299685539737
v -0.260464358497 -0.105196913587 -0.299685539737
v -0.258968012422 -0.103696913587 -0.299790174448
v -0.261960704573 -0.103696913587 -0.299580905027
v -0.260568993208 -0.103696913587 -0.301181885813
v -0.260359723787 -0.103696913587 -0.298189193662
f 3139 3141 3143
f 3139 3143 3142
f 3139 3142 3144
f 3139 3144 3141
f 3140 3143 3141
f 3140 3142 3143
f 3140 3144 3142
f 3140 3141 3144
v -0.260494780046 -0.102196913587 -0.300033259633
v -0.260494780046 -0.105196913587 -0.300033259633
v -0.259002997203 -0.103696913587 -0.300190052328
v -0.261986562889 -0.103696913587 -0.299876466938
v -0.260651572741 -0.103696913587 -0.301525042476
v -0.260337987351 -0.103696913587 -0.29854147679
f 3145 3147 3149
f 3145 3149 3148
f 3145 3148 3150
f 3145 3150 3147
f 3146 3149 3147
f 3146 3148 3149
f 3146 3150 3148
f 3146 3147 3150
v -0.260537318313 -0.102196913587 -0.30037970601
v -0.260537318313 -0.105196913587 -0.30037970601
v -0.259051916209 -0.103696913587 -0.300588465661
v -0.262022720416 -0.103696913587 -0.300170946358
v -0.260746077964 -0.103696913587 -0.301865108113
v -0.260328558661 -0.103696913587 -0.298894303906
f 3151 3153 3155
f 3151 3155 3154
f 3151 3154 3156
f 3151 3156 3153
f 3152 3155 3153
f 3152 3154 3155
f 3152 3156 3154
f 3152 3153 3156
v -0.26059192147 -0.102196913587 -0.300724456777
v -0.26059192147 -0.105196913587 -0.300724456777
v -0.25911470984 -0.103696913587 -0.300984929043
v -0.262069133099 -0.103696913587 -0.30046398451
v -0.260852393736 -0.103696913587 -0.302201668406
v -0.260331449203 -0.103696913587 -0.299247245147
f 3157 3159 3161
f 3157 3161 3160
f 3157 3160 3162
f 3157 3162 3159
f 3158 3161 3159
f 3158 3160 3161
f 3158 3162 3160
f 3158 3159 3162
v -0.260658522993 -0.102196913587 -0.301067091908
v -0.260658522993 -0.105196913587 -0.301067091908
v -0.259191301592 -0.103696913587 -0.301378959444
v -0.262125744394 -0.103696913587 -0.300755224372
v -0.260970390529 -0.103696913587 -0.302534313309
v -0.260346655456 -0.103696913587 -0.299599870507
f 3163 3165 3167
f 3163 3167 3166
f 3163 3166 3168
f 3163 3168 3165
f 3164 3167 3165
f 3164 3166 3167
f 3164 3168 3166
f 3164 3165 3168
v -0.260737041737 -0.102196913587 -0.301407193956
v -0.260737041737 -0.105196913587 -0.301407193956
v -0.259281598148 -0.103696913587 -0.301770076799
v -0.262192485327 -0.103696913587 -0.301044311113
v -0.261099924581 -0.103696913587 -0.302862637545
v -0.260374158894 -0.103696913587 -0.299951750367
f 3169 3171 3173
f 3169 3173 3172
f 3169 3172 3174
f 3169 3174 3171
f 3170 3173 3171
f 3170 3172 3173
f 3170 3174 3172
f 3170 3171 3174
v -0.260827382041 -0.102196913587 -0.301744348558
v -0.260827382041 -0.105196913587 -0.301744348558
v -0.259385489497 -0.103696913587 -0.302157804592
v -0.262269274585 -0.103696913587 -0.301330892524
v -0.261240838074 -0.103696913587 -0.303186241102
v -0.260413926007 -0.103696913587 -0.300302456014
f 3175 3177 3179
f 3175 3179 3178
f 3175 3178 3180
f 3175 3180 3177
f 3176 3179 3177
f 3176 3178 3179
f 3176 3180 3178
f 3176 3177 3180
v -0.260929433837 -0.102196913587 -0.302078144944
v -0.260929433837 -0.105196913587 -0.302078144944
v -0.259502849063 -0.103696913587 -0.302541670435
v -0.262356018611 -0.103696913587 -0.301614619452
v -0.261392959329 -0.103696913587 -0.303504729718
v -0.260465908345 -0.103696913587 -0.300651560169
f 3181 3183 3185
f 3181 3185 3184
f 3181 3184 3186
f 3181 3186 3183
f 3182 3185 3183
f 3182 3184 3185
f 3182 3186 3184
f 3182 3183 3186
v -0.261043072792 -0.102196913587 -0.302408176433
v -0.261043072792 -0.105196913587 -0.302408176433
v -0.259633533861 -0.103696913587 -0.302921206648
v -0.262452611723 -0.103696913587 -0.301895146218
v -0.261556103007 -0.103696913587 -0.303817715364
v -0.260530042577 -0.103696913587 -0.300998637502
f 3187 3189 3191
f 3187 3191 3190
f 3187 3190 3192
f 3187 3192 3189
f 3188 3191 3189
f 3188 3190 3191
f 3188 3192 3190
f 3188 3189 3192
v -0.261168160454 -0.102196913587 -0.302734040934
v -0.261168160454 -0.105196913587 -0.302734040934
v -0.259777384672 -0.103696913587 -0.303295950824
v -0.262558936236 -0.103696913587 -0.302172131044
v -0.261730070344 -0.103696913587 -0.304124816716
v -0.260606250564 -0.103696913587 -0.301343265152
f 3193 3195 3197
f 3193 3197 3196
f 3193 3196 3198
f 3193 3198 3195
f 3194 3197 3195
f 3194 3196 3197
f 3194 3198 3196
f 3194 3195 3198
v -0.261304544424 -0.102196913587 -0.303055341431
v -0.261304544424 -0.105196913587 -0.303055341431
v -0.259934226237 -0.103696913587 -0.303665446395
v -0.26267486261 -0.103696913587 -0.302445236466
v -0.261914649388 -0.103696913587 -0.304425659617
v -0.260694439459 -0.103696913587 -0.301685023244
f 3199 3201 3203
f 3199 3203 3202
f 3199 3202 3204
f 3199 3204 3201
f 3200 3203 3201
f 3200 3202 3203
f 3200 3204 3202
f 3200 3201 3204
v -0.261452058537 -0.102196913587 -0.303371686468
v -0.261452058537 -0.105196913587 -0.303371686468
v -0.260103867468 -0.103696913587 -0.304029243188
v -0.262800249606 -0.103696913587 -0.302714129748
v -0.262109615257 -0.103696913587 -0.304719877537
v -0.260794501817 -0.103696913587 -0.302023495398
f 3205 3207 3209
f 3205 3209 3208
f 3205 3208 3210
f 3205 3210 3207
f 3206 3209 3207
f 3206 3208 3209
f 3206 3210 3208
f 3206 3207 3210
v -0.261610523071 -0.102196913587 -0.303682690628
v -0.261610523071 -0.105196913587 -0.303682690628
v -0.260286101682 -0.103696913587 -0.304386897972
v -0.262934944461 -0.103696913587 -0.302978483284
v -0.262314730416 -0.103696913587 -0.305007112017
v -0.260906315727 -0.103696913587 -0.302358269239
f 3211 3213 3215
f 3211 3215 3214
f 3211 3214 3216
f 3211 3216 3213
f 3212 3215 3213
f 3212 3214 3215
f 3212 3216 3214
f 3212 3213 3216
v -0.261779744962 -0.102196913587 -0.303987975
v -0.261779744962 -0.105196913587 -0.303987975
v -0.260480706856 -0.103696913587 -0.304737975
v -0.263078783068 -0.103696913587 -0.303237975
v -0.262529744962 -0.103696913587 -0.305287013106
v -0.261029744962 -0.103696913587 -0.302688936894
f 3217 3219 3221
f 3217 3221 3220
f 3217 3220 3222
f 3217 3222 3219
f 3218 3221 3219
f 3218 3220 3221
f 3218 3222 3220
f 3218 3219 3222
v -0.261959518038 -0.102196913587 -0.304287167642
v -0.261959518038 -0.105196913587 -0.304287167642
v -0.260687445894 -0.103696913587 -0.305082046539
v -0.263231590183 -0.103696913587 -0.303492288746
v -0.262754396935 -0.103696913587 -0.305559239787
v -0.261164639142 -0.103696913587 -0.303015095498
f 3223 3225 3227
f 3223 3227 3226
f 3223 3226 3228
f 3223 3228 3225
f 3224 3227 3225
f 3224 3226 3227
f 3224 3228 3226
f 3224 3225 3228
v -0.262149623274 -0.102196913587 -0.304579904035
v -0.262149623274 -0.105196913587 -0.304579904035
v -0.260906066916 -0.103696913587 -0.30541869339
v -0.263393179633 -0.103696913587 -0.30374111468
v -0.26298841263 -0.103696913587 -0.305823460394
v -0.261310833919 -0.103696913587 -0.303336347676
f 3229 3231 3233
f 3229 3233 3232
f 3229 3232 3234
f 3229 3234 3231
f 3230 3233 3231
f 3230 3232 3233
f 3230 3234 3232
f 3230 3231 3234
v -0.262349829056 -0.102196913587 -0.304865827523
v -0.262349829056 -0.105196913587 -0.304865827523
v -0.261136303565 -0.103696913587 -0.305747505401
v -0.263563354548 -0.103696913587 -0.303984149644
v -0.263231506935 -0.103696913587 -0.306079353014
v -0.261468151178 -0.103696913587 -0.303652302031
f 3235 3237 3239
f 3235 3239 3238
f 3235 3238 3240
f 3235 3240 3237
f 3236 3239 3237
f 3236 3238 3239
f 3236 3240 3238
f 3236 3237 3240
v -0.262559891464 -0.102196913587 -0.305144589753
v -0.262559891464 -0.105196913587 -0.305144589753
v -0.261377875334 -0.103696913587 -0.306068081966
v -0.263741907594 -0.103696913587 -0.30422109754
v -0.263483383677 -0.103696913587 -0.306326605884
v -0.261636399251 -0.103696913587 -0.303962573623
f 3241 3243 3245
f 3241 3245 3244
f 3241 3244 3246
f 3241 3246 3243
f 3242 3245 3243
f 3242 3244 3245
f 3242 3246 3244
f 3242 3243 3246
o local_feasible_arc
usemtl feasible_arc
g local_feasible_arc
v -0.270439999 -0.103696913587 -0.308987975
v -0.270788993967 -0.103696913587 -0.30898188327
v -0.271137563737 -0.103696913587 -0.308963615503
v -0.271485283633 -0.103696913587 -0.308933193954
v -0.27183173001 -0.103696913587 -0.308890655687
v -0.272176480777 -0.103696913587 -0.30883605253
v -0.272519115908 -0.103696913587 -0.308769451007
v -0.272859217956 -0.103696913587 -0.308690932263
v -0.273196372558 -0.103696913587 -0.308600591959
v -0.273530168944 -0.103696913587 -0.308498540163
v -0.273860200433 -0.103696913587 -0.308384901208
v -0.274186064934 -0.103696913587 -0.308259813546
v -0.274507365431 -0.103696913587 -0.308123429576
v -0.274823710468 -0.103696913587 -0.307975915463
v -0.275134714628 -0.103696913587 -0.307817450929
v -0.275439999 -0.103696913587 -0.307648229038
v -0.275739191642 -0.103696913587 -0.307468455962
v -0.276031928035 -0.103696913587 -0.307278350726
v -0.276317851523 -0.103696913587 -0.307078144944
v -0.276596613753 -0.103696913587 -0.306868082536
v -0.276867875097 -0.103696913587 -0.306648419431
v -0.277131305064 -0.103696913587 -0.306419423255
v -0.277386582705 -0.103696913587 -0.306181373003
v -0.277633397003 -0.103696913587 -0.305934558705
v -0.277871447255 -0.103696913587 -0.305679281064
v -0.278100443431 -0.103696913587 -0.305415851097
v -0.278320106536 -0.103696913587 -0.305144589753
v -0.278530168944 -0.103696913587 -0.304865827523
v -0.278730374726 -0.103696913587 -0.304579904035
v -0.278920479962 -0.103696913587 -0.304287167642
v -0.279100253038 -0.103696913587 -0.303987975
v -0.279269474929 -0.103696913587 -0.303682690628
v -0.279427939463 -0.103696913587 -0.303371686468
v -0.279575453576 -0.103696913587 -0.303055341431
v -0.279711837546 -0.103696913587 -0.302734040934
v -0.279836925208 -0.103696913587 -0.302408176433
v -0.279950564163 -0.103696913587 -0.302078144944
v -0.280052615959 -0.103696913587 -0.301744348558
v -0.280142956263 -0.103696913587 -0.301407193956
v -0.280221475007 -0.103696913587 -0.301067091908
v -0.28028807653 -0.103696913587 -0.300724456777
v -0.280342679687 -0.103696913587 -0.30037970601
v -0.280385217954 -0.103696913587 -0.300033259633
v -0.280415639503 -0.103696913587 -0.299685539737
v -0.28043390727 -0.103696913587 -0.299336969967
v -0.280439999 -0.103696913587 -0.298987975
v -0.28043390727 -0.103696913587 -0.298638980033
v -0.280415639503 -0.103696913587 -0.298290410263
v -0.280385217954 -0.103696913587 -0.297942690367
v -0.280342679687 -0.103696913587 -0.29759624399
v -0.28028807653 -0.103696913587 -0.297251493223
v -0.280221475007 -0.103696913587 -0.296908858092
v -0.280142956263 -0.103696913587 -0.296568756044
v -0.280052615959 -0.103696913587 -0.296231601442
v -0.279950564163 -0.103696913587 -0.295897805056
v -0.279836925208 -0.103696913587 -0.295567773567
v -0.279711837546 -0.103696913587 -0.295241909066
v -0.279575453576 -0.103696913587 -0.294920608569
v -0.279427939463 -0.103696913587 -0.294604263532
v -0.279269474929 -0.103696913587 -0.294293259372
v -0.279100253038 -0.103696913587 -0.293987975
v -0.278920479962 -0.103696913587 -0.293688782358
v -0.278730374726 -0.103696913587 -0.293396045965
v -0.262779554569 -0.103696913587 -0.305415851097
v -0.263008550745 -0.103696913587 -0.305679281064
v -0.263246600997 -0.103696913587 -0.305934558705
v -0.263493415295 -0.103696913587 -0.306181373003
v -0.263748692936 -0.103696913587 -0.306419423255
v -0.264012122903 -0.103696913587 -0.306648419431
v -0.264283384247 -0.103696913587 -0.306868082536
v -0.264562146477 -0.103696913587 -0.307078144944
v -0.264848069965 -0.103696913587 -0.307278350726
v -0.265140806358 -0.103696913587 -0.307468455962
v -0.265439999 -0.103696913587 -0.307648229038
v -0.265745283372 -0.103696913587 -0.307817450929
v -0.266056287532 -0.103696913587 -0.307975915463
v -0.266372632569 -0.103696913587 -0.308123429576
v -0.266693933066 -0.103696913587 -0.308259813546
v -0.267019797567 -0.103696913587 -0.308384901208
v -0.267349829056 -0.103696913587 -0.308498540163
v -0.267683625442 -0.103696913587 -0.308600591959
v -0.268020780044 -0.103696913587 -0.308690932263
v -0.268360882092 -0.103696913587 -0.308769451007
v -0.268703517223 -0.103696913587 -0.30883605253
v -0.26904826799 -0.103696913587 -0.308890655687
v -0.269394714367 -0.103696913587 -0.308933193954
v -0.269742434263 -0.103696913587 -0.308963615503
v -0.270091004033 -0.103696913587 -0.30898188327
l 3247 3248
l 3248 3249
l 3249 3250
l 3250 3251
l 3251 3252
l 3252 3253
l 3253 3254
l 3254 3255
l 3255 3256
l 3256 3257
l 3257 3258
l 3258 3259
l 3259 3260
l 3260 3261
l 3261 3262
l 3262 3263
l 3263 3264
l 3264 3265
l 3265 3266
l 3266 3267
l 3267 3268
l 3268 3269
l 3269 3270
l 3270 3271
l 3271 3272
l 3272 3273
l 3273 3274
l 3274 3275
l 3275 3276
l 3276 3277
l 3277 3278
l 3278 3279
l 3279 3280
l 3280 3281
l 3281 3282
l 3282 3283
l 3283 3284
l 3284 3285
l 3285 3286
l 3286 3287
l 3287 3288
l 3288 3289
l 3289 3290
l 3290 3291
l 3291 3292
l 3292 3293
l 3293 3294
l 3294 3295
l 3295 3296
l 3296 3297
l 3297 3298
l 3298 3299
l 3299 3300
l 3300 3301
l 3301 3302
l 3302 3303
l 3303 3304
l 3304 3305
l 3305 3306
l 3306 3307
l 3307 3308
l 3308 3309
l 3310 3311
l 3311 3312
l 3312 3313
l 3313 3314
l 3314 3315
l 3315 3316
l 3316 3317
l 3317 3318
l 3318 3319
l 3319 3320
l 3320 3321
l 3321 3322
l 3322 3323
l 3323 3324
l 3324 3325
l 3325 3326
l 3326 3327
l 3327 3328
l 3328 3329
l 3329 3330
l 3330 3331
l 3331 3332
l 3332 3333
l 3333 3334
l 3334 3247
