# FeiLunQieGe feasible-center export
# units: normalized
# wheel_model: zero_thickness_disk
# radius: 0.01
# delta: 0.0005
# root_line_vertex_count: 415
# feasible_center_count: 12736
# p primitives are feasible wheel-center points; l primitives are sampled root-line segments.
o root_line
g root_line
v -0.452199768113 -0.211553171265 0
v -0.451143919412 -0.213820136849 5.71934626181e-19
v -0.450087422834 -0.216086809865 0
v -0.449016808931 -0.218346839989 0
v -0.447923228652 -0.220595851356 0
v -0.446829658038 -0.222844872928 0
v -0.445725463823 -0.225088682107 0
v -0.444605280937 -0.227324567898 0
v -0.443488596298 -0.22956220059 0
v -0.442372125665 -0.231799938024 0
v -0.441240335102 -0.234029959153 0
v -0.440096449563 -0.236253810592 0
v -0.438950293353 -0.238476489098 0
v -0.437787590422 -0.240690541762 0
v -0.436607919724 -0.242895620431 0
v -0.435423690017 -0.245098253518 0
v -0.43423902844 -0.247300654916 0
v -0.433048992251 -0.249500155779 0
v -0.431852695378 -0.251696247224 0
v -0.430643349411 -0.253885190095 0
v -0.429418167209 -0.256065300089 0
v -0.428165417008 -0.258229668701 0
v -0.426898862596 -0.260386013574 0
v -0.425630532103 -0.262541316864 0
v -0.424356024188 -0.264692958346 0
v -0.423073512046 -0.266839853214 0
v -0.421783044931 -0.268981975898 0
v -0.420486808406 -0.271120599777 0
v -0.419174524143 -0.273249423375 0
v -0.417846638993 -0.275368539211 0
v -0.41650489946 -0.277478924001 0
v -0.415156793715 -0.279585245632 1.90644875394e-19
v -0.413804823826 -0.281689091588 0
v -0.412431110092 -0.283778775536 0
v -0.411044511555 -0.285859862536 0
v -0.409637723449 -0.287927453033 0
v -0.40822242077 -0.289989222085 0
v -0.406794652779 -0.292042371588 0
v -0.405359106722 -0.294090100742 0
v -0.403902645607 -0.29612298443 0
v -0.402424296152 -0.298140023795 0
v -0.400930697968 -0.300145796616 0
v -0.399433109357 -0.302148599133 0
v -0.397932738929 -0.304149319386 0
v -0.396434118556 -0.306151350038 0
v -0.39494474709 -0.308160267481 0
v -0.393462524708 -0.310174469998 -3.81289750787e-19
v -0.391979590338 -0.31218814721 0
v -0.390487489923 -0.314195025778 0
v -0.388972038529 -0.316184306269 0
v -0.387429581959 -0.31815273473 0
v -0.38586354094 -0.320102462744 0
v -0.384291908854 -0.322047703929 0
v -0.382712529637 -0.323986645277 0
v -0.381120376092 -0.325915099545 0
v -0.379508366192 -0.32782698291 0
v -0.377876435231 -0.329721892809 0
v -0.376236820923 -0.331610184514 0
v -0.374600444731 -0.333501286719 0
v -0.372956707899 -0.335385977175 0
v -0.371299795598 -0.337259101463 0
v -0.36963528686 -0.33912545136 0
v -0.36795541548 -0.340978013779 0
v -0.366262482373 -0.342818647488 0
v -0.364561563538 -0.344651914666 0
v -0.362856712949 -0.34648151691 0
v -0.361133652049 -0.348293955981 0
v -0.359397802687 -0.350094184289 0
v -0.35765633325 -0.351888971321 0
v -0.355898750826 -0.353667982679 0
v -0.354128464005 -0.355434337901 0
v -0.352346325456 -0.357188754374 0
v -0.350562365923 -0.358941316758 0
v -0.348774070931 -0.360689457154 0
v -0.346981208193 -0.362432907211 0
v -0.345181783977 -0.364169568514 0
v -0.343368771844 -0.365892038107 0
v -0.341537965794 -0.367595574393 0
v -0.339697095452 -0.369288257737 0
v -0.337854770282 -0.370979361424 0
v -0.336003595703 -0.37266077201 1.90644875394e-19
v 0.151479416172 0.479606337565 0
v 0.149071155209 0.480280311695 0
v 0.146658019699 0.480936558299 0
v 0.144240201839 0.481575398161 0
v 0.141819441429 0.482202989848 0
v 0.139394831907 0.482815473766 0
v 0.136964069122 0.483403140322 0
v 0.13453180353 0.483984585479 0
v 0.1320984048 0.48456124661 0
v 0.129662363569 0.485126662655 0
v 0.127225057777 0.485686604851 0
v 0.124787066323 0.486243552483 0
v 0.122346820942 0.486790500576 0
v 0.119904282371 0.48732715646 0
v 0.117458003908 0.487846494711 0
v 0.115008405769 0.488349876724 0
v 0.112556371284 0.48884131708 0
v 0.110103600587 0.489329074712 0
v 0.107650129699 0.489813297005 0
v 0.10519474868 0.490287742031 0
v 0.102737314355 0.490751359128 0
v 0.100276562093 0.491197007093 0
v 0.0978106677151 0.49161334577 0
v 0.0953414670403 0.49200957049 0
v 0.0928729740534 0.492409925046 0
v 0.0903994605023 0.492778294795 0
v 0.0879252155952 0.493141679712 1.90644875394e-19
v 0.0854496633868 0.493496131731 0
v 0.0829733284084 0.493845050993 0
v 0.0804953113232 0.494181838043 0
v 0.0780169047383 0.494515731348 0
v 0.0755374494494 0.494841761337 0
v 0.0730566181897 0.495157118005 0
v 0.0705753460858 0.495469012613 0
v 0.06809228125 0.495766304771 0
v 0.0656075036041 0.496048912478 0
v 0.0631217700274 0.496322977636 0
v 0.060635439039 0.496591591029 0
v 0.0581484910145 0.496854421418 0
v 0.0556613463833 0.497115381262 0
v 0.0531732060066 0.497366627262 0
v 0.0506836216965 0.497603196203 0
v 0.0481927911603 0.497826074681 0
v 0.0457005937203 0.498033234813 0
v 0.0432072853867 0.498226596312 0
v 0.0407134687038 0.49841328562 0
v 0.0382187352889 0.498587222509 0
v 0.0357235418969 0.498754534361 0
v 0.0332278385529 0.498914088294 0
v 0.0307318144867 0.499068496341 0
v 0.02823506254 0.499210671329 0
v 0.0257375746621 0.499339315197 0
v 0.023239507202 0.499456137939 0
v 0.0207408540729 0.499559473085 0
v 0.0182416681585 0.49964921071 0
v 0.0157420487329 0.499725842708 0
v 0.0132420937844 0.499790805973 0
v 0.0107420018686 0.499850228365 0
v 0.00824164065271 0.499896992011 0
v 0.00574119757087 0.499938679604 0
v 0.00324053649828 0.499964542987 0
v 0.000739830651902 0.499985529567 0
v -0.00176095243558 0.499993637513 0
v -0.00426174755107 0.499990589257 0
v -0.00676249290813 0.499974722035 0
v -0.00926313115752 0.499946687511 0
v -0.0117635531038 0.499903683089 0
v -0.0142637764866 0.49985013281 0
v -0.0167638072713 0.499788156634 0
v -0.0192634495462 0.499712641038 0
v -0.021762674557 0.499623974067 0
v -0.0242614094641 0.499522595414 0
v -0.0267596071216 0.499408800396 0
v -0.0292573310876 0.499284900489 0
v -0.0317548572946 0.49915700284 0
v -0.0342514345105 0.499011878345 0
v -0.0367473197 0.498855241126 -3.81289750787e-19
v -0.0392427448393 0.498691391198 -3.81289750787e-19
v -0.0417380805009 0.498526191284 -7.62579501575e-19
v -0.0442326379362 0.498349697882 0
v -0.0467265490527 0.498164219275 0
v -0.0492194492621 0.497965668121 0
v -0.0517115080881 0.497756772648 0
v -0.0542027313989 0.497538192771 0
v -0.0566932638299 0.497311828195 0
v -0.0591829009908 0.497075872352 0
v -0.0616709908046 0.496824074973 0
v -0.0641578683551 0.496560619475 0
v -0.0666440412968 0.496290624551 0
v -0.0691285915274 0.496006013579 0
v -0.0716117420165 0.495709638165 0
v -0.0740932566513 0.495399927305 0
v -0.0765739836799 0.495083754444 0
v -0.0790533614115 0.494757136256 0
v -0.0815323012649 0.494427210121 0
v -0.0840089848864 0.49408083968 0
v -0.0864842377962 0.493724328749 0
v -0.0889577763687 0.49335608768 0
v -0.0914310806375 0.492986277991 0
v -0.0939016293523 0.49259860422 0
v -0.0963685486809 0.49218835557 0
v -0.0988349348421 0.491774960567 0
v -0.101297445858 0.491339086558 0
v -0.103757730702 0.490890855493 0
v -0.106215079158 0.490426715577 0
v -0.108669379887 0.489946785923 0
v -0.111120122482 0.489448969207 0
v -0.11356920663 0.488943022756 0
v -0.116016730085 0.488429601478 0
v -0.118463478399 0.487912482474 0
v -0.120908735139 0.487388350408 0
v -0.123351623177 0.486853334035 0
v -0.125792640253 0.486309805802 0
v -0.128231477484 0.485756583163 0
v -0.130667955907 0.485193051571 0
v -0.133102119447 0.484619615701 0
v -0.135534117938 0.484037054371 1.90644875394e-19
v -0.137963927783 0.48344547138 0
v -0.140390607299 0.482841155028 0
v -0.142813895115 0.482223424238 0
v -0.145232676555 0.481588268338 0
v -0.141012429768 -0.481012720504 0
v -0.138605887787 -0.481692765073 0
v -0.136191145516 -0.482343100207 0
v -0.13377158465 -0.482975302245 0
v -0.13134704044 -0.483588089362 -1.90644875394e-19
v -0.128919695385 -0.484189741803 3.81289750787e-19
v -0.126490777036 -0.484785006867 0
v -0.124060309305 -0.485373922367 0
v -0.121627087481 -0.485951286975 0
v -0.119190932559 -0.486516211524 0
v -0.116753025651 -0.487073518402 0
v -0.114312685956 -0.487620064598 0
v -0.111869991754 -0.488155945895 0
v -0.109423369438 -0.488673640142 0
v -0.106974350241 -0.4891798083 0
v -0.104521975141 -0.489669553752 0
v -0.102067374883 -0.490147976033 0
v -0.0996099197776 -0.490611513173 0
v -0.0971501930482 -0.491062870301 0
v -0.094688248236 -0.491501985993 0
v -0.0922279996839 -0.491949976707 0
v -0.0897637758669 -0.492376070348 0
v -0.0872967745322 -0.492785815318 0
v -0.0848286850697 -0.493188943279 0
v -0.082358119536 -0.49357657568 -1.90644875394e-19
v -0.0798851981806 -0.493948921898 0
v -0.0774107046655 -0.494310675391 0
v -0.07493466528 -0.494661701902 0
v -0.0724576379144 -0.495005641468 0
v -0.0699777096077 -0.495328042516 0
v -0.0674977094837 -0.495649851162 0
v -0.0650154515203 -0.495953791719 0
v -0.0625327580008 -0.496254171244 0
v -0.0600488776016 -0.496544503474 0
v -0.057563872494 -0.496825099252 0
v -0.0550775828069 -0.497094041004 0
v -0.0525901326548 -0.497352041981 0
v -0.050101870945 -0.497602109267 0
v -0.0476124673628 -0.497840553777 0
v -0.0451216138602 -0.498063355603 0
v -0.042630272455 -0.498280564848 0
v -0.0401378899786 -0.498485466627 0
v -0.0376447323486 -0.498680802653 0
v -0.0351503845982 -0.498860283092 0
v -0.0326550535148 -0.499025470531 0
v -0.0301585025762 -0.499170783211 1.90644875394e-19
v -0.0276611821384 -0.499302535701 0
v -0.0251632144542 -0.499421412409 0
v -0.0226648428393 -0.499531554427 0
v -0.0201661503436 -0.499634097984 0
v -0.0176669977135 -0.49972470364 0
v -0.0151673509944 -0.499800499053 0
v -0.0126674809018 -0.499868649554 0
v -0.010167035686 -0.499908692141 0
v -0.0076665800945 -0.499950064679 0
v -0.00516596071348 -0.499979589455 0
v -0.00266520504488 -0.499994002089 0
v -0.000164408670816 -0.499996605996 0
v 0.00233636610394 -0.499986802586 0
v 0.00483711135837 -0.49997069351 0
v 0.00733774434595 -0.499942573319 0
v 0.00983820791258 -0.499902057824 0
v 0.0123385164172 -0.499852802918 0
v 0.0148384800233 -0.499788351938 0
v 0.0173381166673 -0.499712179798 3.81289750787e-19
v 0.0198374187906 -0.499625770999 0
v 0.0223363259281 -0.499528605756 0
v 0.0248347175666 -0.499418907479 0
v 0.0273323950343 -0.499294015336 0
v 0.0298296721994 -0.499161456741 0
v 0.03232610586 -0.499013897697 0
v 0.0348217580051 -0.498853679691 0
v 0.0373164777841 -0.498679507129 0
v 0.0398101956823 -0.49849148899 0
v 0.042303037501 -0.498292242156 0
v 0.0447947168888 -0.498078957401 0
v 0.0472849744497 -0.497849625985 0
v 0.0497734925556 -0.497602161901 0
v 0.0522614181183 -0.497348836754 0
v 0.0547483233185 -0.497085592589 0
v 0.0572340805074 -0.496811725284 0
v 0.0597191367252 -0.496531672171 0
v 0.062203032719 -0.496241415807 0
v 0.0646860348999 -0.495943599512 0
v 0.0671676945391 -0.495634824064 0
v 0.0696464459232 -0.49530360135 0
v 0.0721252960001 -0.494973148902 0
v 0.0746022024435 -0.494628311553 0
v 0.0770771069151 -0.494269457381 -1.90644875394e-19
v 0.0795506413042 -0.493901211295 0
v 0.0820230694996 -0.493525627961 0
v 0.0844949143042 -0.493146186139 0
v 0.0869654486823 -0.492758314269 0
v 0.0894348567393 -0.492363359682 0
v 0.0919011870266 -0.491949656471 0
v 0.094362126722 -0.491505421665 0
v 0.0968222851039 -0.491056431489 0
v 0.0992796462916 -0.490592433724 0
v 0.101734961944 -0.490117661166 0
v 0.104185678812 -0.489619716077 0
v 0.106634462203 -0.489112315964 0
v 0.109081361351 -0.488595931003 0
v 0.111526363914 -0.488070625225 7.62579501575e-19
v 0.113971134003 -0.487544227862 0
v 0.116413692481 -0.487007712645 0
v 0.118853878656 -0.486460469223 0
v 0.12129079303 -0.485898902567 0
v 0.123722667888 -0.485315848519 0
v 0.12615171245 -0.48472111628 0
v 0.128577674446 -0.484113931655 0
v 0.131000860202 -0.483495817371 0
v 0.13342000513 -0.482862062706 0
v 0.135834554848 -0.482210982218 0
v 0.138245001894 -0.481544911466 0
v 0.140652870154 -0.480869633886 0
v 0.143057043541 -0.480181197562 0
v 0.145454964654 -0.479471312556 0
v 0.147849387608 -0.478749736225 0
v 0.150240243655 -0.478016429021 0
v 0.1526289137 -0.477275993483 0
v 0.155016061276 -0.476530667542 0
v 0.157398320569 -0.475769888426 0
v 0.159777123425 -0.474998352542 0
v 0.162153179861 -0.474218399859 0
v 0.164525473303 -0.473427087004 0
v 0.166893198826 -0.47262218559 0
v 0.169257126324 -0.47180621393 0
v 0.171613120035 -0.47096759089 0
v 0.173964731447 -0.470116763941 0
v 0.176313145604 -0.469257154791 0
v 0.178658293925 -0.46838868616 0
v 0.180996881125 -0.467502783347 0
v 0.183329320292 -0.466600727281 0
v 0.185659813622 -0.465693646353 0
v 0.187989929632 -0.46478559936 0
v 0.190316335923 -0.463868105003 0
v 0.192637516955 -0.462937455581 0
v 0.194953124907 -0.461993062434 0
v 0.197263165088 -0.461035127128 0
v 0.199567046695 -0.460062474119 0
v 0.201862872051 -0.459070938246 0
v 0.204150306693 -0.4580602463 0
v 0.206428822593 -0.45702956955 0
v 0.208704356341 -0.455992293728 0
v 0.210977403847 -0.454949594544 0
v 0.213244355683 -0.453893698209 0
v 0.215495831729 -0.452805230933 0
v 0.217741253055 -0.451704319153 0
v 0.219973723568 -0.450577400535 0
v 0.222207953334 -0.449453918361 0
v 0.224441092054 -0.448328275447 0
v 0.226666898758 -0.44718823101 0
v 0.228889274459 -0.446041482239 0
v -0.138674998053 0.48325826836 -0.0342028998083
v -0.138429516406 0.483314209314 -0.0319949883123
v -0.138179086169 0.483375761378 -0.0297877802014
v -0.137928655932 0.483437313441 -0.0275805720905
v -0.137678225696 0.483498865505 -0.0253733639795
v -0.137510105103 0.483540387952 -0.0238936312199
v -0.137759163043 0.483480392214 -0.0261010374488
v -0.138008220982 0.483420396475 -0.0283084436776
v -0.138257278921 0.483360400737 -0.0305158499065
v -0.13850633686 0.483300404999 -0.0327232561354
v -0.0629230573103 -0.390129348249 -0.180640742298
v -0.0629230573103 -0.392351569012 -0.180643289012
v -0.0629230573103 -0.394573789775 -0.180645835727
v -0.0629230573103 -0.396796010537 -0.180648382442
v -0.0629230573103 -0.399018232358 -0.18064838532
v -0.0629230573103 -0.398901096135 -0.180647111456
v -0.0629230573103 -0.396678874635 -0.180645320523
v -0.0629230573103 -0.394456653134 -0.180643529591
v -0.0629230573103 -0.392234431634 -0.180641738658
v -0.0629230573103 -0.390012210133 -0.180639947726
v -0.453304671599 0.219785828267 -0.0169957051358
v -0.453305673809 0.219787832687 -0.0150048154394
v -0.453306676018 0.219789837106 -0.0130139257429
v -0.453307678228 0.219791841526 -0.0110230360465
v -0.453307420973 0.21979123109 -0.010987106963
v -0.45330585796 0.219787909687 -0.0129779945367
v -0.453304294947 0.219784588285 -0.0149688821103
v -0.453302731935 0.219781266883 -0.0169597696839
v -0.453301168922 0.219777945481 -0.0189506572576
v -0.453304671599 0.219785828267 -0.0169957051358
v 0.412673511707 -0.28202472397 -0.0328747218392
v 0.412673325996 -0.282024352547 -0.0306524996557
v 0.412673140285 -0.282023981125 -0.0284302774723
v 0.412672954573 -0.282023609702 -0.0262080552889
v 0.412672768862 -0.282023238279 -0.0239858331055
v 0.412671987661 -0.282022394947 -0.0247211501188
v 0.412670980763 -0.282021398856 -0.0269433718184
v 0.412671829695 -0.282022530766 -0.0291655935902
v 0.412672678628 -0.282023662676 -0.031387815362
v 0.41267352756 -0.282024794586 -0.0336100371338
v -0.0793613532559 -0.465329851724 -0.18190090601
v -0.0777357369346 -0.465329851724 -0.18188411586
v -0.0761102378382 -0.465329851724 -0.181857074714
v -0.0744847343969 -0.465329851724 -0.181830295988
v -0.0728592309556 -0.465329851724 -0.181803517263
v -0.072859202823 -0.465329851724 -0.181802435943
v -0.0744847404312 -0.465329851724 -0.18182705346
v -0.0761102780394 -0.465329851724 -0.181851670976
v -0.0777358156477 -0.465329851724 -0.181876288493
v -0.0793613532559 -0.465329851724 -0.18190090601
v -0.449216418074 -0.216131017536 0.125357282586
v -0.448626185413 -0.217360913133 0.125357282586
v -0.448035952752 -0.218590808731 0.125357282586
v -0.447445720091 -0.219820704329 0.125357282586
v -0.44685548743 -0.221050599927 0.125357282586
v -0.446856120422 -0.221050899101 0.125357282586
v -0.447447615161 -0.219821609977 0.125357282586
v -0.448039109901 -0.218592320853 0.125357282586
v -0.448627946128 -0.217361756559 0.125357282586
v -0.449216418074 -0.216131017536 0.125357282586
l 1 2
l 2 3
l 3 4
l 4 5
l 5 6
l 6 7
l 7 8
l 8 9
l 9 10
l 10 11
l 11 12
l 12 13
l 13 14
l 14 15
l 15 16
l 16 17
l 17 18
l 18 19
l 19 20
l 20 21
l 21 22
l 22 23
l 23 24
l 24 25
l 25 26
l 26 27
l 27 28
l 28 29
l 29 30
l 30 31
l 31 32
l 32 33
l 33 34
l 34 35
l 35 36
l 36 37
l 37 38
l 38 39
l 39 40
l 40 41
l 41 42
l 42 43
l 43 44
l 44 45
l 45 46
l 46 47
l 47 48
l 48 49
l 49 50
l 50 51
l 51 52
l 52 53
l 53 54
l 54 55
l 55 56
l 56 57
l 57 58
l 58 59
l 59 60
l 60 61
l 61 62
l 62 63
l 63 64
l 64 65
l 65 66
l 66 67
l 67 68
l 68 69
l 69 70
l 70 71
l 71 72
l 72 73
l 73 74
l 74 75
l 75 76
l 76 77
l 77 78
l 78 79
l 79 80
l 80 81
l 82 83
l 83 84
l 84 85
l 85 86
l 86 87
l 87 88
l 88 89
l 89 90
l 90 91
l 91 92
l 92 93
l 93 94
l 94 95
l 95 96
l 96 97
l 97 98
l 98 99
l 99 100
l 100 101
l 101 102
l 102 103
l 103 104
l 104 105
l 105 106
l 106 107
l 107 108
l 108 109
l 109 110
l 110 111
l 111 112
l 112 113
l 113 114
l 114 115
l 115 116
l 116 117
l 117 118
l 118 119
l 119 120
l 120 121
l 121 122
l 122 123
l 123 124
l 124 125
l 125 126
l 126 127
l 127 128
l 128 129
l 129 130
l 130 131
l 131 132
l 132 133
l 133 134
l 134 135
l 135 136
l 136 137
l 137 138
l 138 139
l 139 140
l 140 141
l 141 142
l 142 143
l 143 144
l 144 145
l 145 146
l 146 147
l 147 148
l 148 149
l 149 150
l 150 151
l 151 152
l 152 153
l 153 154
l 154 155
l 155 156
l 156 157
l 157 158
l 158 159
l 159 160
l 160 161
l 161 162
l 162 163
l 163 164
l 164 165
l 165 166
l 166 167
l 167 168
l 168 169
l 169 170
l 170 171
l 171 172
l 172 173
l 173 174
l 174 175
l 175 176
l 176 177
l 177 178
l 178 179
l 179 180
l 180 181
l 181 182
l 182 183
l 183 184
l 184 185
l 185 186
l 186 187
l 187 188
l 188 189
l 189 190
l 190 191
l 191 192
l 192 193
l 193 194
l 194 195
l 195 196
l 196 197
l 197 198
l 198 199
l 199 200
l 200 201
l 201 202
l 203 204
l 204 205
l 205 206
l 206 207
l 207 208
l 208 209
l 209 210
l 210 211
l 211 212
l 212 213
l 213 214
l 214 215
l 215 216
l 216 217
l 217 218
l 218 219
l 219 220
l 220 221
l 221 222
l 222 223
l 223 224
l 224 225
l 225 226
l 226 227
l 227 228
l 228 229
l 229 230
l 230 231
l 231 232
l 232 233
l 233 234
l 234 235
l 235 236
l 236 237
l 237 238
l 238 239
l 239 240
l 240 241
l 241 242
l 242 243
l 243 244
l 244 245
l 245 246
l 246 247
l 247 248
l 248 249
l 249 250
l 250 251
l 251 252
l 252 253
l 253 254
l 254 255
l 255 256
l 256 257
l 257 258
l 258 259
l 259 260
l 260 261
l 261 262
l 262 263
l 263 264
l 264 265
l 265 266
l 266 267
l 267 268
l 268 269
l 269 270
l 270 271
l 271 272
l 272 273
l 273 274
l 274 275
l 275 276
l 276 277
l 277 278
l 278 279
l 279 280
l 280 281
l 281 282
l 282 283
l 283 284
l 284 285
l 285 286
l 286 287
l 287 288
l 288 289
l 289 290
l 290 291
l 291 292
l 292 293
l 293 294
l 294 295
l 295 296
l 296 297
l 297 298
l 298 299
l 299 300
l 300 301
l 301 302
l 302 303
l 303 304
l 304 305
l 305 306
l 306 307
l 307 308
l 308 309
l 309 310
l 310 311
l 311 312
l 312 313
l 313 314
l 314 315
l 315 316
l 316 317
l 317 318
l 318 319
l 319 320
l 320 321
l 321 322
l 322 323
l 323 324
l 324 325
l 325 326
l 326 327
l 327 328
l 328 329
l 329 330
l 330 331
l 331 332
l 332 333
l 333 334
l 334 335
l 335 336
l 336 337
l 337 338
l 338 339
l 339 340
l 340 341
l 341 342
l 342 343
l 343 344
l 344 345
l 345 346
l 346 347
l 347 348
l 348 349
l 349 350
l 350 351
l 351 352
l 352 353
l 353 354
l 354 355
l 356 357
l 357 358
l 358 359
l 359 360
l 360 361
l 361 362
l 362 363
l 363 364
l 364 365
l 366 367
l 367 368
l 368 369
l 369 370
l 370 371
l 371 372
l 372 373
l 373 374
l 374 375
l 376 377
l 377 378
l 378 379
l 379 380
l 380 381
l 381 382
l 382 383
l 383 384
l 384 385
l 386 387
l 387 388
l 388 389
l 389 390
l 390 391
l 391 392
l 392 393
l 393 394
l 394 395
l 396 397
l 397 398
l 398 399
l 399 400
l 400 401
l 401 402
l 402 403
l 403 404
l 404 405
l 406 407
l 407 408
l 408 409
l 409 410
l 410 411
l 411 412
l 412 413
l 413 414
l 414 415
o feasible_centers
g feasible_centers
v -0.460811516836 -0.215564129245 0
v -0.460806270792 -0.215561685878 -0.000331545218674
v -0.460790539049 -0.215554358753 -0.000662686500569
v -0.460764340776 -0.215542156798 -0.000993020401043
v -0.46072770789 -0.215525094878 -0.00132214445912
v -0.443671828335 -0.207581247653 -0.00132214445912
v -0.443635195449 -0.207564185733 -0.000993020401043
v -0.443608997176 -0.207551983777 -0.000662686500569
v -0.443593265433 -0.207544656653 -0.000331545218674
v -0.443588019389 -0.207542213285 -1.16341445919e-18
v -0.443593265433 -0.207544656653 0.000331545218674
v -0.443608997176 -0.207551983777 0.000662686500569
v -0.460790539049 -0.215554358753 0.000662686500569
v -0.460806270792 -0.215561685878 0.000331545218674
v -0.461038141803 -0.215669680771 0
v -0.461032757704 -0.215667173105 -0.000340270092849
v -0.461016611969 -0.215659653161 -0.000680125619005
v -0.460989724267 -0.215647130101 -0.00101915251686
v -0.443409811958 -0.207459212429 -0.00101915251686
v -0.443382924256 -0.20744668937 -0.000680125619005
v -0.443366778521 -0.207439169426 -0.000340270092849
v -0.443361394422 -0.20743666176 -1.19403062917e-18
v -0.443366778521 -0.207439169426 0.000340270092849
v -0.443382924256 -0.20744668937 0.000680125619005
v -0.461016611969 -0.215659653161 0.000680125619005
v -0.461032757704 -0.215667173105 0.000340270092849
v -0.461264766769 -0.215775232297 0
v -0.461259244617 -0.215772660331 -0.000348994967025
v -0.461242684888 -0.215764947568 -0.000697564737441
v -0.461215107758 -0.215752103405 -0.00104528463268
v -0.443184428467 -0.207354239126 -0.00104528463268
v -0.443156851337 -0.207341394962 -0.000697564737441
v -0.443140291608 -0.207333682199 -0.000348994967025
v -0.443134769456 -0.207331110234 -1.22464679915e-18
v -0.443140291608 -0.207333682199 0.000348994967025
v -0.461242684888 -0.215764947568 0.000697564737441
v -0.461259244617 -0.215772660331 0.000348994967025
v -0.459755098012 -0.21783231869 5.71934626181e-19
v -0.459749852315 -0.217829874577 -0.000331545218674
v -0.459734121614 -0.217822545216 -0.000662686500569
v -0.442553717211 -0.209817728482 -0.000662686500569
v -0.44253798651 -0.209810399121 -0.000331545218674
v -0.442532740812 -0.209807955008 -5.91479833009e-19
v -0.44253798651 -0.209810399121 0.000331545218674
v -0.442553717211 -0.209817728482 0.000662686500569
v -0.44257991375 -0.20982993416 0.000993020401043
v -0.442616544211 -0.209847001286 0.00132214445912
v -0.442663563965 -0.209868909066 0.00164965768784
v -0.45962427486 -0.217771364632 0.00164965768784
v -0.459671294614 -0.217793272412 0.00132214445912
v -0.459707925075 -0.217810339538 0.000993020401043
v -0.459734121614 -0.217822545216 0.000662686500569
v -0.459749852315 -0.217829874577 0.000331545218674
v -0.459981707975 -0.217937902422 5.71934626181e-19
v -0.459976324233 -0.217935393991 -0.000340270092849
v -0.459960179566 -0.217927871752 -0.000680125619005
v -0.442327659258 -0.209712401946 -0.000680125619005
v -0.442311514591 -0.209704879707 -0.000340270092849
v -0.442306130849 -0.209702371276 -6.22096002988e-19
v -0.442311514591 -0.209704879707 0.000340270092849
v -0.442327659258 -0.209712401946 0.000680125619005
v -0.44235454518 -0.209724928826 0.00101915251686
v -0.4423921396 -0.209742445087 0.00135693773436
v -0.459895699224 -0.217897828611 0.00135693773436
v -0.459933293645 -0.217915344872 0.00101915251686
v -0.459960179566 -0.217927871752 0.000680125619005
v -0.459976324233 -0.217935393991 0.000340270092849
v -0.460208317938 -0.218043486155 5.71934626181e-19
v -0.460202796152 -0.218040913405 -0.000348994967025
v -0.460186237519 -0.218033198288 -0.000697564737441
v -0.442101601305 -0.20960707541 -0.000697564737441
v -0.442085042673 -0.209599360293 -0.000348994967025
v -0.442079520886 -0.209596787543 -6.52712172966e-19
v -0.442085042673 -0.209599360293 0.000348994967025
v -0.442101601305 -0.20960707541 0.000697564737441
v -0.44212917661 -0.209619923492 0.00104528463268
v -0.442167734989 -0.209637888888 0.0013917310096
v -0.460120103835 -0.21800238481 0.0013917310096
v -0.460158662215 -0.218020350205 0.00104528463268
v -0.460186237519 -0.218033198288 0.000697564737441
v -0.460202796152 -0.218040913405 0.000348994967025
v -0.458685469697 -0.220127056162 0
v -0.458680231999 -0.220124594953 -0.000331545218674
v -0.458664525287 -0.220117214325 -0.000662686500569
v -0.44151032038 -0.212056405405 -0.000662686500569
v -0.441494613668 -0.212049024777 -0.000331545218674
v -0.44148937597 -0.212046563568 -1.16341445919e-18
v -0.458680231999 -0.220124594953 0.000331545218674
v -0.458911734088 -0.220233378433 0
v -0.458906358556 -0.220230852455 -0.000340270092849
v -0.458890238509 -0.2202232776 -0.000680125619005
v -0.441284607158 -0.21195034213 -0.000680125619005
v -0.441268487111 -0.211942767275 -0.000340270092849
v -0.441263111579 -0.211940241297 -1.19403062917e-18
v -0.459137998479 -0.220339700704 0
v -0.459132485113 -0.220337109957 -0.000348994967025
v -0.459115951732 -0.220329340875 -0.000697564737441
v -0.441058893936 -0.211844278854 -0.000697564737441
v -0.441042360554 -0.211836509772 -0.000348994967025
v -0.441036847188 -0.211833919026 -1.22464679915e-18
v -0.457581385962 -0.222457560154 0
v -0.457576168653 -0.222455056015 -0.000331545218674
v -0.457560523083 -0.222447546647 -0.000662686500569
v -0.440473094779 -0.214246133331 -0.000662686500569
v -0.440457449209 -0.214238623963 -0.000331545218674
v -0.4404522319 -0.214236119824 -1.16341445919e-18
v -0.440457449209 -0.214238623963 0.000331545218674
v -0.440473094779 -0.214246133331 0.000662686500569
v -0.440499149549 -0.214258638779 0.000993020401043
v -0.457534468313 -0.222435041199 0.000993020401043
v -0.457560523083 -0.222447546647 0.000662686500569
v -0.457576168653 -0.222455056015 0.000331545218674
v -0.457806769568 -0.222565737001 0
v -0.457801414962 -0.222563166963 -0.000340270092849
v -0.457785357666 -0.22255545998 -0.000680125619005
v -0.440248260196 -0.214138219998 -0.000680125619005
v -0.440232202901 -0.214130513015 -0.000340270092849
v -0.440226848294 -0.214127942977 -1.19403062917e-18
v -0.440232202901 -0.214130513015 0.000340270092849
v -0.440248260196 -0.214138219998 0.000680125619005
v -0.440275000618 -0.214151054536 0.00101915251686
v -0.457758617244 -0.222542625442 0.00101915251686
v -0.457785357666 -0.22255545998 0.000680125619005
v -0.457801414962 -0.222563166963 0.000340270092849
v -0.458032153175 -0.222673913847 0
v -0.45802666127 -0.222671277911 -0.000348994967025
v -0.458010192249 -0.222663373313 -0.000697564737441
v -0.440023425613 -0.214030306665 -0.000697564737441
v -0.440006956592 -0.214022402067 -0.000348994967025
v -0.440001464688 -0.214019766131 -1.22464679915e-18
v -0.440006956592 -0.214022402067 0.000348994967025
v -0.440023425613 -0.214030306665 0.000697564737441
v -0.440050851687 -0.214043470294 0.00104528463268
v -0.457982766175 -0.222650209684 0.00104528463268
v -0.458010192249 -0.222663373313 0.000697564737441
v -0.45802666127 -0.222671277911 0.000348994967025
v -0.456466769808 -0.224750114769 0
v -0.456461565314 -0.224747584104 -0.000331545218674
v -0.456445958171 -0.224739995192 -0.000662686500569
v -0.439400499132 -0.216451707519 -0.000662686500569
v -0.43938489199 -0.216444118607 -0.000331545218674
v -0.439379687495 -0.216441587942 -1.16341445919e-18
v -0.43938489199 -0.216444118607 0.000331545218674
v -0.439400499132 -0.216451707519 0.000662686500569
v -0.439426489907 -0.216464345432 0.000993020401043
v -0.43946283265 -0.216482016948 0.00132214445912
v -0.439509483083 -0.216504700538 0.00164965768784
v -0.439566384368 -0.216532368565 0.00197516106277
v -0.456280072936 -0.224659334146 0.00197516106277
v -0.456336974221 -0.224687002173 0.00164965768784
v -0.456383624653 -0.224709685763 0.00132214445912
v -0.456419967396 -0.224727357279 0.000993020401043
v -0.456445958171 -0.224739995192 0.000662686500569
v -0.456461565314 -0.224747584104 0.000331545218674
v -0.456691599838 -0.22485943749 0
v -0.456686258384 -0.224856840229 -0.000340270092849
v -0.456670240527 -0.224849051609 -0.000680125619005
v -0.439176216776 -0.216342651102 -0.000680125619005
v -0.439160198919 -0.216334862482 -0.000340270092849
v -0.439154857465 -0.216332265221 -1.19403062917e-18
v -0.439160198919 -0.216334862482 0.000340270092849
v -0.439176216776 -0.216342651102 0.000680125619005
v -0.439202891519 -0.216355621592 0.00101915251686
v -0.43924019065 -0.216373758148 0.00135693773436
v -0.439288068725 -0.216397038674 0.00169306973225
v -0.439346467413 -0.216425434807 0.00202713898547
v -0.45649998989 -0.224766267904 0.00202713898547
v -0.456558388578 -0.224794664037 0.00169306973225
v -0.456606266653 -0.224817944563 0.00135693773436
v -0.456643565784 -0.224836081119 0.00101915251686
v -0.456670240527 -0.224849051609 0.000680125619005
v -0.456686258384 -0.224856840229 0.000340270092849
v -0.456916429869 -0.224968760212 0
v -0.456910951454 -0.224966096354 -0.000348994967025
v -0.456894522883 -0.224958108026 -0.000697564737441
v -0.43895193442 -0.216233594686 -0.000697564737441
v -0.438935505849 -0.216225606357 -0.000348994967025
v -0.438930027434 -0.216222942499 -1.22464679915e-18
v -0.438935505849 -0.216225606357 0.000348994967025
v -0.43895193442 -0.216233594686 0.000697564737441
v -0.438979293131 -0.216246897752 0.00104528463268
v -0.43901754865 -0.216265499348 0.0013917310096
v -0.439066654368 -0.216289376811 0.00173648177667
v -0.456779802935 -0.2249023259 0.00173648177667
v -0.456828908653 -0.224926203363 0.0013917310096
v -0.456867164172 -0.224944804959 0.00104528463268
v -0.456894522883 -0.224958108026 0.000697564737441
v -0.456910951454 -0.224966096354 0.000348994967025
v -0.455363357577 -0.227019315666 0
v -0.455358159078 -0.227016772708 -0.000331545218674
v -0.455342569914 -0.227009146933 -0.000662686500569
v -0.455316609078 -0.226996447632 -0.000993020401043
v -0.438342706998 -0.218693298223 -0.000993020401043
v -0.438316746162 -0.218680598922 -0.000662686500569
v -0.438301156998 -0.218672973147 -0.000331545218674
v -0.438295958499 -0.218670430189 -1.16341445919e-18
v -0.438301156998 -0.218672973147 0.000331545218674
v -0.438316746162 -0.218680598922 0.000662686500569
v -0.438342706998 -0.218693298223 0.000993020401043
v -0.438379007876 -0.218711055579 0.00132214445912
v -0.4552803082 -0.226978690276 0.00132214445912
v -0.455316609078 -0.226996447632 0.000993020401043
v -0.455342569914 -0.227009146933 0.000662686500569
v -0.455358159078 -0.227016772708 0.000331545218674
v -0.455587928618 -0.227129169422 0
v -0.455582593316 -0.227126559545 -0.000340270092849
v -0.455566593911 -0.227118733091 -0.000680125619005
v -0.438092722166 -0.218571012764 -0.000680125619005
v -0.43807672276 -0.218563186311 -0.000340270092849
v -0.438071387459 -0.218560576433 -1.19403062917e-18
v -0.43807672276 -0.218563186311 0.000340270092849
v -0.438092722166 -0.218571012764 0.000680125619005
v -0.438119366181 -0.218584046258 0.00101915251686
v -0.438156622346 -0.218602270912 0.00135693773436
v -0.455502693731 -0.227087474943 0.00135693773436
v -0.455539949895 -0.227105699598 0.00101915251686
v -0.455566593911 -0.227118733091 0.000680125619005
v -0.455582593316 -0.227126559545 0.000340270092849
v -0.455812499658 -0.227239023179 0
v -0.455807027554 -0.227236346381 -0.000348994967025
v -0.455790617908 -0.227228319249 -0.000697564737441
v -0.437868698169 -0.218461426606 -0.000697564737441
v -0.437852288523 -0.218453399474 -0.000348994967025
v -0.437846816418 -0.218450722677 -1.22464679915e-18
v -0.437852288523 -0.218453399474 0.000348994967025
v -0.437868698169 -0.218461426606 0.000697564737441
v -0.437896025364 -0.218474794292 0.00104528463268
v -0.437934236815 -0.218493486245 0.0013917310096
v -0.455725079261 -0.22719625961 0.0013917310096
v -0.455763290712 -0.227214951564 0.00104528463268
v -0.455790617908 -0.227228319249 0.000697564737441
v -0.455807027554 -0.227236346381 0.000348994967025
v -0.454234243464 -0.229313687317 0
v -0.454229060145 -0.229311113558 -0.000331545218674
v -0.454213516504 -0.229303395416 -0.000662686500569
v -0.437263296168 -0.220886821917 -0.000993020401043
v -0.437237411142 -0.220873968797 -0.000662686500569
v -0.437221867501 -0.220866250655 -0.000331545218674
v -0.437216684183 -0.220863676896 -1.16341445919e-18
v -0.437221867501 -0.220866250655 0.000331545218674
v -0.437237411142 -0.220873968797 0.000662686500569
v -0.437263296168 -0.220886821917 0.000993020401043
v -0.437299491041 -0.220904794357 0.00132214445912
v -0.437345951664 -0.220927864219 0.00164965768784
v -0.454104975982 -0.229249499994 0.00164965768784
v -0.454151436605 -0.229272569857 0.00132214445912
v -0.454187631479 -0.229290542296 0.000993020401043
v -0.454213516504 -0.229303395416 0.000662686500569
v -0.454229060145 -0.229311113558 0.000331545218674
v -0.454458158718 -0.229424871664 0
v -0.454452838996 -0.229422230175 -0.000340270092849
v -0.454436886312 -0.229414308925 -0.000680125619005
v -0.437014041335 -0.220763055288 -0.000680125619005
v -0.436998088651 -0.220755134038 -0.000340270092849
v -0.436992768929 -0.220752492549 -1.19403062917e-18
v -0.436998088651 -0.220755134038 0.000340270092849
v -0.437014041335 -0.220763055288 0.000680125619005
v -0.437040607545 -0.220776246649 0.00101915251686
v -0.437077754915 -0.220794692047 0.00135693773436
v -0.437125438187 -0.220818369011 0.00169306973225
v -0.45432548946 -0.229358995202 0.00169306973225
v -0.454373172731 -0.229382672166 0.00135693773436
v -0.454410320101 -0.229401117564 0.00101915251686
v -0.454436886312 -0.229414308925 0.000680125619005
v -0.454452838996 -0.229422230175 0.000340270092849
v -0.454682073971 -0.229536056012 0
v -0.454676617846 -0.229533346792 -0.000348994967025
v -0.454660256119 -0.229525222433 -0.000697564737441
v -0.436790671527 -0.22065214178 -0.000697564737441
v -0.4367743098 -0.220644017421 -0.000348994967025
v -0.436768853675 -0.220641308201 -1.22464679915e-18
v -0.4367743098 -0.220644017421 0.000348994967025
v -0.436790671527 -0.22065214178 0.000697564737441
v -0.436817918923 -0.220665671381 0.00104528463268
v -0.436856018789 -0.220684589738 0.0013917310096
v -0.436904924709 -0.220708873804 0.00173648177667
v -0.454546002938 -0.229468490409 0.00173648177667
v -0.454594908857 -0.229492774475 0.0013917310096
v -0.454633008724 -0.229511692832 0.00104528463268
v -0.454660256119 -0.229525222433 0.000697564737441
v -0.454676617846 -0.229533346792 0.000348994967025
v -0.453102256981 -0.231573261593 0
v -0.453097080853 -0.231570673404 -0.000331545218674
v -0.453081558774 -0.231562911989 -0.000662686500569
v -0.453055709657 -0.231549986804 -0.000993020401043
v -0.43619099688 -0.223117222198 -0.00132214445912
v -0.436154852217 -0.223099148992 -0.000993020401043
v -0.4361290031 -0.223086223807 -0.000662686500569
v -0.436113481022 -0.223078462392 -0.000331545218674
v -0.436108304894 -0.223075874203 -1.16341445919e-18
v -0.436113481022 -0.223078462392 0.000331545218674
v -0.4361290031 -0.223086223807 0.000662686500569
v -0.436154852217 -0.223099148992 0.000993020401043
v -0.43619099688 -0.223117222198 0.00132214445912
v -0.453019564994 -0.231531913598 0.00132214445912
v -0.453055709657 -0.231549986804 0.000993020401043
v -0.453081558774 -0.231562911989 0.000662686500569
v -0.453097080853 -0.231570673404 0.000331545218674
v -0.453325861614 -0.231685069322 0
v -0.453320549271 -0.231682413022 -0.000340270092849
v -0.453304618717 -0.23167444736 -0.000680125619005
v -0.45327808936 -0.231661182039 -0.00101915251686
v -0.435932472514 -0.222987953757 -0.00101915251686
v -0.435905943157 -0.222974688436 -0.000680125619005
v -0.435890012603 -0.222966722774 -0.000340270092849
v -0.435884700261 -0.222964066474 -1.19403062917e-18
v -0.435890012603 -0.222966722774 0.000340270092849
v -0.435905943157 -0.222974688436 0.000680125619005
v -0.435932472514 -0.222987953757 0.00101915251686
v -0.435969568353 -0.223006502574 0.00135693773436
v -0.453240993522 -0.231642633222 0.00135693773436
v -0.45327808936 -0.231661182039 0.00101915251686
v -0.453304618717 -0.23167444736 0.000680125619005
v -0.453320549271 -0.231682413022 0.000340270092849
v -0.453549466246 -0.231796877051 0
v -0.45354401769 -0.231794152641 -0.000348994967025
v -0.45352767866 -0.23178598273 -0.000697564737441
v -0.453500469063 -0.231772377273 -0.00104528463268
v -0.435710092811 -0.222876758523 -0.00104528463268
v -0.435682883214 -0.222863153066 -0.000697564737441
v -0.435666544184 -0.222854983155 -0.000348994967025
v -0.435661095628 -0.222852258745 -1.22464679915e-18
v -0.435666544184 -0.222854983155 0.000348994967025
v -0.435682883214 -0.222863153066 0.000697564737441
v -0.435710092811 -0.222876758523 0.00104528463268
v -0.435748139825 -0.222895782951 0.0013917310096
v -0.45346242205 -0.231753352845 0.0013917310096
v -0.453500469063 -0.231772377273 0.00104528463268
v -0.45352767866 -0.23178598273 0.000697564737441
v -0.45354401769 -0.231794152641 0.000348994967025
v -0.45198909337 -0.233803845263 0
v -0.451983915097 -0.233801261367 -0.000331545218674
v -0.434993277499 -0.225323139813 -0.000331545218674
v -0.434988099226 -0.225320555918 -1.16341445919e-18
v -0.434993277499 -0.225323139813 0.000331545218674
v -0.435008806009 -0.225330888351 0.000662686500569
v -0.435034665838 -0.225343792091 0.000993020401043
v -0.435070825479 -0.225361835312 0.00132214445912
v -0.435117240877 -0.225384996031 0.00164965768784
v -0.451859951719 -0.233739405149 0.00164965768784
v -0.451906367117 -0.233762565868 0.00132214445912
v -0.451942526758 -0.233780609089 0.000993020401043
v -0.451968386586 -0.233793512829 0.000662686500569
v -0.451983915097 -0.233801261367 0.000331545218674
v -0.452212790661 -0.233915467491 0
v -0.452207476118 -0.233912815598 -0.000340270092849
v -0.434769716478 -0.225211585582 -0.000340270092849
v -0.434764401934 -0.22520893369 -1.19403062917e-18
v -0.434769716478 -0.225211585582 0.000340270092849
v -0.434785653633 -0.225219538029 0.000680125619005
v -0.434812193984 -0.225232781341 0.00101915251686
v -0.434849305194 -0.225251299384 0.00135693773436
v -0.452080250546 -0.233849331585 0.00169306973225
v -0.452127887401 -0.233873101797 0.00135693773436
v -0.452164998612 -0.233891619839 0.00101915251686
v -0.452191538962 -0.233904863151 0.000680125619005
v -0.452207476118 -0.233912815598 0.000340270092849
v -0.452436487953 -0.234027089719 0
v -0.452431037139 -0.234024369829 -0.000348994967025
v -0.434546155457 -0.225100031351 -0.000348994967025
v -0.434540704643 -0.225097311461 -1.22464679915e-18
v -0.434546155457 -0.225100031351 0.000348994967025
v -0.434562501257 -0.225108187707 0.000697564737441
v -0.43458972213 -0.225121770591 0.00104528463268
v -0.434627784909 -0.225140763455 0.0013917310096
v -0.452349407686 -0.233983637725 0.0013917310096
v -0.452387470466 -0.234002630589 0.00104528463268
v -0.452414691338 -0.234016213474 0.000697564737441
v -0.452431037139 -0.234024369829 0.000348994967025
v -0.450858229018 -0.236070306846 0
v -0.450853059514 -0.236067705453 -0.000331545218674
v -0.433891191817 -0.227532170594 -0.000331545218674
v -0.433886022312 -0.227529569201 -1.16341445919e-18
v -0.433891191817 -0.227532170594 0.000331545218674
v -0.450853059514 -0.236067705453 0.000331545218674
v -0.451081547528 -0.236182684973 0
v -0.451076241983 -0.236180015122 -0.000340270092849
v -0.433668009348 -0.227419860925 -0.000340270092849
v -0.433662703803 -0.227417191074 -1.19403062917e-18
v -0.433668009348 -0.227419860925 0.000340270092849
v -0.451076241983 -0.236180015122 0.000340270092849
v -0.451304866037 -0.2362950631 0
v -0.451299424453 -0.236292324791 -0.000348994967025
v -0.433444826878 -0.227307551256 -0.000348994967025
v -0.433439385294 -0.227304812947 -1.22464679915e-18
v -0.433444826878 -0.227307551256 0.000348994967025
v -0.451299424453 -0.236292324791 0.000348994967025
v -0.449700039998 -0.238352388223 0
v -0.449694886575 -0.238349755116 -0.000331545218674
v -0.449679432582 -0.238341859003 -0.000662686500569
v -0.432801237622 -0.229718059302 -0.000662686500569
v -0.432785783629 -0.229710163189 -0.000331545218674
v -0.432780630206 -0.229707530082 -1.16341445919e-18
v -0.432785783629 -0.229710163189 0.000331545218674
v -0.432801237622 -0.229718059302 0.000662686500569
v -0.449679432582 -0.238341859003 0.000662686500569
v -0.449694886575 -0.238349755116 0.000331545218674
v -0.449922663811 -0.238466136356 0
v -0.449917374771 -0.238463433957 -0.000340270092849
v -0.449901514095 -0.238455330052 -0.000680125619005
v -0.432579156109 -0.229604588254 -0.000680125619005
v -0.432563295433 -0.229596484348 -0.000340270092849
v -0.432558006393 -0.229593781949 -1.19403062917e-18
v -0.432563295433 -0.229596484348 0.000340270092849
v -0.432579156109 -0.229604588254 0.000680125619005
v -0.449901514095 -0.238455330052 0.000680125619005
v -0.449917374771 -0.238463433957 0.000340270092849
v -0.450145287624 -0.23857988449 0
v -0.450139862968 -0.238577112798 -0.000348994967025
v -0.450123595608 -0.2385688011 -0.000697564737441
v -0.432357074596 -0.229491117205 -0.000697564737441
v -0.432340807236 -0.229482805507 -0.000348994967025
v -0.43233538258 -0.229480033816 -1.22464679915e-18
v -0.432340807236 -0.229482805507 0.000348994967025
v -0.432357074596 -0.229491117205 0.000697564737441
v -0.450123595608 -0.2385688011 0.000697564737441
v -0.450139862968 -0.238577112798 0.000348994967025
v -0.44854216781 -0.240603505213 0
v -0.448537022907 -0.240600855497 -0.000331545218674
v -0.448521594465 -0.240592909576 -0.000662686500569
v -0.431671304662 -0.231914711608 -0.000662686500569
v -0.43165587622 -0.231906765687 -0.000331545218674
v -0.431650731317 -0.23190411597 -1.16341445919e-18
v -0.43165587622 -0.231906765687 0.000331545218674
v -0.431671304662 -0.231914711608 0.000662686500569
v -0.448521594465 -0.240592909576 0.000662686500569
v -0.448537022907 -0.240600855497 0.000331545218674
v -0.448764423553 -0.240717970861 0
v -0.448759143258 -0.240715251415 -0.000340270092849
v -0.448743308804 -0.240707096391 -0.000680125619005
v -0.431449590322 -0.231800524792 -0.000680125619005
v -0.431433755869 -0.231792369768 -0.000340270092849
v -0.431428475573 -0.231789650322 -1.19403062917e-18
v -0.431433755869 -0.231792369768 0.000340270092849
v -0.431449590322 -0.231800524792 0.000680125619005
v -0.448743308804 -0.240707096391 0.000680125619005
v -0.448759143258 -0.240715251415 0.000340270092849
v -0.448986679297 -0.240832436509 0
v -0.448981263609 -0.240829647334 -0.000348994967025
v -0.448965023144 -0.240821283206 -0.000697564737441
v -0.431227875983 -0.231686337977 -0.000697564737441
v -0.431211635518 -0.23167797385 -0.000348994967025
v -0.43120621983 -0.231675184674 -1.22464679915e-18
v -0.431211635518 -0.23167797385 0.000348994967025
v -0.431227875983 -0.231686337977 0.000697564737441
v -0.448965023144 -0.240821283206 0.000697564737441
v -0.448981263609 -0.240829647334 0.000348994967025
v -0.44737748504 -0.242861969717 0
v -0.447372351423 -0.242859298201 -0.000331545218674
v -0.447356956825 -0.242851286907 -0.000662686500569
v -0.447331320003 -0.242837945595 -0.000993020401043
v -0.430569266703 -0.234115032601 -0.000993020401043
v -0.430543629881 -0.234101691289 -0.000662686500569
v -0.430528235283 -0.234093679995 -0.000331545218674
v -0.430523101665 -0.234091008479 -1.16341445919e-18
v -0.430528235283 -0.234093679995 0.000331545218674
v -0.430543629881 -0.234101691289 0.000662686500569
v -0.447356956825 -0.242851286907 0.000662686500569
v -0.447372351423 -0.242859298201 0.000331545218674
v -0.447599253243 -0.242977377102 0
v -0.44759398453 -0.242974635282 -0.000340270092849
v -0.447578184811 -0.242966413165 -0.000680125619005
v -0.447551873335 -0.242952720766 -0.00101915251686
v -0.43034871337 -0.23400025743 -0.00101915251686
v -0.430322401894 -0.233986565031 -0.000680125619005
v -0.430306602175 -0.233978342914 -0.000340270092849
v -0.430301333463 -0.233975601094 -1.19403062917e-18
v -0.430306602175 -0.233978342914 0.000340270092849
v -0.430322401894 -0.233986565031 0.000680125619005
v -0.447578184811 -0.242966413165 0.000680125619005
v -0.44759398453 -0.242974635282 0.000340270092849
v -0.447821021445 -0.243092784487 0
v -0.447815617637 -0.243089972364 -0.000348994967025
v -0.447799412797 -0.243081539423 -0.000697564737441
v -0.447772426668 -0.243067495937 -0.00104528463268
v -0.430128160037 -0.233885482259 -0.00104528463268
v -0.430101173908 -0.233871438773 -0.000697564737441
v -0.430084969068 -0.233863005832 -0.000348994967025
v -0.43007956526 -0.23386019371 -1.22464679915e-18
v -0.430084969068 -0.233863005832 0.000348994967025
v -0.447799412797 -0.243081539423 0.000697564737441
v -0.447815617637 -0.243089972364 0.000348994967025
v -0.446181349041 -0.245139678335 0
v -0.44617623579 -0.245136968041 -0.000331545218674
v -0.446160902267 -0.245128840462 -0.000662686500569
v -0.446135367153 -0.2451153055 -0.000993020401043
v -0.429439813691 -0.236265778025 -0.000993020401043
v -0.429414278577 -0.236252243063 -0.000662686500569
v -0.429398945054 -0.236244115483 -0.000331545218674
v -0.429393831803 -0.236241405189 -1.16341445919e-18
v -0.429398945054 -0.236244115483 0.000331545218674
v -0.429414278577 -0.236252243063 0.000662686500569
v -0.429439813691 -0.236265778025 0.000993020401043
v -0.429475519285 -0.236284703881 0.00132214445912
v -0.44609966156 -0.245096379644 0.00132214445912
v -0.446135367153 -0.2451153055 0.000993020401043
v -0.446160902267 -0.245128840462 0.000662686500569
v -0.44617623579 -0.245136968041 0.000331545218674
v -0.446402237426 -0.245256760877 0
v -0.446396989616 -0.245253979259 -0.000340270092849
v -0.446381252579 -0.245245637796 -0.000680125619005
v -0.446355045488 -0.245231746651 -0.00101915251686
v -0.429220135356 -0.236149336874 -0.00101915251686
v -0.429193928266 -0.236135445728 -0.000680125619005
v -0.429178191229 -0.236127104265 -0.000340270092849
v -0.429172943418 -0.236124322648 -1.19403062917e-18
v -0.429178191229 -0.236127104265 0.000340270092849
v -0.429193928266 -0.236135445728 0.000680125619005
v -0.429220135356 -0.236149336874 0.00101915251686
v -0.429256780571 -0.236168760779 0.00135693773436
v -0.446318400274 -0.245212322746 0.00135693773436
v -0.446355045488 -0.245231746651 0.00101915251686
v -0.446381252579 -0.245245637796 0.000680125619005
v -0.446396989616 -0.245253979259 0.000340270092849
v -0.446623125811 -0.245373843418 0
v -0.446617743441 -0.245370990477 -0.000348994967025
v -0.446601602891 -0.245362435131 -0.000697564737441
v -0.446574723823 -0.245348187802 -0.00104528463268
v -0.428973577954 -0.236018648394 -0.000697564737441
v -0.428957437403 -0.236010093048 -0.000348994967025
v -0.428952055034 -0.236007240107 -1.22464679915e-18
v -0.428957437403 -0.236010093048 0.000348994967025
v -0.428973577954 -0.236018648394 0.000697564737441
v -0.429000457021 -0.236032895723 0.00104528463268
v -0.446574723823 -0.245348187802 0.00104528463268
v -0.446601602891 -0.245362435131 0.000697564737441
v -0.446617743441 -0.245370990477 0.000348994967025
v -0.44497990215 -0.247385599302 0
v -0.444974802165 -0.247382864128 -0.000331545218674
v -0.444959508422 -0.247374661939 -0.000662686500569
v -0.444934039554 -0.247361002728 -0.000993020401043
v -0.444898426593 -0.247341903136 -0.00132214445912
v -0.428317412855 -0.238449337726 -0.00132214445912
v -0.428281799894 -0.238430238135 -0.000993020401043
v -0.428256331026 -0.238416578924 -0.000662686500569
v -0.428241037284 -0.238408376734 -0.000331545218674
v -0.428235937298 -0.238405641561 -1.16341445919e-18
v -0.445200217477 -0.24750375664 0
v -0.445194983281 -0.247500949488 -0.000340270092849
v -0.445179287072 -0.247492531452 -0.000680125619005
v -0.445153147971 -0.247478512788 -0.00101915251686
v -0.445116597826 -0.247458910576 -0.00135693773436
v -0.428099241622 -0.238332330287 -0.00135693773436
v -0.428062691477 -0.238312728074 -0.00101915251686
v -0.428036552377 -0.23829870941 -0.000680125619005
v -0.428020856167 -0.238290291374 -0.000340270092849
v -0.428015621971 -0.238287484222 -1.19403062917e-18
v -0.445420532804 -0.247621913979 0
v -0.445415164398 -0.247619034849 -0.000348994967025
v -0.445399065722 -0.247610400966 -0.000697564737441
v -0.445372256388 -0.247596022849 -0.00104528463268
v -0.445334769059 -0.247575918015 -0.0013917310096
v -0.427881070389 -0.238215322847 -0.0013917310096
v -0.427843583061 -0.238195218014 -0.00104528463268
v -0.427816773727 -0.238180839897 -0.000697564737441
v -0.42780067505 -0.238172206014 -0.000348994967025
v -0.427795306644 -0.238169326883 -1.22464679915e-18
v -0.443790582788 -0.249597709636 0
v -0.443785485903 -0.249594968689 -0.000331545218674
v -0.443770201458 -0.249586749187 -0.000662686500569
v -0.427077178576 -0.240609757849 -0.000662686500569
v -0.427061894131 -0.240601538347 -0.000331545218674
v -0.427056797246 -0.2405987974 -1.16341445919e-18
v -0.444010764177 -0.249716116376 0
v -0.444005533163 -0.249713303299 -0.000340270092849
v -0.443989846496 -0.249704867494 -0.000680125619005
v -0.426857533538 -0.240491639542 -0.000680125619005
v -0.426841846871 -0.240483203737 -0.000340270092849
v -0.426836615857 -0.24048039066 -1.19403062917e-18
v -0.444230945565 -0.249834523116 0
v -0.444225580423 -0.249831637909 -0.000348994967025
v -0.444209491533 -0.249822985801 -0.000697564737441
v -0.4266378885 -0.240373521235 -0.000697564737441
v -0.426621799611 -0.240364869127 -0.000348994967025
v -0.426616434469 -0.24036198392 -1.22464679915e-18
v -0.44259997886 -0.251811143588 0
v -0.442594885595 -0.251808395921 -0.000331545218674
v -0.442579612005 -0.251800156265 -0.000662686500569
v -0.442554176699 -0.25178643466 -0.000993020401043
v -0.42592388018 -0.242814875172 -0.000993020401043
v -0.425898444874 -0.242801153567 -0.000662686500569
v -0.425883171284 -0.242792913911 -0.000331545218674
v -0.425878078019 -0.242790166244 -1.16341445919e-18
v -0.425883171284 -0.242792913911 0.000331545218674
v -0.442594885595 -0.251808395921 0.000331545218674
v -0.442820003871 -0.251929840659 0
v -0.442814776573 -0.251927020684 -0.000340270092849
v -0.442799101046 -0.251918564195 -0.000680125619005
v -0.425678955833 -0.242682745637 -0.000680125619005
v -0.425663280306 -0.242674289148 -0.000340270092849
v -0.425658053008 -0.242671469173 -1.19403062917e-18
v -0.425663280306 -0.242674289148 0.000340270092849
v -0.442814776573 -0.251927020684 0.000340270092849
v -0.443040028882 -0.252048537729 0
v -0.443034667551 -0.252045645447 -0.000348994967025
v -0.443018590088 -0.252036972125 -0.000697564737441
v -0.425459466792 -0.242564337707 -0.000697564737441
v -0.425443389329 -0.242555664385 -0.000348994967025
v -0.425438027997 -0.242552772103 -1.22464679915e-18
v -0.425443389329 -0.242555664385 0.000348994967025
v -0.443034667551 -0.252045645447 0.000348994967025
v -0.441397976899 -0.254032754962 0
v -0.441392890923 -0.254029993825 -0.000331545218674
v -0.441377639192 -0.254021713778 -0.000662686500569
v -0.42472034531 -0.244978597781 -0.000662686500569
v -0.424705093579 -0.244970317734 -0.000331545218674
v -0.424700007603 -0.244967556597 -1.16341445919e-18
v -0.424705093579 -0.244970317734 0.000331545218674
v -0.42472034531 -0.244978597781 0.000662686500569
v -0.441377639192 -0.254021713778 0.000662686500569
v -0.441392890923 -0.254029993825 0.000331545218674
v -0.441617687021 -0.254152033888 0
v -0.441612467204 -0.254149200089 -0.000340270092849
v -0.441596814111 -0.254140702146 -0.000680125619005
v -0.42450117039 -0.244859609412 -0.000680125619005
v -0.424485517298 -0.24485111147 -0.000340270092849
v -0.42448029748 -0.244848277671 -1.19403062917e-18
v -0.424485517298 -0.24485111147 0.000340270092849
v -0.42450117039 -0.244859609412 0.000680125619005
v -0.441596814111 -0.254140702146 0.000680125619005
v -0.441612467204 -0.254149200089 0.000340270092849
v -0.441837397143 -0.254271312814 0
v -0.441832043485 -0.254268406354 -0.000348994967025
v -0.441815989031 -0.254259690515 -0.000697564737441
v -0.424281995471 -0.244740621044 -0.000697564737441
v -0.424265941017 -0.244731905205 -0.000348994967025
v -0.424260587358 -0.244728998745 -1.22464679915e-18
v -0.424265941017 -0.244731905205 0.000348994967025
v -0.424281995471 -0.244740621044 0.000697564737441
v -0.441815989031 -0.254259690515 0.000697564737441
v -0.441832043485 -0.254268406354 0.000348994967025
v -0.440181655116 -0.256265539256 0
v -0.440176581339 -0.256262755767 -0.000331545218674
v -0.440161366189 -0.25625440869 -0.000662686500569
v -0.440136028203 -0.256240508196 -0.000993020401043
v -0.440100598252 -0.25622107122 -0.00132214445912
v -0.440055119503 -0.256196121443 -0.00164965768784
v -0.423604792503 -0.247171423227 -0.00132214445912
v -0.423569362552 -0.247151986251 -0.000993020401043
v -0.423544024566 -0.247138085757 -0.000662686500569
v -0.423528809416 -0.247129738681 -0.000331545218674
v -0.423523735639 -0.247126955191 -1.16341445919e-18
v -0.423528809416 -0.247129738681 0.000331545218674
v -0.440176581339 -0.256262755767 0.000331545218674
v -0.440400838267 -0.256385783783 0
v -0.440395630969 -0.256382927044 -0.000340270092849
v -0.440380015421 -0.256374360308 -0.000680125619005
v -0.440354010646 -0.256360094011 -0.00101915251686
v -0.440317648328 -0.256340145536 -0.00135693773436
v -0.423387742427 -0.247052348912 -0.00135693773436
v -0.423351380109 -0.247032400436 -0.00101915251686
v -0.423325375335 -0.24701813414 -0.000680125619005
v -0.423309759786 -0.247009567403 -0.000340270092849
v -0.423304552488 -0.247006710664 -1.19403062917e-18
v -0.423309759786 -0.247009567403 0.000340270092849
v -0.440395630969 -0.256382927044 0.000340270092849
v -0.440620021418 -0.25650602831 0
v -0.4406146806 -0.256503098321 -0.000348994967025
v -0.440598664652 -0.256494311925 -0.000697564737441
v -0.440571993089 -0.256479679826 -0.00104528463268
v -0.440534698404 -0.256459219851 -0.0013917310096
v -0.423170692351 -0.246933274596 -0.0013917310096
v -0.423133397667 -0.246912814621 -0.00104528463268
v -0.423106726103 -0.246898182522 -0.000697564737441
v -0.423090710155 -0.246889396126 -0.000348994967025
v -0.423085369337 -0.246886466137 -1.22464679915e-18
v -0.423090710155 -0.246889396126 0.000348994967025
v -0.4406146806 -0.256503098321 0.000348994967025
v -0.438941969328 -0.258509355692 0
v -0.438936914033 -0.258506538775 -0.000331545218674
v -0.438921754307 -0.258498091457 -0.000662686500569
v -0.43889650862 -0.258484024029 -0.000993020401043
v -0.422364944514 -0.249272288733 -0.000662686500569
v -0.422349784788 -0.249263841415 -0.000331545218674
v -0.422344729493 -0.249261024498 -1.16341445919e-18
v -0.422349784788 -0.249263841415 0.000331545218674
v -0.422364944514 -0.249272288733 0.000662686500569
v -0.422390190201 -0.249286356161 0.000993020401043
v -0.422425491092 -0.24930602656 0.00132214445912
v -0.438861207729 -0.25846435363 0.00132214445912
v -0.43889650862 -0.258484024029 0.000993020401043
v -0.438921754307 -0.258498091457 0.000662686500569
v -0.438936914033 -0.258506538775 0.000331545218674
v -0.439160354063 -0.25863104426 0
v -0.439155165734 -0.258628153214 -0.000340270092849
v -0.439139607067 -0.258619483598 -0.000680125619005
v -0.422147091754 -0.249150896592 -0.000680125619005
v -0.422131533088 -0.249142226976 -0.000340270092849
v -0.422126344759 -0.24913933593 -1.19403062917e-18
v -0.422131533088 -0.249142226976 0.000340270092849
v -0.422147091754 -0.249150896592 0.000680125619005
v -0.422173001801 -0.249165334216 0.00101915251686
v -0.422209231662 -0.249185522257 0.00135693773436
v -0.439077467159 -0.258584857934 0.00135693773436
v -0.43911369702 -0.258605045975 0.00101915251686
v -0.439139607067 -0.258619483598 0.000680125619005
v -0.439155165734 -0.258628153214 0.000340270092849
v -0.439378738797 -0.258752732829 0
v -0.439373417434 -0.258749767653 -0.000348994967025
v -0.439357459828 -0.258740875739 -0.000697564737441
v -0.421929238993 -0.249029504451 -0.000697564737441
v -0.421913281387 -0.249020612537 -0.000348994967025
v -0.421907960024 -0.249017647362 -1.22464679915e-18
v -0.421913281387 -0.249020612537 0.000348994967025
v -0.421929238993 -0.249029504451 0.000697564737441
v -0.421955813401 -0.24904431227 0.00104528463268
v -0.421992972233 -0.249065017953 0.0013917310096
v -0.439293726588 -0.258705362237 0.0013917310096
v -0.43933088542 -0.25872606792 0.00104528463268
v -0.439357459828 -0.258740875739 0.000697564737441
v -0.439373417434 -0.258749767653 0.000348994967025
v -0.437670260148 -0.260771993421 0
v -0.437665233196 -0.260769126231 -0.000331545218674
v -0.421171101221 -0.251361473948 -0.000331545218674
v -0.421166074269 -0.251358606758 -1.16341445919e-18
v -0.421171101221 -0.251361473948 0.000331545218674
v -0.421186175953 -0.251370072026 0.000662686500569
v -0.437650158464 -0.260760528153 0.000662686500569
v -0.437665233196 -0.260769126231 0.000331545218674
v -0.437887420488 -0.260895853772 0
v -0.437882261248 -0.260892911129 -0.000340270092849
v -0.420954073169 -0.251237689049 -0.000340270092849
v -0.420948913929 -0.251234746407 -1.19403062917e-18
v -0.420954073169 -0.251237689049 0.000340270092849
v -0.420969544604 -0.251246513393 0.000680125619005
v -0.437866789813 -0.260884086786 0.000680125619005
v -0.437882261248 -0.260892911129 0.000340270092849
v -0.438104580829 -0.261019714123 0
v -0.438099289301 -0.261016696028 -0.000348994967025
v -0.420737045117 -0.251113904151 -0.000348994967025
v -0.420731753588 -0.251110886056 -1.22464679915e-18
v -0.420737045117 -0.251113904151 0.000348994967025
v -0.420752913255 -0.251122954759 0.000697564737441
v -0.438083421162 -0.261007645419 0.000697564737441
v -0.438099289301 -0.261016696028 0.000348994967025
v -0.43637223535 -0.263014868038 0
v -0.436367235978 -0.263011953024 -0.000331545218674
v -0.419963598038 -0.253447384377 -0.000331545218674
v -0.419958598666 -0.253444469363 -1.16341445919e-18
v -0.419963598038 -0.253447384377 0.000331545218674
v -0.419978590063 -0.253456125868 0.000662686500569
v -0.420003556476 -0.253470683186 0.000993020401043
v -0.436327277541 -0.262988654216 0.000993020401043
v -0.436352243953 -0.263003211533 0.000662686500569
v -0.436367235978 -0.263011953024 0.000331545218674
v -0.436588204254 -0.263140794337 0
v -0.43658307332 -0.263137802612 -0.000340270092849
v -0.419747760697 -0.25332153479 -0.000340270092849
v -0.419742629762 -0.253318543065 -1.19403062917e-18
v -0.419747760697 -0.25332153479 0.000340270092849
v -0.419763147249 -0.25333050632 0.000680125619005
v -0.419788770672 -0.253345446725 0.00101915251686
v -0.436542063344 -0.263113890677 0.00101915251686
v -0.436567686768 -0.263128831081 0.000680125619005
v -0.43658307332 -0.263137802612 0.000340270092849
v -0.436804173158 -0.263266720635 0
v -0.436798910661 -0.263263652199 -0.000348994967025
v -0.419531923355 -0.253195685203 -0.000348994967025
v -0.419526660859 -0.253192616767 -1.22464679915e-18
v -0.419531923355 -0.253195685203 0.000348994967025
v -0.419547704434 -0.253204886772 0.000697564737441
v -0.419573984869 -0.253220210264 0.00104528463268
v -0.436756849148 -0.263239127137 0.00104528463268
v -0.436783129582 -0.26325445063 0.000697564737441
v -0.436798910661 -0.263263652199 0.000348994967025
v -0.435088381842 -0.265200759104 0
v -0.435083393008 -0.265197826091 -0.000331545218674
v -0.418714332183 -0.255574201057 -0.000331545218674
v -0.41870934335 -0.255571268045 -1.16341445919e-18
v -0.435303895507 -0.265327462933 0
v -0.418498949804 -0.255447574412 -0.000340270092849
v -0.418493829685 -0.255444564215 -1.19403062917e-18
v -0.435519409171 -0.265454166763 0
v -0.418283567425 -0.255320947767 -0.000348994967025
v -0.418278316021 -0.255317860385 -1.22464679915e-18
v -0.433811142434 -0.2673711838 0
v -0.433806159027 -0.267368241575 -0.000331545218674
v -0.433791214878 -0.267359418487 -0.000662686500569
v -0.417469849328 -0.257723215241 -0.000662686500569
v -0.417454905179 -0.257714392152 -0.000331545218674
v -0.417449921772 -0.257711449928 -1.16341445919e-18
v -0.417454905179 -0.257714392152 0.000331545218674
v -0.433806159027 -0.267368241575 0.000331545218674
v -0.434026421653 -0.267498285561 0
v -0.434021307104 -0.26749526591 -0.000340270092849
v -0.434005969688 -0.267486210635 -0.000680125619005
v -0.417255094518 -0.257596423093 -0.000680125619005
v -0.417239757102 -0.257587367818 -0.000340270092849
v -0.417234642553 -0.257584348166 -1.19403062917e-18
v -0.434021307104 -0.26749526591 0.000340270092849
v -0.434241700872 -0.267625387323 0
v -0.434236455181 -0.267622290244 -0.000348994967025
v -0.434220724498 -0.267613002783 -0.000697564737441
v -0.417040339708 -0.257469630945 -0.000697564737441
v -0.417024609025 -0.257460343483 -0.000348994967025
v -0.417019363334 -0.257457246405 -1.22464679915e-18
v -0.434236455181 -0.267622290244 0.000348994967025
v -0.432520669131 -0.269549765215 0
v -0.43251569545 -0.269546806579 -0.000331545218674
v -0.432500780466 -0.269537934277 -0.000662686500569
v -0.41621126791 -0.259847982414 -0.000662686500569
v -0.416196352927 -0.259839110112 -0.000331545218674
v -0.416191379246 -0.259836151477 -1.16341445919e-18
v -0.432735528208 -0.269677575922 0
v -0.432730423641 -0.269674539428 -0.000340270092849
v -0.432715116158 -0.269665433644 -0.000680125619005
v -0.415996932219 -0.259720483048 -0.000680125619005
v -0.415981624736 -0.259711377264 -0.000340270092849
v -0.415976520168 -0.25970834077 -1.19403062917e-18
v -0.432950387286 -0.269805386629 0
v -0.432945151832 -0.269802272276 -0.000348994967025
v -0.432929451849 -0.269792933011 -0.000697564737441
v -0.415782596527 -0.259592983681 -0.000697564737441
v -0.415766896545 -0.259583644416 -0.000348994967025
v -0.415761661091 -0.259580530063 -1.22464679915e-18
v -0.431220056213 -0.271726960553 0
v -0.431215093558 -0.271723983459 -0.000331545218674
v -0.431200211641 -0.271715055805 -0.000662686500569
v -0.431175428592 -0.271700188468 -0.000993020401043
v -0.431140774605 -0.27167939956 -0.00132214445912
v -0.415006249488 -0.262000306868 -0.00132214445912
v -0.414971595501 -0.26197951796 -0.000993020401043
v -0.414946812452 -0.261964650623 -0.000662686500569
v -0.414931930534 -0.261955722969 -0.000331545218674
v -0.41492696788 -0.261952745875 -1.16341445919e-18
v -0.431434438954 -0.271855568641 0
v -0.431429345703 -0.271852513203 -0.000340270092849
v -0.431414072156 -0.27184335061 -0.000680125619005
v -0.431388636922 -0.271828092027 -0.00101915251686
v -0.431353070988 -0.271806756043 -0.00135693773436
v -0.414793953105 -0.261872950385 -0.00135693773436
v -0.414758387171 -0.261851614401 -0.00101915251686
v -0.414732951936 -0.261836355818 -0.000680125619005
v -0.414717678389 -0.261827193225 -0.000340270092849
v -0.414712585139 -0.261824137787 -1.19403062917e-18
v -0.431648821695 -0.271984176729 0
v -0.431643597848 -0.271981042946 -0.000348994967025
v -0.431627932672 -0.271971645415 -0.000697564737441
v -0.431601845252 -0.271955995586 -0.00104528463268
v -0.431565367371 -0.271934112526 -0.0013917310096
v -0.414581656721 -0.261745593902 -0.0013917310096
v -0.414545178841 -0.261723710842 -0.00104528463268
v -0.414519091421 -0.261708061013 -0.000697564737441
v -0.414503426244 -0.261698663482 -0.000348994967025
v -0.414498202397 -0.261695529699 -1.22464679915e-18
v -0.429913890093 -0.273895157857 0
v -0.429908937002 -0.273892164879 -0.000331545218674
v -0.429894083763 -0.273883189592 -0.000662686500569
v -0.4136720061 -0.264080762204 -0.000662686500569
v -0.413657152861 -0.264071786917 -0.000331545218674
v -0.413652199769 -0.26406879394 -1.16341445919e-18
v -0.413657152861 -0.264071786917 0.000331545218674
v -0.429908937002 -0.273892164879 0.000331545218674
v -0.430127859702 -0.274024452119 0
v -0.430122776267 -0.274021380378 -0.000340270092849
v -0.430107532153 -0.2740121689 -0.000680125619005
v -0.413458557709 -0.263951782896 -0.000680125619005
v -0.413443313596 -0.263942571418 -0.000340270092849
v -0.41343823016 -0.263939499678 -1.19403062917e-18
v -0.413443313596 -0.263942571418 0.000340270092849
v -0.430122776267 -0.274021380378 0.000340270092849
v -0.430341829312 -0.274153746381 0
v -0.430336615532 -0.274150595878 -0.000348994967025
v -0.430320980543 -0.274141148208 -0.000697564737441
v -0.413245109319 -0.263822803589 -0.000697564737441
v -0.413229474331 -0.263813355918 -0.000348994967025
v -0.41322426055 -0.263810205416 -1.22464679915e-18
v -0.413229474331 -0.263813355918 0.000348994967025
v -0.430336615532 -0.274150595878 0.000348994967025
v -0.428592448089 -0.276075254691 0
v -0.428587510353 -0.276072236449 -0.000331545218674
v -0.412386106459 -0.266168963104 -0.000331545218674
v -0.412381168723 -0.266165944862 -1.16341445919e-18
v -0.412386106459 -0.266168963104 0.000331545218674
v -0.412400913654 -0.266178014152 0.000662686500569
v -0.428572703158 -0.276063185401 0.000662686500569
v -0.428587510353 -0.276072236449 0.000331545218674
v -0.428805754397 -0.276205640347 0
v -0.42880068672 -0.276202542678 -0.000340270092849
v -0.412172930092 -0.266038656876 -0.000340270092849
v -0.412167862415 -0.266035559206 -1.19403062917e-18
v -0.412172930092 -0.266038656876 0.000340270092849
v -0.412188126949 -0.266047946109 0.000680125619005
v -0.428785489862 -0.276193253444 0.000680125619005
v -0.42880068672 -0.276202542678 0.000340270092849
v -0.429019060704 -0.276336026003 0
v -0.429013863087 -0.276332848906 -0.000348994967025
v -0.411959753725 -0.265908350647 -0.000348994967025
v -0.411954556108 -0.265905173551 -1.22464679915e-18
v -0.411959753725 -0.265908350647 0.000348994967025
v -0.411975340245 -0.265917878067 0.000697564737441
v -0.428998276566 -0.276323321486 0.000697564737441
v -0.429013863087 -0.276332848906 0.000348994967025
v -0.42724311078 -0.27826419253 0
v -0.427238195615 -0.278261137668 -0.000331545218674
v -0.427223456109 -0.278251976804 -0.000662686500569
v -0.427198910218 -0.2782367211 -0.000993020401043
v -0.411125592177 -0.268246869946 -0.000662686500569
v -0.41111085267 -0.268237709083 -0.000331545218674
v -0.411105937505 -0.268234654221 -1.16341445919e-18
v -0.427455442008 -0.278396160139 0
v -0.427450397496 -0.278393024886 -0.000340270092849
v -0.427435270108 -0.278383622947 -0.000680125619005
v -0.427410078273 -0.278367965777 -0.00101915251686
v -0.410913778178 -0.268115223804 -0.000680125619005
v -0.410898650789 -0.268105821864 -0.000340270092849
v -0.410893606278 -0.268102686611 -1.19403062917e-18
v -0.427667773235 -0.278528127749 0
v -0.427662599377 -0.278524912105 -0.000348994967025
v -0.427647084107 -0.27851526909 -0.000697564737441
v -0.410701964179 -0.267983577661 -0.000697564737441
v -0.410686448909 -0.267973934646 -0.000348994967025
v -0.410681275051 -0.267970719002 -1.22464679915e-18
v -0.425880188685 -0.280439247184 0
v -0.425875294863 -0.280436158246 -0.000331545218674
v -0.425860619361 -0.280426895194 -0.000662686500569
v -0.409832658625 -0.270310183227 -0.000662686500569
v -0.409817983123 -0.270300920175 -0.000331545218674
v -0.409813089302 -0.270297831237 -1.16341445919e-18
v -0.409817983123 -0.270300920175 0.000331545218674
v -0.409832658625 -0.270310183227 0.000662686500569
v -0.425860619361 -0.280426895194 0.000662686500569
v -0.425875294863 -0.280436158246 0.000331545218674
v -0.426091597887 -0.280572686868 0
v -0.426086575281 -0.280569516642 -0.000340270092849
v -0.426071513582 -0.280560009826 -0.000680125619005
v -0.409621764405 -0.270177068596 -0.000680125619005
v -0.409606702705 -0.27016756178 -0.000340270092849
v -0.409601680099 -0.270164391554 -1.19403062917e-18
v -0.409606702705 -0.27016756178 0.000340270092849
v -0.409621764405 -0.270177068596 0.000680125619005
v -0.426071513582 -0.280560009826 0.000680125619005
v -0.426086575281 -0.280569516642 0.000340270092849
v -0.42630300709 -0.280706126551 0
v -0.426297855699 -0.280702875037 -0.000348994967025
v -0.426282407802 -0.280693124457 -0.000697564737441
v -0.409410870184 -0.270043953965 -0.000697564737441
v -0.409395422288 -0.270034203384 -0.000348994967025
v -0.409390270897 -0.27003095187 -1.22464679915e-18
v -0.409395422288 -0.270034203384 0.000348994967025
v -0.409410870184 -0.270043953965 0.000697564737441
v -0.426282407802 -0.280693124457 0.000697564737441
v -0.426297855699 -0.280702875037 0.000348994967025
v -0.424514098236 -0.282588007575 0
v -0.424509219248 -0.28258489526 -0.000331545218674
v -0.42449458823 -0.282575562105 -0.000662686500569
v -0.40851521069 -0.272382285898 -0.000662686500569
v -0.408500579671 -0.272372952743 -0.000331545218674
v -0.408495700684 -0.272369840427 -1.16341445919e-18
v -0.408500579671 -0.272372952743 0.000331545218674
v -0.40851521069 -0.272382285898 0.000662686500569
v -0.42449458823 -0.282575562105 0.000662686500569
v -0.424509219248 -0.28258489526 0.000331545218674
v -0.424724866625 -0.282722457143 0
v -0.424719859243 -0.282719262924 -0.000340270092849
v -0.424704843198 -0.28270968416 -0.000680125619005
v -0.408304955722 -0.272248163843 -0.000680125619005
v -0.408289939677 -0.272238585078 -0.000340270092849
v -0.408284932295 -0.27223539086 -1.19403062917e-18
v -0.408289939677 -0.272238585078 0.000340270092849
v -0.408304955722 -0.272248163843 0.000680125619005
v -0.424704843198 -0.28270968416 0.000680125619005
v -0.424719859243 -0.282719262924 0.000340270092849
v -0.424935635014 -0.282856906711 0
v -0.424930499237 -0.282853630589 -0.000348994967025
v -0.424915098166 -0.282843806215 -0.000697564737441
v -0.408094700754 -0.272114041787 -0.000697564737441
v -0.408079299683 -0.272104217414 -0.000348994967025
v -0.408074163906 -0.272100941292 -1.22464679915e-18
v -0.408079299683 -0.272104217414 0.000348994967025
v -0.408094700754 -0.272114041787 0.000697564737441
v -0.424915098166 -0.282843806215 0.000697564737441
v -0.424930499237 -0.282853630589 0.000348994967025
v -0.423153566436 -0.284713756725 1.90644875394e-19
v -0.423148695018 -0.284710632575 -0.000331545218674
v -0.407164892411 -0.274459858688 -0.000331545218674
v -0.407160020993 -0.274456734538 -9.72769583796e-19
v -0.407164892411 -0.274459858688 0.000331545218674
v -0.40717950073 -0.274469227333 0.000662686500569
v -0.4231340867 -0.28470126393 0.000662686500569
v -0.423148695018 -0.284710632575 0.000331545218674
v -0.423364007824 -0.284848717544 1.90644875394e-19
v -0.423359008211 -0.284845511179 -0.000340270092849
v -0.406954579219 -0.274324980084 -0.000340270092849
v -0.406949579606 -0.274321773719 -1.00338575378e-18
v -0.406954579219 -0.274324980084 0.000340270092849
v -0.406969571967 -0.274334595272 0.000680125619005
v -0.423344015463 -0.284835895991 0.000680125619005
v -0.423359008211 -0.284845511179 0.000340270092849
v -0.423574449211 -0.284983678362 1.90644875394e-19
v -0.406744266027 -0.274190101481 -0.000348994967025
v -0.406739138218 -0.274186812901 -1.03400192375e-18
v -0.406744266027 -0.274190101481 0.000348994967025
v -0.406759643204 -0.274199963212 0.000697564737441
v -0.423553944225 -0.284970528051 0.000697564737441
v -0.423569321403 -0.284980389782 0.000348994967025
v -0.421770134359 -0.286866332949 0
v -0.421765282107 -0.286863179113 -0.000331545218674
v -0.405844365545 -0.276515004063 -0.000331545218674
v -0.405839513293 -0.276511850227 -1.16341445919e-18
v -0.405844365545 -0.276515004063 0.000331545218674
v -0.421750731263 -0.286853721449 0.000662686500569
v -0.421765282107 -0.286863179113 0.000331545218674
v -0.421979747794 -0.287002576143 0
v -0.421974767852 -0.286999339311 -0.000340270092849
v -0.405634879801 -0.276378843865 -0.000340270092849
v -0.405629899858 -0.276375607033 -1.19403062917e-18
v -0.405634879801 -0.276378843865 0.000340270092849
v -0.421974767852 -0.286999339311 0.000340270092849
v -0.422189361229 -0.287138819336 0
v -0.422184253596 -0.287135499509 -0.000348994967025
v -0.405425394056 -0.276242683667 -0.000348994967025
v -0.405420286423 -0.27623936384 -1.22464679915e-18
v -0.405425394056 -0.276242683667 0.000348994967025
v -0.422184253596 -0.287135499509 0.000348994967025
v -0.42035325339 -0.289021832427 0
v -0.420348427435 -0.289018638498 -0.000331545218674
v -0.420333955447 -0.289009060604 -0.000662686500569
v -0.42030985506 -0.288993110413 -0.000993020401043
v -0.404552365123 -0.27856444066 -0.000993020401043
v -0.404528264736 -0.278548490469 -0.000662686500569
v -0.404513792749 -0.278538912575 -0.000331545218674
v -0.404508966793 -0.278535718646 -1.16341445919e-18
v -0.404513792749 -0.278538912575 0.000331545218674
v -0.404528264736 -0.278548490469 0.000662686500569
v -0.420333955447 -0.289009060604 0.000662686500569
v -0.420348427435 -0.289018638498 0.000331545218674
v -0.420561730846 -0.289159807608 0
v -0.420556777891 -0.289156529629 -0.000340270092849
v -0.420541925062 -0.289146699685 -0.000680125619005
v -0.420517190454 -0.289130329752 -0.00101915251686
v -0.404345029729 -0.278427221321 -0.00101915251686
v -0.404320295121 -0.278410851388 -0.000680125619005
v -0.404305442292 -0.278401021444 -0.000340270092849
v -0.404300489338 -0.278397743465 -1.19403062917e-18
v -0.404305442292 -0.278401021444 0.000340270092849
v -0.404320295121 -0.278410851388 0.000680125619005
v -0.420541925062 -0.289146699685 0.000680125619005
v -0.420556777891 -0.289156529629 0.000340270092849
v -0.420770208301 -0.28929778279 0
v -0.420765128348 -0.28929442076 -0.000348994967025
v -0.420749894677 -0.289284338765 -0.000697564737441
v -0.420724525848 -0.28926754909 -0.00104528463268
v -0.404137694335 -0.278290001983 -0.00104528463268
v -0.404112325507 -0.278273212308 -0.000697564737441
v -0.404097091836 -0.278263130313 -0.000348994967025
v -0.404092011883 -0.278259768283 -1.22464679915e-18
v -0.404097091836 -0.278263130313 0.000348994967025
v -0.404112325507 -0.278273212308 0.000697564737441
v -0.420749894677 -0.289284338765 0.000697564737441
v -0.420765128348 -0.28929442076 0.000348994967025
v -0.418924708531 -0.291165755074 0
v -0.418919908128 -0.291162522868 -0.000331545218674
v -0.418905512767 -0.291152830186 -0.000662686500569
v -0.403183510344 -0.280566894885 -0.000662686500569
v -0.403169114983 -0.280557202204 -0.000331545218674
v -0.40316431458 -0.280553969998 -1.16341445919e-18
v -0.419132082136 -0.291305383825 0
v -0.419127155406 -0.291302066561 -0.000340270092849
v -0.41911238122 -0.291292118809 -0.000680125619005
v -0.402961867705 -0.280417658511 -0.000340270092849
v -0.402956940975 -0.280414341247 -1.19403062917e-18
v -0.41933945574 -0.291445012576 0
v -0.419334402684 -0.291441610253 -0.000348994967025
v -0.402754620426 -0.280278114818 -0.000348994967025
v -0.402749567371 -0.280274712496 -1.22464679915e-18
v -0.417481027451 -0.293287731229 0
v -0.417476249522 -0.293284465892 -0.000331545218674
v -0.417461921557 -0.293274673861 -0.000662686500569
v -0.417438061011 -0.293258367064 -0.000993020401043
v -0.401837385887 -0.282596539002 -0.000993020401043
v -0.401813525342 -0.282580232206 -0.000662686500569
v -0.401799197376 -0.282570440174 -0.000331545218674
v -0.401794419447 -0.282567174837 -1.16341445919e-18
v -0.401799197376 -0.282570440174 0.000331545218674
v -0.417476249522 -0.293284465892 0.000331545218674
v -0.417687430188 -0.293428791182 0
v -0.417682526524 -0.293425439915 -0.000340270092849
v -0.417667821507 -0.293415390198 -0.000680125619005
v -0.417643333052 -0.293398654276 -0.00101915251686
v -0.401632113846 -0.282456251791 -0.00101915251686
v -0.401607625392 -0.282439515868 -0.000680125619005
v -0.401592920374 -0.282429466151 -0.000340270092849
v -0.401588016711 -0.282426114885 -1.19403062917e-18
v -0.401592920374 -0.282429466151 0.000340270092849
v -0.417682526524 -0.293425439915 0.000340270092849
v -0.417893832925 -0.293569851134 0
v -0.417888803526 -0.293566413938 -0.000348994967025
v -0.417873721457 -0.293556106536 -0.000697564737441
v -0.417848605093 -0.293538941487 -0.00104528463268
v -0.401426841805 -0.28231596458 -0.00104528463268
v -0.401401725441 -0.282298799531 -0.000697564737441
v -0.401386643373 -0.282288492129 -0.000348994967025
v -0.401381613974 -0.282285054932 -1.22464679915e-18
v -0.401386643373 -0.282288492129 0.000348994967025
v -0.417888803526 -0.293566413938 0.000348994967025
v -0.416038326974 -0.295389371176 0
v -0.416033565735 -0.295386081551 -0.000331545218674
v -0.416019287819 -0.295376216684 -0.000662686500569
v -0.40042555372 -0.284602227485 -0.000662686500569
v -0.400411275805 -0.284592362618 -0.000331545218674
v -0.400406514566 -0.284589072993 -1.16341445919e-18
v -0.400411275805 -0.284592362618 0.000331545218674
v -0.40042555372 -0.284602227485 0.000662686500569
v -0.416019287819 -0.295376216684 0.000662686500569
v -0.416033565735 -0.295386081551 0.000331545218674
v -0.416244008716 -0.295531480362 0
v -0.416239122182 -0.295528104168 -0.000340270092849
v -0.416224468531 -0.2955179797 -0.000680125619005
v -0.400220373009 -0.284460464469 -0.000680125619005
v -0.400205719358 -0.284450340001 -0.000340270092849
v -0.400200832823 -0.284446963807 -1.19403062917e-18
v -0.400205719358 -0.284450340001 0.000340270092849
v -0.400220373009 -0.284460464469 0.000680125619005
v -0.416224468531 -0.2955179797 0.000680125619005
v -0.416239122182 -0.295528104168 0.000340270092849
v -0.416449690458 -0.295673589549 0
v -0.416444678628 -0.295670126786 -0.000348994967025
v -0.416429649243 -0.295659742716 -0.000697564737441
v -0.400015192297 -0.284318701454 -0.000697564737441
v -0.400000162912 -0.284308317383 -0.000348994967025
v -0.399995151081 -0.28430485462 -1.22464679915e-18
v -0.400000162912 -0.284308317383 0.000348994967025
v -0.400015192297 -0.284318701454 0.000697564737441
v -0.416429649243 -0.295659742716 0.000697564737441
v -0.416444678628 -0.295670126786 0.000348994967025
v -0.414583865415 -0.297480952883 0
v -0.414579120437 -0.297477639846 -0.000331545218674
v -0.414564891284 -0.297467704772 -0.000662686500569
v -0.39901018512 -0.286607103329 -0.000331545218674
v -0.399005440142 -0.286603790292 -1.16341445919e-18
v -0.39901018512 -0.286607103329 0.000331545218674
v -0.399024414273 -0.286617038403 0.000662686500569
v -0.399048110264 -0.28663358341 0.000993020401043
v -0.414541195293 -0.297451159766 0.000993020401043
v -0.414564891284 -0.297467704772 0.000662686500569
v -0.414579120437 -0.297477639846 0.000331545218674
v -0.414788844695 -0.297624073443 0
v -0.414783974849 -0.297620673222 -0.000340270092849
v -0.398805330708 -0.286464069954 -0.000340270092849
v -0.398800460862 -0.286460669732 -1.19403062917e-18
v -0.398805330708 -0.286464069954 0.000340270092849
v -0.398819934312 -0.286474266477 0.000680125619005
v -0.398844253882 -0.286491246879 0.00101915251686
v -0.414745051675 -0.297593496297 0.00101915251686
v -0.414769371245 -0.297610476698 0.000680125619005
v -0.414783974849 -0.297620673222 0.000340270092849
v -0.414993823975 -0.297767194004 0
v -0.414988829261 -0.297763706597 -0.000348994967025
v -0.398600476296 -0.286321036579 -0.000348994967025
v -0.398595481583 -0.286317549171 -1.22464679915e-18
v -0.398600476296 -0.286321036579 0.000348994967025
v -0.398615454352 -0.286331494551 0.000697564737441
v -0.3986403975 -0.286348910348 0.00104528463268
v -0.414948908057 -0.297735832828 0.00104528463268
v -0.414973851206 -0.297753248624 0.000697564737441
v -0.414988829261 -0.297763706597 0.000348994967025
v -0.413109929697 -0.299583254956 0
v -0.413105208105 -0.299579908675 -0.000331545218674
v -0.397613005339 -0.28860029281 -0.000331545218674
v -0.397608283747 -0.288596946529 -1.16341445919e-18
v -0.397613005339 -0.28860029281 0.000331545218674
v -0.397627164363 -0.288610327576 0.000662686500569
v -0.397650743567 -0.288627038602 0.000993020401043
v -0.413067469878 -0.299553162882 0.000993020401043
v -0.413091049082 -0.299569873908 0.000662686500569
v -0.413105208105 -0.299579908675 0.000331545218674
v -0.413313898723 -0.299727811646 0
v -0.413309052878 -0.299724377304 -0.000340270092849
v -0.397409160566 -0.28845582418 -0.000340270092849
v -0.397404314722 -0.288452389839 -1.19403062917e-18
v -0.397409160566 -0.28845582418 0.000340270092849
v -0.397423692195 -0.288466123019 0.000680125619005
v -0.397447891905 -0.288483273809 0.00101915251686
v -0.41327032154 -0.299696927675 0.00101915251686
v -0.413294521249 -0.299714078465 0.000680125619005
v -0.413309052878 -0.299724377304 0.000340270092849
v -0.413517867748 -0.299872368335 0
v -0.413512897651 -0.299868845934 -0.000348994967025
v -0.397205315793 -0.28831135555 -0.000348994967025
v -0.397200345696 -0.288307833149 -1.22464679915e-18
v -0.397205315793 -0.28831135555 0.000348994967025
v -0.397220220028 -0.288321918462 0.000697564737441
v -0.413473173202 -0.299840692468 0.00104528463268
v -0.413497993416 -0.299858283022 0.000697564737441
v -0.413512897651 -0.299868845934 0.000348994967025
v -0.411595193555 -0.301697453558 0
v -0.396210097658 -0.290548515303 -1.16341445919e-18
v -0.39621478375 -0.290551911119 0.000331545218674
v -0.411576454895 -0.301683874432 0.000662686500569
v -0.411590507463 -0.301694057742 0.000331545218674
v -0.411797629028 -0.301844150114 0
v -0.396007662186 -0.290401818747 -1.19403062917e-18
v -0.396012471596 -0.290405303926 0.000340270092849
v -0.411778397245 -0.301830213642 0.000680125619005
v -0.411792819617 -0.301840664935 0.000340270092849
v -0.4120000645 -0.30199084667 0
v -0.395805226713 -0.290255122191 -1.22464679915e-18
v -0.395810159442 -0.290258696734 0.000348994967025
v -0.411995131771 -0.301987272127 0.000348994967025
v -0.410065272398 -0.3037849757 0
v -0.410060617722 -0.303781536948 -0.000331545218674
v -0.394787974583 -0.292498510642 -0.000331545218674
v -0.394783319907 -0.29249507189 -1.16341445919e-18
v -0.394787974583 -0.292498510642 0.000331545218674
v -0.410060617722 -0.303781536948 0.000331545218674
v -0.41026635072 -0.303933527066 0
v -0.410261573553 -0.303929997821 -0.000340270092849
v -0.394587018752 -0.292350049769 -0.000340270092849
v -0.394582241584 -0.292346520524 -1.19403062917e-18
v -0.394587018752 -0.292350049769 0.000340270092849
v -0.410261573553 -0.303929997821 0.000340270092849
v -0.410467429043 -0.304082078432 0
v -0.410462529383 -0.304078458693 -0.000348994967025
v -0.394386062921 -0.292201588897 -0.000348994967025
v -0.394381163262 -0.292197969158 -1.22464679915e-18
v -0.394386062921 -0.292201588897 0.000348994967025
v -0.410462529383 -0.304078458693 0.000348994967025
v -0.408544574136 -0.305827247989 0
v -0.408539935968 -0.305823787002 -0.000331545218674
v -0.408526027116 -0.305813408259 -0.000662686500569
v -0.393321459968 -0.29446780623 -0.000331545218674
v -0.3933168218 -0.294464345243 -1.16341445919e-18
v -0.408744939298 -0.305976759867 0
v -0.408740179073 -0.305973207802 -0.000340270092849
v -0.393121216863 -0.29431838543 -0.000340270092849
v -0.393116456638 -0.294314833365 -1.19403062917e-18
v -0.40894530446 -0.306126271746 0
v -0.408940422178 -0.306122628602 -0.000348994967025
v -0.392920973757 -0.29416896463 -0.000348994967025
v -0.392916091476 -0.294165321487 -1.22464679915e-18
v -0.407037376794 -0.307842904774 0
v -0.40703274448 -0.307839435957 -0.000331545218674
v -0.407018853181 -0.307829033732 -0.000662686500569
v -0.391847365533 -0.296468164533 -0.000662686500569
v -0.391833474234 -0.296457762308 -0.000331545218674
v -0.391828841919 -0.296454293491 -1.16341445919e-18
v -0.391833474234 -0.296457762308 0.000331545218674
v -0.391847365533 -0.296468164533 0.000662686500569
v -0.407018853181 -0.307829033732 0.000662686500569
v -0.40703274448 -0.307839435957 0.000331545218674
v -0.407237489095 -0.307992754923 0
v -0.407232734878 -0.307989194821 -0.000340270092849
v -0.407218478018 -0.307978518853 -0.000680125619005
v -0.391647740695 -0.296318679412 -0.000680125619005
v -0.391633483836 -0.296308003444 -0.000340270092849
v -0.391628729618 -0.296304443343 -1.19403062917e-18
v -0.391633483836 -0.296308003444 0.000340270092849
v -0.391647740695 -0.296318679412 0.000680125619005
v -0.407218478018 -0.307978518853 0.000680125619005
v -0.407232734878 -0.307989194821 0.000340270092849
v -0.407437601396 -0.308142605071 0
v -0.407432725276 -0.308138953685 -0.000348994967025
v -0.407418102856 -0.308128003974 -0.000697564737441
v -0.391448115858 -0.296169194291 -0.000697564737441
v -0.391433493438 -0.29615824458 -0.000348994967025
v -0.391428617317 -0.296154593194 -1.22464679915e-18
v -0.391433493438 -0.29615824458 0.000348994967025
v -0.391448115858 -0.296169194291 0.000697564737441
v -0.407418102856 -0.308128003974 0.000697564737441
v -0.407432725276 -0.308138953685 0.000348994967025
v -0.405535539127 -0.309845583878 0
v -0.405530907706 -0.309842113867 -0.000331545218674
v -0.405517019087 -0.309831708064 -0.000662686500569
v -0.405493890192 -0.309814379145 -0.000993020401043
v -0.405461549198 -0.309790148223 -0.00132214445912
v -0.390403928661 -0.298508490549 -0.00132214445912
v -0.390371587667 -0.298484259628 -0.000993020401043
v -0.390348458771 -0.298466930709 -0.000662686500569
v -0.390334570152 -0.298456524905 -0.000331545218674
v -0.390329938732 -0.298453054895 -1.16341445919e-18
v -0.390334570152 -0.298456524905 0.000331545218674
v -0.390348458771 -0.298466930709 0.000662686500569
v -0.405517019087 -0.309831708064 0.000662686500569
v -0.405530907706 -0.309842113867 0.000331545218674
v -0.405735612816 -0.309995485575 0
v -0.405730859516 -0.309991924248 -0.000340270092849
v -0.405716605407 -0.309981244608 -0.000680125619005
v -0.405692867856 -0.309963459665 -0.00101915251686
v -0.405659675784 -0.309938591087 -0.00135693773436
v -0.390205802075 -0.298360047685 -0.00135693773436
v -0.390172610002 -0.298335179108 -0.00101915251686
v -0.390148872451 -0.298317394165 -0.000680125619005
v -0.390134618342 -0.298306714524 -0.000340270092849
v -0.390129865042 -0.298303153198 -1.19403062917e-18
v -0.390134618342 -0.298306714524 0.000340270092849
v -0.390148872451 -0.298317394165 0.000680125619005
v -0.405716605407 -0.309981244608 0.000680125619005
v -0.405730859516 -0.309991924248 0.000340270092849
v -0.405935686505 -0.310145387272 0
v -0.405930811326 -0.310141734629 -0.000348994967025
v -0.405916191727 -0.310130781152 -0.000697564737441
v -0.405891845521 -0.310112540185 -0.00104528463268
v -0.40585780237 -0.310087033952 -0.0013917310096
v -0.390007675488 -0.298211604821 -0.0013917310096
v -0.389973632337 -0.298186098588 -0.00104528463268
v -0.389949286131 -0.29816785762 -0.000697564737441
v -0.389934666532 -0.298156904143 -0.000348994967025
v -0.389929791353 -0.2981532515 -1.22464679915e-18
v -0.389934666532 -0.298156904143 0.000348994967025
v -0.389949286131 -0.29816785762 0.000697564737441
v -0.405916191727 -0.310130781152 0.000697564737441
v -0.405930811326 -0.310141734629 0.000348994967025
v -0.404052512927 -0.311826741409 0
v -0.404047872007 -0.311823284114 -0.000331545218674
v -0.388820365105 -0.300479415963 -0.000331545218674
v -0.388815724185 -0.300475958668 -1.16341445919e-18
v -0.388820365105 -0.300479415963 0.000331545218674
v -0.404047872007 -0.311823284114 0.000331545218674
v -0.40425299699 -0.311976093813 0
v -0.40424823394 -0.311972545537 -0.000340270092849
v -0.388620003172 -0.30033015454 -0.000340270092849
v -0.388615240123 -0.300326606263 -1.19403062917e-18
v -0.388620003172 -0.30033015454 0.000340270092849
v -0.40424823394 -0.311972545537 0.000340270092849
v -0.404453481052 -0.312125446218 0
v -0.404448595873 -0.31212180696 -0.000348994967025
v -0.388419641239 -0.300180893117 -0.000348994967025
v -0.38841475606 -0.300177253859 -1.22464679915e-18
v -0.388419641239 -0.300180893117 0.000348994967025
v -0.404448595873 -0.31212180696 0.000348994967025
v -0.40258625087 -0.31380450525 0
v -0.402581595872 -0.313801066933 -0.000331545218674
v -0.402567636551 -0.31379075617 -0.000662686500569
v -0.402544389913 -0.313773585525 -0.000993020401043
v -0.40251188428 -0.313749575916 -0.00132214445912
v -0.3873776099 -0.302570959046 -0.00132214445912
v -0.387345104268 -0.302546949438 -0.000993020401043
v -0.38732185763 -0.302529778792 -0.000662686500569
v -0.387307898309 -0.30251946803 -0.000331545218674
v -0.387303243311 -0.302516029712 -1.16341445919e-18
v -0.402787343074 -0.313953037823 0
v -0.402782565577 -0.313949509023 -0.000340270092849
v -0.402768238905 -0.313938926925 -0.000680125619005
v -0.402744380513 -0.313921304421 -0.00101915251686
v -0.387145113668 -0.302399230542 -0.00101915251686
v -0.387121255276 -0.302381608037 -0.000680125619005
v -0.387106928604 -0.302371025939 -0.000340270092849
v -0.387102151106 -0.30236749714 -1.19403062917e-18
v -0.402988435279 -0.314101570395 0
v -0.402983535282 -0.314097951114 -0.000348994967025
v -0.402968841259 -0.31408709768 -0.000697564737441
v -0.402944371114 -0.314069023316 -0.00104528463268
v -0.386945123067 -0.302251511646 -0.00104528463268
v -0.386920652922 -0.302233437282 -0.000697564737441
v -0.386905958899 -0.302222583848 -0.000348994967025
v -0.386901058901 -0.302218964567 -1.22464679915e-18
v -0.401113053054 -0.315806469289 -3.81289750787e-19
v -0.385811996361 -0.304542470706 -1.54470420998e-18
v -0.385816656856 -0.304545901568 0.000331545218674
v -0.385830632664 -0.304556189974 0.000662686500569
v -0.401094416752 -0.315792750022 0.000662686500569
v -0.401108392559 -0.315803038428 0.000331545218674
v -0.401314382747 -0.315954679797 -3.81289750787e-19
v -0.385610666668 -0.304394260199 -1.57532037996e-18
v -0.385615449808 -0.304397781346 0.000340270092849
v -0.385629793399 -0.304408340499 0.000680125619005
v -0.401295256016 -0.315940599496 0.000680125619005
v -0.401309599608 -0.315951158649 0.000340270092849
v -0.401515712441 -0.316102890305 -3.81289750787e-19
v -0.385409336974 -0.304246049691 -1.60593654993e-18
v -0.385414242759 -0.304249661125 0.000348994967025
v -0.385428954135 -0.304260491025 0.000697564737441
v -0.40149609528 -0.316088448971 0.000697564737441
v -0.401510806656 -0.316099278871 0.000348994967025
v -0.399616248672 -0.317838939146 0
v -0.399611596626 -0.317835496836 -0.000331545218674
v -0.399597646156 -0.317825174101 -0.000662686500569
v -0.384361534521 -0.30655112032 -0.000662686500569
v -0.384347584051 -0.306540797585 -0.000331545218674
v -0.384342932005 -0.306537355275 -1.16341445919e-18
v -0.384347584051 -0.306540797585 0.000331545218674
v -0.384361534521 -0.30655112032 0.000662686500569
v -0.384384766418 -0.306568310904 0.000993020401043
v -0.399574414259 -0.317807983516 0.000993020401043
v -0.399597646156 -0.317825174101 0.000662686500569
v -0.399611596626 -0.317835496836 0.000331545218674
v -0.399817213365 -0.317987644197 0
v -0.399812438897 -0.3179841113 -0.000340270092849
v -0.399798121309 -0.317973516914 -0.000680125619005
v -0.384161059368 -0.306402777507 -0.000680125619005
v -0.38414674178 -0.306392183121 -0.000340270092849
v -0.384141967312 -0.306388650224 -1.19403062917e-18
v -0.38414674178 -0.306392183121 0.000340270092849
v -0.384161059368 -0.306402777507 0.000680125619005
v -0.384184902631 -0.306420420475 0.00101915251686
v -0.399774278046 -0.317955873946 0.00101915251686
v -0.399798121309 -0.317973516914 0.000680125619005
v -0.399812438897 -0.3179841113 0.000340270092849
v -0.400018178058 -0.318136349248 0
v -0.400013281167 -0.318132725764 -0.000348994967025
v -0.399998596462 -0.318121859727 -0.000697564737441
v -0.383960584215 -0.306254434694 -0.000697564737441
v -0.38394589951 -0.306243568657 -0.000348994967025
v -0.383941002619 -0.306239945173 -1.22464679915e-18
v -0.38394589951 -0.306243568657 0.000348994967025
v -0.383960584215 -0.306254434694 0.000697564737441
v -0.399998596462 -0.318121859727 0.000697564737441
v -0.400013281167 -0.318132725764 0.000348994967025
v -0.398077967674 -0.319907700065 0
v -0.39807334376 -0.319904220058 -0.000331545218674
v -0.398059477652 -0.319893784278 -0.000662686500569
v -0.382915502194 -0.308496267279 -0.000662686500569
v -0.382901636085 -0.308485831499 -0.000331545218674
v -0.382897012171 -0.308482351492 -1.16341445919e-18
v -0.382901636085 -0.308485831499 0.000331545218674
v -0.39807334376 -0.319904220058 0.000331545218674
v -0.398277717089 -0.320058033599 0
v -0.398272971493 -0.320054462013 -0.000340270092849
v -0.398258740487 -0.320043751606 -0.000680125619005
v -0.382716239359 -0.30834629995 -0.000680125619005
v -0.382702008353 -0.308335589544 -0.000340270092849
v -0.382697262757 -0.308332017958 -1.19403062917e-18
v -0.382702008353 -0.308335589544 0.000340270092849
v -0.398272971493 -0.320054462013 0.000340270092849
v -0.398477466503 -0.320208367133 0
v -0.398472599226 -0.320204703968 -0.000348994967025
v -0.398458003322 -0.320193718935 -0.000697564737441
v -0.382516976524 -0.308196332621 -0.000697564737441
v -0.38250238062 -0.308185347589 -0.000348994967025
v -0.382497513342 -0.308181684424 -1.22464679915e-18
v -0.38250238062 -0.308185347589 0.000348994967025
v -0.398472599226 -0.320204703968 0.000348994967025
v -0.396489541661 -0.321992674944 0
v -0.381454535396 -0.310375937595 -1.16341445919e-18
v -0.381459114856 -0.310379475896 0.000331545218674
v -0.381472847656 -0.310390086489 0.000662686500569
v -0.396471229401 -0.321978526049 0.000662686500569
v -0.396484962201 -0.321989136642 0.000331545218674
v -0.39668737069 -0.322145526751 0
v -0.381256706367 -0.310223085788 -1.19403062917e-18
v -0.381261406338 -0.310226717202 0.000340270092849
v -0.381275500528 -0.310237607021 0.000680125619005
v -0.396668576529 -0.322131005517 0.000680125619005
v -0.396682670719 -0.322141895336 0.000340270092849
v -0.39688519972 -0.322298378558 0
v -0.381058877337 -0.31007023398 -1.22464679915e-18
v -0.381063697821 -0.310073958508 0.000348994967025
v -0.3810781534 -0.310085127553 0.000697564737441
v -0.396865923657 -0.322283484985 0.000697564737441
v -0.396880379236 -0.32229465403 0.000348994967025
v -0.39487189044 -0.324057143632 0
v -0.379987273479 -0.312248325828 -1.16341445919e-18
v -0.379991807132 -0.312251922634 0.000331545218674
v -0.380005402568 -0.312262708671 0.000662686500569
v -0.39485376135 -0.324042760788 0.000662686500569
v -0.394867356786 -0.324053546825 0.000331545218674
v -0.395067740663 -0.324212522813 0
v -0.379791423255 -0.312092946646 -1.19403062917e-18
v -0.379796076215 -0.312096638105 0.000340270092849
v -0.379810029426 -0.312107707985 0.000680125619005
v -0.395049134492 -0.324197761474 0.000680125619005
v -0.395063087703 -0.324208831354 0.000340270092849
v -0.395263590886 -0.324367901995 0
v -0.379595573032 -0.311937567465 -1.22464679915e-18
v -0.379600345299 -0.311941353577 0.000348994967025
v -0.379614656284 -0.3119527073 0.000697564737441
v -0.395244507634 -0.32435276216 0.000697564737441
v -0.395258818619 -0.324364115883 0.000348994967025
v -0.393261648302 -0.326062161348 0
v -0.393257141575 -0.326058530861 -0.000331545218674
v -0.393243626884 -0.326047643822 -0.000662686500569
v -0.378483454995 -0.314157281666 -0.000662686500569
v -0.378469940304 -0.314146394627 -0.000331545218674
v -0.378465433577 -0.314142764139 -1.16341445919e-18
v -0.378469940304 -0.314146394627 0.000331545218674
v -0.393257141575 -0.326058530861 0.000331545218674
v -0.393456335338 -0.326218995522 0
v -0.393451710013 -0.326215269495 -0.000340270092849
v -0.393437839672 -0.326204095955 -0.000680125619005
v -0.378289242207 -0.314000829532 -0.000680125619005
v -0.378275371867 -0.313989655992 -0.000340270092849
v -0.378270746541 -0.313985929966 -1.19403062917e-18
v -0.378275371867 -0.313989655992 0.000340270092849
v -0.393451710013 -0.326215269495 0.000340270092849
v -0.393651022374 -0.326375829696 0
v -0.393646278451 -0.32637200813 -0.000348994967025
v -0.378095029419 -0.313844377398 -0.000697564737441
v -0.378080803429 -0.313832917357 -0.000348994967025
v -0.378076059506 -0.313829095792 -1.22464679915e-18
v -0.378080803429 -0.313832917357 0.000348994967025
v -0.393646278451 -0.32637200813 0.000348994967025
v -0.391669532645 -0.328032740871 0
v -0.391665038396 -0.328029094949 -0.000331545218674
v -0.376918779311 -0.31606631291 -0.000331545218674
v -0.376914285062 -0.316062666988 -1.16341445919e-18
v -0.376918779311 -0.31606631291 0.000331545218674
v -0.376932256583 -0.316077246237 0.000662686500569
v -0.391651561124 -0.328018161622 0.000662686500569
v -0.391665038396 -0.328029094949 0.000331545218674
v -0.391863680639 -0.328190241844 0
v -0.39185906812 -0.328186499975 -0.000340270092849
v -0.376724749587 -0.315908907884 -0.000340270092849
v -0.376720137068 -0.315905166015 -1.19403062917e-18
v -0.376724749587 -0.315908907884 0.000340270092849
v -0.376738581523 -0.315920128929 0.000680125619005
v -0.391845236184 -0.32817527893 0.000680125619005
v -0.39185906812 -0.328186499975 0.000340270092849
v -0.392057828634 -0.328347742816 0
v -0.392053097845 -0.328343905002 -0.000348994967025
v -0.376530719862 -0.315751502857 -0.000348994967025
v -0.376525989073 -0.315747665043 -1.22464679915e-18
v -0.376530719862 -0.315751502857 0.000348994967025
v -0.376544906464 -0.315763011621 0.000697564737441
v -0.392038911243 -0.328332396238 0.000697564737441
v -0.392053097845 -0.328343905002 0.000348994967025
v -0.390058323718 -0.330010706144 0
v -0.390053848858 -0.330007036449 -0.000331545218674
v -0.390040429733 -0.329996031834 -0.000662686500569
v -0.375406976585 -0.317995584846 -0.000993020401043
v -0.375384629542 -0.31797725872 -0.000662686500569
v -0.375371210416 -0.317966254105 -0.000331545218674
v -0.375366735557 -0.31796258441 -1.16341445919e-18
v -0.375371210416 -0.317966254105 0.000331545218674
v -0.375384629542 -0.31797725872 0.000662686500569
v -0.375406976585 -0.317995584846 0.000993020401043
v -0.390018082689 -0.329977705708 0.000993020401043
v -0.390040429733 -0.329996031834 0.000662686500569
v -0.390053848858 -0.330007036449 0.000331545218674
v -0.390251634088 -0.330169234061 0
v -0.39024704147 -0.330165467795 -0.000340270092849
v -0.390233269209 -0.330154173586 -0.000680125619005
v -0.375191790066 -0.317819116968 -0.000680125619005
v -0.375178017805 -0.317807822759 -0.000340270092849
v -0.375173425186 -0.317804056493 -1.19403062917e-18
v -0.375178017805 -0.317807822759 0.000340270092849
v -0.375191790066 -0.317819116968 0.000680125619005
v -0.375214725189 -0.317837925361 0.00101915251686
v -0.390210334085 -0.330135365193 0.00101915251686
v -0.390233269209 -0.330154173586 0.000680125619005
v -0.39024704147 -0.330165467795 0.000340270092849
v -0.390444944459 -0.330327761979 0
v -0.390440234081 -0.330323899142 -0.000348994967025
v -0.390426108685 -0.330312315337 -0.000697564737441
v -0.37499895059 -0.317660975217 -0.000697564737441
v -0.374984825194 -0.317649391412 -0.000348994967025
v -0.374980114816 -0.317645528575 -1.22464679915e-18
v -0.374984825194 -0.317649391412 0.000348994967025
v -0.37499895059 -0.317660975217 0.000697564737441
v -0.390426108685 -0.330312315337 0.000697564737441
v -0.390440234081 -0.330323899142 0.000348994967025
v -0.388414850507 -0.332001201993 0
v -0.38841040691 -0.331997494504 -0.000331545218674
v -0.388397081534 -0.331986376554 -0.000662686500569
v -0.37384367065 -0.319843822536 -0.000662686500569
v -0.373830345274 -0.319832704586 -0.000331545218674
v -0.373825901677 -0.319828997097 -1.16341445919e-18
v -0.373830345274 -0.319832704586 0.000331545218674
v -0.37384367065 -0.319843822536 0.000662686500569
v -0.373865861571 -0.319862337403 0.000993020401043
v -0.388374890613 -0.331967861687 0.000993020401043
v -0.388397081534 -0.331986376554 0.000662686500569
v -0.38841040691 -0.331997494504 0.000331545218674
v -0.38860681036 -0.332161362584 0
v -0.388602249826 -0.33215755753 -0.000340270092849
v -0.388588573782 -0.332146147001 -0.000680125619005
v -0.373652178402 -0.319684052089 -0.000680125619005
v -0.373638502358 -0.319672641561 -0.000340270092849
v -0.373633941824 -0.319668836506 -1.19403062917e-18
v -0.373638502358 -0.319672641561 0.000340270092849
v -0.373652178402 -0.319684052089 0.000680125619005
v -0.388588573782 -0.332146147001 0.000680125619005
v -0.388602249826 -0.33215755753 0.000340270092849
v -0.388798770213 -0.332321523175 0
v -0.388794092743 -0.332317620555 -0.000348994967025
v -0.388780066031 -0.332305917449 -0.000697564737441
v -0.373460686154 -0.319524281641 -0.000697564737441
v -0.373446659442 -0.319512578535 -0.000348994967025
v -0.373441981971 -0.319508675915 -1.22464679915e-18
v -0.373446659442 -0.319512578535 0.000348994967025
v -0.373460686154 -0.319524281641 0.000697564737441
v -0.388780066031 -0.332305917449 0.000697564737441
v -0.388794092743 -0.332317620555 0.000348994967025
v -0.386739129463 -0.333988643606 0
v -0.386734724677 -0.333984890088 -0.000331545218674
v -0.386721515687 -0.33397363411 -0.000662686500569
v -0.372295216698 -0.32168033171 -0.000662686500569
v -0.372282007708 -0.321669075731 -0.000331545218674
v -0.372277602922 -0.321665322214 -1.16341445919e-18
v -0.372282007708 -0.321669075731 0.000331545218674
v -0.386734724677 -0.333984890088 0.000331545218674
v -0.386929412707 -0.334150792571 0
v -0.386924892006 -0.334146940277 -0.000340270092849
v -0.38691133541 -0.334135388089 -0.000680125619005
v -0.372105396974 -0.321518577731 -0.000680125619005
v -0.372091840379 -0.321507025542 -0.000340270092849
v -0.372087319678 -0.321503173249 -1.19403062917e-18
v -0.372091840379 -0.321507025542 0.000340270092849
v -0.386924892006 -0.334146940277 0.000340270092849
v -0.387119695951 -0.334312941537 0
v -0.387115059334 -0.334308990466 -0.000348994967025
v -0.387101155134 -0.334297142068 -0.000697564737441
v -0.371915577251 -0.321356823752 -0.000697564737441
v -0.371901673051 -0.321344975354 -0.000348994967025
v -0.371897036434 -0.321341024283 -1.22464679915e-18
v -0.371901673051 -0.321344975354 0.000348994967025
v -0.387115059334 -0.334308990466 0.000348994967025
v -0.385062273367 -0.335935887521 0
v -0.385057895948 -0.335932102124 -0.000331545218674
v -0.370694974513 -0.323511683495 -0.000331545218674
v -0.370690597094 -0.323507898098 -1.16341445919e-18
v -0.370694974513 -0.323511683495 0.000331545218674
v -0.385057895948 -0.335932102124 0.000331545218674
v -0.38525137437 -0.336099413698 0
v -0.385246881757 -0.336095528684 -0.000340270092849
v -0.370505988704 -0.323348256934 -0.000340270092849
v -0.370501496091 -0.323344371921 -1.19403062917e-18
v -0.370505988704 -0.323348256934 0.000340270092849
v -0.385246881757 -0.336095528684 0.000340270092849
v -0.385440475374 -0.336262939875 0
v -0.385435867565 -0.336258955245 -0.000348994967025
v -0.370317002896 -0.323184830373 -0.000348994967025
v -0.370312395087 -0.323180845744 -1.22464679915e-18
v -0.370317002896 -0.323184830373 0.000348994967025
v -0.385435867565 -0.336258955245 0.000348994967025
v -0.383415382328 -0.337832584064 0
v -0.369058259518 -0.325387784964 -1.16341445919e-18
v -0.369062632504 -0.325391575482 0.000331545218674
v -0.383411009342 -0.337828793546 0.000331545218674
v -0.383604291839 -0.33799633142 0
v -0.368869350007 -0.325224037608 -1.19403062917e-18
v -0.368873838071 -0.325227927876 0.000340270092849
v -0.383599803774 -0.337992441152 0.000340270092849
v -0.383793201349 -0.338160078777 0
v -0.368680440497 -0.325060290251 -1.22464679915e-18
v -0.368685043639 -0.32506428027 0.000348994967025
v -0.383788598206 -0.338156088758 0.000348994967025
v -0.381772191803 -0.339731539036 0
v -0.381767822969 -0.339727743735 -0.000331545218674
v -0.381754721788 -0.339716362455 -0.000662686500569
v -0.381732904223 -0.339697409062 -0.000993020401043
v -0.36746798524 -0.327305164376 -0.000993020401043
v -0.367446167674 -0.327286210984 -0.000662686500569
v -0.367433066494 -0.327274829704 -0.000331545218674
v -0.367428697659 -0.327271034402 -1.16341445919e-18
v -0.367433066494 -0.327274829704 0.000331545218674
v -0.381767822969 -0.339727743735 0.000331545218674
v -0.38196092199 -0.339895493044 0
v -0.381956438186 -0.339891597867 -0.000340270092849
v -0.381942992237 -0.339879917079 -0.000680125619005
v -0.381920600525 -0.339860464913 -0.00101915251686
v -0.367280288937 -0.327142108525 -0.00101915251686
v -0.367257897226 -0.327122656359 -0.000680125619005
v -0.367244451277 -0.327110975572 -0.000340270092849
v -0.367239967473 -0.327107080394 -1.19403062917e-18
v -0.367244451277 -0.327110975572 0.000340270092849
v -0.381956438186 -0.339891597867 0.000340270092849
v -0.382149652176 -0.340059447053 0
v -0.382145053402 -0.340055451999 -0.000348994967025
v -0.382131262686 -0.340043471704 -0.000697564737441
v -0.382108296827 -0.340023520764 -0.00104528463268
v -0.367092592635 -0.326979052674 -0.00104528463268
v -0.367069626777 -0.326959101735 -0.000697564737441
v -0.36705583606 -0.32694712144 -0.000348994967025
v -0.367051237287 -0.326943126386 -1.22464679915e-18
v -0.36705583606 -0.32694712144 0.000348994967025
v -0.382145053402 -0.340055451999 0.000348994967025
v -0.380094349816 -0.341655272818 0
v -0.380090001758 -0.341651453733 -0.000331545218674
v -0.365823414041 -0.329120500617 -0.000331545218674
v -0.365819065983 -0.329116681531 -1.16341445919e-18
v -0.365823414041 -0.329120500617 0.000331545218674
v -0.380076962879 -0.341640001129 0.000662686500569
v -0.380090001758 -0.341651453733 0.000331545218674
v -0.380282182498 -0.341820254283 0
v -0.380277720017 -0.341816334695 -0.000340270092849
v -0.365635695782 -0.328955619655 -0.000340270092849
v -0.365631233301 -0.328951700067 -1.19403062917e-18
v -0.365635695782 -0.328955619655 0.000340270092849
v -0.380277720017 -0.341816334695 0.000340270092849
v -0.38047001518 -0.341985235747 0
v -0.380465438277 -0.341981215657 -0.000348994967025
v -0.365447977522 -0.328790738693 -0.000348994967025
v -0.365443400618 -0.328786718603 -1.22464679915e-18
v -0.365447977522 -0.328790738693 0.000348994967025
v -0.380465438277 -0.341981215657 0.000348994967025
v -0.378402594328 -0.343567845412 0
v -0.378398267494 -0.343564002296 -0.000331545218674
v -0.364201323702 -0.330954200631 -0.000331545218674
v -0.364196996869 -0.330950357515 -1.16341445919e-18
v -0.364201323702 -0.330954200631 0.000331545218674
v -0.364214298929 -0.330965725298 0.000662686500569
v -0.378385292267 -0.343552477629 0.000662686500569
v -0.378398267494 -0.343564002296 0.000331545218674
v -0.378589510084 -0.34373386499 0
v -0.378585069386 -0.343729920739 -0.000340270092849
v -0.36401452181 -0.330788282188 -0.000340270092849
v -0.364010081113 -0.330784337937 -1.19403062917e-18
v -0.36401452181 -0.330788282188 0.000340270092849
v -0.364027838491 -0.330800110136 0.000680125619005
v -0.378571752705 -0.343718092791 0.000680125619005
v -0.378585069386 -0.343729920739 0.000340270092849
v -0.37877642584 -0.343899884567 0
v -0.378771871278 -0.343895839182 -0.000348994967025
v -0.363827719918 -0.330622363745 -0.000348994967025
v -0.363823165357 -0.33061831836 -1.22464679915e-18
v -0.363827719918 -0.330622363745 0.000348994967025
v -0.363841378052 -0.330634494973 0.000697564737441
v -0.378758213144 -0.343883707953 0.000697564737441
v -0.378771871278 -0.343895839182 0.000348994967025
v -0.376699075003 -0.345477844379 0
v -0.376694771934 -0.345473974673 -0.000331545218674
v -0.362575801785 -0.332776928048 -0.000331545218674
v -0.362571498716 -0.332773058342 -1.16341445919e-18
v -0.362575801785 -0.332776928048 0.000331545218674
v -0.362588705749 -0.332788532452 0.000662686500569
v -0.37668186797 -0.345462370269 0.000662686500569
v -0.376694771934 -0.345473974673 0.000331545218674
v -0.376884964165 -0.345645012617 0
v -0.376880547857 -0.345641041076 -0.000340270092849
v -0.362390025862 -0.332609861645 -0.000340270092849
v -0.362385609555 -0.332605890104 -1.19403062917e-18
v -0.362390025862 -0.332609861645 0.000340270092849
v -0.362403269404 -0.332621771428 0.000680125619005
v -0.376867304315 -0.345629131293 0.000680125619005
v -0.376880547857 -0.345641041076 0.000340270092849
v -0.377070853326 -0.345812180854 0
v -0.37706632378 -0.345808107479 -0.000348994967025
v -0.362204249939 -0.332442795242 -0.000348994967025
v -0.362199720393 -0.332438721867 -1.22464679915e-18
v -0.362204249939 -0.332442795242 0.000348994967025
v -0.362217833059 -0.332455010404 0.000697564737441
v -0.37705274066 -0.345795892317 0.000697564737441
v -0.37706632378 -0.345808107479 0.000348994967025
v -0.374970312755 -0.347384355653 0
v -0.374966039469 -0.347380453083 -0.000331545218674
v -0.374953224818 -0.347368750126 -0.000662686500569
v -0.360957606141 -0.334587277431 -0.000662686500569
v -0.36094479149 -0.334575574474 -0.000331545218674
v -0.360940518204 -0.334571671904 -1.16341445919e-18
v -0.36094479149 -0.334575574474 0.000331545218674
v -0.360957606141 -0.334587277431 0.000662686500569
v -0.374953224818 -0.347368750126 0.000662686500569
v -0.374966039469 -0.347380453083 0.000331545218674
v -0.375154915315 -0.347552943597 0
v -0.375150529574 -0.347548938328 -0.000340270092849
v -0.375137377695 -0.347536927399 -0.000680125619005
v -0.360773453264 -0.334419100159 -0.000680125619005
v -0.360760301385 -0.33440708923 -0.000340270092849
v -0.360755915644 -0.33440308396 -1.19403062917e-18
v -0.360760301385 -0.33440708923 0.000340270092849
v -0.360773453264 -0.334419100159 0.000680125619005
v -0.375137377695 -0.347536927399 0.000680125619005
v -0.375150529574 -0.347548938328 0.000340270092849
v -0.375339517875 -0.347721531541 0
v -0.375335019679 -0.347717423573 -0.000348994967025
v -0.375321530572 -0.347705104671 -0.000697564737441
v -0.360589300387 -0.334250922886 -0.000697564737441
v -0.36057581128 -0.334238603985 -0.000348994967025
v -0.360571313084 -0.334234496016 -1.22464679915e-18
v -0.36057581128 -0.334238603985 0.000348994967025
v -0.360589300387 -0.334250922886 0.000697564737441
v -0.375321530572 -0.347705104671 0.000697564737441
v -0.375335019679 -0.347717423573 0.000348994967025
v -0.373240692261 -0.349264932214 0
v -0.373236441324 -0.349261005311 -0.000331545218674
v -0.359288523423 -0.336376289664 -0.000331545218674
v -0.359284272486 -0.336372362762 -1.16341445919e-18
v -0.359288523423 -0.336376289664 0.000331545218674
v -0.359301271055 -0.336388065588 0.000662686500569
v -0.373223693692 -0.349249229388 0.000662686500569
v -0.373236441324 -0.349261005311 0.000331545218674
v -0.373424329363 -0.349434571285 0
v -0.373419966559 -0.349430541043 -0.000340270092849
v -0.359104998187 -0.336206753932 -0.000340270092849
v -0.359100635384 -0.33620272369 -1.19403062917e-18
v -0.359104998187 -0.336206753932 0.000340270092849
v -0.359118081283 -0.336218839748 0.000680125619005
v -0.373406883464 -0.349418455228 0.000680125619005
v -0.373419966559 -0.349430541043 0.000340270092849
v -0.373607966465 -0.349604210357 0
v -0.373603491795 -0.349600076776 -0.000348994967025
v -0.358921472952 -0.3360372182 -0.000348994967025
v -0.358916998281 -0.336033084618 -1.22464679915e-18
v -0.358921472952 -0.3360372182 0.000348994967025
v -0.358934891511 -0.336049613909 0.000697564737441
v -0.373590073235 -0.349587681067 0.000697564737441
v -0.373603491795 -0.349600076776 0.000348994967025
v -0.37151880648 -0.351120822661 0
v -0.371514568316 -0.351116881977 -0.000331545218674
v -0.371501858986 -0.351105064726 -0.000662686500569
v -0.371480693975 -0.351085385306 -0.000993020401043
v -0.357642433101 -0.338218444025 -0.000993020401043
v -0.357621268091 -0.338198764605 -0.000662686500569
v -0.357608558761 -0.338186947354 -0.000331545218674
v -0.357604320597 -0.33818300667 -1.16341445919e-18
v -0.357608558761 -0.338186947354 0.000331545218674
v -0.357621268091 -0.338198764605 0.000662686500569
v -0.357642433101 -0.338218444025 0.000993020401043
v -0.371480693975 -0.351085385306 0.000993020401043
v -0.371501858986 -0.351105064726 0.000662686500569
v -0.371514568316 -0.351116881977 0.000331545218674
v -0.371701891821 -0.351291057082 0
v -0.371697542125 -0.351287012696 -0.000340270092849
v -0.37168449834 -0.351274884465 -0.000680125619005
v -0.371662776355 -0.351254687165 -0.00101915251686
v -0.357460350722 -0.338049142166 -0.00101915251686
v -0.357438628737 -0.338028944867 -0.000680125619005
v -0.357425584951 -0.338016816636 -0.000340270092849
v -0.357421235256 -0.33801277225 -1.19403062917e-18
v -0.357425584951 -0.338016816636 0.000340270092849
v -0.357438628737 -0.338028944867 0.000680125619005
v -0.357460350722 -0.338049142166 0.00101915251686
v -0.371662776355 -0.351254687165 0.00101915251686
v -0.37168449834 -0.351274884465 0.000680125619005
v -0.371697542125 -0.351287012696 0.000340270092849
v -0.371884977161 -0.351461291503 0
v -0.371880515935 -0.351457143414 -0.000348994967025
v -0.371867137694 -0.351444704203 -0.000697564737441
v -0.371844858735 -0.351423989024 -0.00104528463268
v -0.357278268342 -0.337879840307 -0.00104528463268
v -0.357255989383 -0.337859125128 -0.000697564737441
v -0.357242611141 -0.337846685917 -0.000348994967025
v -0.357238149916 -0.337842537829 -1.22464679915e-18
v -0.357242611141 -0.337846685917 0.000348994967025
v -0.357255989383 -0.337859125128 0.000697564737441
v -0.357278268342 -0.337879840307 0.00104528463268
v -0.371844858735 -0.351423989024 0.00104528463268
v -0.371867137694 -0.351444704203 0.000697564737441
v -0.371880515935 -0.351457143414 0.000348994967025
v -0.369774510594 -0.352992590227 0
v -0.369770296459 -0.352988623857 -0.000331545218674
v -0.369757659187 -0.35297672958 -0.000662686500569
v -0.355943129439 -0.339974409963 -0.000331545218674
v -0.355938915303 -0.339970443593 -1.16341445919e-18
v -0.355943129439 -0.339974409963 0.000331545218674
v -0.355955766711 -0.339986304241 0.000662686500569
v -0.355976811723 -0.340006111934 0.000993020401043
v -0.356006238834 -0.340033808911 0.00132214445912
v -0.369707187063 -0.352929224909 0.00132214445912
v -0.369736614175 -0.352956921886 0.000993020401043
v -0.369757659187 -0.35297672958 0.000662686500569
v -0.369770296459 -0.352988623857 0.000331545218674
v -0.369956557901 -0.353163934262 0
v -0.369952232867 -0.353159863513 -0.000340270092849
v -0.369939263035 -0.353147656229 -0.000680125619005
v -0.355761193031 -0.339803170307 -0.000340270092849
v -0.355756867997 -0.339799099559 -1.19403062917e-18
v -0.355761193031 -0.339803170307 0.000340270092849
v -0.355774162862 -0.339815377591 0.000680125619005
v -0.35579576169 -0.33983570654 0.00101915251686
v -0.3558259632 -0.339864132385 0.00135693773436
v -0.369887462698 -0.353098901435 0.00135693773436
v -0.369917664207 -0.35312732728 0.00101915251686
v -0.369939263035 -0.353147656229 0.000680125619005
v -0.369952232867 -0.353159863513 0.000340270092849
v -0.370138605207 -0.353335278296 0
v -0.370134169275 -0.35333110317 -0.000348994967025
v -0.370120866883 -0.353318582878 -0.000697564737441
v -0.355579256622 -0.33963193065 -0.000348994967025
v -0.35557482069 -0.339627755524 -1.22464679915e-18
v -0.355579256622 -0.33963193065 0.000348994967025
v -0.355592559014 -0.339644450942 0.000697564737441
v -0.355614711658 -0.339665301146 0.00104528463268
v -0.370067738332 -0.353268577962 0.0013917310096
v -0.370098714239 -0.353297732674 0.00104528463268
v -0.370120866883 -0.353318582878 0.000697564737441
v -0.370134169275 -0.35333110317 0.000348994967025
v -0.367995603376 -0.354863858872 0
v -0.36799142326 -0.354859856664 -0.000331545218674
v -0.354288416091 -0.341740057044 -0.000662686500569
v -0.354275880838 -0.341728055298 -0.000331545218674
v -0.354271700723 -0.34172405309 -1.16341445919e-18
v -0.354275880838 -0.341728055298 0.000331545218674
v -0.354288416091 -0.341740057044 0.000662686500569
v -0.35430929121 -0.341760043706 0.000993020401043
v -0.367958012888 -0.354827868256 0.000993020401043
v -0.367978888007 -0.354847854919 0.000662686500569
v -0.36799142326 -0.354859856664 0.000331545218674
v -0.368176181042 -0.355036751053 0
v -0.368171890924 -0.355032643525 -0.000340270092849
v -0.354108278303 -0.341567586019 -0.000680125619005
v -0.354095413175 -0.341555268438 -0.000340270092849
v -0.354091123056 -0.341551160909 -1.19403062917e-18
v -0.354095413175 -0.341555268438 0.000340270092849
v -0.354108278303 -0.341567586019 0.000680125619005
v -0.354129702767 -0.341588098646 0.00101915251686
v -0.368137601331 -0.354999813316 0.00101915251686
v -0.368159025796 -0.355020325943 0.000680125619005
v -0.368171890924 -0.355032643525 0.000340270092849
v -0.368356758709 -0.355209643234 0
v -0.368352358587 -0.355205430385 -0.000348994967025
v -0.353914945511 -0.341382481578 -0.000348994967025
v -0.35391054539 -0.341378268728 -1.22464679915e-18
v -0.353914945511 -0.341382481578 0.000348994967025
v -0.353928140515 -0.341395114994 0.000697564737441
v -0.353950114324 -0.341416153586 0.00104528463268
v -0.368317189775 -0.355171758376 0.00104528463268
v -0.368339163584 -0.355192796968 0.000697564737441
v -0.368352358587 -0.355205430385 0.000348994967025
v -0.366226163309 -0.356698992479 0
v -0.366222003656 -0.356694969008 -0.000331545218674
v -0.366209529765 -0.356682903498 -0.000662686500569
v -0.366188756835 -0.356662810649 -0.000993020401043
v -0.352606848539 -0.34352555793 -0.000993020401043
v -0.352586075609 -0.343505465081 -0.000662686500569
v -0.352573601718 -0.343493399571 -0.000331545218674
v -0.352569442065 -0.3434893761 -1.16341445919e-18
v -0.352573601718 -0.343493399571 0.000331545218674
v -0.366222003656 -0.356694969008 0.000331545218674
v -0.366405857009 -0.356872803221 0
v -0.366401587892 -0.356868673869 -0.000340270092849
v -0.366388785741 -0.356856290846 -0.000680125619005
v -0.366367466154 -0.356835669237 -0.00101915251686
v -0.352428139219 -0.343352699342 -0.00101915251686
v -0.352406819633 -0.343332077733 -0.000680125619005
v -0.352394017482 -0.34331969471 -0.000340270092849
v -0.352389748365 -0.343315565358 -1.19403062917e-18
v -0.352394017482 -0.34331969471 0.000340270092849
v -0.366401587892 -0.356868673869 0.000340270092849
v -0.36658555071 -0.357046613963 0
v -0.366581172128 -0.35704237873 -0.000348994967025
v -0.366568041717 -0.357029678193 -0.000697564737441
v -0.366546175474 -0.357008527825 -0.00104528463268
v -0.3522494299 -0.343179840753 -0.00104528463268
v -0.352227563657 -0.343158690385 -0.000697564737441
v -0.352214433246 -0.343145989849 -0.000348994967025
v -0.352210054664 -0.343141754616 -1.22464679915e-18
v -0.352214433246 -0.343145989849 0.000348994967025
v -0.366581172128 -0.35704237873 0.000348994967025
v -0.364444459924 -0.358535123309 0
v -0.364440324781 -0.358531074653 -0.000331545218674
v -0.350872341718 -0.34524686799 -0.000331545218674
v -0.350868206575 -0.345242819333 -1.16341445919e-18
v -0.350872341718 -0.34524686799 0.000331545218674
v -0.35088474211 -0.345259009026 0.000662686500569
v -0.350905392643 -0.345279227649 0.000993020401043
v -0.364407273856 -0.358498714993 0.000993020401043
v -0.364427924389 -0.358518933617 0.000662686500569
v -0.364440324781 -0.358531074653 0.000331545218674
v -0.364623094837 -0.358710022046 0
v -0.364618850874 -0.358705866846 -0.000340270092849
v -0.350693815625 -0.345072075797 -0.000340270092849
v -0.350689571662 -0.345067920597 -1.19403062917e-18
v -0.350693815625 -0.345072075797 0.000340270092849
v -0.350706542343 -0.345084536334 0.000680125619005
v -0.364584930188 -0.358672655616 0.00101915251686
v -0.364606124156 -0.358693406309 0.000680125619005
v -0.364618850874 -0.358705866846 0.000340270092849
v -0.364801729749 -0.358884920782 0
v -0.364797376967 -0.358880659039 -0.000348994967025
v -0.350515289532 -0.344897283604 -0.000348994967025
v -0.35051093675 -0.34489302186 -1.22464679915e-18
v -0.350515289532 -0.344897283604 0.000348994967025
v -0.350528342577 -0.344910063642 0.000697564737441
v -0.36476258652 -0.358846596239 0.00104528463268
v -0.364784323923 -0.358867879001 0.000697564737441
v -0.364797376967 -0.358880659039 0.000348994967025
v -0.362632862017 -0.360368859224 0
v -0.362628759778 -0.360364777231 -0.000331545218674
v -0.349168741874 -0.346971188127 -0.000331545218674
v -0.349164639635 -0.346967106134 -1.16341445919e-18
v -0.349168741874 -0.346971188127 0.000331545218674
v -0.362628759778 -0.360364777231 0.000331545218674
v -0.362810075469 -0.36054519808 0
v -0.362805865277 -0.360541008667 -0.000340270092849
v -0.348991636375 -0.346794956692 -0.000340270092849
v -0.348987426183 -0.346790767278 -1.19403062917e-18
v -0.348991636375 -0.346794956692 0.000340270092849
v -0.362805865277 -0.360541008667 0.000340270092849
v -0.362987288922 -0.360721536937 0
v -0.362982970776 -0.360717240102 -0.000348994967025
v -0.348814530877 -0.346618725256 -0.000348994967025
v -0.348810212731 -0.346614428421 -1.22464679915e-18
v -0.348814530877 -0.346618725256 0.000348994967025
v -0.362982970776 -0.360717240102 0.000348994967025
v -0.360815849523 -0.362181846696 0
v -0.360811775748 -0.362177736296 -0.000331545218674
v -0.360799559388 -0.362165410104 -0.000662686500569
v -0.347457368622 -0.348703265699 -0.000662686500569
v -0.347445152262 -0.348690939506 -0.000331545218674
v -0.347441078487 -0.348686829106 -1.16341445919e-18
v -0.347445152262 -0.348690939506 0.000331545218674
v -0.347457368622 -0.348703265699 0.000662686500569
v -0.347477712685 -0.348723792666 0.000993020401043
v -0.347506159664 -0.348752495398 0.00132214445912
v -0.3475426749 -0.348789338927 0.00164965768784
v -0.360714253111 -0.362079336876 0.00164965768784
v -0.360750768347 -0.362116180404 0.00132214445912
v -0.360779215325 -0.362144883137 0.000993020401043
v -0.360799559388 -0.362165410104 0.000662686500569
v -0.360811775748 -0.362177736296 0.000331545218674
v -0.360991833352 -0.362359412717 0
v -0.360987652373 -0.362355194149 -0.000340270092849
v -0.36097511453 -0.362342543583 -0.000680125619005
v -0.347281813481 -0.34852613222 -0.000680125619005
v -0.347269275637 -0.348513481654 -0.000340270092849
v -0.347265094658 -0.348509263085 -1.19403062917e-18
v -0.347269275637 -0.348513481654 0.000340270092849
v -0.347281813481 -0.34852613222 0.000680125619005
v -0.347302692913 -0.34854719937 0.00101915251686
v -0.347331888497 -0.348576657438 0.00135693773436
v -0.34736936466 -0.348614470532 0.00169306973225
v -0.36088756335 -0.36225420527 0.00169306973225
v -0.360925039514 -0.362292018365 0.00135693773436
v -0.360954235097 -0.362321476433 0.00101915251686
v -0.36097511453 -0.362342543583 0.000680125619005
v -0.360987652373 -0.362355194149 0.000340270092849
v -0.361167817182 -0.362536978738 0
v -0.361163528998 -0.362532652001 -0.000348994967025
v -0.361150669671 -0.362519677062 -0.000697564737441
v -0.347106258339 -0.348348998741 -0.000697564737441
v -0.347093399012 -0.348336023801 -0.000348994967025
v -0.347089110829 -0.348331697065 -1.22464679915e-18
v -0.347093399012 -0.348336023801 0.000348994967025
v -0.347106258339 -0.348348998741 0.000697564737441
v -0.347127673142 -0.348370606074 0.00104528463268
v -0.34715761733 -0.348400819477 0.0013917310096
v -0.347196054421 -0.348439602138 0.00173648177667
v -0.36106087359 -0.362429073664 0.00173648177667
v -0.361099310681 -0.362467856326 0.0013917310096
v -0.361129254869 -0.362498069728 0.00104528463268
v -0.361150669671 -0.362519677062 0.000697564737441
v -0.361163528998 -0.362532652001 0.000348994967025
v -0.359007459891 -0.363962179507 0
v -0.359003402108 -0.36395805332 -0.000331545218674
v -0.358991233702 -0.363945679784 -0.000662686500569
v -0.358970969499 -0.363925073976 -0.000993020401043
v -0.345721681412 -0.350452434772 -0.000993020401043
v -0.345701417209 -0.350431828964 -0.000662686500569
v -0.345689248804 -0.350419455428 -0.000331545218674
v -0.34568519102 -0.350415329241 -1.16341445919e-18
v -0.345689248804 -0.350419455428 0.000331545218674
v -0.345701417209 -0.350431828964 0.000662686500569
v -0.345721681412 -0.350452434772 0.000993020401043
v -0.345750016723 -0.350481247749 0.00132214445912
v -0.358942634188 -0.363896261 0.00132214445912
v -0.358970969499 -0.363925073976 0.000993020401043
v -0.358991233702 -0.363945679784 0.000662686500569
v -0.359003402108 -0.36395805332 0.000331545218674
v -0.359182752902 -0.364140427537 0
v -0.359178588335 -0.364136192766 -0.000340270092849
v -0.359166099708 -0.364123493611 -0.000680125619005
v -0.359145302237 -0.364102345544 -0.00101915251686
v -0.345547348674 -0.350275163204 -0.00101915251686
v -0.345526551203 -0.350254015137 -0.000680125619005
v -0.345514062576 -0.350241315982 -0.000340270092849
v -0.345509898009 -0.350237081211 -1.19403062917e-18
v -0.345514062576 -0.350241315982 0.000340270092849
v -0.345526551203 -0.350254015137 0.000680125619005
v -0.345547348674 -0.350275163204 0.00101915251686
v -0.345576429651 -0.350304734416 0.00135693773436
v -0.35911622126 -0.364072774332 0.00135693773436
v -0.359145302237 -0.364102345544 0.00101915251686
v -0.359166099708 -0.364123493611 0.000680125619005
v -0.359178588335 -0.364136192766 0.000340270092849
v -0.359358045914 -0.364318675567 0
v -0.359353774563 -0.364314332212 -0.000348994967025
v -0.359340965715 -0.364301307437 -0.000697564737441
v -0.359319634975 -0.364279617113 -0.00104528463268
v -0.345373015936 -0.350097891635 -0.00104528463268
v -0.345351685196 -0.350076201311 -0.000697564737441
v -0.345338876348 -0.350063176536 -0.000348994967025
v -0.345334604998 -0.350058833181 -1.22464679915e-18
v -0.345338876348 -0.350063176536 0.000348994967025
v -0.345351685196 -0.350076201311 0.000697564737441
v -0.345373015936 -0.350097891635 0.00104528463268
v -0.345402842579 -0.350128221084 0.0013917310096
v -0.359289808332 -0.364249287664 0.0013917310096
v -0.359319634975 -0.364279617113 0.00104528463268
v -0.359340965715 -0.364301307437 0.000697564737441
v -0.359353774563 -0.364314332212 0.000348994967025
v -0.35721158412 -0.365726439998 0
v -0.357207533596 -0.365722306684 -0.000331545218674
v -0.357195386958 -0.365709911779 -0.000662686500569
v -0.343929344888 -0.352172721738 -0.000662686500569
v -0.343917198251 -0.352160326832 -0.000331545218674
v -0.343913147727 -0.352156193519 -1.16341445919e-18
v -0.343917198251 -0.352160326832 0.000331545218674
v -0.343929344888 -0.352172721738 0.000662686500569
v -0.34394957284 -0.352193363134 0.000993020401043
v -0.343977857461 -0.352222225872 0.00132214445912
v -0.357146874385 -0.365660407645 0.00132214445912
v -0.357175159007 -0.365689270383 0.000993020401043
v -0.357195386958 -0.365709911779 0.000662686500569
v -0.357207533596 -0.365722306684 0.000331545218674
v -0.357386563546 -0.365904995873 0
v -0.357382406429 -0.365900753788 -0.000340270092849
v -0.357369940143 -0.3658880327 -0.000680125619005
v -0.343754791703 -0.351994600816 -0.000680125619005
v -0.343742325418 -0.351981879729 -0.000340270092849
v -0.343738168301 -0.351977637644 -1.19403062917e-18
v -0.343742325418 -0.351981879729 0.000340270092849
v -0.343754791703 -0.351994600816 0.000680125619005
v -0.343775551969 -0.352015785407 0.00101915251686
v -0.343804580923 -0.35204540769 0.00135693773436
v -0.357320150924 -0.365837225826 0.00135693773436
v -0.357349179877 -0.36586684811 0.00101915251686
v -0.357369940143 -0.3658880327 0.000680125619005
v -0.357382406429 -0.365900753788 0.000340270092849
v -0.357561542972 -0.366083551747 0
v -0.357557279263 -0.366079200891 -0.000348994967025
v -0.357544493329 -0.366066153622 -0.000697564737441
v -0.343580238518 -0.351816479895 -0.000697564737441
v -0.343567452584 -0.351803432626 -0.000348994967025
v -0.343563188875 -0.351799081769 -1.22464679915e-18
v -0.343567452584 -0.351803432626 0.000348994967025
v -0.343580238518 -0.351816479895 0.000697564737441
v -0.343601531099 -0.35183820768 0.00104528463268
v -0.343631304384 -0.351868589509 0.0013917310096
v -0.357493427462 -0.366014044007 0.0013917310096
v -0.357523200748 -0.366044425837 0.00104528463268
v -0.357544493329 -0.366066153622 0.000697564737441
v -0.357557279263 -0.366079200891 0.000348994967025
v -0.355405984897 -0.367491494875 0
v -0.355401944914 -0.367487351257 -0.000331545218674
v -0.355389829887 -0.367474925453 -0.000662686500569
v -0.342158311975 -0.353903988855 -0.000662686500569
v -0.342146196948 -0.353891563051 -0.000331545218674
v -0.342142156966 -0.353887419433 -1.16341445919e-18
v -0.342146196948 -0.353891563051 0.000331545218674
v -0.342158311975 -0.353903988855 0.000662686500569
v -0.342178487284 -0.353924681707 0.000993020401043
v -0.355369654578 -0.3674542326 0.000993020401043
v -0.355389829887 -0.367474925453 0.000662686500569
v -0.355401944914 -0.367487351257 0.000331545218674
v -0.355580508948 -0.367670495867 0
v -0.35557636265 -0.367666243207 -0.000340270092849
v -0.341984213055 -0.3537254239 -0.000680125619005
v -0.341971779212 -0.353712671101 -0.000340270092849
v -0.341967632914 -0.35370841844 -1.19403062917e-18
v -0.341971779212 -0.353712671101 0.000340270092849
v -0.341984213055 -0.3537254239 0.000680125619005
v -0.342004919294 -0.353746661301 0.00101915251686
v -0.355543222569 -0.367632253007 0.00101915251686
v -0.355563928807 -0.367653490408 0.000680125619005
v -0.35557636265 -0.367666243207 0.000340270092849
v -0.355755033 -0.36784949686 0
v -0.355750780386 -0.367845135157 -0.000348994967025
v -0.341810114135 -0.353546858945 -0.000697564737441
v -0.341797361476 -0.353533779151 -0.000348994967025
v -0.341793108862 -0.353529417448 -1.22464679915e-18
v -0.341797361476 -0.353533779151 0.000348994967025
v -0.341810114135 -0.353546858945 0.000697564737441
v -0.341831351303 -0.353568640894 0.00104528463268
v -0.355716790559 -0.367810273413 0.00104528463268
v -0.355738027727 -0.367832055363 0.000697564737441
v -0.355750780386 -0.367845135157 0.000348994967025
v -0.353591344435 -0.369256110187 0
v -0.353587317719 -0.369251953676 -0.000331545218674
v -0.353575242476 -0.369239489208 -0.000662686500569
v -0.340387173911 -0.355626325214 -0.000662686500569
v -0.340375098668 -0.355613860745 -0.000331545218674
v -0.340371071951 -0.355609704234 -1.16341445919e-18
v -0.340375098668 -0.355613860745 0.000331545218674
v -0.340387173911 -0.355626325214 0.000662686500569
v -0.353575242476 -0.369239489208 0.000662686500569
v -0.353587317719 -0.369251953676 0.000331545218674
v -0.353765295389 -0.36943566816 0
v -0.353761162707 -0.369431402268 -0.000340270092849
v -0.353748769694 -0.369418609787 -0.000680125619005
v -0.340213646693 -0.355447204635 -0.000680125619005
v -0.34020125368 -0.355434412154 -0.000340270092849
v -0.340197120997 -0.355430146261 -1.19403062917e-18
v -0.34020125368 -0.355434412154 0.000340270092849
v -0.353748769694 -0.369418609787 0.000680125619005
v -0.353761162707 -0.369431402268 0.000340270092849
v -0.353939246343 -0.369615226133 0
v -0.353935007694 -0.369610850859 -0.000348994967025
v -0.353922296912 -0.369597730366 -0.000697564737441
v -0.340040119475 -0.355268084056 -0.000697564737441
v -0.340027408693 -0.355254963562 -0.000348994967025
v -0.340023170044 -0.355250588288 -1.22464679915e-18
v -0.340027408693 -0.355254963562 0.000348994967025
v -0.353922296912 -0.369597730366 0.000697564737441
v -0.353935007694 -0.369610850859 0.000348994967025
v -0.351752124705 -0.371031100611 0
v -0.351748122231 -0.371026920751 -0.000331545218674
v -0.351736119685 -0.371014386263 -0.000662686500569
v -0.351716131691 -0.37099351242 -0.000993020401043
v -0.3516881826 -0.370964324652 -0.00132214445912
v -0.338675385353 -0.357374812375 -0.00132214445912
v -0.338647436263 -0.357345624607 -0.000993020401043
v -0.338627448268 -0.357324750764 -0.000662686500569
v -0.338615445723 -0.357312216277 -0.000331545218674
v -0.338611443249 -0.357308036417 -1.16341445919e-18
v -0.338615445723 -0.357312216277 0.000331545218674
v -0.351748122231 -0.371026920751 0.000331545218674
v -0.351925028408 -0.371211667245 0
v -0.351920920606 -0.371207377388 -0.000340270092849
v -0.351908602204 -0.371194513046 -0.000680125619005
v -0.35188808821 -0.371173089891 -0.00101915251686
v -0.351859403617 -0.371143134024 -0.00135693773436
v -0.338504164337 -0.357196003003 -0.00135693773436
v -0.338475479744 -0.357166047136 -0.00101915251686
v -0.33845496575 -0.357144623981 -0.000680125619005
v -0.338442647348 -0.357131759639 -0.000340270092849
v -0.338438539545 -0.357127469783 -1.19403062917e-18
v -0.338442647348 -0.357131759639 0.000340270092849
v -0.351920920606 -0.371207377388 0.000340270092849
v -0.352097932112 -0.371392233879 0
v -0.352093718981 -0.371387834026 -0.000348994967025
v -0.352081084722 -0.371374639829 -0.000697564737441
v -0.352060044728 -0.371352667362 -0.00104528463268
v -0.352030624633 -0.371321943396 -0.0013917310096
v -0.33833294332 -0.357017193631 -0.0013917310096
v -0.338303523225 -0.356986469665 -0.00104528463268
v -0.338282483231 -0.356964497198 -0.000697564737441
v -0.338269848972 -0.356951303001 -0.000348994967025
v -0.338265635842 -0.356946903148 -1.22464679915e-18
v -0.338269848972 -0.356951303001 0.000348994967025
v -0.352093718981 -0.371387834026 0.000348994967025
v -0.349876240534 -0.372813226679 0
v -0.336861303153 -0.358970849536 -1.16341445919e-18
v -0.336865267328 -0.358975065737 0.000331545218674
v -0.34987227636 -0.372809010478 0.000331545218674
v -0.35004748971 -0.37299536322 0
v -0.336690053977 -0.358788712994 -1.19403062917e-18
v -0.336694122472 -0.358793040148 0.000340270092849
v -0.350043421216 -0.372991036067 0.000340270092849
v -0.350218738886 -0.373177499762 0
v -0.336518804801 -0.358606576453 -1.22464679915e-18
v -0.336522977616 -0.358611014559 0.000348994967025
v -0.350214566071 -0.373173061655 0.000348994967025
v -0.347988781674 -0.374569595792 0
v -0.347984852012 -0.374565347407 -0.000331545218674
v -0.347973067811 -0.374552607426 -0.000662686500569
v -0.335102863777 -0.360638541359 -0.000662686500569
v -0.335091079576 -0.360625801379 -0.000331545218674
v -0.335087149913 -0.360621552994 -1.16341445919e-18
v -0.335091079576 -0.360625801379 0.000331545218674
v -0.347984852012 -0.374565347407 0.000331545218674
v -0.348158539987 -0.374753122671 0
v -0.348154506912 -0.374748762486 -0.000340270092849
v -0.348142412601 -0.374735687243 -0.000680125619005
v -0.334933518987 -0.360455461543 -0.000680125619005
v -0.334921424676 -0.3604423863 -0.000340270092849
v -0.334917391601 -0.360438026115 -1.19403062917e-18
v -0.334921424676 -0.3604423863 0.000340270092849
v -0.348154506912 -0.374748762486 0.000340270092849
v -0.3483282983 -0.37493664955 0
v -0.348324161813 -0.374932177565 -0.000348994967025
v -0.348311757391 -0.37491876706 -0.000697564737441
v -0.334764174197 -0.360272381726 -0.000697564737441
v -0.334751769775 -0.36025897122 -0.000348994967025
v -0.334747633288 -0.360254499236 -1.22464679915e-18
v -0.348324161813 -0.374932177565 0.000348994967025
v -0.346124241669 -0.376284098753 0
v -0.346120326425 -0.376279837075 -0.000331545218674
v -0.346108585463 -0.376267057236 -0.000662686500569
v -0.333285605441 -0.362309458239 -0.000662686500569
v -0.333273864479 -0.362296678399 -0.000331545218674
v -0.333269949236 -0.362292416722 -1.16341445919e-18
v -0.333273864479 -0.362296678399 0.000331545218674
v -0.346120326425 -0.376279837075 0.000331545218674
v -0.346293377095 -0.376468199832 0
v -0.346289358819 -0.376463826005 -0.000340270092849
v -0.346277308885 -0.376450709854 -0.000680125619005
v -0.333116882019 -0.362125805621 -0.000680125619005
v -0.333104832085 -0.362112689469 -0.000340270092849
v -0.333100813809 -0.362108315643 -1.19403062917e-18
v -0.333104832085 -0.362112689469 0.000340270092849
v -0.346289358819 -0.376463826005 0.000340270092849
v -0.346462512522 -0.376652300911 0
v -0.346458391213 -0.376647814935 -0.000348994967025
v -0.346446032306 -0.376634362472 -0.000697564737441
v -0.332948158598 -0.361942153002 -0.000697564737441
v -0.332935799691 -0.361928700539 -0.000348994967025
v -0.332931678382 -0.361924214563 -1.22464679915e-18
v -0.332935799691 -0.361928700539 0.000348994967025
v -0.346458391213 -0.376647814935 0.000348994967025
v -0.344260524409 -0.377994795414 0
v -0.344256622197 -0.377990521801 -0.000331545218674
v -0.344244920314 -0.377977706169 -0.000662686500569
v -0.331464620251 -0.363981016678 -0.000662686500569
v -0.331452918368 -0.363968201047 -0.000331545218674
v -0.331449016155 -0.363963927434 -1.16341445919e-18
v -0.331452918368 -0.363968201047 0.000331545218674
v -0.331464620251 -0.363981016678 0.000662686500569
v -0.344244920314 -0.377977706169 0.000662686500569
v -0.344256622197 -0.377990521801 0.000331545218674
v -0.344429096886 -0.378179412098 0
v -0.344425091984 -0.378175026021 -0.000340270092849
v -0.344413082157 -0.378161873136 -0.000680125619005
v -0.331296458408 -0.363796849711 -0.000680125619005
v -0.331284448581 -0.363783696826 -0.000340270092849
v -0.331280443678 -0.36377931075 -1.19403062917e-18
v -0.331284448581 -0.363783696826 0.000340270092849
v -0.331296458408 -0.363796849711 0.000680125619005
v -0.344413082157 -0.378161873136 0.000680125619005
v -0.344425091984 -0.378175026021 0.000340270092849
v -0.344597669363 -0.378364028782 0
v -0.344593561771 -0.378359530242 -0.000348994967025
v -0.344581244 -0.378346040103 -0.000697564737441
v -0.331128296565 -0.363612682744 -0.000697564737441
v -0.331115978793 -0.363599192606 -0.000348994967025
v -0.331111871201 -0.363594694066 -1.22464679915e-18
v -0.331115978793 -0.363599192606 0.000348994967025
v -0.331128296565 -0.363612682744 0.000697564737441
v -0.344581244 -0.378346040103 0.000697564737441
v -0.344593561771 -0.378359530242 0.000348994967025
v -0.342390917994 -0.379692991713 1.90644875394e-19
v -0.34238702701 -0.379688707875 -0.000331545218674
v -0.342375358798 -0.379675861579 -0.000662686500569
v -0.329631832609 -0.36564568244 -0.000662686500569
v -0.329620164397 -0.365632836145 -0.000331545218674
v -0.329616273412 -0.365628552306 -9.72769583796e-19
v -0.329620164397 -0.365632836145 0.000331545218674
v -0.329631832609 -0.36564568244 0.000662686500569
v -0.342375358798 -0.379675861579 0.000662686500569
v -0.34238702701 -0.379688707875 0.000331545218674
v -0.342559005422 -0.379878050126 1.90644875394e-19
v -0.342555012044 -0.379873653555 -0.000340270092849
v -0.342543036774 -0.3798604692 -0.000680125619005
v -0.329464154632 -0.36546107482 -0.000680125619005
v -0.329452179362 -0.365447890464 -0.000340270092849
v -0.329448185984 -0.365443493893 -1.00338575378e-18
v -0.329452179362 -0.365447890464 0.000340270092849
v -0.329464154632 -0.36546107482 0.000680125619005
v -0.342543036774 -0.3798604692 0.000680125619005
v -0.342555012044 -0.379873653555 0.000340270092849
v -0.342727092851 -0.38006310854 1.90644875394e-19
v -0.342722997078 -0.380058599236 -0.000348994967025
v -0.34271071475 -0.38004507682 -0.000697564737441
v -0.329296476656 -0.3652764672 -0.000697564737441
v -0.329284194328 -0.365262944783 -0.000348994967025
v -0.329280098555 -0.36525843548 -1.03400192375e-18
v -0.329284194328 -0.365262944783 0.000348994967025
v -0.329296476656 -0.3652764672 0.000697564737441
v -0.34271071475 -0.38004507682 0.000697564737441
v -0.342722997078 -0.380058599236 0.000348994967025
v 0.154039706486 0.488754829982 0
v 0.148919125858 0.470457845148 -1.16341445919e-18
v 0.148920685518 0.470463418162 0.000331545218674
v 0.154038146826 0.488749256968 0.000331545218674
v 0.154107082547 0.488995579783 0
v 0.148851749797 0.470217095347 -1.19403062917e-18
v 0.1488533505 0.47022281502 0.000340270092849
v 0.154105481843 0.48898986011 0.000340270092849
v 0.154174458608 0.489236329583 0
v 0.148784373736 0.469976345547 -1.22464679915e-18
v 0.148786015483 0.469982211878 0.000348994967025
v 0.154172816861 0.489230463252 0.000348994967025
v 0.151597798985 0.489438153757 0
v 0.151596259822 0.489432575047 -0.000331545218674
v 0.151591644208 0.489415845714 -0.000662686500569
v 0.151583957766 0.489387986139 -0.000993020401043
v 0.151573209862 0.489349030267 -0.00132214445912
v 0.146569100556 0.471211593123 -0.00132214445912
v 0.146558352651 0.47117263725 -0.000993020401043
v 0.146550666209 0.471144777676 -0.000662686500569
v 0.146546050595 0.471128048343 -0.000331545218674
v 0.146544511432 0.471122469633 -1.16341445919e-18
v 0.151664289611 0.4896791496 0
v 0.151662709943 0.489673424082 -0.000340270092849
v 0.151657972866 0.489656254503 -0.000680125619005
v 0.151650084149 0.489627661783 -0.00101915251686
v 0.146492226268 0.470932961607 -0.00101915251686
v 0.146484337551 0.470904368886 -0.000680125619005
v 0.146479600474 0.470887199308 -0.000340270092849
v 0.146478020806 0.470881473789 -1.19403062917e-18
v 0.151730780237 0.489920145444 0
v 0.151729160065 0.489914273118 -0.000348994967025
v 0.151724301524 0.489896663293 -0.000697564737441
v 0.151716210532 0.489867337426 -0.00104528463268
v 0.146426099885 0.470693285964 -0.00104528463268
v 0.146418008893 0.470663960096 -0.000697564737441
v 0.146413150352 0.470646350272 -0.000348994967025
v 0.146411530181 0.470640477946 -1.22464679915e-18
v 0.149117928446 0.490112551377 0
v 0.149116429936 0.49010696161 -0.000331545218674
v 0.144199609462 0.471766154989 -0.000331545218674
v 0.144198110952 0.471760565222 -1.16341445919e-18
v 0.144199609462 0.471766154989 0.000331545218674
v 0.144204103167 0.47178291748 0.000662686500569
v 0.14421158659 0.471810832272 0.000993020401043
v 0.144222050615 0.471849865356 0.00132214445912
v 0.149093988783 0.490023251243 0.00132214445912
v 0.149104452809 0.490062284326 0.000993020401043
v 0.149111936232 0.490090199119 0.000662686500569
v 0.149116429936 0.49010696161 0.000331545218674
v 0.149182662887 0.490354024879 0
v 0.149181124942 0.490348288013 -0.000340270092849
v 0.144134914456 0.471524828586 -0.000340270092849
v 0.144133376512 0.47151909172 -1.19403062917e-18
v 0.144134914456 0.471524828586 0.000340270092849
v 0.144139526416 0.471542032195 0.000680125619005
v 0.144147206771 0.471570681587 0.00101915251686
v 0.144157946166 0.471610741857 0.00135693773436
v 0.149158093233 0.490262374741 0.00135693773436
v 0.149168832627 0.490302435011 0.00101915251686
v 0.149176512983 0.490331084403 0.000680125619005
v 0.149181124942 0.490348288013 0.000340270092849
v 0.149247397327 0.490595498381 0
v 0.149245819949 0.490589614415 -0.000348994967025
v 0.14407021945 0.471283502183 -0.000348994967025
v 0.144068642071 0.471277618218 -1.22464679915e-18
v 0.14407021945 0.471283502183 0.000348994967025
v 0.144074949665 0.47130114691 0.000697564737441
v 0.144082826953 0.471330530902 0.00104528463268
v 0.144093841716 0.471371618359 0.0013917310096
v 0.149222197682 0.49050149824 0.0013917310096
v 0.149233212446 0.490542585696 0.00104528463268
v 0.149241089734 0.490571969688 0.000697564737441
v 0.149245819949 0.490589614415 0.000348994967025
v 0.146645667135 0.490765813642 0
v 0.14664420179 0.490760215089 -0.000331545218674
v 0.146639807542 0.490743426252 -0.000662686500569
v 0.146632489744 0.490715467584 -0.000993020401043
v 0.141847913934 0.472435328738 -0.000993020401043
v 0.141840596136 0.47240737007 -0.000662686500569
v 0.141836201888 0.472390581233 -0.000331545218674
v 0.141834736544 0.47238498268 -1.16341445919e-18
v 0.141836201888 0.472390581233 0.000331545218674
v 0.141840596136 0.47240737007 0.000662686500569
v 0.146639807542 0.490743426252 0.000662686500569
v 0.14664420179 0.490760215089 0.000331545218674
v 0.146708968853 0.491007666681 0
v 0.146707464947 0.491001920798 -0.000340270092849
v 0.146702955061 0.490984690149 -0.000680125619005
v 0.141777448618 0.472166106173 -0.000680125619005
v 0.141772938732 0.472148875524 -0.000340270092849
v 0.141771434825 0.472143129641 -1.19403062917e-18
v 0.141772938732 0.472148875524 0.000340270092849
v 0.141777448618 0.472166106173 0.000680125619005
v 0.146702955061 0.490984690149 0.000680125619005
v 0.146707464947 0.491001920798 0.000340270092849
v 0.146772270571 0.49124951972 0
v 0.146770728103 0.491243626506 -0.000348994967025
v 0.146766102579 0.491225954046 -0.000697564737441
v 0.141714301099 0.471924842276 -0.000697564737441
v 0.141709675575 0.471907169816 -0.000348994967025
v 0.141708133107 0.471901276602 -1.22464679915e-18
v 0.141709675575 0.471907169816 0.000348994967025
v 0.141714301099 0.471924842276 0.000697564737441
v 0.146766102579 0.491225954046 0.000697564737441
v 0.146770728103 0.491243626506 0.000348994967025
v 0.14417485985 0.491406359017 0
v 0.144173424993 0.491400752573 -0.000331545218674
v 0.144169122169 0.491383940072 -0.000662686500569
v 0.139469760689 0.473022039623 -0.000662686500569
v 0.139465457865 0.473005227122 -0.000331545218674
v 0.139464023008 0.472999620679 -1.16341445919e-18
v 0.139465457865 0.473005227122 0.000331545218674
v 0.139469760689 0.473022039623 0.000662686500569
v 0.139476926236 0.473050037698 0.000993020401043
v 0.144161956621 0.491355941997 0.000993020401043
v 0.144169122169 0.491383940072 0.000662686500569
v 0.144173424993 0.491400752573 0.000331545218674
v 0.144236844545 0.491648552942 0
v 0.144235371928 0.49164279896 -0.000340270092849
v 0.144230955873 0.491625544025 -0.000680125619005
v 0.139407926985 0.47278043567 -0.000680125619005
v 0.139403510929 0.472763180735 -0.000340270092849
v 0.139402038313 0.472757426753 -1.19403062917e-18
v 0.139403510929 0.472763180735 0.000340270092849
v 0.139407926985 0.47278043567 0.000680125619005
v 0.1394152811 0.472809170536 0.00101915251686
v 0.144223601758 0.491596809159 0.00101915251686
v 0.144230955873 0.491625544025 0.000680125619005
v 0.144235371928 0.49164279896 0.000340270092849
v 0.14429882924 0.491890746868 0
v 0.144297318864 0.491884845348 -0.000348994967025
v 0.144292789576 0.491867147979 -0.000697564737441
v 0.139346093281 0.472538831717 -0.000697564737441
v 0.139341563993 0.472521134347 -0.000348994967025
v 0.139340053617 0.472515232828 -1.22464679915e-18
v 0.139341563993 0.472521134347 0.000348994967025
v 0.139346093281 0.472538831717 0.000697564737441
v 0.139353635963 0.472568303374 0.00104528463268
v 0.144285246895 0.491837676321 0.00104528463268
v 0.144292789576 0.491867147979 0.000697564737441
v 0.144297318864 0.491884845348 0.000348994967025
v 0.141674433967 0.492037914574 0
v 0.141673045295 0.492032296512 -0.000331545218674
v 0.141668880971 0.492015449172 -0.000662686500569
v 0.141661946069 0.491987393078 -0.000993020401043
v 0.137127717746 0.473643554455 -0.000993020401043
v 0.137120782844 0.473615498361 -0.000662686500569
v 0.137116618519 0.473598651021 -0.000331545218674
v 0.137115229847 0.473593032959 -1.16341445919e-18
v 0.141734423495 0.492280610385 0
v 0.141732998279 0.492274844479 -0.000340270092849
v 0.141728724368 0.492257553788 -0.000680125619005
v 0.141721606968 0.492228759376 -0.00101915251686
v 0.137068056847 0.473402188157 -0.00101915251686
v 0.137060939447 0.473373393745 -0.000680125619005
v 0.137056665536 0.473356103054 -0.000340270092849
v 0.13705524032 0.473350337148 -1.19403062917e-18
v 0.141794413023 0.492523306195 0
v 0.141792951263 0.492517392446 -0.000348994967025
v 0.141788567764 0.492499658404 -0.000697564737441
v 0.141781267867 0.492470125674 -0.00104528463268
v 0.137008395948 0.473160821859 -0.00104528463268
v 0.137001096051 0.473131289129 -0.000697564737441
v 0.136996712552 0.473113555087 -0.000348994967025
v 0.136995250792 0.473107641337 -1.22464679915e-18
v 0.139184676792 0.492639963455 0
v 0.134743461452 0.47416631719 -1.16341445919e-18
v 0.134744814186 0.474171944013 0.000331545218674
v 0.13474887074 0.474188817627 0.000662686500569
v 0.134755626173 0.474216917474 0.000993020401043
v 0.13917251207 0.492589363171 0.000993020401043
v 0.139179267503 0.492617463018 0.000662686500569
v 0.139183324057 0.492634336632 0.000331545218674
v 0.139243113835 0.492883037748 0
v 0.134685024408 0.473923242897 -1.19403062917e-18
v 0.13468641274 0.473929017795 0.000340270092849
v 0.134690576046 0.473946335451 0.000680125619005
v 0.134697509253 0.473975174767 0.00101915251686
v 0.13923062899 0.492831105878 0.00101915251686
v 0.139237562197 0.492859945194 0.000680125619005
v 0.139241725503 0.49287726285 0.000340270092849
v 0.139301550879 0.493126112041 0
v 0.134626587364 0.473680168604 -1.22464679915e-18
v 0.134628011295 0.473686091576 0.000348994967025
v 0.134632281352 0.473703853275 0.000697564737441
v 0.134639392333 0.473733432061 0.00104528463268
v 0.139295856891 0.49310242737 0.000697564737441
v 0.139300126949 0.493120189069 0.000348994967025
v 0.136731506107 0.493226409356 0
v 0.136730166108 0.493220779487 -0.000331545218674
v 0.136726147742 0.493203896738 -0.000662686500569
v 0.132337459318 0.474765274221 -0.000662686500569
v 0.132333440953 0.474748391472 -0.000331545218674
v 0.132332100953 0.474742761602 -1.16341445919e-18
v 0.132333440953 0.474748391472 0.000331545218674
v 0.132337459318 0.474765274221 0.000662686500569
v 0.136726147742 0.493203896738 0.000662686500569
v 0.136730166108 0.493220779487 0.000331545218674
v 0.136789393017 0.493469615248 0
v 0.136788017755 0.493463837224 -0.000340270092849
v 0.136783893643 0.493446510192 -0.000680125619005
v 0.132279713418 0.474522660767 -0.000680125619005
v 0.132275589306 0.474505333735 -0.000340270092849
v 0.132274214044 0.474499555711 -1.19403062917e-18
v 0.132275589306 0.474505333735 0.000340270092849
v 0.132279713418 0.474522660767 0.000680125619005
v 0.136783893643 0.493446510192 0.000680125619005
v 0.136788017755 0.493463837224 0.000340270092849
v 0.136847279927 0.493712821139 0
v 0.136845869401 0.493706894961 -0.000348994967025
v 0.136841639543 0.493689123646 -0.000697564737441
v 0.132221967518 0.474280047312 -0.000697564737441
v 0.132217737659 0.474262275998 -0.000348994967025
v 0.132216327134 0.474256349819 -1.22464679915e-18
v 0.132217737659 0.474262275998 0.000348994967025
v 0.136845869401 0.493706894961 0.000348994967025
v 0.134267666672 0.493810262933 0
v 0.134266345216 0.493804628682 -0.000331545218674
v 0.134262382459 0.493787732794 -0.000662686500569
v 0.134255783228 0.493759595854 -0.000993020401043
v 0.134246555564 0.493720252142 -0.00132214445912
v 0.129950254036 0.475402241079 -0.00132214445912
v 0.129941026372 0.475362897367 -0.000993020401043
v 0.129934427142 0.475334760427 -0.000662686500569
v 0.129930464385 0.475317864539 -0.000331545218674
v 0.129929142929 0.475312230288 -1.16341445919e-18
v 0.129930464385 0.475317864539 0.000331545218674
v 0.129934427142 0.475334760427 0.000662686500569
v 0.134262382459 0.493787732794 0.000662686500569
v 0.134266345216 0.493804628682 0.000331545218674
v 0.134324752511 0.494053658099 0
v 0.13432339628 0.494047875579 -0.000340270092849
v 0.134319329239 0.494030535062 -0.000680125619005
v 0.134312556345 0.494001657676 -0.00101915251686
v 0.134303085848 0.493961278603 -0.00135693773436
v 0.129893723753 0.475161214618 -0.00135693773436
v 0.129884253256 0.475120835545 -0.00101915251686
v 0.129877480361 0.475091958159 -0.000680125619005
v 0.129873413321 0.475074617642 -0.000340270092849
v 0.12987205709 0.475068835122 -1.19403062917e-18
v 0.129873413321 0.475074617642 0.000340270092849
v 0.129877480361 0.475091958159 0.000680125619005
v 0.134319329239 0.494030535062 0.000680125619005
v 0.13432339628 0.494047875579 0.000340270092849
v 0.134381838349 0.494297053266 0
v 0.134380447343 0.494291122475 -0.000348994967025
v 0.13437627602 0.49427333733 -0.000697564737441
v 0.134369329461 0.494243719498 -0.00104528463268
v 0.134359616131 0.494202305065 -0.0013917310096
v 0.12983719347 0.474920188156 -0.0013917310096
v 0.129827480139 0.474878773723 -0.00104528463268
v 0.129820533581 0.474849155891 -0.000697564737441
v 0.129816362257 0.474831370746 -0.000348994967025
v 0.129814971251 0.474825439955 -1.22464679915e-18
v 0.129816362257 0.474831370746 0.000348994967025
v 0.129820533581 0.474849155891 0.000697564737441
v 0.13437627602 0.49427333733 0.000697564737441
v 0.134380447343 0.494291122475 0.000348994967025
v 0.131799862799 0.494383071086 0
v 0.131798560692 0.494377432333 -0.000331545218674
v 0.127526166445 0.475875892978 -0.000331545218674
v 0.127524864339 0.475870254224 -1.16341445919e-18
v 0.127526166445 0.475875892978 0.000331545218674
v 0.127530071179 0.47589280237 0.000662686500569
v 0.127536573783 0.475920961798 0.000993020401043
v 0.131788153354 0.494332363513 0.000993020401043
v 0.131794655958 0.494360522941 0.000662686500569
v 0.131798560692 0.494377432333 0.000331545218674
v 0.131856112778 0.494626660782 0
v 0.131854776406 0.49462087364 -0.000340270092849
v 0.127469950732 0.475632451671 -0.000340270092849
v 0.127468614359 0.475626664529 -1.19403062917e-18
v 0.127469950732 0.475632451671 0.000340270092849
v 0.127473958222 0.475649806047 0.000680125619005
v 0.127480631947 0.475678706513 0.00101915251686
v 0.131844095191 0.494574618798 0.00101915251686
v 0.131850768916 0.494603519264 0.000680125619005
v 0.131854776406 0.49462087364 0.000340270092849
v 0.131912362758 0.494870250478 0
v 0.131910992119 0.494864314947 -0.000348994967025
v 0.127413735018 0.475389010364 -0.000348994967025
v 0.127412364379 0.475383074833 -1.22464679915e-18
v 0.127413735018 0.475389010364 0.000348994967025
v 0.127417845264 0.475406809724 0.000697564737441
v 0.12742469011 0.475436451227 0.00104528463268
v 0.131900037027 0.494816874084 0.00104528463268
v 0.131906881873 0.494846515587 0.000697564737441
v 0.131910992119 0.494864314947 0.000348994967025
v 0.129346471142 0.49494671313 0
v 0.129345178835 0.494941072122 -0.000331545218674
v 0.129341303486 0.494924155972 -0.000662686500569
v 0.125108812069 0.476449053731 -0.000662686500569
v 0.12510493672 0.47643213758 -0.000331545218674
v 0.125103644412 0.476426496573 -1.16341445919e-18
v 0.12510493672 0.47643213758 0.000331545218674
v 0.125108812069 0.476449053731 0.000662686500569
v 0.129341303486 0.494924155972 0.000662686500569
v 0.129345178835 0.494941072122 0.000331545218674
v 0.12940229781 0.49519040019 0
v 0.129400971494 0.495184610735 -0.000340270092849
v 0.129396994163 0.495167249422 -0.000680125619005
v 0.125053121392 0.47620596028 -0.000680125619005
v 0.125049144061 0.476188598968 -0.000340270092849
v 0.125047817745 0.476182809513 -1.19403062917e-18
v 0.125049144061 0.476188598968 0.000340270092849
v 0.125053121392 0.47620596028 0.000680125619005
v 0.129396994163 0.495167249422 0.000680125619005
v 0.129400971494 0.495184610735 0.000340270092849
v 0.129458124477 0.49543408725 0
v 0.129456764154 0.495428149347 -0.000348994967025
v 0.129452684839 0.495410342873 -0.000697564737441
v 0.124997430716 0.47596286683 -0.000697564737441
v 0.124993351401 0.475945060356 -0.000348994967025
v 0.124991991077 0.475939122453 -1.22464679915e-18
v 0.124993351401 0.475945060356 0.000348994967025
v 0.124997430716 0.47596286683 0.000697564737441
v 0.129452684839 0.495410342873 0.000697564737441
v 0.129456764154 0.495428149347 0.000348994967025
v 0.126883806556 0.495509278595 0
v 0.126882529279 0.495503634165 -0.000331545218674
v 0.126878699002 0.495486707752 -0.000662686500569
v 0.126872320394 0.495458519978 -0.000993020401043
v 0.122701812252 0.477028584987 -0.000993020401043
v 0.122695433644 0.477000397213 -0.000662686500569
v 0.122691603368 0.4769834708 -0.000331545218674
v 0.12269032609 0.47697782637 -1.16341445919e-18
v 0.122691603368 0.4769834708 0.000331545218674
v 0.122695433644 0.477000397213 0.000662686500569
v 0.122701812252 0.477028584987 0.000993020401043
v 0.126872320394 0.495458519978 0.000993020401043
v 0.126878699002 0.495486707752 0.000662686500569
v 0.126882529279 0.495503634165 0.000331545218674
v 0.126938983931 0.495753113493 0
v 0.126937673041 0.495747320525 -0.000340270092849
v 0.126933741968 0.49572994868 -0.000680125619005
v 0.126927195501 0.495701019123 -0.00101915251686
v 0.122646937145 0.476786085842 -0.00101915251686
v 0.122640390679 0.476757156285 -0.000680125619005
v 0.122636459606 0.47673978444 -0.000340270092849
v 0.122635148715 0.476733991472 -1.19403062917e-18
v 0.122636459606 0.47673978444 0.000340270092849
v 0.122640390679 0.476757156285 0.000680125619005
v 0.122646937145 0.476786085842 0.00101915251686
v 0.126927195501 0.495701019123 0.00101915251686
v 0.126933741968 0.49572994868 0.000680125619005
v 0.126937673041 0.495747320525 0.000340270092849
v 0.126994161305 0.495996948391 0
v 0.126992816803 0.495991006885 -0.000348994967025
v 0.126988784933 0.495973189608 -0.000697564737441
v 0.126982070608 0.495943518267 -0.00104528463268
v 0.122592062038 0.476543586698 -0.00104528463268
v 0.122585347713 0.476513915357 -0.000697564737441
v 0.122581315844 0.47649609808 -0.000348994967025
v 0.122579971341 0.476490156575 -1.22464679915e-18
v 0.122581315844 0.47649609808 0.000348994967025
v 0.122585347713 0.476513915357 0.000697564737441
v 0.122592062038 0.476543586698 0.00104528463268
v 0.126982070608 0.495943518267 0.00104528463268
v 0.126988784933 0.495973189608 0.000697564737441
v 0.126992816803 0.495991006885 0.000348994967025
v 0.12440501917 0.496064864169 0
v 0.124403765371 0.496059214477 -0.000331545218674
v 0.120289876512 0.477521786675 -0.000331545218674
v 0.120288622713 0.477516136983 -1.16341445919e-18
v 0.120289876512 0.477521786675 0.000331545218674
v 0.120293636381 0.477538728867 0.000662686500569
v 0.120299897739 0.477566942917 0.000993020401043
v 0.120308652957 0.477606394452 0.00132214445912
v 0.124384988926 0.4959746067 0.00132214445912
v 0.124393744144 0.496014058235 0.000993020401043
v 0.124400005502 0.496042272285 0.000662686500569
v 0.124403765371 0.496059214477 0.000331545218674
v 0.124459182281 0.496308926369 0
v 0.124457895487 0.496303128001 -0.000340270092849
v 0.120235746396 0.477277873151 -0.000340270092849
v 0.120234459602 0.477272074783 -1.19403062917e-18
v 0.120235746396 0.477277873151 0.000340270092849
v 0.120239605208 0.47729526119 0.000680125619005
v 0.120246031339 0.477324217716 0.00101915251686
v 0.120255016958 0.477364707449 0.00135693773436
v 0.124438624926 0.496216293703 0.00135693773436
v 0.124447610545 0.496256783436 0.00101915251686
v 0.124454036675 0.496285739962 0.000680125619005
v 0.124457895487 0.496303128001 0.000340270092849
v 0.124513345392 0.496552988568 0
v 0.124512025604 0.496547041525 -0.000348994967025
v 0.120181616279 0.477033959627 -0.000348994967025
v 0.120180296491 0.477028012583 -1.22464679915e-18
v 0.120181616279 0.477033959627 0.000348994967025
v 0.120185574036 0.477051793513 0.000697564737441
v 0.120192164939 0.477081492514 0.00104528463268
v 0.120201380958 0.477123020445 0.0013917310096
v 0.124492260925 0.496457980706 0.0013917310096
v 0.124501476945 0.496499508638 0.00104528463268
v 0.124508067848 0.496529207638 0.000697564737441
v 0.124512025604 0.496547041525 0.000348994967025
v 0.121910043298 0.496613001769 0
v 0.121908821443 0.496607345083 -0.000331545218674
v 0.121905157365 0.496590381917 -0.000662686500569
v 0.12189905553 0.496562132937 -0.000993020401043
v 0.12189052337 0.496522632561 -0.00132214445912
v 0.117918041372 0.478131680359 -0.00132214445912
v 0.117909509213 0.478092179983 -0.000993020401043
v 0.117903407377 0.478063931003 -0.000662686500569
v 0.1178997433 0.478046967837 -0.000331545218674
v 0.117898521444 0.478041311151 -1.16341445919e-18
v 0.1178997433 0.478046967837 0.000331545218674
v 0.117903407377 0.478063931003 0.000662686500569
v 0.121905157365 0.496590381917 0.000662686500569
v 0.121908821443 0.496607345083 0.000331545218674
v 0.12196282648 0.49685736612 0
v 0.121961572471 0.496851560573 -0.000340270092849
v 0.12195781197 0.496834151008 -0.000680125619005
v 0.12195154956 0.496805158634 -0.00101915251686
v 0.12194279287 0.496764618774 -0.00135693773436
v 0.117865771872 0.477889694146 -0.00135693773436
v 0.117857015182 0.477849154286 -0.00101915251686
v 0.117850752772 0.477820161913 -0.000680125619005
v 0.117846992272 0.477802752347 -0.000340270092849
v 0.117845738262 0.477796946801 -1.19403062917e-18
v 0.117846992272 0.477802752347 0.000340270092849
v 0.117850752772 0.477820161913 0.000680125619005
v 0.12195781197 0.496834151008 0.000680125619005
v 0.121961572471 0.496851560573 0.000340270092849
v 0.122015609662 0.49710173047 0
v 0.122014323499 0.497095776063 -0.000348994967025
v 0.122010466575 0.497077920099 -0.000697564737441
v 0.122004043591 0.497048184331 -0.00104528463268
v 0.12199506237 0.497006604987 -0.0013917310096
v 0.117804521152 0.47760612859 -0.00104528463268
v 0.117798098167 0.477576392822 -0.000697564737441
v 0.117794241243 0.477558536857 -0.000348994967025
v 0.11779295508 0.477552582451 -1.22464679915e-18
v 0.117794241243 0.477558536857 0.000348994967025
v 0.117798098167 0.477576392822 0.000697564737441
v 0.122010466575 0.497077920099 0.000697564737441
v 0.122014323499 0.497095776063 0.000348994967025
v 0.119400567805 0.497145765946 0
v 0.119399384447 0.497140101081 -0.000331545218674
v 0.119395835816 0.497123113389 -0.000662686500569
v 0.115520172 0.478569876033 -0.000662686500569
v 0.115516623369 0.47855288834 -0.000331545218674
v 0.115515440012 0.478547223475 -1.16341445919e-18
v 0.115516623369 0.47855288834 0.000331545218674
v 0.115520172 0.478569876033 0.000662686500569
v 0.119395835816 0.497123113389 0.000662686500569
v 0.119399384447 0.497140101081 0.000331545218674
v 0.119451687907 0.49739048361 0
v 0.119450473409 0.49738466967 -0.000340270092849
v 0.119446831393 0.497367234933 -0.000680125619005
v 0.115469176423 0.478325754489 -0.000680125619005
v 0.115465534408 0.478308319751 -0.000340270092849
v 0.115464319909 0.478302505811 -1.19403062917e-18
v 0.115465534408 0.478308319751 0.000340270092849
v 0.115469176423 0.478325754489 0.000680125619005
v 0.119446831393 0.497367234933 0.000680125619005
v 0.119450473409 0.49738466967 0.000340270092849
v 0.11950280801 0.497635201274 0
v 0.11950156237 0.497629238259 -0.000348994967025
v 0.11949782697 0.497611356477 -0.000697564737441
v 0.115418180847 0.478081632944 -0.000697564737441
v 0.115414445446 0.478063751163 -0.000348994967025
v 0.115413199807 0.478057788147 -1.22464679915e-18
v 0.115414445446 0.478063751163 0.000348994967025
v 0.115418180847 0.478081632944 0.000697564737441
v 0.11949782697 0.497611356477 0.000697564737441
v 0.11950156237 0.497629238259 0.000348994967025
v 0.116897976023 0.497660060624 0
v 0.116896824948 0.497654389111 -0.000331545218674
v 0.116893373125 0.497637381484 -0.000662686500569
v 0.116887624759 0.497609058462 -0.000993020401043
v 0.113129186779 0.479090694985 -0.000993020401043
v 0.113123438413 0.479062371964 -0.000662686500569
v 0.11311998659 0.479045364336 -0.000331545218674
v 0.113118835515 0.479039692823 -1.16341445919e-18
v 0.116947701556 0.497905065463 0
v 0.116946520189 0.497899244701 -0.000340270092849
v 0.116942977529 0.497881789504 -0.000680125619005
v 0.116937077891 0.49785272114 -0.00101915251686
v 0.113079733647 0.478847032308 -0.00101915251686
v 0.113073834009 0.478817963944 -0.000680125619005
v 0.113070291349 0.478800508747 -0.000340270092849
v 0.113069109982 0.478794687984 -1.19403062917e-18
v 0.116997427089 0.498150070303 0
v 0.116996215431 0.49814410029 -0.000348994967025
v 0.116992581933 0.498126197524 -0.000697564737441
v 0.116986531022 0.498096383817 -0.00104528463268
v 0.113030280516 0.47860336963 -0.00104528463268
v 0.113024229605 0.478573555924 -0.000697564737441
v 0.113020596107 0.478555653158 -0.000348994967025
v 0.113019384449 0.478549683145 -1.22464679915e-18
v 0.114416254529 0.498157476928 0
v 0.114415121538 0.498151801775 -0.000331545218674
v 0.114411723947 0.498134783231 -0.000662686500569
v 0.114406065894 0.498106442029 -0.000993020401043
v 0.110706676674 0.47957619213 -0.000993020401043
v 0.110701018621 0.479547850929 -0.000662686500569
v 0.110697621029 0.479530832384 -0.000331545218674
v 0.110696488039 0.479525157232 -1.16341445919e-18
v 0.110697621029 0.479530832384 0.000331545218674
v 0.110701018621 0.479547850929 0.000662686500569
v 0.110706676674 0.47957619213 0.000993020401043
v 0.114406065894 0.498106442029 0.000993020401043
v 0.114411723947 0.498134783231 0.000662686500569
v 0.114415121538 0.498151801775 0.000331545218674
v 0.114465198825 0.498402639029 0
v 0.114464036019 0.49839681453 -0.000340270092849
v 0.114460549017 0.498379348129 -0.000680125619005
v 0.110652193551 0.47930328603 -0.000680125619005
v 0.110648706549 0.479285819629 -0.000340270092849
v 0.110647543743 0.47927999513 -1.19403062917e-18
v 0.110648706549 0.479285819629 0.000340270092849
v 0.110652193551 0.47930328603 0.000680125619005
v 0.1106580005 0.479332373052 0.00101915251686
v 0.114454742068 0.498350261107 0.00101915251686
v 0.114460549017 0.498379348129 0.000680125619005
v 0.114464036019 0.49839681453 0.000340270092849
v 0.114514143121 0.49864780113 0
v 0.114512950499 0.498641827285 -0.000348994967025
v 0.114509374087 0.498623913028 -0.000697564737441
v 0.110603368481 0.479058721131 -0.000697564737441
v 0.110599792069 0.479040806874 -0.000348994967025
v 0.110598599447 0.479034833029 -1.22464679915e-18
v 0.110599792069 0.479040806874 0.000348994967025
v 0.110603368481 0.479058721131 0.000697564737441
v 0.114509374087 0.498623913028 0.000697564737441
v 0.114512950499 0.498641827285 0.000348994967025
v 0.111949773555 0.498647961199 0
v 0.111948648916 0.498642284386 -0.000331545218674
v 0.111945276371 0.49862526086 -0.000662686500569
v 0.111939660026 0.498596911364 -0.000993020401043
v 0.111931806727 0.498557270437 -0.00132214445912
v 0.108275394447 0.480100878987 -0.00132214445912
v 0.108267541148 0.480061238059 -0.000993020401043
v 0.108261924804 0.480032888563 -0.000662686500569
v 0.108258552258 0.480015865038 -0.000331545218674
v 0.108257427619 0.480010188224 -1.16341445919e-18
v 0.108258552258 0.480015865038 0.000331545218674
v 0.111948648916 0.498642284386 0.000331545218674
v 0.111998357054 0.498893195054 0
v 0.11199720282 0.498887368851 -0.000340270092849
v 0.111993741523 0.498869897338 -0.000680125619005
v 0.11198797738 0.498840801802 -0.00101915251686
v 0.111979917415 0.498800117693 -0.00135693773436
v 0.10822728376 0.479858031731 -0.00135693773436
v 0.108219223794 0.479817347621 -0.00101915251686
v 0.108213459651 0.479788252085 -0.000680125619005
v 0.108209998354 0.479770780573 -0.000340270092849
v 0.10820884412 0.479764954369 -1.19403062917e-18
v 0.108209998354 0.479770780573 0.000340270092849
v 0.11199720282 0.498887368851 0.000340270092849
v 0.112046940553 0.499138428909 0
v 0.112045756723 0.499132453316 -0.000348994967025
v 0.112042206675 0.499114533815 -0.000697564737441
v 0.112036294734 0.499084692241 -0.00104528463268
v 0.112028028102 0.499042964949 -0.0013917310096
v 0.108179173072 0.479615184475 -0.0013917310096
v 0.10817090644 0.479573457183 -0.00104528463268
v 0.108164994499 0.479543615608 -0.000697564737441
v 0.108161444451 0.479525696107 -0.000348994967025
v 0.108160260621 0.479519720514 -1.22464679915e-18
v 0.108161444451 0.479525696107 0.000348994967025
v 0.112045756723 0.499132453316 0.000348994967025
v 0.109471019745 0.49913715669 0
v 0.109469910508 0.499131476847 -0.000331545218674
v 0.109466584148 0.499114444237 -0.000662686500569
v 0.109461044719 0.499086079611 -0.000993020401043
v 0.109453298968 0.499046417529 -0.00132214445912
v 0.109443356334 0.498995506311 -0.00164965768784
v 0.105856903065 0.480631087698 -0.00164965768784
v 0.10584696043 0.48058017648 -0.00132214445912
v 0.105839214679 0.480540514398 -0.000993020401043
v 0.10583367525 0.480512149772 -0.000662686500569
v 0.10583034889 0.480495117162 -0.000331545218674
v 0.105829239653 0.480489437319 -1.16341445919e-18
v 0.10583034889 0.480495117162 0.000331545218674
v 0.10583367525 0.480512149772 0.000662686500569
v 0.105839214679 0.480540514398 0.000993020401043
v 0.109461044719 0.499086079611 0.000993020401043
v 0.109466584148 0.499114444237 0.000662686500569
v 0.109469910508 0.499131476847 0.000331545218674
v 0.109518937904 0.499382521419 0
v 0.109517799477 0.499376692106 -0.000340270092849
v 0.109514385581 0.499359211269 -0.000680125619005
v 0.109508700377 0.499330100206 -0.00101915251686
v 0.109500750791 0.499289394385 -0.00135693773436
v 0.109490546508 0.499237143398 -0.00169306973225
v 0.10580971289 0.480389450611 -0.00169306973225
v 0.105799508607 0.480337199624 -0.00135693773436
v 0.105791559021 0.480296493803 -0.00101915251686
v 0.105785873817 0.48026738274 -0.000680125619005
v 0.105782459922 0.480249901903 -0.000340270092849
v 0.105781321494 0.48024407259 -1.19403062917e-18
v 0.105782459922 0.480249901903 0.000340270092849
v 0.105785873817 0.48026738274 0.000680125619005
v 0.105791559021 0.480296493803 0.00101915251686
v 0.109508700377 0.499330100206 0.00101915251686
v 0.109514385581 0.499359211269 0.000680125619005
v 0.109517799477 0.499376692106 0.000340270092849
v 0.109566856063 0.499627886148 0
v 0.109565688445 0.499621907365 -0.000348994967025
v 0.109562187014 0.499603978302 -0.000697564737441
v 0.109556356036 0.499574120801 -0.00104528463268
v 0.109548202614 0.499532371241 -0.0013917310096
v 0.109537736683 0.499478780485 -0.00173648177667
v 0.105762522715 0.480147813524 -0.00173648177667
v 0.105752056784 0.480094222768 -0.0013917310096
v 0.105743903363 0.480052473208 -0.00104528463268
v 0.105738072384 0.480022615707 -0.000697564737441
v 0.105734570953 0.480004686644 -0.000348994967025
v 0.105733403335 0.479998707862 -1.22464679915e-18
v 0.105734570953 0.480004686644 0.000348994967025
v 0.105738072384 0.480022615707 0.000697564737441
v 0.105743903363 0.480052473208 0.00104528463268
v 0.109556356036 0.499574120801 0.00104528463268
v 0.109562187014 0.499603978302 0.000697564737441
v 0.109565688445 0.499621907365 0.000348994967025
v 0.106976506791 0.499619158753 0
v 0.106975421392 0.499613474306 -0.000331545218674
v 0.106972166518 0.499596427891 -0.000662686500569
v 0.106966746133 0.499568040276 -0.000993020401043
v 0.106959166843 0.499528346047 -0.00132214445912
v 0.106949437881 0.499477393565 -0.00164965768784
v 0.106937571101 0.499415244909 -0.00197516106277
v 0.103440059478 0.481098090497 -0.00164965768784
v 0.103430330516 0.481047138016 -0.00132214445912
v 0.103422751226 0.481007443787 -0.000993020401043
v 0.103417330842 0.480979056172 -0.000662686500569
v 0.103414075968 0.480962009757 -0.000331545218674
v 0.103412990569 0.48095632531 -1.16341445919e-18
v 0.103414075968 0.480962009757 0.000331545218674
v 0.103417330842 0.480979056172 0.000662686500569
v 0.106972166518 0.499596427891 0.000662686500569
v 0.106975421392 0.499613474306 0.000331545218674
v 0.107023395162 0.499864722351 0
v 0.1070222812 0.499858888313 -0.000340270092849
v 0.107018940671 0.499841393308 -0.000680125619005
v 0.107013377645 0.499812258651 -0.00101915251686
v 0.1070055989 0.499771519837 -0.00135693773436
v 0.106995613913 0.499719226501 -0.00169306973225
v 0.103393883446 0.480856257562 -0.00169306973225
v 0.103383898459 0.480803964226 -0.00135693773436
v 0.103376119714 0.480763225412 -0.00101915251686
v 0.103370556688 0.480734090754 -0.000680125619005
v 0.103367216159 0.480716595749 -0.000340270092849
v 0.103366102197 0.480710761712 -1.19403062917e-18
v 0.103367216159 0.480716595749 0.000340270092849
v 0.103370556688 0.480734090754 0.000680125619005
v 0.107018940671 0.499841393308 0.000680125619005
v 0.1070222812 0.499858888313 0.000340270092849
v 0.107070283533 0.500110285949 0
v 0.107069141008 0.500104302321 -0.000348994967025
v 0.107065714825 0.500086358726 -0.000697564737441
v 0.107060009157 0.500056477026 -0.00104528463268
v 0.107052030957 0.500014693627 -0.0013917310096
v 0.107041789945 0.499961059436 -0.00173648177667
v 0.103347707415 0.480614424627 -0.00173648177667
v 0.103337466402 0.480560790436 -0.0013917310096
v 0.103329488202 0.480519007037 -0.00104528463268
v 0.103323782535 0.480489125337 -0.000697564737441
v 0.103320356351 0.480471181742 -0.000348994967025
v 0.103319213826 0.480465198114 -1.22464679915e-18
v 0.103320356351 0.480471181742 0.000348994967025
v 0.103323782535 0.480489125337 0.000697564737441
v 0.107065714825 0.500086358726 0.000697564737441
v 0.107069141008 0.500104302321 0.000348994967025
v 0.104464388799 0.500093051366 0
v 0.104463336712 0.50008736066 -0.000331545218674
v 0.104460181732 0.500070295473 -0.000662686500569
v 0.104454927704 0.500041876599 -0.000993020401043
v 0.101019701005 0.481460841658 -0.000993020401043
v 0.101014446977 0.481432422783 -0.000662686500569
v 0.101011291998 0.481415357597 -0.000331545218674
v 0.101010239911 0.481409666891 -1.16341445919e-18
v 0.101011291998 0.481415357597 0.000331545218674
v 0.101014446977 0.481432422783 0.000662686500569
v 0.104460181732 0.500070295473 0.000662686500569
v 0.104463336712 0.50008736066 0.000331545218674
v 0.104509838126 0.500338885372 0
v 0.104508758353 0.50033304491 -0.000340270092849
v 0.104505520348 0.50031553064 -0.000680125619005
v 0.104500128056 0.5002863639 -0.00101915251686
v 0.100974500654 0.481216354356 -0.00101915251686
v 0.100969108362 0.481187187616 -0.000680125619005
v 0.100965870357 0.481169673346 -0.000340270092849
v 0.100964790583 0.481163832884 -1.19403062917e-18
v 0.100965870357 0.481169673346 0.000340270092849
v 0.100969108362 0.481187187616 0.000680125619005
v 0.104505520348 0.50031553064 0.000680125619005
v 0.104508758353 0.50033304491 0.000340270092849
v 0.104555287454 0.500584719379 0
v 0.104554179994 0.500578729161 -0.000348994967025
v 0.104550858963 0.500560765807 -0.000697564737441
v 0.104545328407 0.500530851202 -0.00104528463268
v 0.100929300303 0.480971867054 -0.00104528463268
v 0.100923769747 0.480941952449 -0.000697564737441
v 0.100920448716 0.480923989096 -0.000348994967025
v 0.100919341256 0.480917998878 -1.22464679915e-18
v 0.100920448716 0.480923989096 0.000348994967025
v 0.100923769747 0.480941952449 0.000697564737441
v 0.104550858963 0.500560765807 0.000697564737441
v 0.104554179994 0.500578729161 0.000348994967025
v 0.101913849918 0.500554853457 0
v 0.101912852526 0.50054915291 -0.000331545218674
v 0.0986402716591 0.481844861276 -0.000331545218674
v 0.0986392742676 0.481839160728 -1.16341445919e-18
v 0.0986402716591 0.481844861276 0.000331545218674
v 0.101912852526 0.50054915291 0.000331545218674
v 0.101956936439 0.500801112572 0
v 0.101955912801 0.50079526201 -0.000340270092849
v 0.0985972113846 0.481598752175 -0.000340270092849
v 0.0985961877459 0.481592901614 -1.19403062917e-18
v 0.0985972113846 0.481598752175 0.000340270092849
v 0.101955912801 0.50079526201 0.000340270092849
v 0.102000022961 0.501047371687 0
v 0.101998973075 0.501041371111 -0.000348994967025
v 0.09855415111 0.481352643075 -0.000348994967025
v 0.0985531012242 0.481346642499 -1.22464679915e-18
v 0.09855415111 0.481352643075 0.000348994967025
v 0.101998973075 0.501041371111 0.000348994967025
v 0.0993540621847 0.500987135479 0
v 0.0993531219905 0.50098142522 -0.000331545218674
v 0.0993503025534 0.500964301399 -0.000662686500569
v 0.0993456073084 0.500935784878 -0.000993020401043
v 0.0993390419759 0.500895910402 -0.00132214445912
v 0.0962822934544 0.482330781138 -0.00132214445912
v 0.0962757281219 0.482290906662 -0.000993020401043
v 0.0962710328769 0.482262390142 -0.000662686500569
v 0.0962682134398 0.48224526632 -0.000331545218674
v 0.0962672732456 0.482239556061 -1.16341445919e-18
v 0.0993946778287 0.501233814156 0
v 0.0993937128925 0.501227953626 -0.000340270092849
v 0.0993908192597 0.501210379178 -0.000680125619005
v 0.0993860004555 0.501181112223 -0.00101915251686
v 0.0993792623511 0.501140188419 -0.00135693773436
v 0.0962353349748 0.482045579317 -0.00101915251686
v 0.0962305161706 0.482016312362 -0.000680125619005
v 0.0962276225378 0.481998737914 -0.000340270092849
v 0.0962266576016 0.481992877384 -1.19403062917e-18
v 0.0994352934726 0.501480492832 0
v 0.0994343037945 0.501474482033 -0.000348994967025
v 0.0994313359659 0.501456456958 -0.000697564737441
v 0.0994263936027 0.501426439568 -0.00104528463268
v 0.0961949418276 0.481800251972 -0.00104528463268
v 0.0961899994644 0.481770234582 -0.000697564737441
v 0.0961870316358 0.481752209507 -0.000348994967025
v 0.0961860419577 0.481746198708 -1.22464679915e-18
v 0.0968545030153 0.501388308259 0
v 0.0968535813147 0.501382594985 -0.000331545218674
v 0.0968508173358 0.501365462125 -0.000662686500569
v 0.096846214446 0.501336930552 -0.000993020401043
v 0.0938367196346 0.482682210428 -0.000993020401043
v 0.0938321167448 0.482653678855 -0.000662686500569
v 0.0938293527659 0.482636545995 -0.000331545218674
v 0.0938284310652 0.482630832721 -1.16341445919e-18
v 0.0938293527659 0.482636545995 0.000331545218674
v 0.0968535813147 0.501382594985 0.000331545218674
v 0.0968943197515 0.501635117148 0
v 0.0968933737956 0.501629253525 -0.000340270092849
v 0.0968905370804 0.5016116698 -0.000680125619005
v 0.0968858130619 0.501582387396 -0.00101915251686
v 0.0937971210187 0.482436753584 -0.00101915251686
v 0.0937923970002 0.48240747118 -0.000680125619005
v 0.093789560285 0.482389887455 -0.000340270092849
v 0.093788614329 0.482384023832 -1.19403062917e-18
v 0.093789560285 0.482389887455 0.000340270092849
v 0.0968933737956 0.501629253525 0.000340270092849
v 0.0969341364877 0.501881926036 0
v 0.0969331662765 0.501875912064 -0.000348994967025
v 0.096930256825 0.501857877474 -0.000697564737441
v 0.0969254116778 0.50182784424 -0.00104528463268
v 0.0937575224027 0.48219129674 -0.00104528463268
v 0.0937526772556 0.482161263506 -0.000697564737441
v 0.0937497678041 0.482143228916 -0.000348994967025
v 0.0937487975929 0.482137214944 -1.22464679915e-18
v 0.0937497678041 0.482143228916 0.000348994967025
v 0.0969331662765 0.501875912064 0.000348994967025
v 0.0943331307698 0.50179704081 0
v 0.0943322412818 0.501791322433 -0.000331545218674
v 0.0943295739014 0.501774174268 -0.000662686500569
v 0.0943251318785 0.501745617208 -0.000993020401043
v 0.0914208162282 0.483074232885 -0.000993020401043
v 0.0914163742053 0.483045675825 -0.000662686500569
v 0.0914137068249 0.48302852766 -0.000331545218674
v 0.0914128173369 0.483022809282 -1.16341445919e-18
v 0.0914137068249 0.48302852766 0.000331545218674
v 0.0914163742053 0.483045675825 0.000662686500569
v 0.0943295739014 0.501774174268 0.000662686500569
v 0.0943322412818 0.501791322433 0.000331545218674
v 0.0943715559465 0.502044070172 0
v 0.0943706430509 0.502038201311 -0.000340270092849
v 0.0943679054763 0.502020601879 -0.000680125619005
v 0.0943633465581 0.501991293317 -0.00101915251686
v 0.0913826015486 0.482828556775 -0.00101915251686
v 0.0913780426304 0.482799248214 -0.000680125619005
v 0.0913753050558 0.482781648781 -0.000340270092849
v 0.0913743921602 0.48277577992 -1.19403062917e-18
v 0.0913753050558 0.482781648781 0.000340270092849
v 0.0913780426304 0.482799248214 0.000680125619005
v 0.0943679054763 0.502020601879 0.000680125619005
v 0.0943706430509 0.502038201311 0.000340270092849
v 0.0944099811233 0.502291099535 0
v 0.0944090448201 0.50228508019 -0.000348994967025
v 0.0944062370513 0.50226702949 -0.000697564737441
v 0.0944015612377 0.502236969427 -0.00104528463268
v 0.091344386869 0.482582880666 -0.00104528463268
v 0.0913397110554 0.482552820603 -0.000697564737441
v 0.0913369032866 0.482534769903 -0.000348994967025
v 0.0913359669834 0.482528750558 -1.22464679915e-18
v 0.0913369032866 0.482534769903 0.000348994967025
v 0.0913397110554 0.482552820603 0.000697564737441
v 0.0944062370513 0.50226702949 0.000697564737441
v 0.0944090448201 0.50228508019 0.000348994967025
v 0.0917893558225 0.502176070649 0
v 0.0917885091359 0.502170345777 -0.000331545218674
v 0.0917859701074 0.502153178139 -0.000662686500569
v 0.0890129508972 0.483403411451 -0.000662686500569
v 0.0890104118688 0.483386243812 -0.000331545218674
v 0.0890095651821 0.483380518941 -1.16341445919e-18
v 0.0890104118688 0.483386243812 0.000331545218674
v 0.0890129508972 0.483403411451 0.000662686500569
v 0.0917859701074 0.502153178139 0.000662686500569
v 0.0917885091359 0.502170345777 0.000331545218674
v 0.0918259320152 0.502423380539 0
v 0.0918250630473 0.502417505014 -0.000340270092849
v 0.0918224572023 0.502399885595 -0.000680125619005
v 0.0889764638023 0.483156703994 -0.000680125619005
v 0.0889738579573 0.483139084576 -0.000340270092849
v 0.0889729889894 0.48313320905 -1.19403062917e-18
v 0.0889738579573 0.483139084576 0.000340270092849
v 0.0889764638023 0.483156703994 0.000680125619005
v 0.0918224572023 0.502399885595 0.000680125619005
v 0.0918250630473 0.502417505014 0.000340270092849
v 0.0918625082078 0.50267069043 0
v 0.0918616169587 0.50266466425 -0.000348994967025
v 0.0918589442971 0.502646593052 -0.000697564737441
v 0.0889399767075 0.482909996538 -0.000697564737441
v 0.0889373040459 0.482891925339 -0.000348994967025
v 0.0889364127968 0.482885899159 -1.22464679915e-18
v 0.0889373040459 0.482891925339 0.000348994967025
v 0.0889399767075 0.482909996538 0.000697564737441
v 0.0918589442971 0.502646593052 0.000697564737441
v 0.0918616169587 0.50266466425 0.000348994967025
v 0.089288675498 0.502543327285 1.90644875394e-19
v 0.0892878449151 0.502537600056 -0.000331545218674
v 0.0892853541782 0.502520425344 -0.000662686500569
v 0.089281206322 0.502491824076 -0.000993020401043
v 0.0865692248684 0.483791535348 -0.000993020401043
v 0.0865650770122 0.483762934079 -0.000662686500569
v 0.0865625862753 0.483745759368 -0.000331545218674
v 0.0865617556924 0.483740032139 -9.72769583796e-19
v 0.0865625862753 0.483745759368 0.000331545218674
v 0.0865650770122 0.483762934079 0.000662686500569
v 0.0865692248684 0.483791535348 0.000993020401043
v 0.089281206322 0.502491824076 0.000993020401043
v 0.0892853541782 0.502520425344 0.000662686500569
v 0.0892878449151 0.502537600056 0.000331545218674
v 0.0893245560218 0.502790739063 1.90644875394e-19
v 0.0893237035814 0.502784861117 -0.000340270092849
v 0.0893211472988 0.50276723444 -0.000680125619005
v 0.0893168902885 0.502737880507 -0.00101915251686
v 0.0865335409019 0.483545478917 -0.00101915251686
v 0.0865292838916 0.483516124984 -0.000680125619005
v 0.086526727609 0.483498498307 -0.000340270092849
v 0.0865258751686 0.48349262036 -1.00338575378e-18
v 0.086526727609 0.483498498307 0.000340270092849
v 0.0865292838916 0.483516124984 0.000680125619005
v 0.0865335409019 0.483545478917 0.00101915251686
v 0.0893168902885 0.502737880507 0.00101915251686
v 0.0893211472988 0.50276723444 0.000680125619005
v 0.0893237035814 0.502784861117 0.000340270092849
v 0.0893604365455 0.503038150842 1.90644875394e-19
v 0.0893595622477 0.503032122179 -0.000348994967025
v 0.0893569404194 0.503014043535 -0.000697564737441
v 0.089352574255 0.502983936937 -0.00104528463268
v 0.0864978569354 0.483299422486 -0.00104528463268
v 0.086493490771 0.483269315888 -0.000697564737441
v 0.0864908689427 0.483251237245 -0.000348994967025
v 0.0864899946449 0.483245208582 -1.03400192375e-18
v 0.0864908689427 0.483251237245 0.000348994967025
v 0.086493490771 0.483269315888 0.000697564737441
v 0.0864978569354 0.483299422486 0.00104528463268
v 0.089352574255 0.502983936937 0.00104528463268
v 0.0893569404194 0.503014043535 0.000697564737441
v 0.0893595622477 0.503032122179 0.000348994967025
v 0.0867856435687 0.502901723523 0
v 0.0867848297257 0.502895993891 -0.000331545218674
v 0.0867823891882 0.502878811974 -0.000662686500569
v 0.0841169375855 0.484113451489 -0.000662686500569
v 0.0841144970479 0.484096269572 -0.000331545218674
v 0.0841136832049 0.48409053994 -1.16341445919e-18
v 0.0841144970479 0.484096269572 0.000331545218674
v 0.0841169375855 0.484113451489 0.000662686500569
v 0.0867823891882 0.502878811974 0.000662686500569
v 0.0867848297257 0.502895993891 0.000331545218674
v 0.086820800942 0.503149239097 0
v 0.086819965682 0.503143358684 -0.000340270092849
v 0.0868174609198 0.503125724612 -0.000680125619005
v 0.0840818658538 0.483866538851 -0.000680125619005
v 0.0840793610916 0.483848904778 -0.000340270092849
v 0.0840785258317 0.483843024366 -1.19403062917e-18
v 0.0840793610916 0.483848904778 0.000340270092849
v 0.0840818658538 0.483866538851 0.000680125619005
v 0.0868174609198 0.503125724612 0.000680125619005
v 0.086819965682 0.503143358684 0.000340270092849
v 0.0868559583152 0.50339675467 0
v 0.0868551016383 0.503390723478 -0.000348994967025
v 0.0868525326514 0.50337263725 -0.000697564737441
v 0.0840467941222 0.483619626213 -0.000697564737441
v 0.0840442251353 0.483601539985 -0.000348994967025
v 0.0840433684585 0.483595508793 -1.22464679915e-18
v 0.0840442251353 0.483601539985 0.000348994967025
v 0.0840467941222 0.483619626213 0.000697564737441
v 0.0868525326514 0.50337263725 0.000697564737441
v 0.0868551016383 0.503390723478 0.000348994967025
v 0.0842757589615 0.503255347197 0
v 0.084274965556 0.503249614699 -0.000331545218674
v 0.0816716912609 0.484440487286 -0.000331545218674
v 0.0816708978554 0.484434754788 -1.16341445919e-18
v 0.0816716912609 0.484440487286 0.000331545218674
v 0.0816740705107 0.484457677797 0.000662686500569
v 0.0816780327062 0.484486305375 0.000993020401043
v 0.08168357302 0.484526335144 0.00132214445912
v 0.0842686241106 0.50320379661 0.000993020401043
v 0.0842725863061 0.503232424188 0.000662686500569
v 0.084274965556 0.503249614699 0.000331545218674
v 0.0843100334497 0.503502986571 0
v 0.0843092191651 0.503497103217 -0.000340270092849
v 0.0816366233671 0.484187115414 -1.19403062917e-18
v 0.0816374376517 0.484192998768 0.000340270092849
v 0.0816398795134 0.48421064166 0.000680125619005
v 0.0816439459772 0.484240022596 0.00101915251686
v 0.0843027108396 0.503450079389 0.00101915251686
v 0.0843067773034 0.503479460325 0.000680125619005
v 0.0843092191651 0.503497103217 0.000340270092849
v 0.084344307938 0.503750625945 0
v 0.0843434727743 0.503744591736 -0.000348994967025
v 0.0816023488789 0.483939476041 -1.22464679915e-18
v 0.0816031840426 0.483945510249 0.000348994967025
v 0.0816056885161 0.483963605523 0.000697564737441
v 0.0816098592482 0.483993739817 0.00104528463268
v 0.0843367975686 0.503696362169 0.00104528463268
v 0.0843409683007 0.503726496462 0.000697564737441
v 0.0843434727743 0.503744591736 0.000348994967025
v 0.0817691977513 0.50359604079 0
v 0.0817684217341 0.503590305912 -0.000331545218674
v 0.0817660946279 0.503573108265 -0.000662686500569
v 0.0792245280184 0.48479056782 -0.000662686500569
v 0.0792222009123 0.484773370173 -0.000331545218674
v 0.0792214248951 0.484767635295 -1.16341445919e-18
v 0.0792222009123 0.484773370173 0.000331545218674
v 0.0792245280184 0.48479056782 0.000662686500569
v 0.0792284033783 0.484819207283 0.000993020401043
v 0.0817660946279 0.503573108265 0.000662686500569
v 0.0817684217341 0.503590305912 0.000331545218674
v 0.0818027210783 0.503843782968 0
v 0.0818019246396 0.503837897172 -0.000340270092849
v 0.0817995362939 0.503820246955 -0.000680125619005
v 0.0791910863525 0.48454342913 -0.000680125619005
v 0.0791886980068 0.484525778914 -0.000340270092849
v 0.0791879015681 0.484519893118 -1.19403062917e-18
v 0.0791886980068 0.484525778914 0.000340270092849
v 0.0791910863525 0.48454342913 0.000680125619005
v 0.0817995362939 0.503820246955 0.000680125619005
v 0.0818019246396 0.503837897172 0.000340270092849
v 0.0818362444054 0.504091525145 0
v 0.0818354275452 0.504085488432 -0.000348994967025
v 0.0818329779598 0.504067385645 -0.000697564737441
v 0.0791551951012 0.484278187654 -0.000348994967025
v 0.079154378241 0.48427215094 -1.22464679915e-18
v 0.0791551951012 0.484278187654 0.000348994967025
v 0.0791576446866 0.48429629044 0.000697564737441
v 0.0818329779598 0.504067385645 0.000697564737441
v 0.0818354275452 0.504085488432 0.000348994967025
v 0.0792703606348 0.503932676092 0
v 0.0792695970634 0.503926939544 -0.000331545218674
v 0.0792673072793 0.503909736888 -0.000662686500569
v 0.0767665021973 0.485121725808 -0.000662686500569
v 0.0767642124132 0.485104523152 -0.000331545218674
v 0.0767634488418 0.485098786604 -1.16341445919e-18
v 0.0767642124132 0.485104523152 0.000331545218674
v 0.0767665021973 0.485121725808 0.000662686500569
v 0.0792673072793 0.503909736888 0.000662686500569
v 0.0792695970634 0.503926939544 0.000331545218674
v 0.0793033463163 0.504180490428 0
v 0.0793025626509 0.504174602918 -0.000340270092849
v 0.0793002126093 0.50415694756 -0.000680125619005
v 0.0767335968673 0.484874515136 -0.000680125619005
v 0.0767312468257 0.484856859779 -0.000340270092849
v 0.0767304631603 0.484850972268 -1.19403062917e-18
v 0.0767312468257 0.484856859779 0.000340270092849
v 0.0767335968673 0.484874515136 0.000680125619005
v 0.0793002126093 0.50415694756 0.000680125619005
v 0.0793025626509 0.504174602918 0.000340270092849
v 0.0793363319978 0.504428304763 0
v 0.0793355282384 0.504422266291 -0.000348994967025
v 0.0793331179393 0.504404158232 -0.000697564737441
v 0.0767006915373 0.484627304464 -0.000697564737441
v 0.0766982812382 0.484609196405 -0.000348994967025
v 0.0766974774788 0.484603157933 -1.22464679915e-18
v 0.0766982812382 0.484609196405 0.000348994967025
v 0.0793355282384 0.504422266291 0.000348994967025
v 0.0767556987175 0.504263325364 0
v 0.0767549565929 0.504257586002 -0.000331545218674
v 0.0767527311235 0.504240374908 -0.000662686500569
v 0.0767490250205 0.504211713051 -0.000993020401043
v 0.0743258738782 0.485471809623 -0.000993020401043
v 0.0743221677752 0.485443147766 -0.000662686500569
v 0.0743199423058 0.485425936672 -0.000331545218674
v 0.0743192001813 0.48542019731 -1.16341445919e-18
v 0.0743199423058 0.485425936672 0.000331545218674
v 0.0767549565929 0.504257586002 0.000331545218674
v 0.0767877579087 0.50451126126 0
v 0.0767869962546 0.504505370862 -0.000340270092849
v 0.0767847122202 0.504487706844 -0.000680125619005
v 0.0767809085882 0.504458290728 -0.00101915251686
v 0.0742939903105 0.485225231947 -0.00101915251686
v 0.0742901866786 0.48519581583 -0.000680125619005
v 0.0742879026441 0.485178151813 -0.000340270092849
v 0.07428714099 0.485172261414 -1.19403062917e-18
v 0.0742879026441 0.485178151813 0.000340270092849
v 0.0767869962546 0.504505370862 0.000340270092849
v 0.0768198171 0.504759197155 0
v 0.0768190359163 0.504753155721 -0.000348994967025
v 0.0768166933169 0.50473503878 -0.000697564737441
v 0.0768127921558 0.504704868404 -0.00104528463268
v 0.0742621067429 0.48497865427 -0.00104528463268
v 0.0742582055819 0.484948483894 -0.000697564737441
v 0.0742558629824 0.484930366953 -0.000348994967025
v 0.0742550817987 0.484924325519 -1.22464679915e-18
v 0.0742558629824 0.484930366953 0.000348994967025
v 0.0768190359163 0.504753155721 0.000348994967025
v 0.0742480164763 0.504582115094 0
v 0.0742472907086 0.50457637364 -0.000331545218674
v 0.0718659456708 0.48573786237 -0.000331545218674
v 0.0718652199031 0.485732120917 -1.16341445919e-18
v 0.0718659456708 0.48573786237 0.000331545218674
v 0.0718681220895 0.485755079736 0.000662686500569
v 0.0742451142899 0.504559156275 0.000662686500569
v 0.0742472907086 0.50457637364 0.000331545218674
v 0.0742793690627 0.504830141333 0
v 0.074278624196 0.504824248789 -0.000340270092849
v 0.0718338673166 0.485484094677 -1.19403062917e-18
v 0.0718346121834 0.485489987222 0.000340270092849
v 0.0718368458763 0.485507657676 0.000680125619005
v 0.0742763905031 0.504806578335 0.000680125619005
v 0.074278624196 0.504824248789 0.000340270092849
v 0.0743107216492 0.505078167572 0
v 0.0743099576833 0.505072123937 -0.000348994967025
v 0.0718025147301 0.485236068438 -1.22464679915e-18
v 0.0718032786961 0.485242112074 0.000348994967025
v 0.0718055696631 0.485260235616 0.000697564737441
v 0.0743076667162 0.505054000394 0.000697564737441
v 0.0743099576833 0.505072123937 0.000348994967025
v 0.0717324365205 0.50489828309 0
v 0.0717317316523 0.504892539033 -0.000331545218674
v 0.0717296179064 0.504875313861 -0.000662686500569
v 0.0717260978581 0.504846628559 -0.000993020401043
v 0.0694245943135 0.486091396666 -0.000993020401043
v 0.0694210742652 0.486062711365 -0.000662686500569
v 0.0694189605193 0.486045486193 -0.000331545218674
v 0.0694182556511 0.486039742136 -1.16341445919e-18
v 0.0694189605193 0.486045486193 0.000331545218674
v 0.0694210742652 0.486062711365 0.000662686500569
v 0.0694245943135 0.486091396666 0.000993020401043
v 0.0694295163756 0.486131507148 0.00132214445912
v 0.071721175796 0.504806518077 0.00132214445912
v 0.0717260978581 0.504846628559 0.000993020401043
v 0.0717296179064 0.504875313861 0.000662686500569
v 0.0717317316523 0.504892539033 0.000331545218674
v 0.0717628862688 0.505146421786 0
v 0.0717621628514 0.50514052657 -0.000340270092849
v 0.0717599934806 0.505122848104 -0.000680125619005
v 0.0717563807994 0.505093407926 -0.00101915251686
v 0.0693943113721 0.485844617299 -0.00101915251686
v 0.069390698691 0.485815177121 -0.000680125619005
v 0.0693885293202 0.485797498655 -0.000340270092849
v 0.0693878059028 0.485791603439 -1.19403062917e-18
v 0.0693885293202 0.485797498655 0.000340270092849
v 0.069390698691 0.485815177121 0.000680125619005
v 0.0693943113721 0.485844617299 0.00101915251686
v 0.0693993629622 0.48588578332 0.00135693773436
v 0.0717513292094 0.505052241905 0.00135693773436
v 0.0717563807994 0.505093407926 0.00101915251686
v 0.0717599934806 0.505122848104 0.000680125619005
v 0.0717621628514 0.50514052657 0.000340270092849
v 0.0717933360171 0.505394560483 0
v 0.0717925940505 0.505388514107 -0.000348994967025
v 0.0717903690548 0.505370382347 -0.000697564737441
v 0.0717866637408 0.505340187293 -0.00104528463268
v 0.0693640284308 0.485597837932 -0.00104528463268
v 0.0693603231167 0.485567642878 -0.000697564737441
v 0.069358098121 0.485549511118 -0.000348994967025
v 0.0693573561545 0.485543464742 -1.22464679915e-18
v 0.069358098121 0.485549511118 0.000348994967025
v 0.0693603231167 0.485567642878 0.000697564737441
v 0.0693640284308 0.485597837932 0.00104528463268
v 0.0693692095488 0.485640059492 0.0013917310096
v 0.0717814826228 0.505297965733 0.0013917310096
v 0.0717866637408 0.505340187293 0.00104528463268
v 0.0717903690548 0.505370382347 0.000697564737441
v 0.0717925940505 0.505388514107 0.000348994967025
v 0.069193744248 0.505202234999 0
v 0.0691930732665 0.505196486885 -0.000331545218674
v 0.0691910611395 0.505179249547 -0.000662686500569
v 0.0669935013606 0.486353359995 -0.000662686500569
v 0.0669914892336 0.486336122657 -0.000331545218674
v 0.0669908182521 0.486330374544 -1.16341445919e-18
v 0.0669914892336 0.486336122657 0.000331545218674
v 0.0669935013606 0.486353359995 0.000662686500569
v 0.0669968521816 0.486382065557 0.000993020401043
v 0.0691830248858 0.505110405175 0.00132214445912
v 0.0691877103184 0.505150543986 0.000993020401043
v 0.0691910611395 0.505179249547 0.000662686500569
v 0.0691930732665 0.505196486885 0.000331545218674
v 0.0692227301164 0.505450548952 0
v 0.0692220414775 0.505444649573 -0.000340270092849
v 0.0692199763997 0.50542695862 -0.000680125619005
v 0.0669645861003 0.486105650922 -0.000680125619005
v 0.0669625210226 0.48608795997 -0.000340270092849
v 0.0669618323837 0.48608206059 -1.19403062917e-18
v 0.0669625210226 0.48608795997 0.000340270092849
v 0.0669645861003 0.486105650922 0.000680125619005
v 0.0669680251009 0.486135111893 0.00101915251686
v 0.0692165373992 0.50539749765 0.00101915251686
v 0.0692199763997 0.50542695862 0.000680125619005
v 0.0692220414775 0.505444649573 0.000340270092849
v 0.0692517159847 0.505698862906 0
v 0.0692510096884 0.50569281226 -0.000348994967025
v 0.06924889166 0.505674667693 -0.000697564737441
v 0.0669356708401 0.485857941849 -0.000697564737441
v 0.0669335528116 0.485839797283 -0.000348994967025
v 0.0669328465153 0.485833746637 -1.22464679915e-18
v 0.0669335528116 0.485839797283 0.000348994967025
v 0.0669356708401 0.485857941849 0.000697564737441
v 0.0669391980201 0.48588815823 0.00104528463268
v 0.0692453644799 0.505644451313 0.00104528463268
v 0.06924889166 0.505674667693 0.000697564737441
v 0.0692510096884 0.50569281226 0.000348994967025
v 0.0666648465729 0.505489888373 0
v 0.0666642024681 0.505484137186 -0.000331545218674
v 0.0645508047401 0.486613687771 -0.000331545218674
v 0.0645501606353 0.486607936584 -1.16341445919e-18
v 0.0645508047401 0.486613687771 0.000331545218674
v 0.0645527362697 0.486630934326 0.000662686500569
v 0.0645559528708 0.486659655237 0.000993020401043
v 0.0645604506244 0.486699815512 0.00132214445912
v 0.0645662240509 0.486751366221 0.00164965768784
v 0.0666487831574 0.505346458736 0.00164965768784
v 0.0666545565838 0.505398009445 0.00132214445912
v 0.0666590543375 0.50543816972 0.000993020401043
v 0.0666622709386 0.505466890631 0.000662686500569
v 0.0666642024681 0.505484137186 0.000331545218674
v 0.0666926713879 0.505738335107 0
v 0.066692010333 0.505732432573 -0.000340270092849
v 0.0645229968753 0.486365392384 -0.000340270092849
v 0.0645223358204 0.48635948985 -1.19403062917e-18
v 0.0645229968753 0.486365392384 0.000340270092849
v 0.0645249792346 0.486383092796 0.000680125619005
v 0.064528280483 0.486412569521 0.00101915251686
v 0.0645328965986 0.486453786645 0.00135693773436
v 0.0645388219574 0.486506693951 0.00169306973225
v 0.0666761852509 0.505591131006 0.00169306973225
v 0.0666821106096 0.505644038312 0.00135693773436
v 0.0666867267252 0.505685255436 0.00101915251686
v 0.0666900279737 0.505714732161 0.000680125619005
v 0.066692010333 0.505732432573 0.000340270092849
v 0.0667204962028 0.505986781841 0
v 0.0667198181978 0.50598072796 -0.000348994967025
v 0.0644951890104 0.486117096997 -0.000348994967025
v 0.0644945110054 0.486111043116 -1.22464679915e-18
v 0.0644951890104 0.486117096997 0.000348994967025
v 0.0644972221994 0.486135251266 0.000697564737441
v 0.0645006080953 0.486165483804 0.00104528463268
v 0.0645053425729 0.486207757777 0.0013917310096
v 0.0645114198639 0.486262021681 0.00173648177667
v 0.0667035873444 0.505835803276 0.00173648177667
v 0.0667096646354 0.50589006718 0.0013917310096
v 0.0667143991129 0.505932341153 0.00104528463268
v 0.0667177850088 0.505962573691 0.000697564737441
v 0.0667198181978 0.50598072796 0.000348994967025
v 0.0641525310066 0.505766892703 0
v 0.0641519030949 0.505761139725 -0.000331545218674
v 0.0641500201247 0.505743887801 -0.000662686500569
v 0.0641468843901 0.505715157948 -0.000993020401043
v 0.0620966556648 0.486930797323 -0.000993020401043
v 0.0620935199302 0.48690206747 -0.000662686500569
v 0.06209163696 0.486884815546 -0.000331545218674
v 0.0620910090483 0.486879062568 -1.16341445919e-18
v 0.06209163696 0.486884815546 0.000331545218674
v 0.0620935199302 0.48690206747 0.000662686500569
v 0.0620966556648 0.486930797323 0.000993020401043
v 0.0641468843901 0.505715157948 0.000993020401043
v 0.0641500201247 0.505743887801 0.000662686500569
v 0.0641519030949 0.505761139725 0.000331545218674
v 0.0641796562955 0.506015416784 0
v 0.0641790118598 0.506009512412 -0.000340270092849
v 0.0641770793377 0.505991806489 -0.000680125619005
v 0.0641738610839 0.505962320588 -0.00101915251686
v 0.062069678971 0.486683634683 -0.00101915251686
v 0.0620664607171 0.486654148782 -0.000680125619005
v 0.0620645281951 0.486636442859 -0.000340270092849
v 0.0620638837594 0.486630538487 -1.19403062917e-18
v 0.0620645281951 0.486636442859 0.000340270092849
v 0.0620664607171 0.486654148782 0.000680125619005
v 0.062069678971 0.486683634683 0.00101915251686
v 0.0641738610839 0.505962320588 0.00101915251686
v 0.0641770793377 0.505991806489 0.000680125619005
v 0.0641790118598 0.506009512412 0.000340270092849
v 0.0642067815845 0.506263940865 0
v 0.0642061206247 0.506257885098 -0.000348994967025
v 0.0642041385508 0.506239725178 -0.000697564737441
v 0.0642008377776 0.506209483228 -0.00104528463268
v 0.0620427022773 0.486436472043 -0.00104528463268
v 0.0620394015041 0.486406230093 -0.000697564737441
v 0.0620374194302 0.486388070173 -0.000348994967025
v 0.0620367584704 0.486382014407 -1.22464679915e-18
v 0.0620374194302 0.486388070173 0.000348994967025
v 0.0620394015041 0.486406230093 0.000697564737441
v 0.0620427022773 0.486436472043 0.00104528463268
v 0.0642008377776 0.506209483228 0.00104528463268
v 0.0642041385508 0.506239725178 0.000697564737441
v 0.0642061206247 0.506257885098 0.000348994967025
v 0.0616448605411 0.506037810814 0
v 0.0616442456288 0.506032056432 -0.000331545218674
v 0.061642401641 0.506014800298 -0.000662686500569
v 0.0616393308245 0.505986063434 -0.000993020401043
v 0.0616350369204 0.505945880853 -0.00132214445912
v 0.0596358411576 0.487237301205 -0.00132214445912
v 0.0596315472536 0.487197118624 -0.000993020401043
v 0.059628476437 0.48716838176 -0.000662686500569
v 0.0596266324493 0.487151125626 -0.000331545218674
v 0.059626017537 0.487145371244 -1.16341445919e-18
v 0.0596266324493 0.487151125626 0.000331545218674
v 0.059628476437 0.48716838176 0.000662686500569
v 0.0596315472536 0.487197118624 0.000993020401043
v 0.0596358411576 0.487237301205 0.00132214445912
v 0.0596413529177 0.487288880548 0.00164965768784
v 0.0616295251603 0.50589430151 0.00164965768784
v 0.0616350369204 0.505945880853 0.00132214445912
v 0.0616393308245 0.505986063434 0.000993020401043
v 0.061642401641 0.506014800298 0.000662686500569
v 0.0616442456288 0.506032056432 0.000331545218674
v 0.0616714242648 0.506286395545 0
v 0.0616707931706 0.506280489732 -0.000340270092849
v 0.0616689006569 0.506262779489 -0.000680125619005
v 0.0616657490294 0.506233286392 -0.00101915251686
v 0.0616613421278 0.506192046374 -0.00135693773436
v 0.0596095359502 0.486991135684 -0.00135693773436
v 0.0596051290487 0.486949895666 -0.00101915251686
v 0.0596019774212 0.486920402569 -0.000680125619005
v 0.0596000849074 0.486902692325 -0.000340270092849
v 0.0595994538132 0.486896786513 -1.19403062917e-18
v 0.0596000849074 0.486902692325 0.000340270092849
v 0.0596019774212 0.486920402569 0.000680125619005
v 0.0596051290487 0.486949895666 0.00101915251686
v 0.0596095359502 0.486991135684 0.00135693773436
v 0.0596151927567 0.487044072377 0.00169306973225
v 0.0616556853214 0.506139109681 0.00169306973225
v 0.0616613421278 0.506192046374 0.00135693773436
v 0.0616657490294 0.506233286392 0.00101915251686
v 0.0616689006569 0.506262779489 0.000680125619005
v 0.0616707931706 0.506280489732 0.000340270092849
v 0.0616979879886 0.506534980277 0
v 0.0616973407125 0.506528923033 -0.000348994967025
v 0.0616953996727 0.50651075868 -0.000697564737441
v 0.0616921672342 0.50648050935 -0.00104528463268
v 0.0616876473352 0.506438211896 -0.0013917310096
v 0.0595832307428 0.486744970162 -0.0013917310096
v 0.0595787108438 0.486702672708 -0.00104528463268
v 0.0595754784053 0.486672423378 -0.000697564737441
v 0.0595735373656 0.486654259025 -0.000348994967025
v 0.0595728900895 0.486648201781 -1.22464679915e-18
v 0.0595735373656 0.486654259025 0.000348994967025
v 0.0595754784053 0.486672423378 0.000697564737441
v 0.0595787108438 0.486702672708 0.00104528463268
v 0.0595832307428 0.486744970162 0.0013917310096
v 0.0616876473352 0.506438211896 0.0013917310096
v 0.0616921672342 0.50648050935 0.00104528463268
v 0.0616953996727 0.50651075868 0.000697564737441
v 0.0616973407125 0.506528923033 0.000348994967025
v 0.0591433750605 0.506302183361 0
v 0.059142769004 0.50629642804 -0.000331545218674
v 0.0571542130249 0.487412414796 -0.000331545218674
v 0.0571536069684 0.487406659475 -1.16341445919e-18
v 0.0571542130249 0.487412414796 0.000331545218674
v 0.057156030456 0.487429673748 0.000662686500569
v 0.0571590570473 0.487458415303 0.000993020401043
v 0.0571632891116 0.487498604444 0.00132214445912
v 0.0591336929173 0.506210238391 0.00132214445912
v 0.0591379249816 0.506250427533 0.000993020401043
v 0.0591409515729 0.506279169088 0.000662686500569
v 0.059142769004 0.50629642804 0.000331545218674
v 0.0591695562196 0.506550808675 0
v 0.0591689342142 0.506544901898 -0.000340270092849
v 0.0571274258093 0.48715803416 -1.19403062917e-18
v 0.0571280478147 0.487163940938 0.000340270092849
v 0.0571299130729 0.487181654072 0.000680125619005
v 0.0571330193114 0.487211151984 0.00101915251686
v 0.0571373627457 0.487252398735 0.00135693773436
v 0.0591596192832 0.506456444101 0.00135693773436
v 0.0591639627175 0.506497690851 0.00101915251686
v 0.0591670689561 0.506527188763 0.000680125619005
v 0.0591689342142 0.506544901898 0.000340270092849
v 0.0591957373787 0.50679943399 0
v 0.0591950994245 0.506793375757 -0.000348994967025
v 0.0571012446502 0.486909408846 -1.22464679915e-18
v 0.0571018826044 0.486915467079 0.000348994967025
v 0.0571037956897 0.486933634397 0.000697564737441
v 0.0571069815754 0.486963888666 0.00104528463268
v 0.0571114363799 0.487006193025 0.0013917310096
v 0.0591855456491 0.506702649811 0.0013917310096
v 0.0591900004535 0.50674495417 0.00104528463268
v 0.0591931863392 0.506775208439 0.000697564737441
v 0.0591950994245 0.506793375757 0.000348994967025
v 0.056634229799 0.506565434058 0
v 0.0566336371448 0.506559677341 -0.000331545218674
v 0.0566318599039 0.506542414205 -0.000662686500569
v 0.0566289002419 0.50651366568 -0.000993020401043
v 0.0546937925248 0.487717096843 -0.000993020401043
v 0.0546908328627 0.487688348319 -0.000662686500569
v 0.0546890556219 0.487671085182 -0.000331545218674
v 0.0546884629676 0.487665328465 -1.16341445919e-18
v 0.0546890556219 0.487671085182 0.000331545218674
v 0.0546908328627 0.487688348319 0.000662686500569
v 0.0566318599039 0.506542414205 0.000662686500569
v 0.0566336371448 0.506559677341 0.000331545218674
v 0.0566598319942 0.506814119658 0
v 0.0566592237437 0.506808211449 -0.000340270092849
v 0.0566573997334 0.506790494019 -0.000680125619005
v 0.0566543621856 0.506760988954 -0.00101915251686
v 0.0546683305811 0.487469773569 -0.00101915251686
v 0.0546652930332 0.487440268504 -0.000680125619005
v 0.0546634690229 0.487422551074 -0.000340270092849
v 0.0546628607725 0.487416642865 -1.19403062917e-18
v 0.0546634690229 0.487422551074 0.000340270092849
v 0.0546652930332 0.487440268504 0.000680125619005
v 0.0566573997334 0.506790494019 0.000680125619005
v 0.0566592237437 0.506808211449 0.000340270092849
v 0.0566854341894 0.507062805258 0
v 0.0566848103427 0.507056745556 -0.000348994967025
v 0.0566829395629 0.507038573833 -0.000697564737441
v 0.0566798241292 0.507008312229 -0.00104528463268
v 0.0546428686375 0.487222450295 -0.00104528463268
v 0.0546397532037 0.48719218869 -0.000697564737441
v 0.0546378824239 0.487174016967 -0.000348994967025
v 0.0546372585773 0.487167957265 -1.22464679915e-18
v 0.0546378824239 0.487174016967 0.000348994967025
v 0.0546397532037 0.48719218869 0.000697564737441
v 0.0566829395629 0.507038573833 0.000697564737441
v 0.0566848103427 0.507056745556 0.000348994967025
v 0.0540997633826 0.506821334631 0
v 0.0540991989489 0.506815575079 -0.000331545218674
v 0.0540975063354 0.506798303439 -0.000662686500569
v 0.0540946876044 0.506769540755 -0.000993020401043
v 0.0540907461899 0.506729322069 -0.00132214445912
v 0.0540856868941 0.506677696382 -0.00164965768784
v 0.052260725119 0.488055558143 -0.00164965768784
v 0.0522556658232 0.488003932456 -0.00132214445912
v 0.0522517244088 0.48796371377 -0.000993020401043
v 0.0522489056777 0.487934951086 -0.000662686500569
v 0.0522472130642 0.487917679446 -0.000331545218674
v 0.0522466486305 0.487911919894 -1.16341445919e-18
v 0.0522472130642 0.487917679446 0.000331545218674
v 0.0540991989489 0.506815575079 0.000331545218674
v 0.0541241464714 0.50707014272 0
v 0.0541235671842 0.5070642316 -0.000340270092849
v 0.0541218300283 0.507046505444 -0.000680125619005
v 0.0541189371201 0.507016985847 -0.00101915251686
v 0.0541148919842 0.506975708774 -0.00135693773436
v 0.054109699549 0.506922724516 -0.00169306973225
v 0.0522367124641 0.487810530008 -0.00169306973225
v 0.0522315200289 0.48775754575 -0.00135693773436
v 0.052227474893 0.487716268678 -0.00101915251686
v 0.0522245819848 0.487686749081 -0.000680125619005
v 0.0522228448289 0.487669022924 -0.000340270092849
v 0.0522222655417 0.487663111805 -1.19403062917e-18
v 0.0522228448289 0.487669022924 0.000340270092849
v 0.0541235671842 0.5070642316 0.000340270092849
v 0.0541485295603 0.507318950808 0
v 0.0541479354195 0.507312888122 -0.000348994967025
v 0.0541461537211 0.507294707448 -0.000697564737441
v 0.0541431866358 0.507264430939 -0.00104528463268
v 0.0541390377785 0.50722209548 -0.0013917310096
v 0.054133712204 0.507167752651 -0.00173648177667
v 0.0522126998091 0.487565501874 -0.00173648177667
v 0.0522073742346 0.487511159045 -0.0013917310096
v 0.0522032253773 0.487468823586 -0.00104528463268
v 0.052200258292 0.487438547076 -0.000697564737441
v 0.0521984765936 0.487420366403 -0.000348994967025
v 0.0521978824528 0.487414303716 -1.22464679915e-18
v 0.0521984765936 0.487420366403 0.000348994967025
v 0.0541479354195 0.507312888122 0.000348994967025
v 0.0515562991408 0.50706302887 0
v 0.0498109442523 0.488143363537 -1.16341445919e-18
v 0.0498114758638 0.488149126211 0.000331545218674
v 0.0515557675293 0.507057266195 0.000331545218674
v 0.0515792643367 0.507311971835 0
v 0.0497879790564 0.487894420572 -1.19403062917e-18
v 0.0497885246577 0.487900334896 0.000340270092849
v 0.0515787187354 0.507306057511 0.000340270092849
v 0.0516022295326 0.5075609148 0
v 0.0497650138605 0.487645477607 -1.22464679915e-18
v 0.0497655734515 0.48765154358 0.000348994967025
v 0.0516016699415 0.507554848827 0.000348994967025
v 0.0490096113263 0.507290894004 0
v 0.0490091137415 0.507285128292 -0.000331545218674
v 0.0490076215934 0.50726783818 -0.000662686500569
v 0.0490051366999 0.507239044733 -0.000993020401043
v 0.0473804456207 0.488413104629 -0.000993020401043
v 0.0473779607272 0.488384311182 -0.000662686500569
v 0.0473764685791 0.48836702107 -0.000331545218674
v 0.0473759709943 0.488361255358 -1.16341445919e-18
v 0.0473764685791 0.48836702107 0.000331545218674
v 0.0490091137415 0.507285128292 0.000331545218674
v 0.0490311065938 0.507539968197 0
v 0.0490305959147 0.507534050755 -0.000340270092849
v 0.0490290644995 0.50751630564 -0.000680125619005
v 0.0490265142141 0.507486754472 -0.00101915251686
v 0.0473590681065 0.48816539489 -0.00101915251686
v 0.0473565178211 0.488135843722 -0.000680125619005
v 0.0473549864059 0.488118098607 -0.000340270092849
v 0.0473544757268 0.488112181165 -1.19403062917e-18
v 0.0473549864059 0.488118098607 0.000340270092849
v 0.0490305959147 0.507534050755 0.000340270092849
v 0.0490526018613 0.507789042389 0
v 0.0490520780879 0.507782973219 -0.000348994967025
v 0.0490505074057 0.507764773101 -0.000697564737441
v 0.0490478917283 0.50773446421 -0.00104528463268
v 0.0473376905923 0.487917685152 -0.00104528463268
v 0.0473350749149 0.487887376261 -0.000697564737441
v 0.0473335042327 0.487869176143 -0.000348994967025
v 0.0473329804593 0.487863106973 -1.22464679915e-18
v 0.0473335042327 0.487869176143 0.000348994967025
v 0.0490520780879 0.507782973219 0.000348994967025
v 0.0464613462027 0.507502725594 0
v 0.0464608827728 0.507496957036 -0.000331545218674
v 0.0464594930479 0.507479658391 -0.000662686500569
v 0.046457178721 0.507450850733 -0.000993020401043
v 0.0464539426118 0.507410569161 -0.00132214445912
v 0.0449472448288 0.488655900465 -0.00132214445912
v 0.0449440087197 0.488615618892 -0.000993020401043
v 0.0449416943928 0.488586811235 -0.000662686500569
v 0.0449403046678 0.488569512589 -0.000331545218674
v 0.044939841238 0.488563744031 -1.16341445919e-18
v 0.0449403046678 0.488569512589 0.000331545218674
v 0.0464608827728 0.507496957036 0.000331545218674
v 0.0464813660049 0.50775192272 0
v 0.0464808903795 0.507746002358 -0.000340270092849
v 0.0464794640828 0.507728248485 -0.000680125619005
v 0.0464770888526 0.507698682731 -0.00101915251686
v 0.0464737675827 0.507657341117 -0.00135693773436
v 0.0449240985881 0.488367786895 -0.00101915251686
v 0.0449217233578 0.488338221141 -0.000680125619005
v 0.0449202970612 0.488320467267 -0.000340270092849
v 0.0449198214358 0.488314546905 -1.19403062917e-18
v 0.0449202970612 0.488320467267 0.000340270092849
v 0.0464808903795 0.507746002358 0.000340270092849
v 0.046501385807 0.508001119846 0
v 0.0465008979861 0.50799504768 -0.000348994967025
v 0.0464994351178 0.507976838579 -0.000697564737441
v 0.0464969989842 0.507946514729 -0.00104528463268
v 0.0449041884565 0.488119954897 -0.00104528463268
v 0.0449017523229 0.488089631046 -0.000697564737441
v 0.0449002894545 0.488071421946 -0.000348994967025
v 0.0448998016336 0.48806534978 -1.22464679915e-18
v 0.0449002894545 0.488071421946 0.000348994967025
v 0.0465008979861 0.50799504768 0.000348994967025
v 0.043929153059 0.507699130665 0
v 0.0439287133167 0.507693360253 -0.000331545218674
v 0.0439273946256 0.507676056047 -0.000662686500569
v 0.0439251985923 0.50764723913 -0.000993020401043
v 0.0439221278924 0.507606944612 -0.00132214445912
v 0.0424924428809 0.488846248012 -0.00132214445912
v 0.042489372181 0.488805953494 -0.000993020401043
v 0.0424871761477 0.488777136577 -0.000662686500569
v 0.0424858574566 0.488759832371 -0.000331545218674
v 0.0424854177143 0.488754061959 -1.16341445919e-18
v 0.0424858574566 0.488759832371 0.000331545218674
v 0.0439287133167 0.507693360253 0.000331545218674
v 0.0439481495767 0.507948407885 0
v 0.0439476982622 0.50794248562 -0.000340270092849
v 0.0439463448687 0.50792472604 -0.000680125619005
v 0.0439440910451 0.507895150784 -0.00101915251686
v 0.0439409395373 0.507853795883 -0.00135693773436
v 0.042473631236 0.488599396741 -0.00135693773436
v 0.0424704797282 0.48855804184 -0.00101915251686
v 0.0424682259046 0.488528466584 -0.000680125619005
v 0.0424668725111 0.488510707004 -0.000340270092849
v 0.0424664211966 0.488504784739 -1.19403062917e-18
v 0.0424668725111 0.488510707004 0.000340270092849
v 0.0439476982622 0.50794248562 0.000340270092849
v 0.0439671460944 0.508197685104 0
v 0.0439666832078 0.508191610986 -0.000348994967025
v 0.0439652951119 0.508173396033 -0.000697564737441
v 0.0439629834979 0.508143062437 -0.00104528463268
v 0.0439597511822 0.508100647154 -0.0013917310096
v 0.0424548195911 0.48835254547 -0.0013917310096
v 0.0424515872754 0.488310130187 -0.00104528463268
v 0.0424492756614 0.488279796591 -0.000697564737441
v 0.0424478875656 0.488261581638 -0.000348994967025
v 0.0424474246789 0.48825550752 -1.22464679915e-18
v 0.0424478875656 0.488261581638 0.000348994967025
v 0.0439666832078 0.508191610986 0.000348994967025
v 0.0413984436575 0.507888559194 0
v 0.0413980263892 0.507882787114 -0.000331545218674
v 0.0413967750929 0.507865477904 -0.000662686500569
v 0.041394691293 0.507836652654 -0.000993020401043
v 0.0413917775283 0.507796346483 -0.00132214445912
v 0.0400351598793 0.489030224756 -0.00132214445912
v 0.0400322461147 0.488989918585 -0.000993020401043
v 0.0400301623147 0.488961093336 -0.000662686500569
v 0.0400289110184 0.488943784126 -0.000331545218674
v 0.0400284937502 0.488938012045 -1.16341445919e-18
v 0.0414164693141 0.508137908499 0
v 0.0414160410652 0.508131984522 -0.000340270092849
v 0.04141475684 0.508114219806 -0.000680125619005
v 0.0414126182032 0.508084635997 -0.00101915251686
v 0.0414096277605 0.508043269138 -0.00135693773436
v 0.0400173096471 0.488783302102 -0.00135693773436
v 0.0400143192044 0.488741935242 -0.00101915251686
v 0.0400121805677 0.488712351433 -0.000680125619005
v 0.0400108963425 0.488694586718 -0.000340270092849
v 0.0400104680935 0.488688662741 -1.19403062917e-18
v 0.0414344949708 0.508387257804 0
v 0.0414340557411 0.508381181929 -0.000348994967025
v 0.0414327385871 0.508362961709 -0.000697564737441
v 0.0414305451135 0.50833261934 -0.00104528463268
v 0.0414274779927 0.508290191792 -0.0013917310096
v 0.0399994594149 0.488536379448 -0.0013917310096
v 0.0399963922942 0.488493951899 -0.00104528463268
v 0.0399941988206 0.488463609531 -0.000697564737441
v 0.0399928816666 0.488445389311 -0.000348994967025
v 0.0399924424368 0.488439313436 -1.22464679915e-18
v 0.0388669028467 0.508065085075 0
v 0.0388665080005 0.508059311417 -0.000331545218674
v 0.0375709625774 0.489115133601 -0.000331545218674
v 0.0375705677312 0.489109359943 -1.16341445919e-18
v 0.0375709625774 0.489115133601 0.000331545218674
v 0.0375721466348 0.48913244754 0.000662686500569
v 0.0375741184609 0.489161280666 0.000993020401043
v 0.0375768756533 0.48920159785 0.00132214445912
v 0.0388605949246 0.507972847168 0.00132214445912
v 0.038863352117 0.508013164352 0.000993020401043
v 0.0388653239431 0.508041997478 0.000662686500569
v 0.0388665080005 0.508059311417 0.000331545218674
v 0.0388839598877 0.508314502511 0
v 0.0388835546508 0.508308576914 -0.000340270092849
v 0.0375539159271 0.488865868103 -0.000340270092849
v 0.0375535106902 0.488859942507 -1.19403062917e-18
v 0.0375539159271 0.488865868103 0.000340270092849
v 0.0375551311439 0.488883637672 0.000680125619005
v 0.0375571548602 0.488913229565 0.00101915251686
v 0.0375599846103 0.488954607727 0.00135693773436
v 0.0388774859676 0.50821983729 0.00135693773436
v 0.0388803157177 0.508261215453 0.00101915251686
v 0.038882339434 0.508290807345 0.000680125619005
v 0.0388835546508 0.508308576914 0.000340270092849
v 0.0389010169287 0.508563919946 0
v 0.0389006013011 0.508557842412 -0.000348994967025
v 0.0375368692768 0.488616602606 -0.000348994967025
v 0.0375364536492 0.488610525071 -1.22464679915e-18
v 0.0375368692768 0.488616602606 0.000348994967025
v 0.037538115653 0.488634827805 0.000697564737441
v 0.0375401912595 0.488665178463 0.00104528463268
v 0.0375430935673 0.488707617605 0.0013917310096
v 0.0388943770106 0.508466827413 0.0013917310096
v 0.0388972793184 0.508509266554 0.00104528463268
v 0.0388993549249 0.508539617213 0.000697564737441
v 0.0389006013011 0.508557842412 0.000348994967025
v 0.0363443895962 0.508234225714 0
v 0.0363440113926 0.508228450942 -0.000331545218674
v 0.0351030724012 0.489280617781 -0.000331545218674
v 0.0351026941975 0.489274843009 -1.16341445919e-18
v 0.0351030724012 0.489280617781 0.000331545218674
v 0.0351042065513 0.489297935061 0.000662686500569
v 0.0351060952662 0.48932677375 0.000993020401043
v 0.0351087362446 0.489367098714 0.00132214445912
v 0.0363383475491 0.508141970009 0.00132214445912
v 0.0363409885276 0.508182294972 0.000993020401043
v 0.0363428772425 0.508211133662 0.000662686500569
v 0.0363440113926 0.508228450942 0.000331545218674
v 0.0363607276936 0.508483691275 0
v 0.0363603395372 0.508477764536 -0.000340270092849
v 0.0350867442565 0.489031304187 -0.000340270092849
v 0.0350863561002 0.489025377447 -1.19403062917e-18
v 0.0350867442565 0.489031304187 0.000340270092849
v 0.0350879082527 0.489049077184 0.000680125619005
v 0.0350898466706 0.489078674787 0.00101915251686
v 0.0350925571485 0.489120060933 0.00135693773436
v 0.0363545266452 0.508389007789 0.00135693773436
v 0.0363572371231 0.508430393936 0.00101915251686
v 0.036359175541 0.508459991538 0.000680125619005
v 0.0363603395372 0.508477764536 0.000340270092849
v 0.036377065791 0.508733156837 0
v 0.0363766676819 0.50872707813 -0.000348994967025
v 0.0350704161119 0.488781990592 -0.000348994967025
v 0.0350700180028 0.488775911885 -1.22464679915e-18
v 0.0350704161119 0.488781990592 0.000348994967025
v 0.0350716099542 0.488800219308 0.000697564737441
v 0.0350735980751 0.488830575823 0.00104528463268
v 0.0350763780524 0.488873023153 0.0013917310096
v 0.0363707057413 0.508636045569 0.0013917310096
v 0.0363734857187 0.508678492899 0.00104528463268
v 0.0363754738396 0.508708849415 0.000697564737441
v 0.0363766676819 0.50872707813 0.000348994967025
v 0.0338241765341 0.508395353031 0
v 0.0338238132611 0.5083895773 -0.000331545218674
v 0.0338227238847 0.508372257146 -0.000662686500569
v 0.0338209097322 0.508343413671 -0.000993020401043
v 0.0338183730138 0.508303082014 -0.00132214445912
v 0.032637304092 0.489525094574 -0.00132214445912
v 0.0326347673736 0.489484762917 -0.000993020401043
v 0.0326329532211 0.489455919441 -0.000662686500569
v 0.0326318638448 0.489438599287 -0.000331545218674
v 0.0326315005718 0.489432823557 -1.16341445919e-18
v 0.0326318638448 0.489438599287 0.000331545218674
v 0.0326329532211 0.489455919441 0.000662686500569
v 0.0338227238847 0.508372257146 0.000662686500569
v 0.0338238132611 0.5083895773 0.000331545218674
v 0.0338398696389 0.508644859998 0
v 0.0338394968061 0.508638932274 -0.000340270092849
v 0.0338383787619 0.508621156327 -0.000680125619005
v 0.0338365168685 0.508591553812 -0.00101915251686
v 0.0338339133944 0.508550160796 -0.00135693773436
v 0.0326217637115 0.489278015791 -0.00135693773436
v 0.0326191602373 0.489236622776 -0.00101915251686
v 0.032617298344 0.489207020261 -0.000680125619005
v 0.0326161802998 0.489189244313 -0.000340270092849
v 0.032615807467 0.48918331659 -1.19403062917e-18
v 0.0326161802998 0.489189244313 0.000340270092849
v 0.032617298344 0.489207020261 0.000680125619005
v 0.0338383787619 0.508621156327 0.000680125619005
v 0.0338394968061 0.508638932274 0.000340270092849
v 0.0338555627436 0.508894366964 0
v 0.033855180351 0.508888287248 -0.000348994967025
v 0.033854033639 0.508870055507 -0.000697564737441
v 0.0338521240048 0.508839693953 -0.00104528463268
v 0.0338494537749 0.508797239578 -0.0013917310096
v 0.0326062233309 0.489030937009 -0.0013917310096
v 0.032603553101 0.488988482634 -0.00104528463268
v 0.0326016434668 0.488958121081 -0.000697564737441
v 0.0326004967549 0.488939889339 -0.000348994967025
v 0.0326001143622 0.488933809623 -1.22464679915e-18
v 0.0326004967549 0.488939889339 0.000348994967025
v 0.0326016434668 0.488958121081 0.000697564737441
v 0.033854033639 0.508870055507 0.000697564737441
v 0.033855180351 0.508888287248 0.000348994967025
v 0.0312951445652 0.508551779487 0
v 0.0312948013998 0.508546002527 -0.000331545218674
v 0.0312937723215 0.508528678686 -0.000662686500569
v 0.0312920585841 0.508499829069 -0.000993020401043
v 0.0312896622756 0.508459488827 -0.00132214445912
v 0.0301739666978 0.489677503855 -0.00132214445912
v 0.0301715703893 0.489637163612 -0.000993020401043
v 0.0301698566519 0.489608313996 -0.000662686500569
v 0.0301688275736 0.489590990155 -0.000331545218674
v 0.0301684844082 0.489585213195 -1.16341445919e-18
v 0.0301688275736 0.489590990155 0.000331545218674
v 0.0301698566519 0.489608313996 0.000662686500569
v 0.0312937723215 0.508528678686 0.000662686500569
v 0.0312948013998 0.508546002527 0.000331545218674
v 0.031309969041 0.508801339569 0
v 0.0313096168448 0.508795410584 -0.000340270092849
v 0.0313085606855 0.508777630853 -0.000680125619005
v 0.0313068018498 0.508748022036 -0.00101915251686
v 0.0313043424806 0.508706620208 -0.00135693773436
v 0.0301592864928 0.489430372474 -0.00135693773436
v 0.0301568271236 0.489388970646 -0.00101915251686
v 0.0301550682879 0.489359361829 -0.000680125619005
v 0.0301540121286 0.489341582098 -0.000340270092849
v 0.0301536599324 0.489335653112 -1.19403062917e-18
v 0.0301540121286 0.489341582098 0.000340270092849
v 0.0301550682879 0.489359361829 0.000680125619005
v 0.0313085606855 0.508777630853 0.000680125619005
v 0.0313096168448 0.508795410584 0.000340270092849
v 0.0313247935167 0.509050899652 0
v 0.0313244322899 0.509044818642 -0.000348994967025
v 0.0313233490496 0.509026583019 -0.000697564737441
v 0.0313215451155 0.508996215002 -0.00104528463268
v 0.0313190226856 0.508953751589 -0.0013917310096
v 0.0301446062878 0.489183241092 -0.0013917310096
v 0.0301420838578 0.489140777679 -0.00104528463268
v 0.0301402799238 0.489110409662 -0.000697564737441
v 0.0301391966835 0.48909217404 -0.000348994967025
v 0.0301388354567 0.48908609303 -1.22464679915e-18
v 0.0301391966835 0.48909217404 0.000348994967025
v 0.0301402799238 0.489110409662 0.000697564737441
v 0.0313233490496 0.509026583019 0.000697564737441
v 0.0313244322899 0.509044818642 0.000348994967025
v 0.0287494561074 0.508696734752 0
v 0.0287491427528 0.508690956099 -0.000331545218674
v 0.0287482030706 0.508673627178 -0.000662686500569
v 0.0287466382056 0.508644769104 -0.000993020401043
v 0.0277234868743 0.489776573555 -0.000993020401043
v 0.0277219220094 0.489747715481 -0.000662686500569
v 0.0277209823272 0.48973038656 -0.000331545218674
v 0.0277206689726 0.489724607907 -1.16341445919e-18
v 0.0277209823272 0.48973038656 0.000331545218674
v 0.0287491427528 0.508690956099 0.000331545218674
v 0.0287629927803 0.508946368 0
v 0.0287626711794 0.508940437277 -0.000340270092849
v 0.0287617067687 0.508922652332 -0.000680125619005
v 0.0287601007232 0.508893034835 -0.00101915251686
v 0.0277100243568 0.489528307824 -0.00101915251686
v 0.0277084183113 0.489498690327 -0.000680125619005
v 0.0277074539006 0.489480905382 -0.000340270092849
v 0.0277071322997 0.489474974659 -1.19403062917e-18
v 0.0277074539006 0.489480905382 0.000340270092849
v 0.0287626711794 0.508940437277 0.000340270092849
v 0.0287765294531 0.509196001248 0
v 0.0287761996061 0.509189918455 -0.000348994967025
v 0.0287752104669 0.509171677486 -0.000697564737441
v 0.0287735632407 0.509141300566 -0.00104528463268
v 0.0276965618393 0.489280042093 -0.00104528463268
v 0.0276949146131 0.489249665173 -0.000697564737441
v 0.0276939254739 0.489231424204 -0.000348994967025
v 0.0276935956269 0.489225341411 -1.22464679915e-18
v 0.0276939254739 0.489231424204 0.000348994967025
v 0.0287761996061 0.509189918455 0.000348994967025
v 0.0262038136607 0.508827867309 0
v 0.0262035296405 0.50882208714 -0.000331545218674
v 0.0262026779259 0.508804753673 -0.000662686500569
v 0.0262012595547 0.508775888028 -0.000993020401043
v 0.0261992762548 0.508735525372 -0.00132214445912
v 0.0252758730694 0.489943105021 -0.00132214445912
v 0.0252738897695 0.489902742365 -0.000993020401043
v 0.0252724713983 0.48987387672 -0.000662686500569
v 0.0252716196837 0.489856543253 -0.000331545218674
v 0.0252713356635 0.489850763084 -1.16341445919e-18
v 0.0252716196837 0.489856543253 0.000331545218674
v 0.0262035296405 0.50882208714 0.000331545218674
v 0.026216083108 0.509077566049 0
v 0.0262157916136 0.50907163377 -0.000340270092849
v 0.0262149174855 0.509053844159 -0.000680125619005
v 0.0262134617887 0.509024218892 -0.00101915251686
v 0.0262114262967 0.508982794061 -0.00135693773436
v 0.0252637230275 0.489695836332 -0.00135693773436
v 0.0252616875355 0.489654411501 -0.00101915251686
v 0.0252602318387 0.489624786234 -0.000680125619005
v 0.0252593577106 0.489606996623 -0.000340270092849
v 0.0252590662162 0.489601064344 -1.19403062917e-18
v 0.0252593577106 0.489606996623 0.000340270092849
v 0.0262157916136 0.50907163377 0.000340270092849
v 0.0262283525553 0.509327264789 0
v 0.0262280535867 0.5093211804 -0.000348994967025
v 0.0262271570451 0.509302934646 -0.000697564737441
v 0.0262256640227 0.509272549756 -0.00104528463268
v 0.0262235763386 0.50923006275 -0.0013917310096
v 0.0252515729856 0.489448567643 -0.0013917310096
v 0.0252494853015 0.489406080637 -0.00104528463268
v 0.0252479922791 0.489375695747 -0.000697564737441
v 0.0252470957375 0.489357449993 -0.000348994967025
v 0.0252467967688 0.489351365604 -1.22464679915e-18
v 0.0252470957375 0.489357449993 0.000348994967025
v 0.0262280535867 0.5093211804 0.000348994967025
v 0.023657676021 0.508946930047 0
v 0.0236574212838 0.508941148513 -0.000331545218674
v 0.0236566573827 0.508923810955 -0.000662686500569
v 0.0236553852484 0.508894938495 -0.000993020401043
v 0.0236536064308 0.508854566311 -0.00132214445912
v 0.0228254079732 0.490057709567 -0.00132214445912
v 0.0228236291555 0.490017337383 -0.000993020401043
v 0.0228223570212 0.489988464924 -0.000662686500569
v 0.0228215931201 0.489971127365 -0.000331545218674
v 0.022821338383 0.489965345831 -1.16341445919e-18
v 0.0228215931201 0.489971127365 0.000331545218674
v 0.0236574212838 0.508941148513 0.000331545218674
v 0.0236686804636 0.509196687734 0
v 0.0236684190228 0.509190754055 -0.000340270092849
v 0.0236676350191 0.509172960245 -0.000680125619005
v 0.0236663294075 0.509143327983 -0.00101915251686
v 0.0236645037789 0.509101893373 -0.00135693773436
v 0.0228145106251 0.489810382505 -0.00135693773436
v 0.0228126849964 0.489768947895 -0.00101915251686
v 0.0228113793849 0.489739315634 -0.000680125619005
v 0.0228105953811 0.489721521824 -0.000340270092849
v 0.0228103339404 0.489715588144 -1.19403062917e-18
v 0.0228105953811 0.489721521824 0.000340270092849
v 0.0236684190228 0.509190754055 0.000340270092849
v 0.0236796849062 0.509446445421 0
v 0.0236794167618 0.509440359596 -0.000348994967025
v 0.0236786126554 0.509422109534 -0.000697564737441
v 0.0236772735667 0.509391717472 -0.00104528463268
v 0.023675401127 0.509349220436 -0.0013917310096
v 0.0228036132769 0.489563055443 -0.0013917310096
v 0.0228017408373 0.489520558407 -0.00104528463268
v 0.0228004017485 0.489490166344 -0.000697564737441
v 0.0227995976421 0.489471916282 -0.000348994967025
v 0.0227993294978 0.489465830457 -1.22464679915e-18
v 0.0227995976421 0.489471916282 0.000348994967025
v 0.0236794167618 0.509440359596 0.000348994967025
v 0.0211075774081 0.509052392235 0
v 0.0211073540102 0.509046609405 -0.000331545218674
v 0.0203743541357 0.490072336764 -0.000331545218674
v 0.0203741307377 0.490066553934 -1.16341445919e-18
v 0.0203743541357 0.490072336764 0.000331545218674
v 0.0203750240573 0.490089678208 0.000662686500569
v 0.0211066840885 0.509029267961 0.000662686500569
v 0.0211073540102 0.509046609405 0.000331545218674
v 0.0211172280222 0.509302205897 0
v 0.0211169987454 0.509296270887 -0.000340270092849
v 0.0203647094005 0.489822675282 -0.000340270092849
v 0.0203644801236 0.489816740272 -1.19403062917e-18
v 0.0203647094005 0.489822675282 0.000340270092849
v 0.0203653969516 0.48984047308 0.000680125619005
v 0.0211163111942 0.509278473089 0.000680125619005
v 0.0211169987454 0.509296270887 0.000340270092849
v 0.0211268786363 0.509552019559 0
v 0.0203548295095 0.489566926611 -1.22464679915e-18
v 0.0203550646653 0.4895730138 0.000348994967025
v 0.020355769846 0.489591267952 0.000697564737441
v 0.0211259382998 0.509527678218 0.000697564737441
v 0.0211266434805 0.509545932369 0.000348994967025
v 0.0185576710208 0.509143953581 0
v 0.0185574785204 0.50913816964 -0.000331545218674
v 0.0185569012537 0.509120824865 -0.000662686500569
v 0.0179264350633 0.490177596555 -0.000662686500569
v 0.0179258577967 0.49016025178 -0.000331545218674
v 0.0179256652963 0.490154467839 -1.16341445919e-18
v 0.0179258577967 0.49016025178 0.000331545218674
v 0.0179264350633 0.490177596555 0.000662686500569
v 0.017927396393 0.490206481034 0.000993020401043
v 0.0179287406144 0.490246870024 0.00132214445912
v 0.0185545957027 0.509051551396 0.00132214445912
v 0.0185559399241 0.509091940386 0.000993020401043
v 0.0185569012537 0.509120824865 0.000662686500569
v 0.0185574785204 0.50913816964 0.000331545218674
v 0.0185659868856 0.509393815236 0
v 0.0185657893194 0.509387879086 -0.000340270092849
v 0.0185651968615 0.509370077869 -0.000680125619005
v 0.0179181394556 0.489928343551 -0.000680125619005
v 0.0179175469977 0.489910542334 -0.000340270092849
v 0.0179173494315 0.489904606184 -1.19403062917e-18
v 0.0179175469977 0.489910542334 0.000340270092849
v 0.0179181394556 0.489928343551 0.000680125619005
v 0.0179191260834 0.489957988147 0.00101915251686
v 0.017920505679 0.489999440006 0.00135693773436
v 0.0185628306381 0.509298981414 0.00135693773436
v 0.0185642102337 0.509340433272 0.00101915251686
v 0.0185651968615 0.509370077869 0.000680125619005
v 0.0185657893194 0.509387879086 0.000340270092849
v 0.0185743027504 0.50964367689 0
v 0.0185741001184 0.509637588531 -0.000348994967025
v 0.0185734924693 0.509619330873 -0.000697564737441
v 0.0179098438478 0.489679090547 -0.000697564737441
v 0.0179092361987 0.489660832888 -0.000348994967025
v 0.0179090335667 0.48965474453 -1.22464679915e-18
v 0.0179092361987 0.489660832888 0.000348994967025
v 0.0179098438478 0.489679090547 0.000697564737441
v 0.0179108557738 0.489709495261 0.00104528463268
v 0.0179122707436 0.489752009988 0.0013917310096
v 0.0185710655734 0.509546411432 0.0013917310096
v 0.0185724805433 0.509588926159 0.00104528463268
v 0.0185734924693 0.509619330873 0.000697564737441
v 0.0185741001184 0.509637588531 0.000348994967025
v 0.0160109947965 0.509222034998 0
v 0.0154732665041 0.490235435241 -0.000331545218674
v 0.0154731026694 0.490229650418 -1.16341445919e-18
v 0.0154732665041 0.490235435241 0.000331545218674
v 0.0154737578085 0.490252782665 0.000662686500569
v 0.0154745759841 0.490281671553 0.000993020401043
v 0.015475720034 0.490322066708 0.00132214445912
v 0.0160083774319 0.509129618708 0.00132214445912
v 0.0160095214818 0.509170013863 0.000993020401043
v 0.0160103396574 0.509198902751 0.000662686500569
v 0.0160108309618 0.509216250175 0.000331545218674
v 0.0160180723245 0.509471934795 0
v 0.0154661932875 0.489985687677 -0.000340270092849
v 0.0154660251414 0.489979750621 -1.19403062917e-18
v 0.0154661932875 0.489985687677 0.000340270092849
v 0.015466697521 0.490003491611 0.000680125619005
v 0.0154675372275 0.490033140733 0.00101915251686
v 0.015468711384 0.490074598919 0.00135693773436
v 0.0160153860819 0.509377086497 0.00135693773436
v 0.0160165602384 0.509418544683 0.00101915251686
v 0.0160173999449 0.509448193805 0.000680125619005
v 0.0160179041784 0.50946599774 0.000340270092849
v 0.0160251498525 0.509721834593 0
v 0.015459120071 0.489735940112 -0.000348994967025
v 0.0154589476134 0.489729850823 -1.22464679915e-18
v 0.015459120071 0.489735940112 0.000348994967025
v 0.0154596372335 0.489754200557 0.000697564737441
v 0.015460498471 0.489784609913 0.00104528463268
v 0.015461702734 0.489827131129 0.0013917310096
v 0.0160235989949 0.509667075503 0.00104528463268
v 0.0160244602324 0.509697484859 0.000697564737441
v 0.0160249773949 0.509715745304 0.000348994967025
v 0.0134783512243 0.509287867752 0
v 0.0134782073026 0.509282082398 -0.000331545218674
v 0.0130059802662 0.490299529548 -0.000331545218674
v 0.0130058363445 0.490293744195 -1.16341445919e-18
v 0.0130059802662 0.490299529548 0.000331545218674
v 0.0130064118558 0.49031687856 0.000662686500569
v 0.0130071305875 0.490345770093 0.000993020401043
v 0.0134770569813 0.509235841853 0.000993020401043
v 0.013477775713 0.509264733386 0.000662686500569
v 0.0134782073026 0.509282082398 0.000331545218674
v 0.0134845685253 0.50953779043 0
v 0.0134844208163 0.50953185283 -0.000340270092849
v 0.0129997667525 0.490049759116 -0.000340270092849
v 0.0129996190435 0.490043821516 -1.19403062917e-18
v 0.0129997667525 0.490049759116 0.000340270092849
v 0.0130002096997 0.490067564681 0.000680125619005
v 0.0130009473455 0.490097216517 0.00101915251686
v 0.0134832402233 0.509484395429 0.00101915251686
v 0.013483977869 0.509514047266 0.000680125619005
v 0.0134844208163 0.50953185283 0.000340270092849
v 0.0134907858264 0.509787713108 0
v 0.0134906343299 0.509781623263 -0.000348994967025
v 0.0129935532389 0.489799988684 -0.000348994967025
v 0.0129934017424 0.489793898838 -1.22464679915e-18
v 0.0129935532389 0.489799988684 0.000348994967025
v 0.0129940075437 0.489818250801 0.000697564737441
v 0.0129947641034 0.489848662941 0.00104528463268
v 0.0134894234653 0.509732949005 0.00104528463268
v 0.0134901800251 0.509763361145 0.000697564737441
v 0.0134906343299 0.509781623263 0.000348994967025
v 0.010943691589 0.509348087138 0
v 0.0105403121483 0.490352369593 -1.16341445919e-18
v 0.0105404350122 0.490358155432 0.000331545218674
v 0.0105408034543 0.4903755059 0.000662686500569
v 0.0105414170257 0.490404399857 0.000993020401043
v 0.0105422749788 0.490444802102 0.00132214445912
v 0.0105433762683 0.490496663409 0.00164965768784
v 0.0105447195526 0.490559920595 0.00197516106277
v 0.0109392841847 0.509140536135 0.00197516106277
v 0.0109406274689 0.509203793321 0.00164965768784
v 0.0109417287585 0.509255654629 0.00132214445912
v 0.0109425867116 0.509296056873 0.000993020401043
v 0.0109432002829 0.509324950831 0.000662686500569
v 0.010943568725 0.509342301299 0.000331545218674
v 0.0109489992132 0.509598030789 0
v 0.0105350045241 0.490102425941 -1.19403062917e-18
v 0.0105351306213 0.490108364039 0.000340270092849
v 0.0105355087592 0.490126171098 0.000680125619005
v 0.0105361384772 0.490155825423 0.00101915251686
v 0.010537019008 0.490197290884 0.00135693773436
v 0.0105381492788 0.490250516963 0.00169306973225
v 0.0105395279127 0.490315438812 0.00202713898547
v 0.0109444758246 0.509385017919 0.00202713898547
v 0.0109458544584 0.509449939767 0.00169306973225
v 0.0109469847293 0.509503165846 0.00135693773436
v 0.0109478652601 0.509544631308 0.00101915251686
v 0.0109484949781 0.509574285633 0.000680125619005
v 0.010948873116 0.509592092692 0.000340270092849
v 0.0109543068374 0.509847974441 0
v 0.0105296968998 0.489852482289 -1.22464679915e-18
v 0.0105298262303 0.489858572646 0.000348994967025
v 0.0105302140641 0.489876836296 0.000697564737441
v 0.0105308599287 0.489907250988 0.00104528463268
v 0.0105317630372 0.489949779667 0.0013917310096
v 0.0105329222894 0.490004370517 0.00173648177667
v 0.0105343362728 0.490070957028 0.00207911690818
v 0.0109496674645 0.509629499702 0.00207911690818
v 0.0109510814479 0.509696086214 0.00173648177667
v 0.0109522407 0.509750677064 0.0013917310096
v 0.0109531438086 0.509793205742 0.00104528463268
v 0.0109537896732 0.509823620434 0.000697564737441
v 0.010954177507 0.509841884085 0.000348994967025
v 0.00840964469967 0.50939550635 0
v 0.00840954235614 0.509389720112 -0.000331545218674
v 0.00807373894927 0.490404263911 -0.000331545218674
v 0.00807363660574 0.490398477673 -1.16341445919e-18
v 0.0084140658588 0.509645467254 0
v 0.00841396082202 0.509639528746 -0.000340270092849
v 0.00806932048339 0.490154455277 -0.000340270092849
v 0.00806921544661 0.490148516769 -1.19403062917e-18
v 0.00841848701793 0.509895428157 0
v 0.0084183792879 0.50988933738 -0.000348994967025
v 0.00806490201751 0.489904646643 -0.000348994967025
v 0.00806479428748 0.489898555865 -1.22464679915e-18
v 0.00586950438494 0.50943781311 0
v 0.0058694262239 0.509432026494 -0.000331545218674
v 0.00561289075681 0.490439546098 -1.16341445919e-18
v 0.00587288088005 0.509687790307 0
v 0.00587280066214 0.509681851413 -0.000340270092849
v 0.0056095142617 0.490189568901 -1.19403062917e-18
v 0.00587625737516 0.509937767505 0
v 0.00587617510037 0.509931676331 -0.000348994967025
v 0.00560613776659 0.489939591703 -1.22464679915e-18
v 0.00332952319457 0.509464126208 0
v 0.00332946898628 0.509458339319 -0.000331545218674
v 0.00332930642745 0.509440985701 -0.000662686500569
v 0.00332903571613 0.509412086497 -0.000993020401043
v 0.00332865718216 0.509371676917 -0.00132214445912
v 0.0031524158144 0.490557409058 -0.00132214445912
v 0.00315203728042 0.490516999478 -0.000993020401043
v 0.00315176656911 0.490488100274 -0.000662686500569
v 0.00315160401028 0.490470746656 -0.000331545218674
v 0.00315154980199 0.490464959767 -1.16341445919e-18
v 0.00315160401028 0.490470746656 0.000331545218674
v 0.00332946898628 0.509458339319 0.000331545218674
v 0.00333186494973 0.50971411524 0
v 0.00333180931491 0.509708176064 -0.000340270092849
v 0.00333164247821 0.509690365772 -0.000680125619005
v 0.00333136464292 0.509660706063 -0.00101915251686
v 0.00314970835364 0.490268379912 -0.00101915251686
v 0.00314943051834 0.490238720203 -0.000680125619005
v 0.00314926368165 0.490220909911 -0.000340270092849
v 0.00314920804682 0.490214970735 -1.19403062917e-18
v 0.00314926368165 0.490220909911 0.000340270092849
v 0.00333180931491 0.509708176064 0.000340270092849
v 0.0033342067049 0.509964104272 0
v 0.00333414964354 0.50995801281 -0.000348994967025
v 0.00333397852898 0.509939745844 -0.000697564737441
v 0.0033336935697 0.509909325629 -0.00104528463268
v 0.00314737942685 0.490019760345 -0.00104528463268
v 0.00314709446757 0.489989340131 -0.000697564737441
v 0.00314692335302 0.489971073165 -0.000348994967025
v 0.00314686629166 0.489964981702 -1.22464679915e-18
v 0.00314692335302 0.489971073165 0.000348994967025
v 0.00333414964354 0.50995801281 0.000348994967025
v 0.000795092857805 0.509485368833 0
v 0.000795059193563 0.509479581788 -0.000331545218674
v 0.000794958241849 0.509462227702 -0.000662686500569
v 0.000794790125659 0.50943332772 -0.000993020401043
v 0.000684871178144 0.490537731414 -0.000993020401043
v 0.000684703061954 0.490508831431 -0.000662686500569
v 0.000684602110241 0.490491477346 -0.000331545218674
v 0.000684568445998 0.4904856903 -1.16341445919e-18
v 0.000684602110241 0.490491477346 0.000331545218674
v 0.000684703061954 0.490508831431 0.000662686500569
v 0.000684871178144 0.490537731414 0.000993020401043
v 0.000794790125659 0.50943332772 0.000993020401043
v 0.000794958241849 0.509462227702 0.000662686500569
v 0.000795059193563 0.509479581788 0.000331545218674
v 0.000796547126382 0.509735364603 0
v 0.000796512576238 0.509729425267 -0.000340270092849
v 0.000796408967901 0.509711614495 -0.000680125619005
v 0.0007962364276 0.509681953987 -0.00101915251686
v 0.000683424876203 0.490289105147 -0.00101915251686
v 0.000683252335903 0.490259444638 -0.000680125619005
v 0.000683148727565 0.490241633866 -0.000340270092849
v 0.000683114177421 0.49023569453 -1.19403062917e-18
v 0.000683148727565 0.490241633866 0.000340270092849
v 0.000683252335903 0.490259444638 0.000680125619005
v 0.000683424876203 0.490289105147 0.00101915251686
v 0.0007962364276 0.509681953987 0.00101915251686
v 0.000796408967901 0.509711614495 0.000680125619005
v 0.000796512576238 0.509729425267 0.000340270092849
v 0.000798001394958 0.509985360374 0
v 0.000797965958913 0.509979268747 -0.000348994967025
v 0.000797859693952 0.509961001288 -0.000697564737441
v 0.000797682729541 0.509930580254 -0.00104528463268
v 0.000681978574262 0.490040478879 -0.00104528463268
v 0.000681801609851 0.490010057845 -0.000697564737441
v 0.00068169534489 0.489991790387 -0.000348994967025
v 0.000681659908845 0.48998569876 -1.22464679915e-18
v 0.00068169534489 0.489991790387 0.000348994967025
v 0.000681801609851 0.490010057845 0.000697564737441
v 0.000681978574262 0.490040478879 0.00104528463268
v 0.000797859693952 0.509961001288 0.000697564737441
v 0.000797965958913 0.509979268747 0.000348994967025
v -0.00175134206158 0.509493632651 0
v -0.00175134791596 0.509487845511 -0.000331545218674
v -0.00175136547196 0.509470491141 -0.000662686500569
v -0.00175139470821 0.509441590684 -0.000993020401043
v -0.0017705393992 0.490516783884 -0.000662686500569
v -0.00177055695521 0.490499429514 -0.000331545218674
v -0.00177056280959 0.490493642374 -1.16341445919e-18
v -0.00177055695521 0.490499429514 0.000331545218674
v -0.0017705393992 0.490516783884 0.000662686500569
v -0.00177051016295 0.490545684341 0.000993020401043
v -0.00177046928209 0.490586095673 0.00132214445912
v -0.00175148806475 0.509349306379 0.00164965768784
v -0.00175143558908 0.509401179352 0.00132214445912
v -0.00175139470821 0.509441590684 0.000993020401043
v -0.00175136547196 0.509470491141 0.000662686500569
v -0.00175134791596 0.509487845511 0.000331545218674
v -0.001751089157 0.509743632524 0
v -0.00175109516544 0.50973769309 -0.000340270092849
v -0.00175111318345 0.509719882026 -0.000680125619005
v -0.00175114318907 0.509690221031 -0.00101915251686
v -0.00177079168772 0.490267392999 -0.000680125619005
v -0.00177080970572 0.490249581935 -0.000340270092849
v -0.00177081571417 0.490243642501 -1.19403062917e-18
v -0.00177080970572 0.490249581935 0.000340270092849
v -0.00177079168772 0.490267392999 0.000680125619005
v -0.0017707616821 0.490297053994 0.00101915251686
v -0.00177071972542 0.490338528783 0.00135693773436
v -0.00175118514575 0.509648746242 0.00135693773436
v -0.00175114318907 0.509690221031 0.00101915251686
v -0.00175111318345 0.509719882026 0.000680125619005
v -0.00175109516544 0.50973769309 0.000340270092849
v -0.00175083625242 0.509993632396 0
v -0.00175084241492 0.509987540669 -0.000348994967025
v -0.00175086089493 0.509969272911 -0.000697564737441
v -0.00175089166993 0.509938851377 -0.00104528463268
v -0.00177104397623 0.490018002114 -0.000697564737441
v -0.00177106245624 0.489999734356 -0.000348994967025
v -0.00177106861875 0.489993642629 -1.22464679915e-18
v -0.00177106245624 0.489999734356 0.000348994967025
v -0.00177104397623 0.490018002114 0.000697564737441
v -0.00177101320124 0.490048423648 0.00104528463268
v -0.00177097016875 0.490090961892 0.0013917310096
v -0.00175093470242 0.509896313133 0.0013917310096
v -0.00175089166993 0.509938851377 0.00104528463268
v -0.00175086089493 0.509969272911 0.000697564737441
v -0.00175084241492 0.509987540669 0.000348994967025
v -0.00429767563206 0.509490521319 0
v -0.00429765374565 0.509484734217 -0.000331545218674
v -0.0042258413565 0.490496444298 -0.000331545218674
v -0.00422581947009 0.490490657196 -1.16341445919e-18
v -0.0042258413565 0.490496444298 0.000331545218674
v -0.00422590698908 0.490513798553 0.000662686500569
v -0.00422601628787 0.490542698818 0.000993020401043
v -0.00429747881428 0.509438479697 0.000993020401043
v -0.00429758811306 0.509467379962 0.000662686500569
v -0.00429765374565 0.509484734217 0.000331545218674
v -0.00429862110788 0.509740519531 0
v -0.0042985986455 0.509734580137 -0.000340270092849
v -0.00422489645664 0.490246598378 -0.000340270092849
v -0.00422487399427 0.490240658984 -1.19403062917e-18
v -0.00422489645664 0.490246598378 0.000340270092849
v -0.0042249638164 0.490264409324 0.000680125619005
v -0.00429841911068 0.509687108393 0.00101915251686
v -0.00429853128575 0.509716769191 0.000680125619005
v -0.0042985986455 0.509734580137 0.000340270092849
v -0.00429956658369 0.509990517743 0
v -0.00429954354536 0.509984426057 -0.000348994967025
v -0.00422395155679 0.489996752458 -0.000348994967025
v -0.00422392851845 0.489990660772 -1.22464679915e-18
v -0.00422395155679 0.489996752458 0.000348994967025
v -0.00422402064372 0.490015020095 0.000697564737441
v -0.00429947445843 0.50996615842 0.000697564737441
v -0.00429954354536 0.509984426057 0.000348994967025
v -0.00684587993783 0.50947435606 0
v -0.00684582914071 0.509468569139 -0.000331545218674
v -0.00684567681122 0.509451215429 -0.000662686500569
v -0.00667930900505 0.490498228641 -0.000662686500569
v -0.00667915667556 0.490480874931 -0.000331545218674
v -0.00667910587844 0.49047508801 -1.16341445919e-18
v -0.00667915667556 0.490480874931 0.000331545218674
v -0.00667930900505 0.490498228641 0.000662686500569
v -0.00684567681122 0.509451215429 0.000662686500569
v -0.00684582914071 0.509468569139 0.000331545218674
v -0.00684807433335 0.509724346429 0
v -0.00684802219946 0.509718407221 -0.000340270092849
v -0.0068478658613 0.509700596834 -0.000680125619005
v -0.00667711995497 0.490248847236 -0.000680125619005
v -0.00667696361681 0.490231036849 -0.000340270092849
v -0.00667691148292 0.490225097641 -1.19403062917e-18
v -0.00667696361681 0.490231036849 0.000340270092849
v -0.00667711995497 0.490248847236 0.000680125619005
v -0.0068478658613 0.509700596834 0.000680125619005
v -0.00684802219946 0.509718407221 0.000340270092849
v -0.00685026872887 0.509974336798 0
v -0.00685021525821 0.509968245303 -0.000348994967025
v -0.00685005491138 0.509949978239 -0.000697564737441
v -0.00667493090489 0.489999465831 -0.000697564737441
v -0.00667477055806 0.489981198767 -0.000348994967025
v -0.0066747170874 0.489975107272 -1.22464679915e-18
v -0.00667477055806 0.489981198767 0.000348994967025
v -0.00667493090489 0.489999465831 0.000697564737441
v -0.00685005491138 0.509949978239 0.000697564737441
v -0.00685021525821 0.509968245303 0.000348994967025
v -0.00939806292803 0.509445729222 0
v -0.00939798073124 0.509439942662 -0.000331545218674
v -0.00939773424102 0.509422590033 -0.000662686500569
v -0.00912852807403 0.490470784989 -0.000662686500569
v -0.00912828158381 0.49045343236 -0.000331545218674
v -0.00912819938702 0.490447645801 -1.16341445919e-18
v -0.00912828158381 0.49045343236 0.000331545218674
v -0.00939798073124 0.509439942662 0.000331545218674
v -0.00940161376409 0.509695704003 0
v -0.00940152940423 0.509689765166 -0.000340270092849
v -0.00940127642742 0.509671955889 -0.000680125619005
v -0.00912498588762 0.490221419133 -0.000680125619005
v -0.00912473291082 0.490203609856 -0.000340270092849
v -0.00912464855096 0.490197671019 -1.19403062917e-18
v -0.00912473291082 0.490203609856 0.000340270092849
v -0.00940152940423 0.509689765166 0.000340270092849
v -0.00940516460016 0.509945678785 0
v -0.00940507807722 0.50993958767 -0.000348994967025
v -0.00940481861383 0.509921321745 -0.000697564737441
v -0.00912144370122 0.489972053277 -0.000697564737441
v -0.00912118423783 0.489953787352 -0.000348994967025
v -0.00912109771489 0.489947696237 -1.22464679915e-18
v -0.00912118423783 0.489953787352 0.000348994967025
v -0.00940507807722 0.50993958767 0.000348994967025
v -0.0119469491776 0.509401912708 0
v -0.0119468374577 0.509396126643 -0.000331545218674
v -0.0115802687499 0.490411239536 -0.000331545218674
v -0.0115801570299 0.490405453471 -1.16341445919e-18
v -0.0115802687499 0.490411239536 0.000331545218674
v -0.0115806037736 0.490428590681 0.000662686500569
v -0.0115811616928 0.490457485767 0.000993020401043
v -0.0115819418279 0.490497889589 0.00132214445912
v -0.0115829432284 0.490549752922 0.00164965768784
v -0.0115841646742 0.490613012577 0.00197516106277
v -0.0115856046771 0.490687591484 0.0022982580082
v -0.0119415015304 0.509119774695 0.0022982580082
v -0.0119429415334 0.509194353602 0.00197516106277
v -0.0119441629791 0.509257613257 0.00164965768784
v -0.0119451643796 0.50930947659 0.00132214445912
v -0.0119459445147 0.509349880412 0.000993020401043
v -0.011946502434 0.509378775498 0.000662686500569
v -0.0119468374577 0.509396126643 0.000331545218674
v -0.0119517753901 0.509651866119 0
v -0.0119516607301 0.509645927789 -0.000340270092849
v -0.0115754454774 0.49016143839 -0.000340270092849
v -0.0115753308175 0.49015550006 -1.19403062917e-18
v -0.0115754454774 0.49016143839 0.000340270092849
v -0.0115757893175 0.490179246144 0.000680125619005
v -0.0115763619188 0.490208901627 0.00101915251686
v -0.0115771625838 0.490250368707 0.00135693773436
v -0.0115781903369 0.490303596865 0.00169306973225
v -0.011579443926 0.490368521248 0.00202713898547
v -0.0115809218238 0.490445062757 0.0023587384821
v -0.0119461843837 0.509362303422 0.0023587384821
v -0.0119476622815 0.509438844931 0.00202713898547
v -0.0119489158706 0.509503769314 0.00169306973225
v -0.0119499436237 0.509556997472 0.00135693773436
v -0.0119507442887 0.509598464552 0.00101915251686
v -0.01195131689 0.509628120035 0.000680125619005
v -0.0119516607301 0.509645927789 0.000340270092849
v -0.0119566016025 0.50990181953 0
v -0.0119564840026 0.509895728935 -0.000348994967025
v -0.0115706222049 0.489911637244 -0.000348994967025
v -0.011570504605 0.489905546649 -1.22464679915e-18
v -0.0115706222049 0.489911637244 0.000348994967025
v -0.0115709748614 0.489929901607 0.000697564737441
v -0.0115715621449 0.489960317487 0.00104528463268
v -0.0115723833397 0.490002847826 0.0013917310096
v -0.0115734374455 0.490057440807 0.00173648177667
v -0.0115747231779 0.490124029919 0.00207911690818
v -0.0119523830297 0.50968333626 0.00207911690818
v -0.0119536687621 0.509749925371 0.00173648177667
v -0.0119547228678 0.509804518353 0.0013917310096
v -0.0119555440627 0.509847048692 0.00104528463268
v -0.0119561313461 0.509877464572 0.000697564737441
v -0.0119564840026 0.509895728935 0.000348994967025
v -0.0144832070361 0.509347598274 0
v -0.0144830733649 0.509341812675 -0.000331545218674
v -0.0144826725143 0.509324462925 -0.000662686500569
v -0.0144820049726 0.509295570164 -0.000993020401043
v -0.0140455480006 0.490404695456 -0.000993020401043
v -0.0140448804589 0.490375802695 -0.000662686500569
v -0.0140444796083 0.490358452946 -0.000331545218674
v -0.0140443459371 0.490352667347 -1.16341445919e-18
v -0.0140444796083 0.490358452946 0.000331545218674
v -0.0140448804589 0.490375802695 0.000662686500569
v -0.0140455480006 0.490404695456 0.000993020401043
v -0.0140464814201 0.490445096028 0.00132214445912
v -0.0144810715531 0.509255169593 0.00132214445912
v -0.0144820049726 0.509295570164 0.000993020401043
v -0.0144826725143 0.509324462925 0.000662686500569
v -0.0144830733649 0.509341812675 0.000331545218674
v -0.0144889815242 0.509597531576 0
v -0.0144888443354 0.509591593724 -0.000340270092849
v -0.0144884329361 0.509573787402 -0.000680125619005
v -0.0144877478275 0.509544134305 -0.00101915251686
v -0.0140398051457 0.490156131315 -0.00101915251686
v -0.0140391200371 0.490126478218 -0.000680125619005
v -0.0140387086378 0.490108671897 -0.000340270092849
v -0.014038571449 0.490102734045 -1.19403062917e-18
v -0.0140387086378 0.490108671897 0.000340270092849
v -0.0140391200371 0.490126478218 0.000680125619005
v -0.0140398051457 0.490156131315 0.00101915251686
v -0.0140407631289 0.49019759506 0.00135693773436
v -0.0144867898443 0.509502670561 0.00135693773436
v -0.0144877478275 0.509544134305 0.00101915251686
v -0.0144884329361 0.509573787402 0.000680125619005
v -0.0144888443354 0.509591593724 0.000340270092849
v -0.0144947560124 0.509847464877 0
v -0.0144946153059 0.509841374773 -0.000348994967025
v -0.0144941933579 0.509823111879 -0.000697564737441
v -0.0144934906824 0.509792698446 -0.00104528463268
v -0.0140340622908 0.489907567174 -0.00104528463268
v -0.0140333596153 0.489877153742 -0.000697564737441
v -0.0140329376673 0.489858890848 -0.000348994967025
v -0.0140327969608 0.489852800743 -1.22464679915e-18
v -0.0140329376673 0.489858890848 0.000348994967025
v -0.0140333596153 0.489877153742 0.000697564737441
v -0.0140340622908 0.489907567174 0.00104528463268
v -0.0140350448377 0.489950094092 0.0013917310096
v -0.0144925081355 0.509750171529 0.0013917310096
v -0.0144934906824 0.509792698446 0.00104528463268
v -0.0144941933579 0.509823111879 0.000697564737441
v -0.0144946153059 0.509841374773 0.000348994967025
v -0.017024959991 0.509284566443 0
v -0.0170248009038 0.509278781487 -0.000331545218674
v -0.0170243238361 0.509261433666 -0.000662686500569
v -0.0165032907064 0.490314879602 -0.000662686500569
v -0.0165028136387 0.490297531782 -0.000331545218674
v -0.0165026545515 0.490291746825 -1.16341445919e-18
v -0.0165028136387 0.490297531782 0.000331545218674
v -0.0165032907064 0.490314879602 0.000662686500569
v -0.0165040851734 0.490343769152 0.000993020401043
v -0.0170224184707 0.509192148036 0.00132214445912
v -0.0170235293691 0.509232544116 0.000993020401043
v -0.0170243238361 0.509261433666 0.000662686500569
v -0.0170248009038 0.509278781487 0.000331545218674
v -0.017031832431 0.509534471964 0
v -0.0170316691573 0.509528534772 -0.000340270092849
v -0.0170311795352 0.50951073043 -0.000680125619005
v -0.0164964350073 0.490065582838 -0.000680125619005
v -0.0164959453852 0.490047778496 -0.000340270092849
v -0.0164957821115 0.490041841304 -1.19403062917e-18
v -0.0164959453852 0.490047778496 0.000340270092849
v -0.0164964350073 0.490065582838 0.000680125619005
v -0.0164972503814 0.490095232639 0.00101915251686
v -0.0170303641611 0.509481080629 0.00101915251686
v -0.0170311795352 0.50951073043 0.000680125619005
v -0.0170316691573 0.509528534772 0.000340270092849
v -0.017038704871 0.509784377486 0
v -0.0170385374108 0.509778288058 -0.000348994967025
v -0.0170380352343 0.509760027194 -0.000697564737441
v -0.0164895793083 0.489816286074 -0.000697564737441
v -0.0164890771317 0.48979802521 -0.000348994967025
v -0.0164889096715 0.489791935783 -1.22464679915e-18
v -0.0164890771317 0.48979802521 0.000348994967025
v -0.0164895793083 0.489816286074 0.000697564737441
v -0.0164904155893 0.489846696127 0.00104528463268
v -0.0170371989532 0.509729617142 0.00104528463268
v -0.0170380352343 0.509760027194 0.000697564737441
v -0.0170385374108 0.509778288058 0.000348994967025
v -0.0195752989537 0.509207521234 0
v -0.0195751089835 0.50920173721 -0.000331545218674
v -0.0195745393043 0.509184392183 -0.000662686500569
v -0.0195735906101 0.509155507287 -0.000993020401043
v -0.0195722640567 0.509115117713 -0.00132214445912
v -0.0195705612605 0.509063272669 -0.00164965768784
v -0.0189563378319 0.490362009406 -0.00164965768784
v -0.0189546350357 0.490310164362 -0.00132214445912
v -0.0189533084824 0.490269774788 -0.000993020401043
v -0.0189523597882 0.490240889892 -0.000662686500569
v -0.0189517901089 0.490223544866 -0.000331545218674
v -0.0189516001387 0.490217760841 -1.16341445919e-18
v -0.0189517901089 0.490223544866 0.000331545218674
v -0.0189523597882 0.490240889892 0.000662686500569
v -0.0195735906101 0.509155507287 0.000993020401043
v -0.0195745393043 0.509184392183 0.000662686500569
v -0.0195751089835 0.50920173721 0.000331545218674
v -0.0195835055171 0.509457386503 0
v -0.0195833105476 0.509451450267 -0.000340270092849
v -0.0195827258768 0.509433648792 -0.000680125619005
v -0.019581752217 0.509404003767 -0.00101915251686
v -0.0195803907544 0.50936255131 -0.00135693773436
v -0.0195786431477 0.509309341923 -0.00169306973225
v -0.0189482559447 0.490115940153 -0.00169306973225
v -0.018946508338 0.490062730766 -0.00135693773436
v -0.0189451468754 0.490021278308 -0.00101915251686
v -0.0189441732156 0.489991633283 -0.000680125619005
v -0.0189435885448 0.489973831808 -0.000340270092849
v -0.0189433935753 0.489967895573 -1.19403062917e-18
v -0.0189435885448 0.489973831808 0.000340270092849
v -0.0189441732156 0.489991633283 0.000680125619005
v -0.019581752217 0.509404003767 0.00101915251686
v -0.0195827258768 0.509433648792 0.000680125619005
v -0.0195833105476 0.509451450267 0.000340270092849
v -0.0195917120804 0.509707251771 0
v -0.0195915121118 0.509701163324 -0.000348994967025
v -0.0195909124494 0.509682905401 -0.000697564737441
v -0.0195899138239 0.509652500248 -0.00104528463268
v -0.019588517452 0.509609984906 -0.0013917310096
v -0.0195867250349 0.509555411176 -0.00173648177667
v -0.0189401740575 0.489869870899 -0.00173648177667
v -0.0189383816404 0.489815297169 -0.0013917310096
v -0.0189369852685 0.489772781828 -0.00104528463268
v -0.018935986643 0.489742376674 -0.000697564737441
v -0.0189353869806 0.489724118751 -0.000348994967025
v -0.018935187012 0.489718030304 -1.22464679915e-18
v -0.0189353869806 0.489724118751 0.000348994967025
v -0.018935986643 0.489742376674 0.000697564737441
v -0.0195909124494 0.509682905401 0.000697564737441
v -0.0195915121118 0.509701163324 0.000348994967025
v -0.0221236477655 0.509117113608 0
v -0.0221234278703 0.509111330644 -0.000331545218674
v -0.0221227684529 0.509093988798 -0.000662686500569
v -0.0221216703164 0.509065109197 -0.000993020401043
v -0.022120134799 0.509024727027 -0.00132214445912
v -0.0221181637713 0.508972891488 -0.00164965768784
v -0.0221157596348 0.508909665733 -0.00197516106277
v -0.0214095894793 0.490338282402 -0.00197516106277
v -0.0214071853427 0.490275056647 -0.00164965768784
v -0.021405214315 0.490223221108 -0.00132214445912
v -0.0214036787976 0.490182838938 -0.000993020401043
v -0.0214025806612 0.490153959337 -0.000662686500569
v -0.0214019212437 0.490136617491 -0.000331545218674
v -0.0214017013486 0.490130834527 -1.16341445919e-18
v -0.0214019212437 0.490136617491 0.000331545218674
v -0.0221234278703 0.509111330644 0.000331545218674
v -0.0221331470604 0.50936693307 0
v -0.0221329213786 0.509360997923 -0.000340270092849
v -0.022132244608 0.509343199711 -0.000680125619005
v -0.0221311175733 0.509313560121 -0.00101915251686
v -0.0221295416475 0.509272115263 -0.00135693773436
v -0.0221275187506 0.50921891563 -0.00169306973225
v -0.0221250513473 0.50915402604 -0.00202713898547
v -0.0214002977667 0.490093922095 -0.00202713898547
v -0.0213978303634 0.490029032505 -0.00169306973225
v -0.0213958074666 0.489975832872 -0.00135693773436
v -0.0213942315408 0.489934388014 -0.00101915251686
v -0.021393104506 0.489904748423 -0.000680125619005
v -0.0213924277355 0.489886950212 -0.000340270092849
v -0.0213922020536 0.489881015065 -1.19403062917e-18
v -0.0213924277355 0.489886950212 0.000340270092849
v -0.0221329213786 0.509360997923 0.000340270092849
v -0.0221426463554 0.509616752532 0
v -0.0221424148868 0.509610665201 -0.000348994967025
v -0.0221417207632 0.509592410625 -0.000697564737441
v -0.0221405648301 0.509562011046 -0.00104528463268
v -0.0221389484959 0.509519503498 -0.0013917310096
v -0.02213687373 0.509464939773 -0.00173648177667
v -0.0221343430599 0.509398386347 -0.00207911690818
v -0.0213910060541 0.489849561788 -0.00207911690818
v -0.0213884753841 0.489783008362 -0.00173648177667
v -0.0213864006181 0.489728444636 -0.0013917310096
v -0.0213847842839 0.489685937089 -0.00104528463268
v -0.0213836283509 0.489655537509 -0.000697564737441
v -0.0213829342272 0.489637282934 -0.000348994967025
v -0.0213827027587 0.489631195603 -1.22464679915e-18
v -0.0213829342272 0.489637282934 0.000348994967025
v -0.0221424148868 0.509610665201 0.000348994967025
v -0.0246701116598 0.509013799896 0
v -0.0246698626894 0.50900801811 -0.000331545218674
v -0.0246691160817 0.508990679798 -0.000662686500569
v -0.0246678727464 0.508961806084 -0.000993020401043
v -0.0246661341981 0.508921432146 -0.00132214445912
v -0.0238549461819 0.490083384743 -0.000993020401043
v -0.0238537028465 0.490054511029 -0.000662686500569
v -0.0238529562388 0.490037172717 -0.000331545218674
v -0.0238527072685 0.490031390932 -1.16341445919e-18
v -0.0238529562388 0.490037172717 0.000331545218674
v -0.0238537028465 0.490054511029 0.000662686500569
v -0.0246691160817 0.508990679798 0.000662686500569
v -0.0246698626894 0.50900801811 0.000331545218674
v -0.0246808669807 0.509263568435 0
v -0.0246806114585 0.509257634497 -0.000340270092849
v -0.0246798452033 0.509239839914 -0.000680125619005
v -0.0246785691485 0.509210206365 -0.00101915251686
v -0.0238442497797 0.489834984462 -0.00101915251686
v -0.023842973725 0.489805350914 -0.000680125619005
v -0.0238422074697 0.489787556331 -0.000340270092849
v -0.0238419519475 0.489781622393 -1.19403062917e-18
v -0.0238422074697 0.489787556331 0.000340270092849
v -0.023842973725 0.489805350914 0.000680125619005
v -0.0246798452033 0.509239839914 0.000680125619005
v -0.0246806114585 0.509257634497 0.000340270092849
v -0.0246916223016 0.509513336974 0
v -0.0246913602276 0.509507250884 -0.000348994967025
v -0.0246905743248 0.509489000029 -0.000697564737441
v -0.0246892655507 0.509458606646 -0.00104528463268
v -0.0238335533775 0.489586584182 -0.00104528463268
v -0.0238322446034 0.489556190798 -0.000697564737441
v -0.0238314587006 0.489537939944 -0.000348994967025
v -0.0238311966266 0.489531853854 -1.22464679915e-18
v -0.0238314587006 0.489537939944 0.000348994967025
v -0.0238322446034 0.489556190798 0.000697564737441
v -0.0246905743248 0.509489000029 0.000697564737441
v -0.0246913602276 0.509507250884 0.000348994967025
v -0.0272110854495 0.508898066296 0
v -0.0272108104211 0.508892285692 -0.000331545218674
v -0.0263084038221 0.489925315101 -0.000331545218674
v -0.0263081287937 0.489919534497 -1.16341445919e-18
v -0.0263084038221 0.489925315101 0.000331545218674
v -0.0263092285723 0.489942649871 0.000662686500569
v -0.027209985671 0.508874950922 0.000662686500569
v -0.0272108104211 0.508892285692 0.000331545218674
v -0.0272229664581 0.50914778382 0
v -0.0272226841921 0.509141851094 -0.000340270092849
v -0.0262965300511 0.489675749698 -0.000340270092849
v -0.0262962477851 0.489669816973 -1.19403062917e-18
v -0.0262965300511 0.489675749698 0.000340270092849
v -0.0262973765052 0.489693540647 0.000680125619005
v -0.0272218377381 0.509124060146 0.000680125619005
v -0.0272226841921 0.509141851094 0.000340270092849
v -0.0272348474668 0.509397501344 0
v -0.0272345579632 0.509391416497 -0.000348994967025
v -0.0262846562801 0.489426184296 -0.000348994967025
v -0.0262843667765 0.489420099449 -1.22464679915e-18
v -0.0262846562801 0.489426184296 0.000348994967025
v -0.0262855244381 0.489444431423 0.000697564737441
v -0.0272336898052 0.50937316937 0.000697564737441
v -0.0272345579632 0.509391416497 0.000348994967025
v -0.0297355941303 0.508772854139 0
v -0.0297353027854 0.508767074334 -0.000331545218674
v -0.0297344291056 0.508749741961 -0.000662686500569
v -0.0297329741553 0.508720878136 -0.000993020401043
v -0.0287816880199 0.489848922842 -0.000993020401043
v -0.0287802330697 0.489820059018 -0.000662686500569
v -0.0287793593899 0.489802726644 -0.000331545218674
v -0.0287790680449 0.489796946839 -1.16341445919e-18
v -0.0297481799999 0.50902253713 0
v -0.029747880988 0.509016605225 -0.000340270092849
v -0.0297469843166 0.508998816737 -0.000680125619005
v -0.0297454910782 0.508969193338 -0.00101915251686
v -0.0287691710971 0.489600607641 -0.00101915251686
v -0.0287676778587 0.489570984242 -0.000680125619005
v -0.0287667811873 0.489553195754 -0.000340270092849
v -0.0287664821754 0.489547263849 -1.19403062917e-18
v -0.0297607658694 0.509272220121 0
v -0.0297604591906 0.509266136115 -0.000348994967025
v -0.0297595395276 0.509247891512 -0.000697564737441
v -0.029758008001 0.509217508539 -0.00104528463268
v -0.0287566541743 0.48935229244 -0.00104528463268
v -0.0287551226477 0.489321909467 -0.000697564737441
v -0.0287542029847 0.489303664863 -0.000348994967025
v -0.0287538963058 0.489297580858 -1.22464679915e-18
v -0.0322734374929 0.508642838311 0
v -0.0322731215879 0.508637059796 -0.000331545218674
v -0.0322721742576 0.508619731292 -0.000662686500569
v -0.0312375403316 0.489694274387 -0.000662686500569
v -0.0312365930014 0.489676945884 -0.000331545218674
v -0.0312362770963 0.489671167369 -1.16341445919e-18
v -0.0312365930014 0.489676945884 0.000331545218674
v -0.0312375403316 0.489694274387 0.000662686500569
v -0.0312391179329 0.489723131768 0.000993020401043
v -0.0312413238832 0.489763482868 0.00132214445912
v -0.0312441554948 0.489815278524 0.00164965768784
v -0.0312476093179 0.489878455633 0.00197516106277
v -0.0322621052714 0.508435550046 0.00197516106277
v -0.0322655590945 0.508498727155 0.00164965768784
v -0.0322683907061 0.508550522812 0.00132214445912
v -0.0322705966564 0.508590873911 0.000993020401043
v -0.0322721742576 0.508619731292 0.000662686500569
v -0.0322731215879 0.508637059796 0.000331545218674
v -0.0322870843403 0.50889246556 0
v -0.0322867601219 0.508886534979 -0.000340270092849
v -0.0322857878619 0.508868750462 -0.000680125619005
v -0.0312239267273 0.489445255218 -0.000680125619005
v -0.0312229544673 0.489427470701 -0.000340270092849
v -0.031222630249 0.48942154012 -1.19403062917e-18
v -0.0312229544673 0.489427470701 0.000340270092849
v -0.0312239267273 0.489445255218 0.000680125619005
v -0.0312255458444 0.489474872003 0.00101915251686
v -0.031227809846 0.489516284974 0.00135693773436
v -0.0312307159737 0.489569443674 0.00169306973225
v -0.0322789986155 0.508744562006 0.00169306973225
v -0.0322819047433 0.508797720706 0.00135693773436
v -0.0322841687448 0.508839133676 0.00101915251686
v -0.0322857878619 0.508868750462 0.000680125619005
v -0.0322867601219 0.508886534979 0.000340270092849
v -0.0323007311876 0.509142092809 0
v -0.032300398656 0.509136010162 -0.000348994967025
v -0.0322994014662 0.509117769632 -0.000697564737441
v -0.031210313123 0.489196236048 -0.000697564737441
v -0.0312093159333 0.489177995518 -0.000348994967025
v -0.0312089834017 0.489171912871 -1.22464679915e-18
v -0.0312093159333 0.489177995518 0.000348994967025
v -0.031210313123 0.489196236048 0.000697564737441
v -0.031211973756 0.489226612238 0.00104528463268
v -0.0312142958089 0.48926908708 0.0013917310096
v -0.0312172764527 0.489323608824 0.00173648177667
v -0.0322924381366 0.508990396856 0.00173648177667
v -0.0322954187804 0.5090449186 0.0013917310096
v -0.0322977408333 0.509087393441 0.00104528463268
v -0.0322994014662 0.509117769632 0.000697564737441
v -0.032300398656 0.509136010162 0.000348994967025
v -0.0348246013501 0.508494572043 0
v -0.0348242521923 0.508488795442 -0.000331545218674
v -0.0336786168288 0.489534961247 -0.000331545218674
v -0.033678267671 0.489529184647 -1.16341445919e-18
v -0.0336786168288 0.489534961247 0.000331545218674
v -0.0336796638767 0.489552284012 0.000662686500569
v -0.033681407539 0.489581131835 0.000993020401043
v -0.0336838456913 0.48962146957 0.00132214445912
v -0.0348190233298 0.50840228712 0.00132214445912
v -0.0348214614821 0.508442624855 0.000993020401043
v -0.0348232051444 0.508471472678 0.000662686500569
v -0.0348242521923 0.508488795442 0.000331545218674
v -0.0348396846879 0.508744116614 0
v -0.0348393263418 0.508738187997 -0.000340270092849
v -0.0336635426793 0.489285568692 -0.000340270092849
v -0.0336631843332 0.489279640076 -1.19403062917e-18
v -0.0336635426793 0.489285568692 0.000340270092849
v -0.033664617281 0.489303347319 0.000680125619005
v -0.0336664068292 0.489332954295 0.00101915251686
v -0.0336689091434 0.489374353549 0.00135693773436
v -0.0348339598776 0.50864940314 0.00135693773436
v -0.0348364621919 0.508690802394 0.00101915251686
v -0.0348382517401 0.508720409371 0.000680125619005
v -0.0348393263418 0.508738187997 0.000340270092849
v -0.0348547680258 0.508993661185 0
v -0.0348544004913 0.508987580553 -0.000348994967025
v -0.0336484685298 0.489036176137 -0.000348994967025
v -0.0336481009953 0.489030095505 -1.22464679915e-18
v -0.0336484685298 0.489036176137 0.000348994967025
v -0.0336495706854 0.489054410626 0.000697564737441
v -0.0336514061194 0.489084776755 0.00104528463268
v -0.0336539725956 0.489127237529 0.0013917310096
v -0.0348488964255 0.508896519161 0.0013917310096
v -0.0348514629017 0.508938979934 0.00104528463268
v -0.0348532983357 0.508969346064 0.000697564737441
v -0.0348544004913 0.508987580553 0.000348994967025
v -0.0373560518448 0.508335718181 -3.81289750787e-19
v -0.0373556810216 0.50832994293 -0.000331545218674
v -0.0373545690039 0.508312624215 -0.000662686500569
v -0.0361400703961 0.489397858038 -0.000662686500569
v -0.0361389583783 0.489380539323 -0.000331545218674
v -0.0361385875552 0.489374764072 -1.54470420998e-18
v -0.0361389583783 0.489380539323 0.000331545218674
v -0.0361400703961 0.489397858038 0.000662686500569
v -0.0373545690039 0.508312624215 0.000662686500569
v -0.0373556810216 0.50832994293 0.000331545218674
v -0.0373720711117 0.508585204419 -3.81289750787e-19
v -0.0373716905301 0.508579277188 -0.000340270092849
v -0.0373705492487 0.508561502717 -0.000680125619005
v -0.0361240901512 0.489148979535 -0.000680125619005
v -0.0361229488699 0.489131205065 -0.000340270092849
v -0.0361225682882 0.489125277834 -1.57532037996e-18
v -0.0361229488699 0.489131205065 0.000340270092849
v -0.0361240901512 0.489148979535 0.000680125619005
v -0.0373705492487 0.508561502717 0.000680125619005
v -0.0373716905301 0.508579277188 0.000340270092849
v -0.0373880903787 0.508834690657 -3.81289750787e-19
v -0.0373877000385 0.508828611446 -0.000348994967025
v -0.0373865294935 0.50881038122 -0.000697564737441
v -0.0361081099064 0.488900101033 -0.000697564737441
v -0.0361069393614 0.488881870807 -0.000348994967025
v -0.0361065490212 0.488875791596 -1.60593654993e-18
v -0.0361069393614 0.488881870807 0.000348994967025
v -0.0361081099064 0.488900101033 0.000697564737441
v -0.0373865294935 0.50881038122 0.000697564737441
v -0.0373877000385 0.508828611446 0.000348994967025
v -0.0398677399833 0.508170810013 -3.81289750787e-19
v -0.0398673592532 0.508165035407 -0.000331545218674
v -0.0398662175266 0.508147718625 -0.000662686500569
v -0.0386192721521 0.489235063771 -0.000662686500569
v -0.0386181304255 0.489217746989 -0.000331545218674
v -0.0386177496953 0.489211972383 -1.54470420998e-18
v -0.0386181304255 0.489217746989 0.000331545218674
v -0.0386192721521 0.489235063771 0.000662686500569
v -0.0398662175266 0.508147718625 0.000662686500569
v -0.0398673592532 0.508165035407 0.000331545218674
v -0.039884187224 0.508420268403 -3.81289750787e-19
v -0.0398837964746 0.508414341834 -0.000340270092849
v -0.0398826247026 0.508396569347 -0.000680125619005
v -0.0386028649761 0.488986213049 -0.000680125619005
v -0.0386016932041 0.488968440562 -0.000340270092849
v -0.0386013024547 0.488962513993 -1.57532037996e-18
v -0.0386016932041 0.488968440562 0.000340270092849
v -0.0386028649761 0.488986213049 0.000680125619005
v -0.0398826247026 0.508396569347 0.000680125619005
v -0.0398837964746 0.508414341834 0.000340270092849
v -0.0399006344646 0.508669726793 -3.81289750787e-19
v -0.039900233696 0.50866364826 -0.000348994967025
v -0.0398990318785 0.508645420069 -0.000697564737441
v -0.0385864578001 0.488737362327 -0.000697564737441
v -0.0385852559826 0.488719134136 -0.000348994967025
v -0.0385848552141 0.488713055603 -1.60593654993e-18
v -0.0385852559826 0.488719134136 0.000348994967025
v -0.0385864578001 0.488737362327 0.000697564737441
v -0.0398990318785 0.508645420069 0.000697564737441
v -0.039900233696 0.50866364826 0.000348994967025
v -0.0423870929094 0.508003996035 -7.62579501575e-19
v -0.0423866975486 0.507998222412 -0.000331545218674
v -0.0423855119478 0.507980908579 -0.000662686500569
v -0.0423835375516 0.507952075629 -0.000993020401043
v -0.041090649054 0.489071473989 -0.000662686500569
v -0.0410894634533 0.489054160156 -0.000331545218674
v -0.0410890680924 0.489048386533 -1.92599396076e-18
v -0.0410894634533 0.489054160156 0.000331545218674
v -0.041090649054 0.489071473989 0.000662686500569
v -0.0423855119478 0.507980908579 0.000662686500569
v -0.0423866975486 0.507998222412 0.000331545218674
v -0.0424041721833 0.508253411949 -7.62579501575e-19
v -0.0424037664183 0.508247486389 -0.000340270092849
v -0.0424025496175 0.508229716929 -0.000680125619005
v -0.0410736113844 0.48882266564 -0.000680125619005
v -0.0410723945836 0.488804896179 -0.000340270092849
v -0.0410719888185 0.488798970619 -1.95661013074e-18
v -0.0410723945836 0.488804896179 0.000340270092849
v -0.0410736113844 0.48882266564 0.000680125619005
v -0.0424025496175 0.508229716929 0.000680125619005
v -0.0424037664183 0.508247486389 0.000340270092849
v -0.0424212514573 0.508502827864 -7.62579501575e-19
v -0.042420835288 0.508496750366 -0.000348994967025
v -0.0424195872871 0.508478525279 -0.000697564737441
v -0.0410565737147 0.48857385729 -0.000697564737441
v -0.0410553257139 0.488555632202 -0.000348994967025
v -0.0410549095446 0.488549554704 -1.98722630072e-18
v -0.0410553257139 0.488555632202 0.000348994967025
v -0.0410565737147 0.48857385729 0.000697564737441
v -0.0424195872871 0.508478525279 0.000697564737441
v -0.042420835288 0.508496750366 0.000348994967025
v -0.0449201669475 0.507824786475 0
v -0.0449197481234 0.507819014507 -0.000331545218674
v -0.0449184921614 0.507801705636 -0.000662686500569
v -0.0449164005916 0.507772880949 -0.000993020401043
v -0.0449134759624 0.507732575564 -0.00132214445912
v -0.0449097218369 0.507680838589 -0.00164965768784
v -0.0435555540354 0.489018557174 -0.00164965768784
v -0.04355179991 0.488966820199 -0.00132214445912
v -0.0435488752808 0.488926514815 -0.000993020401043
v -0.043546783711 0.488897690127 -0.000662686500569
v -0.043545527749 0.488880381256 -0.000331545218674
v -0.0435451089249 0.488874609288 -1.16341445919e-18
v -0.043545527749 0.488880381256 0.000331545218674
v -0.043546783711 0.488897690127 0.000662686500569
v -0.0435488752808 0.488926514815 0.000993020401043
v -0.0449184921614 0.507801705636 0.000662686500569
v -0.0449197481234 0.507819014507 0.000331545218674
v -0.0449382598162 0.508074130912 0
v -0.0449378299704 0.50806820705 -0.000340270092849
v -0.0449365409568 0.508050442682 -0.000680125619005
v -0.0449343943457 0.50802085945 -0.00101915251686
v -0.0449313927526 0.507979493398 -0.00135693773436
v -0.0449275398343 0.507926394924 -0.00169306973225
v -0.0435377360381 0.48877300084 -0.00169306973225
v -0.0435338831198 0.488719902365 -0.00135693773436
v -0.0435308815267 0.488678536313 -0.00101915251686
v -0.0435287349156 0.488648953081 -0.000680125619005
v -0.043527445902 0.488631188713 -0.000340270092849
v -0.0435270160562 0.488625264851 -1.19403062917e-18
v -0.043527445902 0.488631188713 0.000340270092849
v -0.0435287349156 0.488648953081 0.000680125619005
v -0.0435308815267 0.488678536313 0.00101915251686
v -0.0449365409568 0.508050442682 0.000680125619005
v -0.0449378299704 0.50806820705 0.000340270092849
v -0.0449563526849 0.508323475349 0
v -0.0449559118174 0.508317399593 -0.000348994967025
v -0.0449545897522 0.508299179728 -0.000697564737441
v -0.0449523880998 0.508268837952 -0.00104528463268
v -0.0449493095427 0.508226411232 -0.0013917310096
v -0.0449453578317 0.508171951258 -0.00173648177667
v -0.0435199180407 0.488527444505 -0.00173648177667
v -0.0435159663296 0.488472984531 -0.0013917310096
v -0.0435128877726 0.488430557811 -0.00104528463268
v -0.0435106861202 0.488400216035 -0.000697564737441
v -0.0435093640549 0.48838199617 -0.000348994967025
v -0.0435089231875 0.488375920414 -1.22464679915e-18
v -0.0435093640549 0.48838199617 0.000348994967025
v -0.0435106861202 0.488400216035 0.000697564737441
v -0.0449545897522 0.508299179728 0.000697564737441
v -0.0449559118174 0.508317399593 0.000348994967025
v -0.04745597563 0.507636174558 0
v -0.047455531283 0.507630404498 -0.000331545218674
v -0.0474541987835 0.507613101351 -0.000662686500569
v -0.0459975668225 0.488698034052 -0.000331545218674
v -0.0459971224755 0.488692263993 -1.16341445919e-18
v -0.0474751710662 0.507885436539 0
v -0.0474747150259 0.507879514636 -0.000340270092849
v -0.0474733474606 0.507861756142 -0.000680125619005
v -0.0459783830796 0.488448923915 -0.000340270092849
v -0.0459779270393 0.488443002012 -1.19403062917e-18
v -0.0474943665025 0.50813469852 0
v -0.0474938987688 0.508128624773 -0.000348994967025
v -0.0474924961377 0.508110410933 -0.000697564737441
v -0.0459591993367 0.488199813777 -0.000348994967025
v -0.045958731603 0.488193740031 -1.22464679915e-18
v -0.0499933528849 0.507434093185 0
v -0.0499928814437 0.507428325276 -0.000331545218674
v -0.0484460170805 0.488503010966 -0.000331545218674
v -0.0484455456393 0.488497243058 -1.16341445919e-18
v -0.0484460170805 0.488503010966 0.000331545218674
v -0.0484474308296 0.488520307665 0.000662686500569
v -0.0484497851643 0.488549112081 0.000993020401043
v -0.0499891133599 0.507382224162 0.000993020401043
v -0.0499914676946 0.507411028577 0.000662686500569
v -0.0499928814437 0.507428325276 0.000331545218674
v -0.0500137187697 0.507683262265 0
v -0.0500132349222 0.50767734257 -0.000340270092849
v -0.048425663602 0.488253993673 -0.000340270092849
v -0.0484251797545 0.488248073977 -1.19403062917e-18
v -0.048425663602 0.488253993673 0.000340270092849
v -0.0484271145551 0.488271745548 0.000680125619005
v -0.048429530846 0.488301307975 0.00101915251686
v -0.0500093676782 0.507630028268 0.00101915251686
v -0.0500117839691 0.507659590694 0.000680125619005
v -0.0500132349222 0.50767734257 0.000340270092849
v -0.0500340846545 0.507932431346 0
v -0.0500335884006 0.507926359863 -0.000348994967025
v -0.0484053101236 0.488004976379 -0.000348994967025
v -0.0484048138697 0.487998904897 -1.22464679915e-18
v -0.0484053101236 0.488004976379 0.000348994967025
v -0.0484067982806 0.488023183431 0.000697564737441
v -0.0484092765276 0.488053503868 0.00104528463268
v -0.0500321002436 0.507908152812 0.000697564737441
v -0.0500335884006 0.507926359863 0.000348994967025
v -0.0525234541333 0.507222011347 0
v -0.0525229595177 0.507216245379 -0.000331545218674
v -0.0525214762736 0.507198954501 -0.000662686500569
v -0.0525190062079 0.507170159779 -0.000993020401043
v -0.0509015399027 0.488314590795 -0.000662686500569
v -0.0509000566585 0.488297299917 -0.000331545218674
v -0.0508995620429 0.48829153395 -1.16341445919e-18
v -0.0509000566585 0.488297299917 0.000331545218674
v -0.0509015399027 0.488314590795 0.000662686500569
v -0.0525214762736 0.507198954501 0.000662686500569
v -0.0525229595177 0.507216245379 0.000331545218674
v -0.0525448211345 0.507471096576 0
v -0.0525443135027 0.507465178872 -0.000340270092849
v -0.0525427912258 0.507447432971 -0.000680125619005
v -0.0525402561584 0.507417880493 -0.00101915251686
v -0.0508802249504 0.488066112326 -0.000680125619005
v -0.0508787026735 0.488048366424 -0.000340270092849
v -0.0508781950417 0.488042448721 -1.19403062917e-18
v -0.0508787026735 0.488048366424 0.000340270092849
v -0.0508802249504 0.488066112326 0.000680125619005
v -0.0525427912258 0.507447432971 0.000680125619005
v -0.0525443135027 0.507465178872 0.000340270092849
v -0.0525661881357 0.507720181804 0
v -0.0525656674877 0.507714112365 -0.000348994967025
v -0.0525641061781 0.507695911441 -0.000697564737441
v -0.0508589099982 0.487817633856 -0.000697564737441
v -0.0508573486886 0.487799432932 -0.000348994967025
v -0.0508568280406 0.487793363492 -1.22464679915e-18
v -0.0508573486886 0.487799432932 0.000348994967025
v -0.0508589099982 0.487817633856 0.000697564737441
v -0.0525641061781 0.507695911441 0.000697564737441
v -0.0525656674877 0.507714112365 0.000348994967025
v -0.0550478577301 0.5070005266 0
v -0.055047342902 0.506994762402 -0.000331545218674
v -0.0550457990449 0.50697747683 -0.000662686500569
v -0.0533596637529 0.488098908713 -0.000662686500569
v -0.0533581198957 0.488081623141 -0.000331545218674
v -0.0533576050676 0.488075858943 -1.16341445919e-18
v -0.0533581198957 0.488081623141 0.000331545218674
v -0.0533596637529 0.488098908713 0.000662686500569
v -0.0533622347581 0.488127694598 0.000993020401043
v -0.0550432280396 0.506948690945 0.000993020401043
v -0.0550457990449 0.50697747683 0.000662686500569
v -0.055047342902 0.506994762402 0.000331545218674
v -0.0550700978967 0.507249535385 0
v -0.0550695695205 0.507243619498 -0.000340270092849
v -0.0550679850355 0.507225879043 -0.000680125619005
v -0.0533374777622 0.4878505065 -0.000680125619005
v -0.0533358932772 0.487832766045 -0.000340270092849
v -0.053335364901 0.487826850158 -1.19403062917e-18
v -0.0533358932772 0.487832766045 0.000340270092849
v -0.0533374777622 0.4878505065 0.000680125619005
v -0.0533401164254 0.487880049909 0.00101915251686
v -0.0550653463723 0.507196335634 0.00101915251686
v -0.0550679850355 0.507225879043 0.000680125619005
v -0.0550695695205 0.507243619498 0.000340270092849
v -0.0550923380633 0.50749854417 0
v -0.055091796139 0.507492476593 -0.000348994967025
v -0.0550901710262 0.507474281255 -0.000697564737441
v -0.0533152917715 0.487602104288 -0.000697564737441
v -0.0533136666587 0.48758390895 -0.000348994967025
v -0.0533131247344 0.487577841373 -1.22464679915e-18
v -0.0533136666587 0.48758390895 0.000348994967025
v -0.0533152917715 0.487602104288 0.000697564737441
v -0.0533179980928 0.48763240522 0.00104528463268
v -0.0550901710262 0.507474281255 0.000697564737441
v -0.055091796139 0.507492476593 0.000348994967025
v -0.0575713946669 0.506771156196 0
v -0.0575708597333 0.506765393829 -0.000331545218674
v -0.0575692555843 0.506748113748 -0.000662686500569
v -0.0575665841743 0.506719337007 -0.000993020401043
v -0.0575628487579 0.506679098666 -0.00132214445912
v -0.0575580538863 0.506627447749 -0.00164965768784
v -0.0558236789018 0.487944557723 -0.00132214445912
v -0.0558199434855 0.487904319382 -0.000993020401043
v -0.0558172720754 0.487875542641 -0.000662686500569
v -0.0558156679264 0.487858262561 -0.000331545218674
v -0.0558151329929 0.487852500194 -1.16341445919e-18
v -0.0558156679264 0.487858262561 0.000331545218674
v -0.0558172720754 0.487875542641 0.000662686500569
v -0.0575692555843 0.506748113748 0.000662686500569
v -0.0575708597333 0.506765393829 0.000331545218674
v -0.0575945033731 0.50702008588 0
v -0.0575939543623 0.507014171872 -0.000340270092849
v -0.0575923079989 0.506996437052 -0.000680125619005
v -0.0575895662886 0.506966903029 -0.00101915251686
v -0.0575857325718 0.506925605784 -0.00135693773436
v -0.0558007950879 0.487698050606 -0.00135693773436
v -0.0557969613711 0.487656753361 -0.00101915251686
v -0.0557942196608 0.487627219337 -0.000680125619005
v -0.0557925732974 0.487609484518 -0.000340270092849
v -0.0557920242866 0.487603570509 -1.19403062917e-18
v -0.0557925732974 0.487609484518 0.000340270092849
v -0.0557942196608 0.487627219337 0.000680125619005
v -0.0575923079989 0.506996437052 0.000680125619005
v -0.0575939543623 0.507014171872 0.000340270092849
v -0.0576176120793 0.507269015564 0
v -0.0576170489914 0.507262949915 -0.000348994967025
v -0.0576153604135 0.507244760356 -0.000697564737441
v -0.0576125484029 0.50721446905 -0.00104528463268
v -0.0576086163857 0.507172112901 -0.0013917310096
v -0.055777911274 0.487451543488 -0.0013917310096
v -0.0557739792568 0.487409187339 -0.00104528463268
v -0.0557711672463 0.487378896033 -0.000697564737441
v -0.0557694786684 0.487360706475 -0.000348994967025
v -0.0557689155804 0.487354640825 -1.22464679915e-18
v -0.0557694786684 0.487360706475 0.000348994967025
v -0.0557711672463 0.487378896033 0.000697564737441
v -0.0576153604135 0.507244760356 0.000697564737441
v -0.0576170489914 0.507262949915 0.000348994967025
v -0.0601093418288 0.50653059114 0
v -0.0601087774661 0.506524831581 -0.000331545218674
v -0.0601070850655 0.506507559921 -0.000662686500569
v -0.0582587169161 0.487644184783 -0.000662686500569
v -0.0582570245155 0.487626913122 -0.000331545218674
v -0.0582564601528 0.487621153563 -1.16341445919e-18
v -0.0582570245155 0.487626913122 0.000331545218674
v -0.0582587169161 0.487644184783 0.000662686500569
v -0.0601070850655 0.506507559921 0.000662686500569
v -0.0601087774661 0.506524831581 0.000331545218674
v -0.0601337218509 0.50677939953 0
v -0.0601331426365 0.506773488403 -0.000340270092849
v -0.0601314056991 0.506755762225 -0.000680125619005
v -0.0582343962826 0.487395982478 -0.000680125619005
v -0.0582326593451 0.4873782563 -0.000340270092849
v -0.0582320801307 0.487372345174 -1.19403062917e-18
v -0.0582326593451 0.4873782563 0.000340270092849
v -0.0582343962826 0.487395982478 0.000680125619005
v -0.0601314056991 0.506755762225 0.000680125619005
v -0.0601331426365 0.506773488403 0.000340270092849
v -0.0601581018729 0.507028207919 0
v -0.0601575078069 0.507022145225 -0.000348994967025
v -0.0601557263326 0.50700396453 -0.000697564737441
v -0.058210075649 0.487147780174 -0.000697564737441
v -0.0582082941747 0.487129599479 -0.000348994967025
v -0.0582077001087 0.487123536785 -1.22464679915e-18
v -0.0582082941747 0.487129599479 0.000348994967025
v -0.058210075649 0.487147780174 0.000697564737441
v -0.0601557263326 0.50700396453 0.000697564737441
v -0.0601575078069 0.507022145225 0.000348994967025
v -0.0626496623367 0.506273530091 0
v -0.0626490661565 0.506267773739 -0.000331545218674
v -0.0606929154527 0.487380376208 -0.000331545218674
v -0.0606923192724 0.487374619855 -1.16341445919e-18
v -0.0606929154527 0.487380376208 0.000331545218674
v -0.0606947032671 0.487397638252 0.000662686500569
v -0.062647278342 0.506250511694 0.000662686500569
v -0.0626490661565 0.506267773739 0.000331545218674
v -0.0626754168507 0.506522199963 0
v -0.0626748049815 0.506516292127 -0.000340270092849
v -0.0606671766276 0.487131857819 -0.000340270092849
v -0.0606665647584 0.487125949983 -1.19403062917e-18
v -0.0606671766276 0.487131857819 0.000340270092849
v -0.0606690114898 0.487149574128 0.000680125619005
v -0.0626729701194 0.506498575818 0.000680125619005
v -0.0626748049815 0.506516292127 0.000340270092849
v -0.0627011713647 0.506770869834 0
v -0.0627005438066 0.506764810516 -0.000348994967025
v -0.0606414378026 0.48688333943 -0.000348994967025
v -0.0606408102444 0.486877280112 -1.22464679915e-18
v -0.0606414378026 0.48688333943 0.000348994967025
v -0.0606433197125 0.486901510004 0.000697564737441
v -0.0626986618967 0.506746639942 0.000697564737441
v -0.0627005438066 0.506764810516 0.000348994967025
v -0.0651711040136 0.506006430901 0
v -0.0651704867778 0.506000676768 -0.000331545218674
v -0.0651686358225 0.505983421379 -0.000662686500569
v -0.0651655534027 0.505954685758 -0.000993020401043
v -0.0651612432739 0.505914504914 -0.00132214445912
v -0.0651557106873 0.505862927801 -0.00164965768784
v -0.063160026023 0.487258311149 -0.00164965768784
v -0.0631544934364 0.487206734036 -0.00132214445912
v -0.0631501833076 0.487166553192 -0.000993020401043
v -0.0631471008878 0.487137817571 -0.000662686500569
v -0.0631452499324 0.487120562182 -0.000331545218674
v -0.0631446326966 0.487114808049 -1.16341445919e-18
v -0.0651977681099 0.506255004886 0
v -0.0651971346311 0.506249099329 -0.000340270092849
v -0.0651952349664 0.506231389851 -0.000680125619005
v -0.0651920714302 0.506201898029 -0.00101915251686
v -0.065187647877 0.506160659794 -0.00135693773436
v -0.065181969696 0.506107725389 -0.00169306973225
v -0.0631337670143 0.487013513561 -0.00169306973225
v -0.0631280888333 0.486960579156 -0.00135693773436
v -0.06312366528 0.486919340922 -0.00101915251686
v -0.0631205017439 0.4868898491 -0.000680125619005
v -0.0631186020792 0.486872139622 -0.000340270092849
v -0.0631179686004 0.486866234064 -1.19403062917e-18
v -0.0652244322062 0.506503578871 0
v -0.0652237824843 0.506497521889 -0.000348994967025
v -0.0652218341102 0.506479358322 -0.000697564737441
v -0.0652185894578 0.506449110299 -0.00104528463268
v -0.0652140524801 0.506406814674 -0.0013917310096
v -0.0652082287047 0.506352522976 -0.00173648177667
v -0.0631075080055 0.486768715974 -0.00173648177667
v -0.0631016842302 0.486714424276 -0.0013917310096
v -0.0630971472525 0.486672128651 -0.00104528463268
v -0.0630939026 0.486641880628 -0.000697564737441
v -0.063091954226 0.486623717061 -0.000348994967025
v -0.0630913045041 0.486617660079 -1.22464679915e-18
v -0.0676974622712 0.505732038865 0
v -0.0676968205556 0.505726287411 -0.000331545218674
v -0.0676948961906 0.505709040055 -0.000662686500569
v -0.0676916915209 0.50568031781 -0.000993020401043
v -0.0655963910728 0.486900931293 -0.000993020401043
v -0.065593186403 0.486872209048 -0.000662686500569
v -0.0655912620381 0.486854961692 -0.000331545218674
v -0.0655906203225 0.486849210237 -1.16341445919e-18
v -0.0655912620381 0.486854961692 0.000331545218674
v -0.0676968205556 0.505726287411 0.000331545218674
v -0.0677251838758 0.505980497137 0
v -0.0677245252729 0.505974594328 -0.000340270092849
v -0.0677225502668 0.505956893094 -0.000680125619005
v -0.0677192612636 0.505927415001 -0.00101915251686
v -0.0655655323269 0.486624356008 -0.000680125619005
v -0.0655635573208 0.486606654774 -0.000340270092849
v -0.0655628987179 0.486600751966 -1.19403062917e-18
v -0.0655635573208 0.486606654774 0.000340270092849
v -0.0677245252729 0.505974594328 0.000340270092849
v -0.0677529054804 0.506228955408 0
v -0.0677522299903 0.506222901245 -0.000348994967025
v -0.0677502043429 0.506204746134 -0.000697564737441
v -0.0655378782507 0.486376502969 -0.000697564737441
v -0.0655358526034 0.486358347857 -0.000348994967025
v -0.0655351771133 0.486352293694 -1.22464679915e-18
v -0.0655358526034 0.486358347857 0.000348994967025
v -0.0677522299903 0.506222901245 0.000348994967025
v -0.0702321215094 0.505441702297 0
v -0.0702314492688 0.50543595433 -0.000331545218674
v -0.0702294333659 0.505418717433 -0.000662686500569
v -0.0702260762567 0.505390012607 -0.000993020401043
v -0.068031106798 0.486622014551 -0.000993020401043
v -0.0680277496888 0.486593309725 -0.000662686500569
v -0.0680257337859 0.486576072828 -0.000331545218674
v -0.0680250615453 0.486570324861 -1.16341445919e-18
v -0.0680257337859 0.486576072828 0.000331545218674
v -0.0680277496888 0.486593309725 0.000662686500569
v -0.068031106798 0.486622014551 0.000993020401043
v -0.0702260762567 0.505390012607 0.000993020401043
v -0.0702294333659 0.505418717433 0.000662686500569
v -0.0702314492688 0.50543595433 0.000331545218674
v -0.0702611617721 0.505690009894 0
v -0.0702604718409 0.505684110666 -0.000340270092849
v -0.0702584028879 0.505666420166 -0.000680125619005
v -0.0702549574338 0.505636959949 -0.00101915251686
v -0.0680022256209 0.486375067208 -0.00101915251686
v -0.0679987801668 0.486345606992 -0.000680125619005
v -0.0679967112138 0.486327916492 -0.000340270092849
v -0.0679960212826 0.486322017263 -1.19403062917e-18
v -0.0679967112138 0.486327916492 0.000340270092849
v -0.0679987801668 0.486345606992 0.000680125619005
v -0.0680022256209 0.486375067208 0.00101915251686
v -0.0702549574338 0.505636959949 0.00101915251686
v -0.0702584028879 0.505666420166 0.000680125619005
v -0.0702604718409 0.505684110666 0.000340270092849
v -0.0702902020348 0.505938317492 0
v -0.0702894944131 0.505932267001 -0.000348994967025
v -0.07028737241 0.505914122899 -0.000697564737441
v -0.0702838386109 0.505883907292 -0.00104528463268
v -0.0679733444438 0.486128119865 -0.00104528463268
v -0.0679698106447 0.486097904259 -0.000697564737441
v -0.0679676886416 0.486079760157 -0.000348994967025
v -0.0679669810199 0.486073709665 -1.22464679915e-18
v -0.0679676886416 0.486079760157 0.000348994967025
v -0.0679698106447 0.486097904259 0.000697564737441
v -0.0679733444438 0.486128119865 0.00104528463268
v -0.0702838386109 0.505883907292 0.00104528463268
v -0.07028737241 0.505914122899 0.000697564737441
v -0.0702894944131 0.505932267001 0.000348994967025
v -0.0727629550928 0.505139628009 0
v -0.0727622538049 0.505133883514 -0.000331545218674
v -0.0727601507956 0.505116657028 -0.000662686500569
v -0.0727566486271 0.505087969538 -0.000993020401043
v -0.0704633332375 0.486302619303 -0.000662686500569
v -0.0704612302282 0.486285392817 -0.000331545218674
v -0.0704605289403 0.486279648322 -1.16341445919e-18
v -0.0704612302282 0.486285392817 0.000331545218674
v -0.0727932501737 0.505387785637 0
v -0.0727925304309 0.505381889971 -0.000340270092849
v -0.0727903720792 0.505364210156 -0.000680125619005
v -0.0727867777484 0.505334767732 -0.00101915251686
v -0.0704331119539 0.486055066175 -0.000680125619005
v -0.0704309536022 0.48603738636 -0.000340270092849
v -0.0704302338594 0.486031490694 -1.19403062917e-18
v -0.0704309536022 0.48603738636 0.000340270092849
v -0.0728235452547 0.505635943264 0
v -0.0728228070569 0.505629896427 -0.000348994967025
v -0.0728205933629 0.505611763284 -0.000697564737441
v -0.0728169068697 0.505581565926 -0.00104528463268
v -0.0704028906702 0.485807513047 -0.000697564737441
v -0.0704006769762 0.485789379903 -0.000348994967025
v -0.0703999387784 0.485783333067 -1.22464679915e-18
v -0.0704006769762 0.485789379903 0.000348994967025
v -0.0752820655195 0.504825251356 0
v -0.0752813413293 0.504819509703 -0.000331545218674
v -0.0729044477831 0.485974603253 -1.16341445919e-18
v -0.0753133499634 0.5050732862 0
v -0.0753126067155 0.505067393451 -0.000340270092849
v -0.0728731633392 0.48572656841 -1.19403062917e-18
v -0.0753446344073 0.505321321043 0
v -0.0753438721018 0.505315277198 -0.000348994967025
v -0.0728418788953 0.485478533566 -1.22464679915e-18
v -0.0777949004465 0.504504973168 0
v -0.077794156697 0.504499234016 -0.000331545218674
v -0.0753538106628 0.485668274871 -0.000331545218674
v -0.0753530669133 0.485662535719 -1.16341445919e-18
v -0.0753538106628 0.485668274871 0.000331545218674
v -0.077794156697 0.504499234016 0.000331545218674
v -0.0778270298351 0.504752899976 0
v -0.0778262665132 0.504747009794 -0.000340270092849
v -0.0753217008466 0.485420499093 -0.000340270092849
v -0.0753209375247 0.485414608911 -1.19403062917e-18
v -0.0753217008466 0.485420499093 0.000340270092849
v -0.0778262665132 0.504747009794 0.000340270092849
v -0.0778591592237 0.505000826785 0
v -0.0778583763295 0.504994785572 -0.000348994967025
v -0.0752895910303 0.485172723315 -0.000348994967025
v -0.0752888081361 0.485166682102 -1.22464679915e-18
v -0.0752895910303 0.485172723315 0.000348994967025
v -0.0778583763295 0.504994785572 0.000348994967025
v -0.0803003975406 0.504174933285 0
v -0.0802996378799 0.504169196218 -0.000331545218674
v -0.0778070849431 0.485345076294 -0.000331545218674
v -0.0778063252824 0.485339339226 -1.16341445919e-18
v -0.0778070849431 0.485345076294 0.000331545218674
v -0.0778093629997 0.485362280506 0.000662686500569
v -0.0802973598233 0.504151992005 0.000662686500569
v -0.0802996378799 0.504169196218 0.000331545218674
v -0.0803332142808 0.504422770049 0
v -0.0803324346291 0.504416882006 -0.000340270092849
v -0.0777742881939 0.485097390505 -0.000340270092849
v -0.0777735085421 0.485091502462 -1.19403062917e-18
v -0.0777742881939 0.485097390505 0.000340270092849
v -0.0777766261994 0.48511504746 0.000680125619005
v -0.0803300966236 0.504399225051 0.000680125619005
v -0.0803324346291 0.504416882006 0.000340270092849
v -0.0803660310211 0.504670606813 0
v -0.0803652313782 0.504664567795 -0.000348994967025
v -0.0777414914448 0.484849704717 -0.000348994967025
v -0.0777406918019 0.484843665698 -1.22464679915e-18
v -0.0777414914448 0.484849704717 0.000348994967025
v -0.0777438893991 0.484867814414 0.000697564737441
v -0.0803628334239 0.504646458097 0.000697564737441
v -0.0803652313782 0.504664567795 0.000348994967025
v -0.0828168645236 0.503839961963 0
v -0.0802477380062 0.48501445828 -1.16341445919e-18
v -0.0802485205274 0.485020192274 0.000331545218674
v -0.0802508671377 0.48503738727 0.000662686500569
v -0.0802547749781 0.485066022319 0.000993020401043
v -0.0802602392875 0.485106062533 0.00132214445912
v -0.0828043632423 0.503748357709 0.00132214445912
v -0.0828098275517 0.503788397924 0.000993020401043
v -0.0828137353921 0.503817032973 0.000662686500569
v -0.0828160820024 0.503834227969 0.000331545218674
v -0.0828506688199 0.504087665959 0
v -0.0802139337099 0.484766754284 -1.19403062917e-18
v -0.0802147368238 0.484772639172 0.000340270092849
v -0.080217145187 0.484790286669 0.000680125619005
v -0.0802211558653 0.484819675272 0.00101915251686
v -0.0802267639723 0.484860769176 0.00135693773436
v -0.0828378385575 0.503993651067 0.00135693773436
v -0.0828434466645 0.504034744971 0.00101915251686
v -0.0828474573428 0.504064133574 0.000680125619005
v -0.082849865706 0.50408178107 0.000340270092849
v -0.0828844731162 0.504335369955 0
v -0.0801801294136 0.484519050288 -1.22464679915e-18
v -0.0801809531202 0.484525086071 0.000348994967025
v -0.0801834232363 0.484543186067 0.000697564737441
v -0.0801875367525 0.484573328224 0.00104528463268
v -0.0801932886571 0.484615475818 0.0013917310096
v -0.0828713138727 0.504238944424 0.0013917310096
v -0.0828770657773 0.504281092018 0.00104528463268
v -0.0828811792935 0.504311234175 0.000697564737441
v -0.0828836494096 0.504329334171 0.000348994967025
v -0.0853440398807 0.50348656284 0
v -0.0853432266013 0.503480833127 -0.000331545218674
v -0.0826747431715 0.484680846232 -0.000331545218674
v -0.082673929892 0.48467511652 -1.16341445919e-18
v -0.0826747431715 0.484680846232 0.000331545218674
v -0.0826771820189 0.484698028389 0.000662686500569
v -0.082681243463 0.484726642056 0.000993020401043
v -0.0853367263098 0.503435037304 0.000993020401043
v -0.0853407877539 0.503463650971 0.000662686500569
v -0.0853432266013 0.503480833127 0.000331545218674
v -0.0853791729069 0.50373408187 0
v -0.0853783382254 0.503728201376 -0.000340270092849
v -0.0826396315474 0.484433477984 -0.000340270092849
v -0.0826387968659 0.484427597489 -1.19403062917e-18
v -0.0826396315474 0.484433477984 0.000340270092849
v -0.082642134575 0.484451112302 0.000680125619005
v -0.0826463028992 0.48448047896 0.00101915251686
v -0.0853716668736 0.5036812004 0.00101915251686
v -0.0853758351978 0.503710567058 0.000680125619005
v -0.0853783382254 0.503728201376 0.000340270092849
v -0.0854143059331 0.503981600901 0
v -0.0854134498495 0.503975569625 -0.000348994967025
v -0.0826045199233 0.484186109735 -0.000348994967025
v -0.0826036638397 0.484180078459 -1.22464679915e-18
v -0.0826045199233 0.484186109735 0.000348994967025
v -0.0826070871311 0.484204196216 0.000697564737441
v -0.0826113623354 0.484234315865 0.00104528463268
v -0.0854066074373 0.503927363495 0.00104528463268
v -0.0854108826416 0.503957483144 0.000697564737441
v -0.0854134498495 0.503975569625 0.000348994967025
v -0.0878608315887 0.503124062231 0
v -0.0878599930049 0.503118336168 -0.000331545218674
v -0.0878574782754 0.503101164953 -0.000662686500569
v -0.0878532904638 0.503072569508 -0.000993020401043
v -0.0851151851285 0.484376087991 -0.000993020401043
v -0.0851109973169 0.484347492546 -0.000662686500569
v -0.0851084825874 0.484330321331 -0.000331545218674
v -0.0851076440036 0.484324595268 -1.16341445919e-18
v -0.0851084825874 0.484330321331 0.000331545218674
v -0.0851109973169 0.484347492546 0.000662686500569
v -0.0878599930049 0.503118336168 0.000331545218674
v -0.0878970577411 0.503371423639 0
v -0.0878961970894 0.503365546889 -0.000340270092849
v -0.0878936161827 0.503347923801 -0.000680125619005
v -0.0878893181656 0.503318575844 -0.00101915251686
v -0.0850791574267 0.484130081655 -0.00101915251686
v -0.0850748594096 0.484100733698 -0.000680125619005
v -0.0850722785029 0.48408311061 -0.000340270092849
v -0.0850714178512 0.48407723386 -1.19403062917e-18
v -0.0850722785029 0.48408311061 0.000340270092849
v -0.0878961970894 0.503365546889 0.000340270092849
v -0.0879332838935 0.503618785046 0
v -0.0879324011738 0.503612757611 -0.000348994967025
v -0.0879297540901 0.503594682648 -0.000697564737441
v -0.0879253458674 0.503564582179 -0.00104528463268
v -0.0850431297249 0.48388407532 -0.00104528463268
v -0.0850387215022 0.483853974851 -0.000697564737441
v -0.0850360744185 0.483835899888 -0.000348994967025
v -0.0850351916988 0.483829872453 -1.22464679915e-18
v -0.0850360744185 0.483835899888 0.000348994967025
v -0.0879324011738 0.503612757611 0.000348994967025
v -0.0903596250468 0.502752087908 0
v -0.0903587710784 0.502746364119 -0.000331545218674
v -0.0903562102139 0.502729199724 -0.000662686500569
v -0.090351945573 0.502700615636 -0.000993020401043
v -0.0903459823518 0.50266064668 -0.00132214445912
v -0.0875695703855 0.484051528681 -0.00132214445912
v -0.0875636071643 0.484011559725 -0.000993020401043
v -0.0875593425235 0.483982975637 -0.000662686500569
v -0.0875567816589 0.483965811242 -0.000331545218674
v -0.0875559276905 0.483960087453 -1.16341445919e-18
v -0.0875567816589 0.483965811242 0.000331545218674
v -0.0875593425235 0.483982975637 0.000662686500569
v -0.0875636071643 0.484011559725 0.000993020401043
v -0.0875695703855 0.484051528681 0.00132214445912
v -0.0903459823518 0.50266064668 0.00132214445912
v -0.090351945573 0.502700615636 0.000993020401043
v -0.0903562102139 0.502729199724 0.000662686500569
v -0.0903587710784 0.502746364119 0.000331545218674
v -0.0903965158015 0.502999351072 0
v -0.0903956393603 0.502993476657 -0.000340270092849
v -0.0903930111045 0.502975860567 -0.000680125619005
v -0.0903886342363 0.502946524266 -0.00101915251686
v -0.0903825140882 0.502905503496 -0.00135693773436
v -0.0875330386491 0.483806671865 -0.00135693773436
v -0.087526918501 0.483765651094 -0.00101915251686
v -0.0875225416328 0.483736314794 -0.000680125619005
v -0.087519913377 0.483718698704 -0.000340270092849
v -0.0875190369358 0.483712824289 -1.19403062917e-18
v -0.087519913377 0.483718698704 0.000340270092849
v -0.0875225416328 0.483736314794 0.000680125619005
v -0.087526918501 0.483765651094 0.00101915251686
v -0.0875330386491 0.483806671865 0.00135693773436
v -0.0903825140882 0.502905503496 0.00135693773436
v -0.0903886342363 0.502946524266 0.00101915251686
v -0.0903930111045 0.502975860567 0.000680125619005
v -0.0903956393603 0.502993476657 0.000340270092849
v -0.0904334065562 0.503246614236 0
v -0.0904325076421 0.503240589195 -0.000348994967025
v -0.0904298119952 0.503222521411 -0.000697564737441
v -0.0904253228996 0.503192432897 -0.00104528463268
v -0.0904190458246 0.503150360312 -0.0013917310096
v -0.0874902298377 0.483519742464 -0.00104528463268
v -0.0874857407421 0.48348965395 -0.000697564737441
v -0.0874830450952 0.483471586166 -0.000348994967025
v -0.0874821461812 0.483465561125 -1.22464679915e-18
v -0.0874830450952 0.483471586166 0.000348994967025
v -0.0874857407421 0.48348965395 0.000697564737441
v -0.0874902298377 0.483519742464 0.00104528463268
v -0.0904253228996 0.503192432897 0.00104528463268
v -0.0904298119952 0.503222521411 0.000697564737441
v -0.0904325076421 0.503240589195 0.000348994967025
v -0.0928698543119 0.502376694931 0
v -0.0928689778498 0.502370974543 -0.000331545218674
v -0.0928663495315 0.502353820347 -0.000662686500569
v -0.0899958117434 0.483618735634 -0.000662686500569
v -0.0899931834251 0.483601581439 -0.000331545218674
v -0.089992306963 0.48359586105 -1.16341445919e-18
v -0.092907716777 0.502623811166 0
v -0.0929068172501 0.502617940242 -0.000340270092849
v -0.0929041197656 0.50260033462 -0.000680125619005
v -0.0899580415093 0.483372221361 -0.000680125619005
v -0.0899553440248 0.48335461574 -0.000340270092849
v -0.0899544444979 0.483348744815 -1.19403062917e-18
v -0.0929455792421 0.502870927402 0
v -0.0929446566505 0.50286490594 -0.000348994967025
v -0.0929418899996 0.502846848892 -0.000697564737441
v -0.0899202712753 0.483125707089 -0.000697564737441
v -0.0899175046244 0.483107650041 -0.000348994967025
v -0.0899165820328 0.48310162858 -1.22464679915e-18
v -0.095417219134 0.501976929636 0
v -0.0954162958777 0.501971216613 -0.000331545218674
v -0.0954135272335 0.501954084507 -0.000662686500569
v -0.0954089165746 0.501925554188 -0.000993020401043
v -0.0923943421299 0.483271654251 -0.000993020401043
v -0.0923897314711 0.483243123933 -0.000662686500569
v -0.0923869628269 0.483225991826 -0.000331545218674
v -0.0923860395705 0.483220278803 -1.16341445919e-18
v -0.0923869628269 0.483225991826 0.000331545218674
v -0.0923897314711 0.483243123933 0.000662686500569
v -0.0954162958777 0.501971216613 0.000331545218674
v -0.0954571030756 0.502223727673 0
v -0.0954561555231 0.502217864308 -0.000340270092849
v -0.0954533140198 0.502200281356 -0.000680125619005
v -0.0954485820278 0.50217100024 -0.00101915251686
v -0.0923546766767 0.483026208199 -0.00101915251686
v -0.0923499446847 0.482996927083 -0.000680125619005
v -0.0923471031815 0.482979344131 -0.000340270092849
v -0.0923461556289 0.482973480766 -1.19403062917e-18
v -0.0923471031815 0.482979344131 0.000340270092849
v -0.0923499446847 0.482996927083 0.000680125619005
v -0.0954969870173 0.50247052571 0
v -0.0954960151685 0.502464512003 -0.000348994967025
v -0.0954931008062 0.502446478206 -0.000697564737441
v -0.095488247481 0.502416446292 -0.00104528463268
v -0.0923150112235 0.482780762148 -0.00104528463268
v -0.0923101578984 0.482750730233 -0.000697564737441
v -0.0923072435361 0.482732696437 -0.000348994967025
v -0.0923062716873 0.482726682729 -1.22464679915e-18
v -0.0923072435361 0.482732696437 0.000348994967025
v -0.0923101578984 0.482750730233 0.000697564737441
v -0.0979329744645 0.501558658232 0
v -0.0979320214585 0.501552950097 -0.000331545218674
v -0.0979291636019 0.501535832646 -0.000662686500569
v -0.0979244043763 0.501507326733 -0.000993020401043
v -0.0948126929856 0.482869384407 -0.000993020401043
v -0.09480793376 0.482840878495 -0.000662686500569
v -0.0948050759034 0.482823761044 -0.000331545218674
v -0.0948041228974 0.482818052909 -1.16341445919e-18
v -0.0948050759034 0.482823761044 0.000331545218674
v -0.09480793376 0.482840878495 0.000662686500569
v -0.0948126929856 0.482869384407 0.000993020401043
v -0.0979244043763 0.501507326733 0.000993020401043
v -0.0979291636019 0.501535832646 0.000662686500569
v -0.0979320214585 0.501552950097 0.000331545218674
v -0.097974143564 0.501805245144 0
v -0.097973165479 0.501799386795 -0.000340270092849
v -0.0979702324156 0.501781818884 -0.000680125619005
v -0.0979653479473 0.501752562817 -0.00101915251686
v -0.0947717494146 0.482624148324 -0.00101915251686
v -0.0947668649463 0.482594892256 -0.000680125619005
v -0.0947639318829 0.482577324346 -0.000340270092849
v -0.0947629537979 0.482571465997 -1.19403062917e-18
v -0.0947639318829 0.482577324346 0.000340270092849
v -0.0947668649463 0.482594892256 0.000680125619005
v -0.0947717494146 0.482624148324 0.00101915251686
v -0.0979702324156 0.501781818884 0.000680125619005
v -0.097973165479 0.501799386795 0.000340270092849
v -0.0980153126636 0.502051832056 0
v -0.0980143094995 0.502045823493 -0.000348994967025
v -0.0980113012293 0.502027805123 -0.000697564737441
v -0.0980062915182 0.5019977989 -0.00104528463268
v -0.0947308058437 0.482378912241 -0.00104528463268
v -0.0947257961326 0.482348906018 -0.000697564737441
v -0.0947227878624 0.482330887648 -0.000348994967025
v -0.0947217846983 0.482324879085 -1.22464679915e-18
v -0.0947227878624 0.482330887648 0.000348994967025
v -0.0947257961326 0.482348906018 0.000697564737441
v -0.0947308058437 0.482378912241 0.00104528463268
v -0.0980113012293 0.502027805123 0.000697564737441
v -0.0980143094995 0.502045823493 0.000348994967025
v -0.100448052904 0.50113700362 0
v -0.100447070236 0.501131300516 -0.000331545218674
v -0.100444123429 0.501114198154 -0.000662686500569
v -0.100439216074 0.501085717369 -0.000993020401043
v -0.10043235415 0.501045892861 -0.00132214445912
v -0.0972375155347 0.482504028274 -0.00132214445912
v -0.0972306536101 0.482464203766 -0.000993020401043
v -0.0972257462551 0.482435722981 -0.000662686500569
v -0.0972227994485 0.482418620618 -0.000331545218674
v -0.0972218167806 0.482412917515 -1.16341445919e-18
v -0.0972227994485 0.482418620618 0.000331545218674
v -0.100447070236 0.501131300516 0.000331545218674
v -0.100490503379 0.501383373174 0
v -0.100489494851 0.501377519989 -0.000340270092849
v -0.100486470497 0.501359967564 -0.000680125619005
v -0.100481434001 0.501330737284 -0.00101915251686
v -0.1004743915 0.501289864763 -0.00135693773436
v -0.0971954781845 0.482260056372 -0.00135693773436
v -0.097188435683 0.48221918385 -0.00101915251686
v -0.097183399187 0.482189953571 -0.000680125619005
v -0.0971803748329 0.482172401146 -0.000340270092849
v -0.0971793663053 0.482166547961 -1.19403062917e-18
v -0.0971803748329 0.482172401146 0.000340270092849
v -0.100489494851 0.501377519989 0.000340270092849
v -0.100532953854 0.501629742728 0
v -0.100531919467 0.501623739461 -0.000348994967025
v -0.100528817565 0.501605736974 -0.000697564737441
v -0.100523651928 0.5015757572 -0.00104528463268
v -0.10051642885 0.501533836666 -0.0013917310096
v -0.0971534408343 0.482016084469 -0.0013917310096
v -0.0971462177558 0.481974163935 -0.00104528463268
v -0.097141052119 0.481944184161 -0.000697564737441
v -0.0971379502173 0.481926181674 -0.000348994967025
v -0.09713691583 0.481920178407 -1.22464679915e-18
v -0.0971379502173 0.481926181674 0.000348994967025
v -0.100531919467 0.501623739461 0.000348994967025
v -0.102976722961 0.500689489138 0
v -0.0996181687553 0.481988683978 -1.16341445919e-18
v -0.0996191917255 0.48199437999 0.000331545218674
v -0.0996222593899 0.482011461088 0.000662686500569
v -0.099627368011 0.482039906461 0.000993020401043
v -0.0996345113646 0.482079681453 0.00132214445912
v -0.102960380351 0.500598491663 0.00132214445912
v -0.102967523705 0.500638266654 0.000993020401043
v -0.102972632326 0.500666712027 0.000662686500569
v -0.10297569999 0.500683793125 0.000331545218674
v -0.103020914463 0.500935552364 0
v -0.0995739772526 0.481742620752 -1.19403062917e-18
v -0.0995750271431 0.481748466659 0.000340270092849
v -0.0995781755355 0.48176599726 0.000680125619005
v -0.0995834185939 0.481795191196 0.00101915251686
v -0.0995907499306 0.481836012897 0.00135693773436
v -0.103004141785 0.500842160218 0.00135693773436
v -0.103011473122 0.50088298192 0.00101915251686
v -0.10301671618 0.500912175855 0.000680125619005
v -0.103019864573 0.500929706456 0.000340270092849
v -0.103065105966 0.50118161559 0
v -0.0995297857499 0.481496557526 -1.22464679915e-18
v -0.0995308625607 0.481502553329 0.000348994967025
v -0.0995340916811 0.481520533432 0.000697564737441
v -0.0995394691769 0.48155047593 0.00104528463268
v -0.0995469884965 0.481592344342 0.0013917310096
v -0.103047903219 0.501085828774 0.0013917310096
v -0.103055422539 0.501127697186 0.00104528463268
v -0.103060800035 0.501157639684 0.000697564737441
v -0.103064029155 0.501175619787 0.000348994967025
v -0.10549069711 0.500231456514 0
v -0.105489641434 0.500225766472 -0.000331545218674
v -0.102024764295 0.481550254472 -1.16341445919e-18
v -0.102025819971 0.481555944514 0.000331545218674
v -0.102028985714 0.481573007707 0.000662686500569
v -0.102034257666 0.481601423262 0.000993020401043
v -0.105486475691 0.500208703279 0.000662686500569
v -0.105489641434 0.500225766472 0.000331545218674
v -0.105536301489 0.500477261804 0
v -0.105535218032 0.500471422024 -0.000340270092849
v -0.101979159915 0.481304449182 -1.19403062917e-18
v -0.101980243373 0.481310288962 0.000340270092849
v -0.101983492424 0.481327801186 0.000680125619005
v -0.10553196898 0.5004539098 0.000680125619005
v -0.105535218032 0.500471422024 0.000340270092849
v -0.105581905868 0.500723067094 0
v -0.101933555536 0.481058643892 -1.22464679915e-18
v -0.101934666774 0.48106463341 0.000348994967025
v -0.101937999135 0.481082594665 0.000697564737441
v -0.105577462269 0.50069911632 0.000697564737441
v -0.10558079463 0.500717077576 0.000348994967025
v -0.10800825321 0.499755945278 0
v -0.108007160857 0.499750262164 -0.000331545218674
v -0.104422997458 0.481103168991 -0.000331545218674
v -0.104421905105 0.481097485876 -1.16341445919e-18
v -0.104422997458 0.481103168991 0.000331545218674
v -0.104426273187 0.481120211411 0.000662686500569
v -0.108003885128 0.499733219744 0.000662686500569
v -0.108007160857 0.499750262164 0.000331545218674
v -0.108055442001 0.500001451323 0
v -0.108054320902 0.499995618653 -0.000340270092849
v -0.104375837414 0.480857812501 -0.000340270092849
v -0.104374716314 0.480851979831 -1.19403062917e-18
v -0.104375837414 0.480857812501 0.000340270092849
v -0.104379199346 0.480875303406 0.000680125619005
v -0.10805095897 0.499978127748 0.000680125619005
v -0.108054320902 0.499995618653 0.000340270092849
v -0.108102630792 0.500246957368 0
v -0.108101480946 0.500240975142 -0.000348994967025
v -0.104328677369 0.480612456012 -0.000348994967025
v -0.104327527523 0.480606473786 -1.22464679915e-18
v -0.104328677369 0.480612456012 0.000348994967025
v -0.104332125504 0.480630395402 0.000697564737441
v -0.108098032811 0.500223035752 0.000697564737441
v -0.108101480946 0.500240975142 0.000348994967025
v -0.110526524668 0.499263492061 0
v -0.110525393345 0.499257816575 -0.000331545218674
v -0.110522000756 0.499240797033 -0.000662686500569
v -0.106813366428 0.480635755271 -0.000331545218674
v -0.106812235106 0.480630079785 -1.16341445919e-18
v -0.106813366428 0.480635755271 0.000331545218674
v -0.106816759017 0.480652774813 0.000662686500569
v -0.106822408739 0.480681117676 0.000993020401043
v -0.110516351034 0.49921245417 0.000993020401043
v -0.110522000756 0.499240797033 0.000662686500569
v -0.110525393345 0.499257816575 0.000331545218674
v -0.110575396899 0.499508668538 0
v -0.110574235805 0.499502843698 -0.000340270092849
v -0.106764523969 0.480390728148 -0.000340270092849
v -0.106763362875 0.480384903308 -1.19403062917e-18
v -0.106764523969 0.480390728148 0.000340270092849
v -0.106768005836 0.480408195573 0.000680125619005
v -0.106773804235 0.480437284301 0.00101915251686
v -0.110564955538 0.499456287545 0.00101915251686
v -0.110570753937 0.499485376273 0.000680125619005
v -0.110574235805 0.499502843698 0.000340270092849
v -0.11062426913 0.499753845016 0
v -0.110623078264 0.49974787082 -0.000348994967025
v -0.106715681509 0.480145701026 -0.000348994967025
v -0.106714490644 0.48013972683 -1.22464679915e-18
v -0.106715681509 0.480145701026 0.000348994967025
v -0.106719252655 0.480163616333 0.000697564737441
v -0.106725199731 0.480193450926 0.00104528463268
v -0.110613560042 0.49970012092 0.00104528463268
v -0.110619507118 0.499729955513 0.000697564737441
v -0.110623078264 0.49974787082 0.000348994967025
v -0.113026668502 0.49875569163 0
v -0.113025507086 0.498750022227 -0.000331545218674
v -0.113022024252 0.498733020922 -0.000662686500569
v -0.113016224243 0.498704708431 -0.000993020401043
v -0.109224020721 0.480193229982 -0.000993020401043
v -0.109218220713 0.480164917491 -0.000662686500569
v -0.109214737879 0.480147916186 -0.000331545218674
v -0.109213576463 0.480142246783 -1.16341445919e-18
v -0.109214737879 0.480147916186 0.000331545218674
v -0.109218220713 0.480164917491 0.000662686500569
v -0.109224020721 0.480193229982 0.000993020401043
v -0.109232130838 0.480232819166 0.00132214445912
v -0.109242541181 0.480283636808 0.00164965768784
v -0.109255239068 0.480345620997 0.00197516106277
v -0.112985005897 0.498552317416 0.00197516106277
v -0.112997703784 0.498614301605 0.00164965768784
v -0.113008114127 0.498665119248 0.00132214445912
v -0.113016224243 0.498704708431 0.000993020401043
v -0.113022024252 0.498733020922 0.000662686500569
v -0.113025507086 0.498750022227 0.000331545218674
v -0.113076840766 0.499000605378 0
v -0.113075648786 0.49899478678 -0.000340270092849
v -0.113072074298 0.498977338073 -0.000680125619005
v -0.113066121658 0.498948280516 -0.00101915251686
v -0.109174123307 0.479949657897 -0.00101915251686
v -0.109168170667 0.47992060034 -0.000680125619005
v -0.109164596179 0.479903151633 -0.000340270092849
v -0.109163404199 0.479897333035 -1.19403062917e-18
v -0.109164596179 0.479903151633 0.000340270092849
v -0.109168170667 0.47992060034 0.000680125619005
v -0.109174123307 0.479949657897 0.00101915251686
v -0.109182446847 0.479990288901 0.00135693773436
v -0.109193131147 0.480042443851 0.00169306973225
v -0.109206163188 0.480106059202 0.00202713898547
v -0.113034081776 0.498791879211 0.00202713898547
v -0.113047113818 0.498855494563 0.00169306973225
v -0.113057798118 0.498907649512 0.00135693773436
v -0.113066121658 0.498948280516 0.00101915251686
v -0.113072074298 0.498977338073 0.000680125619005
v -0.113075648786 0.49899478678 0.000340270092849
v -0.113127013029 0.499245519126 0
v -0.113125790486 0.499239551333 -0.000348994967025
v -0.113122124345 0.499221655223 -0.000697564737441
v -0.113116019073 0.499191852601 -0.00104528463268
v -0.109124225892 0.479706085812 -0.00104528463268
v -0.10911812062 0.47967628319 -0.000697564737441
v -0.109114454479 0.47965838708 -0.000348994967025
v -0.109113231935 0.479652419287 -1.22464679915e-18
v -0.109114454479 0.47965838708 0.000348994967025
v -0.10911812062 0.47967628319 0.000697564737441
v -0.109124225892 0.479706085812 0.00104528463268
v -0.109132762856 0.479747758637 0.0013917310096
v -0.109143721112 0.479801250893 0.00173648177667
v -0.113096523852 0.49909668752 0.00173648177667
v -0.113107482108 0.499150179776 0.0013917310096
v -0.113116019073 0.499191852601 0.00104528463268
v -0.113122124345 0.499221655223 0.000697564737441
v -0.113125790486 0.499239551333 0.000348994967025
v -0.115505390613 0.498243624435 0
v -0.115504211142 0.498237958759 -0.000331545218674
v -0.115500674166 0.498220968636 -0.000662686500569
v -0.115494783994 0.498192674766 -0.000993020401043
v -0.115486547803 0.498153111619 -0.00132214445912
v -0.111651865456 0.479732933894 -0.00132214445912
v -0.111643629265 0.479693370747 -0.000993020401043
v -0.111637739093 0.479665076876 -0.000662686500569
v -0.111634202118 0.479648086753 -0.000331545218674
v -0.111633022647 0.479642421078 -1.16341445919e-18
v -0.111634202118 0.479648086753 0.000331545218674
v -0.111637739093 0.479665076876 0.000662686500569
v -0.115500674166 0.498220968636 0.000662686500569
v -0.115504211142 0.498237958759 0.000331545218674
v -0.115556342823 0.49848837711 0
v -0.115555132313 0.498482562339 -0.000340270092849
v -0.115551502259 0.498465125107 -0.000680125619005
v -0.115545457083 0.498436086661 -0.00101915251686
v -0.11553700415 0.498395482378 -0.00135693773436
v -0.111601409109 0.479490563134 -0.00135693773436
v -0.111592956176 0.479449958852 -0.00101915251686
v -0.111586911 0.479420920405 -0.000680125619005
v -0.111583280946 0.479403483174 -0.000340270092849
v -0.111582070437 0.479397668402 -1.19403062917e-18
v -0.111583280946 0.479403483174 0.000340270092849
v -0.111586911 0.479420920405 0.000680125619005
v -0.115555132313 0.498482562339 0.000340270092849
v -0.115607295033 0.498733129786 0
v -0.115606053484 0.498727165918 -0.000348994967025
v -0.115602330352 0.498709281578 -0.000697564737441
v -0.115596130171 0.498679498556 -0.00104528463268
v -0.115587460496 0.498637853138 -0.0013917310096
v -0.111542283088 0.479206546957 -0.00104528463268
v -0.111536082907 0.479176763935 -0.000697564737441
v -0.111532359775 0.479158879595 -0.000348994967025
v -0.111531118226 0.479152915726 -1.22464679915e-18
v -0.111532359775 0.479158879595 0.000348994967025
v -0.111536082907 0.479176763935 0.000697564737441
v -0.115606053484 0.498727165918 0.000348994967025
v -0.117974133896 0.497725760379 0
v -0.114059326274 0.479133442576 -1.16341445919e-18
v -0.114060518672 0.479139105545 0.000331545218674
v -0.114064094412 0.479156087552 0.000662686500569
v -0.114070049137 0.479184367907 0.000993020401043
v -0.117963411034 0.497674835048 0.000993020401043
v -0.117969365759 0.497703115403 0.000662686500569
v -0.117972941499 0.49772009741 0.000331545218674
v -0.118025644523 0.497970396139 0
v -0.114007815648 0.478888806816 -1.19403062917e-18
v -0.114009039424 0.47889461881 0.000340270092849
v -0.114012709262 0.478912047712 0.000680125619005
v -0.114018820691 0.478941072287 0.00101915251686
v -0.118020750908 0.497947155243 0.000680125619005
v -0.118024420747 0.497964584145 0.000340270092849
v -0.11807715515 0.4982150319 0
v -0.113956305021 0.478644171055 -1.22464679915e-18
v -0.113957560176 0.478650132075 0.000348994967025
v -0.113961324113 0.478668007872 0.000697564737441
v -0.118072136058 0.498191195083 0.000697564737441
v -0.118075899994 0.49820907088 0.000348994967025
v -0.120441225927 0.497204334535 0
v -0.120440021136 0.49719867419 -0.000331545218674
v -0.120436408233 0.49718170005 -0.000662686500569
v -0.120430391619 0.497153432797 -0.000993020401043
v -0.11649656518 0.478671532151 -0.000993020401043
v -0.116490548566 0.478643264898 -0.000662686500569
v -0.116486935662 0.478626290759 -0.000331545218674
v -0.116485730872 0.478620630414 -1.16341445919e-18
v -0.116486935662 0.478626290759 0.000331545218674
v -0.120440021136 0.49719867419 0.000331545218674
v -0.120493271914 0.497448856958 0
v -0.120492035419 0.497443047656 -0.000340270092849
v -0.120488327439 0.497425626829 -0.000680125619005
v -0.120482152493 0.4973966157 -0.00101915251686
v -0.116444804306 0.478428349248 -0.00101915251686
v -0.116438629359 0.47839933812 -0.000680125619005
v -0.11643492138 0.478381917293 -0.000340270092849
v -0.116433684884 0.478376107991 -1.19403062917e-18
v -0.11643492138 0.478381917293 0.000340270092849
v -0.120492035419 0.497443047656 0.000340270092849
v -0.120545317902 0.49769337938 0
v -0.120544049701 0.497687421122 -0.000348994967025
v -0.120540246645 0.497669553607 -0.000697564737441
v -0.120533913367 0.497639798604 -0.00104528463268
v -0.116386710153 0.478155411342 -0.000697564737441
v -0.116382907097 0.478137543826 -0.000348994967025
v -0.116381638897 0.478131585568 -1.22464679915e-18
v -0.116382907097 0.478137543826 0.000348994967025
v -0.12292048338 0.496672900425 0
v -0.122919257877 0.496667244528 -0.000331545218674
v -0.122915582862 0.496650283727 -0.000662686500569
v -0.122909462812 0.496622038688 -0.000993020401043
v -0.118908007465 0.478154662127 -0.000993020401043
v -0.118901887415 0.478126417088 -0.000662686500569
v -0.1188982124 0.478109456288 -0.000331545218674
v -0.118896986898 0.478103800391 -1.16341445919e-18
v -0.1188982124 0.478109456288 0.000331545218674
v -0.118901887415 0.478126417088 0.000662686500569
v -0.118908007465 0.478154662127 0.000993020401043
v -0.122909462812 0.496622038688 0.000993020401043
v -0.122915582862 0.496650283727 0.000662686500569
v -0.122919257877 0.496667244528 0.000331545218674
v -0.122973424123 0.496917230688 0
v -0.12297216637 0.496911425952 -0.000340270092849
v -0.122968394644 0.496894018815 -0.000680125619005
v -0.12296211354 0.496865030485 -0.00101915251686
v -0.118855356737 0.477911670331 -0.00101915251686
v -0.118849075633 0.477882682001 -0.000680125619005
v -0.118845303907 0.477865274864 -0.000340270092849
v -0.118844046154 0.477859470127 -1.19403062917e-18
v -0.118845303907 0.477865274864 0.000340270092849
v -0.118849075633 0.477882682001 0.000680125619005
v -0.118855356737 0.477911670331 0.00101915251686
v -0.12296211354 0.496865030485 0.00101915251686
v -0.122968394644 0.496894018815 0.000680125619005
v -0.12297216637 0.496911425952 0.000340270092849
v -0.123026364866 0.497161560952 0
v -0.123025074863 0.497155607376 -0.000348994967025
v -0.123021206426 0.497137753902 -0.000697564737441
v -0.123014764269 0.497108022282 -0.00104528463268
v -0.118802706008 0.477668678534 -0.00104528463268
v -0.118796263851 0.477638946913 -0.000697564737441
v -0.118792395414 0.47762109344 -0.000348994967025
v -0.118791105411 0.477615139864 -1.22464679915e-18
v -0.118792395414 0.47762109344 0.000348994967025
v -0.118796263851 0.477638946913 0.000697564737441
v -0.118802706008 0.477668678534 0.00104528463268
v -0.123014764269 0.497108022282 0.00104528463268
v -0.123021206426 0.497137753902 0.000697564737441
v -0.123025074863 0.497155607376 0.000348994967025
v -0.125400211184 0.496129825138 0
v -0.125398963239 0.49612417415 -0.000331545218674
v -0.125395220926 0.496107228072 -0.000662686500569
v -0.125388988804 0.496079007549 -0.000993020401043
v -0.12131425755 0.477627660521 -0.000993020401043
v -0.121308025428 0.477599439999 -0.000662686500569
v -0.121304283115 0.47758249392 -0.000331545218674
v -0.12130303517 0.477576842932 -1.16341445919e-18
v -0.121304283115 0.47758249392 0.000331545218674
v -0.121308025428 0.477599439999 0.000662686500569
v -0.12131425755 0.477627660521 0.000993020401043
v -0.125388988804 0.496079007549 0.000993020401043
v -0.125395220926 0.496107228072 0.000662686500569
v -0.125398963239 0.49612417415 0.000331545218674
v -0.125454121395 0.496373943325 0
v -0.125452840609 0.496368143627 -0.000340270092849
v -0.125448999815 0.496350751599 -0.000680125619005
v -0.125442603689 0.496321788431 -0.00101915251686
v -0.121260642665 0.477384879639 -0.00101915251686
v -0.12125424654 0.477355916471 -0.000680125619005
v -0.121250405745 0.477338524443 -0.000340270092849
v -0.12124912496 0.477332724746 -1.19403062917e-18
v -0.121250405745 0.477338524443 0.000340270092849
v -0.12125424654 0.477355916471 0.000680125619005
v -0.125442603689 0.496321788431 0.00101915251686
v -0.125448999815 0.496350751599 0.000680125619005
v -0.125452840609 0.496368143627 0.000340270092849
v -0.125508031605 0.496618061512 0
v -0.12550671798 0.496612113104 -0.000348994967025
v -0.125502778703 0.496594275126 -0.000697564737441
v -0.125496218574 0.496564569313 -0.00104528463268
v -0.12120702778 0.477142098757 -0.00104528463268
v -0.121200467651 0.477112392944 -0.000697564737441
v -0.121196528375 0.477094554967 -0.000348994967025
v -0.121195214749 0.477088606559 -1.22464679915e-18
v -0.121196528375 0.477094554967 0.000348994967025
v -0.121200467651 0.477112392944 0.000697564737441
v -0.125502778703 0.496594275126 0.000697564737441
v -0.12550671798 0.496612113104 0.000348994967025
v -0.127875807046 0.495578592999 0
v -0.127874538037 0.495572946704 -0.000331545218674
v -0.127870732556 0.495556014699 -0.000662686500569
v -0.12786439524 0.495527817613 -0.000993020401043
v -0.12785553381 0.495488389799 -0.00132214445912
v -0.123729746695 0.477131221804 -0.00132214445912
v -0.123720885265 0.47709179399 -0.000993020401043
v -0.123714547949 0.477063596904 -0.000662686500569
v -0.123710742468 0.477046664899 -0.000331545218674
v -0.123709473459 0.477041018604 -1.16341445919e-18
v -0.123710742468 0.477046664899 0.000331545218674
v -0.127874538037 0.495572946704 0.000331545218674
v -0.127930627224 0.495822508452 0
v -0.127929324821 0.49581671357 -0.000340270092849
v -0.127925419196 0.495799335986 -0.000680125619005
v -0.127918915108 0.495770396871 -0.00101915251686
v -0.127909820482 0.495729931483 -0.00135693773436
v -0.123675460023 0.47688968012 -0.00135693773436
v -0.123666365397 0.476849214732 -0.00101915251686
v -0.123659861309 0.476820275617 -0.000680125619005
v -0.123655955685 0.476802898033 -0.000340270092849
v -0.123654653281 0.476797103152 -1.19403062917e-18
v -0.123655955685 0.476802898033 0.000340270092849
v -0.127929324821 0.49581671357 0.000340270092849
v -0.127985447403 0.496066423904 0
v -0.127984111604 0.496060480436 -0.000348994967025
v -0.127980105835 0.496042657273 -0.000697564737441
v -0.127973434976 0.49601297613 -0.00104528463268
v -0.123611845529 0.476606635474 -0.00104528463268
v -0.12360517467 0.47657695433 -0.000697564737441
v -0.123601168901 0.476559131167 -0.000348994967025
v -0.123599833102 0.476553187699 -1.22464679915e-18
v -0.123601168901 0.476559131167 0.000348994967025
v -0.127984111604 0.496060480436 0.000348994967025
v -0.130352638528 0.495016749242 0
v -0.130351346374 0.495011108199 -0.000331545218674
v -0.130347471486 0.494994191943 -0.000662686500569
v -0.126115483481 0.476518974382 -0.000662686500569
v -0.126111608593 0.476502058126 -0.000331545218674
v -0.126110316439 0.476496417083 -1.16341445919e-18
v -0.126111608593 0.476502058126 0.000331545218674
v -0.126115483481 0.476518974382 0.000662686500569
v -0.126121936382 0.476547145241 0.000993020401043
v -0.130341018586 0.494966021084 0.000993020401043
v -0.130347471486 0.494994191943 0.000662686500569
v -0.130351346374 0.495011108199 0.000331545218674
v -0.130408458555 0.495260437823 0
v -0.130407132397 0.495254648332 -0.000340270092849
v -0.130403155539 0.495237286911 -0.000680125619005
v -0.126059799428 0.476275879414 -0.000680125619005
v -0.12605582257 0.476258517993 -0.000340270092849
v -0.126054496412 0.476252728502 -1.19403062917e-18
v -0.12605582257 0.476258517993 0.000340270092849
v -0.126059799428 0.476275879414 0.000680125619005
v -0.126066422142 0.476304791612 0.00101915251686
v -0.130396532825 0.495208374713 0.00101915251686
v -0.130403155539 0.495237286911 0.000680125619005
v -0.130407132397 0.495254648332 0.000340270092849
v -0.130464278583 0.495504126404 0
v -0.130462918421 0.495498188464 -0.000348994967025
v -0.130458839591 0.495480381879 -0.000697564737441
v -0.126004115376 0.476032784446 -0.000697564737441
v -0.126000036547 0.476014977861 -0.000348994967025
v -0.125998676384 0.476009039921 -1.22464679915e-18
v -0.126000036547 0.476014977861 0.000348994967025
v -0.126004115376 0.476032784446 0.000697564737441
v -0.126010907903 0.476062437982 0.00104528463268
v -0.130452047065 0.495450728343 0.00104528463268
v -0.130458839591 0.495480381879 0.000697564737441
v -0.130462918421 0.495498188464 0.000348994967025
v -0.132827509694 0.494444339452 0
v -0.132826194152 0.494438703817 -0.000331545218674
v -0.132822249129 0.494421803779 -0.000662686500569
v -0.132815679432 0.494393659929 -0.000993020401043
v -0.132806493065 0.494354306554 -0.00132214445912
v -0.128529418749 0.476031796589 -0.00132214445912
v -0.128520232382 0.475992443214 -0.000993020401043
v -0.128513662685 0.475964299363 -0.000662686500569
v -0.128509717662 0.475947399326 -0.000331545218674
v -0.12850840212 0.475941763691 -1.16341445919e-18
v -0.128509717662 0.475947399326 0.000331545218674
v -0.132826194152 0.494438703817 0.000331545218674
v -0.132884340056 0.494687794396 0
v -0.132882989895 0.494682010455 -0.000340270092849
v -0.132878941056 0.494664665679 -0.000680125619005
v -0.132872198472 0.494635781201 -0.00101915251686
v -0.132862770358 0.494595392211 -0.00135693773436
v -0.128473141456 0.475790710931 -0.00135693773436
v -0.128463713342 0.475750321941 -0.00101915251686
v -0.128456970758 0.475721437463 -0.000680125619005
v -0.128452921919 0.475704092688 -0.000340270092849
v -0.128451571758 0.475698308747 -1.19403062917e-18
v -0.128452921919 0.475704092688 0.000340270092849
v -0.132941170419 0.49493124934 0
v -0.132939785638 0.494925317093 -0.000348994967025
v -0.132935632983 0.49490752758 -0.000697564737441
v -0.132928717512 0.494877902474 -0.00104528463268
v -0.132919047652 0.494836477869 -0.0013917310096
v -0.128416864162 0.475549625274 -0.0013917310096
v -0.128407194302 0.475508200669 -0.00104528463268
v -0.128400278831 0.475478575563 -0.000697564737441
v -0.128396126176 0.47546078605 -0.000348994967025
v -0.128394741395 0.475454853803 -1.22464679915e-18
v -0.135297817655 0.493862391766 0
v -0.135296480095 0.493856761316 -0.000331545218674
v -0.135292469045 0.493839876828 -0.000662686500569
v -0.135285789391 0.493811758871 -0.000993020401043
v -0.130918449503 0.475427472531 -0.000993020401043
v -0.130911769849 0.475399354575 -0.000662686500569
v -0.130907758798 0.475382470086 -0.000331545218674
v -0.130906421238 0.475376839637 -1.16341445919e-18
v -0.130907758798 0.475382470086 0.000331545218674
v -0.130911769849 0.475399354575 0.000662686500569
v -0.135292469045 0.493839876828 0.000662686500569
v -0.135296480095 0.493856761316 0.000331545218674
v -0.135355599187 0.494105622715 0
v -0.135354226428 0.494099844096 -0.000340270092849
v -0.135350109824 0.494082515278 -0.000680125619005
v -0.135343254389 0.494053657376 -0.00101915251686
v -0.130860984504 0.475185574027 -0.00101915251686
v -0.13085412907 0.475156716124 -0.000680125619005
v -0.130850012466 0.475139387307 -0.000340270092849
v -0.130848639707 0.475133608688 -1.19403062917e-18
v -0.130850012466 0.475139387307 0.000340270092849
v -0.13085412907 0.475156716124 0.000680125619005
v -0.135350109824 0.494082515278 0.000680125619005
v -0.135354226428 0.494099844096 0.000340270092849
v -0.135413380719 0.494348853664 0
v -0.135411972761 0.494342926875 -0.000348994967025
v -0.135407750603 0.494325153729 -0.000697564737441
v -0.135400719388 0.49429555588 -0.00104528463268
v -0.130803519506 0.474943675522 -0.00104528463268
v -0.130796488291 0.474914077673 -0.000697564737441
v -0.130792266133 0.474896304528 -0.000348994967025
v -0.130790858175 0.474890377739 -1.22464679915e-18
v -0.130792266133 0.474896304528 0.000348994967025
v -0.130796488291 0.474914077673 0.000697564737441
v -0.135407750603 0.494325153729 0.000697564737441
v -0.135411972761 0.494342926875 0.000348994967025
v -0.137764287741 0.493271573452 1.90644875394e-19
v -0.137762929182 0.493265948032 -0.000331545218674
v -0.137758855159 0.493249078627 -0.000662686500569
v -0.137752070637 0.49322098579 -0.000993020401043
v -0.133316165238 0.474853122952 -0.000993020401043
v -0.133309380716 0.474825030115 -0.000662686500569
v -0.133305306694 0.47480816071 -0.000331545218674
v -0.133303948135 0.47480253529 -9.72769583796e-19
v -0.133305306694 0.47480816071 0.000331545218674
v -0.137762929182 0.493265948032 0.000331545218674
v -0.13782297642 0.493514587112 1.90644875394e-19
v -0.137821582109 0.493508813655 -0.000340270092849
v -0.137817400876 0.493491500318 -0.000680125619005
v -0.133250835 0.474582608424 -0.000680125619005
v -0.133246653766 0.474565295087 -0.000340270092849
v -0.133245259456 0.47455952163 -1.00338575378e-18
v -0.133246653766 0.474565295087 0.000340270092849
v -0.137821582109 0.493508813655 0.000340270092849
v -0.137881665099 0.493757600772 1.90644875394e-19
v -0.137880235037 0.493751679277 -0.000348994967025
v -0.137875946592 0.493733922009 -0.000697564737441
v -0.133192289283 0.474340186733 -0.000697564737441
v -0.133188000839 0.474322429465 -0.000348994967025
v -0.133186570777 0.47431650797 -1.03400192375e-18
v -0.133188000839 0.474322429465 0.000348994967025
v -0.137880235037 0.493751679277 0.000348994967025
v -0.140235425025 0.492669911757 0
v -0.140234041291 0.492664292477 -0.000331545218674
v -0.140229891772 0.492647441484 -0.000662686500569
v -0.140222981526 0.492619379308 -0.000993020401043
v -0.135704874041 0.474271563452 -0.000993020401043
v -0.135697963795 0.474243501275 -0.000662686500569
v -0.135693814276 0.474226650282 -0.000331545218674
v -0.135692430542 0.474221031002 -1.16341445919e-18
v -0.135693814276 0.474226650282 0.000331545218674
v -0.135697963795 0.474243501275 0.000662686500569
v -0.135704874041 0.474271563452 0.000993020401043
v -0.140222981526 0.492619379308 0.000993020401043
v -0.140229891772 0.492647441484 0.000662686500569
v -0.140234041291 0.492664292477 0.000331545218674
v -0.140295201268 0.492912660188 0
v -0.14029378112 0.492906893033 -0.000340270092849
v -0.140289522403 0.492889598592 -0.000680125619005
v -0.140282430308 0.492860797937 -0.00101915251686
v -0.135645425258 0.474030144822 -0.00101915251686
v -0.135638333163 0.474001344167 -0.000680125619005
v -0.135634074447 0.473984049727 -0.000340270092849
v -0.135632654298 0.473978282571 -1.19403062917e-18
v -0.135634074447 0.473984049727 0.000340270092849
v -0.135638333163 0.474001344167 0.000680125619005
v -0.135645425258 0.474030144822 0.00101915251686
v -0.140282430308 0.492860797937 0.00101915251686
v -0.140289522403 0.492889598592 0.000680125619005
v -0.14029378112 0.492906893033 0.000340270092849
v -0.140354977512 0.493155408619 0
v -0.140353520949 0.493149493588 -0.000348994967025
v -0.140349153035 0.4931317557 -0.000697564737441
v -0.140341879091 0.493102216567 -0.00104528463268
v -0.135585976476 0.473788726192 -0.00104528463268
v -0.135578702532 0.473759187059 -0.000697564737441
v -0.135574334618 0.473741449172 -0.000348994967025
v -0.135572878055 0.47373553414 -1.22464679915e-18
v -0.135574334618 0.473741449172 0.000348994967025
v -0.135578702532 0.473759187059 0.000697564737441
v -0.135585976476 0.473788726192 0.00104528463268
v -0.140341879091 0.493102216567 0.00104528463268
v -0.140349153035 0.4931317557 0.000697564737441
v -0.140353520949 0.493149493588 0.000348994967025
v -0.142711773597 0.492053222495 0
v -0.142710359605 0.492047610752 -0.000331545218674
v -0.142706119352 0.492030782361 -0.000662686500569
v -0.138075095245 0.473651527694 -0.000662686500569
v -0.138070854992 0.473634699304 -0.000331545218674
v -0.138069441 0.473629087561 -1.16341445919e-18
v -0.138070854992 0.473634699304 0.000331545218674
v -0.138075095245 0.473651527694 0.000662686500569
v -0.138082156592 0.47367955223 0.000993020401043
v -0.142699058005 0.492002757825 0.000993020401043
v -0.142706119352 0.492030782361 0.000662686500569
v -0.142710359605 0.492047610752 0.000331545218674
v -0.142772856921 0.492295645323 0
v -0.142771405718 0.492289885903 -0.000340270092849
v -0.14276705388 0.49227261466 -0.000680125619005
v -0.138014160717 0.473409695396 -0.000680125619005
v -0.138009808879 0.473392424153 -0.000340270092849
v -0.138008357676 0.473386664733 -1.19403062917e-18
v -0.138009808879 0.473392424153 0.000340270092849
v -0.138014160717 0.473409695396 0.000680125619005
v -0.138021407889 0.47343845742 0.00101915251686
v -0.14276705388 0.49227261466 0.000680125619005
v -0.142771405718 0.492289885903 0.000340270092849
v -0.142833940244 0.492538068151 0
v -0.142832451832 0.492532161053 -0.000348994967025
v -0.142827988408 0.492514446958 -0.000697564737441
v -0.137953226189 0.473167863098 -0.000697564737441
v -0.137948762765 0.473150149002 -0.000348994967025
v -0.137947274353 0.473144241905 -1.22464679915e-18
v -0.137948762765 0.473150149002 0.000348994967025
v -0.137953226189 0.473167863098 0.000697564737441
v -0.142827988408 0.492514446958 0.000697564737441
v -0.142832451832 0.492532161053 0.000348994967025
v -0.14519364889 0.491420530955 0
v -0.145192199208 0.491414928326 -0.000331545218674
v -0.140435591022 0.473031920149 -0.000331545218674
v -0.14043414134 0.473026317521 -1.16341445919e-18
v -0.140435591022 0.473031920149 0.000331545218674
v -0.140439938301 0.47304872121 0.000662686500569
v -0.14044717788 0.473076700233 0.000993020401043
v -0.14045730094 0.473115823131 0.00132214445912
v -0.145170489289 0.491331025345 0.00132214445912
v -0.145180612349 0.491370148242 0.000993020401043
v -0.145187851929 0.491398127266 0.000662686500569
v -0.145192199208 0.491414928326 0.000331545218674
v -0.145256273989 0.491662560079 0
v -0.145254786158 0.491656810013 -0.000340270092849
v -0.140373004072 0.472790038463 -0.000340270092849
v -0.140371516241 0.472784288396 -1.19403062917e-18
v -0.140373004072 0.472790038463 0.000340270092849
v -0.140377465753 0.472807281657 0.000680125619005
v -0.140384895848 0.47283599697 0.00101915251686
v -0.140395285304 0.472876149418 0.00135693773436
v -0.145232504926 0.491570699058 0.00135693773436
v -0.145242894382 0.491610851506 0.00101915251686
v -0.145250324477 0.491639566819 0.000680125619005
v -0.145254786158 0.491656810013 0.000340270092849
v -0.145318899088 0.491904589204 0
v -0.145317373107 0.4918986917 -0.000348994967025
v -0.140310417122 0.472548156776 -0.000348994967025
v -0.140308891141 0.472542259272 -1.22464679915e-18
v -0.140310417122 0.472548156776 0.000348994967025
v -0.140314993205 0.472565842104 0.000697564737441
v -0.140322613815 0.472595293707 0.00104528463268
v -0.145305176414 0.491851554769 0.00104528463268
v -0.145312797024 0.491881006372 0.000697564737441
v -0.145317373107 0.4918986917 0.000348994967025
v -0.147645511141 0.490776751851 0
v -0.147644041307 0.490771154475 -0.000331545218674
v -0.147639633597 0.490754369167 -0.000662686500569
v -0.147632293381 0.490726416377 -0.000993020401043
v -0.147622029601 0.490687330161 -0.00132214445912
v -0.14283305973 0.472450120299 -0.000993020401043
v -0.142825719514 0.472422167509 -0.000662686500569
v -0.142821311804 0.472405382201 -0.000331545218674
v -0.14281984197 0.472399784825 -1.16341445919e-18
v -0.147709006788 0.491018554048 0
v -0.147707498274 0.491012809373 -0.000340270092849
v -0.147702974572 0.490995582346 -0.000680125619005
v -0.147695441192 0.490966893957 -0.00101915251686
v -0.142769911919 0.472209642719 -0.00101915251686
v -0.142762378539 0.47218095433 -0.000680125619005
v -0.142757854836 0.472163727303 -0.000340270092849
v -0.142756346323 0.472157982628 -1.19403062917e-18
v -0.147772502435 0.491260356246 0
v -0.147770955242 0.491254464271 -0.000348994967025
v -0.147766315547 0.491236795526 -0.000697564737441
v -0.147758589003 0.491207371536 -0.00104528463268
v -0.142706764108 0.471969165139 -0.00104528463268
v -0.142699037564 0.47193974115 -0.000697564737441
v -0.142694397869 0.471922072404 -0.000348994967025
v -0.142692850676 0.47191618043 -1.22464679915e-18
v -0.143595792227 -0.490154724573 0
v -0.143594218513 -0.490149155512 -0.000331545218674
v -0.143589499286 -0.490132455111 -0.000662686500569
v -0.138435360249 -0.471892985897 -0.000662686500569
v -0.138430641023 -0.471876285497 -0.000331545218674
v -0.138429067308 -0.471870716435 -1.16341445919e-18
v -0.138430641023 -0.471876285497 0.000331545218674
v -0.138435360249 -0.471892985897 0.000662686500569
v -0.138443219238 -0.47192079729 0.000993020401043
v -0.138454208414 -0.47195968579 0.00132214445912
v -0.138468314389 -0.472009604019 0.00164965768784
v -0.143556545147 -0.49001583699 0.00164965768784
v -0.143570651121 -0.490065755218 0.00132214445912
v -0.143581640297 -0.490104643719 0.000993020401043
v -0.143589499286 -0.490132455111 0.000662686500569
v -0.143594218513 -0.490149155512 0.000331545218674
v -0.14366377545 -0.490395303628 0
v -0.143662160322 -0.490389588012 -0.000340270092849
v -0.143657316905 -0.490372448127 -0.000680125619005
v -0.13836754263 -0.471652992881 -0.000680125619005
v -0.138362699214 -0.471635852997 -0.000340270092849
v -0.138361084085 -0.471630137381 -1.19403062917e-18
v -0.138362699214 -0.471635852997 0.000340270092849
v -0.13836754263 -0.471652992881 0.000680125619005
v -0.138375608435 -0.471681536153 0.00101915251686
v -0.138386886799 -0.471721448035 0.00135693773436
v -0.138401363984 -0.471772679901 0.00169306973225
v -0.143623495551 -0.490252761108 0.00169306973225
v -0.143637972736 -0.490303992974 0.00135693773436
v -0.143649251101 -0.490343904856 0.00101915251686
v -0.143657316905 -0.490372448127 0.000680125619005
v -0.143662160322 -0.490389588012 0.000340270092849
v -0.143731758673 -0.490635882682 0
v -0.143730102131 -0.490630020512 -0.000348994967025
v -0.143725134524 -0.490612441143 -0.000697564737441
v -0.138299725011 -0.471412999865 -0.000697564737441
v -0.138294757405 -0.471395420496 -0.000348994967025
v -0.138293100863 -0.471389558326 -1.22464679915e-18
v -0.138294757405 -0.471395420496 0.000348994967025
v -0.138299725011 -0.471412999865 0.000697564737441
v -0.138307997631 -0.471442275015 0.00104528463268
v -0.138319565185 -0.471483210279 0.0013917310096
v -0.138334413579 -0.471535755783 0.00173648177667
v -0.143690445956 -0.490489685226 0.00173648177667
v -0.143705294351 -0.49054223073 0.0013917310096
v -0.143716861904 -0.490583165993 0.00104528463268
v -0.143725134524 -0.490612441143 0.000697564737441
v -0.143730102131 -0.490630020512 0.000348994967025
v -0.141132866803 -0.490850514635 0
v -0.141131327436 -0.490844935982 -0.000331545218674
v -0.136080448138 -0.472540594164 -0.000331545218674
v -0.13607890877 -0.47253501551 -1.16341445919e-18
v -0.136080448138 -0.472540594164 0.000331545218674
v -0.136085064364 -0.472557323328 0.000662686500569
v -0.136092751826 -0.47258518262 0.000993020401043
v -0.136103501156 -0.472624138099 0.00132214445912
v -0.141094476314 -0.490711387842 0.00164965768784
v -0.141108274417 -0.490761392046 0.00132214445912
v -0.141119023748 -0.490800347525 0.000993020401043
v -0.141126711209 -0.490828206817 0.000662686500569
v -0.141131327436 -0.490844935982 0.000331545218674
v -0.141199366251 -0.491091508045 0
v -0.141197786374 -0.491085782584 -0.000340270092849
v -0.136013989199 -0.472299747561 -0.000340270092849
v -0.136012409322 -0.4722940221 -1.19403062917e-18
v -0.136013989199 -0.472299747561 0.000340270092849
v -0.136018726906 -0.472316916966 0.000680125619005
v -0.136026616669 -0.472345509398 0.00101915251686
v -0.136037648877 -0.472385490021 0.00135693773436
v -0.141174126697 -0.491000040124 0.00135693773436
v -0.141185158905 -0.491040020747 0.00101915251686
v -0.141193048668 -0.491068613179 0.000680125619005
v -0.141197786374 -0.491085782584 0.000340270092849
v -0.141265865699 -0.491332501454 0
v -0.141264245312 -0.491326629187 -0.000348994967025
v -0.135947530261 -0.472058900958 -0.000348994967025
v -0.135945909875 -0.472053028691 -1.22464679915e-18
v -0.135947530261 -0.472058900958 0.000348994967025
v -0.135952389447 -0.472076510604 0.000697564737441
v -0.135960481512 -0.472105836175 0.00104528463268
v -0.135971796597 -0.472146841943 0.0013917310096
v -0.141239978977 -0.491238688202 0.0013917310096
v -0.141251294062 -0.49127969397 0.00104528463268
v -0.141259386126 -0.491309019541 0.000697564737441
v -0.141264245312 -0.491326629187 0.000348994967025
v -0.138627216512 -0.491525450565 0
v -0.138625732523 -0.491519856925 -0.000331545218674
v -0.133756558508 -0.473166343488 -0.000331545218674
v -0.133755074519 -0.473160749848 -1.16341445919e-18
v -0.133756558508 -0.473166343488 0.000331545218674
v -0.133761008666 -0.473183117592 0.000662686500569
v -0.133768419571 -0.473211051724 0.000993020401043
v -0.133778782195 -0.473250111851 0.00132214445912
v -0.133792083911 -0.473300250383 0.00164965768784
v -0.13859020712 -0.49138595003 0.00164965768784
v -0.138603508836 -0.491436088562 0.00132214445912
v -0.13861387146 -0.491475148689 0.000993020401043
v -0.138621282365 -0.491503082821 0.000662686500569
v -0.138625732523 -0.491519856925 0.000331545218674
v -0.138691323643 -0.491767091364 0
v -0.138689800602 -0.491761350523 -0.000340270092849
v -0.133692490429 -0.47292484989 -0.000340270092849
v -0.133690967388 -0.47291910905 -1.19403062917e-18
v -0.133692490429 -0.47292484989 0.000340270092849
v -0.133697057696 -0.472942065418 0.000680125619005
v -0.133704663625 -0.472970734659 0.00101915251686
v -0.133715298949 -0.473010822684 0.00135693773436
v -0.133728950711 -0.473062280651 0.00169306973225
v -0.13865334032 -0.491623919762 0.00169306973225
v -0.138666992082 -0.49167537773 0.00135693773436
v -0.138677627406 -0.491715465754 0.00101915251686
v -0.138685233335 -0.491744134995 0.000680125619005
v -0.138689800602 -0.491761350523 0.000340270092849
v -0.138755430775 -0.492008732163 0
v -0.138753868682 -0.492002844121 -0.000348994967025
v -0.13362842235 -0.472683356292 -0.000348994967025
v -0.133626860256 -0.472677468251 -1.22464679915e-18
v -0.13362842235 -0.472683356292 0.000348994967025
v -0.133633106726 -0.472701013244 0.000697564737441
v -0.133640907679 -0.472730417594 0.00104528463268
v -0.133651815704 -0.472771533516 0.0013917310096
v -0.133665817511 -0.472824310919 0.00173648177667
v -0.13871647352 -0.491861889495 0.00173648177667
v -0.138730475327 -0.491914666897 0.0013917310096
v -0.138741383352 -0.491955782819 0.00104528463268
v -0.138749184305 -0.491985187169 0.000697564737441
v -0.138753868682 -0.492002844121 0.000348994967025
v -0.136136338082 -0.492176277258 0
v -0.136134897538 -0.492170672273 -0.000331545218674
v -0.136130577662 -0.492153864145 -0.000662686500569
v -0.131412591637 -0.473796740344 -0.000662686500569
v -0.131408271761 -0.473779932216 -0.000331545218674
v -0.131406831217 -0.473774327231 -1.16341445919e-18
v -0.131408271761 -0.473779932216 0.000331545218674
v -0.136134897538 -0.492170672273 0.000331545218674
v -0.136198568436 -0.49241840818 0
v -0.136197089983 -0.492412655695 -0.000340270092849
v -0.136192656425 -0.492395405248 -0.000680125619005
v -0.131350512874 -0.473555199241 -0.000680125619005
v -0.131346079316 -0.473537948794 -0.000340270092849
v -0.131344600863 -0.473532196309 -1.19403062917e-18
v -0.131346079316 -0.473537948794 0.000340270092849
v -0.136197089983 -0.492412655695 0.000340270092849
v -0.136260798789 -0.492660539101 0
v -0.136259282427 -0.492654639116 -0.000348994967025
v -0.136254735189 -0.492636946351 -0.000697564737441
v -0.13128843411 -0.473313658138 -0.000697564737441
v -0.131283886872 -0.473295965373 -0.000348994967025
v -0.13128237051 -0.473290065388 -1.22464679915e-18
v -0.131283886872 -0.473295965373 0.000348994967025
v -0.136259282427 -0.492654639116 0.000348994967025
v -0.133653751736 -0.492803787002 -1.90644875394e-19
v -0.13365234655 -0.492798173048 -0.000331545218674
v -0.133648132704 -0.492781338025 -0.000662686500569
v -0.13364111533 -0.492753302446 -0.000993020401043
v -0.133631302981 -0.492714100466 -0.00132214445912
v -0.129062777899 -0.474462078257 -0.00132214445912
v -0.129052965549 -0.474422876277 -0.000993020401043
v -0.129045948176 -0.474394840698 -0.000662686500569
v -0.12904173433 -0.474378005675 -0.000331545218674
v -0.129040329144 -0.474372391721 -1.35405933458e-18
v -0.12904173433 -0.474378005675 0.000331545218674
v -0.129045948176 -0.474394840698 0.000662686500569
v -0.133648132704 -0.492781338025 0.000662686500569
v -0.13365234655 -0.492798173048 0.000331545218674
v -0.133714454665 -0.493046305361 -1.90644875394e-19
v -0.1337130125 -0.493040543671 -0.000340270092849
v -0.133708687763 -0.493023265622 -0.000680125619005
v -0.133701485722 -0.492994492264 -0.00101915251686
v -0.133691415153 -0.492954258653 -0.00135693773436
v -0.129002665727 -0.47422192007 -0.00135693773436
v -0.128992595158 -0.474181686459 -0.00101915251686
v -0.128985393117 -0.474152913101 -0.000680125619005
v -0.12898106838 -0.474135635052 -0.000340270092849
v -0.128979626215 -0.474129873362 -1.38467550456e-18
v -0.12898106838 -0.474135635052 0.000340270092849
v -0.128985393117 -0.474152913101 0.000680125619005
v -0.133708687763 -0.493023265622 0.000680125619005
v -0.1337130125 -0.493040543671 0.000340270092849
v -0.133775157594 -0.49328882372 -1.90644875394e-19
v -0.133773678451 -0.493282914294 -0.000348994967025
v -0.133769242823 -0.493265193218 -0.000697564737441
v -0.133761856114 -0.493235682082 -0.00104528463268
v -0.133751527325 -0.49319441684 -0.0013917310096
v -0.128942553555 -0.473981761883 -0.0013917310096
v -0.128932224766 -0.473940496641 -0.00104528463268
v -0.128924838057 -0.473910985505 -0.000697564737441
v -0.128920402429 -0.473893264429 -0.000348994967025
v -0.128918923286 -0.473887355003 -1.41529167454e-18
v -0.128920402429 -0.473893264429 0.000348994967025
v -0.128924838057 -0.473910985505 0.000697564737441
v -0.133769242823 -0.493265193218 0.000697564737441
v -0.133773678451 -0.493282914294 0.000348994967025
v -0.131193115551 -0.493413708453 3.81289750787e-19
v -0.131191730645 -0.493408089461 -0.000331545218674
v -0.131187577614 -0.493391239333 -0.000662686500569
v -0.126651813156 -0.474988244273 -0.000662686500569
v -0.126647660124 -0.474971394145 -0.000331545218674
v -0.126646275218 -0.474965775154 -7.82124708403e-19
v -0.126647660124 -0.474971394145 0.000331545218674
v -0.126651813156 -0.474988244273 0.000662686500569
v -0.131187577614 -0.493391239333 0.000662686500569
v -0.131191730645 -0.493408089461 0.000331545218674
v -0.131252942398 -0.493656444417 3.81289750787e-19
v -0.131251521047 -0.493650677558 -0.000340270092849
v -0.126592132044 -0.474746099601 -0.000680125619005
v -0.126587869723 -0.474728806049 -0.000340270092849
v -0.126586448372 -0.47472303919 -8.12740878381e-19
v -0.126587869723 -0.474728806049 0.000340270092849
v -0.126592132044 -0.474746099601 0.000680125619005
v -0.131247258725 -0.493633384005 0.000680125619005
v -0.131251521047 -0.493650677558 0.000340270092849
v -0.131312769244 -0.493899180381 3.81289750787e-19
v -0.131311311448 -0.493893265654 -0.000348994967025
v -0.126528079321 -0.474486217953 -0.000348994967025
v -0.126526621525 -0.474480303225 -8.4335704836e-19
v -0.126528079321 -0.474486217953 0.000348994967025
v -0.126532450933 -0.474503954929 0.000697564737441
v -0.131306939837 -0.493875528677 0.000697564737441
v -0.131311311448 -0.493893265654 0.000348994967025
v -0.128740004215 -0.494014902701 0
v -0.128738634047 -0.494009280098 -0.000331545218674
v -0.128734525211 -0.493992419138 -0.000662686500569
v -0.128727682714 -0.493964340366 -0.000993020401043
v -0.124253871358 -0.475605673369 -0.000993020401043
v -0.12424702886 -0.475577594597 -0.000662686500569
v -0.124242920024 -0.475560733637 -0.000331545218674
v -0.124241549856 -0.475555111034 -1.16341445919e-18
v -0.124242920024 -0.475560733637 0.000331545218674
v -0.12424702886 -0.475577594597 0.000662686500569
v -0.124253871358 -0.475605673369 0.000993020401043
v -0.12426343918 -0.475644935746 0.00132214445912
v -0.128718114891 -0.493925077989 0.00132214445912
v -0.128727682714 -0.493964340366 0.000993020401043
v -0.128734525211 -0.493992419138 0.000662686500569
v -0.128738634047 -0.494009280098 0.000331545218674
v -0.128799194404 -0.494257794696 0
v -0.128797788179 -0.49425202413 -0.000340270092849
v -0.128793571216 -0.494234719461 -0.000680125619005
v -0.128786548652 -0.494205901774 -0.00101915251686
v -0.124195005419 -0.475364111961 -0.00101915251686
v -0.124187982856 -0.475335294274 -0.000680125619005
v -0.124183765892 -0.475317989605 -0.000340270092849
v -0.124182359667 -0.475312219039 -1.19403062917e-18
v -0.124183765892 -0.475317989605 0.000340270092849
v -0.124187982856 -0.475335294274 0.000680125619005
v -0.124195005419 -0.475364111961 0.00101915251686
v -0.124204825026 -0.475404407559 0.00135693773436
v -0.128776729045 -0.494165606176 0.00135693773436
v -0.128786548652 -0.494205901774 0.00101915251686
v -0.128793571216 -0.494234719461 0.000680125619005
v -0.128797788179 -0.49425202413 0.000340270092849
v -0.128858384593 -0.494500686692 0
v -0.128856942311 -0.494494768162 -0.000348994967025
v -0.12885261722 -0.494477019784 -0.000697564737441
v -0.128845414591 -0.494447463181 -0.00104528463268
v -0.12413613948 -0.475122550554 -0.00104528463268
v -0.124128936851 -0.475092993951 -0.000697564737441
v -0.124124611761 -0.475075245573 -0.000348994967025
v -0.124123169478 -0.475069327043 -1.22464679915e-18
v -0.124124611761 -0.475075245573 0.000348994967025
v -0.124128936851 -0.475092993951 0.000697564737441
v -0.12413613948 -0.475122550554 0.00104528463268
v -0.124146210872 -0.475163879371 0.0013917310096
v -0.128835343199 -0.494406134364 0.0013917310096
v -0.128845414591 -0.494447463181 0.00104528463268
v -0.12885261722 -0.494477019784 0.000697564737441
v -0.128856942311 -0.494494768162 0.000348994967025
v -0.126275546682 -0.49461203491 0
v -0.126274197219 -0.494606407301 -0.000331545218674
v -0.126270150475 -0.494589531332 -0.000662686500569
v -0.12626341138 -0.494561427563 -0.000993020401043
v -0.121857207231 -0.47618641717 -0.000993020401043
v -0.121850468135 -0.476158313401 -0.000662686500569
v -0.121846421391 -0.476141437432 -0.000331545218674
v -0.121845071928 -0.476135809823 -1.16341445919e-18
v -0.126333842402 -0.494855143135 0
v -0.126332457427 -0.494849367431 -0.000340270092849
v -0.12632830419 -0.494832047358 -0.000680125619005
v -0.12632138775 -0.494803204015 -0.00101915251686
v -0.12179923086 -0.475944640718 -0.00101915251686
v -0.12179231442 -0.475915797376 -0.000680125619005
v -0.121788161183 -0.475898477302 -0.000340270092849
v -0.121786776208 -0.475892701598 -1.19403062917e-18
v -0.126392138123 -0.49509825136 0
v -0.126390717636 -0.495092327561 -0.000348994967025
v -0.126386457905 -0.495074563383 -0.000697564737441
v -0.126379364121 -0.495044980468 -0.00104528463268
v -0.12174125449 -0.475702864265 -0.00104528463268
v -0.121734160705 -0.47567328135 -0.000697564737441
v -0.121729900975 -0.475655517172 -0.000348994967025
v -0.121728480488 -0.475649593373 -1.22464679915e-18
v -0.123796757688 -0.495200207517 0
v -0.123795435984 -0.495194573324 -0.000331545218674
v -0.119458738978 -0.476708000626 -0.000331545218674
v -0.119457417273 -0.476702366433 -1.16341445919e-18
v -0.119458738978 -0.476708000626 0.000331545218674
v -0.119462702481 -0.476724896339 0.000662686500569
v -0.119469302953 -0.476753032988 0.000993020401043
v -0.123784872008 -0.495149540963 0.000993020401043
v -0.123791472481 -0.495177677611 0.000662686500569
v -0.123795435984 -0.495194573324 0.000331545218674
v -0.123853854273 -0.495443600163 0
v -0.123852497786 -0.495437817702 -0.000340270092849
v -0.119401677175 -0.476464756248 -0.000340270092849
v -0.119400320689 -0.476458973787 -1.19403062917e-18
v -0.119401677175 -0.476464756248 0.000340270092849
v -0.119405744981 -0.476482096585 0.000680125619005
v -0.123841655811 -0.495391600278 0.00101915251686
v -0.123848429981 -0.495420477365 0.000680125619005
v -0.123852497786 -0.495437817702 0.000340270092849
v -0.123910950857 -0.495686992809 0
v -0.123909559589 -0.49568106208 -0.000348994967025
v -0.119344615372 -0.47622151187 -0.000348994967025
v -0.119343224104 -0.476215581142 -1.22464679915e-18
v -0.119344615372 -0.47622151187 0.000348994967025
v -0.119348787481 -0.476239296832 0.000697564737441
v -0.123898439614 -0.495633659593 0.00104528463268
v -0.123905387481 -0.495663277119 0.000697564737441
v -0.123909559589 -0.49568106208 0.000348994967025
v -0.121322495305 -0.495773988809 0
v -0.121321196815 -0.495768349221 -0.000331545218674
v -0.121317302925 -0.495751437329 -0.000662686500569
v -0.117064562193 -0.477280985719 -0.000662686500569
v -0.117060668304 -0.477264073827 -0.000331545218674
v -0.117059369814 -0.477258434239 -1.16341445919e-18
v -0.117060668304 -0.477264073827 0.000331545218674
v -0.117064562193 -0.477280985719 0.000662686500569
v -0.117071046737 -0.477309149312 0.000993020401043
v -0.117080114036 -0.477348530291 0.00132214445912
v -0.121301751083 -0.495683892757 0.00132214445912
v -0.121310818381 -0.495723273737 0.000993020401043
v -0.121317302925 -0.495751437329 0.000662686500569
v -0.121321196815 -0.495768349221 0.000331545218674
v -0.121378589062 -0.496017614527 0
v -0.1213772564 -0.496011826529 -0.000340270092849
v -0.12137326004 -0.495994469587 -0.000680125619005
v -0.117008605078 -0.477037953461 -0.000680125619005
v -0.117004608718 -0.477020596519 -0.000340270092849
v -0.117003276057 -0.477014808521 -1.19403062917e-18
v -0.117004608718 -0.477020596519 0.000340270092849
v -0.117008605078 -0.477037953461 0.000680125619005
v -0.117015260268 -0.477066858201 0.00101915251686
v -0.11702456618 -0.477107275522 0.00135693773436
v -0.121357298939 -0.495925147526 0.00135693773436
v -0.12136660485 -0.495965564848 0.00101915251686
v -0.12137326004 -0.495994469587 0.000680125619005
v -0.1213772564 -0.496011826529 0.000340270092849
v -0.121434682818 -0.496261240245 0
v -0.121433315986 -0.496255303837 -0.000348994967025
v -0.121429217155 -0.496237501845 -0.000697564737441
v -0.116952647964 -0.476794921203 -0.000697564737441
v -0.116948549133 -0.476777119211 -0.000348994967025
v -0.116947182301 -0.476771182803 -1.22464679915e-18
v -0.116948549133 -0.476777119211 0.000348994967025
v -0.116952647964 -0.476794921203 0.000697564737441
v -0.116959473799 -0.47682456709 0.00104528463268
v -0.116969018324 -0.476866020753 0.0013917310096
v -0.121412846795 -0.496166402296 0.0013917310096
v -0.121422391319 -0.496207855958 0.00104528463268
v -0.121429217155 -0.496237501845 0.000697564737441
v -0.121433315986 -0.496255303837 0.000348994967025
v -0.118849684826 -0.496339262857 0
v -0.118848407598 -0.496333618416 -0.000331545218674
v -0.118844577469 -0.49631669197 -0.000662686500569
v -0.114661473834 -0.477830344835 -0.000662686500569
v -0.114657643705 -0.477813418388 -0.000331545218674
v -0.114656366477 -0.477807773947 -1.16341445919e-18
v -0.114657643705 -0.477813418388 0.000331545218674
v -0.118848407598 -0.496333618416 0.000331545218674
v -0.118904860067 -0.496583098238 0
v -0.118903549228 -0.496577305259 -0.000340270092849
v -0.118899618307 -0.496559933379 -0.000680125619005
v -0.114606432996 -0.477587103425 -0.000680125619005
v -0.114602502075 -0.477569731546 -0.000340270092849
v -0.114601191236 -0.477563938567 -1.19403062917e-18
v -0.114602502075 -0.477569731546 0.000340270092849
v -0.118903549228 -0.496577305259 0.000340270092849
v -0.118960035309 -0.496826933618 0
v -0.118958690858 -0.496820992101 -0.000348994967025
v -0.118954659144 -0.496803174789 -0.000697564737441
v -0.114551392159 -0.477343862016 -0.000697564737441
v -0.114547360445 -0.477326044703 -0.000348994967025
v -0.114546015994 -0.477320103186 -1.22464679915e-18
v -0.114547360445 -0.477326044703 0.000348994967025
v -0.118958690858 -0.496820992101 0.000348994967025
v -0.116368653981 -0.496894922844 0
v -0.116367401541 -0.49688927285 -0.000331545218674
v -0.116363645746 -0.496872329755 -0.000662686500569
v -0.112261726165 -0.47836779944 -0.000662686500569
v -0.112257970371 -0.478350856345 -0.000331545218674
v -0.112256717931 -0.478345206352 -1.16341445919e-18
v -0.112257970371 -0.478350856345 0.000331545218674
v -0.116367401541 -0.49688927285 0.000331545218674
v -0.116422758403 -0.497138998061 0
v -0.116421473004 -0.497133199383 -0.000340270092849
v -0.116417618372 -0.497115810417 -0.000680125619005
v -0.112207753539 -0.478124318778 -0.000680125619005
v -0.112203898908 -0.478106929812 -0.000340270092849
v -0.112202613509 -0.478101131135 -1.19403062917e-18
v -0.112203898908 -0.478106929812 0.000340270092849
v -0.116421473004 -0.497133199383 0.000340270092849
v -0.116476862825 -0.497383073277 0
v -0.116475544467 -0.497377125916 -0.000348994967025
v -0.116471590999 -0.497359291079 -0.000697564737441
v -0.112153780913 -0.477880838116 -0.000697564737441
v -0.112149827445 -0.477863003279 -0.000348994967025
v -0.112148509087 -0.477857055918 -1.22464679915e-18
v -0.112149827445 -0.477863003279 0.000348994967025
v -0.116475544467 -0.497377125916 0.000348994967025
v -0.113871167523 -0.497442780423 0
v -0.113869948461 -0.497437123134 -0.000331545218674
v -0.109870035047 -0.478874768657 -0.000331545218674
v -0.109868815984 -0.478869111368 -1.16341445919e-18
v -0.109870035047 -0.478874768657 0.000331545218674
v -0.109873690748 -0.47889173363 0.000662686500569
v -0.109879778635 -0.478919985619 0.000993020401043
v -0.113860204873 -0.497391906172 0.000993020401043
v -0.113866292759 -0.497420158161 0.000662686500569
v -0.113869948461 -0.497437123134 0.000331545218674
v -0.113923830043 -0.497687170805 0
v -0.1139225789 -0.497681364641 -0.000340270092849
v -0.109817404607 -0.47863052715 -0.000340270092849
v -0.109816153464 -0.478624720986 -1.19403062917e-18
v -0.109817404607 -0.47863052715 0.000340270092849
v -0.109821156511 -0.478647938571 0.000680125619005
v -0.109827404605 -0.478676934033 0.00101915251686
v -0.113912578902 -0.497634957758 0.00101915251686
v -0.113918826996 -0.49766395322 0.000680125619005
v -0.1139225789 -0.497681364641 0.000340270092849
v -0.113976492563 -0.497931561188 0
v -0.11397520934 -0.497925606147 -0.000348994967025
v -0.109764774167 -0.478386285644 -0.000348994967025
v -0.109763490944 -0.478380330603 -1.22464679915e-18
v -0.109764774167 -0.478386285644 0.000348994967025
v -0.109768622274 -0.478404143511 0.000697564737441
v -0.109775030576 -0.478433882447 0.00104528463268
v -0.113964952931 -0.497878009344 0.00104528463268
v -0.113971361233 -0.49790774828 0.000697564737441
v -0.11397520934 -0.497925606147 0.000348994967025
v -0.111368101344 -0.497972458229 0
v -0.107478637532 -0.479374822055 -1.16341445919e-18
v -0.10747982221 -0.479380486644 0.000331545218674
v -0.107483374801 -0.479397473509 0.000662686500569
v -0.111363364074 -0.497949806776 0.000662686500569
v -0.111366916665 -0.49796679364 0.000331545218674
v -0.111419278499 -0.498217163968 0
v -0.107427460377 -0.479130116316 -1.19403062917e-18
v -0.107428676231 -0.479135929973 0.000340270092849
v -0.107432322311 -0.479153363861 0.000680125619005
v -0.111414416565 -0.498193916424 0.000680125619005
v -0.111418062645 -0.498211350311 0.000340270092849
v -0.111470455654 -0.498461869707 0
v -0.107376283221 -0.478885410577 -1.22464679915e-18
v -0.107377530251 -0.478891373302 0.000348994967025
v -0.10738126982 -0.478909254212 0.000697564737441
v -0.111465469055 -0.498438026072 0.000697564737441
v -0.111469208625 -0.498455906983 0.000348994967025
v -0.108865999402 -0.498489570029 0
v -0.10886484706 -0.498483898774 -0.000331545218674
v -0.108861391439 -0.498466891918 -0.000662686500569
v -0.105087309042 -0.479892724683 -0.000662686500569
v -0.105083853421 -0.479875717827 -0.000331545218674
v -0.10508270108 -0.479870046571 -1.16341445919e-18
v -0.105083853421 -0.479875717827 0.000331545218674
v -0.105087309042 -0.479892724683 0.000662686500569
v -0.105093063732 -0.47992104642 0.000993020401043
v -0.108861391439 -0.498466891918 0.000662686500569
v -0.10886484706 -0.498483898774 0.000331545218674
v -0.108915779643 -0.498734563759 0
v -0.108914596976 -0.49872874326 -0.000340270092849
v -0.108911050418 -0.498711288855 -0.000680125619005
v -0.105037650063 -0.479648327746 -0.000680125619005
v -0.105034103505 -0.47963087334 -0.000340270092849
v -0.105032920839 -0.479625052842 -1.19403062917e-18
v -0.105034103505 -0.47963087334 0.000340270092849
v -0.105037650063 -0.479648327746 0.000680125619005
v -0.108911050418 -0.498711288855 0.000680125619005
v -0.108914596976 -0.49872874326 0.000340270092849
v -0.108965559884 -0.498979557489 0
v -0.108964346893 -0.498973587746 -0.000348994967025
v -0.108960709397 -0.498955685792 -0.000697564737441
v -0.104987991084 -0.479403930808 -0.000697564737441
v -0.104984353589 -0.479386028854 -0.000348994967025
v -0.104983140598 -0.479380059112 -1.22464679915e-18
v -0.104984353589 -0.479386028854 0.000348994967025
v -0.104987991084 -0.479403930808 0.000697564737441
v -0.108960709397 -0.498955685792 0.000697564737441
v -0.108964346893 -0.498973587746 0.000348994967025
v -0.106360914441 -0.498989870391 0
v -0.106359794208 -0.498984192706 -0.000331545218674
v -0.106356434877 -0.498967166568 -0.000662686500569
v -0.102687515405 -0.480371940936 -0.000662686500569
v -0.102684156074 -0.480354914798 -0.000331545218674
v -0.102683035842 -0.480349237113 -1.16341445919e-18
v -0.10640930758 -0.499235141882 0
v -0.106408157868 -0.499229314784 -0.000340270092849
v -0.106404710133 -0.49921184059 -0.000680125619005
v -0.102639240149 -0.480127266914 -0.000680125619005
v -0.102635792414 -0.48010979272 -0.000340270092849
v -0.102634642702 -0.480103965622 -1.19403062917e-18
v -0.106457700719 -0.499480413372 0
v -0.106456521528 -0.499474436861 -0.000348994967025
v -0.106452985389 -0.499456514611 -0.000697564737441
v -0.102590964893 -0.479882592893 -0.000697564737441
v -0.102587428754 -0.479864670642 -0.000348994967025
v -0.102586249563 -0.479858694132 -1.22464679915e-18
v -0.10385654053 -0.499477975298 0
v -0.103855450618 -0.499472291715 -0.000331545218674
v -0.103852182212 -0.499455247889 -0.000662686500569
v -0.100282567554 -0.480840704177 -0.000662686500569
v -0.100279299148 -0.480823660351 -0.000331545218674
v -0.100278209237 -0.480817976768 -1.16341445919e-18
v -0.100279299148 -0.480823660351 0.000331545218674
v -0.100282567554 -0.480840704177 0.000662686500569
v -0.100288010474 -0.48086908748 0.000993020401043
v -0.100295621274 -0.480908775679 0.00132214445912
v -0.100305390683 -0.480959720421 0.00164965768784
v -0.100317306799 -0.481021859637 0.00197516106277
v -0.103817442968 -0.499274092429 0.00197516106277
v -0.103829359083 -0.499336231645 0.00164965768784
v -0.103839128493 -0.499387176387 0.00132214445912
v -0.103846739293 -0.499426864586 0.000993020401043
v -0.103852182212 -0.499455247889 0.000662686500569
v -0.103855450618 -0.499472291715 0.000331545218674
v -0.103903623836 -0.499723501595 0
v -0.103902505243 -0.499717668443 -0.000340270092849
v -0.103899150826 -0.499700176096 -0.000680125619005
v -0.100235598941 -0.48059577597 -0.000680125619005
v -0.100232244524 -0.480578283623 -0.000340270092849
v -0.10023112593 -0.480572450471 -1.19403062917e-18
v -0.100232244524 -0.480578283623 0.000340270092849
v -0.100235598941 -0.48059577597 0.000680125619005
v -0.100241185094 -0.480624906202 0.00101915251686
v -0.100248996179 -0.480665638828 0.00135693773436
v -0.100259022678 -0.48071792422 0.00169306973225
v -0.100271252376 -0.480781698679 0.00202713898547
v -0.103863497391 -0.499514253387 0.00202713898547
v -0.103875727089 -0.499578027845 0.00169306973225
v -0.103885753588 -0.499630313238 0.00135693773436
v -0.103893564672 -0.499671045864 0.00101915251686
v -0.103899150826 -0.499700176096 0.000680125619005
v -0.103902505243 -0.499717668443 0.000340270092849
v -0.103950707143 -0.499969027891 0
v -0.103949559868 -0.499963045172 -0.000348994967025
v -0.10394611944 -0.499945104302 -0.000697564737441
v -0.100188630327 -0.480350847763 -0.000697564737441
v -0.100185189899 -0.480332906894 -0.000348994967025
v -0.100184042624 -0.480326924175 -1.22464679915e-18
v -0.100185189899 -0.480332906894 0.000348994967025
v -0.100188630327 -0.480350847763 0.000697564737441
v -0.100194359715 -0.480380724924 0.00104528463268
v -0.100202371084 -0.480422501976 0.0013917310096
v -0.100212654673 -0.48047612802 0.00173648177667
v -0.103922095094 -0.499819824045 0.00173648177667
v -0.103932378683 -0.499873450089 0.0013917310096
v -0.103940390052 -0.499915227141 0.00104528463268
v -0.10394611944 -0.499945104302 0.000697564737441
v -0.103949559868 -0.499963045172 0.000348994967025
v -0.101347673016 -0.499951224822 0
v -0.101346614423 -0.499945535322 -0.000331545218674
v -0.101343439936 -0.499928473754 -0.000662686500569
v -0.101338153422 -0.499900060905 -0.000993020401043
v -0.0978816861335 -0.481322965442 -0.000993020401043
v -0.097876399619 -0.481294552593 -0.000662686500569
v -0.0978732251317 -0.481277491025 -0.000331545218674
v -0.0978721665394 -0.481271801525 -1.16341445919e-18
v -0.0978732251317 -0.481277491025 0.000331545218674
v -0.097876399619 -0.481294552593 0.000662686500569
v -0.0978816861335 -0.481322965442 0.000993020401043
v -0.101338153422 -0.499900060905 0.000993020401043
v -0.101343439936 -0.499928473754 0.000662686500569
v -0.101346614423 -0.499945535322 0.000331545218674
v -0.101393403364 -0.500197006708 0
v -0.101392316914 -0.500191167484 -0.000340270092849
v -0.101389058888 -0.500173656927 -0.000680125619005
v -0.101383633254 -0.500144496371 -0.00101915251686
v -0.0978362063007 -0.481078529976 -0.00101915251686
v -0.0978307806674 -0.48104936942 -0.000680125619005
v -0.097827522641 -0.481031858863 -0.000340270092849
v -0.097826436191 -0.481026019639 -1.19403062917e-18
v -0.097827522641 -0.481031858863 0.000340270092849
v -0.0978307806674 -0.48104936942 0.000680125619005
v -0.0978362063007 -0.481078529976 0.00101915251686
v -0.101383633254 -0.500144496371 0.00101915251686
v -0.101389058888 -0.500173656927 0.000680125619005
v -0.101392316914 -0.500191167484 0.000340270092849
v -0.101439133713 -0.500442788593 0
v -0.101438019405 -0.500436799646 -0.000348994967025
v -0.101434677839 -0.5004188401 -0.000697564737441
v -0.101429113087 -0.500388931838 -0.00104528463268
v -0.097790726468 -0.480834094509 -0.00104528463268
v -0.0977851617159 -0.480804186246 -0.000697564737441
v -0.0977818201504 -0.480786226701 -0.000348994967025
v -0.0977807058427 -0.480780237754 -1.22464679915e-18
v -0.0977818201504 -0.480786226701 0.000348994967025
v -0.0977851617159 -0.480804186246 0.000697564737441
v -0.097790726468 -0.480834094509 0.00104528463268
v -0.101429113087 -0.500388931838 0.00104528463268
v -0.101434677839 -0.5004188401 0.000697564737441
v -0.101438019405 -0.500436799646 0.000348994967025
v -0.0988415572693 -0.50041109404 0
v -0.0988405269359 -0.500405399355 -0.000331545218674
v -0.0954598591605 -0.481720341248 -0.000331545218674
v -0.0954588288271 -0.481714646562 -1.16341445919e-18
v -0.0954598591605 -0.481720341248 0.000331545218674
v -0.0954629489054 -0.481737418366 0.000662686500569
v -0.0954680942973 -0.48176585711 0.000993020401043
v -0.0988250970289 -0.500320117769 0.00132214445912
v -0.0988322917991 -0.500359883492 0.000993020401043
v -0.098837437191 -0.500388322237 0.000662686500569
v -0.0988405269359 -0.500405399355 0.000331545218674
v -0.098886066854 -0.500657099928 0
v -0.0988850094066 -0.500651255383 -0.000340270092849
v -0.0954153766898 -0.48147448522 -0.000340270092849
v -0.0954143192424 -0.481468640675 -1.19403062917e-18
v -0.0954153766898 -0.48147448522 0.000340270092849
v -0.0954185477437 -0.481492011736 0.000680125619005
v -0.0954238285407 -0.481521198868 0.00101915251686
v -0.0988765575557 -0.500604541734 0.00101915251686
v -0.0988818383527 -0.500633728867 0.000680125619005
v -0.0988850094066 -0.500651255383 0.000340270092849
v -0.0989305764388 -0.500903105816 0
v -0.0989294918773 -0.50089711141 -0.000348994967025
v -0.0953708942191 -0.481228629192 -0.000348994967025
v -0.0953698096576 -0.481222634787 -1.22464679915e-18
v -0.0953708942191 -0.481228629192 0.000348994967025
v -0.0953741465821 -0.481246605106 0.000697564737441
v -0.0953795627841 -0.481276540626 0.00104528463268
v -0.0989208233123 -0.500849199976 0.00104528463268
v -0.0989262395143 -0.500879135497 0.000697564737441
v -0.0989294918773 -0.50089711141 0.000348994967025
v -0.0963732468264 -0.500851359221 0
v -0.0963722203707 -0.500845663835 -0.000331545218674
v -0.0930042761013 -0.482158308151 -0.000331545218674
v -0.0930032496457 -0.482152612766 -1.16341445919e-18
v -0.0930042761013 -0.482158308151 0.000331545218674
v -0.0930073542176 -0.482175387369 0.000662686500569
v -0.0930124802443 -0.48220382961 0.000993020401043
v -0.0930196479362 -0.482243600223 0.00132214445912
v -0.0930288485605 -0.482294650753 0.00164965768784
v -0.0963476479116 -0.500709321234 0.00164965768784
v -0.0963568485359 -0.500760371763 0.00132214445912
v -0.0963640162278 -0.500800142376 0.000993020401043
v -0.0963691422545 -0.500828584618 0.000662686500569
v -0.0963722203707 -0.500845663835 0.000331545218674
v -0.0964175888945 -0.501097395358 0
v -0.0964165354269 -0.501091550094 -0.000340270092849
v -0.0929599610451 -0.481912421892 -0.000340270092849
v -0.0929589075775 -0.481906576628 -1.19403062917e-18
v -0.0929599610451 -0.481912421892 0.000340270092849
v -0.0929631201645 -0.481929950563 0.000680125619005
v -0.0929683810866 -0.481959141284 0.00101915251686
v -0.0929757374019 -0.481999958492 0.00135693773436
v -0.0929851801479 -0.482052352457 0.00169306973225
v -0.0963913163241 -0.500951619529 0.00169306973225
v -0.0964007590701 -0.501004013494 0.00135693773436
v -0.0964081153854 -0.501044830702 0.00101915251686
v -0.0964133763076 -0.501074021423 0.000680125619005
v -0.0964165354269 -0.501091550094 0.000340270092849
v -0.0964619309627 -0.501343431496 0
v -0.0964608504831 -0.501337436353 -0.000348994967025
v -0.092915645989 -0.481666535633 -0.000348994967025
v -0.0929145655094 -0.48166054049 -1.22464679915e-18
v -0.092915645989 -0.481666535633 0.000348994967025
v -0.0929188861113 -0.481684513757 0.000697564737441
v -0.0929242819289 -0.481714452959 0.00104528463268
v -0.0929318268677 -0.481756316761 0.0013917310096
v -0.0929415117354 -0.481810054161 0.00173648177667
v -0.0964349847366 -0.501193917825 0.00173648177667
v -0.0964446696043 -0.501247655225 0.0013917310096
v -0.0964522145431 -0.501289519028 0.00104528463268
v -0.0964576103607 -0.501319458229 0.000697564737441
v -0.0964608504831 -0.501337436353 0.000348994967025
v -0.0938882801538 -0.501303771058 0
v -0.0938872687558 -0.501298072979 -0.000331545218674
v -0.090568730612 -0.482601880435 0.000331545218674
v -0.0938872687558 -0.501298072979 0.000331545218674
v -0.0939319717451 -0.501549923541 0
v -0.0939309337314 -0.501544075513 -0.000340270092849
v -0.0905250656364 -0.482355877901 0.000340270092849
v -0.0939309337314 -0.501544075513 0.000340270092849
v -0.0939756633364 -0.501796076024 0
v -0.0939745987069 -0.501790078046 -0.000348994967025
v -0.0904814006609 -0.482109875368 0.000348994967025
v -0.0939745987069 -0.501790078046 0.000348994967025
v -0.091351373731 -0.501742474835 0
v -0.0881761780028 -0.48300966586 -1.16341445919e-18
v -0.0881771451246 -0.483015371621 0.000331545218674
v -0.0913504066092 -0.501736769075 0.000331545218674
v -0.0913931526221 -0.501988959164 0
v -0.0881343991117 -0.482763181532 -1.19403062917e-18
v -0.088135391684 -0.482769037444 0.000340270092849
v -0.0913921600498 -0.501983103252 0.000340270092849
v -0.0914349315133 -0.502235443493 0
v -0.0880926202205 -0.482516697203 -1.22464679915e-18
v -0.0880936382434 -0.482522703267 0.000348994967025
v -0.0914339134904 -0.502229437429 0.000348994967025
v -0.0888407427051 -0.502159510549 0
v -0.0857528063594 -0.483412120087 -1.16341445919e-18
v -0.0857537469031 -0.483417830289 0.000331545218674
v -0.0857565673882 -0.483434953938 0.000662686500569
v -0.0857612643786 -0.483463470171 0.000993020401043
v -0.0888322846859 -0.502108160466 0.000993020401043
v -0.0888369816762 -0.502136676699 0.000662686500569
v -0.0888398021614 -0.502153800347 0.000331545218674
v -0.0888813734465 -0.502406186739 0
v -0.085712175618 -0.483165443897 -1.19403062917e-18
v -0.0857131409128 -0.483171304367 0.000340270092849
v -0.0857160356213 -0.483188878638 0.000680125619005
v -0.0857208562166 -0.483218145298 0.00101915251686
v -0.0888726928478 -0.502353485338 0.00101915251686
v -0.0888775134432 -0.502382751998 0.000680125619005
v -0.0888804081516 -0.502400326269 0.000340270092849
v -0.0889220041879 -0.50265286293 0
v -0.0856715448766 -0.482918767707 -1.22464679915e-18
v -0.0856725349226 -0.482924778446 0.000348994967025
v -0.0856755038543 -0.482942803339 0.000697564737441
v -0.0856804480547 -0.482972820426 0.00104528463268
v -0.0889131010098 -0.50259881021 0.00104528463268
v -0.0889180452101 -0.502628827298 0.000697564737441
v -0.0889210141419 -0.502646852191 0.000348994967025
v -0.0863306607596 -0.502569458672 0
v -0.0863297457966 -0.502563744315 -0.000331545218674
v -0.0863270020223 -0.502546608208 -0.000662686500569
v -0.083330368117 -0.483831278351 -0.000662686500569
v -0.0833276243427 -0.483814142243 -0.000331545218674
v -0.0833267093797 -0.483808427887 -1.16341445919e-18
v -0.0833276243427 -0.483814142243 0.000331545218674
v -0.0863297457966 -0.502563744315 0.000331545218674
v -0.0863701864357 -0.50281631434 0
v -0.0863692473947 -0.502810449606 -0.000340270092849
v -0.0832909387235 -0.483585024011 -0.000680125619005
v -0.0832881227447 -0.483567436953 -0.000340270092849
v -0.0832871837037 -0.483561572219 -1.19403062917e-18
v -0.0832881227447 -0.483567436953 0.000340270092849
v -0.0863692473947 -0.502810449606 0.000340270092849
v -0.0864097121117 -0.503063170008 0
v -0.0864087489928 -0.503057154896 -0.000348994967025
v -0.0832486211466 -0.483320731663 -0.000348994967025
v -0.0832476580276 -0.483314716551 -1.22464679915e-18
v -0.0832486211466 -0.483320731663 0.000348994967025
v -0.0864087489928 -0.503057154896 0.000348994967025
v -0.0838016277375 -0.502966265988 -1.90644875394e-19
v -0.0838007483913 -0.502960546042 -0.000331545218674
v -0.083798111424 -0.502943393174 -0.000662686500569
v -0.0837937200485 -0.502914828282 -0.000993020401043
v -0.0837875796149 -0.502874886167 -0.00132214445912
v -0.0809286594571 -0.484278265193 -0.00132214445912
v -0.0809225190235 -0.484238323078 -0.000993020401043
v -0.080918127648 -0.484209758186 -0.000662686500569
v -0.0809154906808 -0.484192605318 -0.000331545218674
v -0.0809146113346 -0.484186885372 -1.35405933458e-18
v -0.0809154906808 -0.484192605318 0.000331545218674
v -0.080918127648 -0.484209758186 0.000662686500569
v -0.083798111424 -0.502943393174 0.000662686500569
v -0.0838007483913 -0.502960546042 0.000331545218674
v -0.0838396147954 -0.503213363101 -1.90644875394e-19
v -0.0838387123085 -0.50320749263 -0.000340270092849
v -0.0838360059474 -0.503189888371 -0.000680125619005
v -0.0838314990094 -0.503160571771 -0.00101915251686
v -0.0838251969854 -0.503119578548 -0.00135693773436
v -0.0808910420867 -0.484033572812 -0.00135693773436
v -0.0808847400627 -0.483992579589 -0.00101915251686
v -0.0808802331246 -0.483963262989 -0.000680125619005
v -0.0808775267635 -0.48394565873 -0.000340270092849
v -0.0808766242766 -0.483939788259 -1.38467550456e-18
v -0.0808775267635 -0.48394565873 0.000340270092849
v -0.0808802331246 -0.483963262989 0.000680125619005
v -0.0838360059474 -0.503189888371 0.000680125619005
v -0.0838387123085 -0.50320749263 0.000340270092849
v -0.0838776018533 -0.503460460214 -1.90644875394e-19
v -0.0838766762258 -0.503454439219 -0.000348994967025
v -0.0838739004708 -0.503436383568 -0.000697564737441
v -0.0838692779702 -0.503406315261 -0.00104528463268
v -0.0808469611018 -0.483746836099 -0.00104528463268
v -0.0808423386013 -0.483716767792 -0.000697564737441
v -0.0808395628463 -0.483698712141 -0.000348994967025
v -0.0808386372187 -0.483692691146 -1.41529167454e-18
v -0.0808395628463 -0.483698712141 0.000348994967025
v -0.0808423386013 -0.483716767792 0.000697564737441
v -0.0838739004708 -0.503436383568 0.000697564737441
v -0.0838766762258 -0.503454439219 0.000348994967025
v -0.0812795466325 -0.503346038072 0
v -0.0812786972331 -0.503340313603 -0.000331545218674
v -0.078491699128 -0.484557530193 -0.000331545218674
v -0.0784908497286 -0.484551805723 -1.16341445919e-18
v -0.078491699128 -0.484557530193 0.000331545218674
v -0.0784942462914 -0.484574696626 0.000662686500569
v -0.0784984881154 -0.484603284109 0.000993020401043
v -0.0812719082458 -0.503294559687 0.000993020401043
v -0.0812761500698 -0.503323147169 0.000662686500569
v -0.0812786972331 -0.503340313603 0.000331545218674
v -0.0813162400128 -0.503593330603 0
v -0.0813153682608 -0.50358745549 -0.000340270092849
v -0.0784550281003 -0.484310388306 -0.000340270092849
v -0.0784541563483 -0.484304513193 -1.19403062917e-18
v -0.0784550281003 -0.484310388306 0.000340270092849
v -0.0784576422943 -0.484328006487 0.000680125619005
v -0.0784619957452 -0.484357346273 0.00101915251686
v -0.081308400616 -0.503540497523 0.00101915251686
v -0.0813127540669 -0.503569837308 0.000680125619005
v -0.0813153682608 -0.50358745549 0.000340270092849
v -0.0813529333932 -0.503840623134 0
v -0.0813520392885 -0.503834597377 -0.000348994967025
v -0.0784183570727 -0.484063246419 -0.000348994967025
v -0.078417462968 -0.484057220662 -1.22464679915e-18
v -0.0784183570727 -0.484063246419 0.000348994967025
v -0.0784210382972 -0.484081316349 0.000697564737441
v -0.0784255033751 -0.484111408436 0.00104528463268
v -0.0813448929861 -0.50378643536 0.00104528463268
v -0.081349358064 -0.503816527447 0.000697564737441
v -0.0813520392885 -0.503834597377 0.000348994967025
v -0.0787645580753 -0.503713711121 0
v -0.0787637333444 -0.503707983046 -0.000331545218674
v -0.0787612601564 -0.503690805799 -0.000662686500569
v -0.0787571415247 -0.503662200307 -0.000993020401043
v -0.0760642678062 -0.484959150474 -0.000993020401043
v -0.0760601491745 -0.484930544983 -0.000662686500569
v -0.0760576759865 -0.484913367736 -0.000331545218674
v -0.0760568512556 -0.48490763966 -1.16341445919e-18
v -0.0760576759865 -0.484913367736 0.000331545218674
v -0.0760601491745 -0.484930544983 0.000662686500569
v -0.0760642678062 -0.484959150474 0.000993020401043
v -0.0760700268639 -0.484999149358 0.00132214445912
v -0.078751382467 -0.503622201424 0.00132214445912
v -0.0787571415247 -0.503662200307 0.000993020401043
v -0.0787612601564 -0.503690805799 0.000662686500569
v -0.0787637333444 -0.503707983046 0.000331545218674
v -0.0788001857966 -0.50396115943 0
v -0.0787993393622 -0.503955280616 -0.000340270092849
v -0.0787968010904 -0.503937651336 -0.000680125619005
v -0.0787925740736 -0.503908293068 -0.00101915251686
v -0.0760288352573 -0.484713057713 -0.00101915251686
v -0.0760246082405 -0.484683699446 -0.000680125619005
v -0.0760220699687 -0.484666070166 -0.000340270092849
v -0.0760212235343 -0.484660191352 -1.19403062917e-18
v -0.0760220699687 -0.484666070166 0.000340270092849
v -0.0760246082405 -0.484683699446 0.000680125619005
v -0.0760288352573 -0.484713057713 0.00101915251686
v -0.0760347458691 -0.484754109199 0.00135693773436
v -0.0787866634618 -0.503867241582 0.00135693773436
v -0.0787925740736 -0.503908293068 0.00101915251686
v -0.0787968010904 -0.503937651336 0.000680125619005
v -0.0787993393622 -0.503955280616 0.000340270092849
v -0.0788358135179 -0.504208607738 0
v -0.0788349453801 -0.504202578185 -0.000348994967025
v -0.0788323420244 -0.504184496873 -0.000697564737441
v -0.0788280066225 -0.504154385829 -0.00104528463268
v -0.0759934027084 -0.484466964952 -0.00104528463268
v -0.0759890673065 -0.484436853909 -0.000697564737441
v -0.0759864639508 -0.484418772596 -0.000348994967025
v -0.075985595813 -0.484412743043 -1.22464679915e-18
v -0.0759864639508 -0.484418772596 0.000348994967025
v -0.0759890673065 -0.484436853909 0.000697564737441
v -0.0759934027084 -0.484466964952 0.00104528463268
v -0.0759994648744 -0.48450906904 0.0013917310096
v -0.0788219444565 -0.504112281741 0.0013917310096
v -0.0788280066225 -0.504154385829 0.00104528463268
v -0.0788323420244 -0.504184496873 0.000697564737441
v -0.0788349453801 -0.504202578185 0.000348994967025
v -0.0762546824979 -0.504069547274 0
v -0.0762538783791 -0.504063816269 -0.000331545218674
v -0.0762514670023 -0.504046630236 -0.000662686500569
v -0.0736178635576 -0.485276773569 -0.000662686500569
v -0.0736154521808 -0.485259587535 -0.000331545218674
v -0.073614648062 -0.48525385653 -1.16341445919e-18
v -0.0736154521808 -0.485259587535 0.000331545218674
v -0.0736178635576 -0.485276773569 0.000662686500569
v -0.0736218792544 -0.485305393691 0.000993020401043
v -0.0762474513055 -0.504018010113 0.000993020401043
v -0.0762514670023 -0.504046630236 0.000662686500569
v -0.0762538783791 -0.504063816269 0.000331545218674
v -0.0762894197931 -0.504317122152 0
v -0.0762885945133 -0.504311240331 -0.000340270092849
v -0.0762861196792 -0.504293602034 -0.000680125619005
v -0.0735832108807 -0.48502980177 -0.000680125619005
v -0.0735807360466 -0.485012163473 -0.000340270092849
v -0.0735799107668 -0.485006281652 -1.19403062917e-18
v -0.0735807360466 -0.485012163473 0.000340270092849
v -0.0735832108807 -0.48502980177 0.000680125619005
v -0.0762819983062 -0.50426422875 0.00101915251686
v -0.0762861196792 -0.504293602034 0.000680125619005
v -0.0762885945133 -0.504311240331 0.000340270092849
v -0.0763241570883 -0.504564697031 0
v -0.0763233106475 -0.504558664394 -0.000348994967025
v -0.0763207723561 -0.504540573832 -0.000697564737441
v -0.0735485582038 -0.484782829972 -0.000697564737441
v -0.0735460199124 -0.484764739411 -0.000348994967025
v -0.0735451734716 -0.484758706774 -1.22464679915e-18
v -0.0735460199124 -0.484764739411 0.000348994967025
v -0.0735485582038 -0.484782829972 0.000697564737441
v -0.0763165453068 -0.504510447387 0.00104528463268
v -0.0763207723561 -0.504540573832 0.000697564737441
v -0.0763233106475 -0.504558664394 0.000348994967025
v -0.0737232948282 -0.504420954133 0
v -0.0737225238242 -0.504415218579 -0.000331545218674
v -0.0737202117516 -0.504398018904 -0.000662686500569
v -0.0711950640773 -0.485613264032 -0.000662686500569
v -0.0711927520046 -0.485596064357 -0.000331545218674
v -0.0711919810006 -0.485590328803 -1.16341445919e-18
v -0.0711927520046 -0.485596064357 0.000331545218674
v -0.0737225238242 -0.504415218579 0.000331545218674
v -0.0737566015891 -0.504668725519 0
v -0.0737558102956 -0.504662839029 -0.000340270092849
v -0.0737534373789 -0.504645186732 -0.000680125619005
v -0.07116183845 -0.485366096204 -0.000680125619005
v -0.0711594655333 -0.485348443907 -0.000340270092849
v -0.0711586742397 -0.485342557417 -1.19403062917e-18
v -0.0711594655333 -0.485348443907 0.000340270092849
v -0.0737558102956 -0.504662839029 0.000340270092849
v -0.07378990835 -0.504916496905 0
v -0.0737890967669 -0.504910459479 -0.000348994967025
v -0.0737866630062 -0.504892354559 -0.000697564737441
v -0.0711286128227 -0.485118928377 -0.000697564737441
v -0.071126179062 -0.485100823457 -0.000348994967025
v -0.0711253674788 -0.485094786031 -1.22464679915e-18
v -0.071126179062 -0.485100823457 0.000348994967025
v -0.0737890967669 -0.504910459479 0.000348994967025
v -0.0712013190733 -0.504748911896 0
v -0.0712005736835 -0.504743172957 -0.000331545218674
v -0.0711983384222 -0.504725963131 -0.000662686500569
v -0.0687570807932 -0.4859301219 -0.000662686500569
v -0.0687548455319 -0.485912912075 -0.000331545218674
v -0.068754100142 -0.485907173136 -1.16341445919e-18
v -0.0687548455319 -0.485912912075 0.000331545218674
v -0.0687570807932 -0.4859301219 0.000662686500569
v -0.0687608032027 -0.485958781644 0.000993020401043
v -0.0711946160127 -0.504697303388 0.000993020401043
v -0.0711983384222 -0.504725963131 0.000662686500569
v -0.0712005736835 -0.504743172957 0.000331545218674
v -0.0712335193224 -0.504996829511 0
v -0.0712327543171 -0.504990939547 -0.000340270092849
v -0.0712304602331 -0.504973276832 -0.000680125619005
v -0.0687249589823 -0.4856828082 -0.000680125619005
v -0.0687226648983 -0.485665145484 -0.000340270092849
v -0.0687218998929 -0.48565925552 -1.19403062917e-18
v -0.0687226648983 -0.485665145484 0.000340270092849
v -0.0687249589823 -0.4856828082 0.000680125619005
v -0.0712266398654 -0.504943862884 0.00101915251686
v -0.0712304602331 -0.504973276832 0.000680125619005
v -0.0712327543171 -0.504990939547 0.000340270092849
v -0.0712657195715 -0.505244747126 0
v -0.0712649349507 -0.505238706138 -0.000348994967025
v -0.071262582044 -0.505220590532 -0.000697564737441
v -0.0686928371714 -0.485435494499 -0.000697564737441
v -0.0686904842647 -0.485417378894 -0.000348994967025
v -0.0686896996438 -0.485411337905 -1.22464679915e-18
v -0.0686904842647 -0.485417378894 0.000348994967025
v -0.0686928371714 -0.485435494499 0.000697564737441
v -0.071262582044 -0.505220590532 0.000697564737441
v -0.0712649349507 -0.505238706138 0.000348994967025
v -0.0686862629742 -0.50507520742 0
v -0.0686855389396 -0.505069465748 -0.000331545218674
v -0.0686833677177 -0.505052247726 -0.000662686500569
v -0.0686797519539 -0.505023574332 -0.000993020401043
v -0.0663156670135 -0.486276127991 -0.000993020401043
v -0.0663120512497 -0.486247454597 -0.000662686500569
v -0.0663098800278 -0.486230236575 -0.000331545218674
v -0.0663091559931 -0.486224494903 -1.16341445919e-18
v -0.0663098800278 -0.486230236575 0.000331545218674
v -0.0663120512497 -0.486247454597 0.000662686500569
v -0.0686833677177 -0.505052247726 0.000662686500569
v -0.0686855389396 -0.505069465748 0.000331545218674
v -0.0687175406977 -0.505323243111 0
v -0.0687167976095 -0.505317350342 -0.000340270092849
v -0.0687145692501 -0.505299679214 -0.000680125619005
v -0.0662845606327 -0.486029451065 -0.00101915251686
v -0.0662808497172 -0.486000023109 -0.000680125619005
v -0.0662786213579 -0.485982351981 -0.000340270092849
v -0.0662778782697 -0.485976459212 -1.19403062917e-18
v -0.0662786213579 -0.485982351981 0.000340270092849
v -0.0662808497172 -0.486000023109 0.000680125619005
v -0.0687145692501 -0.505299679214 0.000680125619005
v -0.0687167976095 -0.505317350342 0.000340270092849
v -0.0687488184211 -0.505571278802 0
v -0.0687480562793 -0.505565234936 -0.000348994967025
v -0.0687457707826 -0.505547110703 -0.000697564737441
v -0.0662496481847 -0.48575259162 -0.000697564737441
v -0.066247362688 -0.485734467387 -0.000348994967025
v -0.0662466005462 -0.485728423521 -1.22464679915e-18
v -0.066247362688 -0.485734467387 0.000348994967025
v -0.0662496481847 -0.48575259162 0.000697564737441
v -0.0687457707826 -0.505547110703 0.000697564737441
v -0.0687480562793 -0.505565234936 0.000348994967025
v -0.0661632936664 -0.505384192475 0
v -0.0661625944319 -0.505378447729 -0.000331545218674
v -0.0661604975806 -0.505361220492 -0.000662686500569
v -0.066157005667 -0.505332531752 -0.000993020401043
v -0.0661521229455 -0.505292416463 -0.00132214445912
v -0.063878780095 -0.486615166976 -0.00132214445912
v -0.0638738973736 -0.486575051686 -0.000993020401043
v -0.06387040546 -0.486546362946 -0.000662686500569
v -0.0638683086086 -0.486529135709 -0.000331545218674
v -0.0638676093742 -0.486523390964 -1.16341445919e-18
v -0.0638683086086 -0.486529135709 0.000331545218674
v -0.06387040546 -0.486546362946 0.000662686500569
v -0.0638738973736 -0.486575051686 0.000993020401043
v -0.066157005667 -0.505332531752 0.000993020401043
v -0.0661604975806 -0.505361220492 0.000662686500569
v -0.0661625944319 -0.505378447729 0.000331545218674
v -0.0661935000386 -0.505632360915 0
v -0.0661927824033 -0.505626464993 -0.000340270092849
v -0.0661906303716 -0.505608784407 -0.000680125619005
v -0.0661870465656 -0.505579340701 -0.00101915251686
v -0.0661820353514 -0.505538169745 -0.00135693773436
v -0.0638488676891 -0.486369413693 -0.00135693773436
v -0.063843856475 -0.486328242738 -0.00101915251686
v -0.0638402726689 -0.486298799031 -0.000680125619005
v -0.0638381206373 -0.486281118446 -0.000340270092849
v -0.0638374030019 -0.486275222523 -1.19403062917e-18
v -0.0638381206373 -0.486281118446 0.000340270092849
v -0.0638402726689 -0.486298799031 0.000680125619005
v -0.063843856475 -0.486328242738 0.00101915251686
v -0.0661870465656 -0.505579340701 0.00101915251686
v -0.0661906303716 -0.505608784407 0.000680125619005
v -0.0661927824033 -0.505626464993 0.000340270092849
v -0.0662237064109 -0.505880529356 0
v -0.0662229703747 -0.505874482256 -0.000348994967025
v -0.0662207631627 -0.505856348322 -0.000697564737441
v -0.0662170874642 -0.505826149649 -0.00104528463268
v -0.0662119477574 -0.505783923028 -0.0013917310096
v -0.0638189552832 -0.48612366041 -0.0013917310096
v -0.0638138155764 -0.486081433789 -0.00104528463268
v -0.0638101398778 -0.486051235116 -0.000697564737441
v -0.0638079326659 -0.486033101182 -0.000348994967025
v -0.0638071966297 -0.486027054082 -1.22464679915e-18
v -0.0638079326659 -0.486033101182 0.000348994967025
v -0.0638101398778 -0.486051235116 0.000697564737441
v -0.0638138155764 -0.486081433789 0.00104528463268
v -0.0662170874642 -0.505826149649 0.00104528463268
v -0.0662207631627 -0.505856348322 0.000697564737441
v -0.0662229703747 -0.505874482256 0.000348994967025
v -0.0636547559096 -0.505687681762 0
v -0.0636540724187 -0.505681935123 -0.000331545218674
v -0.063652022779 -0.505664702205 -0.000662686500569
v -0.0614134932227 -0.486843640284 -0.000662686500569
v -0.0614114435829 -0.486826407366 -0.000331545218674
v -0.0614107600921 -0.486820660726 -1.16341445919e-18
v -0.0614114435829 -0.486826407366 0.000331545218674
v -0.0614134932227 -0.486843640284 0.000662686500569
v -0.0614169065141 -0.486872338484 0.000993020401043
v -0.0636486094876 -0.505636004005 0.000993020401043
v -0.063652022779 -0.505664702205 0.000662686500569
v -0.0636540724187 -0.505681935123 0.000331545218674
v -0.0636842821703 -0.505935932039 0
v -0.0636835806929 -0.505930034172 -0.000340270092849
v -0.0636814771153 -0.505912347756 -0.000680125619005
v -0.0613840388864 -0.486595994732 -0.000680125619005
v -0.0613819353088 -0.486578308317 -0.000340270092849
v -0.0613812338314 -0.48657241045 -1.19403062917e-18
v -0.0613819353088 -0.486578308317 0.000340270092849
v -0.0613840388864 -0.486595994732 0.000680125619005
v -0.0613875420013 -0.486625448148 0.00101915251686
v -0.0636779740004 -0.50588289434 0.00101915251686
v -0.0636814771153 -0.505912347756 0.000680125619005
v -0.0636835806929 -0.505930034172 0.000340270092849
v -0.0637138084311 -0.506184182316 0
v -0.0637130889671 -0.506178133221 -0.000348994967025
v -0.0637109314516 -0.506159993308 -0.000697564737441
v -0.0613545845501 -0.486348349181 -0.000697564737441
v -0.0613524270346 -0.486330209267 -0.000348994967025
v -0.0613517075706 -0.486324160173 -1.22464679915e-18
v -0.0613524270346 -0.486330209267 0.000348994967025
v -0.0613545845501 -0.486348349181 0.000697564737441
v -0.0613581774885 -0.486378557812 0.00104528463268
v -0.0637073385132 -0.506129784676 0.00104528463268
v -0.0637109314516 -0.506159993308 0.000697564737441
v -0.0637130889671 -0.506178133221 0.000348994967025
v -0.0611332985836 -0.505982407432 0
v -0.0611326379837 -0.505976658116 -0.000331545218674
v -0.0611306569886 -0.505959417173 -0.000662686500569
v -0.0589670982146 -0.487129589775 -0.000662686500569
v -0.0589651172196 -0.487112348831 -0.000331545218674
v -0.0589644566196 -0.487106599515 -1.16341445919e-18
v -0.0589651172196 -0.487112348831 0.000331545218674
v -0.0589670982146 -0.487129589775 0.000662686500569
v -0.0589703971912 -0.48715830134 0.000993020401043
v -0.061127358012 -0.505930705607 0.000993020401043
v -0.0611306569886 -0.505959417173 0.000662686500569
v -0.0611326379837 -0.505976658116 0.000331545218674
v -0.0611618359779 -0.506230773326 0
v -0.0611611579937 -0.506224872712 -0.000340270092849
v -0.0611591248672 -0.50620717806 -0.000680125619005
v -0.058938630336 -0.486881828888 -0.000680125619005
v -0.0589365972095 -0.486864134235 -0.000340270092849
v -0.0589359192253 -0.486858233621 -1.19403062917e-18
v -0.0589365972095 -0.486864134235 0.000340270092849
v -0.058938630336 -0.486881828888 0.000680125619005
v -0.0589420161278 -0.486911296021 0.00101915251686
v -0.0611557390755 -0.506177710926 0.00101915251686
v -0.0611591248672 -0.50620717806 0.000680125619005
v -0.0611611579937 -0.506224872712 0.000340270092849
v -0.0611903733722 -0.50647913922 0
v -0.0611896780038 -0.506473087308 -0.000348994967025
v -0.0611875927458 -0.506454938946 -0.000697564737441
v -0.0589101624574 -0.486634068001 -0.000697564737441
v -0.0589080771994 -0.486615919639 -0.000348994967025
v -0.0589073818311 -0.486609867728 -1.22464679915e-18
v -0.0589080771994 -0.486615919639 0.000348994967025
v -0.0589101624574 -0.486634068001 0.000697564737441
v -0.0589136350643 -0.486664290702 0.00104528463268
v -0.0611841201389 -0.506424716246 0.00104528463268
v -0.0611875927458 -0.506454938946 0.000697564737441
v -0.0611896780038 -0.506473087308 0.000348994967025
v -0.0586076647782 -0.506267582912 0
v -0.0586070289282 -0.506261830806 -0.000331545218674
v -0.0586051221527 -0.506244581496 -0.000662686500569
v -0.0586019467749 -0.506215855998 -0.000993020401043
v -0.0565257982131 -0.487434342505 -0.000993020401043
v -0.0565226228353 -0.487405617007 -0.000662686500569
v -0.0565207160599 -0.487388367698 -0.000331545218674
v -0.0565200802098 -0.487382615592 -1.16341445919e-18
v -0.0565207160599 -0.487388367698 0.000331545218674
v -0.0565226228353 -0.487405617007 0.000662686500569
v -0.0565257982131 -0.487434342505 0.000993020401043
v -0.0586019467749 -0.506215855998 0.000993020401043
v -0.0586051221527 -0.506244581496 0.000662686500569
v -0.0586070289282 -0.506261830806 0.000331545218674
v -0.0586351329962 -0.506516069324 0
v -0.0586344804133 -0.506510165847 -0.000340270092849
v -0.0586325234595 -0.506492462608 -0.000680125619005
v -0.0586292645191 -0.506462981176 -0.00101915251686
v -0.0564984804689 -0.487187217328 -0.00101915251686
v -0.0564952215285 -0.487157735896 -0.000680125619005
v -0.0564932645747 -0.487140032657 -0.000340270092849
v -0.0564926119918 -0.48713412918 -1.19403062917e-18
v -0.0564932645747 -0.487140032657 0.000340270092849
v -0.0564952215285 -0.487157735896 0.000680125619005
v -0.0564984804689 -0.487187217328 0.00101915251686
v -0.0586292645191 -0.506462981176 0.00101915251686
v -0.0586325234595 -0.506492462608 0.000680125619005
v -0.0586344804133 -0.506510165847 0.000340270092849
v -0.0586626012142 -0.506764555736 0
v -0.0586619318984 -0.506758500887 -0.000348994967025
v -0.0586599247663 -0.506740343719 -0.000697564737441
v -0.0586565822633 -0.506710106353 -0.00104528463268
v -0.0564711627247 -0.48694009215 -0.00104528463268
v -0.0564678202217 -0.486909854784 -0.000697564737441
v -0.0564658130896 -0.486891697616 -0.000348994967025
v -0.0564651437738 -0.486885642768 -1.22464679915e-18
v -0.0564658130896 -0.486891697616 0.000348994967025
v -0.0564678202217 -0.486909854784 0.000697564737441
v -0.0564711627247 -0.48694009215 0.00104528463268
v -0.0586565822633 -0.506710106353 0.00104528463268
v -0.0586599247663 -0.506740343719 0.000697564737441
v -0.0586619318984 -0.506758500887 0.000348994967025
v -0.0560784586341 -0.506541170069 0
v -0.0560778489276 -0.506535415134 -0.000331545218674
v -0.0560760205509 -0.506518157338 -0.000662686500569
v -0.0560729757316 -0.506489417708 -0.000993020401043
v -0.0560687181793 -0.506449231259 -0.00132214445912
v -0.0560632530813 -0.506397646951 -0.00164965768784
v -0.0540919125325 -0.487790435057 -0.00164965768784
v -0.0540864474345 -0.487738850749 -0.00132214445912
v -0.0540821898822 -0.4876986643 -0.000993020401043
v -0.0540791450629 -0.48766992467 -0.000662686500569
v -0.0540773166862 -0.487652666874 -0.000331545218674
v -0.0540767069797 -0.487646911938 -1.16341445919e-18
v -0.0540773166862 -0.487652666874 0.000331545218674
v -0.0560778489276 -0.506535415134 0.000331545218674
v -0.0561047974716 -0.506789778729 0
v -0.0561041717202 -0.506783872347 -0.000340270092849
v -0.0561022952283 -0.506766160399 -0.000680125619005
v -0.0560991702822 -0.506736664463 -0.00101915251686
v -0.0560948006891 -0.506695420476 -0.00135693773436
v -0.0540603649247 -0.487492661532 -0.00135693773436
v -0.0540559953316 -0.487451417545 -0.00101915251686
v -0.0540528703855 -0.487421921609 -0.000680125619005
v -0.0540509938936 -0.48740420966 -0.000340270092849
v -0.0540503681422 -0.487398303279 -1.19403062917e-18
v -0.0540509938936 -0.48740420966 0.000340270092849
v -0.0561041717202 -0.506783872347 0.000340270092849
v -0.0561311363092 -0.507038387389 0
v -0.0561304945129 -0.507032329561 -0.000348994967025
v -0.0561285699058 -0.507014163461 -0.000697564737441
v -0.0561253648329 -0.506983911219 -0.00104528463268
v -0.0561208831989 -0.506941609693 -0.0013917310096
v -0.0540342824149 -0.487246472315 -0.0013917310096
v -0.0540298007809 -0.487204170789 -0.00104528463268
v -0.054026595708 -0.487173918547 -0.000697564737441
v -0.0540246711009 -0.487155752446 -0.000348994967025
v -0.0540240293046 -0.487149694619 -1.22464679915e-18
v -0.0540246711009 -0.487155752446 0.000348994967025
v -0.0561304945129 -0.507032329561 0.000348994967025
v -0.0535551566472 -0.506802900603 0
v -0.0535545687806 -0.506797143396 -0.000331545218674
v -0.0535528058972 -0.506779878787 -0.000662686500569
v -0.0535498701448 -0.506751127811 -0.000993020401043
v -0.0535457651 -0.506710925497 -0.00132214445912
v -0.0516345002096 -0.487993158466 -0.00132214445912
v -0.0516303951648 -0.487952956152 -0.000993020401043
v -0.0516274594123 -0.487924205176 -0.000662686500569
v -0.0516256965289 -0.487906940567 -0.000331545218674
v -0.0516251086624 -0.487901183359 -1.16341445919e-18
v -0.0516256965289 -0.487906940567 0.000331545218674
v -0.0535545687806 -0.506797143396 0.000331545218674
v -0.0535805520154 -0.507051607409 0
v -0.0535799486787 -0.507045698696 -0.000340270092849
v -0.0535781394036 -0.507027979755 -0.000680125619005
v -0.0535751263945 -0.506998472175 -0.00101915251686
v -0.0535709133223 -0.506957211905 -0.00135693773436
v -0.0516093519873 -0.487746872057 -0.00135693773436
v -0.0516051389151 -0.487705611788 -0.00101915251686
v -0.051602125906 -0.487676104207 -0.000680125619005
v -0.0516003166309 -0.487658385267 -0.000340270092849
v -0.0515997132942 -0.487652476553 -1.19403062917e-18
v -0.0516003166309 -0.487658385267 0.000340270092849
v -0.0535799486787 -0.507045698696 0.000340270092849
v -0.0536059473836 -0.507300314215 0
v -0.0536053285767 -0.507294253996 -0.000348994967025
v -0.05360347291 -0.507276080724 -0.000697564737441
v -0.0536003826442 -0.507245816539 -0.00104528463268
v -0.0535960615445 -0.507203498313 -0.0013917310096
v -0.0515842037651 -0.487500585649 -0.0013917310096
v -0.0515798826653 -0.487458267424 -0.00104528463268
v -0.0515767923996 -0.487428003239 -0.000697564737441
v -0.0515749367328 -0.487409829966 -0.000348994967025
v -0.051574317926 -0.487403769747 -1.22464679915e-18
v -0.0515749367328 -0.487409829966 0.000348994967025
v -0.0536053285767 -0.507294253996 0.000348994967025
v -0.0510297502759 -0.507056686992 0
v -0.0510291850369 -0.507050927518 -0.000331545218674
v -0.0510274900085 -0.507033656115 -0.000662686500569
v -0.0510246672558 -0.507004893826 -0.000993020401043
v -0.0491790746342 -0.488199324709 -0.000993020401043
v -0.0491762518816 -0.488170562419 -0.000662686500569
v -0.0491745568532 -0.488153291016 -0.000331545218674
v -0.0491739916142 -0.488147531543 -1.16341445919e-18
v -0.0491745568532 -0.488153291016 0.000331545218674
v -0.0491762518816 -0.488170562419 0.000662686500569
v -0.0510274900085 -0.507033656115 0.000662686500569
v -0.0510291850369 -0.507050927518 0.000331545218674
v -0.051054168153 -0.507305491669 0
v -0.0510535880393 -0.50729958063 -0.000340270092849
v -0.0510518484049 -0.507281854717 -0.000680125619005
v -0.0510489513693 -0.507252335524 -0.00101915251686
v -0.0491547905208 -0.48795188301 -0.00101915251686
v -0.0491518934852 -0.487922363818 -0.000680125619005
v -0.0491501538508 -0.487904637904 -0.000340270092849
v -0.049149573737 -0.487898726866 -1.19403062917e-18
v -0.0491501538508 -0.487904637904 0.000340270092849
v -0.0491518934852 -0.487922363818 0.000680125619005
v -0.0510518484049 -0.507281854717 0.000680125619005
v -0.0510535880393 -0.50729958063 0.000340270092849
v -0.0510785860301 -0.507554296345 0
v -0.0510779910417 -0.507548233742 -0.000348994967025
v -0.0510762068013 -0.507530053318 -0.000697564737441
v -0.0510732354827 -0.507499777223 -0.00104528463268
v -0.0491305064073 -0.487704441311 -0.00104528463268
v -0.0491275350888 -0.487674165216 -0.000697564737441
v -0.0491257508483 -0.487655984792 -0.000348994967025
v -0.0491251558599 -0.487649922189 -1.22464679915e-18
v -0.0491257508483 -0.487655984792 0.000348994967025
v -0.0510779910417 -0.507548233742 0.000348994967025
v -0.0484885601963 -0.507300070749 0
v -0.0484880265042 -0.507294308267 -0.000331545218674
v -0.0484864260782 -0.507277027841 -0.000662686500569
v -0.0484837608681 -0.507248250525 -0.000993020401043
v -0.0484800341211 -0.50720801138 -0.00132214445912
v -0.0467449006046 -0.488473096174 -0.00132214445912
v -0.0467411738576 -0.488432857028 -0.000993020401043
v -0.0467385086475 -0.488404079713 -0.000662686500569
v -0.0467369082215 -0.488386799287 -0.000331545218674
v -0.0467363745294 -0.488381036805 -1.16341445919e-18
v -0.0467369082215 -0.488386799287 0.000331545218674
v -0.0467385086475 -0.488404079713 0.000662686500569
v -0.0467411738576 -0.488432857028 0.000993020401043
v -0.0467449006046 -0.488473096174 0.00132214445912
v -0.0467496843481 -0.488524748123 0.00164965768784
v -0.0484752503776 -0.507156359431 0.00164965768784
v -0.0484800341211 -0.50720801138 0.00132214445912
v -0.0484837608681 -0.507248250525 0.000993020401043
v -0.0484864260782 -0.507277027841 0.000662686500569
v -0.0484880265042 -0.507294308267 0.000331545218674
v -0.0485116152709 -0.507549005406 0
v -0.0485110675343 -0.50754309128 -0.000340270092849
v -0.0485094249918 -0.507525356106 -0.000680125619005
v -0.0485066896446 -0.507495821492 -0.00101915251686
v -0.0485028648252 -0.507454523422 -0.00135693773436
v -0.0467220699004 -0.488226584131 -0.00135693773436
v -0.0467182450811 -0.488185286061 -0.00101915251686
v -0.0467155097339 -0.488155751448 -0.000680125619005
v -0.0467138671914 -0.488138016274 -0.000340270092849
v -0.0467133194548 -0.488132102147 -1.19403062917e-18
v -0.0467138671914 -0.488138016274 0.000340270092849
v -0.0467155097339 -0.488155751448 0.000680125619005
v -0.0467182450811 -0.488185286061 0.00101915251686
v -0.0467220699004 -0.488226584131 0.00135693773436
v -0.0467269795319 -0.488279595342 0.00169306973225
v -0.0484979551938 -0.507401512211 0.00169306973225
v -0.0485028648252 -0.507454523422 0.00135693773436
v -0.0485066896446 -0.507495821492 0.00101915251686
v -0.0485094249918 -0.507525356106 0.000680125619005
v -0.0485110675343 -0.50754309128 0.000340270092849
v -0.0485346703454 -0.507797940063 0
v -0.0485341085643 -0.507791874293 -0.000348994967025
v -0.0485324239053 -0.507773684371 -0.000697564737441
v -0.048529618421 -0.507743392459 -0.00104528463268
v -0.0466992391963 -0.487980072089 -0.0013917310096
v -0.0466953163047 -0.487937715094 -0.00104528463268
v -0.0466925108204 -0.487907423183 -0.000697564737441
v -0.0466908261614 -0.487889233261 -0.000348994967025
v -0.0466902643803 -0.48788316749 -1.22464679915e-18
v -0.0466908261614 -0.487889233261 0.000348994967025
v -0.0466925108204 -0.487907423183 0.000697564737441
v -0.0466953163047 -0.487937715094 0.00104528463268
v -0.0466992391963 -0.487980072089 0.0013917310096
v -0.0467042747157 -0.488034442562 0.00173648177667
v -0.04852066001 -0.507646664991 0.00173648177667
v -0.0485256955294 -0.507701035464 0.0013917310096
v -0.048529618421 -0.507743392459 0.00104528463268
v -0.0485324239053 -0.507773684371 0.000697564737441
v -0.0485341085643 -0.507791874293 0.000348994967025
v -0.0459573695717 -0.50752652169 0
v -0.0459568604519 -0.507520756985 -0.000331545218674
v -0.0459553337128 -0.507503469893 -0.000662686500569
v -0.0442878940076 -0.488623241313 -0.000662686500569
v -0.0442863672685 -0.488605954221 -0.000331545218674
v -0.0442858581487 -0.488600189516 -1.16341445919e-18
v -0.0442863672685 -0.488605954221 0.000331545218674
v -0.0442878940076 -0.488623241313 0.000662686500569
v -0.044290436506 -0.48865202973 0.000993020401043
v -0.0459527912145 -0.507474681476 0.000993020401043
v -0.0459553337128 -0.507503469893 0.000662686500569
v -0.0459568604519 -0.507520756985 0.000331545218674
v -0.0459793631431 -0.507775552376 0
v -0.0459788406254 -0.507769635968 -0.000340270092849
v -0.045977273709 -0.507751893953 -0.000680125619005
v -0.0442659540115 -0.488374817252 -0.000680125619005
v -0.0442643870951 -0.488357075237 -0.000340270092849
v -0.0442638645774 -0.488351158829 -1.19403062917e-18
v -0.0442643870951 -0.488357075237 0.000340270092849
v -0.0442659540115 -0.488374817252 0.000680125619005
v -0.0442685634177 -0.488404363259 0.00101915251686
v -0.0459746643028 -0.507722347946 0.00101915251686
v -0.045977273709 -0.507751893953 0.000680125619005
v -0.0459788406254 -0.507769635968 0.000340270092849
v -0.0460013567145 -0.508024583063 0
v -0.0460008207989 -0.508018514952 -0.000348994967025
v -0.0459992137051 -0.508000318013 -0.000697564737441
v -0.0442440140154 -0.488126393192 -0.000697564737441
v -0.0442424069216 -0.488108196253 -0.000348994967025
v -0.044241871006 -0.488102128143 -1.22464679915e-18
v -0.0442424069216 -0.488108196253 0.000348994967025
v -0.0442440140154 -0.488126393192 0.000697564737441
v -0.0442466903294 -0.488156696789 0.00104528463268
v -0.0459965373911 -0.507970014417 0.00104528463268
v -0.0459992137051 -0.508000318013 0.000697564737441
v -0.0460008207989 -0.508018514952 0.000348994967025
v -0.0434320319849 -0.507746671844 0
v -0.0434315435747 -0.507740905348 -0.000331545218674
v -0.043430078939 -0.507723612883 -0.000662686500569
v -0.0434276398623 -0.50769481552 -0.000993020401043
v -0.0434242293163 -0.507654548342 -0.00132214445912
v -0.0418363155936 -0.488906581355 -0.00132214445912
v -0.0418329050476 -0.488866314177 -0.000993020401043
v -0.0418304659709 -0.488837516813 -0.000662686500569
v -0.0418290013352 -0.488820224349 -0.000331545218674
v -0.041828512925 -0.488814457853 -1.16341445919e-18
v -0.0418290013352 -0.488820224349 0.000331545218674
v -0.0434315435747 -0.507740905348 0.000331545218674
v -0.0434531309199 -0.507995779923 0
v -0.0434526296568 -0.507989861676 -0.000340270092849
v -0.0434511264781 -0.507972114147 -0.000680125619005
v -0.0434486232151 -0.507942558958 -0.00101915251686
v -0.0434451229179 -0.507901232118 -0.00135693773436
v -0.041815421992 -0.488659897579 -0.00135693773436
v -0.0418119216948 -0.488618570738 -0.00101915251686
v -0.0418094184319 -0.488589015549 -0.000680125619005
v -0.0418079152531 -0.48857126802 -0.000340270092849
v -0.04180741399 -0.488565349774 -1.19403062917e-18
v -0.0418079152531 -0.48857126802 0.000340270092849
v -0.0434526296568 -0.507989861676 0.000340270092849
v -0.0434742298549 -0.508244888002 0
v -0.0434737157389 -0.508238818005 -0.000348994967025
v -0.0434721740171 -0.508220615411 -0.000697564737441
v -0.043469606568 -0.508190302397 -0.00104528463268
v -0.0434660165195 -0.508147915894 -0.0013917310096
v -0.0417945283904 -0.488413213803 -0.0013917310096
v -0.0417909383419 -0.4883708273 -0.00104528463268
v -0.0417883708928 -0.488340514285 -0.000697564737441
v -0.041786829171 -0.488322311691 -0.000348994967025
v -0.041786315055 -0.488316241695 -1.22464679915e-18
v -0.041786829171 -0.488322311691 0.000348994967025
v -0.0434737157389 -0.508238818005 0.000348994967025
v -0.0408981016117 -0.507955000843 0
v -0.0408976385113 -0.507949232259 -0.000331545218674
v -0.0408962497743 -0.507931933534 -0.000662686500569
v -0.0408939370928 -0.507903125744 -0.000993020401043
v -0.0393818428644 -0.48906780751 -0.000993020401043
v -0.0393795301829 -0.48903899972 -0.000662686500569
v -0.0393781414459 -0.489021700995 -0.000331545218674
v -0.0393776783455 -0.48901593241 -1.16341445919e-18
v -0.0393781414459 -0.489021700995 0.000331545218674
v -0.0393795301829 -0.48903899972 0.000662686500569
v -0.0393818428644 -0.48906780751 0.000993020401043
v -0.0408939370928 -0.507903125744 0.000993020401043
v -0.0408962497743 -0.507931933534 0.000662686500569
v -0.0408976385113 -0.507949232259 0.000331545218674
v -0.040918107181 -0.508204199112 0
v -0.0409176318937 -0.508198278723 -0.000340270092849
v -0.0409162066111 -0.508180524768 -0.000680125619005
v -0.0409138330695 -0.508150958878 -0.00101915251686
v -0.0393619468877 -0.488819974375 -0.00101915251686
v -0.0393595733461 -0.488790408486 -0.000680125619005
v -0.0393581480635 -0.488772654531 -0.000340270092849
v -0.0393576727762 -0.488766734142 -1.19403062917e-18
v -0.0393581480635 -0.488772654531 0.000340270092849
v -0.0393595733461 -0.488790408486 0.000680125619005
v -0.0393619468877 -0.488819974375 0.00101915251686
v -0.0409138330695 -0.508150958878 0.00101915251686
v -0.0409162066111 -0.508180524768 0.000680125619005
v -0.0409176318937 -0.508198278723 0.000340270092849
v -0.0409381127503 -0.508453397381 0
v -0.0409376252762 -0.508447325187 -0.000348994967025
v -0.0409361634478 -0.508429116002 -0.000697564737441
v -0.0409337290462 -0.508398792013 -0.00104528463268
v -0.039342050911 -0.48857214124 -0.00104528463268
v -0.0393396165094 -0.488541817251 -0.000697564737441
v -0.039338154681 -0.488523608067 -0.000348994967025
v -0.0393376672069 -0.488517535873 -1.22464679915e-18
v -0.039338154681 -0.488523608067 0.000348994967025
v -0.0393396165094 -0.488541817251 0.000697564737441
v -0.039342050911 -0.48857214124 0.00104528463268
v -0.0409337290462 -0.508398792013 0.00104528463268
v -0.0409361634478 -0.508429116002 0.000697564737441
v -0.0409376252762 -0.508447325187 0.000348994967025
v -0.0383566601614 -0.508154089242 0
v -0.0383562264742 -0.508148318371 -0.000331545218674
v -0.038354925941 -0.508131012792 -0.000662686500569
v -0.0383527601464 -0.508102193586 -0.000993020401043
v -0.0383497317289 -0.508061895868 -0.00132214445912
v -0.0369397329684 -0.489299709438 -0.00132214445912
v -0.0369367045509 -0.48925941172 -0.000993020401043
v -0.0369345387562 -0.489230592514 -0.000662686500569
v -0.0369332382231 -0.489213286935 -0.000331545218674
v -0.0369328045359 -0.489207516064 -1.16341445919e-18
v -0.0369332382231 -0.489213286935 0.000331545218674
v -0.0369345387562 -0.489230592514 0.000662686500569
v -0.0369367045509 -0.48925941172 0.000993020401043
v -0.0383527601464 -0.508102193586 0.000993020401043
v -0.038354925941 -0.508131012792 0.000662686500569
v -0.0383562264742 -0.508148318371 0.000331545218674
v -0.0383753951038 -0.508403386257 0
v -0.0383749500038 -0.508397463522 -0.000340270092849
v -0.0383736152461 -0.508379702532 -0.000680125619005
v -0.0383713924568 -0.508350124927 -0.00101915251686
v -0.0383682843441 -0.508308766742 -0.00135693773436
v -0.0369211803531 -0.489052838564 -0.00135693773436
v -0.0369180722405 -0.489011480379 -0.00101915251686
v -0.0369158494512 -0.488981902774 -0.000680125619005
v -0.0369145146934 -0.488964141784 -0.000340270092849
v -0.0369140695934 -0.488958219049 -1.19403062917e-18
v -0.0369145146934 -0.488964141784 0.000340270092849
v -0.0369158494512 -0.488981902774 0.000680125619005
v -0.0369180722405 -0.489011480379 0.00101915251686
v -0.0383713924568 -0.508350124927 0.00101915251686
v -0.0383736152461 -0.508379702532 0.000680125619005
v -0.0383749500038 -0.508397463522 0.000340270092849
v -0.0383941300463 -0.508652683273 0
v -0.0383936735335 -0.508646608672 -0.000348994967025
v -0.0383923045512 -0.508628392273 -0.000697564737441
v -0.0383900247673 -0.508598056267 -0.00104528463268
v -0.0383868369594 -0.508555637616 -0.0013917310096
v -0.0369026277379 -0.48880596769 -0.0013917310096
v -0.03689943993 -0.488763549039 -0.00104528463268
v -0.0368971601461 -0.488733213033 -0.000697564737441
v -0.0368957911638 -0.488714996634 -0.000348994967025
v -0.036895334651 -0.488708922033 -1.22464679915e-18
v -0.0368957911638 -0.488714996634 0.000348994967025
v -0.0368971601461 -0.488733213033 0.000697564737441
v -0.03689943993 -0.488763549039 0.00104528463268
v -0.0383900247673 -0.508598056267 0.00104528463268
v -0.0383923045512 -0.508628392273 0.000697564737441
v -0.0383936735335 -0.508646608672 0.000348994967025
v -0.0358050481542 -0.508337699176 0
v -0.0358046493509 -0.50833192579 -0.000331545218674
v -0.0358034534267 -0.508314612667 -0.000662686500569
v -0.0358014618387 -0.508285780899 -0.000993020401043
v -0.0357986770135 -0.508245465614 -0.00132214445912
v -0.0345020921829 -0.48947510057 -0.00132214445912
v -0.0344993073576 -0.489434785285 -0.000993020401043
v -0.0344973157697 -0.489405953518 -0.000662686500569
v -0.0344961198455 -0.489388640394 -0.000331545218674
v -0.0344957210422 -0.489382867008 -1.16341445919e-18
v -0.0344961198455 -0.489388640394 0.000331545218674
v -0.0344973157697 -0.489405953518 0.000662686500569
v -0.0344993073576 -0.489434785285 0.000993020401043
v -0.0358014618387 -0.508285780899 0.000993020401043
v -0.0358034534267 -0.508314612667 0.000662686500569
v -0.0358046493509 -0.50833192579 0.000331545218674
v -0.0358222761425 -0.508587104863 0
v -0.0358218668443 -0.508581179546 -0.000340270092849
v -0.0358206394485 -0.508563410814 -0.000680125619005
v -0.0358185954503 -0.508533820315 -0.00101915251686
v -0.0344850318562 -0.489228122083 -0.00135693773436
v -0.034482173746 -0.489186745869 -0.00101915251686
v -0.0344801297479 -0.489157155371 -0.000680125619005
v -0.034478902352 -0.489139386639 -0.000340270092849
v -0.0344784930538 -0.489133461322 -1.19403062917e-18
v -0.034478902352 -0.489139386639 0.000340270092849
v -0.0344801297479 -0.489157155371 0.000680125619005
v -0.034482173746 -0.489186745869 0.00101915251686
v -0.0358185954503 -0.508533820315 0.00101915251686
v -0.0358206394485 -0.508563410814 0.000680125619005
v -0.0358218668443 -0.508581179546 0.000340270092849
v -0.0358395041308 -0.508836510549 0
v -0.0358390843378 -0.508830433301 -0.000348994967025
v -0.0358378254703 -0.50881220896 -0.000697564737441
v -0.0358357290619 -0.508781859731 -0.00104528463268
v -0.0344650401344 -0.488938706453 -0.00104528463268
v -0.0344629437261 -0.488908357224 -0.000697564737441
v -0.0344616848585 -0.488890132884 -0.000348994967025
v -0.0344612650655 -0.488884055636 -1.22464679915e-18
v -0.0344616848585 -0.488890132884 0.000348994967025
v -0.0344629437261 -0.488908357224 0.000697564737441
v -0.0344650401344 -0.488938706453 0.00104528463268
v -0.0358357290619 -0.508781859731 0.00104528463268
v -0.0358378254703 -0.50881220896 0.000697564737441
v -0.0358390843378 -0.508830433301 0.000348994967025
v -0.0332448233404 -0.508507146098 0
v -0.0332444640686 -0.508501370117 -0.000331545218674
v -0.0332433866908 -0.508484049212 -0.000662686500569
v -0.0332415925196 -0.508455204487 -0.000993020401043
v -0.03206851451 -0.489595736575 -0.000993020401043
v -0.0320667203388 -0.489566891849 -0.000662686500569
v -0.032065642961 -0.489549570945 -0.000331545218674
v -0.0320652836892 -0.489543794964 -1.16341445919e-18
v -0.032065642961 -0.489549570945 0.000331545218674
v -0.0320667203388 -0.489566891849 0.000662686500569
v -0.0332433866908 -0.508484049212 0.000662686500569
v -0.0332444640686 -0.508501370117 0.000331545218674
v -0.033260343599 -0.508756663876 0
v -0.0332599748727 -0.508750735896 -0.000340270092849
v -0.0332588691428 -0.508732959178 -0.000680125619005
v -0.0332570277566 -0.50870335538 -0.00101915251686
v -0.032053079273 -0.489347585681 -0.00101915251686
v -0.0320512378868 -0.489317981884 -0.000680125619005
v -0.032050132157 -0.489300205166 -0.000340270092849
v -0.0320497634306 -0.489294277186 -1.19403062917e-18
v -0.032050132157 -0.489300205166 0.000340270092849
v -0.0320512378868 -0.489317981884 0.000680125619005
v -0.0332588691428 -0.508732959178 0.000680125619005
v -0.0332599748727 -0.508750735896 0.000340270092849
v -0.0332758638576 -0.509006181654 0
v -0.0332754856767 -0.509000101674 -0.000348994967025
v -0.0332743515948 -0.508981869143 -0.000697564737441
v -0.0332724629936 -0.508951506274 -0.00104528463268
v -0.032037644036 -0.489099434788 -0.00104528463268
v -0.0320357554348 -0.489069071919 -0.000697564737441
v -0.0320346213529 -0.489050839387 -0.000348994967025
v -0.032034243172 -0.489044759408 -1.22464679915e-18
v -0.0320346213529 -0.489050839387 0.000348994967025
v -0.0320357554348 -0.489069071919 0.000697564737441
v -0.0332743515948 -0.508981869143 0.000697564737441
v -0.0332754856767 -0.509000101674 0.000348994967025
v -0.0306847631102 -0.508656195688 1.90644875394e-19
v -0.0306844425265 -0.508650417431 -0.000331545218674
v -0.030683481166 -0.5086330897 -0.000662686500569
v -0.0306818802 -0.508604233606 -0.000993020401043
v -0.0306796415789 -0.508563884305 -0.00132214445912
v -0.0296373635735 -0.489777682117 -0.00132214445912
v -0.0296351249524 -0.489737332817 -0.000993020401043
v -0.0296335239863 -0.489708476723 -0.000662686500569
v -0.0296325626258 -0.489691148992 -0.000331545218674
v -0.0296322420421 -0.489685370735 -9.72769583796e-19
v -0.0296325626258 -0.489691148992 0.000331545218674
v -0.0296335239863 -0.489708476723 0.000662686500569
v -0.030683481166 -0.5086330897 0.000662686500569
v -0.0306844425265 -0.508650417431 0.000331545218674
v -0.0306986120717 -0.508905811805 1.90644875394e-19
v -0.0306982830515 -0.508899881489 -0.000340270092849
v -0.0306972963921 -0.508882097765 -0.000680125619005
v -0.0306956532953 -0.5088524823 -0.00101915251686
v -0.0306933557632 -0.508811071176 -0.00135693773436
v -0.0296236493892 -0.489530495246 -0.00135693773436
v -0.029621351857 -0.489489084122 -0.00101915251686
v -0.0296197087603 -0.489459468657 -0.000680125619005
v -0.0296187221008 -0.489441684933 -0.000340270092849
v -0.0296183930807 -0.489435754617 -1.00338575378e-18
v -0.0296187221008 -0.489441684933 0.000340270092849
v -0.0296197087603 -0.489459468657 0.000680125619005
v -0.0306972963921 -0.508882097765 0.000680125619005
v -0.0306982830515 -0.508899881489 0.000340270092849
v -0.0307124610331 -0.509155427923 1.90644875394e-19
v -0.0307121235765 -0.509149345547 -0.000348994967025
v -0.0307111116181 -0.509131105831 -0.000697564737441
v -0.0307094263907 -0.509100730995 -0.00104528463268
v -0.0307070699475 -0.509058258047 -0.0013917310096
v -0.0296099352049 -0.489283308375 -0.0013917310096
v -0.0296075787617 -0.489240835427 -0.00104528463268
v -0.0296058935343 -0.489210460592 -0.000697564737441
v -0.0296048815758 -0.489192220875 -0.000348994967025
v -0.0296045441193 -0.489186138499 -1.03400192375e-18
v -0.0296048815758 -0.489192220875 0.000348994967025
v -0.0296058935343 -0.489210460592 0.000697564737441
v -0.0307111116181 -0.509131105831 0.000697564737441
v -0.0307121235765 -0.509149345547 0.000348994967025
v -0.0281372279841 -0.508790600854 0
v -0.0281369379898 -0.508784820981 -0.000331545218674
v -0.0271854262869 -0.48982025042 -0.000331545218674
v -0.0271851362926 -0.489814470547 -1.16341445919e-18
v -0.0271854262869 -0.48982025042 0.000331545218674
v -0.0271862959164 -0.489837582997 0.000662686500569
v -0.0271877441216 -0.489866447161 0.000993020401043
v -0.0281346201552 -0.50873862424 0.000993020401043
v -0.0281360683604 -0.508767488404 0.000662686500569
v -0.0281369379898 -0.508784820981 0.000331545218674
v -0.0281497555064 -0.509040286779 0
v -0.0281494578807 -0.509034354804 -0.000340270092849
v -0.0271729063961 -0.489570716597 -0.000340270092849
v -0.0271726087704 -0.489564784622 -1.19403062917e-18
v -0.0271729063961 -0.489570716597 0.000340270092849
v -0.0271737989105 -0.489588505294 0.000680125619005
v -0.0271752852264 -0.489618129041 0.00101915251686
v -0.0281470790503 -0.50898694236 0.00101915251686
v -0.0281485653662 -0.509016566107 0.000680125619005
v -0.0281494578807 -0.509034354804 0.000340270092849
v -0.0281622830286 -0.509289972704 0
v -0.0281619777715 -0.509283888627 -0.000348994967025
v -0.0271603865052 -0.489321182774 -0.000348994967025
v -0.0271600812481 -0.489315098697 -1.22464679915e-18
v -0.0271603865052 -0.489321182774 0.000348994967025
v -0.0271613019047 -0.489339427592 0.000697564737441
v -0.0271628263312 -0.489369810922 0.00104528463268
v -0.0281595379455 -0.509235260479 0.00104528463268
v -0.028161062372 -0.509265643809 0.000697564737441
v -0.0281619777715 -0.509283888627 0.000348994967025
v -0.0255982121107 -0.50891144808 0
v -0.0255979471219 -0.508905667007 -0.000331545218674
v -0.0255971524783 -0.50888833083 -0.000662686500569
v -0.0247292764302 -0.489954493988 -0.000662686500569
v -0.0247284817866 -0.489937157811 -0.000331545218674
v -0.0247282167978 -0.489931376738 -1.16341445919e-18
v -0.0247284817866 -0.489937157811 0.000331545218674
v -0.0247292764302 -0.489954493988 0.000662686500569
v -0.0247305997604 -0.489983364146 0.000993020401043
v -0.0247324501651 -0.490023733113 0.00132214445912
v -0.0255939787434 -0.508819091705 0.00132214445912
v -0.025595829148 -0.508859460672 0.000993020401043
v -0.0255971524783 -0.50888833083 0.000662686500569
v -0.0255979471219 -0.508905667007 0.000331545218674
v -0.0256096594174 -0.509161185861 0
v -0.0256093874552 -0.509155252654 -0.000340270092849
v -0.0256085718999 -0.509137460262 -0.000680125619005
v -0.0247178570085 -0.489705364556 -0.000680125619005
v -0.0247170414532 -0.489687572164 -0.000340270092849
v -0.024716769491 -0.489681638957 -1.19403062917e-18
v -0.0247170414532 -0.489687572164 0.000340270092849
v -0.0247178570085 -0.489705364556 0.000680125619005
v -0.0247192151632 -0.489734994455 0.00101915251686
v -0.0256053146457 -0.509066399055 0.00135693773436
v -0.0256072137452 -0.509107830363 0.00101915251686
v -0.0256085718999 -0.509137460262 0.000680125619005
v -0.0256093874552 -0.509155252654 0.000340270092849
v -0.0256211067242 -0.509410923642 0
v -0.0256208277886 -0.509404838301 -0.000348994967025
v -0.0256199913216 -0.509386589694 -0.000697564737441
v -0.0247064375868 -0.489456235124 -0.000697564737441
v -0.0247056011199 -0.489437986517 -0.000348994967025
v -0.0247053221843 -0.489431901176 -1.22464679915e-18
v -0.0247056011199 -0.489437986517 0.000348994967025
v -0.0247064375868 -0.489456235124 0.000697564737441
v -0.024707830566 -0.489486624764 0.00104528463268
v -0.0256166505481 -0.509313706405 0.0013917310096
v -0.0256185983424 -0.509356200054 0.00104528463268
v -0.0256199913216 -0.509386589694 0.000697564737441
v -0.0256208277886 -0.509404838301 0.000348994967025
v -0.0230688171108 -0.509022961319 0
v -0.0230685710206 -0.509017179411 -0.000331545218674
v -0.0230678330498 -0.508999840729 -0.000662686500569
v -0.0230666040975 -0.508970966399 -0.000993020401043
v -0.0230648856609 -0.5089305916 -0.00132214445912
v -0.0222648000176 -0.490132517255 -0.00132214445912
v -0.0222630815811 -0.490092142455 -0.000993020401043
v -0.0222618526288 -0.490063268125 -0.000662686500569
v -0.0222611146579 -0.490045929444 -0.000331545218674
v -0.0222608685677 -0.490040147535 -1.16341445919e-18
v -0.0222611146579 -0.490045929444 0.000331545218674
v -0.0222618526288 -0.490063268125 0.000662686500569
v -0.0222630815811 -0.490092142455 0.000993020401043
v -0.0230666040975 -0.508970966399 0.000993020401043
v -0.0230678330498 -0.508999840729 0.000662686500569
v -0.0230685710206 -0.509017179411 0.000331545218674
v -0.0230794480127 -0.509272735185 0
v -0.0230791954464 -0.509266801121 -0.000340270092849
v -0.0230784380553 -0.509249006158 -0.000680125619005
v -0.0230771767622 -0.509219371977 -0.00101915251686
v -0.0230754131036 -0.509177934683 -0.00135693773436
v -0.0222542725749 -0.489885174171 -0.00135693773436
v -0.0222525089164 -0.489843736877 -0.00101915251686
v -0.0222512476232 -0.489814102696 -0.000680125619005
v -0.0222504902321 -0.489796307734 -0.000340270092849
v -0.0222502376659 -0.48979037367 -1.19403062917e-18
v -0.0222504902321 -0.489796307734 0.000340270092849
v -0.0222512476232 -0.489814102696 0.000680125619005
v -0.0222525089164 -0.489843736877 0.00101915251686
v -0.0230771767622 -0.509219371977 0.00101915251686
v -0.0230784380553 -0.509249006158 0.000680125619005
v -0.0230791954464 -0.509266801121 0.000340270092849
v -0.0230900789146 -0.50952250905 0
v -0.0230898198722 -0.509516422831 -0.000348994967025
v -0.0230890430608 -0.509498171587 -0.000697564737441
v -0.0230877494268 -0.509467777556 -0.00104528463268
v -0.0230859405463 -0.509425277767 -0.0013917310096
v -0.0222437451322 -0.489637831088 -0.0013917310096
v -0.0222419362517 -0.489595331299 -0.00104528463268
v -0.0222406426177 -0.489564937267 -0.000697564737441
v -0.0222398658063 -0.489546686024 -0.000348994967025
v -0.022239606764 -0.489540599804 -1.22464679915e-18
v -0.0222398658063 -0.489546686024 0.000348994967025
v -0.0222406426177 -0.489564937267 0.000697564737441
v -0.0222419362517 -0.489595331299 0.00104528463268
v -0.0230877494268 -0.509467777556 0.00104528463268
v -0.0230890430608 -0.509498171587 0.000697564737441
v -0.0230898198722 -0.509516422831 0.000348994967025
v -0.0205330182116 -0.50912701155 0
v -0.0205327947256 -0.509121228723 -0.000331545218674
v -0.0205321245399 -0.50910388729 -0.000662686500569
v -0.0198001761473 -0.490164308679 -0.000662686500569
v -0.0197995059616 -0.490146967245 -0.000331545218674
v -0.0197992824756 -0.490141184418 -1.16341445919e-18
v -0.0197995059616 -0.490146967245 0.000331545218674
v -0.0198001761473 -0.490164308679 0.000662686500569
v -0.0205321245399 -0.50910388729 0.000662686500569
v -0.0205327947256 -0.509121228723 0.000331545218674
v -0.0205426726292 -0.509376825065 0
v -0.020542443262 -0.509370890059 -0.000340270092849
v -0.0205417554398 -0.509353092271 -0.000680125619005
v -0.0197905452474 -0.489915103697 -0.000680125619005
v -0.0197898574252 -0.48989730591 -0.000340270092849
v -0.019789628058 -0.489891370903 -1.19403062917e-18
v -0.0197898574252 -0.48989730591 0.000340270092849
v -0.0197905452474 -0.489915103697 0.000680125619005
v -0.0205417554398 -0.509353092271 0.000680125619005
v -0.020542443262 -0.509370890059 0.000340270092849
v -0.0205523270468 -0.50962663858 0
v -0.0205520917983 -0.509620551394 -0.000348994967025
v -0.0205513863397 -0.509602297253 -0.000697564737441
v -0.0197809143475 -0.489665898715 -0.000697564737441
v -0.0197802088888 -0.489647644574 -0.000348994967025
v -0.0197799736404 -0.489641557389 -1.22464679915e-18
v -0.0197802088888 -0.489647644574 0.000348994967025
v -0.0197809143475 -0.489665898715 0.000697564737441
v -0.0205513863397 -0.509602297253 0.000697564737441
v -0.0205520917983 -0.509620551394 0.000348994967025
v -0.017983060616 -0.509219444513 0
v -0.0173509348109 -0.490229962768 -1.16341445919e-18
v -0.0173511273479 -0.490235746707 0.000331545218674
v -0.0179822907026 -0.509196315802 0.000662686500569
v -0.017982868079 -0.509213660574 0.000331545218674
v -0.0179913780608 -0.509469306115 0
v -0.0173426173661 -0.489980101166 -1.19403062917e-18
v -0.0173428149699 -0.489986037314 0.000340270092849
v -0.017991180457 -0.509463369967 0.000340270092849
v -0.0179996955056 -0.509719167717 0
v -0.0173342999213 -0.489730239564 -1.22464679915e-18
v -0.0173345025918 -0.489736327921 0.000348994967025
v -0.0179994928351 -0.50971307936 0.000348994967025
v -0.0154407613604 -0.509296563858 0
v -0.0154405948062 -0.509290779112 -0.000331545218674
v -0.0154400953465 -0.509273431921 -0.000662686500569
v -0.0148946066423 -0.490327566185 -0.000662686500569
v -0.0148941071826 -0.490310218995 -0.000331545218674
v -0.0148939406284 -0.490304434249 -1.16341445919e-18
v -0.0148941071826 -0.490310218995 0.000331545218674
v -0.0154405948062 -0.509290779112 0.000331545218674
v -0.0154479563701 -0.5095464603 0
v -0.0154477854329 -0.509540523324 -0.000340270092849
v -0.0154472728295 -0.509522719628 -0.000680125619005
v -0.0148874291594 -0.490078278478 -0.000680125619005
v -0.014886916556 -0.490060474783 -0.000340270092849
v -0.0148867456188 -0.490054537806 -1.19403062917e-18
v -0.014886916556 -0.490060474783 0.000340270092849
v -0.0154477854329 -0.509540523324 0.000340270092849
v -0.0154551513797 -0.509796356742 0
v -0.0154549760595 -0.509790267536 -0.000348994967025
v -0.0154544503124 -0.509772007335 -0.000697564737441
v -0.0148802516764 -0.489828990771 -0.000697564737441
v -0.0148797259294 -0.489810730571 -0.000348994967025
v -0.0148795506091 -0.489804641364 -1.22464679915e-18
v -0.0148797259294 -0.489810730571 0.000348994967025
v -0.0154549760595 -0.509790267536 0.000348994967025
v -0.0128729867065 -0.509366426523 0
v -0.0128728615179 -0.509360640734 -0.000331545218674
v -0.0128724861047 -0.509343290416 -0.000662686500569
v -0.012462475699 -0.490394008691 -0.000662686500569
v -0.0124621002857 -0.490376658373 -0.000331545218674
v -0.0124619750972 -0.490370872584 -1.16341445919e-18
v -0.0124621002857 -0.490376658373 0.000331545218674
v -0.012462475699 -0.490394008691 0.000662686500569
v -0.0128728615179 -0.509360640734 0.000331545218674
v -0.012878394754 -0.509616368023 0
v -0.012878266271 -0.509610429976 -0.000340270092849
v -0.0128778809784 -0.50959262307 -0.000680125619005
v -0.0124570808252 -0.490144676037 -0.000680125619005
v -0.0124566955327 -0.490126869132 -0.000340270092849
v -0.0124565670497 -0.490120931085 -1.19403062917e-18
v -0.0124566955327 -0.490126869132 0.000340270092849
v -0.0124570808252 -0.490144676037 0.000680125619005
v -0.012878266271 -0.509610429976 0.000340270092849
v -0.0128838028015 -0.509866309522 0
v -0.012883671024 -0.509860219217 -0.000348994967025
v -0.0124516859514 -0.489895343383 -0.000697564737441
v -0.0124512907796 -0.48987707989 -0.000348994967025
v -0.0124511590022 -0.489870989586 -1.22464679915e-18
v -0.0124512907796 -0.48987707989 0.000348994967025
v -0.0124516859514 -0.489895343383 0.000697564737441
v -0.012883671024 -0.509860219217 0.000348994967025
v -0.0103216760679 -0.509407433445 0
v -0.0103215818652 -0.509401647068 -0.000331545218674
v -0.0103212993717 -0.509384294989 -0.000662686500569
v -0.0100127720002 -0.490433089294 -0.000662686500569
v -0.0100124895068 -0.490415737214 -0.000331545218674
v -0.010012395304 -0.490409950838 -1.16341445919e-18
v -0.0100124895068 -0.490415737214 0.000331545218674
v -0.0103215818652 -0.509401647068 0.000331545218674
v -0.0103257455517 -0.509657400321 0
v -0.0103256488699 -0.509651461672 -0.000340270092849
v -0.0103253589424 -0.509633652958 -0.000680125619005
v -0.0100087124295 -0.490183731325 -0.000680125619005
v -0.0100084225021 -0.490165922611 -0.000340270092849
v -0.0100083258203 -0.490159983961 -1.19403062917e-18
v -0.0100084225021 -0.490165922611 0.000340270092849
v -0.0103256488699 -0.509651461672 0.000340270092849
v -0.0103298150354 -0.509907367198 0
v -0.0103297158746 -0.509901276275 -0.000348994967025
v -0.0103294185131 -0.509883010928 -0.000697564737441
v -0.0100046528589 -0.489934373355 -0.000697564737441
v -0.0100043554973 -0.489916108008 -0.000348994967025
v -0.0100042563366 -0.489910017085 -1.22464679915e-18
v -0.0100043554973 -0.489916108008 0.000348994967025
v -0.0103297158746 -0.509901276275 0.000348994967025
v -0.00780124250424 -0.509449110212 0
v -0.00780116047154 -0.50944332365 -0.000331545218674
v -0.00780091447338 -0.509425971014 -0.000662686500569
v -0.00753199971745 -0.490456805708 -0.000331545218674
v -0.00753191768475 -0.490451019146 -1.16341445919e-18
v -0.00753199971745 -0.490456805708 0.000331545218674
v -0.00780116047154 -0.50944332365 0.000331545218674
v -0.00780478625187 -0.509699085094 0
v -0.00780470206041 -0.509693146254 -0.000340270092849
v -0.00752845812858 -0.490206983103 -0.000340270092849
v -0.00752837393713 -0.490201044263 -1.19403062917e-18
v -0.00752845812858 -0.490206983103 0.000340270092849
v -0.00780470206041 -0.509693146254 0.000340270092849
v -0.00780832999949 -0.509949059977 0
v -0.00780824364928 -0.509942968859 -0.000348994967025
v -0.00752491653971 -0.489957160499 -0.000348994967025
v -0.0075248301895 -0.489951069381 -1.22464679915e-18
v -0.00752491653971 -0.489957160499 0.000348994967025
v -0.00780824364928 -0.509942968859 0.000348994967025
v -0.00524941562139 -0.509479222883 0
v -0.00524936478292 -0.509473435963 -0.000331545218674
v -0.00524921232943 -0.509456082254 -0.000662686500569
v -0.00508270909753 -0.490503096656 -0.000662686500569
v -0.00508255664405 -0.490485742946 -0.000331545218674
v -0.00508250580557 -0.490479956026 -1.16341445919e-18
v -0.00508255664405 -0.490485742946 0.000331545218674
v -0.00524936478292 -0.509473435963 0.000331545218674
v -0.00525161180318 -0.509729213237 0
v -0.00525155962685 -0.509723274029 -0.000340270092849
v -0.00525140316143 -0.509705463643 -0.000680125619005
v -0.00508051826554 -0.490253715266 -0.000680125619005
v -0.00508036180012 -0.49023590488 -0.000340270092849
v -0.00508030962379 -0.490229965673 -1.19403062917e-18
v -0.00508036180012 -0.49023590488 0.000340270092849
v -0.00525155962685 -0.509723274029 0.000340270092849
v -0.00525380798497 -0.50997920359 0
v -0.00525375447078 -0.509973112095 -0.000348994967025
v -0.00525359399343 -0.509954845033 -0.000697564737441
v -0.00507832743354 -0.490004333877 -0.000697564737441
v -0.00507816695618 -0.489986066814 -0.000348994967025
v -0.005078113442 -0.489979975319 -1.22464679915e-18
v -0.00507816695618 -0.489986066814 0.000348994967025
v -0.00525375447078 -0.509973112095 0.000348994967025
v -0.00269752625384 -0.509493947107 0
v -0.00269750656463 -0.509488159997 -0.000331545218674
v -0.002697447521 -0.509470805718 -0.000662686500569
v -0.00269734919487 -0.509441905414 -0.000993020401043
v -0.00269721170605 -0.509401494295 -0.00132214445912
v -0.00263319838371 -0.490586509884 -0.00132214445912
v -0.00263306089489 -0.490546098764 -0.000993020401043
v -0.00263296256877 -0.49051719846 -0.000662686500569
v -0.00263290352514 -0.490499844181 -0.000331545218674
v -0.00263288383593 -0.490494057072 -1.16341445919e-18
v -0.00263290352514 -0.490499844181 0.000331545218674
v -0.00263296256877 -0.49051719846 0.000662686500569
v -0.00263306089489 -0.490546098764 0.000993020401043
v -0.00263319838371 -0.490586509884 0.00132214445912
v -0.00269721170605 -0.509401494295 0.00132214445912
v -0.00269734919487 -0.509441905414 0.000993020401043
v -0.002697447521 -0.509470805718 0.000662686500569
v -0.00269750656463 -0.509488159997 0.000331545218674
v -0.00269837681197 -0.50974394566 0
v -0.00269835660462 -0.509738006258 -0.000340270092849
v -0.00269829600721 -0.509720195288 -0.000680125619005
v -0.00269819509356 -0.509690534449 -0.00101915251686
v -0.00263221499621 -0.49029746973 -0.00101915251686
v -0.00263211408256 -0.490267808891 -0.000680125619005
v -0.00263205348514 -0.490249997921 -0.000340270092849
v -0.0026320332778 -0.490244058519 -1.19403062917e-18
v -0.00263205348514 -0.490249997921 0.000340270092849
v -0.00263211408256 -0.490267808891 0.000680125619005
v -0.00263221499621 -0.49029746973 0.00101915251686
v -0.00263235610315 -0.490338944299 0.00135693773436
v -0.00269805398661 -0.50964905988 0.00135693773436
v -0.00269819509356 -0.509690534449 0.00101915251686
v -0.00269829600721 -0.509720195288 0.000680125619005
v -0.00269835660462 -0.509738006258 0.000340270092849
v -0.0026992273701 -0.509993944213 0
v -0.00269920664462 -0.509987852519 -0.000348994967025
v -0.00269914449342 -0.509969584857 -0.000697564737441
v -0.00269904099224 -0.509939163484 -0.00104528463268
v -0.00263136909752 -0.490048840695 -0.00104528463268
v -0.00263126559634 -0.490018419322 -0.000697564737441
v -0.00263120344515 -0.49000015166 -0.000348994967025
v -0.00263118271967 -0.489994059965 -1.22464679915e-18
v -0.00263120344515 -0.49000015166 0.000348994967025
v -0.00263126559634 -0.490018419322 0.000697564737441
v -0.00263136909752 -0.490048840695 0.00104528463268
v -0.00269889626717 -0.509896625464 0.0013917310096
v -0.00269904099224 -0.509939163484 0.00104528463268
v -0.00269914449342 -0.509969584857 0.000697564737441
v -0.00269920664462 -0.509987852519 0.000348994967025
v -0.00015073392493 -0.509496596154 0
v -0.000150742255216 -0.509490809017 -0.000331545218674
v -0.000150767235924 -0.509473454656 -0.000662686500569
v -0.000150808836619 -0.509444554214 -0.000993020401043
v -0.000150867006617 -0.509404142903 -0.00132214445912
v -0.000150941675047 -0.509352269957 -0.00164965768784
v -0.000177875666586 -0.490640942035 -0.00164965768784
v -0.000177950335016 -0.490589069089 -0.00132214445912
v -0.000178008505014 -0.490548657778 -0.000993020401043
v -0.000178050105709 -0.490519757337 -0.000662686500569
v -0.000178075086417 -0.490502402976 -0.000331545218674
v -0.000178083416703 -0.490496615838 -1.16341445919e-18
v -0.000178075086417 -0.490502402976 0.000331545218674
v -0.000178050105709 -0.490519757337 0.000662686500569
v -0.000178008505014 -0.490548657778 0.000993020401043
v -0.000150808836619 -0.509444554214 0.000993020401043
v -0.000150767235924 -0.509473454656 0.000662686500569
v -0.000150742255216 -0.509490809017 0.000331545218674
v -0.000150374063197 -0.509746595895 0
v -0.0001503826127 -0.509740656465 -0.000340270092849
v -0.000150408250795 -0.50972284541 -0.000680125619005
v -0.000150450946246 -0.50969318443 -0.00101915251686
v -0.000150510647033 -0.509651709664 -0.00135693773436
v -0.000150587280422 -0.50959847164 -0.00169306973225
v -0.000178230061211 -0.490394740352 -0.00169306973225
v -0.0001783066946 -0.490341502329 -0.00135693773436
v -0.000178366395387 -0.490300027562 -0.00101915251686
v -0.000178409090838 -0.490270366583 -0.000680125619005
v -0.000178434728933 -0.490252555528 -0.000340270092849
v -0.000178443278436 -0.490246616097 -1.19403062917e-18
v -0.000178434728933 -0.490252555528 0.000340270092849
v -0.000178409090838 -0.490270366583 0.000680125619005
v -0.000178366395387 -0.490300027562 0.00101915251686
v -0.000150450946246 -0.50969318443 0.00101915251686
v -0.000150408250795 -0.50972284541 0.000680125619005
v -0.0001503826127 -0.509740656465 0.000340270092849
v -0.000150014201463 -0.509996595636 0
v -0.000150022970184 -0.509990503913 -0.000348994967025
v -0.000150049265667 -0.509972236164 -0.000697564737441
v -0.000150093055872 -0.509941814647 -0.00104528463268
v -0.000150154287449 -0.509899276424 -0.0013917310096
v -0.000150232885796 -0.509844673324 -0.00173648177667
v -0.000178584455837 -0.490148538669 -0.00173648177667
v -0.000178663054184 -0.490093935568 -0.0013917310096
v -0.000178724285761 -0.490051397346 -0.00104528463268
v -0.000178768075966 -0.490020975828 -0.000697564737441
v -0.000178794371448 -0.49000270808 -0.000348994967025
v -0.00017880314017 -0.489996616356 -1.22464679915e-18
v -0.000178794371448 -0.49000270808 0.000348994967025
v -0.000178768075966 -0.490020975828 0.000697564737441
v -0.000178724285761 -0.490051397346 0.00104528463268
v -0.000150093055872 -0.509941814647 0.00104528463268
v -0.000150049265667 -0.509972236164 0.000697564737441
v -0.000150022970184 -0.509990503913 0.000348994967025
v 0.00238558420505 -0.509486675089 0
v 0.00238555422272 -0.509480888023 -0.000331545218674
v 0.00238546431223 -0.509463533877 -0.000662686500569
v 0.00238531458315 -0.509434633793 -0.000993020401043
v 0.00228741762474 -0.490538971378 -0.000993020401043
v 0.00228726789565 -0.490510071294 -0.000662686500569
v 0.00228717798517 -0.490492717148 -0.000331545218674
v 0.00228714800283 -0.490486930082 -1.16341445919e-18
v 0.00228717798517 -0.490492717148 0.000331545218674
v 0.00228726789565 -0.490510071294 0.000662686500569
v 0.00228741762474 -0.490538971378 0.000993020401043
v 0.00238531458315 -0.509434633793 0.000993020401043
v 0.00238546431223 -0.509463533877 0.000662686500569
v 0.00238555422272 -0.509480888023 0.000331545218674
v 0.00238687941824 -0.509736671734 0
v 0.0023868486469 -0.509730732377 -0.000340270092849
v 0.00238675637035 -0.509712921543 -0.000680125619005
v 0.00238660270102 -0.50968326093 -0.00101915251686
v 0.00228612950686 -0.490290344241 -0.00101915251686
v 0.00228597583754 -0.490260683629 -0.000680125619005
v 0.00228588356099 -0.490242872794 -0.000340270092849
v 0.00228585278964 -0.490236933438 -1.19403062917e-18
v 0.00228588356099 -0.490242872794 0.000340270092849
v 0.00228597583754 -0.490260683629 0.000680125619005
v 0.00228612950686 -0.490290344241 0.00101915251686
v 0.00238660270102 -0.50968326093 0.00101915251686
v 0.00238675637035 -0.509712921543 0.000680125619005
v 0.0023868486469 -0.509730732377 0.000340270092849
v 0.00238817463143 -0.509986668379 0
v 0.00238814307107 -0.50998057673 -0.000348994967025
v 0.00238804842846 -0.509962309208 -0.000697564737441
v 0.00238789081889 -0.509931888067 -0.00104528463268
v 0.00228484138899 -0.490041717104 -0.00104528463268
v 0.00228468377942 -0.490011295963 -0.000697564737441
v 0.00228458913681 -0.489993028441 -0.000348994967025
v 0.00228455757645 -0.489986936793 -1.22464679915e-18
v 0.00228458913681 -0.489993028441 0.000348994967025
v 0.00228468377942 -0.490011295963 0.000697564737441
v 0.00228484138899 -0.490041717104 0.00104528463268
v 0.00238789081889 -0.509931888067 0.00104528463268
v 0.00238804842846 -0.509962309208 0.000697564737441
v 0.00238814307107 -0.50998057673 0.000348994967025
v 0.00492112052219 -0.509470322053 0
v 0.00492106934608 -0.509464535136 -0.000331545218674
v 0.00492091588009 -0.509447181435 -0.000662686500569
v 0.0049206603112 -0.509418282094 -0.000993020401043
v 0.00492030295079 -0.509377872321 -0.00132214445912
v 0.00475391976595 -0.490563514698 -0.00132214445912
v 0.00475356240554 -0.490523104925 -0.000993020401043
v 0.00475330683665 -0.490494205584 -0.000662686500569
v 0.00475315337066 -0.490476851883 -0.000331545218674
v 0.00475310219455 -0.490471064966 -1.16341445919e-18
v 0.00492333128966 -0.509720312278 0
v 0.00492327876681 -0.509714373073 -0.000340270092849
v 0.00492312126224 -0.509696562696 -0.000680125619005
v 0.00492285896786 -0.509666902846 -0.00101915251686
v 0.00492249220322 -0.509625429658 -0.00135693773436
v 0.00475173051352 -0.490315957361 -0.00135693773436
v 0.00475136374888 -0.490274484173 -0.00101915251686
v 0.0047511014545 -0.490244824323 -0.000680125619005
v 0.00475094394993 -0.490227013946 -0.000340270092849
v 0.00475089142708 -0.490221074741 -1.19403062917e-18
v 0.00492554205713 -0.509970302503 0
v 0.00492548818754 -0.509964211011 -0.000348994967025
v 0.00492532664439 -0.509945943958 -0.000697564737441
v 0.00492505762451 -0.509915523598 -0.00104528463268
v 0.00492468145565 -0.509872986995 -0.0013917310096
v 0.00474954126109 -0.490068400024 -0.0013917310096
v 0.00474916509223 -0.490025863421 -0.00104528463268
v 0.00474889607235 -0.489995443062 -0.000697564737441
v 0.0047487345292 -0.489977176008 -0.000348994967025
v 0.00474868065961 -0.489971084517 -1.22464679915e-18
v 0.00746811127806 -0.509441678775 0
v 0.00746803186205 -0.509435892177 -0.000331545218674
v 0.00746779371077 -0.509418539431 -0.000662686500569
v 0.00720769498114 -0.490466607206 -0.000662686500569
v 0.00720745682985 -0.490449254461 -0.000331545218674
v 0.00720737741384 -0.490443467863 -1.16341445919e-18
v 0.00720745682985 -0.490449254461 0.000331545218674
v 0.00720769498114 -0.490466607206 0.000662686500569
v 0.00720809157754 -0.490495504957 0.000993020401043
v 0.00746739711437 -0.509389641681 0.000993020401043
v 0.00746779371077 -0.509418539431 0.000662686500569
v 0.00746803186205 -0.509435892177 0.000331545218674
v 0.0074715419868 -0.509691655234 0
v 0.00747146048089 -0.509685716357 -0.000340270092849
v 0.00747121606247 -0.509667906961 -0.000680125619005
v 0.00720427262943 -0.490217239677 -0.000680125619005
v 0.00720402821101 -0.490199430281 -0.000340270092849
v 0.0072039467051 -0.490193491404 -1.19403062917e-18
v 0.00720402821101 -0.490199430281 0.000340270092849
v 0.00720427262943 -0.490217239677 0.000680125619005
v 0.00720467966258 -0.490246897894 0.00101915251686
v 0.00747080902932 -0.509638248743 0.00101915251686
v 0.00747121606247 -0.509667906961 0.000680125619005
v 0.00747146048089 -0.509685716357 0.000340270092849
v 0.00747497269554 -0.509941631694 0
v 0.00747488909974 -0.509935540537 -0.000348994967025
v 0.00747463841418 -0.50991727449 -0.000697564737441
v 0.00720085027773 -0.489967872148 -0.000697564737441
v 0.00720059959217 -0.4899496061 -0.000348994967025
v 0.00720051599636 -0.489943514944 -1.22464679915e-18
v 0.00720059959217 -0.4899496061 0.000348994967025
v 0.00720085027773 -0.489967872148 0.000697564737441
v 0.00720126774762 -0.489998290832 0.00104528463268
v 0.00747422094428 -0.509886855806 0.00104528463268
v 0.00747463841418 -0.50991727449 0.000697564737441
v 0.00747488909974 -0.509935540537 0.000348994967025
v 0.0100087178701 -0.509400527509 0
v 0.0100086140001 -0.509394741298 -0.000331545218674
v 0.0100083025165 -0.509377389714 -0.000662686500569
v 0.0100077837988 -0.509348493898 -0.000993020401043
v 0.010007058479 -0.509308089055 -0.00132214445912
v 0.0100061274408 -0.509256224411 -0.00164965768784
v 0.00967028838442 -0.490547891237 -0.00164965768784
v 0.00966935734621 -0.490496026593 -0.00132214445912
v 0.00966863202642 -0.49045562175 -0.000993020401043
v 0.00966811330871 -0.490426725934 -0.000662686500569
v 0.00966780182509 -0.49040937435 -0.000331545218674
v 0.00966769795503 -0.490403588139 -1.16341445919e-18
v 0.00966780182509 -0.49040937435 0.000331545218674
v 0.00966811330871 -0.490426725934 0.000662686500569
v 0.0100083025165 -0.509377389714 0.000662686500569
v 0.0100086140001 -0.509394741298 0.000331545218674
v 0.0100132049743 -0.509650487237 0
v 0.0100130983708 -0.509644548758 -0.000340270092849
v 0.0100127786902 -0.509626740553 -0.000680125619005
v 0.0100122463221 -0.509597084321 -0.00101915251686
v 0.0100115019149 -0.509555616193 -0.00135693773436
v 0.00966491391026 -0.490248499456 -0.00135693773436
v 0.0096641695031 -0.490207031327 -0.00101915251686
v 0.00966363713493 -0.490177375095 -0.000680125619005
v 0.00966331745436 -0.49015956689 -0.000340270092849
v 0.00966321085088 -0.490153628411 -1.19403062917e-18
v 0.00966331745436 -0.49015956689 0.000340270092849
v 0.00966363713493 -0.490177375095 0.000680125619005
v 0.0100127786902 -0.509626740553 0.000680125619005
v 0.0100130983708 -0.509644548758 0.000340270092849
v 0.0100176920784 -0.509900446966 0
v 0.0100175827415 -0.509894356218 -0.000348994967025
v 0.010017254864 -0.509876091393 -0.000697564737441
v 0.0100167088454 -0.509845674744 -0.00104528463268
v 0.0100159453509 -0.50980314333 -0.0013917310096
v 0.0096604704743 -0.490000972318 -0.0013917310096
v 0.00965970697978 -0.489958440904 -0.00104528463268
v 0.00965916096114 -0.489928024256 -0.000697564737441
v 0.00965883308364 -0.489909759431 -0.000348994967025
v 0.00965872374674 -0.489903668682 -1.22464679915e-18
v 0.00965883308364 -0.489909759431 0.000348994967025
v 0.00965916096114 -0.489928024256 0.000697564737441
v 0.010017254864 -0.509876091393 0.000697564737441
v 0.0100175827415 -0.509894356218 0.000348994967025
v 0.0125544900101 -0.509350347622 0
v 0.0125543584449 -0.509344561974 -0.000331545218674
v 0.0125539639093 -0.50932721208 -0.000662686500569
v 0.0125533068842 -0.509298319078 -0.000993020401043
v 0.01255238817 -0.50925791817 -0.00132214445912
v 0.012551208886 -0.509206058577 -0.00164965768784
v 0.0121258239484 -0.490499547259 -0.00164965768784
v 0.0121246446644 -0.490447687666 -0.00132214445912
v 0.0121237259502 -0.490407286757 -0.000993020401043
v 0.0121230689251 -0.490378393755 -0.000662686500569
v 0.0121226743895 -0.490361043861 -0.000331545218674
v 0.0121225428243 -0.490355258214 -1.16341445919e-18
v 0.0121226743895 -0.490361043861 0.000331545218674
v 0.0125543584449 -0.509344561974 0.000331545218674
v 0.0125601735257 -0.509600283009 0
v 0.0125600384982 -0.509594345107 -0.000340270092849
v 0.0125596335802 -0.509576538637 -0.000680125619005
v 0.0125589592649 -0.509546885293 -0.00101915251686
v 0.012558016374 -0.509505421203 -0.00135693773436
v 0.0125568060562 -0.509452196884 -0.00169306973225
v 0.0121202267782 -0.490253408952 -0.00169306973225
v 0.0121190164604 -0.490200184633 -0.00135693773436
v 0.0121180735695 -0.490158720543 -0.00101915251686
v 0.0121173992542 -0.490129067198 -0.000680125619005
v 0.0121169943362 -0.490111260728 -0.000340270092849
v 0.0121168593087 -0.490105322827 -1.19403062917e-18
v 0.0121169943362 -0.490111260728 0.000340270092849
v 0.0125600384982 -0.509594345107 0.000340270092849
v 0.0125658570413 -0.509850218396 0
v 0.0125657185516 -0.50984412824 -0.000348994967025
v 0.012565303251 -0.509825865194 -0.000697564737441
v 0.0125646116456 -0.509795451508 -0.00104528463268
v 0.012563644578 -0.509752924236 -0.0013917310096
v 0.0121133882564 -0.4899526816 -0.0013917310096
v 0.0121124211888 -0.489910154328 -0.00104528463268
v 0.0121117295834 -0.489879740641 -0.000697564737441
v 0.0121113142828 -0.489861477595 -0.000348994967025
v 0.0121111757931 -0.48985538744 -1.22464679915e-18
v 0.0121113142828 -0.489861477595 0.000348994967025
v 0.0125657185516 -0.50984412824 0.000348994967025
v 0.0151055796803 -0.509284596342 0
v 0.0151054169704 -0.509278811486 -0.000331545218674
v 0.015104929039 -0.509261463968 -0.000662686500569
v 0.0145720310077 -0.490315239909 -0.000662686500569
v 0.0145715430763 -0.49029789239 -0.000331545218674
v 0.0145713803664 -0.490292107535 -1.16341445919e-18
v 0.0145715430763 -0.49029789239 0.000331545218674
v 0.0151054169704 -0.509278811486 0.000331545218674
v 0.0151126086186 -0.50953449751 0
v 0.0151124416269 -0.509528560422 -0.000340270092849
v 0.0151119408552 -0.50951075639 -0.000680125619005
v 0.0145650191915 -0.490065947487 -0.000680125619005
v 0.0145645184198 -0.490048143455 -0.000340270092849
v 0.014564351428 -0.490042206366 -1.19403062917e-18
v 0.0145645184198 -0.490048143455 0.000340270092849
v 0.0151124416269 -0.509528560422 0.000340270092849
v 0.015119637557 -0.509784398679 0
v 0.0151194662834 -0.509778309357 -0.000348994967025
v 0.0151189526714 -0.509760048811 -0.000697564737441
v 0.0145580073753 -0.489816655065 -0.000697564737441
v 0.0145574937633 -0.489798394519 -0.000348994967025
v 0.0145573224897 -0.489792305198 -1.22464679915e-18
v 0.0145574937633 -0.489798394519 0.000348994967025
v 0.0151194662834 -0.509778309357 0.000348994967025
v 0.0176469227535 -0.509207159461 3.81289750787e-19
v 0.0176467346372 -0.509201375376 -0.000331545218674
v 0.0170294986974 -0.49022298422 -0.000331545218674
v 0.0170293105811 -0.490217200135 -7.82124708403e-19
v 0.0170294986974 -0.49022298422 0.000331545218674
v 0.0170300628172 -0.490240329429 0.000662686500569
v 0.0170310022532 -0.490269214627 0.000993020401043
v 0.0170323158607 -0.490309604625 0.00132214445912
v 0.0170340020394 -0.490361450211 0.00164965768784
v 0.0176422312952 -0.509062909385 0.00164965768784
v 0.0176439174739 -0.509114754972 0.00132214445912
v 0.0176452310815 -0.509155144969 0.000993020401043
v 0.0176461705174 -0.509184030168 0.000662686500569
v 0.0176467346372 -0.509201375376 0.000331545218674
v 0.0176550492295 -0.509457027347 3.81289750787e-19
v 0.0176548561627 -0.509451091049 -0.000340270092849
v 0.0170213771719 -0.489973268547 -0.000340270092849
v 0.0170211841052 -0.489967332249 -8.12740878381e-19
v 0.0170213771719 -0.489973268547 0.000340270092849
v 0.0170219561369 -0.489991070208 0.000680125619005
v 0.0170229202949 -0.490020715544 0.00101915251686
v 0.0170242684711 -0.490062168436 0.00135693773436
v 0.0170259990229 -0.49011537838 0.00169306973225
v 0.0176502343117 -0.509308981216 0.00169306973225
v 0.0176519648636 -0.509362191161 0.00135693773436
v 0.0176533130397 -0.509403644053 0.00101915251686
v 0.0176542771977 -0.509433289388 0.000680125619005
v 0.0176548561627 -0.509451091049 0.000340270092849
v 0.0176631757054 -0.509706895233 3.81289750787e-19
v 0.0176629776882 -0.509700806722 -0.000348994967025
v 0.0170132556464 -0.489723552874 -0.000348994967025
v 0.0170130576292 -0.489717464364 -8.4335704836e-19
v 0.0170132556464 -0.489723552874 0.000348994967025
v 0.0170138494567 -0.489741810988 0.000697564737441
v 0.0170148383366 -0.48977221646 0.00104528463268
v 0.0170162210814 -0.489814732247 0.0013917310096
v 0.0170179960064 -0.489869306549 0.00173648177667
v 0.0176582373282 -0.509555053048 0.00173648177667
v 0.0176600122532 -0.50960962735 0.0013917310096
v 0.017661394998 -0.509652143136 0.00104528463268
v 0.0176623838779 -0.509682548609 0.000697564737441
v 0.0176629776882 -0.509700806722 0.000348994967025
v 0.0201860993384 -0.509119369993 0
v 0.0201858869316 -0.509113586749 -0.000331545218674
v 0.0194889506495 -0.490137955248 -0.000331545218674
v 0.0194887382428 -0.490132172004 -1.16341445919e-18
v 0.0194889506495 -0.490137955248 0.000331545218674
v 0.0194895876111 -0.490155297934 0.000662686500569
v 0.0201852499701 -0.509096244063 0.000662686500569
v 0.0201858869316 -0.509113586749 0.000331545218674
v 0.0201952751423 -0.509369201546 0
v 0.0201950571459 -0.509363266111 -0.000340270092849
v 0.0194797804353 -0.489888275886 -0.000340270092849
v 0.0194795624389 -0.489882340451 -1.19403062917e-18
v 0.0194797804353 -0.489888275886 0.000340270092849
v 0.019480434159 -0.489906074958 0.000680125619005
v 0.0201944034222 -0.509345467039 0.000680125619005
v 0.0201950571459 -0.509363266111 0.000340270092849
v 0.0202044509462 -0.509619033098 0
v 0.0202042273601 -0.509612945473 -0.000348994967025
v 0.0194706102211 -0.489638596524 -0.000348994967025
v 0.019470386635 -0.489632508899 -1.22464679915e-18
v 0.0194706102211 -0.489638596524 0.000348994967025
v 0.0194712807069 -0.489656851983 0.000697564737441
v 0.0202035568743 -0.509594690014 0.000697564737441
v 0.0202042273601 -0.509612945473 0.000348994967025
v 0.0227292425702 -0.509020476831 0
v 0.022729003216 -0.50901469464 -0.000331545218674
v 0.022728285445 -0.508997355111 -0.000662686500569
v 0.0227270901317 -0.508968479369 -0.000993020401043
v 0.0227254187324 -0.508928102595 -0.00132214445912
v 0.0219472331238 -0.490129108917 -0.00132214445912
v 0.0219455617245 -0.490088732144 -0.000993020401043
v 0.0219443664112 -0.490059856402 -0.000662686500569
v 0.0219436486402 -0.490042516872 -0.000331545218674
v 0.021943409286 -0.490036734681 -1.16341445919e-18
v 0.0219436486402 -0.490042516872 0.000331545218674
v 0.0227395824818 -0.509270262912 0
v 0.0227393368288 -0.509264328558 -0.000340270092849
v 0.0227386001691 -0.509246532725 -0.000680125619005
v 0.0227373734002 -0.509216897095 -0.00101915251686
v 0.0227356580168 -0.509175457775 -0.00135693773436
v 0.0219369938394 -0.489881753737 -0.00135693773436
v 0.021935278456 -0.489840314417 -0.00101915251686
v 0.0219340516871 -0.489810678787 -0.000680125619005
v 0.0219333150274 -0.489792882954 -0.000340270092849
v 0.0219330693744 -0.4897869486 -1.19403062917e-18
v 0.0219333150274 -0.489792882954 0.000340270092849
v 0.0227499223935 -0.509520048993 0
v 0.0227496704417 -0.509513962476 -0.000348994967025
v 0.0227489148932 -0.50949571034 -0.000697564737441
v 0.0227476566687 -0.509465314822 -0.00104528463268
v 0.0227458973011 -0.509422812955 -0.0013917310096
v 0.0219267545551 -0.489634398558 -0.0013917310096
v 0.0219249951874 -0.48959189669 -0.00104528463268
v 0.0219237369629 -0.489561501172 -0.000697564737441
v 0.0219229814145 -0.489543249036 -0.000348994967025
v 0.0219227294627 -0.489537162519 -1.22464679915e-18
v 0.0252802991246 -0.508908452098 0
v 0.0252800276883 -0.508902671324 -0.000331545218674
v 0.0252792137103 -0.508885336045 -0.000662686500569
v 0.0252778581822 -0.50885646738 -0.000993020401043
v 0.0252759627555 -0.508816100502 -0.00132214445912
v 0.0252735297395 -0.508764284593 -0.00164965768784
v 0.0243959053937 -0.490073530366 -0.00164965768784
v 0.0243934723777 -0.490021714456 -0.00132214445912
v 0.024391576951 -0.489981347579 -0.000993020401043
v 0.0243902214229 -0.489952478914 -0.000662686500569
v 0.0243894074449 -0.489935143635 -0.000331545218674
v 0.0243891360086 -0.48992936286 -1.16341445919e-18
v 0.0243894074449 -0.489935143635 0.000331545218674
v 0.0252800276883 -0.508902671324 0.000331545218674
v 0.025292024955 -0.509158176957 0
v 0.0252917463757 -0.509152244057 -0.000340270092849
v 0.0252909109772 -0.509134452586 -0.000680125619005
v 0.0252895197773 -0.509104824219 -0.00101915251686
v 0.025287574471 -0.509063395056 -0.00135693773436
v 0.0252850774283 -0.509010215569 -0.00169306973225
v 0.0243843577049 -0.489827599389 -0.00169306973225
v 0.0243818606622 -0.489774419903 -0.00135693773436
v 0.0243799153559 -0.489732990739 -0.00101915251686
v 0.024378524156 -0.489703362373 -0.000680125619005
v 0.0243776887574 -0.489685570902 -0.000340270092849
v 0.0243774101781 -0.489679638002 -1.19403062917e-18
v 0.0243776887574 -0.489685570902 0.000340270092849
v 0.0252917463757 -0.509152244057 0.000340270092849
v 0.0253037507855 -0.509407901815 0
v 0.0253034650632 -0.50940181679 -0.000348994967025
v 0.0253026082442 -0.509383569127 -0.000697564737441
v 0.0253011813725 -0.509353181059 -0.00104528463268
v 0.0252991861865 -0.509310689609 -0.0013917310096
v 0.025296625117 -0.509256146546 -0.00173648177667
v 0.0243702489467 -0.48952712535 -0.0013917310096
v 0.0243682537607 -0.4894846339 -0.00104528463268
v 0.024366826889 -0.489454245832 -0.000697564737441
v 0.02436597007 -0.489435998169 -0.000348994967025
v 0.0243656843477 -0.489429913144 -1.22464679915e-18
v 0.02436597007 -0.489435998169 0.000348994967025
v 0.0253034650632 -0.50940181679 0.000348994967025
v 0.0278213964219 -0.508781421602 0
v 0.0278210985355 -0.50877564213 -0.000331545218674
v 0.0278202052391 -0.508758310757 -0.000662686500569
v 0.0278187176212 -0.508729448597 -0.000993020401043
v 0.027816637494 -0.508689090816 -0.00132214445912
v 0.0268481525745 -0.489898939857 -0.00132214445912
v 0.0268460724474 -0.489858582075 -0.000993020401043
v 0.0268445848294 -0.489829719916 -0.000662686500569
v 0.026843691533 -0.489812388542 -0.000331545218674
v 0.0268433936466 -0.489806609071 -1.16341445919e-18
v 0.026843691533 -0.489812388542 0.000331545218674
v 0.0268445848294 -0.489829719916 0.000662686500569
v 0.0268460724474 -0.489858582075 0.000993020401043
v 0.0278187176212 -0.508729448597 0.000993020401043
v 0.0278202052391 -0.508758310757 0.000662686500569
v 0.0278210985355 -0.50877564213 0.000331545218674
v 0.0278342648795 -0.509031090187 0
v 0.0278339591539 -0.509025158625 -0.000340270092849
v 0.0278330423498 -0.509007371163 -0.000680125619005
v 0.027831515584 -0.508977749473 -0.00101915251686
v 0.0268332744846 -0.4896102812 -0.00101915251686
v 0.0268317477188 -0.48958065951 -0.000680125619005
v 0.0268308309146 -0.489562872048 -0.000340270092849
v 0.026830525189 -0.489556940485 -1.19403062917e-18
v 0.0268308309146 -0.489562872048 0.000340270092849
v 0.0268317477188 -0.48958065951 0.000680125619005
v 0.0268332744846 -0.4896102812 0.00101915251686
v 0.027831515584 -0.508977749473 0.00101915251686
v 0.0278330423498 -0.509007371163 0.000680125619005
v 0.0278339591539 -0.509025158625 0.000340270092849
v 0.0278471333371 -0.509280758773 0
v 0.0278468197724 -0.509274675119 -0.000348994967025
v 0.0278458794604 -0.509256431568 -0.000697564737441
v 0.0278443135468 -0.509226050348 -0.00104528463268
v 0.0268204765218 -0.489361980325 -0.00104528463268
v 0.0268189106081 -0.489331599104 -0.000697564737441
v 0.0268179702961 -0.489313355553 -0.000348994967025
v 0.0268176567315 -0.489307271899 -1.22464679915e-18
v 0.0268179702961 -0.489313355553 0.000348994967025
v 0.0268189106081 -0.489331599104 0.000697564737441
v 0.0278443135468 -0.509226050348 0.00104528463268
v 0.0278458794604 -0.509256431568 0.000697564737441
v 0.0278468197724 -0.509274675119 0.000348994967025
v 0.030361729593 -0.508646545825 0
v 0.030361405478 -0.508640767765 -0.000331545218674
v 0.0303604335279 -0.508623440625 -0.000662686500569
v 0.0303588149269 -0.508594585515 -0.000993020401043
v 0.0292989108708 -0.489699472858 -0.000662686500569
v 0.0292979389207 -0.489682145717 -0.000331545218674
v 0.0292976148057 -0.489676367657 -1.16341445919e-18
v 0.0292979389207 -0.489682145717 0.000331545218674
v 0.0292989108708 -0.489699472858 0.000662686500569
v 0.0293005294718 -0.489728327968 0.000993020401043
v 0.0303588149269 -0.508594585515 0.000993020401043
v 0.0303604335279 -0.508623440625 0.000662686500569
v 0.030361405478 -0.508640767765 0.000331545218674
v 0.0303757311034 -0.508896153433 0
v 0.030375398459 -0.508890223318 -0.000340270092849
v 0.0303744009313 -0.508872440201 -0.000680125619005
v 0.0292849434674 -0.489450473282 -0.000680125619005
v 0.0292839459397 -0.489432690164 -0.000340270092849
v 0.0292836132954 -0.48942676005 -1.19403062917e-18
v 0.0292839459397 -0.489432690164 0.000340270092849
v 0.0292849434674 -0.489450473282 0.000680125619005
v 0.0292866046632 -0.489480087737 0.00101915251686
v 0.0303727397356 -0.508842825746 0.00101915251686
v 0.0303744009313 -0.508872440201 0.000680125619005
v 0.030375398459 -0.508890223318 0.000340270092849
v 0.0303897326137 -0.50914576104 0
v 0.0303893914401 -0.509139678872 -0.000348994967025
v 0.0303883683347 -0.509121439777 -0.000697564737441
v 0.029270976064 -0.489201473706 -0.000697564737441
v 0.0292699529587 -0.489183234611 -0.000348994967025
v 0.029269611785 -0.489177152442 -1.22464679915e-18
v 0.0292699529587 -0.489183234611 0.000348994967025
v 0.029270976064 -0.489201473706 0.000697564737441
v 0.0292726798546 -0.489231847506 0.00104528463268
v 0.0303866645442 -0.509091065976 0.00104528463268
v 0.0303883683347 -0.509121439777 0.000697564737441
v 0.0303893914401 -0.509139678872 0.000348994967025
v 0.0329106993368 -0.508495893819 0
v 0.0329103432182 -0.508490117643 -0.000331545218674
v 0.0329092752964 -0.508472796153 -0.000662686500569
v 0.0317429364235 -0.48955499924 -0.000662686500569
v 0.0317418685017 -0.48953767775 -0.000331545218674
v 0.0317415123832 -0.489531901574 -1.16341445919e-18
v 0.0317418685017 -0.48953767775 0.000331545218674
v 0.0317429364235 -0.48955499924 0.000662686500569
v 0.0317447148474 -0.489583844941 0.000993020401043
v 0.0329074968725 -0.508443950452 0.000993020401043
v 0.0329092752964 -0.508472796153 0.000662686500569
v 0.0329103432182 -0.508490117643 0.000331545218674
v 0.0329260833756 -0.508745420033 0
v 0.0329257178855 -0.508739491852 -0.000340270092849
v 0.0329246218605 -0.508721714533 -0.000680125619005
v 0.0317275898594 -0.48930608086 -0.000680125619005
v 0.0317264938344 -0.489288303541 -0.000340270092849
v 0.0317261283443 -0.48928237536 -1.19403062917e-18
v 0.0317264938344 -0.489288303541 0.000340270092849
v 0.0317275898594 -0.48930608086 0.000680125619005
v 0.0317294150839 -0.489335685658 0.00101915251686
v 0.032922796636 -0.508692109735 0.00101915251686
v 0.0329246218605 -0.508721714533 0.000680125619005
v 0.0329257178855 -0.508739491852 0.000340270092849
v 0.0329414674145 -0.508994946247 0
v 0.0329410925528 -0.508988866061 -0.000348994967025
v 0.0329399684247 -0.508970632914 -0.000697564737441
v 0.0317122432953 -0.489057162479 -0.000697564737441
v 0.0317111191671 -0.489038929332 -0.000348994967025
v 0.0317107443055 -0.489032849147 -1.22464679915e-18
v 0.0317111191671 -0.489038929332 0.000348994967025
v 0.0317122432953 -0.489057162479 0.000697564737441
v 0.0317141153204 -0.489087526375 0.00104528463268
v 0.0329380963995 -0.508940269018 0.00104528463268
v 0.0329399684247 -0.508970632914 0.000697564737441
v 0.0329410925528 -0.508988866061 0.000348994967025
v 0.035456901582 -0.508332423945 0
v 0.0354565146697 -0.50832664975 -0.000331545218674
v 0.0354553544041 -0.5083093342 -0.000662686500569
v 0.035453422199 -0.508280498392 -0.000993020401043
v 0.0341900938113 -0.489426860989 -0.000993020401043
v 0.0341881616061 -0.489398025181 -0.000662686500569
v 0.0341870013406 -0.489380709632 -0.000331545218674
v 0.0341866144283 -0.489374935437 -1.16341445919e-18
v 0.0341870013406 -0.489380709632 0.000331545218674
v 0.0341881616061 -0.489398025181 0.000662686500569
v 0.0354553544041 -0.5083093342 0.000662686500569
v 0.0354565146697 -0.50832664975 0.000331545218674
v 0.0354736158866 -0.508581864583 0
v 0.0354732187924 -0.508575938436 -0.000340270092849
v 0.0354720279936 -0.508558167214 -0.000680125619005
v 0.0354700449409 -0.508528572569 -0.00101915251686
v 0.0341734710693 -0.489178786813 -0.00101915251686
v 0.0341714880167 -0.489149192168 -0.000680125619005
v 0.0341702972178 -0.489131420946 -0.000340270092849
v 0.0341699001236 -0.489125494798 -1.19403062917e-18
v 0.0341702972178 -0.489131420946 0.000340270092849
v 0.0341714880167 -0.489149192168 0.000680125619005
v 0.0354720279936 -0.508558167214 0.000680125619005
v 0.0354732187924 -0.508575938436 0.000340270092849
v 0.0354903301913 -0.508831305222 0
v 0.0354899229152 -0.508825227122 -0.000348994967025
v 0.035488701583 -0.508807000227 -0.000697564737441
v 0.0354866676829 -0.508776646745 -0.00104528463268
v 0.0341568483274 -0.488930712637 -0.00104528463268
v 0.0341548144272 -0.488900359154 -0.000697564737441
v 0.0341535930951 -0.48888213226 -0.000348994967025
v 0.034153185819 -0.48887605416 -1.22464679915e-18
v 0.0341535930951 -0.48888213226 0.000348994967025
v 0.0341548144272 -0.488900359154 0.000697564737441
v 0.035488701583 -0.508807000227 0.000697564737441
v 0.0354899229152 -0.508825227122 0.000348994967025
v 0.0380044242374 -0.508154565423 0
v 0.038004005159 -0.508148793473 -0.000331545218674
v 0.0380027484344 -0.508131484657 -0.000662686500569
v 0.0366302071338 -0.4892275296 -0.000662686500569
v 0.0366289504092 -0.489210220784 -0.000331545218674
v 0.0366285313309 -0.489204448835 -1.16341445919e-18
v 0.0366289504092 -0.489210220784 0.000331545218674
v 0.0366302071338 -0.4892275296 0.000662686500569
v 0.0366322999735 -0.489256354195 0.000993020401043
v 0.0380006555947 -0.508102660062 0.000993020401043
v 0.0380027484344 -0.508131484657 0.000662686500569
v 0.038004005159 -0.508148793473 0.000331545218674
v 0.0380225280914 -0.508403909062 0
v 0.0380220979846 -0.508397985219 -0.000340270092849
v 0.0380208081883 -0.508380220908 -0.000680125619005
v 0.0366121473799 -0.48897879335 -0.000680125619005
v 0.0366108575836 -0.488961029038 -0.000340270092849
v 0.0366104274768 -0.488955105195 -1.19403062917e-18
v 0.0366108575836 -0.488961029038 0.000340270092849
v 0.0366121473799 -0.48897879335 0.000680125619005
v 0.0366142952943 -0.489008376486 0.00101915251686
v 0.0380186602739 -0.508350637771 0.00101915251686
v 0.0380208081883 -0.508380220908 0.000680125619005
v 0.0380220979846 -0.508397985219 0.000340270092849
v 0.0380406319454 -0.508653252701 0
v 0.0380401908103 -0.508647176965 -0.000348994967025
v 0.0380388679423 -0.508628957159 -0.000697564737441
v 0.0365940876259 -0.488730057099 -0.000697564737441
v 0.0365927647579 -0.488711837292 -0.000348994967025
v 0.0365923236228 -0.488705761556 -1.22464679915e-18
v 0.0365927647579 -0.488711837292 0.000348994967025
v 0.0365940876259 -0.488730057099 0.000697564737441
v 0.0365962906151 -0.488760398778 0.00104528463268
v 0.0380366649532 -0.50859861548 0.00104528463268
v 0.0380388679423 -0.508628957159 0.000697564737441
v 0.0380401908103 -0.508647176965 0.000348994967025
v 0.0405457674327 -0.507962969032 0
v 0.0405453193423 -0.507957199263 -0.000331545218674
v 0.0405439756169 -0.507939896983 -0.000662686500569
v 0.0405417378937 -0.507911083274 -0.000993020401043
v 0.0390786534709 -0.489071894706 -0.000993020401043
v 0.0390764157477 -0.489043080996 -0.000662686500569
v 0.0390750720223 -0.489025778717 -0.000331545218674
v 0.0390746239319 -0.489020008947 -1.16341445919e-18
v 0.0390750720223 -0.489025778717 0.000331545218674
v 0.0390764157477 -0.489043080996 0.000662686500569
v 0.0405439756169 -0.507939896983 0.000662686500569
v 0.0405453193423 -0.507957199263 0.000331545218674
v 0.040565124584 -0.508212218507 0
v 0.0405646647017 -0.508206296901 -0.000340270092849
v 0.0405632856152 -0.508188539299 -0.000680125619005
v 0.0405609890045 -0.508158967334 -0.00101915251686
v 0.03905940236 -0.488824010646 -0.00101915251686
v 0.0390571057494 -0.488794438681 -0.000680125619005
v 0.0390557266628 -0.488776681078 -0.000340270092849
v 0.0390552667805 -0.488770759472 -1.19403062917e-18
v 0.0390557266628 -0.488776681078 0.000340270092849
v 0.0390571057494 -0.488794438681 0.000680125619005
v 0.0405632856152 -0.508188539299 0.000680125619005
v 0.0405646647017 -0.508206296901 0.000340270092849
v 0.0405844817354 -0.508461467982 0
v 0.0405840100612 -0.50845539454 -0.000348994967025
v 0.0405825956134 -0.508437181614 -0.000697564737441
v 0.0405802401153 -0.508406851394 -0.00104528463268
v 0.0390377957511 -0.488545796365 -0.000697564737441
v 0.0390363813033 -0.488527583439 -0.000348994967025
v 0.0390359096292 -0.488521509997 -1.22464679915e-18
v 0.0390363813033 -0.488527583439 0.000348994967025
v 0.0390377957511 -0.488545796365 0.000697564737441
v 0.0405825956134 -0.508437181614 0.000697564737441
v 0.0405840100612 -0.50845539454 0.000348994967025
v 0.0430866025532 -0.507759872578 0
v 0.0430861252265 -0.507754105153 -0.000331545218674
v 0.0430846938281 -0.507736809906 -0.000662686500569
v 0.0415213811738 -0.488847674406 -0.000662686500569
v 0.0415199497754 -0.488830379159 -0.000331545218674
v 0.0415194724487 -0.488824611734 -1.16341445919e-18
v 0.0415199497754 -0.488830379159 0.000331545218674
v 0.0415213811738 -0.488847674406 0.000662686500569
v 0.0415237649001 -0.488876476404 0.000993020401043
v 0.0430823101019 -0.507708007908 0.000993020401043
v 0.0430846938281 -0.507736809906 0.000662686500569
v 0.0430861252265 -0.507754105153 0.000331545218674
v 0.0431072226862 -0.508009020747 0
v 0.0431067327983 -0.508003101548 -0.000340270092849
v 0.0431052637315 -0.507985351163 -0.000680125619005
v 0.0415008112705 -0.488599133149 -0.000680125619005
v 0.0414993422036 -0.488581382764 -0.000340270092849
v 0.0414988523158 -0.488575463565 -1.19403062917e-18
v 0.0414993422036 -0.488581382764 0.000340270092849
v 0.0415008112705 -0.488599133149 0.000680125619005
v 0.0415032577263 -0.488628693095 0.00101915251686
v 0.0431028172756 -0.507955791217 0.00101915251686
v 0.0431052637315 -0.507985351163 0.000680125619005
v 0.0431067327983 -0.508003101548 0.000340270092849
v 0.0431278428191 -0.508258168916 0
v 0.04312734037 -0.508252097943 -0.000348994967025
v 0.0431258336348 -0.508233892419 -0.000697564737441
v 0.0414802413671 -0.488350591893 -0.000697564737441
v 0.0414787346319 -0.488332386369 -0.000348994967025
v 0.0414782321828 -0.488326315396 -1.22464679915e-18
v 0.0414787346319 -0.488332386369 0.000348994967025
v 0.0414802413671 -0.488350591893 0.000697564737441
v 0.0414827505526 -0.488380909786 0.00104528463268
v 0.0431233244493 -0.508203574527 0.00104528463268
v 0.0431258336348 -0.508233892419 0.000697564737441
v 0.04312734037 -0.508252097943 0.000348994967025
v 0.0456354252723 -0.507541684778 0
v 0.0456349131355 -0.50753592034 -0.000331545218674
v 0.045633377349 -0.50751863405 -0.000662686500569
v 0.0439560564286 -0.488639280752 -0.000662686500569
v 0.0439545206421 -0.488621994462 -0.000331545218674
v 0.0439540085052 -0.488616230024 -1.16341445919e-18
v 0.0439545206421 -0.488621994462 0.000331545218674
v 0.0439560564286 -0.488639280752 0.000662686500569
v 0.0439586139937 -0.488668067834 0.000993020401043
v 0.0456308197838 -0.507489846967 0.000993020401043
v 0.045633377349 -0.50751863405 0.000662686500569
v 0.0456349131355 -0.50753592034 0.000331545218674
v 0.0456575491772 -0.50779070392 0
v 0.045657023563 -0.507784787786 -0.000340270092849
v 0.0456554473611 -0.507767046593 -0.000680125619005
v 0.0439339864165 -0.488390868209 -0.000680125619005
v 0.0439324102145 -0.488373127016 -0.000340270092849
v 0.0439318846004 -0.488367210882 -1.19403062917e-18
v 0.0439324102145 -0.488373127016 0.000340270092849
v 0.0439339864165 -0.488390868209 0.000680125619005
v 0.043936611286 -0.488420412846 0.00101915251686
v 0.0456528224916 -0.507737501956 0.00101915251686
v 0.0456554473611 -0.507767046593 0.000680125619005
v 0.045657023563 -0.507784787786 0.000340270092849
v 0.045679673082 -0.508039723061 0
v 0.0456791339906 -0.508033655232 -0.000348994967025
v 0.0456775173732 -0.508015459137 -0.000697564737441
v 0.0439119164044 -0.488142455665 -0.000697564737441
v 0.043910299787 -0.48812425957 -0.000348994967025
v 0.0439097606956 -0.488118191741 -1.22464679915e-18
v 0.043910299787 -0.48812425957 0.000348994967025
v 0.0439119164044 -0.488142455665 0.000697564737441
v 0.0439146085782 -0.488172757857 0.00104528463268
v 0.0456748251994 -0.507985156945 0.00104528463268
v 0.0456775173732 -0.508015459137 0.000697564737441
v 0.0456791339906 -0.508033655232 0.000348994967025
v 0.0481906044545 -0.507306360849 0
v 0.0481900527692 -0.507300600062 -0.000331545218674
v 0.0463798961303 -0.488398651908 -0.000331545218674
v 0.0463793444449 -0.488392891121 -1.16341445919e-18
v 0.0463798961303 -0.488398651908 0.000331545218674
v 0.0463815505141 -0.488415927252 0.000662686500569
v 0.0463843055809 -0.488444696104 0.000993020401043
v 0.0481856433186 -0.507254555866 0.000993020401043
v 0.0481883983854 -0.507283324719 0.000662686500569
v 0.0481900527692 -0.507300600062 0.000331545218674
v 0.0482144368231 -0.507555222293 0
v 0.0482138706197 -0.507549309906 -0.000340270092849
v 0.0463560782797 -0.488149942064 -0.000340270092849
v 0.0463555120764 -0.488144029677 -1.19403062917e-18
v 0.0463560782797 -0.488149942064 0.000340270092849
v 0.0463577762 -0.488167672022 0.000680125619005
v 0.048209345131 -0.507502054021 0.00101915251686
v 0.0482121726995 -0.507531579948 0.000680125619005
v 0.0482138706197 -0.507549309906 0.000340270092849
v 0.0482382691916 -0.507804083737 0
v 0.0482376884702 -0.50779801975 -0.000348994967025
v 0.0463322604292 -0.48790123222 -0.000348994967025
v 0.0463316797078 -0.487895168233 -1.22464679915e-18
v 0.0463322604292 -0.48790123222 0.000348994967025
v 0.0463340018859 -0.487919416792 0.000697564737441
v 0.0482330469433 -0.507749552176 0.00104528463268
v 0.0482359470136 -0.507779835178 0.000697564737441
v 0.0482376884702 -0.50779801975 0.000348994967025
v 0.0507246919159 -0.507054421936 0
v 0.0507241124709 -0.507048663875 -0.000331545218674
v 0.0488228726404 -0.488155659927 -0.000331545218674
v 0.0488222931954 -0.488149901865 -1.16341445919e-18
v 0.0488228726404 -0.488155659927 0.000331545218674
v 0.0488246102692 -0.488172927096 0.000662686500569
v 0.048827503965 -0.488201682335 0.000993020401043
v 0.0488315502022 -0.48824189061 0.00132214445912
v 0.048836744051 -0.488293502934 0.00164965768784
v 0.0507102410603 -0.506910820867 0.00164965768784
v 0.0507154349091 -0.506962433191 0.00132214445912
v 0.0507194811462 -0.507002641467 0.000993020401043
v 0.050722374842 -0.507031396706 0.000662686500569
v 0.0507241124709 -0.507048663875 0.000331545218674
v 0.050749723478 -0.507303165621 0
v 0.0507491287845 -0.507297256032 -0.000340270092849
v 0.0487978563268 -0.487907067769 -0.000340270092849
v 0.0487972616333 -0.48790115818 -1.19403062917e-18
v 0.0487978563268 -0.487907067769 0.000340270092849
v 0.0487996396828 -0.487924789338 0.000680125619005
v 0.0488026095284 -0.487954301293 0.00101915251686
v 0.0488067622455 -0.487995567681 0.00135693773436
v 0.0488120927746 -0.488048538225 0.00169306973225
v 0.0507348923367 -0.507155785577 0.00169306973225
v 0.0507402228658 -0.50720875612 0.00135693773436
v 0.0507443755828 -0.507250022508 0.00101915251686
v 0.0507473454285 -0.507279534464 0.000680125619005
v 0.0507491287845 -0.507297256032 0.000340270092849
v 0.0507747550401 -0.507551909306 0
v 0.050774145098 -0.507545848189 -0.000348994967025
v 0.0487728400132 -0.487658475612 -0.000348994967025
v 0.0487722300712 -0.487652414495 -1.22464679915e-18
v 0.0487728400132 -0.487658475612 0.000348994967025
v 0.0487746690963 -0.48767665158 0.000697564737441
v 0.0487777150918 -0.487706920252 0.00104528463268
v 0.0487819742889 -0.487749244753 0.0013917310096
v 0.0487874414982 -0.487803573515 0.00173648177667
v 0.0507595436131 -0.507400750286 0.00173648177667
v 0.0507650108224 -0.507455079049 0.0013917310096
v 0.0507692700194 -0.507497403549 0.00104528463268
v 0.050772316015 -0.507527672222 0.000697564737441
v 0.050774145098 -0.507545848189 0.000348994967025
v 0.0532425901042 -0.506798032568 0
v 0.0532419924007 -0.506792276373 -0.000331545218674
v 0.0532402000185 -0.506775014802 -0.000662686500569
v 0.0512826362182 -0.487922658706 -0.000662686500569
v 0.051280843836 -0.487905397135 -0.000331545218674
v 0.0512802461325 -0.48789964094 -1.16341445919e-18
v 0.051280843836 -0.487905397135 0.000331545218674
v 0.0512826362182 -0.487922658706 0.000662686500569
v 0.0512856210953 -0.487951404623 0.000993020401043
v 0.0512897948309 -0.487991599864 0.00132214445912
v 0.0512951523397 -0.488043195457 0.00164965768784
v 0.053227683897 -0.506654478052 0.00164965768784
v 0.0532330414058 -0.506706073644 0.00132214445912
v 0.0532372151414 -0.506746268885 0.000993020401043
v 0.0532402000185 -0.506775014802 0.000662686500569
v 0.0532419924007 -0.506792276373 0.000331545218674
v 0.0532684104196 -0.507046695616 0
v 0.0532677969871 -0.507040787942 -0.000340270092849
v 0.0532659574369 -0.507023072119 -0.000680125619005
v 0.0512568787998 -0.487674601389 -0.000680125619005
v 0.0512550392496 -0.487656885566 -0.000340270092849
v 0.0512544258171 -0.487650977892 -1.19403062917e-18
v 0.0512550392496 -0.487656885566 0.000340270092849
v 0.0512568787998 -0.487674601389 0.000680125619005
v 0.0512599422263 -0.487704103778 0.00101915251686
v 0.051264225797 -0.487745356788 0.00135693773436
v 0.0512697242929 -0.487798310159 0.00169306973225
v 0.0532531119438 -0.506899363349 0.00169306973225
v 0.0532586104397 -0.50695231672 0.00135693773436
v 0.0532628940104 -0.50699356973 0.00101915251686
v 0.0532659574369 -0.507023072119 0.000680125619005
v 0.0532677969871 -0.507040787942 0.000340270092849
v 0.053294230735 -0.507295358664 0
v 0.0532936015735 -0.507289299511 -0.000348994967025
v 0.0532917148554 -0.507271129436 -0.000697564737441
v 0.0512311213813 -0.487426544072 -0.000697564737441
v 0.0512292346632 -0.487408373997 -0.000348994967025
v 0.0512286055017 -0.487402314844 -1.22464679915e-18
v 0.0512292346632 -0.487408373997 0.000348994967025
v 0.0512311213813 -0.487426544072 0.000697564737441
v 0.0512342633573 -0.487456802932 0.00104528463268
v 0.0512386567631 -0.487499113712 0.0013917310096
v 0.0512442962461 -0.487553424862 0.00173648177667
v 0.0532785399906 -0.507144248646 0.00173648177667
v 0.0532841794736 -0.507198559796 0.0013917310096
v 0.0532885728794 -0.507240870576 0.00104528463268
v 0.0532917148554 -0.507271129436 0.000697564737441
v 0.0532936015735 -0.507289299511 0.000348994967025
v 0.0557685115607 -0.506530655635 0
v 0.0557678900896 -0.506524901958 -0.000331545218674
v 0.0557660264334 -0.506507647936 -0.000662686500569
v 0.0557629228627 -0.506478914592 -0.000993020401043
v 0.0557585831588 -0.506438736931 -0.00132214445912
v 0.0537380634782 -0.487732448247 -0.00132214445912
v 0.0537337237743 -0.487692270586 -0.000993020401043
v 0.0537306202037 -0.487663537241 -0.000662686500569
v 0.0537287565475 -0.48764628322 -0.000331545218674
v 0.0537281350764 -0.487640529542 -1.16341445919e-18
v 0.0537287565475 -0.48764628322 0.000331545218674
v 0.0537306202037 -0.487663537241 0.000662686500569
v 0.0537337237743 -0.487692270586 0.000993020401043
v 0.0537380634782 -0.487732448247 0.00132214445912
v 0.0557585831588 -0.506438736931 0.00132214445912
v 0.0557629228627 -0.506478914592 0.000993020401043
v 0.0557660264334 -0.506507647936 0.000662686500569
v 0.0557678900896 -0.506524901958 0.000331545218674
v 0.0557953586197 -0.506779209926 0
v 0.0557947207941 -0.506773304836 -0.000340270092849
v 0.0557928080943 -0.506755596761 -0.000680125619005
v 0.0557896228507 -0.506726107276 -0.00101915251686
v 0.0557851689441 -0.506684872308 -0.00135693773436
v 0.053711477693 -0.487486312869 -0.00135693773436
v 0.0537070237863 -0.487445077902 -0.00101915251686
v 0.0537038385428 -0.487415588416 -0.000680125619005
v 0.053701925843 -0.487397880341 -0.000340270092849
v 0.0537012880174 -0.487391975252 -1.19403062917e-18
v 0.053701925843 -0.487397880341 0.000340270092849
v 0.0537038385428 -0.487415588416 0.000680125619005
v 0.0537070237863 -0.487445077902 0.00101915251686
v 0.053711477693 -0.487486312869 0.00135693773436
v 0.0557851689441 -0.506684872308 0.00135693773436
v 0.0557896228507 -0.506726107276 0.00101915251686
v 0.0557928080943 -0.506755596761 0.000680125619005
v 0.0557947207941 -0.506773304836 0.000340270092849
v 0.0558222056787 -0.507027764217 0
v 0.0558215514986 -0.507021707714 -0.000348994967025
v 0.0558195897552 -0.507003545586 -0.000697564737441
v 0.0558163228388 -0.50697329996 -0.00104528463268
v 0.0558117547294 -0.506931007686 -0.0013917310096
v 0.0536803237983 -0.487197885217 -0.00104528463268
v 0.0536770568818 -0.487167639591 -0.000697564737441
v 0.0536750951385 -0.487149477463 -0.000348994967025
v 0.0536744409584 -0.487143420961 -1.22464679915e-18
v 0.0536750951385 -0.487149477463 0.000348994967025
v 0.0536770568818 -0.487167639591 0.000697564737441
v 0.0536803237983 -0.487197885217 0.00104528463268
v 0.0536848919077 -0.487240177492 0.0013917310096
v 0.0558117547294 -0.506931007686 0.0013917310096
v 0.0558163228388 -0.50697329996 0.00104528463268
v 0.0558195897552 -0.507003545586 0.000697564737441
v 0.0558215514986 -0.507021707714 0.000348994967025
v 0.0582861965965 -0.506253285098 0
v 0.0582855556758 -0.506247533555 -0.000331545218674
v 0.0582836336946 -0.506230285933 -0.000662686500569
v 0.0582804329944 -0.506201563246 -0.000993020401043
v 0.0561877280203 -0.487421887321 -0.000993020401043
v 0.0561845273202 -0.487393164634 -0.000662686500569
v 0.056182605339 -0.487375917012 -0.000331545218674
v 0.0561819644183 -0.487370165469 -1.16341445919e-18
v 0.056182605339 -0.487375917012 0.000331545218674
v 0.0561845273202 -0.487393164634 0.000662686500569
v 0.0561877280203 -0.487421887321 0.000993020401043
v 0.0561922035397 -0.48746205008 0.00132214445912
v 0.058275957475 -0.506161400487 0.00132214445912
v 0.0582804329944 -0.506201563246 0.000993020401043
v 0.0582836336946 -0.506230285933 0.000662686500569
v 0.0582855556758 -0.506247533555 0.000331545218674
v 0.058313883862 -0.506501747199 0
v 0.0583132260749 -0.506495844299 -0.000340270092849
v 0.0583112535153 -0.506478142792 -0.000680125619005
v 0.0583079685862 -0.506448664245 -0.00101915251686
v 0.0561601924285 -0.487174786322 -0.00101915251686
v 0.0561569074995 -0.487145307775 -0.000680125619005
v 0.0561549349398 -0.487127606268 -0.000340270092849
v 0.0561542771528 -0.487121703369 -1.19403062917e-18
v 0.0561549349398 -0.487127606268 0.000340270092849
v 0.0561569074995 -0.487145307775 0.000680125619005
v 0.0561601924285 -0.487174786322 0.00101915251686
v 0.0583079685862 -0.506448664245 0.00101915251686
v 0.0583112535153 -0.506478142792 0.000680125619005
v 0.0583132260749 -0.506495844299 0.000340270092849
v 0.0583415711275 -0.506750209299 0
v 0.0583408964741 -0.506744155043 -0.000348994967025
v 0.058338873336 -0.506725999652 -0.000697564737441
v 0.058335504178 -0.506695765244 -0.00104528463268
v 0.0561326568368 -0.486927685323 -0.00104528463268
v 0.0561292876788 -0.486897450916 -0.000697564737441
v 0.0561272645406 -0.486879295524 -0.000348994967025
v 0.0561265898873 -0.486873241268 -1.22464679915e-18
v 0.0561272645406 -0.486879295524 0.000348994967025
v 0.0561292876788 -0.486897450916 0.000697564737441
v 0.0561326568368 -0.486927685323 0.00104528463268
v 0.058335504178 -0.506695765244 0.00104528463268
v 0.058338873336 -0.506725999652 0.000697564737441
v 0.0583408964741 -0.506744155043 0.000348994967025
v 0.0608023838004 -0.505969710938 0
v 0.0608017239156 -0.50596396154 -0.000331545218674
v 0.060799745065 -0.50594672035 -0.000662686500569
v 0.0586385283854 -0.487116623991 -0.000662686500569
v 0.0586365495348 -0.487099382801 -0.000331545218674
v 0.0586358896499 -0.487093633403 -1.16341445919e-18
v 0.0586365495348 -0.487099382801 0.000331545218674
v 0.0586385283854 -0.487116623991 0.000662686500569
v 0.0586418237908 -0.487145335967 0.000993020401043
v 0.0607964496596 -0.505918008374 0.000993020401043
v 0.060799745065 -0.50594672035 0.000662686500569
v 0.0608017239156 -0.50596396154 0.000331545218674
v 0.0608308903024 -0.506218080379 0
v 0.0608302130522 -0.506212179681 -0.000340270092849
v 0.0608281821266 -0.506194484776 -0.000680125619005
v 0.0586100913238 -0.486868859566 -0.000680125619005
v 0.0586080603982 -0.48685116466 -0.000340270092849
v 0.058607383148 -0.486845263962 -1.19403062917e-18
v 0.0586080603982 -0.48685116466 0.000340270092849
v 0.0586100913238 -0.486868859566 0.000680125619005
v 0.0586134734504 -0.48689832712 0.00101915251686
v 0.0608248 -0.506165017222 0.00101915251686
v 0.0608281821266 -0.506194484776 0.000680125619005
v 0.0608302130522 -0.506212179681 0.000340270092849
v 0.0608593968044 -0.50646644982 0
v 0.0608587021888 -0.506460397822 -0.000348994967025
v 0.0608566191881 -0.506442249201 -0.000697564737441
v 0.0585816542622 -0.48662109514 -0.000697564737441
v 0.0585795712616 -0.486602946519 -0.000348994967025
v 0.058578876646 -0.486596894521 -1.22464679915e-18
v 0.0585795712616 -0.486602946519 0.000348994967025
v 0.0585816542622 -0.48662109514 0.000697564737441
v 0.05858512311 -0.486651318272 0.00104528463268
v 0.0608531503404 -0.506412026069 0.00104528463268
v 0.0608566191881 -0.506442249201 0.000697564737441
v 0.0608587021888 -0.506460397822 0.000348994967025
v 0.0633200154711 -0.505675521463 0
v 0.0633193350354 -0.505669774461 -0.000331545218674
v 0.0633172945572 -0.505652540456 -0.000662686500569
v 0.0610921689153 -0.486858991169 -0.000993020401043
v 0.0610887708807 -0.486830291158 -0.000662686500569
v 0.0610867304026 -0.486813057153 -0.000331545218674
v 0.0610860499669 -0.486807310151 -1.16341445919e-18
v 0.0610867304026 -0.486813057153 0.000331545218674
v 0.0610887708807 -0.486830291158 0.000662686500569
v 0.0633172945572 -0.505652540456 0.000662686500569
v 0.0633193350354 -0.505669774461 0.000331545218674
v 0.063349409754 -0.505923787401 0
v 0.0633487114121 -0.505917889162 -0.000340270092849
v 0.0633466172372 -0.505900201631 -0.000680125619005
v 0.0610594482008 -0.486582629983 -0.000680125619005
v 0.0610573540258 -0.486564942452 -0.000340270092849
v 0.0610566556839 -0.486559044212 -1.19403062917e-18
v 0.0610573540258 -0.486564942452 0.000340270092849
v 0.0610594482008 -0.486582629983 0.000680125619005
v 0.0633466172372 -0.505900201631 0.000680125619005
v 0.0633487114121 -0.505917889162 0.000340270092849
v 0.063378804037 -0.50617205334 0
v 0.0633780877889 -0.506166003864 -0.000348994967025
v 0.0633759399171 -0.506147862806 -0.000697564737441
v 0.0610301255208 -0.486334968808 -0.000697564737441
v 0.0610279776491 -0.48631682775 -0.000348994967025
v 0.061027261401 -0.486310778274 -1.22464679915e-18
v 0.0610279776491 -0.48631682775 0.000348994967025
v 0.0610301255208 -0.486334968808 0.000697564737441
v 0.0633759399171 -0.506147862806 0.000697564737441
v 0.0633780877889 -0.506166003864 0.000348994967025
v 0.065838194714 -0.50537347373 0
v 0.0658374928494 -0.505367729305 -0.000331545218674
v 0.0658353881106 -0.50535050303 -0.000662686500569
v 0.065831883062 -0.505321815892 -0.000993020401043
v 0.0658269819739 -0.505281702842 -0.00132214445912
v 0.0658206908175 -0.505230212752 -0.00164965768784
v 0.0635450878259 -0.486605496182 -0.00132214445912
v 0.0635401867378 -0.486565383132 -0.000993020401043
v 0.0635366816892 -0.486536695994 -0.000662686500569
v 0.0635345769505 -0.486519469719 -0.000331545218674
v 0.0635338750858 -0.486513725294 -1.16341445919e-18
v 0.0635345769505 -0.486519469719 0.000331545218674
v 0.0658685147091 -0.505621628315 0
v 0.0658677943744 -0.505615732721 -0.000340270092849
v 0.0658656342477 -0.505598053123 -0.000680125619005
v 0.065862036961 -0.50556861106 -0.00101915251686
v 0.0658570068969 -0.505527442404 -0.00135693773436
v 0.0635150629029 -0.486359756621 -0.00135693773436
v 0.0635100328388 -0.486318587964 -0.00101915251686
v 0.0635064355521 -0.486289145902 -0.000680125619005
v 0.0635042754255 -0.486271466303 -0.000340270092849
v 0.0635035550907 -0.48626557071 -1.19403062917e-18
v 0.0658988347042 -0.505869782899 0
v 0.0658980958993 -0.505863736137 -0.000348994967025
v 0.0658958803848 -0.505845603216 -0.000697564737441
v 0.06589219086 -0.505815406228 -0.00104528463268
v 0.0658870318199 -0.505773181965 -0.0013917310096
v 0.0634850379799 -0.48611401706 -0.0013917310096
v 0.0634798789398 -0.486071792796 -0.00104528463268
v 0.063476189415 -0.486041595809 -0.000697564737441
v 0.0634739739005 -0.486023462888 -0.000348994967025
v 0.0634732350956 -0.486017416125 -1.22464679915e-18
v 0.0683833197273 -0.505056727025 0
v 0.065952069351 -0.486212921103 -1.16341445919e-18
v 0.065952809877 -0.486218660672 0.000331545218674
v 0.0659550305528 -0.486235872385 0.000662686500569
v 0.0683803585254 -0.505033775742 0.000662686500569
v 0.0683825792013 -0.505050987456 0.000331545218674
v 0.0684153098638 -0.505304671839 0
v 0.0659200792145 -0.485964976288 -1.19403062917e-18
v 0.065920839228 -0.485970866898 0.000340270092849
v 0.0659231183427 -0.485988531551 0.000680125619005
v 0.0684122707356 -0.505281116576 0.000680125619005
v 0.0684145498503 -0.505298781229 0.000340270092849
v 0.0684473000003 -0.505552616654 0
v 0.0658880890779 -0.485717031474 -1.22464679915e-18
v 0.065888868579 -0.485723073125 0.000348994967025
v 0.0658912061325 -0.485741190718 0.000697564737441
v 0.0684441829458 -0.50552845741 0.000697564737441
v 0.0684465204993 -0.505546575003 0.000348994967025
v 0.0709032360123 -0.504720101691 0
v 0.0709024704097 -0.504714365413 -0.000331545218674
v 0.0709001745348 -0.504697163569 -0.000662686500569
v 0.0683927173116 -0.48591003913 -0.000662686500569
v 0.0683904214366 -0.485892837286 -0.000331545218674
v 0.0683896558341 -0.485887101009 -1.16341445919e-18
v 0.0683904214366 -0.485892837286 0.000331545218674
v 0.0683927173116 -0.48591003913 0.000662686500569
v 0.0683965406617 -0.485938685583 0.000993020401043
v 0.0708963511847 -0.504668517116 0.000993020401043
v 0.0709001745348 -0.504697163569 0.000662686500569
v 0.0709024704097 -0.504714365413 0.000331545218674
v 0.0709363094357 -0.504967904331 0
v 0.0709355236857 -0.504962017099 -0.000340270092849
v 0.070933167393 -0.504944362575 -0.000680125619005
v 0.0683597244534 -0.485662840124 -0.000680125619005
v 0.0683573681607 -0.4856451856 -0.000340270092849
v 0.0683565824107 -0.485639298368 -1.19403062917e-18
v 0.0683573681607 -0.4856451856 0.000340270092849
v 0.0683597244534 -0.485662840124 0.000680125619005
v 0.0683636484179 -0.485692240431 0.00101915251686
v 0.0709292434284 -0.504914962268 0.00101915251686
v 0.070933167393 -0.504944362575 0.000680125619005
v 0.0709355236857 -0.504962017099 0.000340270092849
v 0.0709693828591 -0.505215706972 0
v 0.0709685769617 -0.505209668785 -0.000348994967025
v 0.0683267315952 -0.485415641119 -0.000697564737441
v 0.0683243148847 -0.485397533914 -0.000348994967025
v 0.0683235089873 -0.485391495728 -1.22464679915e-18
v 0.0683243148847 -0.485397533914 0.000348994967025
v 0.0683267315952 -0.485415641119 0.000697564737441
v 0.0683307561742 -0.485445795279 0.00104528463268
v 0.0709621356721 -0.50516140742 0.00104528463268
v 0.0709661602512 -0.505191561581 0.000697564737441
v 0.0709685769617 -0.505209668785 0.000348994967025
v 0.0734079480528 -0.50438616137 0
v 0.0734071666959 -0.504380427217 -0.000331545218674
v 0.0708434253044 -0.485565870588 -0.000331545218674
v 0.0708426439474 -0.485560136435 -1.16341445919e-18
v 0.0708434253044 -0.485565870588 0.000331545218674
v 0.0708457684234 -0.48558306606 0.000662686500569
v 0.0734048235769 -0.504363231745 0.000662686500569
v 0.0734071666959 -0.504380427217 0.000331545218674
v 0.0734417020542 -0.504633872224 0
v 0.0734409001352 -0.504627987173 -0.000340270092849
v 0.070809691865 -0.485318310632 -0.000340270092849
v 0.070808889946 -0.485312425581 -1.19403062917e-18
v 0.070809691865 -0.485318310632 0.000340270092849
v 0.070812096645 -0.485335958617 0.000680125619005
v 0.0734384953552 -0.504610339188 0.000680125619005
v 0.0734409001352 -0.504627987173 0.000340270092849
v 0.0734754560556 -0.504881583079 0
v 0.0734746335746 -0.504875547128 -0.000348994967025
v 0.0707759584257 -0.485070750677 -0.000348994967025
v 0.0707751359446 -0.485064714726 -1.22464679915e-18
v 0.0707759584257 -0.485070750677 0.000348994967025
v 0.0707784248667 -0.485088851174 0.000697564737441
v 0.0734721671336 -0.504857446631 0.000697564737441
v 0.0734746335746 -0.504875547128 0.000348994967025
v 0.0759387990313 -0.504033815769 0
v 0.0759379848128 -0.50402808619 -0.000331545218674
v 0.0732664200743 -0.485228536916 -0.000331545218674
v 0.0732656058557 -0.485222807337 -1.16341445919e-18
v 0.0732664200743 -0.485228536916 0.000331545218674
v 0.0759379848128 -0.50402808619 0.000331545218674
v 0.0759739726258 -0.504281329038 0
v 0.0759731369804 -0.504275448681 -0.000340270092849
v 0.0732312679067 -0.484981174425 -0.000340270092849
v 0.0732304322613 -0.484975294068 -1.19403062917e-18
v 0.0732312679067 -0.484981174425 0.000340270092849
v 0.0759731369804 -0.504275448681 0.000340270092849
v 0.0760091462202 -0.504528842307 0
v 0.076008289148 -0.504522811171 -0.000348994967025
v 0.073196115739 -0.484733811935 -0.000348994967025
v 0.0731952586669 -0.484727780799 -1.22464679915e-18
v 0.073196115739 -0.484733811935 0.000348994967025
v 0.076008289148 -0.504522811171 0.000348994967025
v 0.0784581632162 -0.503668536245 -1.90644875394e-19
v 0.078457321914 -0.50366281058 -0.000331545218674
v 0.0756968919163 -0.484876104182 -0.000331545218674
v 0.0756960506141 -0.484870378517 -1.35405933458e-18
v 0.0756968919163 -0.484876104182 0.000331545218674
v 0.078457321914 -0.50366281058 0.000331545218674
v 0.078494506803 -0.503915880426 -1.90644875394e-19
v 0.0784936433613 -0.503910004085 -0.000340270092849
v 0.0756605704689 -0.484628910677 -0.000340270092849
v 0.0756597070272 -0.484623034336 -1.38467550456e-18
v 0.0756605704689 -0.484628910677 0.000340270092849
v 0.0784936433613 -0.503910004085 0.000340270092849
v 0.0785308503899 -0.504163224606 -1.90644875394e-19
v 0.0785299648087 -0.504157197591 -0.000348994967025
v 0.0756242490216 -0.484381717171 -0.000348994967025
v 0.0756233634403 -0.484375690156 -1.41529167454e-18
v 0.0756242490216 -0.484381717171 0.000348994967025
v 0.0785299648087 -0.504157197591 0.000348994967025
v 0.0809634700251 -0.503295566781 0
v 0.080962609368 -0.503289843994 -0.000331545218674
v 0.0809600284454 -0.503272682604 -0.000662686500569
v 0.0781412541631 -0.484529739986 -0.000662686500569
v 0.0781386732404 -0.484512578596 -0.000331545218674
v 0.0781378125833 -0.484506855808 -1.16341445919e-18
v 0.0781386732404 -0.484512578596 0.000331545218674
v 0.080962609368 -0.503289843994 0.000331545218674
v 0.0810006497283 -0.503542786663 0
v 0.0809997664223 -0.503536913275 -0.000340270092849
v 0.0809971175807 -0.50351930027 -0.000680125619005
v 0.0781041650278 -0.48428312232 -0.000680125619005
v 0.0781015161861 -0.484265509314 -0.000340270092849
v 0.0781006328802 -0.484259635927 -1.19403062917e-18
v 0.0781015161861 -0.484265509314 0.000340270092849
v 0.0809997664223 -0.503536913275 0.000340270092849
v 0.0810378294315 -0.503790006544 0
v 0.0810369234767 -0.503783982557 -0.000348994967025
v 0.081034206716 -0.503765917936 -0.000697564737441
v 0.0780670758925 -0.484036504654 -0.000697564737441
v 0.0780643591318 -0.484018440033 -0.000348994967025
v 0.078063453177 -0.484012416046 -1.22464679915e-18
v 0.0780643591318 -0.484018440033 0.000348994967025
v 0.0810369234767 -0.503783982557 0.000348994967025
v 0.0834571613707 -0.50291676104 0
v 0.0834562877607 -0.502911040215 -0.000331545218674
v 0.083453667995 -0.502893884712 -0.000662686500569
v 0.0805924710043 -0.48415737121 -0.000662686500569
v 0.0805898512386 -0.484140215707 -0.000331545218674
v 0.0805889776285 -0.484134494882 -1.16341445919e-18
v 0.0805898512386 -0.484140215707 0.000331545218674
v 0.0805924710043 -0.48415737121 0.000662686500569
v 0.0805968337339 -0.484185940492 0.000993020401043
v 0.0834493052654 -0.50286531543 0.000993020401043
v 0.083453667995 -0.502893884712 0.000662686500569
v 0.0834562877607 -0.502911040215 0.000331545218674
v 0.0834949006305 -0.503163896121 0
v 0.0834940040307 -0.503158024748 -0.000340270092849
v 0.0834913153238 -0.503140417784 -0.000680125619005
v 0.0805548236754 -0.483910838138 -0.000680125619005
v 0.0805521349685 -0.483893231174 -0.000340270092849
v 0.0805512383688 -0.483887359801 -1.19403062917e-18
v 0.0805521349685 -0.483893231174 0.000340270092849
v 0.0805548236754 -0.483910838138 0.000680125619005
v 0.0805593012137 -0.483940159243 0.00101915251686
v 0.0834868377855 -0.50311109668 0.00101915251686
v 0.0834913153238 -0.503140417784 0.000680125619005
v 0.0834940040307 -0.503158024748 0.000340270092849
v 0.0835326398902 -0.503411031202 0
v 0.0835317203007 -0.503405009281 -0.000348994967025
v 0.0805171763466 -0.483664305066 -0.000697564737441
v 0.0805144186985 -0.483646246641 -0.000348994967025
v 0.080513499109 -0.48364022472 -1.22464679915e-18
v 0.0805144186985 -0.483646246641 0.000348994967025
v 0.0805171763466 -0.483664305066 0.000697564737441
v 0.0805217686936 -0.483694377993 0.00104528463268
v 0.0835243703057 -0.503356877929 0.00104528463268
v 0.0835289626526 -0.503386950857 0.000697564737441
v 0.0835317203007 -0.503405009281 0.000348994967025
v 0.0859523474456 -0.502533725148 0
v 0.0859514596167 -0.502528006512 -0.000331545218674
v 0.0859487972117 -0.502510857574 -0.000662686500569
v 0.0859443634744 -0.502482299227 -0.000993020401043
v 0.0859381638065 -0.502442366263 -0.00132214445912
v 0.0859302057614 -0.502391107336 -0.00164965768784
v 0.0830596228471 -0.483901264942 -0.00164965768784
v 0.0830516648019 -0.483850006015 -0.00132214445912
v 0.083045465134 -0.483810073051 -0.000993020401043
v 0.0830410313967 -0.483781514704 -0.000662686500569
v 0.0830383689917 -0.483764365765 -0.000331545218674
v 0.0830374811628 -0.48375864713 -1.16341445919e-18
v 0.0830383689917 -0.483764365765 0.000331545218674
v 0.0859514596167 -0.502528006512 0.000331545218674
v 0.0859907009493 -0.502780765648 0
v 0.0859897897565 -0.502774896522 -0.000340270092849
v 0.0859870572883 -0.502757296296 -0.000680125619005
v 0.0859825068736 -0.502727986413 -0.00101915251686
v 0.0859761440565 -0.502687002582 -0.00135693773436
v 0.0830218520192 -0.483657977542 -0.00169306973225
v 0.0830136845519 -0.483605369696 -0.00135693773436
v 0.0830073217348 -0.483564385865 -0.00101915251686
v 0.0830027713202 -0.483535075982 -0.000680125619005
v 0.0830000388519 -0.483517475756 -0.000340270092849
v 0.0829991276591 -0.48351160663 -1.19403062917e-18
v 0.0830000388519 -0.483517475756 0.000340270092849
v 0.0859897897565 -0.502774896522 0.000340270092849
v 0.0860290544531 -0.503027806148 0
v 0.0860281198963 -0.503021786532 -0.000348994967025
v 0.0860253173648 -0.503003735018 -0.000697564737441
v 0.0860206502728 -0.5029736736 -0.00104528463268
v 0.0860141243066 -0.502931638901 -0.0013917310096
v 0.0829757043018 -0.483360733377 -0.0013917310096
v 0.0829691783356 -0.483318698678 -0.00104528463268
v 0.0829645112437 -0.48328863726 -0.000697564737441
v 0.0829617087121 -0.483270585746 -0.000348994967025
v 0.0829607741554 -0.48326456613 -1.22464679915e-18
v 0.0829617087121 -0.483270585746 0.000348994967025
v 0.0860281198963 -0.503021786532 0.000348994967025
v 0.0884523477216 -0.502141231259 0
v 0.0884514419429 -0.50213551544 -0.000331545218674
v 0.0884487257103 -0.502118374945 -0.000662686500569
v 0.0854866950315 -0.48342679788 -0.000993020401043
v 0.0854821716543 -0.483398253593 -0.000662686500569
v 0.0854794554217 -0.483381113098 -0.000331545218674
v 0.085478549643 -0.483375397278 -1.16341445919e-18
v 0.0854794554217 -0.483381113098 0.000331545218674
v 0.0854821716543 -0.483398253593 0.000662686500569
v 0.0884487257103 -0.502118374945 0.000662686500569
v 0.0884514419429 -0.50213551544 0.000331545218674
v 0.0884914766437 -0.502388150127 0
v 0.0884905470287 -0.502382283891 -0.000340270092849
v 0.0884877593163 -0.502364692331 -0.000680125619005
v 0.0854431380483 -0.483151936206 -0.000680125619005
v 0.0854403503359 -0.483134344646 -0.000340270092849
v 0.0854394207209 -0.48312847841 -1.19403062917e-18
v 0.0854403503359 -0.483134344646 0.000340270092849
v 0.0854431380483 -0.483151936206 0.000680125619005
v 0.0884877593163 -0.502364692331 0.000680125619005
v 0.0884905470287 -0.502382283891 0.000340270092849
v 0.0885306055658 -0.502635068995 0
v 0.0885296521145 -0.502629052343 -0.000348994967025
v 0.0885267929223 -0.502611009717 -0.000697564737441
v 0.0854041044424 -0.48290561882 -0.000697564737441
v 0.0854012452501 -0.482887576194 -0.000348994967025
v 0.0854002917988 -0.482881559542 -1.22464679915e-18
v 0.0854012452501 -0.482887576194 0.000348994967025
v 0.0854041044424 -0.48290561882 0.000697564737441
v 0.0885267929223 -0.502611009717 0.000697564737441
v 0.0885296521145 -0.502629052343 0.000348994967025
v 0.0909708323055 -0.501738367899 0
v 0.0909698966307 -0.501732656897 -0.000331545218674
v 0.0909670907462 -0.50171553085 -0.000662686500569
v 0.0879026227324 -0.483011188515 -0.000662686500569
v 0.0878998168479 -0.482994062467 -0.000331545218674
v 0.0878988811731 -0.482988351466 -1.16341445919e-18
v 0.0878998168479 -0.482994062467 0.000331545218674
v 0.0879026227324 -0.483011188515 0.000662686500569
v 0.0909670907462 -0.50171553085 0.000662686500569
v 0.0909698966307 -0.501732656897 0.000331545218674
v 0.0910112527151 -0.501985078641 0
v 0.0910102924173 -0.50197921735 -0.000340270092849
v 0.0910074126937 -0.501961640618 -0.000680125619005
v 0.0878623007848 -0.482765078747 -0.000680125619005
v 0.0878594210613 -0.482747502014 -0.000340270092849
v 0.0878584607635 -0.482741640723 -1.19403062917e-18
v 0.0878594210613 -0.482747502014 0.000340270092849
v 0.0878623007848 -0.482765078747 0.000680125619005
v 0.0910074126937 -0.501961640618 0.000680125619005
v 0.0910102924173 -0.50197921735 0.000340270092849
v 0.0910516731247 -0.502231789384 0
v 0.0910506882039 -0.502225777803 -0.000348994967025
v 0.0910477346413 -0.502207750385 -0.000697564737441
v 0.0878219788373 -0.482518968979 -0.000697564737441
v 0.0878190252747 -0.482500941561 -0.000348994967025
v 0.0878180403538 -0.482494929981 -1.22464679915e-18
v 0.0878190252747 -0.482500941561 0.000348994967025
v 0.0878219788373 -0.482518968979 0.000697564737441
v 0.0910477346413 -0.502207750385 0.000697564737441
v 0.0910506882039 -0.502225777803 0.000348994967025
v 0.0935308114931 -0.501308840415 0
v 0.0935298187699 -0.501303139053 -0.000331545218674
v 0.0902725552833 -0.482596173889 -0.000331545218674
v 0.0902715625601 -0.482590472527 -1.16341445919e-18
v 0.0902725552833 -0.482596173889 0.000331545218674
v 0.0902755322434 -0.482613271029 0.000662686500569
v 0.0935268418098 -0.501286041913 0.000662686500569
v 0.0935298187699 -0.501303139053 0.000331545218674
v 0.0935736963475 -0.501555134729 0
v 0.0935726775 -0.501549283332 -0.000340270092849
v 0.0902296965532 -0.482350029611 -0.000340270092849
v 0.0902286777057 -0.482344178213 -1.19403062917e-18
v 0.0902296965532 -0.482350029611 0.000340270092849
v 0.0935696221988 -0.501531736267 0.000680125619005
v 0.0935726775 -0.501549283332 0.000340270092849
v 0.0936165812018 -0.501801429044 0
v 0.0936155362301 -0.50179542761 -0.000348994967025
v 0.0901868378231 -0.482103885332 -0.000348994967025
v 0.0901857928513 -0.482097883898 -1.22464679915e-18
v 0.0901868378231 -0.482103885332 0.000348994967025
v 0.0936155362301 -0.50179542761 0.000348994967025
v 0.09605874334 -0.500852693569 0
v 0.096057709807 -0.500846999464 -0.000331545218674
v 0.0960546104672 -0.500829924085 -0.000662686500569
v 0.0926696429767 -0.482180919245 -0.000662686500569
v 0.0926665436369 -0.482163843866 -0.000331545218674
v 0.0926655101039 -0.482158149761 -1.16341445919e-18
v 0.0926665436369 -0.482163843866 0.000331545218674
v 0.0926696429767 -0.482180919245 0.000662686500569
v 0.0960546104672 -0.500829924085 0.000662686500569
v 0.096057709807 -0.500846999464 0.000331545218674
v 0.0961033911457 -0.501098674409 0
v 0.0961023304145 -0.501092830458 -0.000340270092849
v 0.0960991495131 -0.501075305727 -0.000680125619005
v 0.0926251039308 -0.481935537603 -0.000680125619005
v 0.0926219230294 -0.481918012871 -0.000340270092849
v 0.0926208622982 -0.481912168921 -1.19403062917e-18
v 0.0926219230294 -0.481918012871 0.000340270092849
v 0.0926251039308 -0.481935537603 0.000680125619005
v 0.0960991495131 -0.501075305727 0.000680125619005
v 0.0961023304145 -0.501092830458 0.000340270092849
v 0.0961480389515 -0.501344655248 0
v 0.096146951022 -0.501338661453 -0.000348994967025
v 0.096143688559 -0.50132068737 -0.000697564737441
v 0.0925805648849 -0.48169015596 -0.000697564737441
v 0.0925773024219 -0.481672181877 -0.000348994967025
v 0.0925762144925 -0.481666188082 -1.22464679915e-18
v 0.0925773024219 -0.481672181877 0.000348994967025
v 0.0925805648849 -0.48169015596 0.000697564737441
v 0.096143688559 -0.50132068737 0.000697564737441
v 0.096146951022 -0.501338661453 0.000348994967025
v 0.0985564231081 -0.500396815067 0
v 0.0985553667181 -0.500391125158 -0.000331545218674
v 0.098552198835 -0.500374062362 -0.000662686500569
v 0.0985469233186 -0.500345647469 -0.000993020401043
v 0.0950976468891 -0.48176721551 -0.000993020401043
v 0.0950923713727 -0.481738800616 -0.000662686500569
v 0.0950892034897 -0.481721737821 -0.000331545218674
v 0.0950881470997 -0.481716047911 -1.16341445919e-18
v 0.0986020583187 -0.500642614635 0
v 0.098600974129 -0.500636774991 -0.000340270092849
v 0.0985977228806 -0.500619263175 -0.000680125619005
v 0.0985923085348 -0.500590100521 -0.00101915251686
v 0.095052261673 -0.481522762458 -0.00101915251686
v 0.0950468473272 -0.481493599804 -0.000680125619005
v 0.0950435960788 -0.481476087987 -0.000340270092849
v 0.0950425118891 -0.481470248343 -1.19403062917e-18
v 0.0986476935293 -0.500888414203 0
v 0.0986465815399 -0.500882424825 -0.000348994967025
v 0.0986432469262 -0.500864463987 -0.000697564737441
v 0.098637693751 -0.500834553573 -0.00104528463268
v 0.0950068764568 -0.481278309406 -0.00104528463268
v 0.0950013232816 -0.481248398991 -0.000697564737441
v 0.0949979886679 -0.481230438154 -0.000348994967025
v 0.0949968766784 -0.481224448776 -1.22464679915e-18
v 0.101062750688 -0.499923593283 0
v 0.101061664469 -0.499917908992 -0.000331545218674
v 0.0975008854477 -0.481284004401 -0.000662686500569
v 0.097497628114 -0.481266958455 -0.000331545218674
v 0.097496541895 -0.481261274165 -1.16341445919e-18
v 0.097497628114 -0.481266958455 0.000331545218674
v 0.101061664469 -0.499917908992 0.000331545218674
v 0.101109674488 -0.500169150113 0
v 0.101108559684 -0.500163316236 -0.000340270092849
v 0.0974540759518 -0.481039045734 -0.000680125619005
v 0.0974507328988 -0.481021551211 -0.000340270092849
v 0.0974496180951 -0.481015717335 -1.19403062917e-18
v 0.0974507328988 -0.481021551211 0.000340270092849
v 0.101108559684 -0.500163316236 0.000340270092849
v 0.101156598288 -0.500414706944 0
v 0.1011554549 -0.50040872348 -0.000348994967025
v 0.0974072664559 -0.480794087068 -0.000697564737441
v 0.0974038376836 -0.480776143968 -0.000348994967025
v 0.0974026942952 -0.480770160504 -1.22464679915e-18
v 0.0974038376836 -0.480776143968 0.000348994967025
v 0.1011554549 -0.50040872348 0.000348994967025
v 0.103582558912 -0.499436265431 0
v 0.0998873649762 -0.480799056901 -1.16341445919e-18
v 0.0998884904823 -0.480804733543 0.000331545218674
v 0.0998918656295 -0.480821756553 0.000662686500569
v 0.0998974863057 -0.480850105191 0.000993020401043
v 0.0999053456629 -0.480889744918 0.00132214445912
v 0.0999154341256 -0.480940627439 0.00164965768784
v 0.103554489762 -0.499294694894 0.00164965768784
v 0.103564578225 -0.499345577415 0.00132214445912
v 0.103572437582 -0.499385217142 0.000993020401043
v 0.103578058258 -0.499413565779 0.000662686500569
v 0.103581433406 -0.499430588789 0.000331545218674
v 0.103631179885 -0.499681491859 0
v 0.0998387440033 -0.480553830473 -1.19403062917e-18
v 0.0998398991281 -0.480559656501 0.000340270092849
v 0.0998433630949 -0.480577127484 0.000680125619005
v 0.0998491316836 -0.480606222139 0.00101915251686
v 0.099857197866 -0.480646905016 0.00135693773436
v 0.0998675518146 -0.480699126551 0.00169306973225
v 0.103602372073 -0.499536195781 0.00169306973225
v 0.103612726022 -0.499588417316 0.00135693773436
v 0.103620792204 -0.499629100194 0.00101915251686
v 0.103626560793 -0.499658194848 0.000680125619005
v 0.10363002476 -0.499675665832 0.000340270092849
v 0.103679800857 -0.499926718287 0
v 0.0997901230305 -0.480308604045 -1.22464679915e-18
v 0.0997913077738 -0.480314579458 0.000348994967025
v 0.0997948605603 -0.480332498416 0.000697564737441
v 0.0998007770616 -0.480362339087 0.00104528463268
v 0.0998090500691 -0.480404065115 0.0013917310096
v 0.103650254384 -0.499777696669 0.00173648177667
v 0.103660873819 -0.499831257218 0.0013917310096
v 0.103669146826 -0.499872983246 0.00104528463268
v 0.103675063328 -0.499902823917 0.000697564737441
v 0.103678616114 -0.499920742875 0.000348994967025
v 0.106095230543 -0.498925822255 0
v 0.106094067296 -0.498920153226 -0.000331545218674
v 0.102277290329 -0.480319278928 -0.000331545218674
v 0.102276127082 -0.4803136099 -1.16341445919e-18
v 0.102277290329 -0.480319278928 0.000331545218674
v 0.102280778654 -0.480336279107 0.000662686500569
v 0.102286587806 -0.480364589723 0.000993020401043
v 0.106084769819 -0.498874842432 0.000993020401043
v 0.106090578971 -0.498903153048 0.000662686500569
v 0.106094067296 -0.498920153226 0.000331545218674
v 0.106145481904 -0.499170719786 0
v 0.106144288045 -0.499164901572 -0.000340270092849
v 0.10222706958 -0.480074530582 -0.000340270092849
v 0.102225875721 -0.480068712369 -1.19403062917e-18
v 0.10222706958 -0.480074530582 0.000340270092849
v 0.102230649703 -0.480091978134 0.000680125619005
v 0.102236611727 -0.480121033766 0.00101915251686
v 0.106134745898 -0.499118398388 0.00101915251686
v 0.106140707922 -0.499147454021 0.000680125619005
v 0.106144288045 -0.499164901572 0.000340270092849
v 0.106195733265 -0.499415617317 0
v 0.106194508795 -0.499409649919 -0.000348994967025
v 0.10217684883 -0.479829782236 -0.000348994967025
v 0.102175624359 -0.479823814838 -1.22464679915e-18
v 0.10217684883 -0.479829782236 0.000348994967025
v 0.102180520751 -0.479847677161 0.000697564737441
v 0.102186635648 -0.47987747781 0.00104528463268
v 0.106184721977 -0.499361954345 0.00104528463268
v 0.106190836874 -0.499391754994 0.000697564737441
v 0.106194508795 -0.499409649919 0.000348994967025
v 0.108579037769 -0.498411166746 0
v 0.108577853186 -0.498405502138 -0.000331545218674
v 0.10857430088 -0.498388515213 -0.000662686500569
v 0.10856838518 -0.498360226669 -0.000993020401043
v 0.104700539226 -0.479864405259 -0.000993020401043
v 0.104694623526 -0.479836116715 -0.000662686500569
v 0.104691071221 -0.47981912979 -0.000331545218674
v 0.104689886638 -0.479813465182 -1.16341445919e-18
v 0.104691071221 -0.47981912979 0.000331545218674
v 0.108577853186 -0.498405502138 0.000331545218674
v 0.10863021081 -0.498655873346 0
v 0.108628995054 -0.498650059668 -0.000340270092849
v 0.108625349267 -0.49863262572 -0.000680125619005
v 0.10861927789 -0.49860359274 -0.00101915251686
v 0.104649646517 -0.479621039188 -0.00101915251686
v 0.10464357514 -0.479592006208 -0.000680125619005
v 0.104639929353 -0.479574572259 -0.000340270092849
v 0.104638713597 -0.479568758582 -1.19403062917e-18
v 0.104639929353 -0.479574572259 0.000340270092849
v 0.108628995054 -0.498650059668 0.000340270092849
v 0.108681383851 -0.498900579945 0
v 0.108680136922 -0.498894617199 -0.000348994967025
v 0.108676397653 -0.498876736226 -0.000697564737441
v 0.1086701706 -0.498846958811 -0.00104528463268
v 0.104598753807 -0.479377673117 -0.00104528463268
v 0.104592526754 -0.479347895702 -0.000697564737441
v 0.104588787485 -0.479330014729 -0.000348994967025
v 0.104587540556 -0.479324051983 -1.22464679915e-18
v 0.104588787485 -0.479330014729 0.000348994967025
v 0.108680136922 -0.498894617199 0.000348994967025
v 0.111059947753 -0.497887604472 0
v 0.111058742452 -0.497881944235 -0.000331545218674
v 0.111055128016 -0.497864970422 -0.000662686500569
v 0.107107594687 -0.479326891584 -0.000662686500569
v 0.107103980251 -0.47930991777 -0.000331545218674
v 0.10710277495 -0.479304257534 -1.16341445919e-18
v 0.107103980251 -0.47930991777 0.000331545218674
v 0.107107594687 -0.479326891584 0.000662686500569
v 0.107113613853 -0.479355158293 0.000993020401043
v 0.11104910885 -0.497836703712 0.000993020401043
v 0.111055128016 -0.497864970422 0.000662686500569
v 0.111058742452 -0.497881944235 0.000331545218674
v 0.111112015816 -0.498132122194 0
v 0.111110778796 -0.498126313004 -0.000340270092849
v 0.111107069244 -0.498108892512 -0.000680125619005
v 0.107055653459 -0.479082969494 -0.000680125619005
v 0.107051943906 -0.479065549001 -0.000340270092849
v 0.107050706886 -0.479059739811 -1.19403062917e-18
v 0.107051943906 -0.479065549001 0.000340270092849
v 0.107055653459 -0.479082969494 0.000680125619005
v 0.107061831024 -0.479111980064 0.00101915251686
v 0.111100891679 -0.498079881941 0.00101915251686
v 0.111107069244 -0.498108892512 0.000680125619005
v 0.111110778796 -0.498126313004 0.000340270092849
v 0.111164083879 -0.498376639917 0
v 0.111162815141 -0.498370681774 -0.000348994967025
v 0.111159010472 -0.498352814602 -0.000697564737441
v 0.107003712231 -0.478839047404 -0.000697564737441
v 0.106999907561 -0.478821180232 -0.000348994967025
v 0.106998638823 -0.478815222088 -1.22464679915e-18
v 0.106999907561 -0.478821180232 0.000348994967025
v 0.107003712231 -0.478839047404 0.000697564737441
v 0.107010048195 -0.478868801835 0.00104528463268
v 0.111152674507 -0.498323060171 0.00104528463268
v 0.111159010472 -0.498352814602 0.000697564737441
v 0.111162815141 -0.498370681774 0.000348994967025
v 0.113523962506 -0.49735822986 7.62579501575e-19
v 0.113522745623 -0.497352572103 -0.000331545218674
v 0.113519096456 -0.497335605722 -0.000662686500569
v 0.113513019452 -0.49730735139 -0.000993020401043
v 0.113504522013 -0.497267843531 -0.00132214445912
v 0.109548205814 -0.478873406919 -0.00132214445912
v 0.109539708376 -0.478833899059 -0.000993020401043
v 0.109533631372 -0.478805644727 -0.000662686500569
v 0.109529982205 -0.478788678347 -0.000331545218674
v 0.109528765322 -0.478783020589 -4.00834957615e-19
v 0.109529982205 -0.478788678347 0.000331545218674
v 0.109533631372 -0.478805644727 0.000662686500569
v 0.109539708376 -0.478833899059 0.000993020401043
v 0.109548205814 -0.478873406919 0.00132214445912
v 0.113504522013 -0.497267843531 0.00132214445912
v 0.113513019452 -0.49730735139 0.000993020401043
v 0.113519096456 -0.497335605722 0.000662686500569
v 0.113522745623 -0.497352572103 0.000331545218674
v 0.11357653089 -0.497602640509 7.62579501575e-19
v 0.113575281983 -0.497596833863 -0.000340270092849
v 0.113571536786 -0.497579420999 -0.000680125619005
v 0.11356529986 -0.497550423132 -0.00101915251686
v 0.113556578806 -0.497509875591 -0.00135693773436
v 0.109496149022 -0.478631374859 -0.00135693773436
v 0.109487427967 -0.478590827318 -0.00101915251686
v 0.109481191041 -0.478561829451 -0.000680125619005
v 0.109477445844 -0.478544416587 -0.000340270092849
v 0.109476196938 -0.478538609941 -4.31451127594e-19
v 0.109477445844 -0.478544416587 0.000340270092849
v 0.109481191041 -0.478561829451 0.000680125619005
v 0.109487427967 -0.478590827318 0.00101915251686
v 0.11356529986 -0.497550423132 0.00101915251686
v 0.113571536786 -0.497579420999 0.000680125619005
v 0.113575281983 -0.497596833863 0.000340270092849
v 0.113629099274 -0.497847051157 7.62579501575e-19
v 0.113627818344 -0.497841095622 -0.000348994967025
v 0.113623977116 -0.497823236275 -0.000697564737441
v 0.113617580269 -0.497793494873 -0.00104528463268
v 0.113608635598 -0.497751907652 -0.0013917310096
v 0.10944409223 -0.478389342798 -0.0013917310096
v 0.109435147558 -0.478347755577 -0.00104528463268
v 0.109428750711 -0.478318014175 -0.000697564737441
v 0.109424909483 -0.478300154827 -0.000348994967025
v 0.109423628554 -0.478294199293 -4.62067297573e-19
v 0.109424909483 -0.478300154827 0.000348994967025
v 0.109428750711 -0.478318014175 0.000697564737441
v 0.109435147558 -0.478347755577 0.00104528463268
v 0.113617580269 -0.497793494873 0.00104528463268
v 0.113623977116 -0.497823236275 0.000697564737441
v 0.113627818344 -0.497841095622 0.000348994967025
v 0.115990031499 -0.496827225918 0
v 0.115988801642 -0.496821570966 -0.000331545218674
v 0.115985113567 -0.496804613001 -0.000662686500569
v 0.111957154438 -0.478283842724 -0.000662686500569
v 0.111953466363 -0.478266884758 -0.000331545218674
v 0.111952236506 -0.478261229807 -1.16341445919e-18
v 0.111953466363 -0.478266884758 0.000331545218674
v 0.111957154438 -0.478283842724 0.000662686500569
v 0.111963296237 -0.478312083042 0.000993020401043
v 0.115978971768 -0.496776372683 0.000993020401043
v 0.115985113567 -0.496804613001 0.000662686500569
v 0.115988801642 -0.496821570966 0.000331545218674
v 0.116043160381 -0.49707151534 0
v 0.116041898158 -0.497065711574 -0.000340270092849
v 0.116038113029 -0.497048307347 -0.000680125619005
v 0.111904154976 -0.478040148378 -0.000680125619005
v 0.111900369847 -0.47802274415 -0.000340270092849
v 0.111899107624 -0.478016940384 -1.19403062917e-18
v 0.111900369847 -0.47802274415 0.000340270092849
v 0.111904154976 -0.478040148378 0.000680125619005
v 0.111910458401 -0.478069131862 0.00101915251686
v 0.116031809604 -0.497019323863 0.00101915251686
v 0.116038113029 -0.497048307347 0.000680125619005
v 0.116041898158 -0.497065711574 0.000340270092849
v 0.116096289262 -0.497315804763 0
v 0.116094994675 -0.497309852182 -0.000348994967025
v 0.116091112491 -0.497292001693 -0.000697564737441
v 0.111851155514 -0.477796454032 -0.000697564737441
v 0.11184727333 -0.477778603542 -0.000348994967025
v 0.111845978743 -0.477772650962 -1.22464679915e-18
v 0.11184727333 -0.477778603542 0.000348994967025
v 0.111851155514 -0.477796454032 0.000697564737441
v 0.111857620566 -0.477826180683 0.00104528463268
v 0.11608464744 -0.497262275042 0.00104528463268
v 0.116091112491 -0.497292001693 0.000697564737441
v 0.116094994675 -0.497309852182 0.000348994967025
v 0.118472186472 -0.496282010596 0
v 0.118470932493 -0.496276360945 -0.000331545218674
v 0.118467172084 -0.496259418873 -0.000662686500569
v 0.118460909827 -0.496231205022 -0.000993020401043
v 0.114366475135 -0.477784220268 -0.000993020401043
v 0.114360212878 -0.477756006418 -0.000662686500569
v 0.114356452469 -0.477739064346 -0.000331545218674
v 0.11435519849 -0.477733414694 -1.16341445919e-18
v 0.114356452469 -0.477739064346 0.000331545218674
v 0.118470932493 -0.496276360945 0.000331545218674
v 0.118526357367 -0.496526071069 0
v 0.118525070388 -0.496520272742 -0.000340270092849
v 0.118521211021 -0.496502884826 -0.000680125619005
v 0.118514783967 -0.496473928505 -0.00101915251686
v 0.114312600995 -0.477541496785 -0.00101915251686
v 0.114306173941 -0.477512540464 -0.000680125619005
v 0.114302314574 -0.477495152548 -0.000340270092849
v 0.114301027595 -0.477489354221 -1.19403062917e-18
v 0.114302314574 -0.477495152548 0.000340270092849
v 0.118525070388 -0.496520272742 0.000340270092849
v 0.118580528261 -0.496770131541 0
v 0.118579208283 -0.496764184539 -0.000348994967025
v 0.118575249958 -0.496746350779 -0.000697564737441
v 0.118568658108 -0.496716651989 -0.00104528463268
v 0.114258726854 -0.477298773301 -0.00104528463268
v 0.114252135004 -0.477269074511 -0.000697564737441
v 0.114248176679 -0.477251240751 -0.000348994967025
v 0.114246856701 -0.477245293749 -1.22464679915e-18
v 0.114248176679 -0.477251240751 0.000348994967025
v 0.118579208283 -0.496764184539 0.000348994967025
v 0.120959962092 -0.49572407611 0
v 0.120958679123 -0.495718432971 -0.000331545218674
v 0.11674907819 -0.477202505475 -0.000331545218674
v 0.116747795221 -0.477196862335 -1.16341445919e-18
v 0.11674907819 -0.477202505475 0.000331545218674
v 0.116752925534 -0.477219428016 0.000662686500569
v 0.116759332566 -0.477247609343 0.000993020401043
v 0.120948424746 -0.495673329102 0.000993020401043
v 0.120954831778 -0.495701510429 0.000662686500569
v 0.120958679123 -0.495718432971 0.000331545218674
v 0.12101538534 -0.495967855239 0
v 0.121014068608 -0.495962063596 -0.000340270092849
v 0.116693688704 -0.47695887485 -0.000340270092849
v 0.116692371972 -0.476953083207 -1.19403062917e-18
v 0.116693688704 -0.47695887485 0.000340270092849
v 0.116697637294 -0.476976242721 0.000680125619005
v 0.116704212932 -0.477005165662 0.00101915251686
v 0.12100354438 -0.495915772783 0.00101915251686
v 0.121010120018 -0.495944695724 0.000680125619005
v 0.121014068608 -0.495962063596 0.000340270092849
v 0.121070808588 -0.496211634367 0
v 0.121069458094 -0.496205694221 -0.000348994967025
v 0.116638299218 -0.476715244225 -0.000348994967025
v 0.116636948724 -0.476709304078 -1.22464679915e-18
v 0.116638299218 -0.476715244225 0.000348994967025
v 0.116642349054 -0.476733057426 0.000697564737441
v 0.121065408258 -0.496187881019 0.000697564737441
v 0.121069458094 -0.496205694221 0.000348994967025
v 0.123464908706 -0.495146779135 0
v 0.119116677354 -0.476651025998 -1.16341445919e-18
v 0.119118001767 -0.476656659555 0.000331545218674
v 0.119121973391 -0.476673553361 0.000662686500569
v 0.123459612669 -0.495124251773 0.000662686500569
v 0.123463584293 -0.495141145579 0.000331545218674
v 0.123522122276 -0.495390144308 0
v 0.119059463784 -0.476407660825 -1.19403062917e-18
v 0.119060823049 -0.476413442633 0.000340270092849
v 0.11906489919 -0.476430781013 0.000680125619005
v 0.12351668687 -0.49536702412 0.000680125619005
v 0.123520763011 -0.4953843625 0.000340270092849
v 0.123579335847 -0.495633509481 0
v 0.119002250214 -0.476164295652 -1.22464679915e-18
v 0.119003644332 -0.476170225712 0.000348994967025
v 0.119007824989 -0.476188008665 0.000697564737441
v 0.123573761071 -0.495609796468 0.000697564737441
v 0.123577941728 -0.495627579422 0.000348994967025
v 0.125959758686 -0.494548693408 0
v 0.121485577091 -0.476083003629 -1.16341445919e-18
v 0.121486939866 -0.476088628028 0.000331545218674
v 0.125958395911 -0.494543069009 0.000331545218674
v 0.126018629497 -0.494791663011 0
v 0.12142670628 -0.475840034026 -1.19403062917e-18
v 0.121428104918 -0.475845806436 0.000340270092849
v 0.126017230859 -0.494785890601 0.000340270092849
v 0.126077500307 -0.495034632613 0
v 0.12136783547 -0.475597064424 -1.22464679915e-18
v 0.12136926997 -0.475602984844 0.000348994967025
v 0.126076065807 -0.495028712193 0.000348994967025
v 0.128434638092 -0.493942734929 0
v 0.128433247395 -0.493937117368 -0.000331545218674
v 0.128429077 -0.493920271529 -0.000662686500569
v 0.1238743479 -0.47552196103 -0.000662686500569
v 0.123870177504 -0.475505115191 -0.000331545218674
v 0.123868786808 -0.47549949763 -1.16341445919e-18
v 0.123870177504 -0.475505115191 0.000331545218674
v 0.1238743479 -0.47552196103 0.000662686500569
v 0.128429077 -0.493920271529 0.000662686500569
v 0.128433247395 -0.493937117368 0.000331545218674
v 0.128494715082 -0.494185409104 0
v 0.128493287789 -0.494179643712 -0.000340270092849
v 0.128489007646 -0.494162354562 -0.000680125619005
v 0.123814417254 -0.475279877997 -0.000680125619005
v 0.123810137111 -0.475262588847 -0.000340270092849
v 0.123808709817 -0.475256823455 -1.19403062917e-18
v 0.123810137111 -0.475262588847 0.000340270092849
v 0.123814417254 -0.475279877997 0.000680125619005
v 0.128489007646 -0.494162354562 0.000680125619005
v 0.128493287789 -0.494179643712 0.000340270092849
v 0.128554792073 -0.494428083279 0
v 0.128553328182 -0.494422170057 -0.000348994967025
v 0.128548938292 -0.494404437595 -0.000697564737441
v 0.123754486608 -0.475037794964 -0.000697564737441
v 0.123750096718 -0.475020062502 -0.000348994967025
v 0.123748632827 -0.47501414928 -1.22464679915e-18
v 0.123750096718 -0.475020062502 0.000348994967025
v 0.123754486608 -0.475037794964 0.000697564737441
v 0.128548938292 -0.494404437595 0.000697564737441
v 0.128553328182 -0.494422170057 0.000348994967025
v 0.130905016757 -0.493324440749 0
v 0.130903599003 -0.493318829956 -0.000331545218674
v 0.130899347468 -0.493302004412 -0.000662686500569
v 0.126256001424 -0.474925858898 -0.000662686500569
v 0.126251749889 -0.474909033354 -0.000331545218674
v 0.126250332135 -0.474903422561 -1.16341445919e-18
v 0.126251749889 -0.474909033354 0.000331545218674
v 0.130903599003 -0.493318829956 0.000331545218674
v 0.130966262607 -0.493566822567 0
v 0.130964807544 -0.493561064121 -0.000340270092849
v 0.130960444127 -0.4935437958 -0.000680125619005
v 0.126194904766 -0.47468406751 -0.000680125619005
v 0.126190541349 -0.474666799189 -0.000340270092849
v 0.126189086285 -0.474661040743 -1.19403062917e-18
v 0.126190541349 -0.474666799189 0.000340270092849
v 0.130964807544 -0.493561064121 0.000340270092849
v 0.131027508458 -0.493809204385 0
v 0.131026016085 -0.493803298287 -0.000348994967025
v 0.131021540785 -0.493785587188 -0.000697564737441
v 0.126133808107 -0.474442276122 -0.000697564737441
v 0.126129332808 -0.474424565023 -0.000348994967025
v 0.126127840435 -0.474418658925 -1.22464679915e-18
v 0.126129332808 -0.474424565023 0.000348994967025
v 0.131026016085 -0.493803298287 0.000348994967025
v 0.133378681692 -0.492693423852 0
v 0.133377233187 -0.492687820918 -0.000331545218674
v 0.133372889438 -0.492671018944 -0.000662686500569
v 0.128628830966 -0.474320615798 -0.000662686500569
v 0.128624487217 -0.474303813825 -0.000331545218674
v 0.128623038713 -0.474298210891 -1.16341445919e-18
v 0.128624487217 -0.474303813825 0.000331545218674
v 0.133377233187 -0.492687820918 0.000331545218674
v 0.133441255942 -0.492935466127 0
v 0.133439769319 -0.492929715748 -0.000340270092849
v 0.13343531126 -0.492912471617 -0.000680125619005
v 0.128566409144 -0.474079163125 -0.000680125619005
v 0.128561951086 -0.474061918994 -0.000340270092849
v 0.128560464463 -0.474056168615 -1.19403062917e-18
v 0.128561951086 -0.474061918994 0.000340270092849
v 0.133439769319 -0.492929715748 0.000340270092849
v 0.133503830191 -0.493177508403 0
v 0.13350230545 -0.493171610579 -0.000348994967025
v 0.133497733082 -0.49315392429 -0.000697564737441
v 0.128503987322 -0.473837710452 -0.000697564737441
v 0.128499414955 -0.473820024164 -0.000348994967025
v 0.128497890213 -0.47381412634 -1.22464679915e-18
v 0.128499414955 -0.473820024164 0.000348994967025
v 0.13350230545 -0.493171610579 0.000348994967025
v 0.135860440124 -0.492043254188 0
v 0.135858953477 -0.492037661255 -0.000331545218674
v 0.130981056783 -0.473686464157 -0.000331545218674
v 0.130979570136 -0.473680871223 -1.16341445919e-18
v 0.135924662097 -0.492284864491 0
v 0.135923136328 -0.492279124374 -0.000340270092849
v 0.130916873932 -0.473445001037 -0.000340270092849
v 0.130915348162 -0.473439260921 -1.19403062917e-18
v 0.135988884071 -0.492526474793 0
v 0.135987319179 -0.492520587494 -0.000348994967025
v 0.13085269108 -0.473203537918 -0.000348994967025
v 0.130851126189 -0.473197650619 -1.22464679915e-18
v 0.138336367705 -0.491375638918 0
v 0.138334843668 -0.491370056057 -0.000331545218674
v 0.133334266028 -0.47305190838 -0.000331545218674
v 0.133332741991 -0.473046325518 -1.16341445919e-18
v 0.133334266028 -0.47305190838 0.000331545218674
v 0.133338836281 -0.473068650162 0.000662686500569
v 0.133346447184 -0.473096530467 0.000993020401043
v 0.138322662512 -0.49132543397 0.000993020401043
v 0.138330273414 -0.491353314275 0.000662686500569
v 0.138334843668 -0.491370056057 0.000331545218674
v 0.138402204885 -0.491616814095 0
v 0.138400640742 -0.491611084316 -0.000340270092849
v 0.133268468954 -0.472810880121 -0.000340270092849
v 0.133266904811 -0.472805150342 -1.19403062917e-18
v 0.133268468954 -0.472810880121 0.000340270092849
v 0.133273159477 -0.472828062476 0.000680125619005
v 0.133280970666 -0.472856676473 0.00101915251686
v 0.13838813903 -0.491565287964 0.00101915251686
v 0.138395950219 -0.491593901961 0.000680125619005
v 0.138400640742 -0.491611084316 0.000340270092849
v 0.138468042066 -0.491857989271 0
v 0.138466437816 -0.491852112575 -0.000348994967025
v 0.13320106763 -0.472563975166 -1.22464679915e-18
v 0.133202671879 -0.472569851862 0.000348994967025
v 0.133207482673 -0.47258747479 0.000697564737441
v 0.133215494149 -0.47261682248 0.00104528463268
v 0.138453615547 -0.491805141957 0.00104528463268
v 0.138461627023 -0.491834489647 0.000697564737441
v 0.138466437816 -0.491852112575 0.000348994967025
v 0.140792780264 -0.490696896243 0
v 0.140791228227 -0.490691321102 -0.000331545218674
v 0.140786574004 -0.490674602468 -0.000662686500569
v 0.135703429783 -0.472415220463 -0.000662686500569
v 0.135698775561 -0.47239850183 -0.000331545218674
v 0.135697223523 -0.472392926688 -1.16341445919e-18
v 0.135698775561 -0.47239850183 0.000331545218674
v 0.140791228227 -0.490691321102 0.000331545218674
v 0.140859827064 -0.490937737948 0
v 0.140858234183 -0.490932016092 -0.000340270092849
v 0.140853457481 -0.490914857495 -0.000680125619005
v 0.135636546306 -0.472174965436 -0.000680125619005
v 0.135631769604 -0.472157806839 -0.000340270092849
v 0.135630176724 -0.472152084983 -1.19403062917e-18
v 0.135631769604 -0.472157806839 0.000340270092849
v 0.140858234183 -0.490932016092 0.000340270092849
v 0.140926873863 -0.491178579653 0
v 0.140925240139 -0.491172711082 -0.000348994967025
v 0.140920340957 -0.491155112521 -0.000697564737441
v 0.13556966283 -0.47193471041 -0.000697564737441
v 0.135564763648 -0.471917111849 -0.000348994967025
v 0.135563129924 -0.471911243278 -1.22464679915e-18
v 0.135564763648 -0.471917111849 0.000348994967025
v 0.140925240139 -0.491172711082 0.000348994967025
v 0.143243125765 -0.49000968727 0
v 0.143241547852 -0.490004119397 -0.000331545218674
v 0.143236816033 -0.48998742256 -0.000662686500569
v 0.143228936074 -0.489959617101 -0.000993020401043
v 0.143217917576 -0.489920736899 -0.00132214445912
v 0.138076804233 -0.471779650671 -0.000993020401043
v 0.138068924274 -0.471751845213 -0.000662686500569
v 0.138064192455 -0.471735148376 -0.000331545218674
v 0.138062614542 -0.471729580502 -1.16341445919e-18
v 0.143311290387 -0.490250214991 0
v 0.143309670949 -0.490244500594 -0.000340270092849
v 0.143304814609 -0.490227364367 -0.000680125619005
v 0.143296727283 -0.490198827186 -0.00101915251686
v 0.138009013025 -0.471540440586 -0.00101915251686
v 0.138000925698 -0.471511903405 -0.000680125619005
v 0.137996069358 -0.471494767178 -0.000340270092849
v 0.13799444992 -0.471489052781 -1.19403062917e-18
v 0.143379455008 -0.490490742712 0
v 0.143377794046 -0.490484881792 -0.000348994967025
v 0.143372813185 -0.490467306174 -0.000697564737441
v 0.143364518491 -0.490438037271 -0.00104528463268
v 0.137941221816 -0.471301230501 -0.00104528463268
v 0.137932927123 -0.471271961598 -0.000697564737441
v 0.137927946261 -0.47125438598 -0.000348994967025
v 0.137926285299 -0.471248525061 -1.22464679915e-18
v 0.145713035398 -0.489302365648 0
v 0.14571141744 -0.489296809279 -0.000331545218674
v 0.145706565536 -0.489280146941 -0.000662686500569
v 0.140407521546 -0.471082248183 -0.000662686500569
v 0.140402669642 -0.471065585845 -0.000331545218674
v 0.140401051683 -0.471060029476 -1.16341445919e-18
v 0.140402669642 -0.471065585845 0.000331545218674
v 0.140407521546 -0.471082248183 0.000662686500569
v 0.145706565536 -0.489280146941 0.000662686500569
v 0.14571141744 -0.489296809279 0.000331545218674
v 0.145782929921 -0.489542396387 0
v 0.145781269385 -0.489536693798 -0.000340270092849
v 0.145776289799 -0.489519592977 -0.000680125619005
v 0.140337797283 -0.470842802147 -0.000680125619005
v 0.140332817697 -0.470825701326 -0.000340270092849
v 0.140331157161 -0.470819998737 -1.19403062917e-18
v 0.140332817697 -0.470825701326 0.000340270092849
v 0.140337797283 -0.470842802147 0.000680125619005
v 0.145776289799 -0.489519592977 0.000680125619005
v 0.145781269385 -0.489536693798 0.000340270092849
v 0.145852824444 -0.489782427126 0
v 0.145851121329 -0.489776578316 -0.000348994967025
v 0.145846014062 -0.489759039013 -0.000697564737441
v 0.14026807302 -0.47060335611 -0.000697564737441
v 0.140262965752 -0.470585816807 -0.000348994967025
v 0.140261262638 -0.470579967998 -1.22464679915e-18
v 0.140262965752 -0.470585816807 0.000348994967025
v 0.14026807302 -0.47060335611 0.000697564737441
v 0.145846014062 -0.489759039013 0.000697564737441
v 0.145851121329 -0.489776578316 0.000348994967025
v 0.148173890672 -0.488573918848 0
v 0.148172234375 -0.488568373786 -0.000331545218674
v 0.142742661803 -0.470390879755 -0.000662686500569
v 0.142737694932 -0.470374251325 -0.000331545218674
v 0.142736038636 -0.470368706264 -1.16341445919e-18
v 0.142737694932 -0.470374251325 0.000331545218674
v 0.142742661803 -0.470390879755 0.000662686500569
v 0.142750933197 -0.470418571293 0.000993020401043
v 0.14815899611 -0.488524053818 0.000993020401043
v 0.148167267504 -0.488551745357 0.000662686500569
v 0.148172234375 -0.488568373786 0.000331545218674
v 0.148245441356 -0.488813461119 0
v 0.148243741473 -0.488807770134 -0.000340270092849
v 0.142666187835 -0.470134854977 -0.000340270092849
v 0.142664487952 -0.470129163993 -1.19403062917e-18
v 0.142666187835 -0.470134854977 0.000340270092849
v 0.142671285413 -0.470151920997 0.000680125619005
v 0.142679774475 -0.47018034126 0.00101915251686
v 0.148230154833 -0.488762283852 0.00101915251686
v 0.148238643895 -0.488790704114 0.000680125619005
v 0.148243741473 -0.488807770134 0.000340270092849
v 0.148316992041 -0.48905300339 0
v 0.148315248571 -0.489047166483 -0.000348994967025
v 0.142594680737 -0.469895458629 -0.000348994967025
v 0.142592937267 -0.469889621722 -1.22464679915e-18
v 0.142594680737 -0.469895458629 0.000348994967025
v 0.142599909022 -0.469912962239 0.000697564737441
v 0.142608615752 -0.469942111227 0.00104528463268
v 0.148301313555 -0.489000513885 0.00104528463268
v 0.148310020286 -0.489029662872 0.000697564737441
v 0.148315248571 -0.489047166483 0.000348994967025
v 0.150612805309 -0.487838934353 0
v 0.15061112191 -0.487833397459 -0.000331545218674
v 0.150606073763 -0.487816793523 -0.000662686500569
v 0.150597667018 -0.487789142775 -0.000993020401043
v 0.145101108198 -0.469710329676 -0.000993020401043
v 0.145092701453 -0.469682678927 -0.000662686500569
v 0.145087653306 -0.469666074991 -0.000331545218674
v 0.145085969906 -0.469660538097 -1.16341445919e-18
v 0.145087653306 -0.469666074991 0.000331545218674
v 0.145092701453 -0.469682678927 0.000662686500569
v 0.150606073763 -0.487816793523 0.000662686500569
v 0.15061112191 -0.487833397459 0.000331545218674
v 0.150685526828 -0.488078123777 0
v 0.150683799128 -0.488072441176 -0.000340270092849
v 0.150678618135 -0.488055400294 -0.000680125619005
v 0.15066999016 -0.488027021894 -0.00101915251686
v 0.145028785055 -0.469472450556 -0.00101915251686
v 0.14502015708 -0.469444072156 -0.000680125619005
v 0.145014976087 -0.469427031275 -0.000340270092849
v 0.145013248388 -0.469421348673 -1.19403062917e-18
v 0.145014976087 -0.469427031275 0.000340270092849
v 0.14502015708 -0.469444072156 0.000680125619005
v 0.150678618135 -0.488055400294 0.000680125619005
v 0.150683799128 -0.488072441176 0.000340270092849
v 0.150758248346 -0.488317313202 0
v 0.150756476347 -0.488311484893 -0.000348994967025
v 0.150751162508 -0.488294007065 -0.000697564737441
v 0.150742313303 -0.488264901014 -0.00104528463268
v 0.144956461913 -0.469234571436 -0.00104528463268
v 0.144947612708 -0.469205465385 -0.000697564737441
v 0.144942298869 -0.469187987558 -0.000348994967025
v 0.144940526869 -0.469182159249 -1.22464679915e-18
v 0.144942298869 -0.469187987558 0.000348994967025
v 0.144947612708 -0.469205465385 0.000697564737441
v 0.150751162508 -0.488294007065 0.000697564737441
v 0.150756476347 -0.488311484893 0.000348994967025
v 0.153039471157 -0.487094662626 0
v 0.153037765944 -0.487089132412 -0.000331545218674
v 0.15303265238 -0.487072548506 -0.000662686500569
v 0.14744783493 -0.468960309537 -0.000662686500569
v 0.147442721366 -0.468943725631 -0.000331545218674
v 0.147441016152 -0.468938195416 -1.16341445919e-18
v 0.147442721366 -0.468943725631 0.000331545218674
v 0.14744783493 -0.468960309537 0.000662686500569
v 0.147456350614 -0.46898792693 0.000993020401043
v 0.153024136696 -0.487044931113 0.000993020401043
v 0.15303265238 -0.487072548506 0.000662686500569
v 0.153037765944 -0.487089132412 0.000331545218674
v 0.153113135039 -0.487333563511 0
v 0.153111384951 -0.487327887764 -0.000340270092849
v 0.15310613682 -0.487310867439 -0.000680125619005
v 0.14737435049 -0.468721990603 -0.000680125619005
v 0.147369102359 -0.468704970278 -0.000340270092849
v 0.147367352271 -0.468699294532 -1.19403062917e-18
v 0.147369102359 -0.468704970278 0.000340270092849
v 0.14737435049 -0.468721990603 0.000680125619005
v 0.15310613682 -0.487310867439 0.000680125619005
v 0.153111384951 -0.487327887764 0.000340270092849
v 0.153186798921 -0.487572464395 0
v 0.153185003959 -0.487566643117 -0.000348994967025
v 0.15317962126 -0.487549186373 -0.000697564737441
v 0.14730086605 -0.468483671669 -0.000697564737441
v 0.147295483351 -0.468466214926 -0.000348994967025
v 0.147293688389 -0.468460393648 -1.22464679915e-18
v 0.147295483351 -0.468466214926 0.000348994967025
v 0.14730086605 -0.468483671669 0.000697564737441
v 0.15317962126 -0.487549186373 0.000697564737441
v 0.153185003959 -0.487566643117 0.000348994967025
v 0.155450962051 -0.48634715896 0
v 0.155449242935 -0.486341633051 -0.000331545218674
v 0.155444087683 -0.486325062057 -0.000662686500569
v 0.149813739718 -0.46822692491 -0.000662686500569
v 0.149808584465 -0.468210353915 -0.000331545218674
v 0.14980686535 -0.468204828006 -1.16341445919e-18
v 0.149808584465 -0.468210353915 0.000331545218674
v 0.149813739718 -0.46822692491 0.000662686500569
v 0.155444087683 -0.486325062057 0.000662686500569
v 0.155449242935 -0.486341633051 0.000331545218674
v 0.155525226481 -0.486585873841 0
v 0.155523462126 -0.486580202513 -0.000340270092849
v 0.155518171209 -0.48656319544 -0.000680125619005
v 0.149739656192 -0.467988791526 -0.000680125619005
v 0.149734365275 -0.467971784453 -0.000340270092849
v 0.149732600919 -0.467966113125 -1.19403062917e-18
v 0.149734365275 -0.467971784453 0.000340270092849
v 0.149739656192 -0.467988791526 0.000680125619005
v 0.155518171209 -0.48656319544 0.000680125619005
v 0.155523462126 -0.486580202513 0.000340270092849
v 0.155599490911 -0.486824588722 0
v 0.155597681316 -0.486818771976 -0.000348994967025
v 0.155592254735 -0.486801328824 -0.000697564737441
v 0.149665572666 -0.467750658143 -0.000697564737441
v 0.149660146084 -0.467733214991 -0.000348994967025
v 0.149658336489 -0.467727398244 -1.22464679915e-18
v 0.149660146084 -0.467733214991 0.000348994967025
v 0.149665572666 -0.467750658143 0.000697564737441
v 0.155592254735 -0.486801328824 0.000697564737441
v 0.155597681316 -0.486818771976 0.000348994967025
v 0.157876768808 -0.485589715638 0
v 0.157875026143 -0.485584197111 -0.000331545218674
v 0.157869800269 -0.485567648252 -0.000662686500569
v 0.152162322284 -0.467493686831 -0.000662686500569
v 0.15215709641 -0.467477137972 -0.000331545218674
v 0.152155353744 -0.467471619445 -1.16341445919e-18
v 0.15215709641 -0.467477137972 0.000331545218674
v 0.152162322284 -0.467493686831 0.000662686500569
v 0.157869800269 -0.485567648252 0.000662686500569
v 0.157875026143 -0.485584197111 0.000331545218674
v 0.157952050586 -0.485828111641 0
v 0.15795026206 -0.485822447889 -0.000340270092849
v 0.157944898663 -0.485805463534 -0.000680125619005
v 0.15208722389 -0.467255871549 -0.000680125619005
v 0.152081860493 -0.467238887194 -0.000340270092849
v 0.152080071967 -0.467233223442 -1.19403062917e-18
v 0.152081860493 -0.467238887194 0.000340270092849
v 0.15208722389 -0.467255871549 0.000680125619005
v 0.157944898663 -0.485805463534 0.000680125619005
v 0.15795026206 -0.485822447889 0.000340270092849
v 0.158027332363 -0.486066507643 0
v 0.158025497978 -0.486060698667 -0.000348994967025
v 0.158019997058 -0.486043278816 -0.000697564737441
v 0.152012125495 -0.467018056267 -0.000697564737441
v 0.152006624575 -0.467000636416 -0.000348994967025
v 0.15200479019 -0.46699482744 -1.22464679915e-18
v 0.152006624575 -0.467000636416 0.000348994967025
v 0.152012125495 -0.467018056267 0.000697564737441
v 0.158019997058 -0.486043278816 0.000697564737441
v 0.158025497978 -0.486060698667 0.000348994967025
v 0.160308805201 -0.484813067027 0
v 0.160307032213 -0.484807558166 -0.000331545218674
v 0.154489608925 -0.466732218685 -0.000331545218674
v 0.154487835937 -0.466726709825 -1.16341445919e-18
v 0.154489608925 -0.466732218685 0.000331545218674
v 0.154494925731 -0.466748738554 0.000662686500569
v 0.160301715407 -0.484791038298 0.000662686500569
v 0.160307032213 -0.484807558166 0.000331545218674
v 0.160385396902 -0.485051045411 0
v 0.160383577256 -0.485045391581 -0.000340270092849
v 0.154413063882 -0.466494385271 -0.000340270092849
v 0.154411244236 -0.466488731441 -1.19403062917e-18
v 0.154413063882 -0.466494385271 0.000340270092849
v 0.154418520604 -0.466511339873 0.000680125619005
v 0.160378120534 -0.485028436979 0.000680125619005
v 0.160383577256 -0.485045391581 0.000340270092849
v 0.160461988603 -0.485289023795 0
v 0.160460122299 -0.485283224995 -0.000348994967025
v 0.154336518839 -0.466256551857 -0.000348994967025
v 0.154334652535 -0.466250753057 -1.22464679915e-18
v 0.154336518839 -0.466256551857 0.000348994967025
v 0.154342115476 -0.466273941192 0.000697564737441
v 0.160454525662 -0.48526583566 0.000697564737441
v 0.160460122299 -0.485283224995 0.000348994967025
v 0.162724020414 -0.484029731071 0
v 0.162722225244 -0.484024229399 -0.000331545218674
v 0.162716841921 -0.484007731087 -0.000662686500569
v 0.162707877004 -0.483980256234 -0.000993020401043
v 0.156846369846 -0.466016448849 -0.000993020401043
v 0.156837404929 -0.465988973997 -0.000662686500569
v 0.156832021606 -0.465972475684 -0.000331545218674
v 0.156830226436 -0.465966974013 -1.16341445919e-18
v 0.156832021606 -0.465972475684 0.000331545218674
v 0.162722225244 -0.484024229399 0.000331545218674
v 0.162801570335 -0.484267398927 0
v 0.162799727924 -0.484261752474 -0.000340270092849
v 0.162794202934 -0.484244819996 -0.000680125619005
v 0.162785002098 -0.484216622121 -0.00101915251686
v 0.156769244752 -0.465780082963 -0.00101915251686
v 0.156760043916 -0.465751885088 -0.000680125619005
v 0.156754518926 -0.465734952609 -0.000340270092849
v 0.156752676515 -0.465729306157 -1.19403062917e-18
v 0.156754518926 -0.465734952609 0.000340270092849
v 0.162799727924 -0.484261752474 0.000340270092849
v 0.162879120256 -0.484505066783 0
v 0.162877230603 -0.484499275549 -0.000348994967025
v 0.162871563947 -0.484481908905 -0.000697564737441
v 0.162862127193 -0.484452988007 -0.00104528463268
v 0.156692119657 -0.465543717076 -0.00104528463268
v 0.156682682903 -0.465514796179 -0.000697564737441
v 0.156677016247 -0.465497429534 -0.000348994967025
v 0.156675126594 -0.465491638301 -1.22464679915e-18
v 0.156677016247 -0.465497429534 0.000348994967025
v 0.162877230603 -0.484499275549 0.000348994967025
v 0.165137647289 -0.483237432743 0
v 0.159168712432 -0.465199366975 -1.16341445919e-18
v 0.159170530489 -0.465204861126 0.000331545218674
v 0.159175982445 -0.465221336885 0.000662686500569
v 0.165130377277 -0.483215462832 0.000662686500569
v 0.165135829232 -0.483231938592 0.000331545218674
v 0.165216185906 -0.483474775714 0
v 0.159090173815 -0.464962024004 -1.19403062917e-18
v 0.159092039716 -0.464967662738 0.000340270092849
v 0.159097635144 -0.46498457207 0.000680125619005
v 0.165208724577 -0.483452227647 0.000680125619005
v 0.165214320005 -0.48346913698 0.000340270092849
v 0.165294724522 -0.483712118684 0
v 0.159011635199 -0.464724681033 -1.22464679915e-18
v 0.159013548943 -0.46473046435 0.000348994967025
v 0.159019287844 -0.464747807255 0.000697564737441
v 0.165287071877 -0.483688992463 0.000697564737441
v 0.165292810778 -0.483706335367 0.000348994967025
v 0.167557329787 -0.482430300112 0
v 0.167555482862 -0.482424815598 -0.000331545218674
v 0.161495463745 -0.464429358411 -0.000331545218674
v 0.16149361682 -0.464423873897 -1.16341445919e-18
v 0.161495463745 -0.464429358411 0.000331545218674
v 0.16150100227 -0.464445805271 0.000662686500569
v 0.161510225647 -0.46447319444 0.000993020401043
v 0.16754072096 -0.482380979569 0.000993020401043
v 0.167549944337 -0.482408368737 0.000662686500569
v 0.167555482862 -0.482424815598 0.000331545218674
v 0.167637115484 -0.482667226773 0
v 0.167635219955 -0.482661597929 -0.000340270092849
v 0.161415726651 -0.464192576079 -0.000340270092849
v 0.161413831123 -0.464186947236 -1.19403062917e-18
v 0.161415726651 -0.464192576079 0.000340270092849
v 0.161421410927 -0.464209455752 0.000680125619005
v 0.167620069582 -0.48261660832 0.00101915251686
v 0.16762953568 -0.482644718257 0.000680125619005
v 0.167635219955 -0.482661597929 0.000340270092849
v 0.167716901181 -0.482904153434 0
v 0.167714957049 -0.482898380261 -0.000348994967025
v 0.161335989558 -0.463955793748 -0.000348994967025
v 0.161334045426 -0.463950020575 -1.22464679915e-18
v 0.161335989558 -0.463955793748 0.000348994967025
v 0.161341819584 -0.463973106233 0.000697564737441
v 0.167699418205 -0.482852237072 0.00104528463268
v 0.167709127023 -0.482881067776 0.000697564737441
v 0.167714957049 -0.482898380261 0.000348994967025
v 0.169971886812 -0.48160949221 0
v 0.169970011359 -0.481604017385 -0.000331545218674
v 0.169964387283 -0.481587599582 -0.000662686500569
v 0.163822010369 -0.463656771597 -0.000662686500569
v 0.163816386294 -0.463640353794 -0.000331545218674
v 0.16381451084 -0.463634878969 -1.16341445919e-18
v 0.163816386294 -0.463640353794 0.000331545218674
v 0.163822010369 -0.463656771597 0.000662686500569
v 0.169964387283 -0.481587599582 0.000662686500569
v 0.169970011359 -0.481604017385 0.000331545218674
v 0.170052904917 -0.481846000279 0
v 0.17005098011 -0.48184038138 -0.000340270092849
v 0.170045208032 -0.48182353153 -0.000680125619005
v 0.16374118962 -0.463420839649 -0.000680125619005
v 0.163735417543 -0.463403989799 -0.000340270092849
v 0.163733492735 -0.4633983709 -1.19403062917e-18
v 0.163735417543 -0.463403989799 0.000340270092849
v 0.16374118962 -0.463420839649 0.000680125619005
v 0.170045208032 -0.48182353153 0.000680125619005
v 0.17005098011 -0.48184038138 0.000340270092849
v 0.170133923022 -0.482082508348 0
v 0.17013194886 -0.482076745375 -0.000348994967025
v 0.170126028781 -0.482059463477 -0.000697564737441
v 0.163660368872 -0.463184907702 -0.000697564737441
v 0.163654448792 -0.463167625804 -0.000348994967025
v 0.16365247463 -0.463161862831 -1.22464679915e-18
v 0.163654448792 -0.463167625804 0.000348994967025
v 0.163660368872 -0.463184907702 0.000697564737441
v 0.170126028781 -0.482059463477 0.000697564737441
v 0.17013194886 -0.482076745375 0.000348994967025
v 0.172399892211 -0.480771314185 0
v 0.172397977723 -0.480765852888 -0.000331545218674
v 0.172392236591 -0.480749475652 -0.000662686500569
v 0.172382675811 -0.480722202428 -0.000993020401043
v 0.166131576838 -0.462890225433 -0.000993020401043
v 0.166122016057 -0.462862952209 -0.000662686500569
v 0.166116274925 -0.462846574972 -0.000331545218674
v 0.166114360437 -0.462841113675 -1.16341445919e-18
v 0.172482596576 -0.481007237876 0
v 0.172480631707 -0.481001632861 -0.000340270092849
v 0.172474739493 -0.480984824644 -0.000680125619005
v 0.172464927113 -0.480956833704 -0.00101915251686
v 0.166049325535 -0.462655594156 -0.00101915251686
v 0.166039513155 -0.462627603216 -0.000680125619005
v 0.166033620941 -0.462610795 -0.000340270092849
v 0.166031656072 -0.462605189984 -1.19403062917e-18
v 0.172565300942 -0.481243161567 0
v 0.172563285691 -0.481237412833 -0.000348994967025
v 0.172557242395 -0.481220173637 -0.000697564737441
v 0.172547178415 -0.48119146498 -0.00104528463268
v 0.165967074233 -0.46242096288 -0.00104528463268
v 0.165957010254 -0.462392254224 -0.000697564737441
v 0.165950966957 -0.462375015027 -0.000348994967025
v 0.165948951706 -0.462369266293 -1.22464679915e-18
v 0.174822061967 -0.479909217793 0
v 0.174820107167 -0.479903770796 -0.000331545218674
v 0.174814245146 -0.479887436439 -0.000662686500569
v 0.174804483048 -0.479860234625 -0.000993020401043
v 0.168421757023 -0.462074947154 -0.000993020401043
v 0.168411994924 -0.46204774534 -0.000662686500569
v 0.168406132904 -0.462031410984 -0.000331545218674
v 0.168404178103 -0.462025963987 -1.16341445919e-18
v 0.168406132904 -0.462031410984 0.000331545218674
v 0.168411994924 -0.46204774534 0.000662686500569
v 0.174814245146 -0.479887436439 0.000662686500569
v 0.174820107167 -0.479903770796 0.000331545218674
v 0.174906507808 -0.480144523764 0
v 0.174904501565 -0.480138933425 -0.000340270092849
v 0.174898485281 -0.480122169217 -0.000680125619005
v 0.174888466285 -0.480094251566 -0.00101915251686
v 0.168337773786 -0.461840930214 -0.00101915251686
v 0.16832775479 -0.461813012563 -0.000680125619005
v 0.168321738506 -0.461796248355 -0.000340270092849
v 0.168319732263 -0.461790658015 -1.19403062917e-18
v 0.168321738506 -0.461796248355 0.000340270092849
v 0.16832775479 -0.461813012563 0.000680125619005
v 0.174898485281 -0.480122169217 0.000680125619005
v 0.174904501565 -0.480138933425 0.000340270092849
v 0.174990953648 -0.480379829735 0
v 0.174988895963 -0.480374096054 -0.000348994967025
v 0.174982725415 -0.480356901995 -0.000697564737441
v 0.174972449522 -0.480328268506 -0.00104528463268
v 0.168253790548 -0.461606913274 -0.00104528463268
v 0.168243514655 -0.461578279785 -0.000697564737441
v 0.168237344107 -0.461561085726 -0.000348994967025
v 0.168235286422 -0.461555352044 -1.22464679915e-18
v 0.168237344107 -0.461561085726 0.000348994967025
v 0.168243514655 -0.461578279785 0.000697564737441
v 0.174982725415 -0.480356901995 0.000697564737441
v 0.174988895963 -0.480374096054 0.000348994967025
v 0.177213531497 -0.479043986254 0
v 0.177211552416 -0.479038548032 -0.000331545218674
v 0.177205617583 -0.479022239989 -0.000662686500569
v 0.17719573423 -0.478995081996 -0.000993020401043
v 0.177181914398 -0.47895710714 -0.00132214445912
v 0.177164174924 -0.478908361688 -0.00164965768784
v 0.170765287969 -0.461325166194 -0.00164965768784
v 0.170747548495 -0.461276420741 -0.00132214445912
v 0.170733728663 -0.461238445885 -0.000993020401043
v 0.17072384531 -0.461211287892 -0.000662686500569
v 0.170717910477 -0.46119497985 -0.000331545218674
v 0.170715931396 -0.461189541627 -1.16341445919e-18
v 0.170717910477 -0.46119497985 0.000331545218674
v 0.17072384531 -0.461211287892 0.000662686500569
v 0.177205617583 -0.479022239989 0.000662686500569
v 0.177211552416 -0.479038548032 0.000331545218674
v 0.177299026235 -0.479278913157 0
v 0.177296995073 -0.479273331823 -0.000340270092849
v 0.177290904061 -0.479256594622 -0.000680125619005
v 0.177280760619 -0.479228721945 -0.00101915251686
v 0.177266577108 -0.479189747751 -0.00135693773436
v 0.177248370805 -0.479139719523 -0.00169306973225
v 0.170662885786 -0.461043780131 -0.00135693773436
v 0.170648702274 -0.461004805937 -0.00101915251686
v 0.170638558832 -0.460976933259 -0.000680125619005
v 0.17063246782 -0.460960196058 -0.000340270092849
v 0.170630436658 -0.460954614724 -1.19403062917e-18
v 0.17063246782 -0.460960196058 0.000340270092849
v 0.170638558832 -0.460976933259 0.000680125619005
v 0.177290904061 -0.479256594622 0.000680125619005
v 0.177296995073 -0.479273331823 0.000340270092849
v 0.177384520973 -0.47951384006 0
v 0.17738243773 -0.479508115615 -0.000348994967025
v 0.177376190538 -0.479490949255 -0.000697564737441
v 0.177365787009 -0.479462361894 -0.00104528463268
v 0.177351239817 -0.479422388361 -0.0013917310096
v 0.170578223076 -0.46081113952 -0.0013917310096
v 0.170563675885 -0.460771165988 -0.00104528463268
v 0.170553272355 -0.460742578627 -0.000697564737441
v 0.170547025163 -0.460725412266 -0.000348994967025
v 0.17054494192 -0.460719687821 -1.22464679915e-18
v 0.170547025163 -0.460725412266 0.000348994967025
v 0.170553272355 -0.460742578627 0.000697564737441
v 0.177376190538 -0.479490949255 0.000697564737441
v 0.17738243773 -0.479508115615 0.000348994967025
v 0.179595457551 -0.478172110107 0
v 0.179593458056 -0.478166679357 -0.000331545218674
v 0.179587462004 -0.478150393724 -0.000662686500569
v 0.179577476703 -0.478123273049 -0.000993020401043
v 0.179563514317 -0.478085350375 -0.00132214445912
v 0.17306277689 -0.460428959208 -0.00132214445912
v 0.173048814504 -0.460391036534 -0.000993020401043
v 0.173038829203 -0.460363915859 -0.000662686500569
v 0.173032833152 -0.460347630226 -0.000331545218674
v 0.173030833656 -0.460342199476 -1.16341445919e-18
v 0.173032833152 -0.460347630226 0.000331545218674
v 0.173038829203 -0.460363915859 0.000662686500569
v 0.179587462004 -0.478150393724 0.000662686500569
v 0.179593458056 -0.478166679357 0.000331545218674
v 0.179681834182 -0.478406714194 0
v 0.179679782068 -0.47840114053 -0.000340270092849
v 0.179673628226 -0.478384426327 -0.000680125619005
v 0.179663380153 -0.47835659195 -0.00101915251686
v 0.179649050336 -0.478317671311 -0.00135693773436
v 0.172977240871 -0.460196638272 -0.00135693773436
v 0.172962911054 -0.460157717632 -0.00101915251686
v 0.172952662982 -0.460129883255 -0.000680125619005
v 0.17294650914 -0.460113169053 -0.000340270092849
v 0.172944457026 -0.460107595389 -1.19403062917e-18
v 0.17294650914 -0.460113169053 0.000340270092849
v 0.172952662982 -0.460129883255 0.000680125619005
v 0.179673628226 -0.478384426327 0.000680125619005
v 0.179679782068 -0.47840114053 0.000340270092849
v 0.179768210812 -0.478641318281 0
v 0.179766106079 -0.478635601702 -0.000348994967025
v 0.179759794447 -0.478618458931 -0.000697564737441
v 0.179749283603 -0.478589910852 -0.00104528463268
v 0.179734586355 -0.478549992247 -0.0013917310096
v 0.172891704853 -0.459964317335 -0.0013917310096
v 0.172877007604 -0.459924398731 -0.00104528463268
v 0.172866496761 -0.459895850652 -0.000697564737441
v 0.172860185128 -0.45987870788 -0.000348994967025
v 0.172858080396 -0.459872991301 -1.22464679915e-18
v 0.172860185128 -0.45987870788 0.000348994967025
v 0.172866496761 -0.459895850652 0.000697564737441
v 0.179759794447 -0.478618458931 0.000697564737441
v 0.179766106079 -0.478635601702 0.000348994967025
v 0.181990586967 -0.477285079984 0
v 0.181988557024 -0.477279660542 -0.000331545218674
v 0.181982469668 -0.477263408816 -0.000662686500569
v 0.181972332317 -0.477236344608 -0.000993020401043
v 0.18195815732 -0.477198500891 -0.00132214445912
v 0.17535843053 -0.459578871428 -0.00132214445912
v 0.175344255533 -0.459541027711 -0.000993020401043
v 0.175334118182 -0.459513963503 -0.000662686500569
v 0.175328030826 -0.459497711778 -0.000331545218674
v 0.175326000883 -0.459492292335 -1.16341445919e-18
v 0.175328030826 -0.459497711778 0.000331545218674
v 0.181988557024 -0.477279660542 0.000331545218674
v 0.182078278889 -0.477519195611 0
v 0.182076195526 -0.477513633552 -0.000340270092849
v 0.182069947977 -0.477496954149 -0.000680125619005
v 0.182059543853 -0.477469177725 -0.00101915251686
v 0.18204499583 -0.477430338121 -0.00135693773436
v 0.17527159202 -0.459347034198 -0.00135693773436
v 0.175257043997 -0.459308194594 -0.00101915251686
v 0.175246639873 -0.45928041817 -0.000680125619005
v 0.175240392324 -0.459263738768 -0.000340270092849
v 0.175238308961 -0.459258176708 -1.19403062917e-18
v 0.175240392324 -0.459263738768 0.000340270092849
v 0.182076195526 -0.477513633552 0.000340270092849
v 0.182165970811 -0.477753311238 0
v 0.182163834029 -0.477747606562 -0.000348994967025
v 0.182157426286 -0.477730499482 -0.000697564737441
v 0.18214675539 -0.477702010842 -0.00104528463268
v 0.182131834341 -0.477662175351 -0.0013917310096
v 0.17518475351 -0.459115196968 -0.0013917310096
v 0.17516983246 -0.459075361477 -0.00104528463268
v 0.175159161564 -0.459046872837 -0.000697564737441
v 0.175152753821 -0.459029765758 -0.000348994967025
v 0.175150617039 -0.459024061081 -1.22464679915e-18
v 0.175152753821 -0.459029765758 0.000348994967025
v 0.182163834029 -0.477747606562 0.000348994967025
v 0.184392965019 -0.476375021744 0
v 0.184390896216 -0.476369617016 -0.000331545218674
v 0.184384692329 -0.476353409418 -0.000662686500569
v 0.177609069921 -0.458652157276 -0.000662686500569
v 0.177602866034 -0.458635949677 -0.000331545218674
v 0.177600797231 -0.458630544949 -1.16341445919e-18
v 0.177602866034 -0.458635949677 0.000331545218674
v 0.184390896216 -0.476369617016 0.000331545218674
v 0.184482335648 -0.476608501702 0
v 0.184480212403 -0.476602954745 -0.000340270092849
v 0.184473845256 -0.47658632063 -0.000680125619005
v 0.177519916994 -0.458419246063 -0.000680125619005
v 0.177513549847 -0.458402611949 -0.000340270092849
v 0.177511426602 -0.458397064991 -1.19403062917e-18
v 0.177513549847 -0.458402611949 0.000340270092849
v 0.184480212403 -0.476602954745 0.000340270092849
v 0.184571706277 -0.47684198166 0
v 0.18456952859 -0.476836292473 -0.000348994967025
v 0.184562998182 -0.476819231842 -0.000697564737441
v 0.177430764068 -0.458186334851 -0.000697564737441
v 0.177424233661 -0.458169274221 -0.000348994967025
v 0.177422055974 -0.458163585033 -1.22464679915e-18
v 0.177424233661 -0.458169274221 0.000348994967025
v 0.18456952859 -0.476836292473 0.000348994967025
v 0.186765586912 -0.475457480169 0
v 0.186763493631 -0.475452084875 -0.000331545218674
v 0.186757216339 -0.475435905564 -0.000662686500569
v 0.186746762684 -0.47540896195 -0.000993020401043
v 0.1799118779 -0.457792492613 -0.000993020401043
v 0.179901424245 -0.457765548999 -0.000662686500569
v 0.179895146953 -0.457749369688 -0.000331545218674
v 0.179893053672 -0.457743974394 -1.16341445919e-18
v 0.179895146953 -0.457749369688 0.000331545218674
v 0.179901424245 -0.457765548999 0.000662686500569
v 0.1799118779 -0.457792492613 0.000993020401043
v 0.179926495183 -0.457830167704 0.00132214445912
v 0.186746762684 -0.47540896195 0.000993020401043
v 0.186757216339 -0.475435905564 0.000662686500569
v 0.186763493631 -0.475452084875 0.000331545218674
v 0.186856014981 -0.475690552614 0
v 0.186853866614 -0.475685015338 -0.000340270092849
v 0.18684742413 -0.475668410256 -0.000680125619005
v 0.186836695378 -0.4756407576 -0.00101915251686
v 0.179821945206 -0.457560696963 -0.00101915251686
v 0.179811216454 -0.457533044307 -0.000680125619005
v 0.17980477397 -0.457516439225 -0.000340270092849
v 0.179802625603 -0.457510901949 -1.19403062917e-18
v 0.17980477397 -0.457516439225 0.000340270092849
v 0.179811216454 -0.457533044307 0.000680125619005
v 0.179821945206 -0.457560696963 0.00101915251686
v 0.186836695378 -0.4756407576 0.00101915251686
v 0.18684742413 -0.475668410256 0.000680125619005
v 0.186853866614 -0.475685015338 0.000340270092849
v 0.18694644305 -0.475923625058 0
v 0.186944239596 -0.475917945801 -0.000348994967025
v 0.18693763192 -0.475900914948 -0.000697564737441
v 0.186926628073 -0.475872553249 -0.00104528463268
v 0.179732012511 -0.457328901314 -0.00104528463268
v 0.179721008663 -0.457300539615 -0.000697564737441
v 0.179714400988 -0.457283508762 -0.000348994967025
v 0.179712197534 -0.457277829505 -1.22464679915e-18
v 0.179714400988 -0.457283508762 0.000348994967025
v 0.179721008663 -0.457300539615 0.000697564737441
v 0.179732012511 -0.457328901314 0.00104528463268
v 0.186926628073 -0.475872553249 0.00104528463268
v 0.18693763192 -0.475900914948 0.000697564737441
v 0.186944239596 -0.475917945801 0.000348994967025
v 0.189107455755 -0.47454597733 0
v 0.189105355545 -0.474540584729 -0.000331545218674
v 0.189099057472 -0.474524413497 -0.000662686500569
v 0.182220569771 -0.45686287921 -0.000662686500569
v 0.182214271699 -0.456846707978 -0.000331545218674
v 0.182212171488 -0.456841315377 -1.16341445919e-18
v 0.182214271699 -0.456846707978 0.000331545218674
v 0.189105355545 -0.474540584729 0.000331545218674
v 0.18919818318 -0.474778933408 0
v 0.189196027701 -0.474773398897 -0.000340270092849
v 0.189189563889 -0.474756802106 -0.000680125619005
v 0.182130063354 -0.456630490601 -0.000680125619005
v 0.182123599543 -0.45661389381 -0.000340270092849
v 0.182121444064 -0.456608359298 -1.19403062917e-18
v 0.182123599543 -0.45661389381 0.000340270092849
v 0.189196027701 -0.474773398897 0.000340270092849
v 0.189288910604 -0.475011889487 0
v 0.189286699857 -0.475006213065 -0.000348994967025
v 0.189280070307 -0.474989190715 -0.000697564737441
v 0.182039556937 -0.456398101992 -0.000697564737441
v 0.182032927387 -0.456381079642 -0.000348994967025
v 0.182030716639 -0.45637540322 -1.22464679915e-18
v 0.182032927387 -0.456381079642 0.000348994967025
v 0.189286699857 -0.475006213065 0.000348994967025
v 0.191457362581 -0.473630197075 0
v 0.191455250314 -0.473624809185 -0.000331545218674
v 0.184524608949 -0.455946389535 -0.000331545218674
v 0.184522496682 -0.455941001645 -1.16341445919e-18
v 0.184524608949 -0.455946389535 0.000331545218674
v 0.184530943175 -0.45596254664 0.000662686500569
v 0.184541491643 -0.455989453276 0.000993020401043
v 0.184556241501 -0.456027076662 0.00132214445912
v 0.191423617762 -0.473544122058 0.00132214445912
v 0.19143836762 -0.473581745443 0.000993020401043
v 0.191448916088 -0.473608652079 0.000662686500569
v 0.191455250314 -0.473624809185 0.000331545218674
v 0.191548610816 -0.473862949646 0
v 0.191546442964 -0.47385741997 -0.000340270092849
v 0.184433416299 -0.45571377875 -0.000340270092849
v 0.184431248447 -0.455708249073 -1.19403062917e-18
v 0.184433416299 -0.45571377875 0.000340270092849
v 0.184439917215 -0.455730361042 0.000680125619005
v 0.184450743275 -0.455757975748 0.00101915251686
v 0.184465881288 -0.455796589222 0.00135693773436
v 0.191513977976 -0.473774609497 0.00135693773436
v 0.191529115988 -0.473813222972 0.00101915251686
v 0.191539942048 -0.473840837677 0.000680125619005
v 0.191546442964 -0.47385741997 0.000340270092849
v 0.191639859052 -0.474095702218 0
v 0.191637635613 -0.474090030755 -0.000348994967025
v 0.18434222365 -0.455481167965 -0.000348994967025
v 0.184340000211 -0.455475496502 -1.22464679915e-18
v 0.18434222365 -0.455481167965 0.000348994967025
v 0.184348891256 -0.455498175444 0.000697564737441
v 0.184359994907 -0.455526498219 0.00104528463268
v 0.184375521074 -0.455566101783 0.0013917310096
v 0.19160433819 -0.474005096937 0.0013917310096
v 0.191619864356 -0.4740447005 0.00104528463268
v 0.191630968007 -0.474073023275 0.000697564737441
v 0.191637635613 -0.474090030755 0.000348994967025
v 0.193826706784 -0.47269574888 0
v 0.193824568361 -0.472690371318 -0.000331545218674
v 0.193818155697 -0.472674245183 -0.000662686500569
v 0.193807476605 -0.472647390123 -0.000993020401043
v 0.193792544096 -0.472609838857 -0.00132214445912
v 0.193773376363 -0.472561637134 -0.00164965768784
v 0.186840127751 -0.455126371149 -0.00132214445912
v 0.186825195242 -0.455088819882 -0.000993020401043
v 0.18681451615 -0.455061964822 -0.000662686500569
v 0.186808103486 -0.455045838688 -0.000331545218674
v 0.186805965063 -0.455040461126 -1.16341445919e-18
v 0.186808103486 -0.455045838688 0.000331545218674
v 0.193824568361 -0.472690371318 0.000331545218674
v 0.193919084964 -0.472928055298 0
v 0.193916890267 -0.472922536221 -0.000340270092849
v 0.193910308849 -0.472905985714 -0.000680125619005
v 0.193899348728 -0.472878423942 -0.00101915251686
v 0.193884023258 -0.472839884485 -0.00135693773436
v 0.186748648589 -0.454896325521 -0.00135693773436
v 0.186733323119 -0.454857786063 -0.00101915251686
v 0.186722362998 -0.454830224291 -0.000680125619005
v 0.18671578158 -0.454813673785 -0.000340270092849
v 0.186713586883 -0.454808154708 -1.19403062917e-18
v 0.18671578158 -0.454813673785 0.000340270092849
v 0.193916890267 -0.472922536221 0.000340270092849
v 0.194011463145 -0.473160361716 0
v 0.194009212173 -0.473154701124 -0.000348994967025
v 0.194002462 -0.473137726246 -0.000697564737441
v 0.193991220851 -0.473109457761 -0.00104528463268
v 0.193975502421 -0.473069930112 -0.0013917310096
v 0.186657169426 -0.454666279894 -0.0013917310096
v 0.186641450996 -0.454626752245 -0.00104528463268
v 0.186630209846 -0.45459848376 -0.000697564737441
v 0.186623459674 -0.454581508882 -0.000348994967025
v 0.186621208702 -0.45457584829 -1.22464679915e-18
v 0.186623459674 -0.454581508882 0.000348994967025
v 0.194009212173 -0.473154701124 0.000348994967025
v 0.196198987065 -0.471744607826 0
v 0.196196817514 -0.471739242746 -0.000331545218674
v 0.196190311503 -0.471723154045 -0.000662686500569
v 0.189084722407 -0.454151757117 -0.000662686500569
v 0.189078216396 -0.454135668416 -0.000331545218674
v 0.189076046845 -0.454130303337 -1.16341445919e-18
v 0.189078216396 -0.454135668416 0.000331545218674
v 0.189084722407 -0.454151757117 0.000662686500569
v 0.189095556951 -0.454178549838 0.000993020401043
v 0.189110706827 -0.454216013937 0.00132214445912
v 0.19617947696 -0.471696361324 0.000993020401043
v 0.196190311503 -0.471723154045 0.000662686500569
v 0.196196817514 -0.471739242746 0.000331545218674
v 0.196292709963 -0.47197637499 0
v 0.196290483318 -0.471970868724 -0.000340270092849
v 0.196283806097 -0.471954356637 -0.000680125619005
v 0.188991227814 -0.453920554526 -0.000680125619005
v 0.188984550592 -0.453904042438 -0.000340270092849
v 0.188982323947 -0.453898536173 -1.19403062917e-18
v 0.188984550592 -0.453904042438 0.000340270092849
v 0.188991227814 -0.453920554526 0.000680125619005
v 0.189002347477 -0.453948052319 0.00101915251686
v 0.196272686433 -0.471926858844 0.00101915251686
v 0.196283806097 -0.471954356637 0.000680125619005
v 0.196290483318 -0.471970868724 0.000340270092849
v 0.196386432861 -0.472208142154 0
v 0.196384149122 -0.472202494702 -0.000348994967025
v 0.19637730069 -0.472185559228 -0.000697564737441
v 0.188897733221 -0.453689351935 -0.000697564737441
v 0.188890884788 -0.45367241646 -0.000348994967025
v 0.18888860105 -0.453666769008 -1.22464679915e-18
v 0.188890884788 -0.45367241646 0.000348994967025
v 0.188897733221 -0.453689351935 0.000697564737441
v 0.188909138003 -0.453717554799 0.00104528463268
v 0.196365895907 -0.472157356363 0.00104528463268
v 0.19637730069 -0.472185559228 0.000697564737441
v 0.196384149122 -0.472202494702 0.000348994967025
v 0.198566430882 -0.470779075177 0
v 0.198564229753 -0.470773722976 -0.000331545218674
v 0.19855762905 -0.470757672892 -0.000662686500569
v 0.191348620764 -0.453228451975 -0.000662686500569
v 0.191342020061 -0.453212401891 -0.000331545218674
v 0.191339818932 -0.45320704969 -1.16341445919e-18
v 0.191342020061 -0.453212401891 0.000331545218674
v 0.198564229753 -0.470773722976 0.000331545218674
v 0.198661517881 -0.471010286039 0
v 0.198659258828 -0.47100479299 -0.000340270092849
v 0.198652484422 -0.470988320536 -0.000680125619005
v 0.191253765392 -0.452997804332 -0.000680125619005
v 0.191246990986 -0.452981331877 -0.000340270092849
v 0.191244731933 -0.452975838828 -1.19403062917e-18
v 0.191246990986 -0.452981331877 0.000340270092849
v 0.198659258828 -0.47100479299 0.000340270092849
v 0.19875660488 -0.471241496901 0
v 0.198754287903 -0.471235863004 -0.000348994967025
v 0.198747339794 -0.471218968179 -0.000697564737441
v 0.19115891002 -0.452767156688 -0.000697564737441
v 0.191151961911 -0.452750261863 -0.000348994967025
v 0.191149644934 -0.452744627967 -1.22464679915e-18
v 0.191151961911 -0.452750261863 0.000348994967025
v 0.198754287903 -0.471235863004 0.000348994967025
v 0.200930150292 -0.469798871733 0
v 0.200927916464 -0.469793533097 -0.000331545218674
v 0.200921217701 -0.469777523692 -0.000662686500569
v 0.200910062164 -0.469750863023 -0.000993020401043
v 0.200894463445 -0.469713583573 -0.00132214445912
v 0.193616268013 -0.452319391232 -0.000993020401043
v 0.193605112476 -0.452292730564 -0.000662686500569
v 0.193598413712 -0.452276721159 -0.000331545218674
v 0.193596179884 -0.452271382522 -1.16341445919e-18
v 0.193598413712 -0.452276721159 0.000331545218674
v 0.200927916464 -0.469793533097 0.000331545218674
v 0.201026649903 -0.470029496591 0
v 0.20102435729 -0.470024017465 -0.000340270092849
v 0.201017482243 -0.470007586759 -0.000680125619005
v 0.201006033139 -0.469980224494 -0.00101915251686
v 0.193520297037 -0.452090029761 -0.00101915251686
v 0.193508847933 -0.452062667496 -0.000680125619005
v 0.193501972887 -0.452046236791 -0.000340270092849
v 0.193499680273 -0.452040757664 -1.19403062917e-18
v 0.193501972887 -0.452046236791 0.000340270092849
v 0.20102435729 -0.470024017465 0.000340270092849
v 0.201123149514 -0.470260121449 0
v 0.201120798116 -0.470254501832 -0.000348994967025
v 0.201113746786 -0.470237649827 -0.000697564737441
v 0.201102004115 -0.470209585965 -0.00104528463268
v 0.193424326061 -0.45186066829 -0.00104528463268
v 0.193412583391 -0.451832604429 -0.000697564737441
v 0.193405532061 -0.451815752423 -0.000348994967025
v 0.193403180663 -0.451810132806 -1.22464679915e-18
v 0.193405532061 -0.451815752423 0.000348994967025
v 0.201120798116 -0.470254501832 0.000348994967025
v 0.203297860974 -0.468799236953 0
v 0.203295588263 -0.468793914753 -0.000331545218674
v 0.203288772898 -0.468777954638 -0.000662686500569
v 0.203277423183 -0.468751376052 -0.000993020401043
v 0.195856670207 -0.451373572186 -0.000993020401043
v 0.195845320492 -0.4513469936 -0.000662686500569
v 0.195838505127 -0.451331033485 -0.000331545218674
v 0.195836232416 -0.451325711285 -1.16341445919e-18
v 0.195838505127 -0.451331033485 0.000331545218674
v 0.203295588263 -0.468793914753 0.000331545218674
v 0.203396040297 -0.469029151764 0
v 0.203393707778 -0.469023689506 -0.000340270092849
v 0.203386713061 -0.469007309388 -0.000680125619005
v 0.20337506467 -0.468980031366 -0.00101915251686
v 0.19575902872 -0.451144916872 -0.00101915251686
v 0.195747380329 -0.45111763885 -0.000680125619005
v 0.195740385612 -0.451101258731 -0.000340270092849
v 0.195738053093 -0.451095796474 -1.19403062917e-18
v 0.195740385612 -0.451101258731 0.000340270092849
v 0.203393707778 -0.469023689506 0.000340270092849
v 0.20349421962 -0.469259066576 0
v 0.203491827293 -0.46925346426 -0.000348994967025
v 0.203484653224 -0.469236664139 -0.000697564737441
v 0.203472706156 -0.46920868668 -0.00104528463268
v 0.195661387234 -0.450916261558 -0.00104528463268
v 0.195649440165 -0.450888284099 -0.000697564737441
v 0.195642266097 -0.450871483978 -0.000348994967025
v 0.195639873769 -0.450865881662 -1.22464679915e-18
v 0.195642266097 -0.450871483978 0.000348994967025
v 0.203491827293 -0.46925346426 0.000348994967025
v 0.205665949825 -0.467776488169 0
v 0.205663633092 -0.467771184983 -0.000331545218674
v 0.19806211101 -0.45037069151 -0.000331545218674
v 0.198059794277 -0.450365388324 -1.16341445919e-18
v 0.19806211101 -0.45037069151 0.000331545218674
v 0.198069058384 -0.450386594606 0.000662686500569
v 0.198080627935 -0.450413078238 0.000993020401043
v 0.205645116167 -0.467728798255 0.000993020401043
v 0.205656685718 -0.467755281887 0.000662686500569
v 0.205663633092 -0.467771184983 0.000331545218674
v 0.205766030819 -0.468005581588 0
v 0.20576365312 -0.468000138844 -0.000340270092849
v 0.197962090982 -0.450141737649 -0.000340270092849
v 0.197959713283 -0.450136294905 -1.19403062917e-18
v 0.197962090982 -0.450141737649 0.000340270092849
v 0.197969221182 -0.450158059247 0.000680125619005
v 0.197981095196 -0.450185239816 0.00101915251686
v 0.205744648906 -0.467956636677 0.00101915251686
v 0.20575652292 -0.467983817246 0.000680125619005
v 0.20576365312 -0.468000138844 0.000340270092849
v 0.205866111813 -0.468234675007 0
v 0.205863673147 -0.468229092706 -0.000348994967025
v 0.197862070955 -0.449912783787 -0.000348994967025
v 0.197859632289 -0.449907201486 -1.22464679915e-18
v 0.197862070955 -0.449912783787 0.000348994967025
v 0.19786938398 -0.449929523888 0.000697564737441
v 0.197881562456 -0.449957401395 0.00104528463268
v 0.205844181646 -0.468184475098 0.00104528463268
v 0.205856360122 -0.468212352605 0.000697564737441
v 0.205863673147 -0.468229092706 0.000348994967025
v 0.208027737146 -0.466732935219 0
v 0.20802537512 -0.466727652052 -0.000331545218674
v 0.200275238266 -0.449392840549 -0.000331545218674
v 0.20027287624 -0.449387557382 -1.16341445919e-18
v 0.208129774789 -0.466961163875 0
v 0.208127350605 -0.466955741677 -0.000340270092849
v 0.200173262781 -0.449164750924 -0.000340270092849
v 0.200170838597 -0.449159328726 -1.19403062917e-18
v 0.208231812433 -0.467189392531 0
v 0.208229326089 -0.467183831302 -0.000348994967025
v 0.200071287296 -0.448936661299 -0.000348994967025
v 0.200068800953 -0.44893110007 -1.22464679915e-18
v 0.210356691781 -0.46567953161 0
v 0.21035429903 -0.465674262286 -0.000331545218674
v 0.21034712369 -0.465658460737 -0.000662686500569
v 0.210335174503 -0.465632146212 -0.000993020401043
v 0.202522470682 -0.448426992887 -0.000993020401043
v 0.202510521496 -0.448400678363 -0.000662686500569
v 0.202503346155 -0.448384876813 -0.000331545218674
v 0.202500953404 -0.44837960749 -1.16341445919e-18
v 0.202503346155 -0.448384876813 0.000331545218674
v 0.21046005676 -0.46590716219 0
v 0.210457601041 -0.4659017542 -0.000340270092849
v 0.210450236876 -0.465885536821 -0.000680125619005
v 0.210437973238 -0.465858529809 -0.00101915251686
v 0.202419671947 -0.448200609291 -0.00101915251686
v 0.202407408309 -0.448173602279 -0.000680125619005
v 0.202400044144 -0.448157384899 -0.000340270092849
v 0.202397588425 -0.44815197691 -1.19403062917e-18
v 0.210563421739 -0.466134792771 0
v 0.210560903053 -0.466129246115 -0.000348994967025
v 0.210553350063 -0.466112612904 -0.000697564737441
v 0.210540771972 -0.466084913405 -0.00104528463268
v 0.202316873213 -0.447974225695 -0.00104528463268
v 0.202304295122 -0.447946526195 -0.000697564737441
v 0.202296742132 -0.447929892985 -0.000348994967025
v 0.202294223446 -0.447924346329 -1.22464679915e-18
v 0.212655053721 -0.464631853335 0
v 0.212652647063 -0.464626590348 -0.000331545218674
v 0.204756065618 -0.447357997107 -0.000331545218674
v 0.20475365896 -0.44735273412 -1.16341445919e-18
v 0.204756065618 -0.447357997107 0.000331545218674
v 0.20476328266 -0.447373779653 0.000662686500569
v 0.204775301294 -0.447400062532 0.000993020401043
v 0.212633411388 -0.464584524923 0.000993020401043
v 0.212645430021 -0.464610807802 0.000662686500569
v 0.212652647063 -0.464626590348 0.000331545218674
v 0.212759019442 -0.464859210167 0
v 0.212756549451 -0.464853808681 -0.000340270092849
v 0.204652163231 -0.447130778775 -0.000340270092849
v 0.20464969324 -0.447125377289 -1.19403062917e-18
v 0.204652163231 -0.447130778775 0.000340270092849
v 0.204659570195 -0.447146976651 0.000680125619005
v 0.204671905108 -0.447173951185 0.00101915251686
v 0.212736807573 -0.464810636271 0.00101915251686
v 0.212749142486 -0.464837610804 0.000680125619005
v 0.212756549451 -0.464853808681 0.000340270092849
v 0.212862985162 -0.465086566998 0
v 0.212860451838 -0.465081027013 -0.000348994967025
v 0.204548260843 -0.446903560442 -0.000348994967025
v 0.204545727519 -0.446898020457 -1.22464679915e-18
v 0.204548260843 -0.446903560442 0.000348994967025
v 0.20455585773 -0.446920173649 0.000697564737441
v 0.204568508923 -0.446947839837 0.00104528463268
v 0.212840203759 -0.465036747618 0.00104528463268
v 0.212852854952 -0.465064413806 0.000697564737441
v 0.212860451838 -0.465081027013 0.000348994967025
v 0.214963484124 -0.463572886492 0
v 0.206991323569 -0.446326302596 -1.16341445919e-18
v 0.206993751781 -0.446331555672 0.000331545218674
v 0.20700103346 -0.446347308502 0.000662686500569
v 0.207013159733 -0.446373541891 0.000993020401043
v 0.21494164796 -0.463525647196 0.000993020401043
v 0.214953774233 -0.463551880586 0.000662686500569
v 0.214961055912 -0.463567633415 0.000331545218674
v 0.215068380974 -0.463799815227 0
v 0.206886426719 -0.44609937386 -1.19403062917e-18
v 0.206888918832 -0.446104765176 0.000340270092849
v 0.206896392134 -0.446120932553 0.000680125619005
v 0.20690883752 -0.446147856295 0.00101915251686
v 0.215045970173 -0.463751332792 0.00101915251686
v 0.215058415559 -0.463778256534 0.000680125619005
v 0.215065888861 -0.463794423912 0.000340270092849
v 0.215173277823 -0.464026743963 0
v 0.20678152987 -0.445872445125 -1.22464679915e-18
v 0.206784085883 -0.445877974679 0.000348994967025
v 0.206791750808 -0.445894556605 0.000697564737441
v 0.206804515306 -0.445922170699 0.00104528463268
v 0.215150292387 -0.463977018388 0.00104528463268
v 0.215163056885 -0.464004632483 0.000697564737441
v 0.21517072181 -0.464021214408 0.000348994967025
v 0.217317466668 -0.462476225046 0
v 0.217314985439 -0.462470996802 -0.000331545218674
v 0.217307544774 -0.462455318442 -0.000662686500569
v 0.21729515374 -0.462429209066 -0.000993020401043
v 0.209193557627 -0.445358187352 -0.000993020401043
v 0.209181166592 -0.445332077976 -0.000662686500569
v 0.209173725928 -0.445316399615 -0.000331545218674
v 0.209171244698 -0.445311171372 -1.16341445919e-18
v 0.217424653799 -0.462702081015 0
v 0.217422107274 -0.462696715186 -0.000340270092849
v 0.217414470803 -0.462680624237 -0.000680125619005
v 0.217401753688 -0.462653827772 -0.00101915251686
v 0.209086957678 -0.445133568645 -0.00101915251686
v 0.209074240563 -0.44510677218 -0.000680125619005
v 0.209066604092 -0.445090681231 -0.000340270092849
v 0.209064057567 -0.445085315402 -1.19403062917e-18
v 0.21753184093 -0.462927936984 0
v 0.21752922911 -0.46292243357 -0.000348994967025
v 0.217521396832 -0.462905930033 -0.000697564737441
v 0.217508353637 -0.462878446479 -0.00104528463268
v 0.208980357729 -0.444908949938 -0.00104528463268
v 0.208967314535 -0.444881466384 -0.000697564737441
v 0.208959482256 -0.444864962847 -0.000348994967025
v 0.208956870436 -0.444859459433 -1.22464679915e-18
v 0.219654365763 -0.461346694196 0
v 0.219651832497 -0.461341490968 -0.000331545218674
v 0.219644235783 -0.461325887621 -0.000662686500569
v 0.211347427675 -0.444284574244 -0.000662686500569
v 0.211339830961 -0.444268970897 -0.000331545218674
v 0.211337297695 -0.444263767669 -1.16341445919e-18
v 0.219763800869 -0.461571469545 0
v 0.219761200938 -0.46156612939 -0.000340270092849
v 0.219753404311 -0.461550115429 -0.000680125619005
v 0.211238259147 -0.444060346436 -0.000680125619005
v 0.21123046252 -0.444044332475 -0.000340270092849
v 0.211227862589 -0.44403899232 -1.19403062917e-18
v 0.219873235975 -0.461796244894 0
v 0.219870569379 -0.461790767812 -0.000348994967025
v 0.219862572839 -0.461774343236 -0.000697564737441
v 0.211129090619 -0.443836118629 -0.000697564737441
v 0.211121094079 -0.443819694053 -0.000348994967025
v 0.211118427483 -0.443814216971 -1.22464679915e-18
v 0.221972883204 -0.460209805987 0
v 0.221970305409 -0.460204624675 -0.000331545218674
v 0.221962575166 -0.460189087049 -0.000662686500569
v 0.221949701891 -0.460163212041 -0.000993020401043
v 0.213532804219 -0.443245426266 -0.000993020401043
v 0.213519930945 -0.443219551258 -0.000662686500569
v 0.213512200701 -0.443204013632 -0.000331545218674
v 0.213509622906 -0.44319883232 -1.16341445919e-18
v 0.213512200701 -0.443204013632 0.000331545218674
v 0.221970305409 -0.460204624675 0.000331545218674
v 0.222084241892 -0.460433634588 0
v 0.222081596261 -0.460428316925 -0.000340270092849
v 0.22207366259 -0.460412370415 -0.000680125619005
v 0.222060450545 -0.460385814485 -0.00101915251686
v 0.213422055565 -0.443022823822 -0.00101915251686
v 0.213408843521 -0.442996267892 -0.000680125619005
v 0.21340090985 -0.442980321382 -0.000340270092849
v 0.213398264218 -0.442975003719 -1.19403062917e-18
v 0.21340090985 -0.442980321382 0.000340270092849
v 0.222081596261 -0.460428316925 0.000340270092849
v 0.22219560058 -0.460657463189 0
v 0.222192887112 -0.460652009176 -0.000348994967025
v 0.222184750014 -0.46063565378 -0.000697564737441
v 0.222171199199 -0.460608416929 -0.00104528463268
v 0.213311306912 -0.442800221378 -0.00104528463268
v 0.213297756097 -0.442772984527 -0.000697564737441
v 0.213289618998 -0.442756629131 -0.000348994967025
v 0.21328690553 -0.442751175118 -1.22464679915e-18
v 0.213289618998 -0.442756629131 0.000348994967025
v 0.222192887112 -0.460652009176 0.000348994967025
v 0.224248141827 -0.459061464924 0
v 0.224245537966 -0.459056296661 -0.000331545218674
v 0.21570190917 -0.442098504409 -0.000331545218674
v 0.21569930531 -0.442093336147 -1.16341445919e-18
v 0.21570190917 -0.442098504409 0.000331545218674
v 0.224245537966 -0.459056296661 0.000331545218674
v 0.224360626518 -0.459284729777 0
v 0.224357954135 -0.459279425507 -0.000340270092849
v 0.215589493002 -0.441875375564 -0.000340270092849
v 0.215586820619 -0.441870071294 -1.19403062917e-18
v 0.215589493002 -0.441875375564 0.000340270092849
v 0.224357954135 -0.459279425507 0.000340270092849
v 0.224473111209 -0.459507994629 0
v 0.224470370303 -0.459502554352 -0.000348994967025
v 0.215477076834 -0.441652246718 -0.000348994967025
v 0.215474335928 -0.441646806442 -1.22464679915e-18
v 0.215477076834 -0.441652246718 0.000348994967025
v 0.224470370303 -0.459502554352 0.000348994967025
v 0.226479928899 -0.45793921298 0
v 0.226477326527 -0.457934043968 -0.000331545218674
v 0.226469522581 -0.457918543229 -0.000662686500569
v 0.22645652657 -0.457892729648 -0.000993020401043
v 0.217959380099 -0.441015107073 -0.000993020401043
v 0.217946384087 -0.440989293493 -0.000662686500569
v 0.217938580142 -0.440973792754 -0.000331545218674
v 0.217935977769 -0.440968623742 -1.16341445919e-18
v 0.217938580142 -0.440973792754 0.000331545218674
v 0.217946384087 -0.440989293493 0.000662686500569
v 0.217959380099 -0.441015107073 0.000993020401043
v 0.22645652657 -0.457892729648 0.000993020401043
v 0.226469522581 -0.457918543229 0.000662686500569
v 0.226477326527 -0.457934043968 0.000331545218674
v 0.226592349309 -0.458162510207 0
v 0.226589678453 -0.458157205168 -0.000340270092849
v 0.22658166914 -0.458141296515 -0.000680125619005
v 0.226568331129 -0.458114803629 -0.00101915251686
v 0.21784757554 -0.440793033092 -0.00101915251686
v 0.217834237528 -0.440766540207 -0.000680125619005
v 0.217826228215 -0.440750631554 -0.000340270092849
v 0.21782355736 -0.440745326515 -1.19403062917e-18
v 0.217826228215 -0.440750631554 0.000340270092849
v 0.217834237528 -0.440766540207 0.000680125619005
v 0.21784757554 -0.440793033092 0.00101915251686
v 0.226568331129 -0.458114803629 0.00101915251686
v 0.22658166914 -0.458141296515 0.000680125619005
v 0.226589678453 -0.458157205168 0.000340270092849
v 0.226704769718 -0.458385807434 0
v 0.226702030379 -0.458380366368 -0.000348994967025
v 0.2266938157 -0.458364049801 -0.000697564737441
v 0.226680135688 -0.458336877611 -0.00104528463268
v 0.217735770981 -0.440570959111 -0.00104528463268
v 0.217722090969 -0.440543786921 -0.000697564737441
v 0.217713876289 -0.440527470353 -0.000348994967025
v 0.21771113695 -0.440522029288 -1.22464679915e-18
v 0.217713876289 -0.440527470353 0.000348994967025
v 0.217722090969 -0.440543786921 0.000697564737441
v 0.217735770981 -0.440570959111 0.00104528463268
v 0.226680135688 -0.458336877611 0.00104528463268
v 0.2266938157 -0.458364049801 0.000697564737441
v 0.226702030379 -0.458380366368 0.000348994967025
v 0.228744561273 -0.456797640989 0
v 0.228741939715 -0.45679248168 -0.000331545218674
v 0.220140244392 -0.439864069214 -0.000331545218674
v 0.220137622835 -0.439858909905 -1.16341445919e-18
v 0.220140244392 -0.439864069214 0.000331545218674
v 0.228741939715 -0.45679248168 0.000331545218674
v 0.228857810463 -0.45702051903 0
v 0.228855119917 -0.45701522395 -0.000340270092849
v 0.220027064191 -0.439641326944 -0.000340270092849
v 0.220024373645 -0.439636031865 -1.19403062917e-18
v 0.220027064191 -0.439641326944 0.000340270092849
v 0.228855119917 -0.45701522395 0.000340270092849
v 0.228971059653 -0.45724339707 0
v 0.228968300119 -0.457237966219 -0.000348994967025
v 0.219913883989 -0.439418584675 -0.000348994967025
v 0.219911124455 -0.439413153824 -1.22464679915e-18
v 0.219913883989 -0.439418584675 0.000348994967025
v 0.228968300119 -0.457237966219 0.000348994967025
v 0.231010437864 -0.455637116619 0
v 0.231007791897 -0.455631969786 -0.000331545218674
v 0.222326005619 -0.438744492233 -0.000331545218674
v 0.222323359652 -0.438739345401 -1.16341445919e-18
v 0.222326005619 -0.438744492233 0.000331545218674
v 0.231007791897 -0.455631969786 0.000331545218674
v 0.231124741524 -0.455859455714 0
v 0.231122025927 -0.455854173438 -0.000340270092849
v 0.222211771589 -0.438522288581 -0.000340270092849
v 0.222209055992 -0.438517006306 -1.19403062917e-18
v 0.222211771589 -0.438522288581 0.000340270092849
v 0.231122025927 -0.455854173438 0.000340270092849
v 0.231239045185 -0.456081794809 0
v 0.231236259957 -0.45607637709 -0.000348994967025
v 0.222094752331 -0.438294667211 -1.22464679915e-18
v 0.222097537559 -0.438300084929 0.000348994967025
v 0.231236259957 -0.45607637709 0.000348994967025
v 0.233245530712 -0.454483817903 0
v 0.233242876998 -0.45447867506 -0.000331545218674
v 0.233234919091 -0.454463252798 -0.000662686500569
v 0.233221666684 -0.454437569905 -0.000993020401043
v 0.233203135926 -0.454401657673 -0.00132214445912
v 0.224575412993 -0.437681306806 -0.00132214445912
v 0.224556882234 -0.437645394574 -0.000993020401043
v 0.224543629827 -0.437619711681 -0.000662686500569
v 0.22453567192 -0.437604289418 -0.000331545218674
v 0.224533018206 -0.437599146575 -1.16341445919e-18
v 0.22453567192 -0.437604289418 0.000331545218674
v 0.233360169034 -0.454705984631 0
v 0.233357445486 -0.45470070645 -0.000340270092849
v 0.23334927816 -0.454684878339 -0.000680125619005
v 0.233335677006 -0.45465851958 -0.00101915251686
v 0.233316658596 -0.454621662289 -0.00135693773436
v 0.224461890322 -0.437461302189 -0.00135693773436
v 0.224442871912 -0.437424444898 -0.00101915251686
v 0.224429270758 -0.43739808614 -0.000680125619005
v 0.224421103432 -0.437382258028 -0.000340270092849
v 0.224418379884 -0.437376979847 -1.19403062917e-18
v 0.224421103432 -0.437382258028 0.000340270092849
v 0.233474807357 -0.454928151359 0
v 0.233472013974 -0.45492273784 -0.000348994967025
v 0.233463637229 -0.45490650388 -0.000697564737441
v 0.233449687328 -0.454879469256 -0.00104528463268
v 0.233430181266 -0.454841666906 -0.0013917310096
v 0.224348367652 -0.437241297572 -0.0013917310096
v 0.22432886159 -0.437203495223 -0.00104528463268
v 0.224314911689 -0.437176460599 -0.000697564737441
v 0.224306534944 -0.437160226638 -0.000348994967025
v 0.224303741561 -0.437154813119 -1.22464679915e-18
v -0.136686084245 0.473968810929 -0.0341886694951
v -0.136365173467 0.474043380098 -0.0342262385629
v -0.136047076855 0.474129176189 -0.0342637791961
v -0.140340577899 0.492610977187 -0.0342546818519
v -0.140663911861 0.492547725791 -0.0342171301215
v -0.140984822639 0.492473156622 -0.0341795610537
v -0.141302919251 0.492387360532 -0.0341420204206
v -0.136633744408 0.473724351523 -0.0341882950131
v -0.136304388609 0.473800883039 -0.0342268527407
v -0.135977921034 0.473888936921 -0.0342653812852
v -0.140384408947 0.492857101104 -0.0342560445373
v -0.140716251699 0.492792185197 -0.0342175046035
v -0.141045607497 0.492715653682 -0.034178946876
v -0.141372075072 0.492627599799 -0.0341404183314
v -0.136581404571 0.473479892117 -0.0341879205312
v -0.136243603752 0.473558385979 -0.0342274669184
v -0.135908765213 0.473648697654 -0.0342669833744
v -0.140428239996 0.49310322502 -0.0342574072226
v -0.140768591536 0.493036644603 -0.0342178790854
v -0.141106392354 0.492958150742 -0.0341783326982
v -0.141441230893 0.492867839067 -0.0341388162423
v -0.137087874502 0.473909950519 -0.0318954216827
v -0.136762560959 0.473961805389 -0.0319333412528
v -0.136439278343 0.474025054723 -0.0319713359304
v -0.136118420527 0.474099621461 -0.0320093594247
v -0.135800378424 0.474185414754 -0.0320473654101
v -0.135485539522 0.474282330078 -0.032085307582
v -0.140096471853 0.492666613239 -0.0320566353718
v -0.140419754468 0.492603363905 -0.0320186406943
v -0.140740612285 0.492528797168 -0.0319806171999
v -0.141058654387 0.492443003874 -0.0319426112146
v -0.14137349329 0.49234608855 -0.0319046690427
v -0.14168474541 0.492238169273 -0.0318668369108
v -0.137052568136 0.473662470024 -0.0318928015083
v -0.13671869371 0.473715689496 -0.0319317189618
v -0.136386903658 0.473780603286 -0.0319707134993
v -0.136057602214 0.473857132307 -0.0320097376119
v -0.135731190583 0.473945183319 -0.0320487437548
v -0.135408066446 0.474044649046 -0.0320876844049
v -0.140140339102 0.492912729132 -0.0320582576629
v -0.140472129154 0.492847815342 -0.0320192631254
v -0.140801430598 0.492771286322 -0.0319802390128
v -0.141127842229 0.49268323531 -0.0319412328699
v -0.141450966366 0.492583769583 -0.0319022922198
v -0.141770409332 0.492473010325 -0.0318634645055
v -0.136674826461 0.473469573604 -0.0319300966708
v -0.136334528972 0.47353615185 -0.0319700910682
v -0.135996783902 0.473614643153 -0.0320101157991
v -0.135662002741 0.473704951883 -0.0320501220994
v -0.13533059337 0.473806968013 -0.0320900612278
v -0.14018420635 0.493158845025 -0.0320598799539
v -0.14052450384 0.493092266779 -0.0320198855565
v -0.14086224891 0.493013775476 -0.0319798608256
v -0.141197030071 0.492923466746 -0.0319398545252
v -0.141528439442 0.492821450615 -0.0318999153969
v -0.136510730905 0.474023677263 -0.0297162720048
v -0.136187500227 0.474086924434 -0.0297547095806
v -0.13586669599 0.474161488622 -0.0297931874478
v -0.135548709044 0.474247278982 -0.0298316587272
v -0.140170672111 0.492664598322 -0.0298208508222
v -0.140491476349 0.492590034134 -0.029782372955
v -0.140809463295 0.492504243774 -0.0297439016756
v -0.141124245531 0.492407331764 -0.0297054838555
v -0.136466826819 0.473777569786 -0.0297143902101
v -0.136135090071 0.473842481356 -0.0297538393011
v -0.135805843617 0.47391900776 -0.0297933297438
v -0.135479488593 0.474007055761 -0.0298328134252
v -0.140223082268 0.492909041399 -0.0298217211017
v -0.140552328722 0.492832514996 -0.029782230659
v -0.140878683745 0.492744466995 -0.0297427469776
v -0.141201749725 0.492645004669 -0.0297033181622
v -0.136422922733 0.47353146231 -0.0297125084155
v -0.136082679914 0.473598038279 -0.0297529690216
v -0.135744991244 0.473676526898 -0.0297934720397
v -0.135410268142 0.47376683254 -0.0298339681233
v -0.140275492424 0.493153484477 -0.0298225913812
v -0.140613181095 0.493074995858 -0.0297820883631
v -0.140947904196 0.492984690216 -0.0297415922795
v -0.141279253919 0.492882677574 -0.0297011524688
v -0.13593706999 0.474148476497 -0.0275475014696
v -0.135616265753 0.474223040685 -0.0275859793369
v -0.140241046112 0.492651586197 -0.027575164844
v -0.140559033058 0.492565795837 -0.0275366935647
v -0.135884659834 0.47390403342 -0.0275466311901
v -0.13555541338 0.473980559823 -0.0275861216328
v -0.140301898485 0.492894067059 -0.0275750225481
v -0.140628253509 0.492806019058 -0.0275355388666
v -0.135832249678 0.473659590342 -0.0275457609106
v -0.135494561007 0.473738078961 -0.0275862639288
v -0.140362750858 0.493136547921 -0.0275748802521
v -0.140697473959 0.493046242279 -0.0275343841686
v -0.136009793125 0.474146799322 -0.0253013162244
v -0.135686565306 0.474210046372 -0.0253397780373
v -0.135365764019 0.474284610417 -0.0253782807696
v -0.13504778011 0.474370400613 -0.0254167775115
v -0.134733000994 0.474467312436 -0.0254552213607
v -0.134421810181 0.474575227816 -0.0254935654793
v -0.138694500725 0.492943180455 -0.0255220252705
v -0.13902139772 0.492902784685 -0.0254837857686
v -0.139346658267 0.492850931687 -0.0254454117347
v -0.139669886085 0.492787684637 -0.0254069499217
v -0.139990687372 0.492713120592 -0.0253684471895
v -0.140308671281 0.492627330397 -0.0253299504476
v -0.140623450397 0.492530418573 -0.0252915065984
v -0.135965887005 0.473900692318 -0.0252994202308
v -0.135634153191 0.473965603763 -0.0253388941967
v -0.135304909765 0.47404213002 -0.0253784101588
v -0.134978557858 0.474130177852 -0.0254179199729
v -0.134655495081 0.474229639987 -0.0254573755023
v -0.134336115036 0.474340395246 -0.0254967286766
v -0.139056744352 0.493150256242 -0.0254866916051
v -0.139390564387 0.493097038692 -0.0254473077282
v -0.139722298201 0.493032127246 -0.0254078337623
v -0.140051541627 0.492955600989 -0.0253683178003
v -0.140377893533 0.492867553157 -0.0253288079862
v -0.14070095631 0.492768091022 -0.0252893524568
v -0.135921980884 0.473654585313 -0.0252975242373
v -0.135581741075 0.473721161155 -0.0253380103562
v -0.13524405551 0.473799649623 -0.025378539548
v -0.134909335606 0.473889955092 -0.0254190624342
v -0.134577989168 0.473991967538 -0.0254595296439
v -0.134250419891 0.474105562675 -0.025499891874
v -0.139092090984 0.493397727799 -0.0254895974417
v -0.139434470507 0.493343145697 -0.0254492037218
v -0.139774710316 0.493276569855 -0.0254087176029
v -0.140112395882 0.493198081386 -0.0253681884111
v -0.140447115786 0.493107775918 -0.0253276655248
v -0.140778462224 0.493005763471 -0.0252871983151
v -0.135200230894 0.474325511241 -0.0239166167938
v -0.135521139598 0.474250942166 -0.0238790298315
v -0.13584447155 0.474187690849 -0.0238414606587
v -0.13616983282 0.474135834354 -0.0238039550476
v -0.136496827006 0.474095435858 -0.0237665586932
v -0.14107161635 0.492345832186 -0.0237210349334
v -0.140764273774 0.492464627658 -0.0237582357345
v -0.140452966494 0.492572550318 -0.0237956014942
v -0.140138073791 0.49266946868 -0.023833086688
v -0.139819979313 0.492755264663 -0.0238706456459
v -0.139499070609 0.492829833739 -0.0239082326083
v -0.135139444731 0.474083014486 -0.0239172216774
v -0.135468798401 0.474006483066 -0.0238786455844
v -0.135800639088 0.473941567241 -0.0238400877492
v -0.136134562497 0.473888346101 -0.0238015951484
v -0.140849909791 0.492699476071 -0.0237546726954
v -0.140530410215 0.492810238802 -0.0237930217645
v -0.140207230862 0.492909707647 -0.0238314934108
v -0.139880765476 0.492997761419 -0.0238700407624
v -0.139551411806 0.493074292838 -0.0239086168554
v -0.135078658567 0.47384051773 -0.0239178265609
v -0.135416457203 0.473762023967 -0.0238782613374
v -0.135756806626 0.473695443633 -0.0238387148397
v -0.136099292174 0.473640857848 -0.0237992352491
v -0.140935545809 0.492934324485 -0.0237511096563
v -0.140607853936 0.493047927285 -0.0237904420349
v -0.140276387932 0.493149946613 -0.0238299001336
v -0.13994155164 0.493240258174 -0.0238694358789
v -0.139603753004 0.493318751938 -0.0239090011024
v -0.133893257497 0.474804873873 -0.0263014266358
v -0.134196176279 0.474675356331 -0.0262637286229
v -0.134503436013 0.474556566368 -0.0262258323959
v -0.134814662348 0.474448648712 -0.0261877841255
v -0.135129476104 0.474351734845 -0.0261496301676
v -0.135447493729 0.474265942841 -0.026111417007
v -0.135768327766 0.474191377224 -0.0260731912005
v -0.136091587329 0.47412812884 -0.0260349993203
v -0.140703663737 0.492512135715 -0.026014290772
v -0.140388849981 0.492609049582 -0.0260524447299
v -0.140070832357 0.492694841587 -0.0260906578905
v -0.139749998319 0.492769407204 -0.026128883697
v -0.139426738756 0.492832655587 -0.0261670755772
v -0.139101447508 0.492884509678 -0.0262051870001
v -0.138774520894 0.492924906301 -0.0262431715328
v -0.138446357222 0.492953796238 -0.026280982897
v -0.13379152314 0.474576570759 -0.0263067000354
v -0.13410241347 0.47444364486 -0.0262680099696
v -0.134417758986 0.474321728846 -0.0262291164735
v -0.134737175488 0.474210971252 -0.0261900669328
v -0.135060273816 0.47411150702 -0.0261509089234
v -0.135386660326 0.474023457331 -0.0261116901533
v -0.135715937364 0.473946929461 -0.0260724584045
v -0.136047703758 0.473882016646 -0.0260332614748
v -0.140781150597 0.492749813176 -0.0260120079647
v -0.140458052269 0.492849277408 -0.0260511659741
v -0.14013166576 0.492937327097 -0.0260903847443
v -0.139802388721 0.493013854967 -0.0261296164931
v -0.139470622327 0.493078767781 -0.0261688134227
v -0.139136770784 0.493131986454 -0.0262079277777
v -0.138801240837 0.493173446145 -0.0262469119034
v -0.13846444128 0.493203096343 -0.0262857183035
v -0.13400865066 0.474211933389 -0.0262722913163
v -0.134332081959 0.474086891323 -0.026232400551
v -0.134659688628 0.473973293791 -0.0261923497401
v -0.134991071529 0.473871279194 -0.0261521876791
v -0.135325826923 0.473780971821 -0.0261119632995
v -0.135663546962 0.473702481698 -0.0260717256084
v -0.136003820187 0.473635904452 -0.0260315236293
v -0.140858637458 0.492987490636 -0.0260097251575
v -0.140527254557 0.493089505233 -0.0260498872184
v -0.140192499163 0.493179812606 -0.026090111598
v -0.139854779123 0.49325830273 -0.0261303492891
v -0.139514505899 0.493324879975 -0.0261705512682
v -0.139172094059 0.493379463229 -0.0262106685554
v -0.138827960781 0.493421985989 -0.026250652274
v -0.138482525337 0.493452396449 -0.02629045371
v -0.135063720288 0.474388652974 -0.0283951903544
v -0.135378534043 0.474291739107 -0.0283570363965
v -0.135696551668 0.474205947103 -0.0283188232358
v -0.136017385705 0.474131381485 -0.0282805974293
v -0.140952721676 0.492452139977 -0.0282216970009
v -0.14063790792 0.492549053844 -0.0282598509588
v -0.140319890296 0.492634845848 -0.0282980641194
v -0.139999056259 0.492709411466 -0.0283362899259
v -0.139675796695 0.492772659849 -0.0283744818061
v -0.134986233427 0.474150975514 -0.0283974731616
v -0.135309331756 0.474051511281 -0.0283583151522
v -0.135635718265 0.473963461593 -0.0283190963821
v -0.135964995303 0.473886933722 -0.0282798646333
v -0.140707110208 0.49278928167 -0.028258572203
v -0.140380723699 0.492877331358 -0.0282977909731
v -0.140051446661 0.492953859229 -0.0283370227219
v -0.139719680267 0.493018772043 -0.0283762196516
v -0.134908746567 0.473913298053 -0.0283997559689
v -0.135240129468 0.473811283456 -0.028359593908
v -0.135574884862 0.473720976083 -0.0283193695284
v -0.135912604901 0.47364248596 -0.0282791318373
v -0.140776312496 0.493029509495 -0.0282572934472
v -0.140441557102 0.493119816868 -0.0282975178269
v -0.140103837063 0.493198306991 -0.0283377555179
v -0.139763563838 0.493264884237 -0.028377957497
v -0.135312778227 0.474328657236 -0.0306025965832
v -0.135627591983 0.474231743368 -0.0305644426253
v -0.135945609607 0.474145951364 -0.0305262294647
v -0.136266443644 0.474071385747 -0.0304880036582
v -0.136589703208 0.474008137364 -0.030449811778
v -0.141201779615 0.492392144239 -0.0304291032298
v -0.140886965859 0.492489058106 -0.0304672571876
v -0.140568948235 0.49257485011 -0.0305054703483
v -0.140248114198 0.492649415727 -0.0305436961548
v -0.139924854634 0.492712664111 -0.0305818880349
v -0.135235291366 0.474090979775 -0.0306048793905
v -0.135558389695 0.473991515543 -0.0305657213811
v -0.135884776204 0.473903465854 -0.030526502611
v -0.136214053242 0.473826937984 -0.0304872708622
v -0.136545819636 0.47376202517 -0.0304480739326
v -0.141279266476 0.492629821699 -0.0304268204225
v -0.140956168147 0.492729285931 -0.0304659784319
v -0.140629781638 0.49281733562 -0.030505197202
v -0.1403005046 0.49289386349 -0.0305444289508
v -0.139968738206 0.492958776305 -0.0305836258804
v -0.135157804506 0.473853302315 -0.0306071621978
v -0.135489187407 0.473751287718 -0.0305670001369
v -0.135823942801 0.473660980345 -0.0305267757573
v -0.13616166284 0.473582490221 -0.0304865380662
v -0.136501936065 0.473515912976 -0.0304463360871
v -0.141356753336 0.49286749916 -0.0304245376152
v -0.141025370435 0.492969513757 -0.0304646996761
v -0.140690615041 0.49305982113 -0.0305049240557
v -0.140352895002 0.493138311253 -0.0305451617468
v -0.140012621777 0.493204888499 -0.0305853637259
v -0.134943350097 0.474495369115 -0.0328859473095
v -0.135250609831 0.474376579153 -0.0328480510825
v -0.135561836166 0.474268661497 -0.0328100028121
v -0.135876649922 0.47417174763 -0.0327718488542
v -0.136194667546 0.474085955626 -0.0327336356936
v -0.136515501583 0.474011390009 -0.0326954098871
v -0.136838761147 0.473948141625 -0.0326572180069
v -0.137164052394 0.473896287534 -0.032619106584
v -0.14176206389 0.492224230845 -0.0325984611882
v -0.141450837555 0.4923321485 -0.0326365094586
v -0.141136023799 0.492429062367 -0.0326746634165
v -0.140818006174 0.492514854372 -0.0327128765771
v -0.140497172137 0.492589419989 -0.0327511023836
v -0.140173912574 0.492652668372 -0.0327892942638
v -0.139848621326 0.492704522463 -0.0328274056867
v -0.139521694711 0.492744919086 -0.0328653902194
v -0.13919353104 0.492773809022 -0.0329032015836
v -0.134849587287 0.474263657645 -0.0328902286562
v -0.135164932803 0.47414174163 -0.0328513351601
v -0.135484349305 0.474030984037 -0.0328122856194
v -0.135807447634 0.473931519805 -0.03277312761
v -0.136133834143 0.473843470116 -0.0327339088399
v -0.136463111181 0.473766942246 -0.0326946770911
v -0.136794877575 0.473702029431 -0.0326554801614
v -0.137128729119 0.473648810759 -0.0326163658064
v -0.141847740917 0.492459068367 -0.0325951771106
v -0.141528324415 0.492569825961 -0.0326342266513
v -0.141205226086 0.492669290193 -0.0326733846607
v -0.140878839577 0.492757339882 -0.0327126034309
v -0.140549562539 0.492833867752 -0.0327518351797
v -0.140217796145 0.492898780566 -0.0327910321093
v -0.139883944601 0.492951999238 -0.0328301464643
v -0.139548414655 0.49299345893 -0.03286913059
v -0.134755824478 0.474031946174 -0.0328945100029
v -0.135079255776 0.473906904108 -0.0328546192376
v -0.135406862445 0.473793306576 -0.0328145684267
v -0.135738245346 0.473691291979 -0.0327744063657
v -0.13607300074 0.473600984606 -0.0327341819861
v -0.136410720779 0.473522494483 -0.032693944295
v -0.136750994004 0.473455917237 -0.0326537423159
v -0.137093405844 0.473401333984 -0.0326136250287
v -0.141933417944 0.492693905889 -0.0325918930331
v -0.141605811275 0.492807503421 -0.0326319438441
v -0.141274428374 0.492909518018 -0.032672105905
v -0.14093967298 0.492999825391 -0.0327123302846
v -0.140601952941 0.493078315515 -0.0327525679757
v -0.140261679716 0.49314489276 -0.0327927699548
v -0.139919267877 0.493199476014 -0.032832887242
v -0.139575134598 0.493241998774 -0.0328728709606
v -0.0629230573103 -0.390140235454 -0.171140748536
v -0.063254602529 -0.390140228822 -0.171146535676
v -0.0635857438109 -0.390140208933 -0.171163890044
v -0.0639160777113 -0.390140175813 -0.171192790496
v -0.0642452017694 -0.3901401295 -0.171233201822
v -0.0645727149981 -0.390140070053 -0.171285074788
v -0.0645727149981 -0.390118626445 -0.189996409808
v -0.0642452017694 -0.390118566997 -0.190048282773
v -0.0639160777113 -0.390118520685 -0.190088694099
v -0.0635857438109 -0.390118487564 -0.190117594552
v -0.063254602529 -0.390118467676 -0.19013494892
v -0.0629230573103 -0.390118461044 -0.190140736059
v -0.0625915120916 -0.390118467676 -0.19013494892
v -0.0622603708097 -0.390118487564 -0.190117594552
v -0.0619300369092 -0.390118520685 -0.190088694099
v -0.0619300369092 -0.390140175813 -0.171192790496
v -0.0622603708097 -0.390140208933 -0.171163890044
v -0.0625915120916 -0.390140228822 -0.171146535676
v -0.0629230573103 -0.390140521959 -0.1708907487
v -0.0632633274031 -0.390140515153 -0.170896688133
v -0.0636031829293 -0.390140494741 -0.170914499195
v -0.0639422098271 -0.390140460748 -0.170944160185
v -0.0642799950446 -0.390140413217 -0.170985634968
v -0.0646161270425 -0.390140352205 -0.171038873011
v -0.0646161270425 -0.390118344292 -0.190242611584
v -0.0642799950446 -0.39011828328 -0.190295849628
v -0.0639422098271 -0.390118235749 -0.19033732441
v -0.0636031829293 -0.390118201757 -0.190366985401
v -0.0632633274031 -0.390118181345 -0.190384796462
v -0.0629230573103 -0.390118174538 -0.190390735895
v -0.0625827872174 -0.390118181345 -0.190384796462
v -0.0622429316913 -0.390118201757 -0.190366985401
v -0.0619039047934 -0.390118235749 -0.19033732441
v -0.0619039047934 -0.390140460748 -0.170944160185
v -0.0622429316913 -0.390140494741 -0.170914499195
v -0.0625827872174 -0.390140515153 -0.170896688133
v -0.0629230573103 -0.390140808465 -0.170640748865
v -0.0632720522773 -0.390140801483 -0.17064684059
v -0.0636206220477 -0.390140780548 -0.170665108346
v -0.063968341943 -0.390140745684 -0.170695529875
v -0.0643147883199 -0.390140696935 -0.170738068113
v -0.064659539087 -0.390140634358 -0.170792671235
v -0.064659539087 -0.390118062139 -0.190488813361
v -0.0643147883199 -0.390117999563 -0.190543416482
v -0.063968341943 -0.390117950813 -0.190585954721
v -0.0636206220477 -0.390117915949 -0.190616376249
v -0.0632720522773 -0.390117895014 -0.190634644005
v -0.0629230573103 -0.390117888033 -0.190640735731
v -0.0625740623433 -0.390117895014 -0.190634644005
v -0.0622254925728 -0.390117915949 -0.190616376249
v -0.0618777726776 -0.390117950813 -0.190585954721
v -0.0618777726776 -0.390140745684 -0.170695529875
v -0.0622254925728 -0.390140780548 -0.170665108346
v -0.0625740623433 -0.390140801483 -0.17064684059
v -0.0629230573103 -0.392362456217 -0.171143295251
v -0.063254602529 -0.392362449585 -0.17114908239
v -0.063254602529 -0.392340688439 -0.190137495634
v -0.0629230573103 -0.392340681806 -0.190143282774
v -0.0625915120916 -0.392340688439 -0.190137495634
v -0.0622603708097 -0.392340708327 -0.190120141267
v -0.0622603708097 -0.392362429696 -0.171166436758
v -0.0625915120916 -0.392362449585 -0.17114908239
v -0.0629230573103 -0.392362742722 -0.170893295415
v -0.0632633274031 -0.392340402108 -0.190387343177
v -0.0629230573103 -0.392340395301 -0.19039328261
v -0.0625827872174 -0.392340402108 -0.190387343177
v -0.0622429316913 -0.39234042252 -0.190369532115
v -0.0622429316913 -0.392362715504 -0.170917045909
v -0.0625827872174 -0.392362735915 -0.170899234848
v -0.0629230573103 -0.392363029228 -0.170643295579
v -0.0632720522773 -0.392340115777 -0.19063719072
v -0.0629230573103 -0.392340108796 -0.190643282446
v -0.0625740623433 -0.392340115777 -0.19063719072
v -0.0622254925728 -0.392340136712 -0.190618922964
v -0.0622254925728 -0.392363001311 -0.170667655061
v -0.0625740623433 -0.392363022246 -0.170649387305
v -0.0629230573103 -0.39458467698 -0.171145841965
v -0.063254602529 -0.394584670348 -0.171151629105
v -0.063254602529 -0.394562909202 -0.190140042349
v -0.0629230573103 -0.394562902569 -0.190145829488
v -0.0625915120916 -0.394562909202 -0.190140042349
v -0.0622603708097 -0.39456292909 -0.190122687981
v -0.0619300369092 -0.394562962211 -0.190093787529
v -0.0619300369092 -0.394584617338 -0.171197883925
v -0.0622603708097 -0.394584650459 -0.171168983473
v -0.0625915120916 -0.394584670348 -0.171151629105
v -0.0629230573103 -0.394584963485 -0.17089584213
v -0.0632633274031 -0.394584956678 -0.170901781562
v -0.0632633274031 -0.394562622871 -0.190389889892
v -0.0629230573103 -0.394562616064 -0.190395829324
v -0.0625827872174 -0.394562622871 -0.190389889892
v -0.0622429316913 -0.394562643283 -0.19037207883
v -0.0619039047934 -0.394562677275 -0.190342417839
v -0.0619039047934 -0.394584902274 -0.170949253615
v -0.0622429316913 -0.394584936266 -0.170919592624
v -0.0625827872174 -0.394584956678 -0.170901781562
v -0.0629230573103 -0.39458524999 -0.170645842294
v -0.0632720522773 -0.394585243009 -0.17065193402
v -0.0632720522773 -0.39456233654 -0.190639737434
v -0.0629230573103 -0.394562329559 -0.19064582916
v -0.0625740623433 -0.39456233654 -0.190639737434
v -0.0622254925728 -0.394562357475 -0.190621469679
v -0.0618777726776 -0.394562392339 -0.19059104815
v -0.0618777726776 -0.39458518721 -0.170700623304
v -0.0622254925728 -0.394585222074 -0.170670201775
v -0.0625740623433 -0.394585243009 -0.17065193402
v -0.0629230573103 -0.396801460293 -0.171148384005
v -0.063254602529 -0.396801456974 -0.171154171147
v -0.0635857438109 -0.396801447018 -0.171171525524
v -0.0639160777113 -0.396801430439 -0.17120042599
v -0.0642452017694 -0.396801407257 -0.171240837337
v -0.0645727149981 -0.396801377499 -0.171292710327
v -0.0645727149981 -0.396790643575 -0.190004054556
v -0.0642452017694 -0.396790613818 -0.190055927547
v -0.0639160777113 -0.396790590636 -0.190096338893
v -0.0635857438109 -0.396790574057 -0.19012523936
v -0.063254602529 -0.396790564101 -0.190142593736
v -0.0629230573103 -0.396790560781 -0.190148380878
v -0.0625915120916 -0.396790564101 -0.190142593736
v -0.0622603708097 -0.396790574057 -0.19012523936
v -0.0619300369092 -0.396790590636 -0.190096338893
v -0.0619300369092 -0.396801430439 -0.17120042599
v -0.0622603708097 -0.396801447018 -0.171171525524
v -0.0625915120916 -0.396801456974 -0.171154171147
v -0.0629230573103 -0.396801603708 -0.170898384046
v -0.0632633274031 -0.396801600301 -0.170904323482
v -0.0636031829293 -0.396801590083 -0.170922134552
v -0.0639422098271 -0.396801573068 -0.170951795557
v -0.0642799950446 -0.396801549276 -0.17099327036
v -0.0646161270425 -0.396801518735 -0.17104650843
v -0.0646161270425 -0.39679050234 -0.190250256454
v -0.0642799950446 -0.396790471799 -0.190303494523
v -0.0639422098271 -0.396790448007 -0.190344969326
v -0.0636031829293 -0.396790430992 -0.190374630331
v -0.0632633274031 -0.396790420774 -0.190392441402
v -0.0629230573103 -0.396790417367 -0.190398380837
v -0.0625827872174 -0.396790420774 -0.190392441402
v -0.0622429316913 -0.396790430992 -0.190374630331
v -0.0619039047934 -0.396790448007 -0.190344969326
v -0.0619039047934 -0.396801573068 -0.170951795557
v -0.0622429316913 -0.396801590083 -0.170922134552
v -0.0625827872174 -0.396801600301 -0.170904323482
v -0.0629230573103 -0.396801747123 -0.170648384087
v -0.0632720522773 -0.396801743628 -0.170654475816
v -0.0636206220477 -0.396801733149 -0.17067274358
v -0.063968341943 -0.396801715697 -0.170703165124
v -0.0643147883199 -0.396801691295 -0.170745703384
v -0.064659539087 -0.396801659971 -0.170800306532
v -0.064659539087 -0.396790361104 -0.190496458351
v -0.0643147883199 -0.39679032978 -0.1905510615
v -0.063968341943 -0.396790305378 -0.190593599759
v -0.0636206220477 -0.396790287926 -0.190624021303
v -0.0632720522773 -0.396790277447 -0.190642289067
v -0.0629230573103 -0.396790273952 -0.190648380796
v -0.0625740623433 -0.396790277447 -0.190642289067
v -0.0622254925728 -0.396790287926 -0.190624021303
v -0.0618777726776 -0.396790305378 -0.190593599759
v -0.0618777726776 -0.396801715697 -0.170703165124
v -0.0622254925728 -0.396801733149 -0.17067274358
v -0.0625740623433 -0.396801743628 -0.170654475816
v -0.0629230573103 -0.399012496551 -0.171148387051
v -0.063254602529 -0.399012500045 -0.171154174194
v -0.0635857438109 -0.399012510523 -0.17117152857
v -0.0639160777113 -0.399012527972 -0.171200429036
v -0.0639160777113 -0.399023936743 -0.190096341604
v -0.0635857438109 -0.399023954193 -0.19012524207
v -0.063254602529 -0.399023964671 -0.190142596446
v -0.0629230573103 -0.399023968165 -0.190148383588
v -0.0625915120916 -0.399023964671 -0.190142596446
v -0.0622603708097 -0.399023954193 -0.19012524207
v -0.0619300369092 -0.399023936743 -0.190096341604
v -0.0619300369092 -0.399012527972 -0.171200429036
v -0.0622603708097 -0.399012510523 -0.17117152857
v -0.0625915120916 -0.399012500045 -0.171154174194
v -0.0629230573103 -0.399012345609 -0.170898387097
v -0.0632633274031 -0.399012349195 -0.170904326532
v -0.0636031829293 -0.399012359948 -0.170922137603
v -0.0639422098271 -0.399012377857 -0.170951798607
v -0.0639422098271 -0.399024086859 -0.190344972032
v -0.0636031829293 -0.399024104767 -0.190374633037
v -0.0632633274031 -0.399024115521 -0.190392444107
v -0.0629230573103 -0.399024119107 -0.190398383543
v -0.0625827872174 -0.399024115521 -0.190392444107
v -0.0622429316913 -0.399024104767 -0.190374633037
v -0.0619039047934 -0.399024086859 -0.190344972032
v -0.0619039047934 -0.399012377857 -0.170951798607
v -0.0622429316913 -0.399012359948 -0.170922137603
v -0.0625827872174 -0.399012349195 -0.170904326532
v -0.0629230573103 -0.399012194666 -0.170648387142
v -0.0632720522773 -0.399012198344 -0.170654478871
v -0.0636206220477 -0.399012209374 -0.170672746635
v -0.063968341943 -0.399012227741 -0.170703168179
v -0.063968341943 -0.399024236974 -0.190593602461
v -0.0636206220477 -0.399024255342 -0.190624024004
v -0.0632720522773 -0.399024266371 -0.190642291768
v -0.0629230573103 -0.399024270049 -0.190648383497
v -0.0625740623433 -0.399024266371 -0.190642291768
v -0.0622254925728 -0.399024255342 -0.190624024004
v -0.0618777726776 -0.399024236974 -0.190593602461
v -0.0618777726776 -0.399012227741 -0.170703168179
v -0.0622254925728 -0.399012209374 -0.170672746635
v -0.0625740623433 -0.399012198344 -0.170654478871
v -0.0629230573103 -0.39888865018 -0.190147103303
v -0.063254602529 -0.398888657761 -0.190141316165
v -0.0635857438109 -0.398888680497 -0.1901239618
v -0.0639160777113 -0.39888871836 -0.190095061354
v -0.0639160777113 -0.39891347391 -0.171199161558
v -0.0635857438109 -0.398913511773 -0.171170261111
v -0.063254602529 -0.398913534509 -0.171152906747
v -0.0629230573103 -0.398913542091 -0.171147119608
v -0.0625915120916 -0.398913534509 -0.171152906747
v -0.0622603708097 -0.398913511773 -0.171170261111
v -0.0619300369092 -0.39891347391 -0.171199161558
v -0.0619300369092 -0.39888871836 -0.190095061354
v -0.0622603708097 -0.398888680497 -0.1901239618
v -0.0625915120916 -0.398888657761 -0.190141316165
v -0.0629230573103 -0.398888322655 -0.190397103088
v -0.0632633274031 -0.398888330436 -0.190391163657
v -0.0636031829293 -0.39888835377 -0.190373352599
v -0.0639422098271 -0.398888392629 -0.190343691614
v -0.0639422098271 -0.398913799641 -0.170950531297
v -0.0636031829293 -0.3989138385 -0.170920870313
v -0.0632633274031 -0.398913861835 -0.170903059254
v -0.0629230573103 -0.398913869616 -0.170897119823
v -0.0625827872174 -0.398913861835 -0.170903059254
v -0.0622429316913 -0.3989138385 -0.170920870313
v -0.0619039047934 -0.398913799641 -0.170950531297
v -0.0619039047934 -0.398888392629 -0.190343691614
v -0.0622429316913 -0.39888835377 -0.190373352599
v -0.0625827872174 -0.398888330436 -0.190391163657
v -0.0629230573103 -0.398887995129 -0.190647102874
v -0.0632720522773 -0.39888800311 -0.190641011149
v -0.0636206220477 -0.398888027043 -0.190622743397
v -0.063968341943 -0.398888066898 -0.190592321875
v -0.063968341943 -0.398914125372 -0.170701901037
v -0.0636206220477 -0.398914165228 -0.170671479514
v -0.0632720522773 -0.39891418916 -0.170653211762
v -0.0629230573103 -0.398914197141 -0.170647120037
v -0.0625740623433 -0.39891418916 -0.170653211762
v -0.0622254925728 -0.398914165228 -0.170671479514
v -0.0618777726776 -0.398914125372 -0.170701901037
v -0.0618777726776 -0.398888066898 -0.190592321875
v -0.0622254925728 -0.398888027043 -0.190622743397
v -0.0625740623433 -0.39888800311 -0.190641011149
v -0.0629230573103 -0.396671218399 -0.190145317438
v -0.063254602529 -0.396671223063 -0.190139530297
v -0.0635857438109 -0.396671237049 -0.190122175923
v -0.0639160777113 -0.39667126034 -0.190093275461
v -0.0642452017694 -0.396671292909 -0.190052864121
v -0.0645727149981 -0.396671334714 -0.190000991139
v -0.0645727149981 -0.396686414555 -0.171289649908
v -0.0642452017694 -0.396686456361 -0.171237776925
v -0.0639160777113 -0.396686488929 -0.171197365586
v -0.0635857438109 -0.396686512221 -0.171168465123
v -0.063254602529 -0.396686526207 -0.17115111075
v -0.0629230573103 -0.396686530871 -0.171145323608
v -0.0625915120916 -0.396686526207 -0.17115111075
v -0.0622603708097 -0.396686512221 -0.171168465123
v -0.0619300369092 -0.396686488929 -0.171197365586
v -0.0619300369092 -0.39667126034 -0.190093275461
v -0.0622603708097 -0.396671237049 -0.190122175923
v -0.0625915120916 -0.396671223063 -0.190139530297
v -0.0629230573103 -0.396671016919 -0.190395317357
v -0.0632633274031 -0.396671021705 -0.190389377922
v -0.0636031829293 -0.39667103606 -0.190371566855
v -0.0639422098271 -0.396671059964 -0.190341905854
v -0.0642799950446 -0.396671093389 -0.190300431058
v -0.0642799950446 -0.39668665588 -0.170990209989
v -0.0639422098271 -0.396686689305 -0.170948735192
v -0.0636031829293 -0.39668671321 -0.170919074192
v -0.0632633274031 -0.396686727564 -0.170901263124
v -0.0629230573103 -0.396686732351 -0.17089532369
v -0.0625827872174 -0.396686727564 -0.170901263124
v -0.0622429316913 -0.39668671321 -0.170919074192
v -0.0619039047934 -0.396686689305 -0.170948735192
v -0.0619039047934 -0.396671059964 -0.190341905854
v -0.0622429316913 -0.39667103606 -0.190371566855
v -0.0625827872174 -0.396671021705 -0.190389377922
v -0.0629230573103 -0.396670815439 -0.190645317276
v -0.0632720522773 -0.396670820348 -0.190639225548
v -0.0636206220477 -0.396670835071 -0.190620957786
v -0.063968341943 -0.396670859588 -0.190590536247
v -0.0643147883199 -0.39667089387 -0.190547997995
v -0.0643147883199 -0.396686855399 -0.170742643052
v -0.063968341943 -0.396686889681 -0.170700104799
v -0.0636206220477 -0.396686914199 -0.17066968326
v -0.0632720522773 -0.396686928921 -0.170651415499
v -0.0629230573103 -0.396686933831 -0.170645323771
v -0.0625740623433 -0.396686928921 -0.170651415499
v -0.0622254925728 -0.396686914199 -0.17066968326
v -0.0618777726776 -0.396686889681 -0.170700104799
v -0.0618777726776 -0.396670859588 -0.190590536247
v -0.0622254925728 -0.396670835071 -0.190620957786
v -0.0625740623433 -0.396670820348 -0.190639225548
v -0.0629230573103 -0.394448996898 -0.190143526506
v -0.063254602529 -0.394449001562 -0.190137739364
v -0.063254602529 -0.394464304706 -0.171149319817
v -0.0629230573103 -0.39446430937 -0.171143532676
v -0.0625915120916 -0.394464304706 -0.171149319817
v -0.0622603708097 -0.39446429072 -0.171166674191
v -0.0619300369092 -0.394464267429 -0.171195574653
v -0.0619300369092 -0.39444903884 -0.190091484529
v -0.0622603708097 -0.394449015548 -0.190120384991
v -0.0625915120916 -0.394449001562 -0.190137739364
v -0.0629230573103 -0.394448795418 -0.190393526425
v -0.0632633274031 -0.394448800205 -0.19038758699
v -0.0632633274031 -0.394464506063 -0.170899472192
v -0.0629230573103 -0.39446451085 -0.170893532757
v -0.0625827872174 -0.394464506063 -0.170899472192
v -0.0622429316913 -0.394464491709 -0.170917283259
v -0.0619039047934 -0.394464467805 -0.17094694426
v -0.0619039047934 -0.394448838464 -0.190340114922
v -0.0622429316913 -0.394448814559 -0.190369775922
v -0.0625827872174 -0.394448800205 -0.19038758699
v -0.0629230573103 -0.394448593938 -0.190643526343
v -0.0632720522773 -0.394448598848 -0.190637434615
v -0.0632720522773 -0.394464707421 -0.170649624566
v -0.0629230573103 -0.39446471233 -0.170643532838
v -0.0625740623433 -0.394464707421 -0.170649624566
v -0.0622254925728 -0.394464692698 -0.170667892328
v -0.0618777726776 -0.394464668181 -0.170698313867
v -0.0618777726776 -0.394448638087 -0.190588745315
v -0.0622254925728 -0.39444861357 -0.190619166854
v -0.0625740623433 -0.394448598848 -0.190637434615
v -0.0629230573103 -0.392226775398 -0.190141735573
v -0.063254602529 -0.392226780062 -0.190135948432
v -0.063254602529 -0.392242083206 -0.171147528885
v -0.0629230573103 -0.39224208787 -0.171141741744
v -0.0625915120916 -0.392242083206 -0.171147528885
v -0.0622603708097 -0.392242069219 -0.171164883259
v -0.0622603708097 -0.392226794048 -0.190118594058
v -0.0625915120916 -0.392226780062 -0.190135948432
v -0.0629230573103 -0.392226573918 -0.190391735492
v -0.0632633274031 -0.392226578704 -0.190385796057
v -0.0629230573103 -0.39224228935 -0.170891741825
v -0.0625827872174 -0.392242284563 -0.170897681259
v -0.0622429316913 -0.392242270209 -0.170915492327
v -0.0622429316913 -0.392226593059 -0.19036798499
v -0.0625827872174 -0.392226578704 -0.190385796057
v -0.0629230573103 -0.392226372438 -0.190641735411
v -0.0632720522773 -0.392226377347 -0.190635643683
v -0.0629230573103 -0.392242490829 -0.170641741906
v -0.0625740623433 -0.39224248592 -0.170647833634
v -0.0622254925728 -0.392242471198 -0.170666101395
v -0.0622254925728 -0.39222639207 -0.190617375921
v -0.0625740623433 -0.392226377347 -0.190635643683
v -0.0629230573103 -0.390004553897 -0.190139944641
v -0.063254602529 -0.390004558561 -0.190134157499
v -0.0635857438109 -0.390004572547 -0.190116803126
v -0.0639160777113 -0.390004595839 -0.190087902664
v -0.0642452017694 -0.390004628407 -0.190047491324
v -0.0645727149981 -0.390004670212 -0.189995618341
v -0.0645727149981 -0.390019750054 -0.171284277111
v -0.0642452017694 -0.390019791859 -0.171232404128
v -0.0639160777113 -0.390019824427 -0.171191992788
v -0.0635857438109 -0.390019847719 -0.171163092326
v -0.063254602529 -0.390019861705 -0.171145737953
v -0.0629230573103 -0.390019866369 -0.171139950811
v -0.0625915120916 -0.390019861705 -0.171145737953
v -0.0622603708097 -0.390019847719 -0.171163092326
v -0.0619300369092 -0.390019824427 -0.171191992788
v -0.0619300369092 -0.390004595839 -0.190087902664
v -0.0622603708097 -0.390004572547 -0.190116803126
v -0.0625915120916 -0.390004558561 -0.190134157499
v -0.0629230573103 -0.390004352417 -0.19038994456
v -0.0632633274031 -0.390004357204 -0.190384005125
v -0.0636031829293 -0.390004371558 -0.190366194057
v -0.0639422098271 -0.390004395462 -0.190336533057
v -0.0642799950446 -0.390004428888 -0.190295058261
v -0.0646161270425 -0.390004471793 -0.1902418202
v -0.0646161270425 -0.390019948473 -0.171038075252
v -0.0642799950446 -0.390019991378 -0.170984837191
v -0.0639422098271 -0.390020024804 -0.170943362395
v -0.0636031829293 -0.390020048708 -0.170913701395
v -0.0632633274031 -0.390020063062 -0.170895890327
v -0.0629230573103 -0.390020067849 -0.170889950892
v -0.0625827872174 -0.390020063062 -0.170895890327
v -0.0622429316913 -0.390020048708 -0.170913701395
v -0.0619039047934 -0.390020024804 -0.170943362395
v -0.0619039047934 -0.390004395462 -0.190336533057
v -0.0622429316913 -0.390004371558 -0.190366194057
v -0.0625827872174 -0.390004357204 -0.190384005125
v -0.0629230573103 -0.390004150937 -0.190639944478
v -0.0632720522773 -0.390004155847 -0.190633852751
v -0.0636206220477 -0.390004170569 -0.190615584989
v -0.063968341943 -0.390004195086 -0.19058516345
v -0.0643147883199 -0.390004229369 -0.190542625198
v -0.064659539087 -0.390004273374 -0.190488022058
v -0.064659539087 -0.390020146892 -0.170791873394
v -0.0643147883199 -0.390020190897 -0.170737270255
v -0.063968341943 -0.39002022518 -0.170694732002
v -0.0636206220477 -0.390020249697 -0.170664310463
v -0.0632720522773 -0.390020264419 -0.170646042701
v -0.0629230573103 -0.390020269329 -0.170639950974
v -0.0625740623433 -0.390020264419 -0.170646042701
v -0.0622254925728 -0.390020249697 -0.170664310463
v -0.0618777726776 -0.39002022518 -0.170694732002
v -0.0618777726776 -0.390004195086 -0.19058516345
v -0.0622254925728 -0.390004170569 -0.190615584989
v -0.0625740623433 -0.390004155847 -0.190633852751
v -0.46118052754 0.225098154166 -0.0170050182532
v -0.461531911892 0.22453582169 -0.0170046289854
v -0.461843213957 0.223950347723 -0.0170041962414
v -0.461983352347 0.223649820019 -0.0170039642167
v -0.444766129241 0.215621308811 -0.0169872140302
v -0.444625990851 0.215921836515 -0.0169874460549
v -0.444496426097 0.216227071897 -0.016987688142
v -0.444377592833 0.216536643077 -0.0169879399965
v -0.444269635839 0.216850172887 -0.0169882013117
v -0.461387786907 0.225237952216 -0.0170052633353
v -0.461913409539 0.224363169321 -0.0170046472048
v -0.46206791244 0.224059940341 -0.0170044196916
v -0.462211738682 0.223751504013 -0.017004181561
v -0.444541430758 0.215511716193 -0.0169869905801
v -0.444397604515 0.215820152521 -0.0169872287107
v -0.444264630162 0.216133420414 -0.0169874771685
v -0.444142669707 0.216451138203 -0.0169877356508
v -0.443932371251 0.21709837016 -0.0169882814174
v -0.461595046274 0.225377750266 -0.0170055084173
v -0.461785151486 0.225085013926 -0.0170053093901
v -0.444032834228 0.216039768931 -0.0169872661949
v -0.443907746582 0.21636563333 -0.016987531305
v -0.443692055858 0.217029460978 -0.0169880910657
v -0.461362129701 0.224822059062 -0.015013939481
v -0.461532914102 0.224537826109 -0.0150137392889
v -0.461693674878 0.224247806021 -0.0150135282245
v -0.461844216167 0.223952352143 -0.015013306545
v -0.461984354557 0.223651824439 -0.0150130745203
v -0.462113919311 0.223346589056 -0.0150128324332
v -0.462232752575 0.223037017877 -0.0150125805786
v -0.462340709569 0.222723488066 -0.0150123192634
v -0.445249217916 0.214753606311 -0.0149956913978
v -0.445078433515 0.215037839264 -0.0149958915898
v -0.444917672739 0.215327859352 -0.0149961026542
v -0.444767131451 0.21562331323 -0.0149963243338
v -0.444626993061 0.215923840934 -0.0149965563584
v -0.444497428306 0.216229076317 -0.0149967984455
v -0.444378595042 0.216538647496 -0.0149970503001
v -0.444270638049 0.216852177307 -0.0149973116153
v -0.461574141699 0.224954538704 -0.0150141795873
v -0.461749420426 0.224662825936 -0.0150139741271
v -0.461914411748 0.224365173741 -0.0150137575084
v -0.46206891465 0.22406194476 -0.0150135299951
v -0.462212740892 0.223753508432 -0.0150132918645
v -0.462345715245 0.22344024054 -0.0150130434067
v -0.462467675701 0.22312252275 -0.0150127849244
v -0.462578473668 0.222800742155 -0.0150125167325
v -0.445037205919 0.214621126669 -0.0149954512914
v -0.444861927192 0.214912839437 -0.0149956567517
v -0.444696935869 0.215210491632 -0.0149958733704
v -0.444542432968 0.215513720613 -0.0149961008836
v -0.444398606725 0.215822156941 -0.0149963390142
v -0.444265632372 0.216135424833 -0.014996587472
v -0.444143671917 0.216453142623 -0.0149968459543
v -0.44403287395 0.216774923218 -0.0149971141462
v -0.461786153696 0.225087018345 -0.0150144196937
v -0.461965926749 0.224787825763 -0.0150142089652
v -0.462135148619 0.22448254146 -0.0150139867922
v -0.462293613133 0.224171537377 -0.0150137534453
v -0.462441127228 0.223855192426 -0.0150135092088
v -0.46257751118 0.223533892023 -0.0150132543802
v -0.462702598826 0.223208027624 -0.0150129892702
v -0.462816237767 0.222877996244 -0.0150127142015
v -0.444825193922 0.214488647028 -0.014995211185
v -0.444645420868 0.21478783961 -0.0149954219135
v -0.444476198999 0.215093123913 -0.0149956440866
v -0.444317734485 0.215404127996 -0.0149958774335
v -0.44417022039 0.215720472947 -0.01499612167
v -0.444033836438 0.21604177335 -0.0149963764985
v -0.443908748791 0.216367637749 -0.0149966416086
v -0.443795109851 0.216697669129 -0.0149969166772
v -0.46118253196 0.225102163005 -0.0130232388603
v -0.461363131911 0.224824063482 -0.0130230497845
v -0.461533916312 0.224539830529 -0.0130228495925
v -0.461694677088 0.224249810441 -0.0130226385281
v -0.461845218376 0.223954356562 -0.0130224168485
v -0.461985356766 0.223653828858 -0.0130221848238
v -0.444768133661 0.21562531765 -0.0130054346373
v -0.44462799527 0.215925845354 -0.013005666662
v -0.444498430516 0.216231080736 -0.0130059087491
v -0.444379597252 0.216540651916 -0.0130061606036
v -0.444271640258 0.216854181726 -0.0130064219188
v -0.444174691064 0.217171288181 -0.0130066923763
v -0.461389791327 0.225241961055 -0.0130234839424
v -0.461575143908 0.224956543123 -0.0130232898909
v -0.461750422636 0.224664830356 -0.0130230844306
v -0.461915413958 0.22436717816 -0.0130228678119
v -0.46206991686 0.22406394918 -0.0130226402987
v -0.462213743102 0.223755512852 -0.0130224021681
v -0.444543435177 0.215515725032 -0.0130052111872
v -0.444399608935 0.21582416136 -0.0130054493178
v -0.444266634582 0.216137429253 -0.0130056977756
v -0.444144674127 0.216455147042 -0.0130059562579
v -0.44403387616 0.216776927638 -0.0130062244498
v -0.443934375671 0.217102378999 -0.0130065020245
v -0.461597050694 0.225381759105 -0.0130237290244
v -0.461787155906 0.225089022765 -0.0130235299972
v -0.461966928959 0.224789830183 -0.0130233192688
v -0.462136150828 0.22448454588 -0.0130230970957
v -0.462294615343 0.224173541797 -0.0130228637488
v -0.462442129437 0.223857196845 -0.0130226195123
v -0.444318736694 0.215406132415 -0.013004987737
v -0.4441712226 0.215722477367 -0.0130052319735
v -0.444034838648 0.21604377777 -0.013005486802
v -0.443909751001 0.216369642169 -0.0130057519121
v -0.443796112061 0.216699673549 -0.0130060269807
v -0.443694060277 0.217033469817 -0.0130063116728
v -0.46198635949 0.223655836527 -0.0110288834211
v -0.444769135365 0.215627318774 -0.0110170334857
v -0.444628996967 0.215927846524 -0.0110171886718
v -0.462214745839 0.223757520606 -0.0110290372994
v -0.444544436869 0.21551772607 -0.0110168755236
v -0.444400610618 0.215826162445 -0.0110170347935
v -0.462443132188 0.223859204685 -0.0110291911777
v -0.444319738372 0.215408133367 -0.0110167175615
v -0.444172224269 0.215724478366 -0.0110168809152
v -0.461986099059 0.223655205132 -0.0110029589829
v -0.444628742887 0.215927257047 -0.0109712549432
v -0.444768881234 0.215626729607 -0.0109707810017
v -0.444919422477 0.215331275971 -0.0109703269509
v -0.462214485324 0.223756888659 -0.0110033761413
v -0.444400356622 0.21582557352 -0.0109708377848
v -0.44454418282 0.215517137463 -0.0109703513712
v -0.444698685674 0.215213908731 -0.0109698853717
v -0.462442871589 0.223858572187 -0.0110037932997
v -0.444171970357 0.215723889993 -0.0109704206264
v -0.444319484406 0.215407545319 -0.0109699217406
v -0.444477948872 0.215096541491 -0.0109694437924
v -0.461984537133 0.223651891053 -0.0129912543126
v -0.461844398769 0.223952418603 -0.0129916456631
v -0.461693857507 0.224247872341 -0.0129920203818
v -0.461533096761 0.224537892302 -0.0129923780121
v -0.461362312391 0.22482212514 -0.0129927181184
v -0.461181712472 0.225100224562 -0.0129930402863
v -0.444173874663 0.217169370412 -0.0129664566531
v -0.44427082384 0.21685226416 -0.0129660037372
v -0.444378780814 0.21653873454 -0.0129655654302
v -0.444497614056 0.216229163539 -0.0129651422662
v -0.444627178787 0.215923928322 -0.0129647347608
v -0.444767317152 0.215623400772 -0.0129643434103
v -0.462212923427 0.223753574773 -0.0129916032541
v -0.462069097211 0.224062010943 -0.0129920049032
v -0.461914594338 0.224365239779 -0.012992389483
v -0.461749603045 0.224662891844 -0.0129927565246
v -0.46157432435 0.224954604494 -0.0129931055811
v -0.461388971802 0.225240022322 -0.0129934362271
v -0.443933559313 0.217100461484 -0.0129661530245
v -0.444033059784 0.21677501033 -0.0129656881898
v -0.444143857731 0.216453229931 -0.0129652383485
v -0.444265818164 0.216135512325 -0.0129648040486
v -0.444398792493 0.215822244602 -0.0129643858193
v -0.444542618709 0.215513808432 -0.0129639841701
v -0.462441309721 0.223855258493 -0.0129919521955
v -0.462293795653 0.224171603283 -0.0129923641434
v -0.462135331168 0.224482607218 -0.0129927585841
v -0.461966109329 0.224787891387 -0.0129931350371
v -0.461786336308 0.225087083848 -0.0129934930438
v -0.461596231131 0.225379820082 -0.0129938321679
v -0.443693243963 0.217031552555 -0.012965849396
v -0.443795295728 0.216697756501 -0.0129653726425
v -0.443908934648 0.216367725321 -0.0129649112667
v -0.444034022272 0.21604186111 -0.0129644658309
v -0.444170406199 0.215720560882 -0.0129640368778
v -0.444317920267 0.215404216092 -0.0129636249299
v -0.462339329068 0.222720233813 -0.0149808729098
v -0.462231372094 0.223033763433 -0.0149813112167
v -0.462112538851 0.223343334434 -0.0149817343807
v -0.46198297412 0.22364856965 -0.0149821418862
v -0.461842835756 0.223949097201 -0.0149825332367
v -0.461692294495 0.224244550939 -0.0149829079554
v -0.461531533748 0.224534570899 -0.0149832655858
v -0.461360749378 0.224818803738 -0.0149836056921
v -0.444269260827 0.216848942758 -0.0149568913108
v -0.444377217801 0.216535413138 -0.0149564530039
v -0.444496051043 0.216225842137 -0.0149560298399
v -0.444625615774 0.21592060692 -0.0149556223344
v -0.444765754139 0.21562007937 -0.0149552309839
v -0.4449162954 0.215324625632 -0.0149548562652
v -0.445077056147 0.215034605671 -0.0149544986349
v -0.445247840517 0.214750372833 -0.0149541585285
v -0.462577093124 0.222797487642 -0.0149811884572
v -0.462466295177 0.223119268042 -0.0149816382985
v -0.462344334743 0.223436985648 -0.0149820725984
v -0.462211360414 0.22375025337 -0.0149824908277
v -0.462067534198 0.224058689541 -0.0149828924769
v -0.461913031325 0.224361918377 -0.0149832770566
v -0.461748040032 0.224659570442 -0.0149836440983
v -0.461572761337 0.224951283092 -0.0149839931547
v -0.444031496771 0.216771688928 -0.0149565757634
v -0.444142294718 0.216449908528 -0.0149561259221
v -0.444264255151 0.216132190922 -0.0149556916222
v -0.44439722948 0.2158189232 -0.0149552733929
v -0.444541055697 0.21551048703 -0.0149548717437
v -0.44469555857 0.215207258193 -0.014954487164
v -0.444860549863 0.214909606129 -0.0149541201223
v -0.445035828558 0.214617893479 -0.0149537710659
v -0.462814857179 0.222874741472 -0.0149815040045
v -0.462701218259 0.223204772651 -0.0149819653802
v -0.462576130636 0.223530636863 -0.014982410816
v -0.462439746708 0.223851937091 -0.0149828397692
v -0.46229223264 0.224168281881 -0.014983251717
v -0.462133768155 0.224479285815 -0.0149836461578
v -0.461964546316 0.224784569984 -0.0149840226108
v -0.461784773295 0.225083762446 -0.0149843806174
v -0.443793732715 0.216694435098 -0.0149562602161
v -0.443907371635 0.216364403919 -0.0149557988404
v -0.444032459259 0.216038539708 -0.0149553534046
v -0.444168843186 0.21571723948 -0.0149549244514
v -0.444316357254 0.21540089469 -0.0149545125036
v -0.44447482174 0.215089890755 -0.0149541180628
v -0.444644043578 0.214784606586 -0.0149537416098
v -0.444823816599 0.214485414125 -0.0149533836032
v -0.444170748637 0.217162727607 -0.0169482318003
v -0.444267697814 0.216845621355 -0.0169477788844
v -0.444375654788 0.216532091735 -0.0169473405775
v -0.444494488031 0.216222520735 -0.0169469174135
v -0.444624052762 0.215917285518 -0.016946509908
v -0.444764191126 0.215616757967 -0.0169461185575
v -0.444914732387 0.215321304229 -0.0169457438388
v -0.443930433287 0.217093818679 -0.0169479281718
v -0.444029933758 0.216768367526 -0.0169474633371
v -0.444140731705 0.216446587126 -0.0169470134957
v -0.444262692138 0.21612886952 -0.0169465791959
v -0.444395666467 0.215815601798 -0.0169461609665
v -0.444539492684 0.215507165627 -0.0169457593174
v -0.444693995557 0.215203936791 -0.0169453747377
v -0.443690117938 0.217024909751 -0.0169476245433
v -0.443792169703 0.216691113696 -0.0169471477897
v -0.443905808623 0.216361082517 -0.016946686414
v -0.444030896246 0.216035218306 -0.0169462409782
v -0.444167280173 0.215713918078 -0.0169458120251
v -0.444314794241 0.215397573288 -0.0169454000772
v -0.444473258727 0.215086569353 -0.0169450056365
v -0.461180515897 0.225098060766 -0.0170312363044
v -0.461361115581 0.22481996215 -0.0170304385306
v -0.461692660268 0.224245711259 -0.0170287170547
v -0.461983339517 0.223649732267 -0.017026834748
v -0.444626003681 0.215921924267 -0.0169645755236
v -0.444496439118 0.216227158194 -0.0169655741521
v -0.461387774958 0.225237856359 -0.0170321713351
v -0.461573127265 0.224952439357 -0.0170313525673
v -0.461748405733 0.224660727636 -0.0170304903686
v -0.461913396812 0.224363076601 -0.0170295857894
v -0.444695946386 0.215208579933 -0.0169618244822
v -0.444264643527 0.216133508981 -0.0169647812315
v -0.461964911737 0.224785725056 -0.0170313822976
v -0.462134133356 0.224480441943 -0.0170304545241
v -0.462440111512 0.223853095635 -0.0170284731487
v -0.444169231685 0.215718560899 -0.016962937123
v -0.443692070068 0.217029546561 -0.0169673683704
v 0.404987850288 -0.276440764259 -0.0328762974351
v 0.404797654796 -0.276712391571 -0.0328762679299
v 0.404617054822 -0.276990491143 -0.032876236541
v 0.4044462704 -0.277274724151 -0.0328762033067
v 0.420159613841 -0.287873507799 -0.0328731186577
v 0.420359173127 -0.287608683681 -0.0328731462432
v 0.420549368619 -0.287337056369 -0.0328731757484
v 0.420729968593 -0.287058956797 -0.0328732071373
v 0.420900753015 -0.286774723789 -0.0328732403716
v 0.40478559604 -0.27629381795 -0.0328763388981
v 0.404590395403 -0.27657259335 -0.0328763086165
v 0.404405042799 -0.276858011331 -0.0328762764016
v 0.40422976405 -0.277149724156 -0.0328762422927
v 0.420356616528 -0.288027423163 -0.0328730764687
v 0.420561427375 -0.28775562999 -0.0328731047802
v 0.420756628012 -0.28747685459 -0.0328731350618
v 0.420941980616 -0.287191436609 -0.0328731672767
v 0.421117259365 -0.286899723784 -0.0328732013856
v 0.404583341792 -0.276146871642 -0.0328763803612
v 0.404383136011 -0.276432795129 -0.0328763493031
v 0.404193030775 -0.27672553152 -0.0328763162622
v 0.4040132577 -0.277024724161 -0.0328762812787
v 0.420553619216 -0.288181338527 -0.0328730342797
v 0.420763681623 -0.287902576298 -0.0328730633171
v 0.420963887404 -0.287616652811 -0.0328730943752
v 0.421153992639 -0.28732391642 -0.0328731274161
v 0.421333765715 -0.287024723779 -0.0328731623996
v 0.404797469084 -0.276712020149 -0.0306540457465
v 0.404616869111 -0.27699011972 -0.0306540143576
v 0.404446084689 -0.277274352729 -0.0306539811233
v 0.420358987416 -0.287608312259 -0.0306509240598
v 0.420549182908 -0.287336684946 -0.030650953565
v 0.420729782881 -0.287058585375 -0.0306509849539
v 0.420900567303 -0.286774352366 -0.0306510181882
v 0.404590209692 -0.276572221928 -0.0306540864331
v 0.404404857087 -0.276857639909 -0.0306540542182
v 0.404229578339 -0.277149352733 -0.0306540201093
v 0.420561241664 -0.287755258567 -0.0306508825968
v 0.4207564423 -0.287476483167 -0.0306509128784
v 0.420941794905 -0.287191065186 -0.0306509450933
v 0.421117073653 -0.286899352361 -0.0306509792022
v 0.404382950299 -0.276432423707 -0.0306541271197
v 0.404192845064 -0.276725160097 -0.0306540940788
v 0.404013071988 -0.277024352738 -0.0306540590953
v 0.420763495912 -0.287902204875 -0.0306508411337
v 0.420963701693 -0.287616281388 -0.0306508721918
v 0.421153806928 -0.287323544997 -0.0306509052327
v 0.421333580004 -0.287024352357 -0.0306509402162
v 0.405187038152 -0.276175197295 -0.0284318806538
v 0.404987478865 -0.276440021413 -0.0284318530682
v 0.404797283373 -0.276711648726 -0.028431823563
v 0.404616683399 -0.276989748297 -0.0284317921742
v 0.420548997196 -0.287336313523 -0.0284287313816
v 0.42072959717 -0.287058213952 -0.0284287627704
v 0.420900381592 -0.286773980943 -0.0284287960047
v 0.421061142388 -0.286483960792 -0.028428831044
v 0.404990035464 -0.276021281931 -0.0284319228428
v 0.404785224617 -0.276293075105 -0.0284318945313
v 0.40459002398 -0.276571850505 -0.0284318642496
v 0.404404671376 -0.276857268486 -0.0284318320348
v 0.420756256589 -0.287476111744 -0.028428690695
v 0.420941609193 -0.287190693763 -0.0284287229099
v 0.421116887942 -0.286898980939 -0.0284287570188
v 0.421281879285 -0.286601328678 -0.0284287929801
v 0.404582970369 -0.276146128797 -0.0284319359943
v 0.404382764588 -0.276432052284 -0.0284319049362
v 0.404192659353 -0.276724788675 -0.0284318718953
v 0.420963515981 -0.287615909965 -0.0284286500084
v 0.421153621217 -0.287323173574 -0.0284286830493
v 0.421333394292 -0.287023980934 -0.0284287180328
v 0.421502616182 -0.286718696564 -0.0284287549162
v 0.404987293154 -0.27643964999 -0.0262096308848
v 0.404797097662 -0.276711277303 -0.0262096013796
v 0.404616497688 -0.276989376874 -0.0262095699908
v 0.404445713266 -0.277273609883 -0.0262095367565
v 0.420358615993 -0.287607569413 -0.026206479693
v 0.420548811485 -0.287335942101 -0.0262065091982
v 0.420729411459 -0.287057842529 -0.026206540587
v 0.420900195881 -0.286773609521 -0.0262065738213
v 0.404785038906 -0.276292703682 -0.0262096723479
v 0.404589838269 -0.276571479082 -0.0262096420662
v 0.404404485665 -0.276856897063 -0.0262096098513
v 0.404229206916 -0.277148609888 -0.0262095757425
v 0.420560870241 -0.287754515721 -0.0262064382299
v 0.420756070878 -0.287475740322 -0.0262064685116
v 0.420941423482 -0.28719032234 -0.0262065007265
v 0.421116702231 -0.286898609516 -0.0262065348353
v 0.404582784658 -0.276145757374 -0.0262097138109
v 0.404382578877 -0.276431680861 -0.0262096827528
v 0.404192473641 -0.276724417252 -0.0262096497119
v 0.420763124489 -0.28790146203 -0.0262063967669
v 0.42096333027 -0.287615538543 -0.026206427825
v 0.421153435505 -0.287322802152 -0.0262064608659
v 0.421333208581 -0.287023609511 -0.0262064958493
v 0.40498710904 -0.276439284329 -0.0239953928917
v 0.404796913588 -0.276710911653 -0.0239952946621
v 0.404616313652 -0.276989011229 -0.023995184905
v 0.404445529266 -0.277273244235 -0.0239950637542
v 0.404284768503 -0.277563264377 -0.0239949313573
v 0.420158869438 -0.287872016366 -0.0239761867368
v 0.420358428683 -0.287607192229 -0.0239762733193
v 0.420548624136 -0.287335564905 -0.0239763715489
v 0.420729224072 -0.287057465329 -0.0239764813059
v 0.420900008458 -0.286773232323 -0.0239766024567
v 0.421060769221 -0.286483212181 -0.0239767348536
v 0.404784854835 -0.276292338172 -0.023995644465
v 0.404589654239 -0.276571113584 -0.0239955436504
v 0.404404301673 -0.27685653157 -0.023995431005
v 0.40422902296 -0.277148244392 -0.023995306666
v 0.404064031652 -0.277445896643 -0.023995170785
v 0.420355872085 -0.288025931579 -0.023975932885
v 0.420560682889 -0.287754138386 -0.0239760217459
v 0.420755883485 -0.287475362974 -0.0239761225605
v 0.420941236051 -0.287189944988 -0.0239762352059
v 0.421116514764 -0.286898232166 -0.0239763595449
v 0.421281506072 -0.286600579915 -0.0239764954259
v 0.404582600629 -0.276145392016 -0.0239958960383
v 0.404382394889 -0.276431315515 -0.0239957926387
v 0.404192289693 -0.276724051911 -0.023995677105
v 0.404012516655 -0.277023244549 -0.0239955495778
v 0.4038432948 -0.277328528909 -0.0239954102127
v 0.420552874732 -0.288179846791 -0.0239756790332
v 0.420762937095 -0.287901084542 -0.0239757701726
v 0.420963142835 -0.287615161043 -0.0239758735722
v 0.42115324803 -0.287322424648 -0.023975989106
v 0.421333021069 -0.28702323201 -0.0239761166331
v 0.421502242924 -0.28671794765 -0.0239762559983
v 0.404444747828 -0.27727239896 -0.02471322178
v 0.40461553222 -0.27698816594 -0.0247131482576
v 0.404796132161 -0.276710066353 -0.0247130844842
v 0.404986327619 -0.276438439021 -0.0247130305376
v 0.420899227493 -0.286772390935 -0.0247290784576
v 0.420728443102 -0.287056623955 -0.02472915198
v 0.42054784316 -0.287334723541 -0.0247292157534
v 0.420357647702 -0.287606350874 -0.0247292697
v 0.404228241517 -0.277147399065 -0.0247130131395
v 0.404403520234 -0.276855686229 -0.0247129376823
v 0.404588872805 -0.276570268232 -0.0247128722307
v 0.404784073407 -0.276291492812 -0.0247128168645
v 0.421115733804 -0.286897390829 -0.0247292870981
v 0.420940455087 -0.287189103665 -0.0247293625553
v 0.420755102516 -0.287474521662 -0.0247294280069
v 0.420559901914 -0.287753297083 -0.0247294833731
v 0.404011735206 -0.277022399171 -0.024712804499
v 0.404191508249 -0.276723206519 -0.024712727107
v 0.40438161345 -0.276430470112 -0.0247126599772
v 0.404581819195 -0.276144546603 -0.0247126031913
v 0.421332240116 -0.287022390724 -0.0247294957386
v 0.421152467072 -0.287321583376 -0.0247295731306
v 0.420962361871 -0.287614319783 -0.0247296402604
v 0.420762156126 -0.287900243291 -0.0247296970463
v 0.420898222099 -0.286771398854 -0.0269435190762
v 0.420727437677 -0.287055631864 -0.0269435043202
v 0.420546837703 -0.287333731437 -0.0269434894028
v 0.420356642211 -0.287605358751 -0.0269434743421
v 0.420157082924 -0.287870182869 -0.0269434591565
v 0.404282978631 -0.277561419012 -0.0269432099841
v 0.404443739427 -0.277271398859 -0.0269432245606
v 0.404614523849 -0.276987165849 -0.0269432393166
v 0.404795123823 -0.276709066276 -0.0269432542341
v 0.404985319315 -0.276437438962 -0.0269432692948
v 0.42111472845 -0.286896398854 -0.0269435229514
v 0.420939449701 -0.28718811168 -0.0269435078071
v 0.420754097096 -0.287473529663 -0.0269434924971
v 0.420558896459 -0.287752305064 -0.0269434770401
v 0.420354085612 -0.288024098238 -0.0269434614549
v 0.404062241733 -0.277444051121 -0.0269432057253
v 0.404227233076 -0.277146398859 -0.0269432206854
v 0.404402511825 -0.276854686033 -0.0269432358298
v 0.40458786443 -0.27656926805 -0.0269432511398
v 0.404783065067 -0.276290492649 -0.0269432665968
v 0.421331234801 -0.287021398854 -0.0269435268266
v 0.421151461725 -0.287320591496 -0.026943511294
v 0.420961356489 -0.287613327889 -0.0269434955914
v 0.420761150708 -0.287899251377 -0.0269434797381
v 0.420551088301 -0.288178013607 -0.0269434637532
v 0.403841504835 -0.277326683231 -0.0269432014665
v 0.404010726725 -0.277021398859 -0.0269432168102
v 0.404190499801 -0.276722206217 -0.0269432323429
v 0.404380605037 -0.276429469824 -0.0269432480454
v 0.404580810818 -0.276143546336 -0.0269432638988
v 0.40444458896 -0.277272532983 -0.0291711560139
v 0.40461537337 -0.276988299977 -0.0291712355477
v 0.404795973331 -0.276710200405 -0.0291713082076
v 0.40498616881 -0.276438573089 -0.0291713739052
v 0.421059831215 -0.286482508402 -0.0291601174773
v 0.420899070431 -0.286772528549 -0.0291600311665
v 0.420728286021 -0.287056761556 -0.0291599516327
v 0.42054768606 -0.287334861128 -0.0291598789728
v 0.420357490581 -0.287606488443 -0.0291598132753
v 0.404228082625 -0.277147533042 -0.0291713023935
v 0.404403361361 -0.276855820219 -0.0291713840203
v 0.404588713953 -0.276570402237 -0.0291714585923
v 0.404783914576 -0.276291626835 -0.0291715260187
v 0.421280568098 -0.286599876234 -0.029159973369
v 0.421115576766 -0.286897528491 -0.029159884787
v 0.420940298029 -0.287189241313 -0.0291598031602
v 0.420754945438 -0.287474659295 -0.0291597285882
v 0.420559744815 -0.287753434698 -0.0291596611617
v 0.404011576289 -0.2770225331 -0.0291714487731
v 0.404191349353 -0.276723340461 -0.0291715324928
v 0.404381454575 -0.27643060407 -0.029171608977
v 0.404581660342 -0.27614468058 -0.0291716781323
v 0.421332083101 -0.287022528432 -0.0291597384074
v 0.421152310038 -0.287321721071 -0.0291596546876
v 0.420962204816 -0.287614457462 -0.0291595782035
v 0.420761999049 -0.287900380952 -0.0291595090482
v 0.404445437892 -0.277273664893 -0.0313933777857
v 0.404616222302 -0.276989431886 -0.0313934573195
v 0.404796822263 -0.276711332315 -0.0313935299794
v 0.420899919363 -0.286773660459 -0.0313822529383
v 0.420729134953 -0.287057893465 -0.0313821734045
v 0.420548534992 -0.287335993037 -0.0313821007446
v 0.420358339513 -0.287607620353 -0.0313820350471
v 0.404404210293 -0.276856952129 -0.0313936057921
v 0.404589562885 -0.276571534147 -0.0313936803641
v 0.421116425698 -0.2868986604 -0.0313821065588
v 0.420941146962 -0.287190373223 -0.031382024932
v 0.42075579437 -0.287475791205 -0.0313819503599
v 0.420560593747 -0.287754566607 -0.0313818829335
v 0.404192198285 -0.276724472371 -0.0313937542646
v 0.404382303507 -0.27643173598 -0.0313938307488
v 0.421332932034 -0.287023660342 -0.0313819601792
v 0.42115315897 -0.287322852981 -0.0313818764594
v 0.420963053748 -0.287615589372 -0.0313817999753
v 0.420762847981 -0.287901512862 -0.03138173082
v 0.404446286824 -0.277274796803 -0.0336155995575
v 0.404617071234 -0.276990563796 -0.0336156790913
v 0.404797671195 -0.276712464224 -0.0336157517512
v 0.404987866674 -0.276440836909 -0.0336158174488
v 0.42106152908 -0.286484772221 -0.0336045610209
v 0.420900768296 -0.286774792369 -0.0336044747101
v 0.420729983886 -0.287059025375 -0.0336043951763
v 0.420549383924 -0.287337124947 -0.0336043225164
v 0.420359188446 -0.287608752263 -0.0336042568189
v 0.420159629173 -0.287873576386 -0.0336041981637
v 0.404229780489 -0.277149796861 -0.0336157459371
v 0.404405059226 -0.276858084039 -0.0336158275639
v 0.404590411817 -0.276572666057 -0.0336159021359
v 0.40478561244 -0.276293890654 -0.0336159695623
v 0.421282265962 -0.286602140054 -0.0336044169126
v 0.421117274631 -0.28689979231 -0.0336043283305
v 0.420941995894 -0.287191505133 -0.0336042467038
v 0.420756643302 -0.287476923114 -0.0336041721317
v 0.420561442679 -0.287755698517 -0.0336041047053
v 0.420356631847 -0.288027491696 -0.0336040445066
v 0.404013274154 -0.277024796919 -0.0336158923167
v 0.404193047217 -0.276725604281 -0.0336159760364
v 0.404383152439 -0.27643286789 -0.0336160525206
v 0.404583358206 -0.276146944399 -0.0336161216759
v 0.421503002844 -0.286719507886 -0.0336042728044
v 0.421333780966 -0.287024792252 -0.033604181951
v 0.421154007903 -0.28732398489 -0.0336040982312
v 0.420963902681 -0.287616721282 -0.0336040217471
v 0.420763696913 -0.287902644772 -0.0336039525918
v 0.420553634521 -0.288181407007 -0.0336038908495
v -0.0792637753913 -0.466322872125 -0.191348360114
v -0.0792634769092 -0.465992538224 -0.191377259044
v -0.0792632976743 -0.465661396943 -0.191394612497
v -0.0792632379051 -0.465329851724 -0.191400399332
v -0.0792632976743 -0.464998306505 -0.191394612497
v -0.0792634769092 -0.464667165223 -0.191377259044
v -0.0792637753913 -0.464336831323 -0.191348360114
v -0.0792616359017 -0.466686789458 -0.191555504729
v -0.0792609012158 -0.466009977343 -0.191626636755
v -0.0792607172643 -0.465670121817 -0.191644446878
v -0.0792606559222 -0.465329851724 -0.191650385998
v -0.0792607172643 -0.464989581631 -0.191644446878
v -0.0792609012158 -0.464649726105 -0.191626636755
v -0.0792616359017 -0.46397291399 -0.191555504729
v -0.0792586397142 -0.466375136357 -0.19184559454
v -0.0792580739393 -0.465329851724 -0.191900372665
v -0.0792586397142 -0.464284567091 -0.19184559454
v -0.0776076702821 -0.465329851724 -0.191383252607
v -0.0776077482969 -0.464998306505 -0.191377465989
v -0.0776079822461 -0.464667165223 -0.191360113187
v -0.0776083718447 -0.464336831323 -0.191331215342
v -0.077608916618 -0.464007707265 -0.191290807661
v -0.0776096159024 -0.463680194036 -0.191238939375
v -0.0776043001071 -0.465329851724 -0.191633229889
v -0.0776043801748 -0.464989581631 -0.191627290993
v -0.0776046202806 -0.464649726105 -0.191609481538
v -0.0776050201318 -0.464310699207 -0.191579823223
v -0.0776055792412 -0.46397291399 -0.191538352182
v -0.0776062969278 -0.463636781992 -0.191485118941
v -0.077600929932 -0.465329851724 -0.191883207172
v -0.0776010120528 -0.464980856757 -0.191877115996
v -0.0776012583151 -0.464632286986 -0.191858849888
v -0.0776016684189 -0.464284567091 -0.191828431104
v -0.0776022418645 -0.463938120714 -0.191785896703
v -0.0776029779533 -0.463593369947 -0.191731298507
v -0.0759533713264 -0.464667165223 -0.19133263483
v -0.075953849704 -0.464336831323 -0.191303738318
v -0.0759545186163 -0.464007707265 -0.191263332501
v -0.0759492432603 -0.464649726105 -0.191581991675
v -0.0759497342267 -0.464310699207 -0.191552334728
v -0.0759504207421 -0.46397291399 -0.191510865601
v -0.0759451151942 -0.464632286986 -0.19183134852
v -0.0759456187495 -0.464284567091 -0.191800931139
v -0.0759463228678 -0.463938120714 -0.191758398701
v -0.0743291087942 -0.464336831323 -0.191276972185
v -0.074329774445 -0.464007707265 -0.191236566314
v -0.0743250133836 -0.464310699207 -0.191525568927
v -0.0743256965515 -0.46397291399 -0.191484099744
v -0.074320917973 -0.464284567091 -0.191774165669
v -0.0743216186581 -0.463938120714 -0.191731633174
v -0.0726973258339 -0.464336831323 -0.191250087921
v -0.0726980183438 -0.464007707265 -0.191209682503
v -0.0726989072665 -0.463680194036 -0.19115781712
v -0.0726999915189 -0.463354690661 -0.191094554964
v -0.0726930651728 -0.464310699207 -0.191498681886
v -0.0726937759067 -0.46397291399 -0.191457213167
v -0.0726946882221 -0.463636781992 -0.191403982906
v -0.0726958010075 -0.463302712738 -0.191339055957
v -0.0726888045117 -0.464284567091 -0.191747275851
v -0.0726895334695 -0.463938120714 -0.191704743831
v -0.0726904691776 -0.463593369947 -0.191650148692
v -0.072691610496 -0.463250734816 -0.191583556949
v -0.0727246696863 -0.463354690661 -0.19109386423
v -0.0727237536577 -0.463680194036 -0.191157129045
v -0.0727230026531 -0.464007707265 -0.191208996608
v -0.0727224175873 -0.464336831323 -0.191249403726
v -0.0727211293406 -0.463302712738 -0.191338375501
v -0.072720189206 -0.463636781992 -0.19140330518
v -0.0727194184381 -0.46397291399 -0.191456537678
v -0.0727188179759 -0.464310699207 -0.191498008141
v -0.0727175889949 -0.463250734816 -0.191582886771
v -0.0727166247543 -0.463593369947 -0.191649481314
v -0.0727158342231 -0.463938120714 -0.191704078748
v -0.0727152183644 -0.464284567091 -0.191746612556
v -0.0743422867085 -0.464007707265 -0.191233521499
v -0.0743416747798 -0.464336831323 -0.191273928218
v -0.0743385379263 -0.46397291399 -0.191481060131
v -0.0743379098943 -0.464310699207 -0.191522530186
v -0.0743347891442 -0.463938120714 -0.191728598764
v -0.0743341450087 -0.464284567091 -0.191771132153
v -0.0792174995589 -0.465329851724 -0.191399816795
v -0.0792188995332 -0.464007707265 -0.191307374049
v -0.0792137139353 -0.465329851724 -0.191649788132
v -0.0792145227189 -0.466349004241 -0.191596382736
v -0.0792145227189 -0.464310699207 -0.191596382736
v -0.0792099283117 -0.465329851724 -0.191899759468
v -0.0792102971752 -0.466027416461 -0.191875402764
v -0.0792107578334 -0.466375136357 -0.191844984703
v -0.0792107578334 -0.464284567091 -0.191844984703
v -0.0792102971752 -0.464632286986 -0.191875402764
v -0.457781205564 -0.220241299188 0.125357282586
v -0.457775988126 -0.220238795316 0.125025737368
v -0.440656848022 -0.212023239755 0.125025737368
v -0.440651630585 -0.212020735883 0.125357282586
v -0.457775988126 -0.220238795316 0.125688827805
v -0.45798518228 -0.22033918857 0.124677156967
v -0.440447653869 -0.211922846501 0.124677156967
v -0.45798518228 -0.22033918857 0.126037408205
v -0.440288591163 -0.211846511563 0.123965551577
v -0.440108316726 -0.213273148034 0.124364262185
v -0.440082261316 -0.21326064392 0.124694596086
v -0.440066615361 -0.213253135353 0.125025737368
v -0.440061397924 -0.213250631481 0.125357282586
v -0.440066615361 -0.213253135353 0.125688827805
v -0.439884162287 -0.213165575268 0.124338130069
v -0.439857421208 -0.213152742099 0.124677156967
v -0.439841363518 -0.213145035938 0.125017012493
v -0.43983600878 -0.213142466174 0.125357282586
v -0.439841363518 -0.213145035938 0.125697552679
v -0.439660007848 -0.213058002502 0.124311997954
v -0.4396325811 -0.213044840277 0.124659717849
v -0.439616111674 -0.213036936523 0.125008287619
v -0.439610619635 -0.213034300867 0.125357282586
v -0.439616111674 -0.213036936523 0.125706277553
v -0.439492028655 -0.214490539518 0.124694596086
v -0.4394763827 -0.214483030951 0.125025737368
v -0.439471165263 -0.214480527079 0.125357282586
v -0.4394763827 -0.214483030951 0.125688827805
v -0.439267188547 -0.214382637697 0.124677156967
v -0.439251130857 -0.214374931536 0.125017012493
v -0.439245776119 -0.214372361772 0.125357282586
v -0.439251130857 -0.214374931536 0.125697552679
v -0.439042348439 -0.214274735875 0.124659717849
v -0.439025879013 -0.214266832121 0.125008287619
v -0.439020386974 -0.214264196465 0.125357282586
v -0.45601050758 -0.223930985982 0.125357282586
v -0.438886150039 -0.215712926549 0.125025737368
v -0.438880932602 -0.215710422677 0.125357282586
v -0.438886150039 -0.215712926549 0.125688827805
v -0.455963588778 -0.223908469429 0.126350302987
v -0.455989644189 -0.223920973543 0.126019969087
v -0.456005290143 -0.22392848211 0.125688827805
v -0.456235896725 -0.224039151289 0.125357282586
v -0.438660898196 -0.215604827134 0.125017012493
v -0.438655543458 -0.21560225737 0.125357282586
v -0.438660898196 -0.215604827134 0.125697552679
v -0.456187743218 -0.224016042195 0.126376435103
v -0.456214484296 -0.224028875364 0.126037408205
v -0.456230541987 -0.224036581525 0.125697552679
v -0.456461285869 -0.224147316596 0.125357282586
v -0.438435646352 -0.215496727719 0.125008287619
v -0.438430154313 -0.215494092063 0.125357282586
v -0.438435646352 -0.215496727719 0.125706277553
v -0.456411897657 -0.224123614961 0.126402567219
v -0.456439324404 -0.224136777186 0.126054847324
v -0.45645579383 -0.22414468094 0.125706277553
v -0.455422383242 -0.225156485478 0.125357282586
v -0.45541716452 -0.225153984283 0.125025737368
v -0.438309460146 -0.216954716108 0.124694596086
v -0.43829381034 -0.216947215571 0.125025737368
v -0.438288591619 -0.216944714377 0.125357282586
v -0.43829381034 -0.216947215571 0.125688827805
v -0.438309460146 -0.216954716108 0.126019969087
v -0.45537545289 -0.225133993007 0.126350302987
v -0.455401514714 -0.225146483747 0.126019969087
v -0.45541716452 -0.225153984283 0.125688827805
v -0.455647827868 -0.225264535098 0.125357282586
v -0.455642471812 -0.225261968082 0.125017012493
v -0.438084564691 -0.216846929691 0.124677156967
v -0.438068503048 -0.216839231773 0.125017012493
v -0.438063146992 -0.216836664757 0.125357282586
v -0.438068503048 -0.216839231773 0.125697552679
v -0.438084564691 -0.216846929691 0.126037408205
v -0.455599662507 -0.22524145072 0.126376435103
v -0.455626410169 -0.225254270163 0.126037408205
v -0.455642471812 -0.225261968082 0.125697552679
v -0.455873272495 -0.225372584717 0.125357282586
v -0.455867779104 -0.225369951881 0.125008287619
v -0.437859669237 -0.216739143275 0.124659717849
v -0.437843195756 -0.216731247974 0.125008287619
v -0.437837702365 -0.216728615137 0.125357282586
v -0.437843195756 -0.216731247974 0.125706277553
v -0.437859669237 -0.216739143275 0.126054847324
v -0.455823872125 -0.225348908433 0.126402567219
v -0.455851305624 -0.22536205658 0.126054847324
v -0.455867779104 -0.225369951881 0.125706277553
v -0.438297671379 -0.216927435753 0.125357282586
v -0.438302884955 -0.216929947655 0.125025737368
v -0.438318519331 -0.216937480302 0.124694596086
v -0.455409355889 -0.225171850546 0.125025737368
v -0.455414569465 -0.225174362449 0.125357282586
v -0.455409355889 -0.225171850546 0.125688827805
v -0.455393721513 -0.225164317899 0.126019969087
v -0.455367685386 -0.225151773685 0.126350302987
v -0.438318519331 -0.216937480302 0.126019969087
v -0.438302884955 -0.216929947655 0.125688827805
v -0.438072449036 -0.216818923559 0.125357282586
v -0.438077799811 -0.216821501564 0.125017012493
v -0.438093845618 -0.216829232439 0.124677156967
v -0.455634441033 -0.225280296637 0.125017012493
v -0.455639791808 -0.225282874642 0.125357282586
v -0.455634441033 -0.225280296637 0.125697552679
v -0.455618395226 -0.225272565762 0.126037408205
v -0.455591673937 -0.225259691437 0.126376435103
v -0.438093845618 -0.216829232439 0.126037408205
v -0.438077799811 -0.216821501564 0.125697552679
v -0.437847226693 -0.216710411366 0.125357282586
v -0.437852714668 -0.216713055474 0.125008287619
v -0.437869171905 -0.216720984576 0.124659717849
v -0.455859526177 -0.225388742728 0.125008287619
v -0.455865014151 -0.225391386835 0.125357282586
v -0.455859526177 -0.225388742728 0.125706277553
v -0.455843068939 -0.225380813625 0.126054847324
v -0.455815662489 -0.225367609189 0.126402567219
v -0.437869171905 -0.216720984576 0.126054847324
v -0.437852714668 -0.216713055474 0.125706277553
v -0.438887051058 -0.215702539422 0.125357282586
v -0.438892265923 -0.215705048649 0.125025737368
v -0.456008179265 -0.223940680532 0.125357282586
v -0.4560029644 -0.223938171306 0.125688827805
v -0.455987326161 -0.223930646683 0.126019969087
v -0.455961283599 -0.223918115833 0.126350302987
v -0.438892265923 -0.215705048649 0.125688827805
v -0.438661773056 -0.215594142828 0.125357282586
v -0.438667125153 -0.215596718087 0.125017012493
v -0.456233457267 -0.224049077126 0.125357282586
v -0.45622810517 -0.224046501867 0.125697552679
v -0.456212055397 -0.224038779228 0.126037408205
v -0.456185327505 -0.224025918618 0.126376435103
v -0.438667125153 -0.215596718087 0.125697552679
v -0.438436495053 -0.215485746235 0.125357282586
v -0.438441984384 -0.215488387526 0.125008287619
v -0.45645873527 -0.224157473719 0.125357282586
v -0.456453245939 -0.224154832428 0.125706277553
v -0.456436784634 -0.224146911773 0.126054847324
v -0.456409371411 -0.224133721404 0.126402567219
v -0.438441984384 -0.215488387526 0.125706277553
v -0.456598902841 -0.222699634159 0.125025737368
v -0.456604120414 -0.222702137748 0.125357282586
v -0.456598902841 -0.222699634159 0.125688827805
v -0.456583256479 -0.222692126441 0.126019969087
v -0.45682416055 -0.222807721351 0.125017012493
v -0.456829515428 -0.222810290824 0.125357282586
v -0.45682416055 -0.222807721351 0.125697552679
v -0.456808102442 -0.222800016061 0.126037408205
v -0.457049418259 -0.222915808543 0.125008287619
v -0.457054910441 -0.222918443901 0.125357282586
v -0.457049418259 -0.222915808543 0.125706277553
v -0.457032948404 -0.222907905682 0.126054847324
v -0.440057892091 -0.213262467133 0.125357282586
v -0.440063112736 -0.213264964309 0.125025737368
v -0.440078768312 -0.213272452796 0.124694596086
v -0.440104839743 -0.213284923469 0.124364262185
v -0.457177123944 -0.221451060322 0.124694596086
v -0.45719277952 -0.221458548809 0.125025737368
v -0.457198000165 -0.221461045986 0.125357282586
v -0.45719277952 -0.221458548809 0.125688827805
v -0.457177123944 -0.221451060322 0.126019969087
v -0.457151052512 -0.221438589649 0.126350302987
v -0.440063112736 -0.213264964309 0.125688827805
v -0.439832364353 -0.213154591095 0.125357282586
v -0.439837722384 -0.213157153987 0.125017012493
v -0.439853789948 -0.213164839539 0.124677156967
v -0.43988054747 -0.213177638388 0.124338130069
v -0.457402102308 -0.221558673579 0.124677156967
v -0.457418169872 -0.221566359132 0.125017012493
v -0.457423527903 -0.221568922023 0.125357282586
v -0.457418169872 -0.221566359132 0.125697552679
v -0.457402102308 -0.221558673579 0.126037408205
v -0.457375344785 -0.22154587473 0.126376435103
v -0.439837722384 -0.213157153987 0.125697552679
v -0.439606836615 -0.213046715058 0.125357282586
v -0.439612332031 -0.213049343664 0.125008287619
v -0.439628811584 -0.213057226282 0.124659717849
v -0.439656255197 -0.213070353306 0.124311997954
v -0.457627080671 -0.221666286836 0.124659717849
v -0.457643560224 -0.221674169454 0.125008287619
v -0.457649055641 -0.221676798061 0.125357282586
v -0.457643560224 -0.221674169454 0.125706277553
v -0.457627080671 -0.221666286836 0.126054847324
v -0.457599637059 -0.221653159812 0.126402567219
v -0.439612332031 -0.213049343664 0.125706277553
v -0.44064575711 -0.212032997204 0.125357282586
v -0.44066663481 -0.212042979775 0.124694596086
v -0.457766201339 -0.220219055296 0.124694596086
v -0.457787079039 -0.220229037867 0.125357282586
v -0.457766201339 -0.220219055296 0.126019969087
v -0.440420213401 -0.211925154563 0.125357282586
v -0.440441640513 -0.211935399834 0.124677156967
v -0.44046839993 -0.211948194721 0.124338130069
v -0.44050581746 -0.211966085733 0.124000344852
v -0.457991195636 -0.220326635237 0.124677156967
v -0.458012622748 -0.220336880508 0.125357282586
v -0.457991195636 -0.220326635237 0.126037408205
v -0.457964436219 -0.22031384035 0.126376435103
v -0.440194669691 -0.211817311923 0.125357282586
v -0.440216646217 -0.211827819893 0.124659717849
v -0.440244091773 -0.211840942854 0.124311997954
v -0.458216189932 -0.220434215178 0.124659717849
v -0.458238166458 -0.220444723148 0.125357282586
v -0.458216189932 -0.220434215178 0.126054847324
v -0.458188744376 -0.220421092217 0.126402567219
g feasible_centers_point_000000
p 416 417 418 419 420 421 422 423 424 425 426 427 428 429 430 431 432 433 434 435 436 437 438 439 440 441 442 443 444 445 446 447 448 449 450 451 452
g feasible_centers_point_000001
p 453 454 455 456 457 458 459 460 461 462 463 464 465 466 467 468 469 470 471 472 473 474 475 476 477 478 479 480 481 482 483 484 485 486 487 488 489 490 491 492 493 494 495 496
g feasible_centers_point_000002
p 497 498 499 500 501 502 503 504 505 506 507 508 509 510 511 512 513 514 515
g feasible_centers_point_000003
p 516 517 518 519 520 521 522 523 524 525 526 527 528 529 530 531 532 533 534 535 536 537 538 539 540 541 542 543 544 545 546 547 548 549 550 551
g feasible_centers_point_000004
p 552 553 554 555 556 557 558 559 560 561 562 563 564 565 566 567 568 569 570 571 572 573 574 575 576 577 578 579 580 581 582 583 584 585 586 587 588 589 590 591 592 593 594 595 596 597 598 599 600 601 602 603
g feasible_centers_point_000005
p 604 605 606 607 608 609 610 611 612 613 614 615 616 617 618 619 620 621 622 623 624 625 626 627 628 629 630 631 632 633 634 635 636 637 638 639 640 641 642 643 644 645 646 647
g feasible_centers_point_000006
p 648 649 650 651 652 653 654 655 656 657 658 659 660 661 662 663 664 665 666 667 668 669 670 671 672 673 674 675 676 677 678 679 680 681 682 683 684 685 686 687 688 689 690 691 692 693 694 695 696
g feasible_centers_point_000007
p 697 698 699 700 701 702 703 704 705 706 707 708 709 710 711 712 713 714 715 716 717 718 719 720 721 722 723 724 725 726 727 728 729 730 731 732 733 734 735 736 737 738 739 740 741 742 743 744 745
g feasible_centers_point_000008
p 746 747 748 749 750 751 752 753 754 755 756 757 758 759 760 761 762 763 764 765 766 767 768 769 770 771 772 773 774 775 776 777 778 779 780 781 782 783 784
g feasible_centers_point_000009
p 785 786 787 788 789 790 791 792 793 794 795 796 797 798 799 800 801 802
g feasible_centers_point_000010
p 803 804 805 806 807 808 809 810 811 812 813 814 815 816 817 818 819 820 821 822 823 824 825 826 827 828 829 830 831 832
g feasible_centers_point_000011
p 833 834 835 836 837 838 839 840 841 842 843 844 845 846 847 848 849 850 851 852 853 854 855 856 857 858 859 860 861 862
g feasible_centers_point_000012
p 863 864 865 866 867 868 869 870 871 872 873 874 875 876 877 878 879 880 881 882 883 884 885 886 887 888 889 890 891 892 893 894 895 896 897
g feasible_centers_point_000013
p 898 899 900 901 902 903 904 905 906 907 908 909 910 911 912 913 914 915 916 917 918 919 920 921 922 923 924 925 926 927 928 929 930 931 932 933 934 935 936 937 938 939 940 941 942
g feasible_centers_point_000014
p 943 944 945 946 947 948 949 950 951 952 953 954 955 956 957 958 959 960 961 962 963 964 965 966 967 968 969 970 971 972
g feasible_centers_point_000015
p 973 974 975 976 977 978 979 980 981 982 983 984 985 986 987 988 989 990
g feasible_centers_point_000016
p 991 992 993 994 995 996 997 998 999 1000 1001 1002 1003 1004 1005 1006 1007 1008 1009 1010 1011 1012 1013 1014 1015 1016
g feasible_centers_point_000017
p 1017 1018 1019 1020 1021 1022 1023 1024 1025 1026 1027 1028 1029 1030 1031 1032 1033 1034 1035 1036 1037 1038 1039 1040 1041 1042 1043 1044 1045 1046
g feasible_centers_point_000018
p 1047 1048 1049 1050 1051 1052 1053 1054 1055 1056 1057 1058 1059 1060 1061 1062 1063 1064 1065 1066 1067 1068 1069 1070 1071 1072 1073 1074 1075 1076 1077 1078 1079 1080 1081 1082 1083
g feasible_centers_point_000019
p 1084 1085 1086 1087 1088 1089 1090 1091 1092 1093 1094 1095 1096 1097 1098 1099 1100 1101 1102 1103 1104 1105 1106 1107 1108 1109 1110 1111 1112 1113 1114 1115 1116 1117 1118 1119 1120 1121 1122 1123 1124 1125 1126
g feasible_centers_point_000020
p 1127 1128 1129 1130 1131 1132 1133 1134 1135 1136 1137 1138 1139 1140 1141 1142 1143 1144 1145 1146 1147 1148 1149 1150
g feasible_centers_point_000021
p 1151 1152 1153 1154 1155 1156 1157 1158 1159 1160 1161 1162 1163 1164 1165 1166 1167 1168 1169 1170 1171 1172 1173 1174 1175 1176 1177 1178 1179 1180
g feasible_centers_point_000022
p 1181 1182 1183 1184 1185 1186 1187 1188 1189 1190
g feasible_centers_point_000023
p 1191 1192 1193 1194 1195 1196 1197 1198 1199 1200 1201 1202 1203 1204 1205 1206 1207 1208 1209 1210 1211 1212
g feasible_centers_point_000024
p 1213 1214 1215 1216 1217 1218 1219 1220 1221 1222 1223 1224 1225 1226 1227 1228 1229 1230
g feasible_centers_point_000025
p 1231 1232 1233 1234 1235 1236 1237 1238 1239 1240 1241 1242 1243 1244 1245 1246 1247 1248 1249 1250 1251 1252 1253 1254 1255 1256 1257 1258 1259 1260
g feasible_centers_point_000026
p 1261 1262 1263 1264 1265 1266 1267 1268 1269 1270 1271 1272 1273 1274 1275 1276 1277 1278 1279 1280 1281 1282 1283 1284
g feasible_centers_point_000027
p 1285 1286 1287 1288 1289 1290 1291 1292 1293 1294 1295 1296 1297 1298 1299 1300 1301 1302 1303 1304 1305 1306 1307 1308
g feasible_centers_point_000028
p 1309 1310 1311 1312 1313 1314 1315 1316 1317 1318 1319 1320 1321 1322 1323 1324 1325 1326 1327 1328
g feasible_centers_point_000029
p 1329 1330 1331 1332 1333 1334 1335 1336 1337 1338 1339 1340 1341 1342 1343 1344 1345 1346 1347 1348 1349 1350 1351 1352 1353 1354 1355 1356 1357 1358
g feasible_centers_point_000030
p 1359 1360 1361 1362 1363 1364 1365 1366 1367 1368 1369 1370 1371 1372 1373 1374 1375 1376 1377 1378 1379 1380 1381 1382 1383 1384 1385 1386 1387 1388
g feasible_centers_point_000031
p 1389 1390 1391 1392 1393 1394 1395 1396 1397 1398 1399 1400 1401 1402 1403 1404 1405 1406 1407 1408 1409 1410 1411
g feasible_centers_point_000032
p 1412 1413 1414 1415 1416 1417 1418 1419 1420 1421 1422 1423 1424 1425 1426 1427 1428 1429 1430
g feasible_centers_point_000033
p 1431 1432 1433 1434 1435 1436 1437 1438 1439 1440 1441 1442 1443 1444 1445 1446 1447 1448 1449 1450 1451 1452 1453 1454 1455 1456 1457 1458 1459 1460 1461 1462 1463 1464 1465 1466
g feasible_centers_point_000034
p 1467 1468 1469 1470 1471 1472 1473 1474 1475 1476 1477 1478 1479 1480 1481
g feasible_centers_point_000035
p 1482 1483 1484 1485 1486 1487 1488 1489 1490 1491 1492 1493 1494 1495 1496 1497 1498 1499 1500 1501 1502 1503 1504 1505 1506 1507 1508 1509 1510 1511
g feasible_centers_point_000036
p 1512 1513 1514 1515 1516 1517 1518 1519 1520 1521 1522 1523 1524 1525 1526 1527 1528 1529 1530 1531 1532 1533 1534 1535 1536 1537 1538 1539 1540 1541
g feasible_centers_point_000037
p 1542 1543 1544 1545 1546 1547 1548 1549 1550 1551 1552 1553 1554 1555 1556 1557 1558 1559 1560 1561 1562 1563 1564 1565 1566 1567 1568 1569 1570 1571 1572
g feasible_centers_point_000038
p 1573 1574 1575 1576 1577 1578 1579 1580 1581 1582 1583 1584 1585 1586 1587 1588 1589 1590 1591 1592 1593 1594 1595 1596 1597 1598 1599 1600 1601
g feasible_centers_point_000039
p 1602 1603 1604 1605 1606 1607 1608 1609 1610 1611 1612 1613 1614 1615
g feasible_centers_point_000040
p 1616 1617 1618 1619 1620 1621 1622 1623 1624 1625 1626 1627 1628 1629 1630 1631 1632 1633
g feasible_centers_point_000041
p 1634 1635 1636 1637 1638 1639 1640 1641 1642 1643 1644 1645 1646
g feasible_centers_point_000042
p 1647 1648 1649 1650 1651 1652 1653 1654 1655 1656 1657 1658 1659 1660 1661 1662 1663 1664 1665 1666 1667 1668 1669 1670 1671 1672 1673 1674 1675 1676
g feasible_centers_point_000043
p 1677 1678 1679 1680 1681 1682 1683 1684 1685 1686 1687 1688 1689 1690 1691 1692 1693 1694 1695 1696 1697 1698 1699 1700 1701 1702 1703 1704 1705 1706 1707 1708 1709 1710 1711 1712 1713 1714 1715 1716 1717 1718
g feasible_centers_point_000044
p 1719 1720 1721 1722 1723 1724 1725 1726 1727 1728 1729 1730 1731 1732 1733 1734 1735 1736
g feasible_centers_point_000045
p 1737 1738 1739 1740 1741 1742 1743 1744 1745 1746 1747 1748 1749 1750 1751 1752 1753 1754 1755 1756 1757 1758 1759 1760 1761 1762
g feasible_centers_point_000046
p 1763 1764 1765 1766 1767 1768 1769 1770 1771 1772 1773 1774 1775 1776 1777 1778 1779 1780
g feasible_centers_point_000047
p 1781 1782 1783 1784 1785 1786 1787 1788 1789 1790 1791 1792 1793 1794 1795 1796 1797 1798 1799 1800 1801 1802 1803 1804 1805 1806 1807 1808 1809 1810 1811 1812 1813 1814
g feasible_centers_point_000048
p 1815 1816 1817 1818 1819 1820 1821 1822 1823 1824 1825 1826 1827 1828 1829 1830 1831 1832 1833 1834 1835 1836 1837 1838
g feasible_centers_point_000049
p 1839 1840 1841 1842 1843 1844 1845 1846 1847 1848 1849 1850 1851 1852 1853 1854 1855 1856
g feasible_centers_point_000050
p 1857 1858 1859 1860 1861 1862 1863 1864 1865 1866 1867 1868 1869 1870 1871 1872 1873 1874
g feasible_centers_point_000051
p 1875 1876 1877 1878 1879 1880 1881 1882 1883 1884 1885 1886 1887 1888 1889 1890 1891 1892 1893 1894 1895 1896 1897
g feasible_centers_point_000052
p 1898 1899 1900 1901 1902 1903 1904 1905 1906 1907 1908 1909 1910 1911 1912 1913 1914 1915 1916 1917 1918 1919 1920 1921
g feasible_centers_point_000053
p 1922 1923 1924 1925 1926 1927 1928 1929 1930 1931 1932 1933 1934 1935 1936 1937 1938 1939 1940 1941 1942 1943 1944 1945 1946 1947 1948 1949 1950 1951 1952 1953 1954 1955 1956
g feasible_centers_point_000054
p 1957 1958 1959 1960 1961 1962 1963 1964 1965 1966 1967 1968 1969 1970 1971 1972 1973 1974 1975 1976 1977 1978 1979 1980 1981 1982 1983 1984 1985 1986 1987 1988
g feasible_centers_point_000055
p 1989 1990 1991 1992 1993 1994 1995 1996 1997 1998 1999 2000 2001 2002 2003 2004 2005 2006 2007 2008 2009 2010 2011 2012
g feasible_centers_point_000056
p 2013 2014 2015 2016 2017 2018 2019 2020 2021 2022 2023 2024 2025 2026 2027 2028 2029 2030
g feasible_centers_point_000057
p 2031 2032 2033 2034 2035 2036 2037 2038 2039 2040 2041 2042
g feasible_centers_point_000058
p 2043 2044 2045 2046 2047 2048 2049 2050 2051 2052 2053 2054 2055 2056 2057 2058 2059 2060 2061 2062 2063 2064 2065 2066 2067 2068 2069 2070 2071 2072
g feasible_centers_point_000059
p 2073 2074 2075 2076 2077 2078 2079 2080 2081 2082 2083 2084 2085 2086 2087 2088 2089 2090 2091
g feasible_centers_point_000060
p 2092 2093 2094 2095 2096 2097 2098 2099 2100 2101 2102 2103 2104 2105 2106 2107 2108 2109 2110 2111 2112 2113 2114 2115
g feasible_centers_point_000061
p 2116 2117 2118 2119 2120 2121 2122 2123 2124 2125 2126 2127 2128 2129 2130 2131 2132 2133 2134 2135 2136 2137 2138 2139
g feasible_centers_point_000062
p 2140 2141 2142 2143 2144 2145 2146 2147 2148 2149 2150 2151 2152 2153 2154 2155 2156 2157 2158 2159 2160 2161 2162 2163 2164 2165 2166 2167 2168 2169
g feasible_centers_point_000063
p 2170 2171 2172 2173 2174 2175 2176 2177 2178 2179 2180 2181 2182 2183 2184 2185 2186 2187 2188 2189 2190 2191 2192 2193
g feasible_centers_point_000064
p 2194 2195 2196 2197 2198 2199 2200 2201 2202 2203 2204 2205 2206 2207 2208 2209 2210 2211 2212 2213 2214 2215 2216 2217 2218 2219 2220 2221 2222 2223 2224 2225 2226 2227 2228 2229 2230 2231 2232 2233 2234 2235
g feasible_centers_point_000065
p 2236 2237 2238 2239 2240 2241 2242 2243 2244 2245 2246 2247 2248 2249 2250 2251 2252 2253 2254 2255 2256 2257 2258 2259 2260 2261 2262 2263 2264 2265 2266 2267 2268 2269 2270 2271 2272 2273
g feasible_centers_point_000066
p 2274 2275 2276 2277 2278 2279 2280 2281 2282 2283 2284 2285 2286 2287 2288 2289 2290 2291 2292 2293 2294 2295 2296 2297 2298 2299 2300 2301 2302 2303 2304 2305
g feasible_centers_point_000067
p 2306 2307 2308 2309 2310 2311 2312 2313 2314 2315 2316 2317 2318 2319 2320 2321 2322 2323 2324 2325 2326 2327 2328 2329 2330 2331 2332 2333 2334 2335
g feasible_centers_point_000068
p 2336 2337 2338 2339 2340 2341 2342 2343 2344 2345 2346 2347 2348 2349 2350 2351 2352 2353 2354 2355 2356 2357 2358 2359 2360 2361 2362 2363
g feasible_centers_point_000069
p 2364 2365 2366 2367 2368 2369 2370 2371 2372 2373 2374 2375 2376 2377 2378 2379 2380 2381
g feasible_centers_point_000070
p 2382 2383 2384 2385 2386 2387 2388 2389 2390 2391 2392 2393 2394 2395 2396 2397 2398 2399 2400 2401 2402 2403 2404 2405 2406 2407 2408 2409 2410 2411 2412 2413 2414 2415 2416 2417 2418 2419 2420 2421 2422 2423 2424 2425 2426 2427 2428 2429
g feasible_centers_point_000071
p 2430 2431 2432 2433 2434 2435 2436 2437 2438 2439 2440 2441 2442 2443 2444 2445 2446 2447 2448 2449 2450 2451 2452 2453 2454 2455 2456 2457 2458 2459 2460 2461 2462 2463 2464 2465 2466 2467 2468 2469 2470 2471 2472 2473 2474 2475 2476 2477
g feasible_centers_point_000072
p 2478 2479 2480 2481 2482 2483 2484 2485 2486 2487 2488 2489 2490 2491 2492 2493 2494 2495 2496 2497 2498 2499 2500 2501 2502 2503 2504 2505 2506 2507 2508 2509 2510 2511 2512 2513 2514 2515 2516 2517 2518 2519
g feasible_centers_point_000073
p 2520 2521 2522 2523 2524 2525 2526 2527 2528 2529 2530 2531 2532 2533 2534 2535 2536 2537 2538 2539 2540 2541 2542 2543 2544 2545 2546 2547 2548 2549 2550 2551 2552 2553
g feasible_centers_point_000074
p 2554 2555 2556 2557 2558 2559 2560 2561 2562 2563 2564 2565 2566 2567 2568 2569 2570 2571 2572 2573 2574 2575 2576 2577 2578 2579 2580 2581
g feasible_centers_point_000075
p 2582 2583 2584 2585 2586 2587 2588 2589 2590 2591 2592 2593 2594 2595 2596 2597 2598 2599 2600 2601 2602 2603 2604 2605 2606 2607 2608 2609 2610 2611 2612 2613 2614 2615 2616 2617
g feasible_centers_point_000076
p 2618 2619 2620 2621 2622 2623 2624 2625 2626 2627 2628 2629
g feasible_centers_point_000077
p 2630 2631 2632 2633 2634 2635 2636 2637 2638 2639 2640 2641 2642 2643 2644 2645 2646 2647 2648 2649 2650 2651 2652
g feasible_centers_point_000078
p 2653 2654 2655 2656 2657 2658 2659 2660 2661 2662 2663 2664 2665 2666 2667 2668 2669 2670 2671 2672 2673 2674 2675 2676
g feasible_centers_point_000079
p 2677 2678 2679 2680 2681 2682 2683 2684 2685 2686 2687 2688 2689 2690 2691 2692 2693 2694 2695 2696 2697 2698 2699 2700 2701 2702 2703 2704 2705 2706
g feasible_centers_point_000080
p 2707 2708 2709 2710 2711 2712 2713 2714 2715 2716 2717 2718 2719 2720 2721 2722 2723 2724 2725 2726 2727 2728 2729 2730 2731 2732 2733 2734 2735 2736
g feasible_centers_point_000081
p 2737 2738 2739 2740 2741 2742 2743 2744 2745 2746 2747 2748
g feasible_centers_point_000082
p 2749 2750 2751 2752 2753 2754 2755 2756 2757 2758 2759 2760 2761 2762 2763 2764 2765 2766 2767 2768 2769 2770 2771 2772 2773 2774
g feasible_centers_point_000083
p 2775 2776 2777 2778 2779 2780 2781 2782 2783 2784 2785 2786 2787 2788 2789 2790 2791 2792 2793 2794 2795 2796 2797 2798 2799 2800 2801 2802 2803 2804 2805 2806 2807 2808 2809 2810
g feasible_centers_point_000084
p 2811 2812 2813 2814 2815 2816 2817 2818 2819 2820 2821 2822 2823 2824 2825 2826 2827 2828 2829 2830 2831 2832 2833 2834 2835 2836 2837 2838 2839 2840 2841 2842
g feasible_centers_point_000085
p 2843 2844 2845 2846 2847 2848 2849 2850 2851 2852 2853 2854 2855 2856 2857 2858 2859 2860 2861 2862 2863 2864 2865 2866 2867 2868 2869 2870 2871 2872 2873 2874 2875 2876 2877 2878
g feasible_centers_point_000086
p 2879 2880 2881 2882 2883 2884 2885 2886 2887 2888 2889 2890 2891 2892 2893 2894 2895 2896 2897 2898 2899 2900 2901 2902
g feasible_centers_point_000087
p 2903 2904 2905 2906 2907 2908 2909 2910 2911 2912 2913 2914 2915 2916 2917 2918 2919 2920 2921 2922 2923 2924 2925
g feasible_centers_point_000088
p 2926 2927 2928 2929 2930 2931 2932 2933 2934 2935 2936 2937 2938 2939 2940 2941 2942 2943 2944 2945 2946 2947 2948 2949 2950 2951 2952 2953
g feasible_centers_point_000089
p 2954 2955 2956 2957 2958 2959 2960 2961 2962 2963 2964 2965 2966 2967 2968 2969 2970 2971 2972 2973 2974 2975 2976 2977 2978 2979 2980 2981 2982 2983 2984 2985 2986 2987 2988 2989 2990 2991 2992 2993 2994 2995
g feasible_centers_point_000090
p 2996 2997 2998 2999 3000 3001 3002 3003 3004 3005 3006 3007 3008 3009 3010 3011 3012 3013 3014 3015 3016 3017 3018 3019 3020 3021 3022 3023 3024 3025
g feasible_centers_point_000091
p 3026 3027 3028 3029 3030 3031 3032 3033 3034 3035 3036 3037 3038 3039 3040 3041 3042 3043 3044 3045 3046 3047 3048 3049 3050 3051 3052 3053 3054 3055
g feasible_centers_point_000092
p 3056 3057 3058 3059 3060 3061 3062 3063 3064 3065 3066 3067 3068 3069 3070 3071 3072 3073 3074 3075 3076 3077 3078 3079 3080 3081 3082 3083 3084 3085 3086 3087 3088 3089 3090 3091 3092 3093 3094 3095 3096 3097
g feasible_centers_point_000093
p 3098 3099 3100 3101 3102 3103 3104 3105 3106 3107 3108 3109 3110 3111 3112 3113 3114 3115 3116 3117 3118 3119 3120 3121 3122 3123 3124 3125 3126 3127 3128 3129 3130 3131 3132 3133
g feasible_centers_point_000094
p 3134 3135 3136 3137 3138 3139 3140 3141 3142 3143 3144 3145 3146 3147 3148 3149 3150 3151 3152 3153 3154 3155 3156 3157 3158 3159 3160 3161 3162 3163 3164 3165 3166 3167 3168 3169 3170 3171 3172 3173 3174
g feasible_centers_point_000095
p 3175 3176 3177 3178 3179 3180 3181 3182 3183 3184 3185 3186 3187 3188 3189 3190 3191 3192 3193 3194 3195 3196 3197 3198 3199 3200 3201 3202 3203 3204
g feasible_centers_point_000096
p 3205 3206 3207 3208 3209 3210 3211 3212 3213 3214 3215 3216 3217 3218 3219 3220 3221 3222 3223 3224 3225 3226 3227 3228
g feasible_centers_point_000097
p 3229 3230 3231 3232 3233 3234 3235 3236 3237 3238 3239 3240 3241 3242 3243 3244 3245 3246 3247 3248 3249 3250 3251 3252 3253 3254 3255 3256 3257 3258 3259 3260 3261 3262 3263 3264
g feasible_centers_point_000098
p 3265 3266 3267 3268 3269 3270 3271 3272 3273 3274 3275 3276 3277 3278 3279 3280 3281 3282 3283 3284 3285 3286 3287 3288 3289 3290 3291 3292 3293 3294 3295 3296 3297 3298 3299 3300
g feasible_centers_point_000099
p 3301 3302 3303 3304 3305 3306 3307 3308 3309 3310 3311 3312 3313 3314 3315 3316 3317 3318 3319 3320 3321 3322 3323 3324 3325 3326 3327 3328 3329 3330 3331 3332 3333 3334 3335 3336 3337 3338 3339 3340 3341 3342 3343 3344 3345 3346 3347 3348 3349 3350 3351 3352 3353 3354
g feasible_centers_point_000100
p 3355 3356 3357 3358 3359 3360 3361 3362 3363 3364 3365 3366 3367 3368 3369 3370 3371 3372 3373 3374 3375 3376 3377 3378 3379 3380 3381 3382 3383 3384 3385 3386 3387 3388 3389 3390 3391 3392 3393 3394 3395 3396 3397 3398 3399 3400 3401 3402 3403
g feasible_centers_point_000101
p 3404 3405 3406 3407 3408 3409 3410 3411 3412 3413 3414 3415 3416 3417 3418 3419 3420 3421 3422 3423 3424 3425 3426 3427 3428 3429 3430 3431 3432 3433 3434 3435 3436 3437 3438 3439
g feasible_centers_point_000102
p 3440 3441 3442 3443 3444 3445 3446 3447 3448 3449 3450 3451 3452 3453 3454 3455 3456 3457
g feasible_centers_point_000103
p 3458 3459 3460 3461 3462 3463 3464 3465 3466 3467 3468 3469 3470 3471 3472 3473 3474 3475 3476 3477 3478 3479 3480 3481 3482 3483 3484
g feasible_centers_point_000104
p 3485 3486 3487 3488 3489 3490 3491 3492 3493 3494 3495 3496 3497 3498 3499 3500 3501 3502 3503 3504 3505 3506 3507 3508 3509 3510 3511 3512 3513 3514
g feasible_centers_point_000105
p 3515 3516 3517 3518 3519 3520 3521 3522 3523 3524 3525 3526 3527 3528 3529 3530 3531 3532 3533 3534 3535 3536 3537 3538 3539 3540 3541 3542 3543 3544 3545 3546 3547 3548 3549 3550
g feasible_centers_point_000106
p 3551 3552 3553 3554 3555 3556 3557 3558 3559 3560 3561 3562 3563 3564 3565 3566 3567 3568 3569 3570 3571 3572 3573 3574 3575 3576 3577 3578 3579 3580
g feasible_centers_point_000107
p 3581 3582 3583 3584 3585 3586 3587 3588 3589 3590 3591 3592 3593 3594 3595 3596 3597 3598 3599 3600 3601 3602 3603 3604 3605 3606 3607 3608 3609 3610 3611 3612 3613 3614 3615 3616 3617 3618 3619 3620 3621 3622
g feasible_centers_point_000108
p 3623 3624 3625 3626 3627 3628 3629 3630 3631 3632 3633 3634 3635 3636 3637 3638 3639 3640 3641 3642 3643 3644 3645 3646 3647 3648 3649 3650 3651 3652
g feasible_centers_point_000109
p 3653 3654 3655 3656 3657 3658 3659 3660 3661 3662 3663 3664 3665 3666 3667 3668 3669 3670 3671 3672 3673 3674 3675 3676 3677 3678 3679 3680 3681
g feasible_centers_point_000110
p 3682 3683 3684 3685 3686 3687 3688 3689 3690 3691 3692 3693 3694 3695 3696 3697 3698 3699 3700 3701 3702 3703 3704 3705 3706 3707 3708 3709 3710 3711
g feasible_centers_point_000111
p 3712 3713 3714 3715 3716 3717 3718 3719 3720 3721 3722 3723 3724 3725 3726 3727 3728 3729 3730 3731 3732 3733 3734 3735 3736 3737 3738 3739
g feasible_centers_point_000112
p 3740 3741 3742 3743 3744 3745 3746 3747 3748 3749 3750 3751 3752 3753 3754 3755 3756 3757 3758 3759 3760 3761 3762 3763 3764 3765 3766 3767 3768 3769
g feasible_centers_point_000113
p 3770 3771 3772 3773 3774 3775 3776 3777 3778 3779 3780 3781 3782 3783 3784 3785 3786 3787 3788 3789 3790 3791
g feasible_centers_point_000114
p 3792 3793 3794 3795 3796 3797 3798 3799 3800 3801 3802 3803 3804 3805 3806 3807 3808 3809 3810 3811 3812 3813 3814 3815 3816 3817 3818 3819 3820 3821 3822 3823 3824 3825 3826 3827 3828 3829 3830 3831 3832 3833 3834 3835 3836 3837 3838 3839
g feasible_centers_point_000115
p 3840 3841 3842 3843 3844 3845 3846 3847 3848 3849 3850 3851 3852 3853 3854 3855 3856 3857 3858 3859 3860 3861 3862 3863 3864 3865 3866 3867 3868 3869 3870 3871 3872 3873 3874 3875 3876
g feasible_centers_point_000116
p 3877 3878 3879 3880 3881 3882 3883 3884 3885 3886 3887 3888 3889 3890 3891 3892 3893 3894 3895 3896 3897 3898 3899 3900 3901 3902 3903 3904 3905 3906 3907 3908 3909 3910 3911 3912 3913 3914 3915 3916 3917 3918
g feasible_centers_point_000117
p 3919 3920 3921 3922 3923 3924 3925 3926 3927 3928 3929 3930 3931 3932 3933 3934 3935 3936 3937 3938 3939 3940 3941 3942 3943 3944 3945 3946 3947 3948 3949 3950 3951 3952 3953 3954 3955 3956 3957 3958 3959 3960
g feasible_centers_point_000118
p 3961 3962 3963 3964 3965 3966 3967 3968 3969 3970 3971 3972 3973 3974 3975 3976 3977 3978 3979 3980 3981 3982 3983 3984 3985 3986 3987 3988 3989 3990 3991 3992 3993 3994 3995 3996 3997 3998 3999 4000 4001 4002 4003 4004 4005 4006 4007 4008 4009 4010 4011 4012 4013 4014 4015 4016 4017 4018
g feasible_centers_point_000119
p 4019 4020 4021 4022 4023 4024 4025 4026 4027 4028 4029 4030 4031 4032 4033 4034 4035 4036 4037 4038 4039 4040 4041 4042 4043 4044 4045 4046 4047 4048 4049 4050 4051 4052
g feasible_centers_point_000120
p 4053 4054 4055 4056 4057 4058 4059 4060 4061 4062 4063 4064 4065 4066 4067 4068 4069 4070 4071 4072 4073 4074 4075 4076 4077 4078 4079 4080 4081 4082 4083 4084 4085 4086 4087 4088
g feasible_centers_point_000121
p 4089 4090 4091 4092 4093 4094 4095 4096 4097 4098 4099 4100 4101 4102 4103 4104 4105 4106 4107 4108 4109 4110 4111 4112 4113 4114 4115 4116 4117 4118 4119 4120 4121 4122 4123 4124 4125 4126 4127 4128 4129 4130
g feasible_centers_point_000122
p 4131 4132 4133 4134 4135 4136 4137 4138 4139 4140 4141 4142
g feasible_centers_point_000123
p 4143 4144 4145 4146 4147 4148 4149 4150 4151 4152 4153 4154 4155 4156 4157 4158 4159 4160 4161 4162 4163 4164 4165 4166 4167 4168 4169 4170 4171 4172
g feasible_centers_point_000124
p 4173 4174 4175 4176 4177 4178 4179 4180 4181 4182 4183 4184 4185 4186 4187 4188 4189 4190 4191 4192 4193 4194 4195 4196 4197 4198 4199 4200 4201 4202 4203 4204 4205
g feasible_centers_point_000125
p 4206 4207 4208 4209 4210 4211 4212 4213 4214 4215 4216 4217 4218 4219 4220 4221 4222 4223 4224 4225 4226 4227 4228 4229 4230 4231 4232 4233 4234 4235 4236 4237 4238 4239 4240 4241
g feasible_centers_point_000126
p 4242 4243 4244 4245 4246 4247 4248 4249 4250 4251 4252 4253 4254 4255 4256 4257 4258 4259 4260 4261 4262 4263 4264 4265 4266 4267 4268 4269 4270 4271
g feasible_centers_point_000127
p 4272 4273 4274 4275 4276 4277 4278 4279 4280 4281 4282 4283 4284 4285 4286 4287 4288 4289 4290 4291 4292 4293 4294 4295 4296 4297 4298 4299 4300 4301 4302 4303 4304 4305 4306 4307
g feasible_centers_point_000128
p 4308 4309 4310 4311 4312 4313 4314 4315 4316 4317 4318 4319 4320 4321 4322 4323 4324 4325 4326 4327 4328 4329 4330 4331 4332 4333 4334 4335 4336 4337 4338 4339 4340 4341 4342 4343
g feasible_centers_point_000129
p 4344 4345 4346 4347 4348 4349 4350 4351 4352 4353 4354 4355 4356 4357 4358 4359 4360 4361 4362 4363 4364 4365 4366 4367 4368 4369 4370 4371 4372 4373 4374 4375 4376 4377 4378 4379 4380 4381 4382 4383 4384 4385
g feasible_centers_point_000130
p 4386 4387 4388 4389 4390 4391 4392 4393 4394 4395 4396 4397 4398 4399 4400 4401 4402 4403 4404 4405 4406 4407 4408 4409 4410 4411 4412 4413 4414 4415 4416 4417 4418 4419 4420 4421 4422 4423 4424 4425 4426 4427
g feasible_centers_point_000131
p 4428 4429 4430 4431 4432 4433 4434 4435 4436 4437 4438 4439 4440 4441 4442 4443 4444 4445 4446 4447 4448 4449 4450 4451 4452 4453 4454 4455 4456 4457
g feasible_centers_point_000132
p 4458 4459 4460 4461 4462 4463 4464 4465 4466 4467 4468 4469 4470 4471 4472 4473 4474 4475 4476 4477 4478 4479 4480 4481 4482 4483 4484 4485 4486 4487 4488 4489 4490 4491 4492 4493
g feasible_centers_point_000133
p 4494 4495 4496 4497 4498 4499 4500 4501 4502 4503 4504 4505 4506 4507 4508 4509 4510 4511 4512 4513 4514 4515 4516 4517 4518 4519 4520 4521 4522 4523 4524 4525 4526 4527 4528 4529
g feasible_centers_point_000134
p 4530 4531 4532 4533 4534 4535 4536 4537 4538 4539 4540 4541 4542 4543 4544 4545 4546 4547 4548 4549 4550 4551
g feasible_centers_point_000135
p 4552 4553 4554 4555 4556 4557 4558 4559 4560 4561 4562 4563 4564 4565 4566 4567 4568 4569 4570 4571 4572 4573 4574 4575 4576 4577 4578 4579 4580 4581 4582 4583 4584 4585 4586 4587 4588 4589 4590 4591 4592 4593
g feasible_centers_point_000136
p 4594 4595 4596 4597 4598 4599 4600 4601 4602 4603 4604 4605 4606 4607 4608 4609 4610 4611 4612 4613 4614 4615 4616 4617 4618 4619 4620 4621 4622 4623 4624 4625
g feasible_centers_point_000137
p 4626 4627 4628 4629 4630 4631 4632 4633 4634 4635 4636 4637 4638 4639 4640 4641 4642 4643 4644 4645 4646 4647 4648 4649 4650 4651 4652 4653 4654 4655
g feasible_centers_point_000138
p 4656 4657 4658 4659 4660 4661 4662 4663 4664 4665 4666 4667 4668 4669 4670 4671 4672 4673 4674 4675 4676 4677 4678 4679 4680 4681 4682 4683 4684 4685 4686 4687 4688 4689 4690 4691 4692 4693 4694 4695 4696 4697
g feasible_centers_point_000139
p 4698 4699 4700 4701 4702 4703 4704 4705 4706 4707 4708 4709
g feasible_centers_point_000140
p 4710 4711 4712 4713 4714 4715 4716 4717 4718
g feasible_centers_point_000141
p 4719 4720 4721 4722 4723 4724 4725 4726 4727 4728 4729 4730 4731 4732 4733 4734 4735 4736 4737 4738 4739 4740 4741 4742 4743 4744 4745 4746 4747 4748 4749 4750
g feasible_centers_point_000142
p 4751 4752 4753 4754 4755 4756 4757 4758 4759 4760 4761 4762 4763 4764 4765 4766 4767 4768 4769 4770 4771 4772 4773 4774 4775 4776 4777 4778 4779 4780 4781 4782 4783 4784 4785 4786 4787 4788 4789 4790 4791
g feasible_centers_point_000143
p 4792 4793 4794 4795 4796 4797 4798 4799 4800 4801 4802 4803 4804 4805 4806 4807 4808 4809 4810 4811 4812 4813 4814 4815 4816 4817 4818 4819 4820 4821 4822 4823 4824 4825 4826 4827 4828 4829 4830 4831 4832 4833 4834 4835 4836 4837
g feasible_centers_point_000144
p 4838 4839 4840 4841 4842 4843 4844 4845 4846 4847 4848 4849 4850 4851 4852 4853 4854 4855 4856 4857 4858 4859 4860 4861 4862 4863 4864
g feasible_centers_point_000145
p 4865 4866 4867 4868 4869 4870 4871 4872 4873 4874 4875 4876 4877 4878 4879 4880 4881 4882 4883 4884 4885 4886 4887 4888 4889 4890 4891 4892 4893 4894
g feasible_centers_point_000146
p 4895 4896 4897 4898 4899 4900 4901 4902 4903 4904 4905 4906 4907 4908 4909 4910 4911 4912 4913 4914 4915 4916 4917 4918
g feasible_centers_point_000147
p 4919 4920 4921 4922 4923 4924 4925 4926 4927 4928 4929 4930 4931 4932 4933 4934 4935 4936 4937 4938 4939 4940 4941 4942 4943 4944 4945 4946 4947 4948 4949 4950 4951 4952 4953 4954 4955 4956 4957 4958 4959 4960 4961 4962 4963 4964 4965 4966 4967 4968 4969 4970
g feasible_centers_point_000148
p 4971 4972 4973 4974 4975 4976 4977 4978 4979 4980 4981 4982 4983 4984 4985 4986 4987 4988 4989 4990 4991 4992 4993 4994 4995 4996 4997 4998 4999 5000 5001 5002 5003 5004 5005 5006 5007 5008 5009 5010 5011 5012 5013 5014 5015 5016 5017 5018
g feasible_centers_point_000149
p 5019 5020 5021 5022 5023 5024 5025 5026 5027 5028 5029 5030 5031 5032 5033 5034 5035 5036 5037 5038 5039 5040 5041 5042 5043 5044 5045 5046 5047 5048 5049 5050 5051 5052 5053 5054 5055
g feasible_centers_point_000150
p 5056 5057 5058 5059 5060 5061 5062 5063 5064 5065 5066 5067 5068 5069 5070 5071 5072 5073 5074 5075 5076 5077 5078 5079 5080 5081 5082 5083 5084 5085 5086 5087 5088 5089 5090 5091 5092 5093 5094 5095 5096 5097 5098 5099 5100 5101 5102 5103 5104 5105
g feasible_centers_point_000151
p 5106 5107 5108 5109 5110 5111 5112 5113 5114 5115 5116 5117 5118 5119 5120 5121 5122 5123 5124 5125 5126 5127 5128 5129 5130 5131 5132 5133 5134 5135 5136 5137 5138 5139 5140 5141 5142 5143 5144 5145 5146 5147 5148 5149 5150 5151 5152 5153
g feasible_centers_point_000152
p 5154 5155 5156 5157 5158 5159 5160 5161 5162 5163 5164 5165 5166 5167 5168 5169 5170 5171 5172 5173 5174 5175 5176 5177 5178 5179 5180 5181 5182 5183 5184 5185 5186 5187 5188 5189 5190
g feasible_centers_point_000153
p 5191 5192 5193 5194 5195 5196 5197 5198 5199 5200 5201 5202 5203 5204 5205 5206 5207 5208 5209 5210 5211 5212 5213 5214
g feasible_centers_point_000154
p 5215 5216 5217 5218 5219 5220 5221 5222 5223 5224 5225 5226 5227 5228 5229 5230 5231 5232 5233 5234 5235 5236 5237 5238
g feasible_centers_point_000155
p 5239 5240 5241 5242 5243 5244 5245 5246 5247 5248 5249 5250 5251 5252 5253 5254 5255 5256 5257 5258 5259 5260 5261 5262 5263 5264 5265 5266 5267 5268 5269 5270 5271 5272 5273 5274 5275 5276 5277 5278 5279 5280 5281 5282 5283 5284 5285 5286 5287 5288
g feasible_centers_point_000156
p 5289 5290 5291 5292 5293 5294 5295 5296 5297 5298 5299 5300 5301 5302 5303 5304 5305 5306 5307 5308 5309 5310 5311 5312 5313 5314 5315 5316 5317 5318 5319 5320 5321 5322 5323 5324
g feasible_centers_point_000157
p 5325 5326 5327 5328 5329 5330 5331 5332 5333 5334 5335 5336 5337 5338 5339 5340 5341 5342 5343 5344 5345 5346 5347 5348 5349 5350 5351 5352 5353 5354
g feasible_centers_point_000158
p 5355 5356 5357 5358 5359 5360 5361 5362 5363 5364 5365 5366 5367 5368 5369 5370 5371 5372 5373 5374 5375 5376 5377 5378 5379 5380 5381 5382 5383 5384
g feasible_centers_point_000159
p 5385 5386 5387 5388 5389 5390 5391 5392 5393 5394 5395 5396 5397 5398 5399 5400 5401 5402 5403 5404 5405 5406 5407 5408 5409 5410 5411 5412 5413 5414 5415
g feasible_centers_point_000160
p 5416 5417 5418 5419 5420 5421 5422 5423 5424 5425 5426 5427 5428 5429 5430 5431 5432 5433 5434 5435 5436 5437 5438 5439 5440 5441 5442 5443 5444 5445 5446 5447 5448 5449 5450 5451 5452 5453 5454 5455 5456 5457 5458 5459 5460 5461 5462 5463 5464 5465
g feasible_centers_point_000161
p 5466 5467 5468 5469 5470 5471 5472 5473 5474 5475 5476 5477 5478 5479 5480
g feasible_centers_point_000162
p 5481 5482 5483 5484 5485 5486 5487 5488 5489 5490 5491 5492 5493 5494 5495 5496 5497 5498 5499 5500 5501 5502 5503 5504 5505 5506 5507 5508 5509
g feasible_centers_point_000163
p 5510 5511 5512 5513 5514 5515 5516 5517 5518 5519 5520 5521 5522 5523 5524 5525 5526 5527 5528 5529 5530 5531 5532 5533 5534 5535 5536 5537 5538 5539 5540 5541
g feasible_centers_point_000164
p 5542 5543 5544 5545 5546 5547 5548 5549 5550 5551 5552 5553 5554 5555 5556 5557 5558 5559 5560 5561 5562 5563 5564 5565 5566 5567 5568 5569 5570 5571 5572 5573 5574 5575 5576
g feasible_centers_point_000165
p 5577 5578 5579 5580 5581 5582 5583 5584 5585 5586 5587 5588 5589 5590 5591 5592 5593 5594 5595 5596 5597 5598 5599 5600 5601 5602 5603 5604 5605 5606 5607 5608 5609 5610 5611 5612 5613 5614 5615 5616 5617 5618 5619
g feasible_centers_point_000166
p 5620 5621 5622 5623 5624 5625 5626 5627 5628 5629 5630 5631 5632 5633 5634 5635 5636 5637 5638 5639 5640 5641 5642 5643 5644 5645 5646 5647 5648 5649
g feasible_centers_point_000167
p 5650 5651 5652 5653 5654 5655 5656 5657 5658 5659 5660 5661 5662 5663 5664 5665 5666 5667 5668 5669 5670 5671 5672 5673
g feasible_centers_point_000168
p 5674 5675 5676 5677 5678 5679 5680 5681 5682 5683 5684 5685 5686 5687 5688 5689 5690 5691 5692 5693 5694 5695 5696 5697 5698 5699 5700 5701 5702 5703 5704 5705 5706 5707 5708 5709
g feasible_centers_point_000169
p 5710 5711 5712 5713 5714 5715 5716 5717 5718 5719 5720 5721 5722 5723 5724 5725 5726 5727 5728 5729 5730 5731 5732 5733 5734 5735 5736
g feasible_centers_point_000170
p 5737 5738 5739 5740 5741 5742 5743 5744 5745 5746 5747 5748 5749 5750 5751 5752 5753 5754 5755 5756 5757 5758 5759 5760 5761 5762 5763 5764 5765 5766 5767 5768 5769 5770 5771 5772 5773 5774 5775 5776 5777 5778
g feasible_centers_point_000171
p 5779 5780 5781 5782 5783 5784 5785 5786 5787 5788 5789 5790 5791 5792 5793 5794 5795 5796 5797 5798 5799 5800 5801 5802
g feasible_centers_point_000172
p 5803 5804 5805 5806 5807 5808 5809 5810 5811
g feasible_centers_point_000173
p 5812 5813 5814 5815 5816 5817 5818 5819 5820 5821 5822 5823 5824 5825 5826 5827 5828 5829
g feasible_centers_point_000174
p 5830 5831 5832 5833 5834 5835 5836 5837 5838 5839 5840 5841 5842 5843 5844 5845 5846 5847 5848 5849 5850 5851 5852 5853
g feasible_centers_point_000175
p 5854 5855 5856 5857 5858 5859 5860 5861 5862 5863 5864 5865 5866 5867 5868 5869 5870 5871 5872 5873 5874 5875 5876 5877 5878 5879 5880 5881 5882 5883
g feasible_centers_point_000176
p 5884 5885 5886 5887 5888 5889 5890 5891 5892 5893 5894 5895 5896 5897 5898 5899 5900 5901 5902 5903 5904 5905 5906 5907 5908 5909 5910 5911 5912 5913
g feasible_centers_point_000177
p 5914 5915 5916 5917 5918 5919 5920 5921 5922 5923 5924 5925 5926 5927 5928 5929 5930 5931 5932 5933 5934 5935 5936 5937 5938 5939 5940 5941 5942 5943 5944
g feasible_centers_point_000178
p 5945 5946 5947 5948 5949 5950 5951 5952 5953 5954 5955 5956 5957 5958 5959 5960 5961 5962 5963 5964 5965 5966 5967 5968 5969 5970 5971 5972 5973 5974 5975 5976 5977 5978 5979 5980 5981 5982 5983 5984 5985 5986 5987 5988 5989 5990 5991 5992 5993 5994 5995
g feasible_centers_point_000179
p 5996 5997 5998 5999 6000 6001 6002 6003 6004 6005 6006 6007 6008 6009 6010 6011 6012 6013
g feasible_centers_point_000180
p 6014 6015 6016 6017 6018 6019 6020 6021 6022 6023 6024 6025 6026 6027 6028 6029 6030 6031 6032 6033 6034 6035 6036 6037 6038 6039 6040 6041 6042 6043 6044
g feasible_centers_point_000181
p 6045 6046 6047 6048 6049 6050 6051 6052 6053 6054 6055 6056 6057 6058 6059 6060 6061 6062 6063 6064 6065 6066 6067 6068 6069 6070 6071 6072 6073 6074 6075 6076 6077 6078 6079 6080 6081 6082 6083 6084
g feasible_centers_point_000182
p 6085 6086 6087 6088 6089 6090 6091 6092 6093 6094 6095 6096 6097 6098 6099 6100 6101 6102 6103 6104 6105 6106 6107 6108 6109 6110 6111 6112 6113 6114 6115 6116 6117 6118 6119 6120
g feasible_centers_point_000183
p 6121 6122 6123 6124 6125 6126 6127 6128 6129 6130 6131 6132 6133 6134 6135 6136 6137 6138 6139 6140 6141 6142 6143 6144 6145 6146 6147 6148 6149 6150
g feasible_centers_point_000184
p 6151 6152 6153 6154 6155 6156 6157 6158 6159 6160 6161 6162 6163 6164 6165 6166 6167 6168 6169 6170 6171
g feasible_centers_point_000185
p 6172 6173 6174 6175 6176 6177 6178 6179 6180 6181 6182 6183 6184 6185 6186 6187 6188 6189 6190 6191 6192 6193 6194 6195
g feasible_centers_point_000186
p 6196 6197 6198 6199 6200 6201 6202 6203 6204 6205 6206 6207 6208 6209 6210 6211 6212 6213 6214 6215 6216 6217 6218 6219 6220 6221 6222 6223 6224 6225 6226
g feasible_centers_point_000187
p 6227 6228 6229 6230 6231 6232 6233 6234 6235 6236 6237 6238 6239 6240 6241 6242 6243 6244 6245 6246 6247 6248 6249 6250 6251 6252 6253 6254 6255 6256 6257 6258 6259 6260 6261 6262 6263 6264 6265 6266 6267 6268 6269 6270 6271 6272 6273 6274 6275 6276 6277 6278 6279 6280 6281 6282 6283 6284
g feasible_centers_point_000188
p 6285 6286 6287 6288 6289 6290 6291 6292 6293 6294 6295 6296 6297 6298 6299 6300 6301 6302 6303 6304 6305 6306 6307 6308 6309 6310 6311 6312 6313 6314 6315 6316 6317 6318 6319 6320 6321 6322 6323
g feasible_centers_point_000189
p 6324 6325 6326 6327 6328 6329 6330 6331 6332 6333 6334 6335 6336 6337 6338 6339 6340 6341 6342 6343 6344
g feasible_centers_point_000190
p 6345 6346 6347 6348 6349 6350 6351 6352 6353 6354 6355 6356 6357 6358 6359 6360 6361 6362 6363 6364 6365 6366 6367 6368 6369 6370 6371 6372
g feasible_centers_point_000191
p 6373 6374 6375 6376 6377 6378 6379 6380 6381 6382 6383 6384 6385 6386 6387 6388 6389 6390 6391 6392 6393 6394 6395 6396 6397 6398 6399 6400 6401 6402 6403 6404 6405 6406 6407 6408 6409 6410 6411 6412 6413 6414
g feasible_centers_point_000192
p 6415 6416 6417 6418 6419 6420 6421 6422 6423 6424 6425 6426 6427 6428 6429 6430 6431 6432 6433 6434 6435 6436 6437 6438 6439 6440 6441 6442 6443 6444 6445 6446 6447 6448 6449 6450 6451 6452 6453
g feasible_centers_point_000193
p 6454 6455 6456 6457 6458 6459 6460 6461 6462 6463 6464 6465 6466 6467 6468 6469 6470 6471 6472 6473 6474 6475 6476 6477 6478 6479 6480 6481 6482 6483 6484 6485 6486 6487
g feasible_centers_point_000194
p 6488 6489 6490 6491 6492 6493 6494 6495 6496 6497 6498 6499 6500 6501 6502 6503 6504 6505 6506 6507 6508 6509 6510 6511 6512 6513 6514 6515 6516 6517 6518 6519 6520 6521 6522 6523
g feasible_centers_point_000195
p 6524 6525 6526 6527 6528 6529 6530 6531 6532 6533 6534 6535 6536 6537 6538 6539 6540 6541 6542 6543 6544 6545 6546 6547 6548 6549 6550 6551 6552 6553 6554 6555 6556
g feasible_centers_point_000196
p 6557 6558 6559 6560 6561 6562 6563 6564 6565 6566 6567 6568 6569 6570 6571 6572 6573 6574 6575 6576 6577 6578 6579 6580 6581 6582 6583 6584 6585 6586 6587 6588 6589 6590 6591 6592
g feasible_centers_point_000197
p 6593 6594 6595 6596 6597 6598 6599 6600 6601 6602 6603 6604 6605 6606 6607 6608 6609 6610 6611 6612 6613 6614 6615 6616 6617 6618
g feasible_centers_point_000198
p 6619 6620 6621 6622 6623 6624 6625 6626 6627 6628 6629 6630 6631 6632 6633 6634 6635 6636 6637 6638 6639 6640 6641 6642 6643 6644 6645 6646 6647 6648 6649 6650 6651 6652 6653 6654 6655 6656 6657 6658 6659 6660
g feasible_centers_point_000199
p 6661 6662 6663 6664 6665 6666 6667 6668 6669 6670 6671 6672 6673 6674 6675 6676 6677 6678 6679 6680 6681 6682 6683 6684 6685 6686 6687 6688 6689 6690 6691 6692 6693
g feasible_centers_point_000200
p 6694 6695 6696 6697 6698 6699 6700 6701 6702 6703 6704 6705 6706 6707 6708 6709 6710 6711 6712 6713 6714 6715 6716 6717 6718 6719 6720 6721 6722 6723 6724 6725 6726 6727
g feasible_centers_point_000201
p 6728 6729 6730 6731 6732 6733 6734 6735 6736 6737 6738 6739 6740 6741 6742 6743 6744 6745 6746 6747 6748 6749 6750 6751 6752
g feasible_centers_point_000202
p 6753 6754 6755 6756 6757 6758 6759 6760 6761 6762 6763 6764 6765 6766 6767 6768 6769 6770 6771 6772 6773 6774 6775 6776 6777 6778 6779 6780 6781 6782 6783 6784 6785 6786 6787 6788 6789 6790 6791 6792 6793 6794 6795 6796 6797 6798 6799 6800
g feasible_centers_point_000203
p 6801 6802 6803 6804 6805 6806 6807 6808 6809 6810 6811 6812 6813 6814 6815 6816 6817 6818 6819 6820 6821 6822 6823 6824 6825 6826 6827 6828 6829 6830 6831 6832 6833 6834 6835 6836 6837
g feasible_centers_point_000204
p 6838 6839 6840 6841 6842 6843 6844 6845 6846 6847 6848 6849 6850 6851 6852 6853 6854 6855 6856 6857 6858 6859 6860 6861 6862 6863 6864 6865 6866 6867 6868 6869 6870 6871 6872 6873 6874 6875 6876 6877 6878 6879
g feasible_centers_point_000205
p 6880 6881 6882 6883 6884 6885 6886 6887 6888 6889 6890 6891 6892 6893 6894 6895 6896 6897 6898 6899 6900 6901 6902 6903
g feasible_centers_point_000206
p 6904 6905 6906 6907 6908 6909 6910 6911 6912 6913 6914 6915 6916 6917 6918 6919 6920 6921 6922 6923 6924 6925 6926 6927 6928 6929 6930 6931 6932 6933 6934 6935 6936 6937 6938 6939 6940 6941 6942 6943 6944 6945
g feasible_centers_point_000207
p 6946 6947 6948 6949 6950 6951 6952 6953 6954 6955 6956 6957 6958 6959 6960 6961 6962 6963 6964 6965 6966 6967 6968 6969 6970 6971 6972
g feasible_centers_point_000208
p 6973 6974 6975 6976 6977 6978 6979 6980 6981 6982 6983 6984 6985 6986 6987 6988 6989 6990 6991 6992 6993 6994 6995 6996 6997 6998 6999 7000 7001 7002 7003 7004 7005 7006 7007 7008 7009 7010 7011 7012 7013 7014 7015 7016 7017 7018 7019 7020
g feasible_centers_point_000209
p 7021 7022 7023 7024 7025 7026 7027 7028 7029 7030 7031 7032 7033 7034 7035 7036 7037 7038 7039 7040 7041 7042 7043 7044
g feasible_centers_point_000210
p 7045 7046 7047 7048 7049 7050 7051 7052 7053 7054 7055 7056 7057 7058 7059 7060 7061 7062 7063 7064 7065 7066 7067 7068 7069 7070 7071 7072
g feasible_centers_point_000211
p 7073 7074 7075 7076 7077 7078 7079 7080 7081 7082 7083 7084 7085 7086 7087 7088 7089 7090 7091 7092 7093 7094 7095 7096 7097 7098 7099 7100 7101 7102 7103 7104 7105 7106 7107 7108 7109 7110 7111 7112 7113 7114
g feasible_centers_point_000212
p 7115 7116 7117 7118 7119 7120 7121 7122 7123 7124 7125 7126 7127 7128 7129 7130 7131 7132 7133 7134 7135 7136 7137 7138
g feasible_centers_point_000213
p 7139 7140 7141 7142 7143 7144 7145 7146 7147 7148 7149 7150 7151 7152 7153 7154 7155 7156 7157 7158 7159 7160 7161 7162
g feasible_centers_point_000214
p 7163 7164 7165 7166 7167 7168 7169 7170 7171 7172 7173 7174 7175 7176 7177 7178 7179 7180 7181 7182 7183 7184 7185 7186 7187 7188 7189 7190 7191 7192
g feasible_centers_point_000215
p 7193 7194 7195 7196 7197 7198 7199 7200 7201 7202 7203 7204 7205 7206 7207 7208 7209 7210
g feasible_centers_point_000216
p 7211 7212 7213 7214 7215 7216 7217 7218 7219 7220 7221 7222 7223 7224 7225 7226 7227 7228 7229 7230 7231 7232 7233 7234 7235 7236 7237 7238 7239 7240 7241
g feasible_centers_point_000217
p 7242 7243 7244 7245 7246 7247 7248 7249 7250 7251 7252 7253 7254 7255 7256 7257 7258 7259
g feasible_centers_point_000218
p 7260 7261 7262 7263 7264 7265 7266 7267 7268 7269 7270 7271 7272 7273 7274 7275 7276 7277 7278 7279 7280 7281 7282 7283 7284 7285 7286 7287 7288 7289 7290 7291 7292 7293 7294 7295 7296 7297 7298 7299 7300 7301 7302 7303 7304 7305 7306 7307 7308 7309 7310 7311
g feasible_centers_point_000219
p 7312 7313 7314 7315 7316 7317 7318 7319 7320 7321 7322 7323 7324 7325 7326 7327 7328 7329 7330 7331 7332 7333 7334 7335 7336 7337 7338 7339 7340 7341 7342 7343 7344 7345 7346 7347 7348 7349 7350 7351 7352 7353
g feasible_centers_point_000220
p 7354 7355 7356 7357 7358 7359 7360 7361 7362 7363 7364 7365 7366 7367 7368 7369 7370 7371 7372 7373 7374 7375 7376 7377 7378 7379 7380 7381 7382 7383 7384
g feasible_centers_point_000221
p 7385 7386 7387 7388 7389 7390 7391 7392 7393 7394 7395 7396 7397 7398 7399 7400 7401 7402 7403 7404 7405 7406 7407 7408 7409 7410 7411 7412 7413 7414 7415 7416 7417 7418 7419 7420 7421 7422 7423 7424 7425 7426
g feasible_centers_point_000222
p 7427 7428 7429 7430 7431 7432 7433 7434 7435 7436 7437 7438
g feasible_centers_point_000223
p 7439 7440 7441 7442 7443 7444 7445 7446 7447 7448 7449 7450
g feasible_centers_point_000224
p 7451 7452 7453 7454 7455 7456 7457 7458 7459 7460 7461 7462 7463 7464 7465 7466 7467 7468 7469 7470 7471 7472 7473 7474
g feasible_centers_point_000225
p 7475 7476 7477 7478 7479 7480 7481 7482 7483 7484 7485 7486 7487 7488 7489 7490 7491 7492 7493 7494 7495
g feasible_centers_point_000226
p 7496 7497 7498 7499 7500 7501 7502 7503 7504 7505 7506 7507 7508 7509 7510 7511 7512 7513 7514 7515 7516 7517 7518 7519 7520 7521 7522 7523 7524 7525 7526 7527 7528 7529 7530 7531 7532 7533 7534 7535
g feasible_centers_point_000227
p 7536 7537 7538 7539 7540 7541 7542 7543 7544 7545 7546 7547 7548 7549 7550 7551 7552 7553 7554 7555 7556 7557 7558 7559 7560 7561 7562 7563 7564 7565
g feasible_centers_point_000228
p 7566 7567 7568 7569 7570 7571 7572 7573 7574 7575 7576 7577 7578 7579 7580 7581 7582 7583 7584 7585 7586 7587 7588 7589 7590 7591 7592 7593 7594 7595 7596 7597 7598 7599 7600 7601 7602 7603 7604 7605 7606 7607 7608 7609 7610 7611 7612 7613
g feasible_centers_point_000229
p 7614 7615 7616 7617 7618 7619 7620 7621 7622 7623 7624 7625 7626 7627 7628 7629 7630 7631 7632 7633 7634 7635 7636 7637 7638 7639 7640 7641 7642 7643 7644 7645 7646 7647
g feasible_centers_point_000230
p 7648 7649 7650 7651 7652 7653 7654 7655 7656 7657 7658 7659 7660 7661 7662 7663 7664 7665 7666 7667 7668 7669 7670 7671
g feasible_centers_point_000231
p 7672 7673 7674 7675 7676 7677 7678 7679 7680 7681 7682 7683 7684 7685 7686 7687 7688 7689 7690 7691 7692 7693 7694 7695 7696 7697 7698 7699 7700 7701 7702 7703 7704
g feasible_centers_point_000232
p 7705 7706 7707 7708 7709 7710 7711 7712 7713 7714 7715 7716 7717 7718 7719 7720 7721 7722 7723 7724 7725 7726 7727 7728 7729 7730 7731 7732 7733 7734 7735 7736 7737
g feasible_centers_point_000233
p 7738 7739 7740 7741 7742 7743 7744 7745 7746 7747 7748 7749 7750 7751 7752 7753 7754 7755 7756 7757 7758 7759 7760 7761 7762 7763 7764 7765 7766 7767 7768 7769 7770 7771 7772 7773 7774 7775 7776 7777 7778 7779 7780 7781 7782 7783 7784 7785
g feasible_centers_point_000234
p 7786 7787 7788 7789 7790 7791 7792 7793 7794 7795 7796 7797 7798 7799 7800 7801 7802 7803 7804 7805 7806 7807 7808 7809 7810 7811 7812 7813 7814 7815 7816 7817 7818 7819 7820 7821
g feasible_centers_point_000235
p 7822 7823 7824 7825 7826 7827 7828 7829 7830 7831 7832 7833 7834 7835 7836 7837 7838 7839 7840 7841 7842 7843 7844 7845 7846 7847 7848 7849 7850 7851 7852 7853 7854 7855 7856 7857
g feasible_centers_point_000236
p 7858 7859 7860 7861 7862 7863 7864 7865 7866 7867 7868 7869 7870 7871 7872 7873 7874 7875 7876 7877 7878 7879 7880 7881 7882 7883 7884 7885 7886 7887 7888 7889 7890 7891 7892 7893 7894 7895 7896 7897 7898 7899
g feasible_centers_point_000237
p 7900 7901 7902 7903 7904 7905 7906 7907 7908 7909 7910 7911 7912 7913 7914 7915 7916 7917 7918 7919 7920 7921 7922 7923 7924 7925 7926 7927 7928 7929 7930 7931 7932 7933 7934 7935 7936 7937
g feasible_centers_point_000238
p 7938 7939 7940 7941 7942 7943 7944 7945 7946 7947 7948 7949 7950 7951 7952 7953 7954 7955 7956 7957 7958 7959 7960 7961 7962 7963 7964 7965 7966 7967 7968 7969 7970 7971 7972 7973
g feasible_centers_point_000239
p 7974 7975 7976 7977 7978 7979 7980 7981 7982 7983 7984 7985 7986 7987 7988 7989 7990 7991 7992 7993 7994 7995 7996 7997 7998 7999 8000 8001 8002 8003 8004 8005 8006 8007
g feasible_centers_point_000240
p 8008 8009 8010 8011 8012 8013 8014 8015 8016 8017 8018 8019 8020 8021 8022 8023 8024 8025 8026 8027 8028 8029 8030 8031 8032 8033 8034 8035 8036 8037 8038 8039 8040 8041 8042 8043 8044 8045 8046 8047 8048 8049 8050 8051 8052 8053 8054 8055 8056 8057 8058 8059 8060 8061 8062 8063 8064 8065 8066
g feasible_centers_point_000241
p 8067 8068 8069 8070 8071 8072 8073 8074 8075 8076 8077 8078 8079 8080 8081 8082 8083 8084 8085 8086 8087 8088 8089 8090 8091 8092 8093 8094 8095 8096 8097 8098 8099 8100 8101 8102
g feasible_centers_point_000242
p 8103 8104 8105 8106 8107 8108 8109 8110 8111 8112 8113 8114 8115 8116 8117 8118 8119 8120 8121 8122 8123 8124 8125 8126 8127 8128 8129 8130 8131 8132 8133 8134 8135 8136 8137 8138
g feasible_centers_point_000243
p 8139 8140 8141 8142 8143 8144 8145 8146 8147 8148 8149 8150 8151 8152 8153 8154 8155 8156 8157 8158 8159 8160 8161 8162 8163 8164 8165 8166 8167 8168 8169 8170 8171 8172 8173 8174 8175 8176 8177 8178 8179 8180
g feasible_centers_point_000244
p 8181 8182 8183 8184 8185 8186 8187 8188 8189 8190 8191 8192 8193 8194 8195 8196 8197 8198 8199 8200 8201 8202 8203 8204 8205 8206 8207 8208 8209 8210 8211 8212 8213 8214 8215 8216 8217 8218 8219 8220 8221 8222 8223 8224 8225 8226 8227 8228
g feasible_centers_point_000245
p 8229 8230 8231 8232 8233 8234 8235 8236 8237 8238 8239 8240 8241 8242 8243 8244 8245 8246 8247 8248 8249 8250 8251 8252 8253 8254 8255 8256 8257 8258 8259 8260 8261 8262 8263 8264 8265 8266 8267 8268 8269 8270 8271 8272 8273
g feasible_centers_point_000246
p 8274 8275 8276 8277 8278 8279 8280 8281 8282 8283 8284 8285 8286 8287 8288 8289 8290 8291 8292 8293 8294 8295 8296 8297 8298 8299 8300 8301 8302 8303 8304 8305 8306 8307 8308 8309
g feasible_centers_point_000247
p 8310 8311 8312 8313 8314 8315 8316 8317 8318 8319 8320 8321 8322 8323 8324 8325 8326 8327 8328 8329 8330 8331 8332 8333 8334 8335 8336 8337 8338 8339 8340 8341 8342 8343 8344 8345 8346 8347 8348 8349 8350 8351
g feasible_centers_point_000248
p 8352 8353 8354 8355 8356 8357 8358 8359 8360 8361 8362 8363 8364 8365 8366 8367 8368 8369 8370 8371 8372 8373 8374 8375 8376 8377 8378 8379 8380 8381
g feasible_centers_point_000249
p 8382 8383 8384 8385 8386 8387 8388 8389 8390 8391 8392 8393 8394 8395 8396 8397 8398 8399 8400 8401 8402 8403 8404 8405 8406 8407 8408 8409 8410 8411 8412 8413 8414 8415 8416 8417 8418 8419 8420 8421
g feasible_centers_point_000250
p 8422 8423 8424 8425 8426 8427 8428 8429 8430 8431 8432 8433 8434 8435 8436 8437 8438 8439 8440 8441 8442 8443 8444 8445 8446 8447 8448 8449 8450 8451 8452 8453 8454 8455 8456 8457 8458 8459 8460 8461 8462 8463 8464 8465 8466 8467 8468 8469
g feasible_centers_point_000251
p 8470 8471 8472 8473 8474 8475 8476 8477 8478 8479 8480 8481 8482 8483 8484 8485 8486 8487 8488 8489 8490 8491 8492 8493 8494 8495 8496 8497 8498 8499
g feasible_centers_point_000252
p 8500 8501 8502 8503 8504 8505 8506 8507 8508 8509 8510 8511 8512
g feasible_centers_point_000253
p 8513 8514 8515 8516 8517 8518 8519 8520 8521 8522 8523 8524 8525 8526 8527 8528 8529 8530 8531 8532 8533 8534 8535 8536
g feasible_centers_point_000254
p 8537 8538 8539 8540 8541 8542 8543 8544 8545 8546 8547 8548 8549 8550 8551 8552 8553 8554 8555 8556 8557 8558 8559 8560 8561 8562
g feasible_centers_point_000255
p 8563 8564 8565 8566 8567 8568 8569 8570 8571 8572 8573 8574 8575 8576 8577 8578 8579 8580 8581 8582 8583 8584 8585 8586
g feasible_centers_point_000256
p 8587 8588 8589 8590 8591 8592 8593 8594 8595 8596 8597 8598 8599 8600 8601 8602 8603 8604 8605
g feasible_centers_point_000257
p 8606 8607 8608 8609 8610 8611 8612 8613 8614 8615 8616 8617 8618 8619 8620 8621 8622 8623 8624 8625 8626 8627 8628 8629
g feasible_centers_point_000258
p 8630 8631 8632 8633 8634 8635 8636 8637 8638 8639 8640 8641 8642 8643 8644 8645 8646 8647 8648 8649 8650 8651 8652 8653 8654 8655 8656 8657 8658 8659 8660 8661 8662 8663 8664 8665 8666 8667 8668 8669 8670 8671 8672 8673 8674 8675 8676 8677 8678
g feasible_centers_point_000259
p 8679 8680 8681 8682 8683 8684 8685 8686 8687 8688 8689 8690 8691 8692 8693 8694 8695 8696 8697 8698 8699 8700 8701 8702 8703 8704 8705 8706 8707 8708 8709 8710 8711 8712 8713 8714 8715 8716 8717 8718 8719 8720 8721 8722 8723 8724 8725 8726 8727 8728 8729 8730 8731 8732
g feasible_centers_point_000260
p 8733 8734 8735 8736 8737 8738 8739 8740 8741 8742 8743 8744 8745 8746 8747 8748 8749 8750 8751 8752 8753 8754 8755 8756 8757 8758 8759 8760 8761 8762 8763 8764 8765 8766 8767 8768 8769 8770 8771 8772 8773 8774
g feasible_centers_point_000261
p 8775 8776 8777 8778 8779 8780 8781 8782 8783 8784 8785 8786 8787 8788 8789 8790 8791 8792 8793 8794 8795 8796 8797 8798 8799 8800 8801 8802 8803 8804
g feasible_centers_point_000262
p 8805 8806 8807 8808 8809 8810 8811 8812 8813 8814 8815 8816 8817 8818 8819 8820 8821 8822 8823 8824 8825 8826 8827 8828 8829 8830 8831 8832 8833 8834 8835 8836 8837 8838 8839 8840
g feasible_centers_point_000263
p 8841 8842 8843 8844 8845 8846 8847 8848 8849 8850 8851 8852 8853 8854 8855 8856 8857 8858 8859 8860 8861 8862 8863 8864 8865 8866 8867 8868 8869 8870 8871 8872 8873 8874 8875 8876 8877 8878 8879 8880 8881 8882 8883 8884
g feasible_centers_point_000264
p 8885 8886 8887 8888 8889 8890 8891 8892 8893 8894 8895 8896 8897 8898 8899 8900 8901 8902 8903 8904 8905 8906 8907 8908 8909 8910 8911 8912 8913 8914 8915 8916 8917 8918 8919 8920 8921 8922 8923 8924
g feasible_centers_point_000265
p 8925 8926 8927 8928 8929 8930 8931 8932 8933 8934 8935 8936 8937 8938 8939 8940 8941 8942 8943 8944 8945 8946 8947 8948
g feasible_centers_point_000266
p 8949 8950 8951 8952 8953 8954 8955 8956 8957 8958 8959 8960 8961 8962 8963 8964 8965 8966 8967 8968 8969 8970 8971 8972 8973 8974 8975 8976 8977 8978 8979 8980 8981 8982 8983 8984 8985 8986 8987 8988 8989 8990
g feasible_centers_point_000267
p 8991 8992 8993 8994 8995 8996 8997 8998 8999 9000 9001 9002 9003 9004 9005 9006 9007 9008 9009 9010 9011 9012 9013 9014
g feasible_centers_point_000268
p 9015 9016 9017 9018 9019 9020 9021 9022 9023 9024 9025 9026 9027 9028 9029 9030 9031 9032 9033 9034 9035 9036 9037 9038 9039 9040 9041 9042 9043 9044 9045 9046
g feasible_centers_point_000269
p 9047 9048 9049 9050 9051 9052 9053 9054 9055 9056 9057 9058 9059 9060 9061 9062 9063 9064 9065 9066 9067 9068 9069 9070 9071 9072 9073 9074 9075 9076 9077 9078 9079 9080 9081 9082 9083 9084 9085 9086 9087
g feasible_centers_point_000270
p 9088 9089 9090 9091 9092 9093 9094 9095 9096 9097 9098 9099 9100 9101 9102 9103 9104 9105 9106 9107 9108 9109 9110 9111 9112 9113 9114 9115 9116 9117 9118 9119 9120 9121 9122 9123 9124 9125 9126 9127 9128 9129 9130
g feasible_centers_point_000271
p 9131 9132 9133 9134 9135 9136 9137 9138 9139 9140 9141 9142 9143 9144 9145 9146 9147 9148 9149 9150 9151 9152 9153 9154 9155 9156 9157 9158 9159 9160 9161 9162 9163 9164 9165 9166 9167
g feasible_centers_point_000272
p 9168 9169 9170 9171 9172 9173 9174 9175 9176 9177 9178 9179 9180 9181 9182 9183 9184 9185 9186 9187 9188 9189 9190 9191 9192 9193 9194 9195 9196 9197 9198 9199 9200 9201 9202 9203
g feasible_centers_point_000273
p 9204 9205 9206 9207 9208 9209 9210 9211 9212 9213 9214 9215 9216 9217 9218 9219 9220 9221 9222 9223 9224 9225 9226 9227 9228 9229 9230 9231 9232 9233 9234 9235 9236 9237 9238 9239
g feasible_centers_point_000274
p 9240 9241 9242 9243 9244 9245 9246 9247 9248 9249 9250 9251 9252 9253 9254 9255 9256 9257 9258 9259 9260 9261 9262 9263 9264 9265 9266 9267 9268 9269 9270 9271 9272 9273 9274 9275
g feasible_centers_point_000275
p 9276 9277 9278 9279 9280 9281 9282 9283 9284 9285 9286 9287 9288 9289 9290 9291 9292 9293 9294 9295 9296 9297 9298 9299 9300 9301 9302 9303 9304 9305 9306 9307 9308 9309 9310
g feasible_centers_point_000276
p 9311 9312 9313 9314 9315 9316 9317 9318 9319 9320 9321 9322 9323 9324 9325 9326 9327 9328 9329 9330 9331 9332 9333 9334 9335 9336 9337 9338 9339 9340 9341 9342 9343 9344 9345 9346
g feasible_centers_point_000277
p 9347 9348 9349 9350 9351 9352 9353 9354 9355 9356 9357 9358 9359 9360 9361 9362 9363 9364 9365 9366 9367 9368 9369 9370 9371 9372 9373 9374 9375 9376 9377 9378 9379 9380 9381 9382
g feasible_centers_point_000278
p 9383 9384 9385 9386 9387 9388 9389 9390 9391 9392 9393 9394 9395 9396 9397 9398 9399 9400 9401 9402 9403 9404 9405 9406 9407 9408 9409 9410
g feasible_centers_point_000279
p 9411 9412 9413 9414 9415 9416 9417 9418 9419 9420 9421 9422 9423 9424 9425 9426 9427 9428 9429 9430 9431 9432 9433 9434 9435 9436 9437 9438 9439 9440 9441 9442 9443 9444 9445 9446 9447 9448 9449 9450 9451 9452
g feasible_centers_point_000280
p 9453 9454 9455 9456 9457 9458 9459 9460 9461 9462 9463 9464 9465 9466 9467 9468 9469 9470 9471 9472 9473 9474 9475 9476 9477 9478 9479 9480 9481 9482 9483 9484 9485 9486 9487 9488 9489 9490 9491 9492 9493 9494 9495 9496 9497 9498 9499 9500
g feasible_centers_point_000281
p 9501 9502 9503 9504 9505 9506 9507 9508 9509 9510 9511 9512 9513 9514 9515 9516 9517 9518 9519 9520 9521 9522 9523 9524 9525 9526 9527 9528 9529 9530 9531 9532 9533 9534 9535 9536 9537 9538 9539 9540 9541 9542 9543 9544 9545 9546 9547 9548 9549 9550 9551 9552 9553
g feasible_centers_point_000282
p 9554 9555 9556 9557 9558 9559 9560 9561 9562 9563 9564 9565 9566 9567 9568 9569 9570 9571 9572 9573 9574 9575 9576 9577 9578 9579 9580 9581 9582 9583 9584 9585 9586 9587 9588 9589 9590 9591 9592 9593 9594 9595 9596 9597
g feasible_centers_point_000283
p 9598 9599 9600 9601 9602 9603 9604 9605 9606 9607 9608 9609 9610 9611 9612 9613 9614 9615 9616 9617 9618 9619 9620 9621 9622 9623 9624 9625 9626 9627 9628 9629 9630 9631 9632 9633
g feasible_centers_point_000284
p 9634 9635 9636 9637 9638 9639 9640 9641 9642 9643 9644 9645 9646 9647 9648 9649 9650 9651 9652 9653 9654 9655 9656 9657 9658 9659 9660 9661 9662 9663 9664
g feasible_centers_point_000285
p 9665 9666 9667 9668 9669 9670 9671 9672 9673 9674 9675 9676 9677 9678 9679 9680 9681 9682 9683 9684 9685 9686 9687 9688 9689 9690 9691 9692 9693 9694 9695 9696
g feasible_centers_point_000286
p 9697 9698 9699 9700 9701 9702 9703 9704 9705 9706 9707 9708 9709 9710 9711 9712 9713 9714
g feasible_centers_point_000287
p 9715 9716 9717 9718 9719 9720 9721 9722 9723 9724 9725 9726 9727 9728 9729 9730 9731 9732 9733 9734 9735 9736 9737 9738 9739 9740 9741 9742 9743 9744 9745 9746 9747 9748 9749
g feasible_centers_point_000288
p 9750 9751 9752 9753 9754 9755 9756 9757 9758 9759 9760 9761 9762 9763 9764 9765 9766 9767 9768 9769 9770 9771 9772 9773
g feasible_centers_point_000289
p 9774 9775 9776 9777 9778 9779 9780 9781 9782 9783 9784 9785 9786 9787 9788 9789 9790 9791
g feasible_centers_point_000290
p 9792 9793 9794 9795 9796 9797 9798 9799 9800 9801 9802 9803 9804 9805 9806 9807 9808 9809
g feasible_centers_point_000291
p 9810 9811 9812 9813 9814 9815 9816 9817 9818 9819 9820 9821 9822 9823 9824 9825 9826 9827 9828 9829 9830 9831 9832 9833
g feasible_centers_point_000292
p 9834 9835 9836 9837 9838 9839 9840 9841 9842 9843 9844 9845 9846 9847 9848 9849 9850 9851 9852 9853 9854 9855 9856 9857 9858 9859 9860 9861 9862 9863 9864 9865 9866 9867 9868
g feasible_centers_point_000293
p 9869 9870 9871 9872 9873 9874 9875 9876 9877 9878 9879 9880 9881 9882 9883 9884 9885 9886 9887 9888 9889 9890 9891 9892 9893 9894 9895 9896 9897 9898 9899 9900 9901 9902 9903 9904 9905 9906 9907
g feasible_centers_point_000294
p 9908 9909 9910 9911 9912 9913 9914 9915 9916 9917 9918 9919 9920 9921 9922 9923 9924 9925 9926 9927 9928 9929 9930 9931 9932 9933 9934 9935 9936 9937 9938
g feasible_centers_point_000295
p 9939 9940 9941 9942 9943 9944 9945 9946 9947 9948 9949 9950 9951 9952 9953 9954 9955 9956 9957 9958 9959 9960 9961 9962 9963 9964 9965 9966 9967 9968
g feasible_centers_point_000296
p 9969 9970 9971 9972 9973 9974 9975 9976 9977 9978 9979 9980 9981 9982 9983 9984 9985 9986 9987 9988 9989
g feasible_centers_point_000297
p 9990 9991 9992 9993 9994 9995 9996 9997 9998 9999 10000 10001 10002 10003 10004 10005 10006 10007 10008 10009 10010 10011 10012 10013 10014 10015 10016 10017 10018 10019
g feasible_centers_point_000298
p 10020 10021 10022 10023 10024 10025 10026 10027 10028 10029 10030 10031 10032 10033 10034 10035 10036 10037 10038 10039 10040 10041 10042 10043
g feasible_centers_point_000299
p 10044 10045 10046 10047 10048 10049 10050 10051 10052 10053 10054 10055 10056 10057 10058 10059 10060 10061 10062 10063 10064
g feasible_centers_point_000300
p 10065 10066 10067 10068 10069 10070 10071 10072 10073 10074 10075 10076 10077 10078 10079 10080 10081 10082 10083 10084 10085 10086 10087 10088 10089 10090 10091 10092 10093 10094 10095 10096 10097 10098 10099
g feasible_centers_point_000301
p 10100 10101 10102 10103 10104 10105 10106 10107 10108 10109 10110 10111 10112 10113 10114 10115 10116 10117 10118 10119 10120 10121 10122 10123 10124 10125 10126 10127 10128 10129
g feasible_centers_point_000302
p 10130 10131 10132 10133 10134 10135 10136 10137 10138 10139 10140 10141 10142 10143 10144 10145 10146 10147 10148 10149 10150 10151 10152 10153 10154 10155 10156 10157 10158 10159
g feasible_centers_point_000303
p 10160 10161 10162 10163 10164 10165 10166 10167 10168 10169 10170 10171 10172 10173 10174 10175 10176 10177 10178 10179 10180 10181 10182 10183 10184 10185 10186 10187 10188 10189 10190 10191 10192 10193 10194 10195
g feasible_centers_point_000304
p 10196 10197 10198 10199 10200 10201 10202 10203 10204 10205 10206 10207 10208 10209 10210 10211 10212 10213 10214 10215 10216 10217 10218 10219 10220 10221 10222 10223 10224 10225 10226 10227 10228 10229 10230 10231 10232 10233 10234 10235 10236 10237 10238 10239 10240 10241 10242 10243 10244 10245
g feasible_centers_point_000305
p 10246 10247 10248 10249 10250 10251 10252 10253 10254 10255 10256 10257 10258 10259 10260 10261 10262 10263 10264 10265 10266 10267 10268 10269 10270 10271 10272 10273 10274 10275 10276 10277 10278 10279 10280 10281
g feasible_centers_point_000306
p 10282 10283 10284 10285 10286 10287 10288 10289 10290 10291 10292 10293 10294 10295 10296 10297 10298 10299 10300 10301 10302 10303 10304 10305 10306 10307 10308 10309 10310 10311
g feasible_centers_point_000307
p 10312 10313 10314 10315 10316 10317 10318 10319 10320 10321 10322 10323 10324 10325 10326 10327 10328 10329 10330 10331 10332 10333 10334 10335 10336 10337 10338 10339
g feasible_centers_point_000308
p 10340 10341 10342 10343 10344 10345 10346 10347 10348 10349 10350 10351 10352 10353 10354 10355 10356 10357
g feasible_centers_point_000309
p 10358 10359 10360 10361 10362 10363 10364 10365 10366 10367 10368 10369
g feasible_centers_point_000310
p 10370 10371 10372 10373 10374 10375 10376 10377 10378 10379 10380 10381 10382 10383 10384 10385 10386 10387 10388 10389 10390 10391 10392 10393 10394 10395 10396 10397 10398 10399
g feasible_centers_point_000311
p 10400 10401 10402 10403 10404 10405 10406 10407 10408 10409 10410 10411 10412 10413 10414 10415 10416 10417 10418 10419 10420 10421 10422 10423
g feasible_centers_point_000312
p 10424 10425 10426 10427 10428 10429 10430 10431 10432 10433 10434 10435 10436 10437 10438 10439 10440 10441 10442 10443 10444 10445 10446 10447
g feasible_centers_point_000313
p 10448 10449 10450 10451 10452 10453 10454 10455 10456 10457 10458 10459
g feasible_centers_point_000314
p 10460 10461 10462 10463 10464 10465 10466 10467 10468 10469 10470 10471 10472 10473 10474 10475 10476 10477 10478 10479 10480 10481 10482 10483 10484 10485 10486 10487 10488
g feasible_centers_point_000315
p 10489 10490 10491 10492 10493 10494 10495 10496 10497 10498 10499 10500 10501 10502 10503 10504 10505 10506 10507 10508 10509 10510 10511 10512
g feasible_centers_point_000316
p 10513 10514 10515 10516 10517 10518 10519 10520 10521 10522 10523 10524 10525 10526 10527 10528 10529 10530 10531 10532 10533 10534 10535 10536 10537
g feasible_centers_point_000317
p 10538 10539 10540 10541 10542 10543 10544 10545 10546 10547 10548 10549 10550 10551 10552 10553 10554 10555 10556 10557 10558 10559 10560 10561 10562 10563 10564 10565 10566 10567
g feasible_centers_point_000318
p 10568 10569 10570 10571 10572 10573 10574 10575 10576 10577 10578 10579 10580 10581 10582 10583 10584 10585 10586 10587 10588 10589 10590 10591 10592 10593 10594 10595 10596 10597 10598
g feasible_centers_point_000319
p 10599 10600 10601 10602 10603 10604 10605 10606 10607 10608 10609 10610 10611 10612 10613 10614 10615 10616 10617 10618 10619 10620 10621 10622 10623 10624 10625 10626 10627 10628 10629 10630 10631 10632 10633 10634
g feasible_centers_point_000320
p 10635 10636 10637 10638 10639 10640 10641 10642 10643 10644 10645 10646 10647 10648 10649 10650 10651 10652 10653 10654 10655 10656 10657 10658 10659 10660 10661 10662 10663 10664 10665 10666
g feasible_centers_point_000321
p 10667 10668 10669 10670 10671 10672 10673 10674 10675 10676 10677 10678 10679 10680 10681 10682 10683 10684 10685 10686 10687 10688 10689 10690 10691 10692 10693 10694 10695 10696
g feasible_centers_point_000322
p 10697 10698 10699 10700 10701 10702 10703 10704 10705 10706 10707 10708 10709 10710 10711 10712 10713 10714 10715 10716 10717 10718 10719 10720 10721 10722 10723 10724 10725 10726
g feasible_centers_point_000323
p 10727 10728 10729 10730 10731 10732 10733 10734 10735 10736 10737 10738 10739 10740 10741 10742 10743 10744 10745 10746 10747 10748 10749 10750
g feasible_centers_point_000324
p 10751 10752 10753 10754 10755 10756 10757 10758 10759 10760 10761 10762 10763 10764 10765 10766 10767 10768 10769 10770 10771 10772 10773 10774 10775 10776 10777 10778 10779 10780
g feasible_centers_point_000325
p 10781 10782 10783 10784 10785 10786 10787 10788 10789 10790 10791 10792 10793 10794 10795 10796 10797 10798
g feasible_centers_point_000326
p 10799 10800 10801 10802 10803 10804 10805 10806 10807 10808 10809 10810 10811 10812 10813 10814 10815 10816 10817 10818 10819 10820 10821 10822 10823 10824 10825 10826
g feasible_centers_point_000327
p 10827 10828 10829 10830 10831 10832 10833 10834 10835 10836 10837 10838 10839 10840 10841 10842 10843 10844 10845 10846 10847 10848 10849 10850 10851 10852 10853 10854 10855 10856
g feasible_centers_point_000328
p 10857 10858 10859 10860 10861 10862 10863 10864 10865 10866 10867 10868 10869 10870 10871 10872 10873 10874 10875 10876 10877 10878 10879 10880
g feasible_centers_point_000329
p 10881 10882 10883 10884 10885 10886 10887 10888 10889 10890 10891 10892 10893 10894 10895 10896 10897 10898 10899 10900 10901 10902 10903 10904 10905 10906 10907 10908 10909 10910 10911 10912 10913 10914 10915 10916
g feasible_centers_point_000330
p 10917 10918 10919 10920 10921 10922 10923 10924 10925 10926 10927 10928 10929 10930 10931 10932 10933 10934 10935 10936 10937 10938 10939 10940 10941 10942 10943 10944 10945 10946 10947 10948 10949 10950 10951 10952 10953 10954 10955 10956 10957 10958 10959 10960 10961
g feasible_centers_point_000331
p 10962 10963 10964 10965 10966 10967 10968 10969 10970 10971 10972 10973 10974 10975 10976 10977 10978 10979 10980 10981 10982 10983 10984 10985 10986 10987 10988 10989 10990 10991 10992 10993 10994 10995 10996 10997 10998 10999 11000 11001 11002 11003
g feasible_centers_point_000332
p 11004 11005 11006 11007 11008 11009 11010 11011 11012 11013 11014 11015 11016 11017 11018 11019 11020 11021 11022 11023 11024 11025 11026 11027 11028 11029 11030 11031 11032 11033 11034 11035 11036 11037 11038 11039
g feasible_centers_point_000333
p 11040 11041 11042 11043 11044 11045 11046 11047 11048 11049 11050 11051 11052 11053 11054 11055 11056 11057 11058 11059 11060 11061 11062 11063
g feasible_centers_point_000334
p 11064 11065 11066 11067 11068 11069 11070 11071 11072 11073 11074 11075 11076 11077 11078 11079 11080 11081 11082 11083 11084 11085 11086 11087 11088 11089 11090 11091 11092 11093 11094 11095 11096 11097 11098 11099 11100 11101 11102 11103 11104 11105 11106
g feasible_centers_point_000335
p 11107 11108 11109 11110 11111 11112 11113 11114 11115 11116 11117 11118 11119 11120 11121 11122 11123 11124 11125 11126 11127 11128 11129 11130
g feasible_centers_point_000336
p 11131 11132 11133 11134 11135 11136 11137 11138 11139 11140 11141 11142 11143 11144 11145 11146 11147 11148 11149 11150 11151 11152 11153 11154 11155 11156 11157 11158 11159 11160 11161 11162 11163 11164 11165 11166
g feasible_centers_point_000337
p 11167 11168 11169 11170 11171 11172 11173 11174 11175 11176 11177 11178 11179 11180 11181 11182 11183 11184 11185 11186 11187 11188 11189 11190 11191 11192 11193 11194 11195 11196 11197 11198 11199 11200 11201 11202 11203
g feasible_centers_point_000338
p 11204 11205 11206 11207 11208 11209 11210 11211 11212 11213 11214 11215 11216 11217 11218 11219 11220 11221 11222 11223 11224 11225 11226 11227 11228 11229 11230 11231 11232 11233 11234 11235 11236 11237 11238 11239 11240
g feasible_centers_point_000339
p 11241 11242 11243 11244 11245 11246 11247 11248 11249 11250 11251 11252 11253 11254 11255 11256 11257 11258 11259 11260 11261 11262 11263 11264
g feasible_centers_point_000340
p 11265 11266 11267 11268 11269 11270 11271 11272 11273 11274 11275 11276 11277 11278 11279 11280 11281 11282 11283 11284 11285 11286 11287 11288 11289 11290 11291 11292 11293 11294 11295
g feasible_centers_point_000341
p 11296 11297 11298 11299 11300 11301 11302 11303 11304 11305 11306 11307 11308 11309 11310 11311 11312 11313 11314 11315 11316 11317 11318 11319 11320 11321 11322 11323 11324 11325
g feasible_centers_point_000342
p 11326 11327 11328 11329 11330 11331 11332 11333 11334 11335 11336 11337 11338 11339 11340 11341 11342 11343 11344 11345 11346 11347 11348 11349 11350 11351 11352 11353 11354 11355
g feasible_centers_point_000343
p 11356 11357 11358 11359 11360 11361 11362 11363 11364 11365 11366 11367
g feasible_centers_point_000344
p 11368 11369 11370 11371 11372 11373 11374 11375 11376 11377 11378 11379 11380 11381 11382 11383 11384 11385 11386 11387 11388 11389 11390 11391 11392
g feasible_centers_point_000345
p 11393 11394 11395 11396 11397 11398 11399 11400 11401 11402 11403 11404 11405 11406 11407 11408 11409 11410 11411 11412 11413 11414 11415 11416 11417 11418 11419 11420 11421 11422
g feasible_centers_point_000346
p 11423 11424 11425 11426 11427 11428 11429 11430 11431 11432 11433 11434 11435 11436 11437 11438 11439 11440 11441 11442 11443 11444 11445 11446
g feasible_centers_point_000347
p 11447 11448 11449 11450 11451 11452 11453 11454 11455 11456 11457 11458 11459 11460 11461 11462 11463 11464 11465 11466 11467 11468 11469 11470
g feasible_centers_point_000348
p 11471 11472 11473 11474 11475 11476 11477 11478 11479 11480 11481 11482 11483 11484 11485 11486 11487 11488
g feasible_centers_point_000349
p 11489 11490 11491 11492 11493 11494 11495 11496 11497 11498 11499 11500 11501 11502 11503 11504 11505 11506 11507 11508 11509 11510 11511 11512 11513 11514 11515 11516 11517 11518
g feasible_centers_point_000350
p 11519 11520 11521 11522 11523 11524 11525 11526 11527 11528 11529 11530 11531 11532 11533 11534 11535 11536
g feasible_centers_point_000351
p 11537 11538 11539 11540 11541 11542 11543 11544 11545 11546 11547 11548 11549 11550 11551 11552 11553 11554 11555 11556 11557 11558 11559 11560 11561 11562 11563 11564 11565 11566 11567 11568 11569 11570 11571 11572 11573 11574 11575 11576 11577 11578
g feasible_centers_point_000352
p 11579 11580 11581 11582 11583 11584 11585 11586 11587 11588 11589 11590 11591 11592 11593 11594 11595 11596
g feasible_centers_point_000353
p 11597 11598 11599 11600 11601 11602 11603 11604 11605 11606 11607 11608 11609 11610 11611 11612 11613
g feasible_centers_point_000354
p 11614 11615 11616 11617 11618 11619 11620 11621 11622 11623 11624 11625 11626 11627 11628 11629 11630 11631 11632 11633 11634 11635 11636 11637 11638 11639 11640 11641 11642 11643 11644 11645
g feasible_centers_point_000355
p 11646 11647 11648 11649 11650 11651 11652 11653 11654 11655 11656 11657 11658 11659 11660 11661 11662 11663 11664 11665 11666
g feasible_centers_point_000356
p 11667 11668 11669 11670 11671 11672 11673 11674 11675 11676 11677 11678 11679 11680 11681 11682 11683 11684 11685 11686 11687 11688 11689 11690 11691 11692 11693 11694 11695 11696 11697 11698 11699 11700
g feasible_centers_point_000357
p 11701 11702 11703 11704 11705 11706 11707 11708 11709 11710 11711 11712 11713 11714 11715 11716 11717 11718 11719 11720 11721 11722 11723 11724
g feasible_centers_point_000358
p 11725 11726 11727 11728 11729 11730 11731 11732 11733 11734 11735 11736
g feasible_centers_point_000359
p 11737 11738 11739 11740 11741 11742 11743 11744 11745 11746 11747 11748 11749 11750 11751 11752 11753 11754 11755 11756 11757 11758 11759 11760 11761 11762 11763 11764 11765 11766 11767 11768 11769 11770 11771 11772 11773
g feasible_centers_point_000360
p 11774 11775 11776 11777 11778 11779 11780 11781 11782 11783 11784 11785 11786 11787 11788 11789 11790 11791 11792 11793 11794 11795 11796 11797 11798 11799 11800 11801 11802
g feasible_centers_point_000361
p 11803 11804 11805 11806 11807 11808 11809 11810 11811 11812 11813 11814 11815 11816 11817 11818 11819 11820 11821 11822 11823 11824 11825 11826 11827 11828 11829 11830 11831 11832 11833 11834 11835 11836 11837 11838 11839 11840 11841 11842 11843 11844 11845 11846 11847 11848 11849
g feasible_centers_point_000362
p 11850 11851 11852 11853 11854 11855 11856 11857 11858 11859 11860 11861 11862 11863 11864 11865 11866 11867 11868 11869 11870 11871 11872 11873 11874
g feasible_centers_point_000363
p 11875 11876 11877 11878 11879 11880 11881 11882 11883 11884 11885 11886 11887 11888 11889 11890 11891 11892 11893 11894 11895 11896 11897 11898 11899 11900 11901 11902 11903 11904
g feasible_centers_point_000364
p 11905 11906 11907 11908 11909 11910 11911 11912 11913 11914 11915 11916 11917 11918 11919 11920 11921 11922 11923 11924 11925 11926 11927 11928 11929 11930 11931 11932 11933 11934 11935 11936 11937 11938 11939 11940 11941 11942 11943 11944 11945 11946 11947 11948 11949 11950 11951 11952 11953
g feasible_centers_point_000365
p 11954 11955 11956 11957 11958 11959 11960 11961 11962 11963 11964 11965 11966 11967 11968 11969 11970 11971 11972 11973 11974 11975 11976 11977 11978 11979 11980 11981 11982 11983 11984 11985 11986 11987 11988 11989 11990 11991 11992 11993 11994 11995 11996 11997 11998 11999 12000 12001 12002 12003 12004 12005 12006 12007
g feasible_centers_point_000366
p 12008 12009 12010 12011 12012 12013 12014 12015 12016 12017 12018 12019 12020 12021 12022 12023 12024 12025 12026 12027 12028 12029
g feasible_centers_point_000367
p 12030 12031 12032 12033 12034 12035 12036 12037 12038 12039 12040 12041 12042 12043 12044 12045 12046 12047 12048 12049 12050 12051 12052 12053 12054 12055 12056 12057 12058 12059
g feasible_centers_point_000368
p 12060 12061 12062 12063 12064 12065 12066 12067 12068 12069 12070 12071 12072 12073 12074 12075 12076 12077 12078 12079 12080 12081 12082 12083 12084 12085 12086 12087 12088 12089 12090 12091 12092 12093 12094 12095 12096 12097 12098 12099 12100 12101 12102 12103 12104 12105 12106 12107 12108 12109 12110 12111 12112 12113
g feasible_centers_point_000369
p 12114 12115 12116 12117 12118 12119 12120 12121 12122 12123 12124 12125 12126 12127 12128 12129 12130 12131 12132 12133 12134 12135 12136 12137 12138 12139 12140 12141 12142 12143 12144 12145 12146 12147 12148 12149 12150 12151 12152 12153 12154 12155
g feasible_centers_point_000370
p 12156 12157 12158 12159 12160 12161 12162 12163 12164 12165 12166 12167 12168 12169 12170 12171 12172 12173 12174 12175 12176 12177 12178 12179 12180 12181 12182 12183 12184 12185 12186 12187 12188 12189 12190 12191 12192 12193 12194 12195 12196 12197
g feasible_centers_point_000371
p 12198 12199 12200 12201 12202 12203 12204 12205 12206 12207 12208 12209 12210 12211 12212 12213 12214 12215 12216 12217 12218 12219 12220 12221 12222 12223 12224 12225 12226 12227 12228 12229 12230 12231 12232 12233 12234 12235 12236 12237 12238 12239 12240 12241 12242 12243 12244 12245 12246 12247
g feasible_centers_point_000372
p 12248 12249 12250 12251 12252 12253 12254 12255 12256 12257 12258 12259 12260 12261 12262 12263 12264 12265 12266 12267 12268 12269 12270 12271 12272 12273 12274 12275 12276 12277
g feasible_centers_point_000373
p 12278 12279 12280 12281 12282 12283 12284 12285 12286 12287 12288 12289 12290 12291 12292 12293 12294 12295 12296 12297 12298 12299
g feasible_centers_point_000374
p 12300 12301 12302 12303 12304 12305 12306 12307 12308 12309 12310 12311 12312 12313 12314 12315 12316 12317 12318 12319 12320 12321 12322 12323 12324 12325 12326 12327 12328 12329 12330 12331 12332 12333 12334 12335 12336 12337 12338 12339 12340 12341 12342 12343 12344 12345 12346 12347 12348 12349 12350 12351 12352 12353
g feasible_centers_point_000375
p 12354 12355 12356 12357 12358 12359 12360 12361 12362 12363 12364 12365 12366 12367 12368 12369 12370 12371 12372 12373 12374 12375 12376
g feasible_centers_point_000376
p 12377 12378 12379 12380 12381 12382 12383 12384 12385 12386 12387 12388 12389 12390 12391 12392 12393 12394 12395 12396 12397 12398 12399 12400 12401 12402 12403 12404 12405 12406 12407 12408 12409 12410 12411 12412 12413 12414 12415 12416 12417 12418 12419 12420 12421 12422 12423 12424
g feasible_centers_point_000377
p 12425 12426 12427 12428 12429 12430 12431 12432 12433 12434 12435 12436 12437 12438 12439 12440 12441 12442 12443 12444 12445 12446 12447 12448 12449 12450 12451 12452 12453 12454 12455 12456 12457 12458 12459 12460
g feasible_centers_point_000378
p 12461 12462 12463 12464 12465 12466 12467 12468 12469
g feasible_centers_point_000379
p 12470 12471 12472 12473 12474 12475 12476 12477 12478 12479 12480 12481
g feasible_centers_point_000380
p 12482 12483 12484 12485 12486 12487 12488 12489 12490 12491 12492 12493 12494 12495 12496 12497 12498 12499 12500 12501 12502 12503 12504 12505 12506 12507 12508 12509 12510 12511 12512 12513 12514 12515 12516 12517
g feasible_centers_point_000381
p 12518 12519 12520 12521 12522 12523 12524 12525 12526 12527 12528 12529 12530 12531 12532 12533 12534 12535 12536 12537 12538 12539 12540 12541 12542 12543 12544 12545 12546 12547 12548 12549 12550 12551 12552 12553 12554 12555 12556 12557 12558 12559 12560 12561 12562 12563 12564 12565
g feasible_centers_point_000382
p 12566 12567 12568 12569 12570 12571 12572 12573 12574 12575 12576 12577 12578 12579 12580 12581 12582 12583 12584 12585 12586
g feasible_centers_point_000384
p 12587 12588 12589 12590 12591 12592 12593 12594 12595 12596 12597 12598 12599 12600 12601 12602 12603
g feasible_centers_point_000385
p 12604 12605 12606 12607 12608 12609 12610 12611 12612 12613 12614 12615 12616 12617 12618 12619 12620 12621 12622 12623 12624 12625 12626 12627 12628 12629 12630
g feasible_centers_point_000386
p 12631 12632 12633 12634 12635 12636 12637 12638 12639 12640 12641 12642 12643 12644 12645 12646 12647 12648 12649 12650 12651
g feasible_centers_point_000387
p 12652 12653 12654 12655 12656 12657 12658 12659 12660 12661 12662 12663 12664 12665 12666 12667 12668 12669 12670 12671 12672 12673 12674
g feasible_centers_point_000388
p 12675 12676 12677 12678 12679 12680 12681 12682 12683 12684 12685 12686 12687 12688 12689 12690 12691 12692 12693 12694 12695 12696 12697
g feasible_centers_point_000389
p 12698 12699 12700 12701 12702 12703 12704 12705 12706 12707 12708 12709 12710 12711 12712 12713 12714 12715 12716 12717 12718 12719 12720 12721 12722 12723 12724 12725 12726 12727 12728 12729 12730
g feasible_centers_point_000390
p 12731 12732 12733 12734 12735 12736 12737 12738 12739 12740 12741 12742 12743 12744 12745 12746 12747 12748 12749 12750 12751 12752 12753 12754
g feasible_centers_point_000391
p 12755 12756 12757 12758 12759 12760 12761 12762 12763 12764 12765 12766 12767 12768 12769 12770 12771 12772 12773 12774 12775 12776 12777 12778 12779 12780 12781 12782 12783 12784
g feasible_centers_point_000392
p 12785 12786 12787 12788 12789 12790 12791 12792 12793 12794 12795 12796 12797 12798 12799 12800 12801 12802 12803 12804 12805 12806 12807 12808 12809 12810
g feasible_centers_point_000393
p 12811 12812 12813 12814 12815 12816 12817 12818 12819 12820 12821 12822 12823 12824 12825 12826 12827 12828 12829
g feasible_centers_point_000394
p 12830 12831 12832 12833 12834 12835 12836 12837 12838 12839 12840 12841 12842 12843 12844 12845 12846 12847 12848 12849 12850 12851 12852 12853 12854 12855 12856 12857 12858 12859
g feasible_centers_point_000395
p 12860 12861 12862 12863 12864 12865 12866 12867 12868 12869 12870 12871 12872 12873 12874 12875 12876
g feasible_centers_point_000396
p 12877 12878 12879 12880 12881 12882 12883 12884 12885 12886 12887 12888 12889 12890 12891 12892 12893 12894
g feasible_centers_point_000397
p 12895 12896 12897 12898 12899 12900 12901 12902 12903
g feasible_centers_point_000398
p 12904 12905 12906 12907 12908 12909
g feasible_centers_point_000399
p 12910 12911 12912 12913 12914 12915 12916 12917 12918 12919 12920 12921
g feasible_centers_point_000400
p 12922 12923 12924 12925 12926 12927 12928 12929 12930 12931 12932 12933
g feasible_centers_point_000401
p 12934 12935 12936 12937 12938 12939
g feasible_centers_point_000404
p 12940 12941 12942 12943 12944 12945 12946 12947 12948 12949
g feasible_centers_point_000405
p 12950 12951 12952 12953 12954 12955 12956 12957 12958
g feasible_centers_point_000406
p 12959 12960 12961 12962 12963 12964 12965 12966 12967 12968 12969 12970 12971 12972 12973
g feasible_centers_point_000407
p 12974 12975 12976 12977 12978 12979 12980 12981 12982 12983 12984
g feasible_centers_point_000408
p 12985 12986 12987 12988 12989 12990 12991 12992 12993 12994 12995 12996 12997 12998 12999 13000 13001 13002 13003 13004 13005
g feasible_centers_point_000409
p 13006 13007 13008 13009 13010 13011 13012 13013 13014 13015 13016 13017 13018 13019 13020 13021 13022 13023 13024 13025 13026 13027 13028 13029 13030 13031 13032 13033 13034 13035
g feasible_centers_point_000410
p 13036 13037 13038 13039 13040 13041 13042 13043 13044 13045 13046 13047 13048 13049 13050 13051 13052 13053 13054 13055 13056 13057 13058 13059 13060 13061 13062 13063 13064 13065
g feasible_centers_point_000411
p 13066 13067 13068 13069 13070 13071 13072 13073 13074 13075 13076 13077 13078 13079 13080 13081 13082 13083 13084 13085 13086
g feasible_centers_point_000412
p 13087 13088 13089 13090 13091 13092 13093 13094 13095 13096 13097 13098
g feasible_centers_point_000413
p 13099 13100 13101 13102 13103 13104 13105 13106 13107 13108 13109 13110 13111 13112 13113 13114 13115 13116 13117 13118 13119 13120 13121 13122 13123 13124 13125 13126 13127 13128 13129 13130 13131
g feasible_centers_point_000414
p 13132 13133 13134 13135 13136 13137 13138 13139 13140 13141 13142 13143 13144 13145 13146 13147 13148 13149 13150 13151
o feasible_center_arcs
g feasible_center_arcs
l 442 443
l 443 444
l 444 445
l 446 447
l 447 448
l 448 449
l 449 450
l 451 452
l 452 442
l 483 484
l 484 485
l 486 487
l 487 488
l 488 489
l 489 490
l 490 491
l 491 492
l 493 494
l 494 495
l 495 496
l 496 483
l 510 511
l 511 512
l 513 514
l 514 515
l 540 541
l 541 542
l 543 544
l 544 545
l 545 546
l 546 547
l 547 548
l 549 550
l 550 551
l 551 540
l 588 589
l 589 590
l 591 592
l 592 593
l 593 594
l 594 595
l 595 596
l 596 597
l 597 598
l 599 600
l 600 601
l 601 602
l 602 603
l 603 588
l 634 635
l 635 636
l 637 638
l 638 639
l 639 640
l 640 641
l 641 642
l 642 643
l 644 645
l 645 646
l 646 647
l 647 634
l 681 682
l 682 683
l 684 685
l 685 686
l 686 687
l 687 688
l 688 689
l 689 690
l 690 691
l 692 693
l 693 694
l 694 695
l 695 696
l 696 681
l 730 731
l 731 732
l 732 733
l 734 735
l 735 736
l 736 737
l 737 738
l 738 739
l 739 740
l 740 741
l 742 743
l 743 744
l 744 745
l 745 730
l 773 774
l 775 776
l 776 777
l 777 778
l 778 779
l 779 780
l 781 782
l 782 783
l 783 784
l 784 773
l 797 798
l 799 800
l 800 801
l 802 797
l 823 824
l 824 825
l 826 827
l 827 828
l 828 829
l 829 830
l 831 832
l 832 823
l 853 854
l 854 855
l 856 857
l 857 858
l 858 859
l 859 860
l 861 862
l 862 853
l 887 888
l 888 889
l 889 890
l 891 892
l 892 893
l 893 894
l 894 895
l 896 897
l 897 887
l 930 931
l 931 932
l 932 933
l 934 935
l 935 936
l 936 937
l 937 938
l 938 939
l 940 941
l 941 942
l 942 930
l 963 964
l 964 965
l 965 966
l 966 967
l 968 969
l 969 970
l 970 971
l 971 972
l 985 986
l 986 987
l 988 989
l 989 990
l 1009 1010
l 1010 1011
l 1012 1013
l 1013 1014
l 1014 1015
l 1016 1009
l 1037 1038
l 1038 1039
l 1040 1041
l 1041 1042
l 1042 1043
l 1043 1044
l 1045 1046
l 1046 1037
l 1072 1073
l 1073 1074
l 1074 1075
l 1075 1076
l 1077 1078
l 1078 1079
l 1079 1080
l 1080 1081
l 1081 1082
l 1083 1072
l 1113 1114
l 1114 1115
l 1116 1117
l 1117 1118
l 1118 1119
l 1119 1120
l 1120 1121
l 1121 1122
l 1123 1124
l 1124 1125
l 1125 1126
l 1126 1113
l 1143 1144
l 1145 1146
l 1146 1147
l 1147 1148
l 1149 1150
l 1150 1143
l 1171 1172
l 1173 1174
l 1174 1175
l 1175 1176
l 1176 1177
l 1178 1179
l 1179 1180
l 1180 1171
l 1189 1190
l 1206 1207
l 1207 1208
l 1209 1210
l 1210 1211
l 1212 1206
l 1225 1226
l 1226 1227
l 1228 1229
l 1229 1230
l 1251 1252
l 1252 1253
l 1253 1254
l 1254 1255
l 1256 1257
l 1257 1258
l 1258 1259
l 1259 1260
l 1277 1278
l 1278 1279
l 1280 1281
l 1281 1282
l 1282 1283
l 1284 1277
l 1301 1302
l 1303 1304
l 1304 1305
l 1305 1306
l 1307 1308
l 1308 1301
l 1323 1324
l 1324 1325
l 1326 1327
l 1327 1328
l 1349 1350
l 1350 1351
l 1352 1353
l 1353 1354
l 1354 1355
l 1355 1356
l 1357 1358
l 1358 1349
l 1379 1380
l 1380 1381
l 1382 1383
l 1383 1384
l 1384 1385
l 1385 1386
l 1387 1388
l 1388 1379
l 1406 1407
l 1407 1408
l 1408 1409
l 1410 1411
l 1411 1405
l 1425 1426
l 1427 1428
l 1428 1429
l 1430 1425
l 1455 1456
l 1456 1457
l 1457 1458
l 1459 1460
l 1460 1461
l 1461 1462
l 1462 1463
l 1463 1464
l 1465 1466
l 1466 1455
l 1478 1479
l 1480 1481
l 1502 1503
l 1503 1504
l 1504 1505
l 1506 1507
l 1507 1508
l 1508 1509
l 1509 1510
l 1511 1502
l 1532 1533
l 1533 1534
l 1535 1536
l 1536 1537
l 1537 1538
l 1538 1539
l 1540 1541
l 1541 1532
l 1563 1564
l 1565 1566
l 1566 1567
l 1567 1568
l 1568 1569
l 1570 1571
l 1571 1572
l 1572 1563
l 1593 1594
l 1595 1596
l 1596 1597
l 1597 1598
l 1599 1600
l 1600 1601
l 1601 1593
l 1613 1614
l 1615 1612
l 1628 1629
l 1630 1631
l 1631 1632
l 1633 1628
l 1643 1644
l 1645 1646
l 1667 1668
l 1668 1669
l 1670 1671
l 1671 1672
l 1672 1673
l 1673 1674
l 1675 1676
l 1676 1667
l 1705 1706
l 1706 1707
l 1707 1708
l 1708 1709
l 1710 1711
l 1711 1712
l 1712 1713
l 1713 1714
l 1714 1715
l 1715 1716
l 1717 1718
l 1718 1705
l 1731 1732
l 1733 1734
l 1734 1735
l 1736 1731
l 1755 1756
l 1756 1757
l 1757 1758
l 1759 1760
l 1760 1761
l 1761 1762
l 1776 1777
l 1777 1778
l 1779 1780
l 1780 1775
l 1805 1806
l 1806 1807
l 1808 1809
l 1809 1810
l 1810 1811
l 1811 1812
l 1813 1814
l 1814 1805
l 1831 1832
l 1832 1833
l 1834 1835
l 1835 1836
l 1836 1837
l 1838 1831
l 1852 1853
l 1853 1854
l 1855 1856
l 1856 1851
l 1870 1871
l 1871 1872
l 1873 1874
l 1874 1869
l 1891 1892
l 1893 1894
l 1894 1895
l 1895 1896
l 1897 1891
l 1914 1915
l 1916 1917
l 1917 1918
l 1918 1919
l 1920 1921
l 1921 1914
l 1947 1948
l 1948 1949
l 1950 1951
l 1951 1952
l 1952 1953
l 1953 1954
l 1955 1956
l 1956 1947
l 1979 1980
l 1980 1981
l 1982 1983
l 1983 1984
l 1984 1985
l 1985 1986
l 1987 1988
l 1988 1979
l 2005 2006
l 2006 2007
l 2008 2009
l 2009 2010
l 2010 2011
l 2012 2005
l 2025 2026
l 2027 2028
l 2028 2029
l 2030 2025
l 2040 2041
l 2042 2039
l 2063 2064
l 2064 2065
l 2065 2066
l 2067 2068
l 2068 2069
l 2069 2070
l 2070 2071
l 2072 2063
l 2086 2087
l 2088 2089
l 2089 2090
l 2091 2086
l 2108 2109
l 2110 2111
l 2111 2112
l 2112 2113
l 2114 2115
l 2115 2108
l 2132 2133
l 2134 2135
l 2135 2136
l 2136 2137
l 2138 2139
l 2139 2132
l 2160 2161
l 2161 2162
l 2163 2164
l 2164 2165
l 2165 2166
l 2166 2167
l 2168 2169
l 2169 2160
l 2186 2187
l 2188 2189
l 2189 2190
l 2190 2191
l 2192 2193
l 2193 2186
l 2222 2223
l 2223 2224
l 2224 2225
l 2226 2227
l 2227 2228
l 2228 2229
l 2229 2230
l 2230 2231
l 2231 2232
l 2233 2234
l 2234 2235
l 2235 2222
l 2262 2263
l 2263 2264
l 2265 2266
l 2266 2267
l 2267 2268
l 2268 2269
l 2270 2271
l 2271 2272
l 2272 2273
l 2273 2262
l 2296 2297
l 2298 2299
l 2299 2300
l 2300 2301
l 2301 2302
l 2303 2304
l 2304 2305
l 2305 2296
l 2326 2327
l 2327 2328
l 2328 2329
l 2330 2331
l 2331 2332
l 2332 2333
l 2333 2334
l 2335 2326
l 2355 2356
l 2357 2358
l 2358 2359
l 2359 2360
l 2361 2362
l 2362 2363
l 2363 2355
l 2376 2377
l 2378 2379
l 2379 2380
l 2381 2376
l 2414 2415
l 2415 2416
l 2417 2418
l 2418 2419
l 2419 2420
l 2420 2421
l 2421 2422
l 2422 2423
l 2423 2424
l 2425 2426
l 2426 2427
l 2427 2428
l 2428 2429
l 2429 2414
l 2462 2463
l 2463 2464
l 2464 2465
l 2466 2467
l 2467 2468
l 2468 2469
l 2469 2470
l 2470 2471
l 2471 2472
l 2472 2473
l 2474 2475
l 2475 2476
l 2476 2477
l 2477 2462
l 2506 2507
l 2507 2508
l 2509 2510
l 2510 2511
l 2511 2512
l 2512 2513
l 2513 2514
l 2514 2515
l 2516 2517
l 2517 2518
l 2518 2519
l 2519 2506
l 2543 2544
l 2545 2546
l 2546 2547
l 2547 2548
l 2548 2549
l 2549 2550
l 2551 2552
l 2552 2553
l 2553 2543
l 2573 2574
l 2574 2575
l 2576 2577
l 2577 2578
l 2578 2579
l 2580 2581
l 2581 2573
l 2606 2607
l 2607 2608
l 2608 2609
l 2609 2610
l 2611 2612
l 2612 2613
l 2613 2614
l 2614 2615
l 2615 2616
l 2617 2606
l 2627 2628
l 2629 2626
l 2646 2647
l 2647 2648
l 2649 2650
l 2650 2651
l 2652 2646
l 2669 2670
l 2670 2671
l 2672 2673
l 2673 2674
l 2674 2675
l 2676 2669
l 2697 2698
l 2698 2699
l 2700 2701
l 2701 2702
l 2702 2703
l 2703 2704
l 2705 2706
l 2706 2697
l 2727 2728
l 2728 2729
l 2730 2731
l 2731 2732
l 2732 2733
l 2733 2734
l 2735 2736
l 2736 2727
l 2746 2747
l 2748 2745
l 2767 2768
l 2768 2769
l 2769 2770
l 2771 2772
l 2772 2773
l 2773 2774
l 2799 2800
l 2801 2802
l 2802 2803
l 2803 2804
l 2804 2805
l 2805 2806
l 2807 2808
l 2808 2809
l 2809 2810
l 2810 2799
l 2833 2834
l 2834 2835
l 2836 2837
l 2837 2838
l 2838 2839
l 2839 2840
l 2841 2842
l 2842 2833
l 2867 2868
l 2868 2869
l 2870 2871
l 2871 2872
l 2872 2873
l 2873 2874
l 2874 2875
l 2876 2877
l 2877 2878
l 2878 2867
l 2895 2896
l 2896 2897
l 2897 2898
l 2899 2900
l 2900 2901
l 2901 2902
l 2920 2921
l 2921 2922
l 2922 2923
l 2924 2925
l 2925 2919
l 2946 2947
l 2947 2948
l 2949 2950
l 2950 2951
l 2951 2952
l 2953 2946
l 2982 2983
l 2983 2984
l 2984 2985
l 2985 2986
l 2987 2988
l 2988 2989
l 2989 2990
l 2990 2991
l 2991 2992
l 2992 2993
l 2994 2995
l 2995 2982
l 3016 3017
l 3018 3019
l 3019 3020
l 3020 3021
l 3021 3022
l 3023 3024
l 3024 3025
l 3025 3016
l 3046 3047
l 3047 3048
l 3049 3050
l 3050 3051
l 3051 3052
l 3052 3053
l 3054 3055
l 3055 3046
l 3084 3085
l 3085 3086
l 3086 3087
l 3088 3089
l 3089 3090
l 3090 3091
l 3091 3092
l 3092 3093
l 3093 3094
l 3095 3096
l 3096 3097
l 3097 3084
l 3122 3123
l 3124 3125
l 3125 3126
l 3126 3127
l 3127 3128
l 3128 3129
l 3130 3131
l 3131 3132
l 3132 3133
l 3133 3122
l 3162 3163
l 3163 3164
l 3164 3165
l 3165 3166
l 3167 3168
l 3168 3169
l 3169 3170
l 3170 3171
l 3171 3172
l 3173 3174
l 3174 3162
l 3195 3196
l 3196 3197
l 3198 3199
l 3199 3200
l 3200 3201
l 3201 3202
l 3203 3204
l 3204 3195
l 3221 3222
l 3222 3223
l 3223 3224
l 3225 3226
l 3226 3227
l 3227 3228
l 3255 3256
l 3256 3257
l 3258 3259
l 3259 3260
l 3260 3261
l 3261 3262
l 3263 3264
l 3264 3255
l 3289 3290
l 3290 3291
l 3291 3292
l 3292 3293
l 3294 3295
l 3295 3296
l 3296 3297
l 3297 3298
l 3298 3299
l 3300 3289
l 3337 3338
l 3338 3339
l 3339 3340
l 3340 3341
l 3341 3342
l 3343 3344
l 3344 3345
l 3345 3346
l 3346 3347
l 3347 3348
l 3348 3349
l 3349 3350
l 3350 3351
l 3352 3353
l 3353 3354
l 3354 3337
l 3388 3389
l 3389 3390
l 3390 3391
l 3391 3392
l 3392 3393
l 3394 3395
l 3395 3396
l 3396 3397
l 3397 3398
l 3398 3399
l 3399 3400
l 3400 3401
l 3402 3403
l 3403 3388
l 3428 3429
l 3429 3430
l 3430 3431
l 3432 3433
l 3433 3434
l 3434 3435
l 3435 3436
l 3436 3437
l 3438 3439
l 3439 3428
l 3452 3453
l 3454 3455
l 3455 3456
l 3457 3452
l 3477 3478
l 3478 3479
l 3479 3480
l 3481 3482
l 3482 3483
l 3483 3484
l 3505 3506
l 3506 3507
l 3507 3508
l 3509 3510
l 3510 3511
l 3511 3512
l 3512 3513
l 3514 3505
l 3539 3540
l 3540 3541
l 3541 3542
l 3543 3544
l 3544 3545
l 3545 3546
l 3546 3547
l 3547 3548
l 3549 3550
l 3550 3539
l 3571 3572
l 3572 3573
l 3574 3575
l 3575 3576
l 3576 3577
l 3577 3578
l 3579 3580
l 3580 3571
l 3609 3610
l 3610 3611
l 3611 3612
l 3613 3614
l 3614 3615
l 3615 3616
l 3616 3617
l 3617 3618
l 3618 3619
l 3620 3621
l 3621 3622
l 3622 3609
l 3643 3644
l 3644 3645
l 3646 3647
l 3647 3648
l 3648 3649
l 3649 3650
l 3651 3652
l 3652 3643
l 3673 3674
l 3675 3676
l 3676 3677
l 3677 3678
l 3679 3680
l 3680 3681
l 3681 3673
l 3703 3704
l 3704 3705
l 3706 3707
l 3707 3708
l 3708 3709
l 3710 3711
l 3711 3703
l 3732 3733
l 3733 3734
l 3735 3736
l 3736 3737
l 3737 3738
l 3739 3732
l 3760 3761
l 3761 3762
l 3762 3763
l 3764 3765
l 3765 3766
l 3766 3767
l 3767 3768
l 3769 3760
l 3785 3786
l 3787 3788
l 3788 3789
l 3790 3791
l 3791 3785
l 3824 3825
l 3825 3826
l 3826 3827
l 3828 3829
l 3829 3830
l 3830 3831
l 3831 3832
l 3832 3833
l 3833 3834
l 3834 3835
l 3836 3837
l 3837 3838
l 3838 3839
l 3839 3824
l 3865 3866
l 3866 3867
l 3868 3869
l 3869 3870
l 3870 3871
l 3871 3872
l 3872 3873
l 3874 3875
l 3875 3876
l 3876 3865
l 3905 3906
l 3907 3908
l 3908 3909
l 3909 3910
l 3910 3911
l 3911 3912
l 3912 3913
l 3914 3915
l 3915 3916
l 3916 3917
l 3917 3918
l 3918 3905
l 3947 3948
l 3948 3949
l 3949 3950
l 3951 3952
l 3952 3953
l 3953 3954
l 3954 3955
l 3955 3956
l 3956 3957
l 3958 3959
l 3959 3960
l 3960 3947
l 4001 4002
l 4002 4003
l 4003 4004
l 4004 4005
l 4006 4007
l 4007 4008
l 4008 4009
l 4009 4010
l 4010 4011
l 4011 4012
l 4012 4013
l 4013 4014
l 4015 4016
l 4016 4017
l 4017 4018
l 4018 4001
l 4042 4043
l 4044 4045
l 4045 4046
l 4046 4047
l 4047 4048
l 4049 4050
l 4050 4051
l 4051 4052
l 4052 4042
l 4077 4078
l 4078 4079
l 4079 4080
l 4081 4082
l 4082 4083
l 4083 4084
l 4084 4085
l 4085 4086
l 4087 4088
l 4088 4077
l 4117 4118
l 4118 4119
l 4119 4120
l 4120 4121
l 4121 4122
l 4123 4124
l 4124 4125
l 4125 4126
l 4126 4127
l 4127 4128
l 4128 4129
l 4130 4117
l 4140 4141
l 4142 4139
l 4163 4164
l 4164 4165
l 4165 4166
l 4167 4168
l 4168 4169
l 4169 4170
l 4170 4171
l 4172 4163
l 4196 4197
l 4197 4198
l 4198 4199
l 4200 4201
l 4201 4202
l 4202 4203
l 4203 4204
l 4205 4196
l 4230 4231
l 4231 4232
l 4232 4233
l 4233 4234
l 4235 4236
l 4236 4237
l 4237 4238
l 4238 4239
l 4239 4240
l 4241 4230
l 4262 4263
l 4263 4264
l 4264 4265
l 4265 4266
l 4267 4268
l 4268 4269
l 4269 4270
l 4270 4271
l 4296 4297
l 4298 4299
l 4299 4300
l 4300 4301
l 4301 4302
l 4302 4303
l 4304 4305
l 4305 4306
l 4306 4307
l 4307 4296
l 4332 4333
l 4334 4335
l 4335 4336
l 4336 4337
l 4337 4338
l 4338 4339
l 4340 4341
l 4341 4342
l 4342 4343
l 4343 4332
l 4372 4373
l 4373 4374
l 4374 4375
l 4375 4376
l 4377 4378
l 4378 4379
l 4379 4380
l 4380 4381
l 4381 4382
l 4382 4383
l 4384 4385
l 4385 4372
l 4414 4415
l 4415 4416
l 4416 4417
l 4417 4418
l 4419 4420
l 4420 4421
l 4421 4422
l 4422 4423
l 4423 4424
l 4424 4425
l 4426 4427
l 4427 4414
l 4448 4449
l 4449 4450
l 4450 4451
l 4452 4453
l 4453 4454
l 4454 4455
l 4455 4456
l 4457 4448
l 4482 4483
l 4483 4484
l 4484 4485
l 4485 4486
l 4487 4488
l 4488 4489
l 4489 4490
l 4490 4491
l 4491 4492
l 4493 4482
l 4518 4519
l 4519 4520
l 4520 4521
l 4521 4522
l 4523 4524
l 4524 4525
l 4525 4526
l 4526 4527
l 4527 4528
l 4529 4518
l 4547 4548
l 4548 4549
l 4550 4551
l 4551 4546
l 4580 4581
l 4581 4582
l 4583 4584
l 4584 4585
l 4585 4586
l 4586 4587
l 4587 4588
l 4588 4589
l 4590 4591
l 4591 4592
l 4592 4593
l 4593 4580
l 4617 4618
l 4618 4619
l 4619 4620
l 4620 4621
l 4621 4622
l 4623 4624
l 4624 4625
l 4625 4616
l 4646 4647
l 4648 4649
l 4649 4650
l 4650 4651
l 4651 4652
l 4653 4654
l 4654 4655
l 4655 4646
l 4685 4686
l 4686 4687
l 4687 4688
l 4688 4689
l 4689 4690
l 4690 4691
l 4692 4693
l 4693 4694
l 4694 4695
l 4695 4696
l 4696 4697
l 4697 4684
l 4706 4707
l 4708 4709
l 4716 4717
l 4741 4742
l 4742 4743
l 4743 4744
l 4745 4746
l 4746 4747
l 4747 4748
l 4748 4749
l 4750 4741
l 4779 4780
l 4780 4781
l 4781 4782
l 4783 4784
l 4784 4785
l 4785 4786
l 4786 4787
l 4787 4788
l 4788 4789
l 4790 4791
l 4791 4779
l 4823 4824
l 4824 4825
l 4825 4826
l 4827 4828
l 4828 4829
l 4829 4830
l 4830 4831
l 4831 4832
l 4832 4833
l 4834 4835
l 4835 4836
l 4836 4837
l 4837 4823
l 4857 4858
l 4859 4860
l 4860 4861
l 4861 4862
l 4863 4864
l 4864 4857
l 4885 4886
l 4886 4887
l 4888 4889
l 4889 4890
l 4890 4891
l 4891 4892
l 4893 4894
l 4894 4885
l 4911 4912
l 4912 4913
l 4914 4915
l 4915 4916
l 4916 4917
l 4918 4911
l 4955 4956
l 4957 4958
l 4958 4959
l 4959 4960
l 4960 4961
l 4961 4962
l 4962 4963
l 4963 4964
l 4965 4966
l 4966 4967
l 4967 4968
l 4968 4969
l 4969 4970
l 4970 4955
l 5003 5004
l 5004 5005
l 5005 5006
l 5007 5008
l 5008 5009
l 5009 5010
l 5010 5011
l 5011 5012
l 5012 5013
l 5013 5014
l 5015 5016
l 5016 5017
l 5017 5018
l 5018 5003
l 5044 5045
l 5045 5046
l 5047 5048
l 5048 5049
l 5049 5050
l 5050 5051
l 5051 5052
l 5053 5054
l 5054 5055
l 5055 5044
l 5090 5091
l 5091 5092
l 5092 5093
l 5093 5094
l 5094 5095
l 5096 5097
l 5097 5098
l 5098 5099
l 5099 5100
l 5100 5101
l 5101 5102
l 5102 5103
l 5104 5105
l 5105 5090
l 5138 5139
l 5139 5140
l 5140 5141
l 5141 5142
l 5142 5143
l 5143 5144
l 5145 5146
l 5146 5147
l 5147 5148
l 5148 5149
l 5149 5150
l 5150 5151
l 5151 5152
l 5153 5138
l 5179 5180
l 5180 5181
l 5181 5182
l 5183 5184
l 5184 5185
l 5185 5186
l 5186 5187
l 5187 5188
l 5189 5190
l 5190 5179
l 5207 5208
l 5209 5210
l 5210 5211
l 5211 5212
l 5213 5214
l 5214 5207
l 5231 5232
l 5232 5233
l 5233 5234
l 5235 5236
l 5236 5237
l 5237 5238
l 5273 5274
l 5274 5275
l 5276 5277
l 5277 5278
l 5278 5279
l 5279 5280
l 5280 5281
l 5281 5282
l 5282 5283
l 5284 5285
l 5285 5286
l 5286 5287
l 5287 5288
l 5288 5273
l 5313 5314
l 5315 5316
l 5316 5317
l 5317 5318
l 5318 5319
l 5319 5320
l 5321 5322
l 5322 5323
l 5323 5324
l 5324 5313
l 5345 5346
l 5346 5347
l 5348 5349
l 5349 5350
l 5350 5351
l 5351 5352
l 5353 5354
l 5354 5345
l 5375 5376
l 5376 5377
l 5378 5379
l 5379 5380
l 5380 5381
l 5381 5382
l 5383 5384
l 5384 5375
l 5406 5407
l 5407 5408
l 5409 5410
l 5410 5411
l 5411 5412
l 5412 5413
l 5414 5415
l 5415 5406
l 5450 5451
l 5451 5452
l 5452 5453
l 5453 5454
l 5454 5455
l 5456 5457
l 5457 5458
l 5458 5459
l 5459 5460
l 5460 5461
l 5461 5462
l 5462 5463
l 5464 5465
l 5465 5450
l 5476 5477
l 5477 5478
l 5479 5480
l 5501 5502
l 5503 5504
l 5504 5505
l 5505 5506
l 5506 5507
l 5508 5509
l 5509 5501
l 5532 5533
l 5533 5534
l 5535 5536
l 5536 5537
l 5537 5538
l 5538 5539
l 5540 5541
l 5541 5532
l 5566 5567
l 5567 5568
l 5569 5570
l 5570 5571
l 5571 5572
l 5572 5573
l 5573 5574
l 5575 5576
l 5576 5566
l 5606 5607
l 5607 5608
l 5608 5609
l 5609 5610
l 5611 5612
l 5612 5613
l 5613 5614
l 5614 5615
l 5615 5616
l 5616 5617
l 5618 5619
l 5619 5606
l 5640 5641
l 5641 5642
l 5643 5644
l 5644 5645
l 5645 5646
l 5646 5647
l 5648 5649
l 5649 5640
l 5666 5667
l 5668 5669
l 5669 5670
l 5670 5671
l 5672 5673
l 5673 5666
l 5698 5699
l 5699 5700
l 5700 5701
l 5701 5702
l 5702 5703
l 5704 5705
l 5705 5706
l 5706 5707
l 5707 5708
l 5708 5709
l 5729 5730
l 5730 5731
l 5732 5733
l 5733 5734
l 5734 5735
l 5736 5729
l 5765 5766
l 5766 5767
l 5767 5768
l 5769 5770
l 5770 5771
l 5771 5772
l 5772 5773
l 5773 5774
l 5774 5775
l 5776 5777
l 5777 5778
l 5778 5765
l 5795 5796
l 5796 5797
l 5797 5798
l 5799 5800
l 5800 5801
l 5801 5802
l 5809 5810
l 5824 5825
l 5826 5827
l 5827 5828
l 5829 5824
l 5846 5847
l 5848 5849
l 5849 5850
l 5850 5851
l 5852 5853
l 5853 5846
l 5875 5876
l 5876 5877
l 5877 5878
l 5878 5879
l 5880 5881
l 5881 5882
l 5882 5883
l 5883 5874
l 5904 5905
l 5906 5907
l 5907 5908
l 5908 5909
l 5909 5910
l 5911 5912
l 5912 5913
l 5913 5904
l 5935 5936
l 5936 5937
l 5937 5938
l 5939 5940
l 5940 5941
l 5941 5942
l 5942 5943
l 5944 5935
l 5981 5982
l 5982 5983
l 5983 5984
l 5984 5985
l 5986 5987
l 5987 5988
l 5988 5989
l 5989 5990
l 5990 5991
l 5991 5992
l 5993 5994
l 5994 5995
l 5995 5981
l 6008 6009
l 6009 6010
l 6011 6012
l 6012 6013
l 6035 6036
l 6036 6037
l 6037 6038
l 6039 6040
l 6040 6041
l 6041 6042
l 6042 6043
l 6043 6044
l 6072 6073
l 6073 6074
l 6074 6075
l 6076 6077
l 6077 6078
l 6078 6079
l 6079 6080
l 6080 6081
l 6081 6082
l 6083 6084
l 6084 6072
l 6109 6110
l 6110 6111
l 6111 6112
l 6112 6113
l 6114 6115
l 6115 6116
l 6116 6117
l 6117 6118
l 6118 6119
l 6120 6109
l 6142 6143
l 6143 6144
l 6144 6145
l 6145 6146
l 6147 6148
l 6148 6149
l 6149 6150
l 6150 6141
l 6167 6168
l 6168 6169
l 6170 6171
l 6171 6166
l 6188 6189
l 6190 6191
l 6191 6192
l 6192 6193
l 6194 6195
l 6195 6188
l 6217 6218
l 6219 6220
l 6220 6221
l 6221 6222
l 6222 6223
l 6224 6225
l 6225 6226
l 6226 6217
l 6267 6268
l 6268 6269
l 6269 6270
l 6271 6272
l 6272 6273
l 6273 6274
l 6274 6275
l 6275 6276
l 6276 6277
l 6277 6278
l 6278 6279
l 6280 6281
l 6281 6282
l 6282 6283
l 6283 6284
l 6284 6267
l 6312 6313
l 6313 6314
l 6314 6315
l 6315 6316
l 6317 6318
l 6318 6319
l 6319 6320
l 6320 6321
l 6321 6322
l 6323 6312
l 6340 6341
l 6341 6342
l 6343 6344
l 6344 6339
l 6365 6366
l 6366 6367
l 6367 6368
l 6369 6370
l 6370 6371
l 6371 6372
l 6401 6402
l 6402 6403
l 6403 6404
l 6405 6406
l 6406 6407
l 6407 6408
l 6408 6409
l 6409 6410
l 6410 6411
l 6412 6413
l 6413 6414
l 6414 6401
l 6442 6443
l 6443 6444
l 6444 6445
l 6446 6447
l 6447 6448
l 6448 6449
l 6449 6450
l 6450 6451
l 6452 6453
l 6453 6442
l 6478 6479
l 6479 6480
l 6480 6481
l 6482 6483
l 6483 6484
l 6484 6485
l 6485 6486
l 6487 6478
l 6512 6513
l 6513 6514
l 6515 6516
l 6516 6517
l 6517 6518
l 6518 6519
l 6519 6520
l 6521 6522
l 6522 6523
l 6523 6512
l 6547 6548
l 6548 6549
l 6549 6550
l 6550 6551
l 6552 6553
l 6553 6554
l 6554 6555
l 6555 6556
l 6581 6582
l 6582 6583
l 6583 6584
l 6585 6586
l 6586 6587
l 6587 6588
l 6588 6589
l 6589 6590
l 6591 6592
l 6592 6581
l 6611 6612
l 6612 6613
l 6614 6615
l 6615 6616
l 6616 6617
l 6618 6611
l 6647 6648
l 6648 6649
l 6649 6650
l 6651 6652
l 6652 6653
l 6653 6654
l 6654 6655
l 6655 6656
l 6656 6657
l 6658 6659
l 6659 6660
l 6660 6647
l 6684 6685
l 6685 6686
l 6687 6688
l 6688 6689
l 6689 6690
l 6690 6691
l 6692 6693
l 6693 6684
l 6718 6719
l 6720 6721
l 6721 6722
l 6722 6723
l 6723 6724
l 6725 6726
l 6726 6727
l 6727 6718
l 6745 6746
l 6746 6747
l 6747 6748
l 6749 6750
l 6750 6751
l 6751 6752
l 6785 6786
l 6786 6787
l 6788 6789
l 6789 6790
l 6790 6791
l 6791 6792
l 6792 6793
l 6793 6794
l 6794 6795
l 6796 6797
l 6797 6798
l 6798 6799
l 6799 6800
l 6800 6785
l 6826 6827
l 6828 6829
l 6829 6830
l 6830 6831
l 6831 6832
l 6832 6833
l 6834 6835
l 6835 6836
l 6836 6837
l 6837 6826
l 6866 6867
l 6868 6869
l 6869 6870
l 6870 6871
l 6871 6872
l 6872 6873
l 6873 6874
l 6875 6876
l 6876 6877
l 6877 6878
l 6878 6879
l 6879 6866
l 6896 6897
l 6897 6898
l 6899 6900
l 6900 6901
l 6901 6902
l 6903 6896
l 6932 6933
l 6933 6934
l 6934 6935
l 6935 6936
l 6937 6938
l 6938 6939
l 6939 6940
l 6940 6941
l 6941 6942
l 6942 6943
l 6944 6945
l 6945 6932
l 6965 6966
l 6967 6968
l 6968 6969
l 6969 6970
l 6971 6972
l 6972 6965
l 7005 7006
l 7006 7007
l 7007 7008
l 7009 7010
l 7010 7011
l 7011 7012
l 7012 7013
l 7013 7014
l 7014 7015
l 7015 7016
l 7017 7018
l 7018 7019
l 7019 7020
l 7020 7005
l 7037 7038
l 7038 7039
l 7039 7040
l 7041 7042
l 7042 7043
l 7043 7044
l 7064 7065
l 7066 7067
l 7067 7068
l 7068 7069
l 7070 7071
l 7071 7072
l 7072 7064
l 7101 7102
l 7102 7103
l 7104 7105
l 7105 7106
l 7106 7107
l 7107 7108
l 7108 7109
l 7109 7110
l 7111 7112
l 7112 7113
l 7113 7114
l 7114 7101
l 7131 7132
l 7132 7133
l 7134 7135
l 7135 7136
l 7136 7137
l 7138 7131
l 7155 7156
l 7156 7157
l 7158 7159
l 7159 7160
l 7160 7161
l 7162 7155
l 7183 7184
l 7185 7186
l 7186 7187
l 7187 7188
l 7188 7189
l 7190 7191
l 7191 7192
l 7192 7183
l 7206 7207
l 7207 7208
l 7209 7210
l 7210 7205
l 7232 7233
l 7233 7234
l 7235 7236
l 7236 7237
l 7237 7238
l 7238 7239
l 7240 7241
l 7241 7232
l 7254 7255
l 7255 7256
l 7257 7258
l 7258 7259
l 7296 7297
l 7297 7298
l 7299 7300
l 7300 7301
l 7301 7302
l 7302 7303
l 7303 7304
l 7304 7305
l 7305 7306
l 7307 7308
l 7308 7309
l 7309 7310
l 7310 7311
l 7311 7296
l 7340 7341
l 7341 7342
l 7342 7343
l 7344 7345
l 7345 7346
l 7346 7347
l 7347 7348
l 7348 7349
l 7349 7350
l 7351 7352
l 7352 7353
l 7353 7340
l 7375 7376
l 7377 7378
l 7378 7379
l 7379 7380
l 7380 7381
l 7382 7383
l 7383 7384
l 7384 7375
l 7413 7414
l 7415 7416
l 7416 7417
l 7417 7418
l 7418 7419
l 7419 7420
l 7420 7421
l 7422 7423
l 7423 7424
l 7424 7425
l 7425 7426
l 7426 7413
l 7435 7436
l 7438 7435
l 7448 7449
l 7450 7447
l 7468 7469
l 7469 7470
l 7470 7471
l 7472 7473
l 7473 7474
l 7474 7467
l 7490 7491
l 7492 7493
l 7493 7494
l 7495 7490
l 7524 7525
l 7525 7526
l 7526 7527
l 7528 7529
l 7529 7530
l 7530 7531
l 7531 7532
l 7532 7533
l 7534 7535
l 7535 7524
l 7556 7557
l 7558 7559
l 7559 7560
l 7560 7561
l 7561 7562
l 7563 7564
l 7564 7565
l 7565 7556
l 7598 7599
l 7599 7600
l 7600 7601
l 7602 7603
l 7603 7604
l 7604 7605
l 7605 7606
l 7606 7607
l 7607 7608
l 7608 7609
l 7610 7611
l 7611 7612
l 7612 7613
l 7613 7598
l 7637 7638
l 7638 7639
l 7640 7641
l 7641 7642
l 7642 7643
l 7643 7644
l 7645 7646
l 7646 7647
l 7647 7637
l 7664 7665
l 7665 7666
l 7667 7668
l 7668 7669
l 7669 7670
l 7671 7664
l 7695 7696
l 7696 7697
l 7698 7699
l 7699 7700
l 7700 7701
l 7701 7702
l 7703 7704
l 7704 7695
l 7728 7729
l 7729 7730
l 7731 7732
l 7732 7733
l 7733 7734
l 7734 7735
l 7736 7737
l 7737 7728
l 7770 7771
l 7771 7772
l 7772 7773
l 7773 7774
l 7775 7776
l 7776 7777
l 7777 7778
l 7778 7779
l 7779 7780
l 7780 7781
l 7781 7782
l 7783 7784
l 7784 7785
l 7785 7770
l 7810 7811
l 7811 7812
l 7813 7814
l 7814 7815
l 7815 7816
l 7816 7817
l 7817 7818
l 7819 7820
l 7820 7821
l 7821 7810
l 7846 7847
l 7847 7848
l 7849 7850
l 7850 7851
l 7851 7852
l 7852 7853
l 7853 7854
l 7855 7856
l 7856 7857
l 7857 7846
l 7886 7887
l 7887 7888
l 7888 7889
l 7890 7891
l 7891 7892
l 7892 7893
l 7893 7894
l 7894 7895
l 7895 7896
l 7897 7898
l 7898 7899
l 7899 7886
l 7926 7927
l 7927 7928
l 7928 7929
l 7929 7930
l 7931 7932
l 7932 7933
l 7933 7934
l 7934 7935
l 7935 7936
l 7937 7926
l 7962 7963
l 7963 7964
l 7964 7965
l 7965 7966
l 7967 7968
l 7968 7969
l 7969 7970
l 7970 7971
l 7971 7972
l 7973 7962
l 7998 7999
l 7999 8000
l 8000 8001
l 8002 8003
l 8003 8004
l 8004 8005
l 8005 8006
l 8007 7998
l 8048 8049
l 8049 8050
l 8050 8051
l 8052 8053
l 8053 8054
l 8054 8055
l 8055 8056
l 8056 8057
l 8057 8058
l 8058 8059
l 8059 8060
l 8060 8061
l 8062 8063
l 8063 8064
l 8064 8065
l 8065 8066
l 8066 8048
l 8091 8092
l 8092 8093
l 8094 8095
l 8095 8096
l 8096 8097
l 8097 8098
l 8098 8099
l 8100 8101
l 8101 8102
l 8102 8091
l 8127 8128
l 8128 8129
l 8129 8130
l 8130 8131
l 8132 8133
l 8133 8134
l 8134 8135
l 8135 8136
l 8136 8137
l 8138 8127
l 8167 8168
l 8168 8169
l 8169 8170
l 8171 8172
l 8172 8173
l 8173 8174
l 8174 8175
l 8175 8176
l 8176 8177
l 8178 8179
l 8179 8180
l 8180 8167
l 8213 8214
l 8214 8215
l 8215 8216
l 8216 8217
l 8218 8219
l 8219 8220
l 8220 8221
l 8221 8222
l 8222 8223
l 8223 8224
l 8224 8225
l 8226 8227
l 8227 8228
l 8228 8213
l 8260 8261
l 8261 8262
l 8262 8263
l 8264 8265
l 8265 8266
l 8266 8267
l 8267 8268
l 8268 8269
l 8269 8270
l 8271 8272
l 8272 8273
l 8273 8260
l 8298 8299
l 8299 8300
l 8300 8301
l 8302 8303
l 8303 8304
l 8304 8305
l 8305 8306
l 8306 8307
l 8308 8309
l 8309 8298
l 8338 8339
l 8339 8340
l 8340 8341
l 8341 8342
l 8343 8344
l 8344 8345
l 8345 8346
l 8346 8347
l 8347 8348
l 8348 8349
l 8350 8351
l 8351 8338
l 8372 8373
l 8374 8375
l 8375 8376
l 8376 8377
l 8377 8378
l 8379 8380
l 8380 8381
l 8381 8372
l 8409 8410
l 8410 8411
l 8412 8413
l 8413 8414
l 8414 8415
l 8415 8416
l 8416 8417
l 8418 8419
l 8419 8420
l 8420 8421
l 8421 8409
l 8454 8455
l 8455 8456
l 8456 8457
l 8457 8458
l 8459 8460
l 8460 8461
l 8461 8462
l 8462 8463
l 8463 8464
l 8464 8465
l 8465 8466
l 8467 8468
l 8468 8469
l 8469 8454
l 8490 8491
l 8491 8492
l 8493 8494
l 8494 8495
l 8495 8496
l 8496 8497
l 8498 8499
l 8499 8490
l 8510 8511
l 8512 8509
l 8529 8530
l 8530 8531
l 8532 8533
l 8533 8534
l 8534 8535
l 8536 8529
l 8555 8556
l 8557 8558
l 8558 8559
l 8559 8560
l 8560 8561
l 8562 8555
l 8579 8580
l 8580 8581
l 8582 8583
l 8583 8584
l 8584 8585
l 8586 8579
l 8600 8601
l 8602 8603
l 8603 8604
l 8605 8600
l 8622 8623
l 8623 8624
l 8625 8626
l 8626 8627
l 8627 8628
l 8629 8622
l 8664 8665
l 8665 8666
l 8666 8667
l 8668 8669
l 8669 8670
l 8670 8671
l 8671 8672
l 8672 8673
l 8673 8674
l 8675 8676
l 8676 8677
l 8677 8678
l 8678 8664
l 8715 8716
l 8716 8717
l 8717 8718
l 8718 8719
l 8719 8720
l 8721 8722
l 8722 8723
l 8723 8724
l 8724 8725
l 8725 8726
l 8726 8727
l 8727 8728
l 8728 8729
l 8730 8731
l 8731 8732
l 8732 8715
l 8761 8762
l 8762 8763
l 8763 8764
l 8765 8766
l 8766 8767
l 8767 8768
l 8768 8769
l 8769 8770
l 8770 8771
l 8772 8773
l 8773 8774
l 8774 8761
l 8795 8796
l 8796 8797
l 8797 8798
l 8798 8799
l 8800 8801
l 8801 8802
l 8802 8803
l 8803 8804
l 8829 8830
l 8830 8831
l 8832 8833
l 8833 8834
l 8834 8835
l 8835 8836
l 8836 8837
l 8838 8839
l 8839 8840
l 8840 8829
l 8871 8872
l 8872 8873
l 8873 8874
l 8874 8875
l 8876 8877
l 8877 8878
l 8878 8879
l 8879 8880
l 8880 8881
l 8881 8882
l 8883 8884
l 8884 8871
l 8913 8914
l 8914 8915
l 8915 8916
l 8916 8917
l 8918 8919
l 8919 8920
l 8920 8921
l 8921 8922
l 8922 8923
l 8924 8913
l 8941 8942
l 8942 8943
l 8944 8945
l 8945 8946
l 8946 8947
l 8948 8941
l 8977 8978
l 8979 8980
l 8980 8981
l 8981 8982
l 8982 8983
l 8983 8984
l 8984 8985
l 8986 8987
l 8987 8988
l 8988 8989
l 8989 8990
l 8990 8977
l 9007 9008
l 9009 9010
l 9010 9011
l 9011 9012
l 9013 9014
l 9014 9007
l 9037 9038
l 9038 9039
l 9039 9040
l 9040 9041
l 9042 9043
l 9043 9044
l 9044 9045
l 9045 9046
l 9075 9076
l 9076 9077
l 9077 9078
l 9078 9079
l 9079 9080
l 9081 9082
l 9082 9083
l 9083 9084
l 9084 9085
l 9085 9086
l 9087 9075
l 9118 9119
l 9119 9120
l 9120 9121
l 9122 9123
l 9123 9124
l 9124 9125
l 9125 9126
l 9126 9127
l 9128 9129
l 9129 9130
l 9130 9118
l 9156 9157
l 9157 9158
l 9159 9160
l 9160 9161
l 9161 9162
l 9162 9163
l 9163 9164
l 9165 9166
l 9166 9167
l 9167 9156
l 9192 9193
l 9193 9194
l 9195 9196
l 9196 9197
l 9197 9198
l 9198 9199
l 9199 9200
l 9201 9202
l 9202 9203
l 9203 9192
l 9228 9229
l 9229 9230
l 9230 9231
l 9232 9233
l 9233 9234
l 9234 9235
l 9235 9236
l 9236 9237
l 9238 9239
l 9239 9228
l 9264 9265
l 9265 9266
l 9267 9268
l 9268 9269
l 9269 9270
l 9270 9271
l 9271 9272
l 9273 9274
l 9274 9275
l 9275 9264
l 9300 9301
l 9301 9302
l 9302 9303
l 9304 9305
l 9305 9306
l 9306 9307
l 9307 9308
l 9309 9310
l 9310 9300
l 9335 9336
l 9336 9337
l 9338 9339
l 9339 9340
l 9340 9341
l 9341 9342
l 9342 9343
l 9344 9345
l 9345 9346
l 9346 9335
l 9371 9372
l 9372 9373
l 9374 9375
l 9375 9376
l 9376 9377
l 9377 9378
l 9378 9379
l 9380 9381
l 9381 9382
l 9382 9371
l 9402 9403
l 9404 9405
l 9405 9406
l 9406 9407
l 9408 9409
l 9409 9410
l 9410 9402
l 9439 9440
l 9441 9442
l 9442 9443
l 9443 9444
l 9444 9445
l 9445 9446
l 9446 9447
l 9448 9449
l 9449 9450
l 9450 9451
l 9451 9452
l 9452 9439
l 9485 9486
l 9486 9487
l 9488 9489
l 9489 9490
l 9490 9491
l 9491 9492
l 9492 9493
l 9493 9494
l 9494 9495
l 9496 9497
l 9497 9498
l 9498 9499
l 9499 9500
l 9500 9485
l 9537 9538
l 9538 9539
l 9539 9540
l 9540 9541
l 9542 9543
l 9543 9544
l 9544 9545
l 9545 9546
l 9546 9547
l 9547 9548
l 9548 9549
l 9550 9551
l 9551 9552
l 9552 9553
l 9553 9537
l 9584 9585
l 9585 9586
l 9586 9587
l 9588 9589
l 9589 9590
l 9590 9591
l 9591 9592
l 9592 9593
l 9593 9594
l 9595 9596
l 9596 9597
l 9597 9584
l 9622 9623
l 9623 9624
l 9625 9626
l 9626 9627
l 9627 9628
l 9628 9629
l 9629 9630
l 9631 9632
l 9632 9633
l 9633 9622
l 9655 9656
l 9656 9657
l 9658 9659
l 9659 9660
l 9660 9661
l 9661 9662
l 9663 9664
l 9664 9655
l 9687 9688
l 9688 9689
l 9689 9690
l 9690 9691
l 9692 9693
l 9693 9694
l 9694 9695
l 9695 9696
l 9710 9711
l 9711 9712
l 9713 9714
l 9714 9709
l 9739 9740
l 9741 9742
l 9742 9743
l 9743 9744
l 9744 9745
l 9745 9746
l 9747 9748
l 9748 9749
l 9749 9739
l 9766 9767
l 9768 9769
l 9769 9770
l 9770 9771
l 9772 9773
l 9773 9766
l 9786 9787
l 9788 9789
l 9789 9790
l 9791 9786
l 9804 9805
l 9806 9807
l 9807 9808
l 9809 9804
l 9826 9827
l 9827 9828
l 9829 9830
l 9830 9831
l 9831 9832
l 9833 9826
l 9858 9859
l 9860 9861
l 9861 9862
l 9862 9863
l 9863 9864
l 9864 9865
l 9866 9867
l 9867 9868
l 9868 9858
l 9896 9897
l 9897 9898
l 9898 9899
l 9899 9900
l 9901 9902
l 9902 9903
l 9903 9904
l 9904 9905
l 9905 9906
l 9907 9896
l 9929 9930
l 9930 9931
l 9932 9933
l 9933 9934
l 9934 9935
l 9935 9936
l 9937 9938
l 9938 9929
l 9959 9960
l 9960 9961
l 9962 9963
l 9963 9964
l 9964 9965
l 9965 9966
l 9967 9968
l 9968 9959
l 9984 9985
l 9986 9987
l 9987 9988
l 9989 9984
l 10010 10011
l 10011 10012
l 10013 10014
l 10014 10015
l 10015 10016
l 10016 10017
l 10018 10019
l 10019 10010
l 10036 10037
l 10037 10038
l 10038 10039
l 10040 10041
l 10041 10042
l 10042 10043
l 10058 10059
l 10060 10061
l 10061 10062
l 10062 10063
l 10064 10058
l 10090 10091
l 10091 10092
l 10092 10093
l 10093 10094
l 10095 10096
l 10096 10097
l 10097 10098
l 10098 10099
l 10099 10089
l 10120 10121
l 10122 10123
l 10123 10124
l 10124 10125
l 10125 10126
l 10127 10128
l 10128 10129
l 10129 10120
l 10150 10151
l 10151 10152
l 10152 10153
l 10154 10155
l 10155 10156
l 10156 10157
l 10157 10158
l 10159 10150
l 10184 10185
l 10185 10186
l 10187 10188
l 10188 10189
l 10189 10190
l 10190 10191
l 10191 10192
l 10193 10194
l 10194 10195
l 10195 10184
l 10230 10231
l 10231 10232
l 10232 10233
l 10233 10234
l 10235 10236
l 10236 10237
l 10237 10238
l 10238 10239
l 10239 10240
l 10240 10241
l 10241 10242
l 10243 10244
l 10244 10245
l 10245 10230
l 10270 10271
l 10271 10272
l 10273 10274
l 10274 10275
l 10275 10276
l 10276 10277
l 10277 10278
l 10279 10280
l 10280 10281
l 10281 10270
l 10302 10303
l 10303 10304
l 10304 10305
l 10306 10307
l 10307 10308
l 10308 10309
l 10309 10310
l 10311 10302
l 10332 10333
l 10334 10335
l 10335 10336
l 10336 10337
l 10338 10339
l 10339 10332
l 10353 10354
l 10354 10355
l 10356 10357
l 10357 10352
l 10367 10368
l 10369 10366
l 10390 10391
l 10391 10392
l 10393 10394
l 10394 10395
l 10395 10396
l 10396 10397
l 10398 10399
l 10399 10390
l 10416 10417
l 10417 10418
l 10419 10420
l 10420 10421
l 10421 10422
l 10423 10416
l 10440 10441
l 10441 10442
l 10443 10444
l 10444 10445
l 10445 10446
l 10447 10440
l 10456 10457
l 10458 10459
l 10480 10481
l 10482 10483
l 10483 10484
l 10484 10485
l 10486 10487
l 10487 10488
l 10488 10480
l 10505 10506
l 10506 10507
l 10508 10509
l 10509 10510
l 10510 10511
l 10512 10505
l 10530 10531
l 10531 10532
l 10532 10533
l 10534 10535
l 10535 10536
l 10536 10537
l 10558 10559
l 10559 10560
l 10561 10562
l 10562 10563
l 10563 10564
l 10564 10565
l 10566 10567
l 10567 10558
l 10589 10590
l 10591 10592
l 10592 10593
l 10593 10594
l 10594 10595
l 10596 10597
l 10597 10598
l 10598 10589
l 10623 10624
l 10624 10625
l 10625 10626
l 10627 10628
l 10628 10629
l 10629 10630
l 10630 10631
l 10631 10632
l 10633 10634
l 10634 10623
l 10657 10658
l 10658 10659
l 10660 10661
l 10661 10662
l 10662 10663
l 10663 10664
l 10665 10666
l 10666 10657
l 10687 10688
l 10688 10689
l 10690 10691
l 10691 10692
l 10692 10693
l 10693 10694
l 10695 10696
l 10696 10687
l 10717 10718
l 10718 10719
l 10720 10721
l 10721 10722
l 10722 10723
l 10723 10724
l 10725 10726
l 10726 10717
l 10743 10744
l 10745 10746
l 10746 10747
l 10747 10748
l 10749 10750
l 10750 10743
l 10771 10772
l 10772 10773
l 10773 10774
l 10775 10776
l 10776 10777
l 10777 10778
l 10778 10779
l 10780 10771
l 10794 10795
l 10795 10796
l 10797 10798
l 10798 10793
l 10818 10819
l 10820 10821
l 10821 10822
l 10822 10823
l 10824 10825
l 10825 10826
l 10826 10818
l 10847 10848
l 10848 10849
l 10850 10851
l 10851 10852
l 10852 10853
l 10853 10854
l 10855 10856
l 10856 10847
l 10873 10874
l 10874 10875
l 10875 10876
l 10877 10878
l 10878 10879
l 10879 10880
l 10905 10906
l 10906 10907
l 10907 10908
l 10909 10910
l 10910 10911
l 10911 10912
l 10912 10913
l 10913 10914
l 10915 10916
l 10916 10905
l 10948 10949
l 10949 10950
l 10950 10951
l 10951 10952
l 10953 10954
l 10954 10955
l 10955 10956
l 10956 10957
l 10957 10958
l 10958 10959
l 10960 10961
l 10961 10948
l 10990 10991
l 10991 10992
l 10992 10993
l 10993 10994
l 10995 10996
l 10996 10997
l 10997 10998
l 10998 10999
l 10999 11000
l 11000 11001
l 11002 11003
l 11003 10990
l 11028 11029
l 11029 11030
l 11030 11031
l 11031 11032
l 11033 11034
l 11034 11035
l 11035 11036
l 11036 11037
l 11037 11038
l 11039 11028
l 11056 11057
l 11057 11058
l 11059 11060
l 11060 11061
l 11061 11062
l 11063 11056
l 11093 11094
l 11094 11095
l 11095 11096
l 11097 11098
l 11098 11099
l 11099 11100
l 11100 11101
l 11101 11102
l 11102 11103
l 11104 11105
l 11105 11106
l 11106 11093
l 11123 11124
l 11124 11125
l 11126 11127
l 11127 11128
l 11128 11129
l 11130 11123
l 11155 11156
l 11157 11158
l 11158 11159
l 11159 11160
l 11160 11161
l 11161 11162
l 11163 11164
l 11164 11165
l 11165 11166
l 11166 11155
l 11192 11193
l 11193 11194
l 11194 11195
l 11195 11196
l 11197 11198
l 11198 11199
l 11199 11200
l 11200 11201
l 11201 11202
l 11203 11192
l 11229 11230
l 11230 11231
l 11232 11233
l 11233 11234
l 11234 11235
l 11235 11236
l 11236 11237
l 11238 11239
l 11239 11240
l 11240 11229
l 11257 11258
l 11258 11259
l 11260 11261
l 11261 11262
l 11262 11263
l 11264 11257
l 11286 11287
l 11287 11288
l 11288 11289
l 11290 11291
l 11291 11292
l 11292 11293
l 11293 11294
l 11295 11286
l 11316 11317
l 11317 11318
l 11318 11319
l 11320 11321
l 11321 11322
l 11322 11323
l 11323 11324
l 11325 11316
l 11346 11347
l 11348 11349
l 11349 11350
l 11350 11351
l 11351 11352
l 11353 11354
l 11354 11355
l 11355 11346
l 11364 11365
l 11366 11367
l 11385 11386
l 11386 11387
l 11387 11388
l 11389 11390
l 11390 11391
l 11391 11392
l 11413 11414
l 11415 11416
l 11416 11417
l 11417 11418
l 11418 11419
l 11420 11421
l 11421 11422
l 11422 11413
l 11440 11441
l 11441 11442
l 11442 11443
l 11444 11445
l 11445 11446
l 11446 11439
l 11463 11464
l 11464 11465
l 11465 11466
l 11467 11468
l 11468 11469
l 11469 11470
l 11483 11484
l 11484 11485
l 11486 11487
l 11487 11488
l 11509 11510
l 11510 11511
l 11511 11512
l 11513 11514
l 11514 11515
l 11515 11516
l 11516 11517
l 11518 11509
l 11531 11532
l 11533 11534
l 11534 11535
l 11536 11531
l 11565 11566
l 11566 11567
l 11567 11568
l 11569 11570
l 11570 11571
l 11571 11572
l 11572 11573
l 11573 11574
l 11574 11575
l 11576 11577
l 11577 11578
l 11578 11565
l 11591 11592
l 11593 11594
l 11594 11595
l 11596 11591
l 11609 11610
l 11611 11612
l 11613 11609
l 11636 11637
l 11637 11638
l 11638 11639
l 11639 11640
l 11641 11642
l 11642 11643
l 11643 11644
l 11644 11645
l 11660 11661
l 11661 11662
l 11663 11664
l 11664 11665
l 11665 11666
l 11691 11692
l 11692 11693
l 11693 11694
l 11694 11695
l 11696 11697
l 11697 11698
l 11698 11699
l 11699 11700
l 11717 11718
l 11718 11719
l 11719 11720
l 11721 11722
l 11722 11723
l 11723 11724
l 11733 11734
l 11735 11736
l 11762 11763
l 11763 11764
l 11764 11765
l 11765 11766
l 11766 11767
l 11768 11769
l 11769 11770
l 11770 11771
l 11771 11772
l 11772 11773
l 11794 11795
l 11795 11796
l 11796 11797
l 11798 11799
l 11799 11800
l 11800 11801
l 11801 11802
l 11835 11836
l 11836 11837
l 11837 11838
l 11838 11839
l 11839 11840
l 11840 11841
l 11842 11843
l 11843 11844
l 11844 11845
l 11845 11846
l 11846 11847
l 11847 11848
l 11848 11849
l 11867 11868
l 11868 11869
l 11869 11870
l 11871 11872
l 11872 11873
l 11873 11874
l 11895 11896
l 11896 11897
l 11897 11898
l 11898 11899
l 11900 11901
l 11901 11902
l 11902 11903
l 11903 11904
l 11938 11939
l 11939 11940
l 11940 11941
l 11941 11942
l 11942 11943
l 11943 11944
l 11944 11945
l 11946 11947
l 11947 11948
l 11948 11949
l 11949 11950
l 11950 11951
l 11951 11952
l 11952 11953
l 11990 11991
l 11991 11992
l 11992 11993
l 11993 11994
l 11994 11995
l 11996 11997
l 11997 11998
l 11998 11999
l 11999 12000
l 12000 12001
l 12001 12002
l 12002 12003
l 12003 12004
l 12005 12006
l 12006 12007
l 12007 11990
l 12024 12025
l 12025 12026
l 12026 12027
l 12028 12029
l 12029 12023
l 12050 12051
l 12052 12053
l 12053 12054
l 12054 12055
l 12055 12056
l 12057 12058
l 12058 12059
l 12059 12050
l 12096 12097
l 12097 12098
l 12098 12099
l 12099 12100
l 12100 12101
l 12102 12103
l 12103 12104
l 12104 12105
l 12105 12106
l 12106 12107
l 12107 12108
l 12108 12109
l 12109 12110
l 12111 12112
l 12112 12113
l 12113 12096
l 12142 12143
l 12143 12144
l 12144 12145
l 12146 12147
l 12147 12148
l 12148 12149
l 12149 12150
l 12150 12151
l 12151 12152
l 12153 12154
l 12154 12155
l 12155 12142
l 12184 12185
l 12185 12186
l 12186 12187
l 12188 12189
l 12189 12190
l 12190 12191
l 12191 12192
l 12192 12193
l 12193 12194
l 12195 12196
l 12196 12197
l 12197 12184
l 12232 12233
l 12233 12234
l 12234 12235
l 12235 12236
l 12237 12238
l 12238 12239
l 12239 12240
l 12240 12241
l 12241 12242
l 12242 12243
l 12243 12244
l 12245 12246
l 12246 12247
l 12247 12232
l 12268 12269
l 12270 12271
l 12271 12272
l 12272 12273
l 12273 12274
l 12275 12276
l 12276 12277
l 12277 12268
l 12293 12294
l 12295 12296
l 12296 12297
l 12298 12299
l 12299 12293
l 12336 12337
l 12337 12338
l 12338 12339
l 12339 12340
l 12340 12341
l 12342 12343
l 12343 12344
l 12344 12345
l 12345 12346
l 12346 12347
l 12347 12348
l 12348 12349
l 12349 12350
l 12351 12352
l 12352 12353
l 12353 12336
l 12372 12373
l 12374 12375
l 12409 12410
l 12410 12411
l 12411 12412
l 12412 12413
l 12413 12414
l 12414 12415
l 12415 12416
l 12417 12418
l 12418 12419
l 12419 12420
l 12420 12421
l 12421 12422
l 12422 12423
l 12423 12424
l 12449 12450
l 12450 12451
l 12451 12452
l 12452 12453
l 12453 12454
l 12455 12456
l 12456 12457
l 12457 12458
l 12458 12459
l 12459 12460
l 12468 12469
l 12479 12480
l 12480 12481
l 12506 12507
l 12507 12508
l 12508 12509
l 12509 12510
l 12510 12511
l 12512 12513
l 12513 12514
l 12514 12515
l 12515 12516
l 12516 12517
l 12550 12551
l 12551 12552
l 12552 12553
l 12553 12554
l 12554 12555
l 12555 12556
l 12556 12557
l 12558 12559
l 12559 12560
l 12560 12561
l 12561 12562
l 12562 12563
l 12563 12564
l 12564 12565
l 12580 12581
l 12581 12582
l 12582 12583
l 12583 12584
l 12584 12585
l 12585 12586
l 12599 12600
l 12622 12623
l 12623 12624
l 12624 12625
l 12626 12627
l 12627 12628
l 12628 12629
l 12629 12630
l 12645 12646
l 12646 12647
l 12648 12649
l 12649 12650
l 12650 12651
l 12668 12669
l 12669 12670
l 12671 12672
l 12672 12673
l 12673 12674
l 12691 12692
l 12692 12693
l 12694 12695
l 12695 12696
l 12696 12697
l 12720 12721
l 12721 12722
l 12722 12723
l 12723 12724
l 12725 12726
l 12726 12727
l 12727 12728
l 12728 12729
l 12729 12730
l 12747 12748
l 12748 12749
l 12749 12750
l 12751 12752
l 12752 12753
l 12753 12754
l 12775 12776
l 12776 12777
l 12777 12778
l 12778 12779
l 12780 12781
l 12781 12782
l 12782 12783
l 12783 12784
l 12803 12804
l 12804 12805
l 12805 12806
l 12807 12808
l 12808 12809
l 12809 12810
l 12824 12825
l 12826 12827
l 12827 12828
l 12828 12829
l 12850 12851
l 12851 12852
l 12852 12853
l 12854 12855
l 12855 12856
l 12856 12857
l 12857 12858
l 12858 12859
l 12889 12890
l 12890 12891
l 12891 12892
l 12892 12893
l 12893 12894
l 12901 12902
l 12902 12903
l 12908 12909
l 12918 12919
l 12919 12920
l 12920 12921
l 12930 12931
l 12931 12932
l 12932 12933
l 12938 12939
l 12946 12947
l 12948 12949
l 12969 12970
l 12970 12971
l 12971 12972
l 12972 12973
l 12982 12983
l 12983 12984
l 13000 13001
l 13001 13002
l 13003 13004
l 13004 13005
l 13005 12999
l 13026 13027
l 13028 13029
l 13029 13030
l 13030 13031
l 13031 13032
l 13033 13034
l 13034 13035
l 13035 13026
l 13056 13057
l 13057 13058
l 13059 13060
l 13060 13061
l 13061 13062
l 13062 13063
l 13064 13065
l 13065 13056
l 13080 13081
l 13082 13083
l 13083 13084
l 13084 13085
l 13086 13080
l 13095 13096
l 13096 13097
l 13097 13098
l 13121 13122
l 13122 13123
l 13123 13124
l 13125 13126
l 13126 13127
l 13127 13128
l 13128 13129
l 13129 13130
l 13131 13121
l 13146 13147
l 13150 13151
