# FeiLunQieGe visualization export
# units: normalized
# radius: 0.01
# delta: 0.0005
# local display proxy for sampled target point 240
mtllib local_feasible_centers.mtl
o target_point_000240
usemtl target_point
g target_point
v -0.0455874673628 -0.497840553777 0
v -0.0496374673628 -0.497840553777 0
v -0.0476124673628 -0.495815553777 0
v -0.0476124673628 -0.499865553777 0
v -0.0476124673628 -0.497840553777 0.002025
v -0.0476124673628 -0.497840553777 -0.002025
f 1 3 5
f 1 5 4
f 1 4 6
f 1 6 3
f 2 5 3
f 2 4 5
f 2 6 4
f 2 3 6
o feasible_candidates
usemtl feasible_marker
g feasible_candidates
v -0.0469949522533 -0.507438401196 0
v -0.0499821681393 -0.507161740302 0
v -0.0486268906437 -0.508793678692 0
v -0.0483502297489 -0.505806462806 0
v -0.0484885601963 -0.507300070749 -0.0015
v -0.0484885601963 -0.507300070749 0.0015
f 7 9 11
f 7 11 10
f 7 10 12
f 7 12 9
f 8 11 9
f 8 10 11
f 8 12 10
f 8 9 12
v -0.0469944185612 -0.507432638714 -0.000331545218674
v -0.0499816344472 -0.507155977819 -0.000331545218674
v -0.0486262726844 -0.508787006344 -0.000383894463728
v -0.048349780324 -0.505801610189 -0.00027919597362
v -0.0484831988412 -0.507242182101 -0.0018306314592
v -0.0484928541672 -0.507346434432 0.00116754102185
f 13 15 17
f 13 17 16
f 13 16 18
f 13 18 15
f 14 17 15
f 14 16 17
f 14 18 16
f 14 15 18
v -0.0469928181352 -0.507415358288 -0.000662686500569
v -0.0499800340212 -0.507138697394 -0.000662686500569
v -0.0486244195596 -0.50876699743 -0.000767321211185
v -0.0483484325968 -0.505787058252 -0.000558051789953
v -0.048476776634 -0.507172839018 -0.00215903257596
v -0.0484960755224 -0.507381216664 0.000833659574821
f 19 21 23
f 19 23 22
f 19 22 24
f 19 24 21
f 20 23 21
f 20 22 23
f 20 24 22
f 20 21 24
v -0.0469901529251 -0.507386580973 -0.000993020401043
v -0.0499773688111 -0.507109920078 -0.000993020401043
v -0.0486213335268 -0.508733676328 -0.00114981309594
v -0.0483461882094 -0.505762824723 -0.000836227706141
v -0.048469301399 -0.507092125982 -0.0024848032441
v -0.0484982203372 -0.507404375068 0.00049876244201
f 25 27 29
f 25 29 28
f 25 28 30
f 25 30 27
f 26 29 27
f 26 28 29
f 26 30 28
f 26 27 30
v -0.0469864261781 -0.507346341827 -0.00132214445912
v -0.0499736420641 -0.507069680933 -0.00132214445912
v -0.0486170183461 -0.508687083633 -0.00153090411056
v -0.0483430498961 -0.505728939127 -0.00111338480768
v -0.0484607822438 -0.507000141331 -0.00280754656223
v -0.0484992859984 -0.507415881429 0.000163257643992
f 31 33 35
f 31 35 34
f 31 34 36
f 31 36 33
f 32 35 33
f 32 34 35
f 32 36 34
f 32 33 36
v -0.0452512926616 -0.488611426621 -0.00132214445912
v -0.0482385085476 -0.488334765726 -0.00132214445912
v -0.0466079163796 -0.48699402392 -0.00153090411056
v -0.0468818848296 -0.489952168427 -0.00111338480768
v -0.0467256487273 -0.488265226124 0.000163257643992
v -0.0467641524819 -0.488680966223 -0.00280754656223
f 37 39 41
f 37 41 40
f 37 40 42
f 37 42 39
f 38 41 39
f 38 40 41
f 38 42 40
f 38 39 42
v -0.0452475659146 -0.488571187476 -0.000993020401043
v -0.0482347818006 -0.488294526581 -0.000993020401043
v -0.0466036011989 -0.486947431226 -0.00114981309594
v -0.0468787465163 -0.489918282831 -0.000836227706141
v -0.0467267143885 -0.488276732485 0.00049876244201
v -0.0467556333267 -0.488588981571 -0.0024848032441
f 43 45 47
f 43 47 46
f 43 46 48
f 43 48 45
f 44 47 45
f 44 46 47
f 44 48 46
f 44 45 48
v -0.0452449007045 -0.48854241016 -0.000662686500569
v -0.0482321165905 -0.488265749265 -0.000662686500569
v -0.0466005151661 -0.486914110123 -0.000767321211185
v -0.0468765021289 -0.489894049302 -0.000558051789953
v -0.0467288592033 -0.488299890889 0.000833659574821
v -0.0467481580917 -0.488508268536 -0.00215903257596
f 49 51 53
f 49 53 52
f 49 52 54
f 49 54 51
f 50 53 51
f 50 52 53
f 50 54 52
f 50 51 54
v -0.0452433002785 -0.488525129734 -0.000331545218674
v -0.0482305161644 -0.488248468839 -0.000331545218674
v -0.0465986620412 -0.486894101209 -0.000383894463728
v -0.0468751544017 -0.489879497364 -0.00027919597362
v -0.0467320805585 -0.488334673121 0.00116754102185
v -0.0467417358845 -0.488438925452 -0.0018306314592
f 55 57 59
f 55 59 58
f 55 58 60
f 55 60 57
f 56 59 57
f 56 58 59
f 56 60 58
f 56 57 60
v -0.0452427665864 -0.488519367252 -1.16341445919e-18
v -0.0482299824724 -0.488242706357 -1.16341445919e-18
v -0.046598044082 -0.486887428862 -1.34711147906e-18
v -0.0468747049768 -0.489874644748 -9.79717439318e-19
v -0.0467363745294 -0.488381036805 0.0015
v -0.0467363745294 -0.488381036805 -0.0015
f 61 63 65
f 61 65 64
f 61 64 66
f 61 66 63
f 62 65 63
f 62 64 65
f 62 66 64
f 62 63 66
v -0.0452433002785 -0.488525129734 0.000331545218674
v -0.0482305161644 -0.488248468839 0.000331545218674
v -0.0465986620412 -0.486894101209 0.000383894463728
v -0.0468751544017 -0.489879497364 0.00027919597362
v -0.0467417358845 -0.488438925452 0.0018306314592
v -0.0467320805585 -0.488334673121 -0.00116754102185
f 67 69 71
f 67 71 70
f 67 70 72
f 67 72 69
f 68 71 69
f 68 70 71
f 68 72 70
f 68 69 72
v -0.0452449007045 -0.48854241016 0.000662686500569
v -0.0482321165905 -0.488265749265 0.000662686500569
v -0.0466005151661 -0.486914110123 0.000767321211185
v -0.0468765021289 -0.489894049302 0.000558051789953
v -0.0467481580917 -0.488508268536 0.00215903257596
v -0.0467288592033 -0.488299890889 -0.000833659574821
f 73 75 77
f 73 77 76
f 73 76 78
f 73 78 75
f 74 77 75
f 74 76 77
f 74 78 76
f 74 75 78
v -0.0452475659146 -0.488571187476 0.000993020401043
v -0.0482347818006 -0.488294526581 0.000993020401043
v -0.0466036011989 -0.486947431226 0.00114981309594
v -0.0468787465163 -0.489918282831 0.000836227706141
v -0.0467556333267 -0.488588981571 0.0024848032441
v -0.0467267143885 -0.488276732485 -0.00049876244201
f 79 81 83
f 79 83 82
f 79 82 84
f 79 84 81
f 80 83 81
f 80 82 83
f 80 84 82
f 80 81 84
v -0.0452512926616 -0.488611426621 0.00132214445912
v -0.0482385085476 -0.488334765726 0.00132214445912
v -0.0466079163796 -0.48699402392 0.00153090411056
v -0.0468818848296 -0.489952168427 0.00111338480768
v -0.0467641524819 -0.488680966223 0.00280754656223
v -0.0467256487273 -0.488265226124 -0.000163257643992
f 85 87 89
f 85 89 88
f 85 88 90
f 85 90 87
f 86 89 87
f 86 88 89
f 86 90 88
f 86 87 90
v -0.0452560764051 -0.48866307857 0.00164965768784
v -0.0482432922911 -0.488386417675 0.00164965768784
v -0.046613455451 -0.487053831441 0.00191012995434
v -0.0468859132452 -0.489995664805 0.00138918542134
v -0.0467737051782 -0.48878411042 0.00312686931735
v -0.046725663518 -0.488265385825 0.000172446058318
f 91 93 95
f 91 95 94
f 91 94 96
f 91 96 93
f 92 95 93
f 92 94 95
f 92 96 94
f 92 93 96
v -0.0469816424346 -0.507294689878 0.00164965768784
v -0.0499688583206 -0.507018028983 0.00164965768784
v -0.0486114792747 -0.508627276113 0.00191012995434
v -0.0483390214805 -0.505685442749 0.00138918542134
v -0.0484992712077 -0.507415721728 0.000172446058318
v -0.0484512295475 -0.506896997133 0.00312686931735
f 97 99 101
f 97 101 100
f 97 100 102
f 97 102 99
f 98 101 99
f 98 100 101
f 98 102 100
f 98 99 102
v -0.0469864261781 -0.507346341827 0.00132214445912
v -0.0499736420641 -0.507069680933 0.00132214445912
v -0.0486170183461 -0.508687083633 0.00153090411056
v -0.0483430498961 -0.505728939127 0.00111338480768
v -0.0484992859984 -0.507415881429 -0.000163257643992
v -0.0484607822438 -0.507000141331 0.00280754656223
f 103 105 107
f 103 107 106
f 103 106 108
f 103 108 105
f 104 107 105
f 104 106 107
f 104 108 106
f 104 105 108
v -0.0469901529251 -0.507386580973 0.000993020401043
v -0.0499773688111 -0.507109920078 0.000993020401043
v -0.0486213335268 -0.508733676328 0.00114981309594
v -0.0483461882094 -0.505762824723 0.000836227706141
v -0.0484982203372 -0.507404375068 -0.00049876244201
v -0.048469301399 -0.507092125982 0.0024848032441
f 109 111 113
f 109 113 112
f 109 112 114
f 109 114 111
f 110 113 111
f 110 112 113
f 110 114 112
f 110 111 114
v -0.0469928181352 -0.507415358288 0.000662686500569
v -0.0499800340212 -0.507138697394 0.000662686500569
v -0.0486244195596 -0.50876699743 0.000767321211185
v -0.0483484325968 -0.505787058252 0.000558051789953
v -0.0484960755224 -0.507381216664 -0.000833659574821
v -0.048476776634 -0.507172839018 0.00215903257596
f 115 117 119
f 115 119 118
f 115 118 120
f 115 120 117
f 116 119 117
f 116 118 119
f 116 120 118
f 116 117 120
v -0.0469944185612 -0.507432638714 0.000331545218674
v -0.0499816344472 -0.507155977819 0.000331545218674
v -0.0486262726844 -0.508787006344 0.000383894463728
v -0.048349780324 -0.505801610189 0.00027919597362
v -0.0484928541672 -0.507346434432 -0.00116754102185
v -0.0484831988412 -0.507242182101 0.0018306314592
f 121 123 125
f 121 125 124
f 121 124 126
f 121 126 123
f 122 125 123
f 122 124 125
f 122 126 124
f 122 123 126
v -0.0470180073279 -0.507687335854 0
v -0.0500052232138 -0.507410674959 0
v -0.0486499457183 -0.509042613349 0
v -0.0483732848235 -0.506055397463 0
v -0.0485116152709 -0.507549005406 -0.0015
v -0.0485116152709 -0.507549005406 0.0015
f 127 129 131
f 127 131 130
f 127 130 132
f 127 132 129
f 128 131 129
f 128 130 131
f 128 132 130
f 128 129 132
v -0.0470174595913 -0.507681421727 -0.000340270092849
v -0.0500046754772 -0.507404760832 -0.000340270092849
v -0.0486493137145 -0.509035789357 -0.000392619337903
v -0.048372821354 -0.506050393202 -0.000287920847796
v -0.0485062398713 -0.507490965114 -0.00183935633338
v -0.0485158951973 -0.507595217445 0.00115881614768
f 133 135 137
f 133 137 136
f 133 136 138
f 133 138 135
f 134 137 135
f 134 136 137
f 134 138 136
f 134 135 138
v -0.0470158170488 -0.507663686553 -0.000680125619005
v -0.0500030329347 -0.507387025659 -0.000680125619005
v -0.0486474184731 -0.509015325695 -0.000784760329621
v -0.0483714315104 -0.506035386517 -0.000575490908389
v -0.0484997755475 -0.507421167283 -0.00217647169439
v -0.048519074436 -0.507629544929 0.000816220456385
f 139 141 143
f 139 143 142
f 139 142 144
f 139 144 141
f 140 143 141
f 140 142 143
f 140 144 142
f 140 141 144
v -0.0470130817016 -0.50763415194 -0.00101915251686
v -0.0500002975875 -0.507357491045 -0.00101915251686
v -0.0486442623033 -0.508981247295 -0.00117594521176
v -0.0483691169858 -0.50601039569 -0.000862359821958
v -0.0484922301755 -0.507339696949 -0.00251093535991
v -0.0485211491136 -0.507651946035 0.000472630326193
f 145 147 149
f 145 149 148
f 145 148 150
f 145 150 147
f 146 149 147
f 146 148 149
f 146 150 148
f 146 147 150
v -0.0470092568823 -0.50759285387 -0.00135693773436
v -0.0499964727682 -0.507316192975 -0.00135693773436
v -0.0486398490502 -0.508933595675 -0.0015656973858
v -0.0483658806003 -0.505975451169 -0.00114817808292
v -0.0484836129479 -0.507246653373 -0.00284233983747
v -0.0485221167026 -0.507662393471 0.000128464368752
f 151 153 155
f 151 155 154
f 151 154 156
f 151 156 153
f 152 155 153
f 152 154 155
f 152 156 154
f 152 153 156
v -0.0452284619575 -0.488364914579 -0.00135693773436
v -0.0482156778434 -0.488088253684 -0.00135693773436
v -0.0465850856755 -0.486747511878 -0.0015656973858
v -0.0468590541254 -0.489705656384 -0.00114817808292
v -0.0467028180231 -0.488018714082 0.000128464368752
v -0.0467413217778 -0.48843445418 -0.00284233983747
f 157 159 161
f 157 161 160
f 157 160 162
f 157 162 159
f 158 161 159
f 158 160 161
f 158 162 160
f 158 159 162
v -0.0452246371382 -0.488323616509 -0.00101915251686
v -0.0482118530241 -0.488046955614 -0.00101915251686
v -0.0465806724224 -0.486699860259 -0.00117594521176
v -0.0468558177399 -0.489670711864 -0.000862359821958
v -0.046703785612 -0.488029161518 0.000472630326193
v -0.0467327045502 -0.488341410604 -0.00251093535991
f 163 165 167
f 163 167 166
f 163 166 168
f 163 168 165
f 164 167 165
f 164 166 167
f 164 168 166
f 164 165 168
v -0.045221901791 -0.488294081895 -0.000680125619005
v -0.0482091176769 -0.488017421 -0.000680125619005
v -0.0465775162526 -0.486665781859 -0.000784760329621
v -0.0468535032153 -0.489645721037 -0.000575490908389
v -0.0467058602897 -0.488051562624 0.000816220456385
v -0.0467251591782 -0.488259940271 -0.00217647169439
f 169 171 173
f 169 173 172
f 169 172 174
f 169 174 171
f 170 173 171
f 170 172 173
f 170 174 172
f 170 171 174
v -0.0452202592485 -0.488276346721 -0.000340270092849
v -0.0482074751344 -0.487999685826 -0.000340270092849
v -0.0465756210112 -0.486645318196 -0.000392619337903
v -0.0468521133716 -0.489630714351 -0.000287920847796
v -0.0467090395284 -0.488085890108 0.00115881614768
v -0.0467186948544 -0.488190142439 -0.00183935633338
f 175 177 179
f 175 179 178
f 175 178 180
f 175 180 177
f 176 179 177
f 176 178 179
f 176 180 178
f 176 177 180
v -0.0452197115118 -0.488270432595 -1.19403062917e-18
v -0.0482069273978 -0.4879937717 -1.19403062917e-18
v -0.0465749890074 -0.486638494204 -1.37772764904e-18
v -0.0468516499022 -0.48962571009 -1.0103336093e-18
v -0.0467133194548 -0.488132102147 0.0015
v -0.0467133194548 -0.488132102147 -0.0015
f 181 183 185
f 181 185 184
f 181 184 186
f 181 186 183
f 182 185 183
f 182 184 185
f 182 186 184
f 182 183 186
v -0.0452202592485 -0.488276346721 0.000340270092849
v -0.0482074751344 -0.487999685826 0.000340270092849
v -0.0465756210112 -0.486645318196 0.000392619337903
v -0.0468521133716 -0.489630714351 0.000287920847796
v -0.0467186948544 -0.488190142439 0.00183935633338
v -0.0467090395284 -0.488085890108 -0.00115881614768
f 187 189 191
f 187 191 190
f 187 190 192
f 187 192 189
f 188 191 189
f 188 190 191
f 188 192 190
f 188 189 192
v -0.045221901791 -0.488294081895 0.000680125619005
v -0.0482091176769 -0.488017421 0.000680125619005
v -0.0465775162526 -0.486665781859 0.000784760329621
v -0.0468535032153 -0.489645721037 0.000575490908389
v -0.0467251591782 -0.488259940271 0.00217647169439
v -0.0467058602897 -0.488051562624 -0.000816220456385
f 193 195 197
f 193 197 196
f 193 196 198
f 193 198 195
f 194 197 195
f 194 196 197
f 194 198 196
f 194 195 198
v -0.0452246371382 -0.488323616509 0.00101915251686
v -0.0482118530241 -0.488046955614 0.00101915251686
v -0.0465806724224 -0.486699860259 0.00117594521176
v -0.0468558177399 -0.489670711864 0.000862359821958
v -0.0467327045502 -0.488341410604 0.00251093535991
v -0.046703785612 -0.488029161518 -0.000472630326193
f 199 201 203
f 199 203 202
f 199 202 204
f 199 204 201
f 200 203 201
f 200 202 203
f 200 204 202
f 200 201 204
v -0.0452284619575 -0.488364914579 0.00135693773436
v -0.0482156778434 -0.488088253684 0.00135693773436
v -0.0465850856755 -0.486747511878 0.0015656973858
v -0.0468590541254 -0.489705656384 0.00114817808292
v -0.0467413217778 -0.48843445418 0.00284233983747
v -0.0467028180231 -0.488018714082 -0.000128464368752
f 205 207 209
f 205 209 208
f 205 208 210
f 205 210 207
f 206 209 207
f 206 208 209
f 206 210 208
f 206 207 210
v -0.0452333715889 -0.48841792579 0.00169306973225
v -0.0482205874749 -0.488141264895 0.00169306973225
v -0.0465907506348 -0.48680867866 0.00195354199875
v -0.046863208429 -0.489750512025 0.00143259746575
v -0.046751000362 -0.48853895764 0.00317028136177
v -0.0467029587018 -0.488020233045 0.000215858102734
f 211 213 215
f 211 215 214
f 211 214 216
f 211 216 213
f 212 215 213
f 212 214 215
f 212 216 214
f 212 213 216
v -0.0470043472508 -0.507539842659 0.00169306973225
v -0.0499915631368 -0.507263181764 0.00169306973225
v -0.0486341840908 -0.508872428893 0.00195354199875
v -0.0483617262967 -0.505930595529 0.00143259746575
v -0.0485219760239 -0.507660874509 0.000215858102734
v -0.0484739343637 -0.507142149914 0.00317028136177
f 217 219 221
f 217 221 220
f 217 220 222
f 217 222 219
f 218 221 219
f 218 220 221
f 218 222 220
f 218 219 222
v -0.0470092568823 -0.50759285387 0.00135693773436
v -0.0499964727682 -0.507316192975 0.00135693773436
v -0.0486398490502 -0.508933595675 0.0015656973858
v -0.0483658806003 -0.505975451169 0.00114817808292
v -0.0485221167026 -0.507662393471 -0.000128464368752
v -0.0484836129479 -0.507246653373 0.00284233983747
f 223 225 227
f 223 227 226
f 223 226 228
f 223 228 225
f 224 227 225
f 224 226 227
f 224 228 226
f 224 225 228
v -0.0470130817016 -0.50763415194 0.00101915251686
v -0.0500002975875 -0.507357491045 0.00101915251686
v -0.0486442623033 -0.508981247295 0.00117594521176
v -0.0483691169858 -0.50601039569 0.000862359821958
v -0.0485211491136 -0.507651946035 -0.000472630326193
v -0.0484922301755 -0.507339696949 0.00251093535991
f 229 231 233
f 229 233 232
f 229 232 234
f 229 234 231
f 230 233 231
f 230 232 233
f 230 234 232
f 230 231 234
v -0.0470158170488 -0.507663686553 0.000680125619005
v -0.0500030329347 -0.507387025659 0.000680125619005
v -0.0486474184731 -0.509015325695 0.000784760329621
v -0.0483714315104 -0.506035386517 0.000575490908389
v -0.048519074436 -0.507629544929 -0.000816220456385
v -0.0484997755475 -0.507421167283 0.00217647169439
f 235 237 239
f 235 239 238
f 235 238 240
f 235 240 237
f 236 239 237
f 236 238 239
f 236 240 238
f 236 237 240
v -0.0470174595913 -0.507681421727 0.000340270092849
v -0.0500046754772 -0.507404760832 0.000340270092849
v -0.0486493137145 -0.509035789357 0.000392619337903
v -0.048372821354 -0.506050393202 0.000287920847796
v -0.0485158951973 -0.507595217445 -0.00115881614768
v -0.0485062398713 -0.507490965114 0.00183935633338
f 241 243 245
f 241 245 244
f 241 244 246
f 241 246 243
f 242 245 243
f 242 244 245
f 242 246 244
f 242 243 246
v -0.0470410624025 -0.507936270511 0
v -0.0500282782884 -0.507659609616 0
v -0.0486730007928 -0.509291548006 0
v -0.048396339898 -0.50630433212 0
v -0.0485346703454 -0.507797940063 -0.0015
v -0.0485346703454 -0.507797940063 0.0015
f 247 249 251
f 247 251 250
f 247 250 252
f 247 252 249
f 248 251 249
f 248 250 251
f 248 252 250
f 248 249 252
v -0.0470405006213 -0.50793020474 -0.000348994967025
v -0.0500277165073 -0.507653543845 -0.000348994967025
v -0.0486723547445 -0.50928457237 -0.000401344212079
v -0.0483958623841 -0.506299176215 -0.000296645721971
v -0.0485292809013 -0.507739748127 -0.00184808120755
v -0.0485389362273 -0.507844000458 0.0011500912735
f 253 255 257
f 253 257 256
f 253 256 258
f 253 258 255
f 254 257 255
f 254 256 257
f 254 258 256
f 254 255 258
v -0.0470388159623 -0.507912014818 -0.000697564737441
v -0.0500260318483 -0.507635353923 -0.000697564737441
v -0.0486704173867 -0.50926365396 -0.000802199448057
v -0.0483944304239 -0.506283714782 -0.000592930026825
v -0.0485227744611 -0.507669495548 -0.00219391081283
v -0.0485420733495 -0.507877873194 0.000798781337948
f 259 261 263
f 259 263 262
f 259 262 264
f 259 264 261
f 260 263 261
f 260 262 263
f 260 264 262
f 260 261 264
v -0.047036010478 -0.507881722907 -0.00104528463268
v -0.050023226364 -0.507605062012 -0.00104528463268
v -0.0486671910797 -0.509228818262 -0.00120207732758
v -0.0483920457623 -0.506257966657 -0.000888491937775
v -0.0485151589519 -0.507587267916 -0.00253706747573
v -0.0485440778901 -0.507899517002 0.000446498210376
f 265 267 269
f 265 269 268
f 265 268 270
f 265 270 267
f 266 269 267
f 266 268 269
f 266 270 268
f 266 267 270
v -0.0452056312533 -0.488118402537 -0.0013917310096
v -0.0481928471393 -0.487841741642 -0.0013917310096
v -0.0465622549713 -0.486500999836 -0.00160049066104
v -0.0468362234213 -0.489459144342 -0.00118297135816
v -0.046679987319 -0.48777220204 9.36710935117e-05
v -0.0467184910736 -0.488187942138 -0.00287713311271
f 271 273 275
f 271 275 274
f 271 274 276
f 271 276 273
f 272 275 273
f 272 274 275
f 272 276 274
f 272 273 276
v -0.0452017083617 -0.488076045542 -0.00104528463268
v -0.0481889242477 -0.487799384647 -0.00104528463268
v -0.046557743646 -0.486452289292 -0.00120207732758
v -0.0468328889634 -0.489423140897 -0.000888491937775
v -0.0466808568356 -0.487781590551 0.000446498210376
v -0.0467097757738 -0.488093839637 -0.00253706747573
f 277 279 281
f 277 281 280
f 277 280 282
f 277 282 279
f 278 281 279
f 278 280 281
f 278 282 280
f 278 279 282
v -0.0451989028774 -0.48804575363 -0.000697564737441
v -0.0481861187633 -0.487769092735 -0.000697564737441
v -0.046554517339 -0.486417453594 -0.000802199448057
v -0.0468305043017 -0.489397392772 -0.000592930026825
v -0.0466828613761 -0.48780323436 0.000798781337948
v -0.0467021602646 -0.488011612006 -0.00219391081283
f 283 285 287
f 283 287 286
f 283 286 288
f 283 288 285
f 284 287 285
f 284 286 287
f 284 288 286
f 284 285 288
v -0.0451972182184 -0.488027563708 -0.000348994967025
v -0.0481844341044 -0.487750902814 -0.000348994967025
v -0.0465525799812 -0.486396535184 -0.000401344212079
v -0.0468290723416 -0.489381931338 -0.000296645721971
v -0.0466859984984 -0.487837107095 0.0011500912735
v -0.0466956538244 -0.487941359426 -0.00184808120755
f 289 291 293
f 289 293 292
f 289 292 294
f 289 294 291
f 290 293 291
f 290 292 293
f 290 294 292
f 290 291 294
v -0.0451966564373 -0.488021497938 -1.22464679915e-18
v -0.0481838723232 -0.487744837043 -1.22464679915e-18
v -0.0465519339329 -0.486389559547 -1.40834381902e-18
v -0.0468285948276 -0.489376775433 -1.04094977928e-18
v -0.0466902643803 -0.48788316749 0.0015
v -0.0466902643803 -0.48788316749 -0.0015
f 295 297 299
f 295 299 298
f 295 298 300
f 295 300 297
f 296 299 297
f 296 298 299
f 296 300 298
f 296 297 300
v -0.0451972182184 -0.488027563708 0.000348994967025
v -0.0481844341044 -0.487750902814 0.000348994967025
v -0.0465525799812 -0.486396535184 0.000401344212079
v -0.0468290723416 -0.489381931338 0.000296645721971
v -0.0466956538244 -0.487941359426 0.00184808120755
v -0.0466859984984 -0.487837107095 -0.0011500912735
f 301 303 305
f 301 305 304
f 301 304 306
f 301 306 303
f 302 305 303
f 302 304 305
f 302 306 304
f 302 303 306
v -0.0451989028774 -0.48804575363 0.000697564737441
v -0.0481861187633 -0.487769092735 0.000697564737441
v -0.046554517339 -0.486417453594 0.000802199448057
v -0.0468305043017 -0.489397392772 0.000592930026825
v -0.0467021602646 -0.488011612006 0.00219391081283
v -0.0466828613761 -0.48780323436 -0.000798781337948
f 307 309 311
f 307 311 310
f 307 310 312
f 307 312 309
f 308 311 309
f 308 310 311
f 308 312 310
f 308 309 312
v -0.0452017083617 -0.488076045542 0.00104528463268
v -0.0481889242477 -0.487799384647 0.00104528463268
v -0.046557743646 -0.486452289292 0.00120207732758
v -0.0468328889634 -0.489423140897 0.000888491937775
v -0.0467097757738 -0.488093839637 0.00253706747573
v -0.0466808568356 -0.487781590551 -0.000446498210376
f 313 315 317
f 313 317 316
f 313 316 318
f 313 318 315
f 314 317 315
f 314 316 317
f 314 318 316
f 314 315 318
v -0.0452056312533 -0.488118402537 0.0013917310096
v -0.0481928471393 -0.487841741642 0.0013917310096
v -0.0465622549713 -0.486500999836 0.00160049066104
v -0.0468362234213 -0.489459144342 0.00118297135816
v -0.0467184910736 -0.488187942138 0.00287713311271
v -0.046679987319 -0.48777220204 -9.36710935117e-05
f 319 321 323
f 319 323 322
f 319 322 324
f 319 324 321
f 320 323 321
f 320 322 323
f 320 324 322
f 320 321 324
v -0.0452106667728 -0.488172773009 0.00173648177667
v -0.0481978826587 -0.487896112115 0.00173648177667
v -0.0465680458187 -0.48656352588 0.00199695404317
v -0.0468405036128 -0.489505359244 0.00147600951017
v -0.0467282955458 -0.48829380486 0.00321369340619
v -0.0466802538856 -0.487775080265 0.000259270147151
f 325 327 329
f 325 329 328
f 325 328 330
f 325 330 327
f 326 329 327
f 326 328 329
f 326 330 328
f 326 327 330
v -0.047027052067 -0.507784995439 0.00173648177667
v -0.0500142679529 -0.507508334544 0.00173648177667
v -0.048656888907 -0.509117581674 0.00199695404317
v -0.0483844311129 -0.506175748309 0.00147600951017
v -0.0485446808401 -0.507906027289 0.000259270147151
v -0.0484966391798 -0.507387302694 0.00321369340619
f 331 333 335
f 331 335 334
f 331 334 336
f 331 336 333
f 332 335 333
f 332 334 335
f 332 336 334
f 332 333 336
v -0.0470320875864 -0.507839365912 0.0013917310096
v -0.0500193034724 -0.507562705017 0.0013917310096
v -0.0486626797544 -0.509180107718 0.00160049066104
v -0.0483887113044 -0.506221963211 0.00118297135816
v -0.0485449474067 -0.507908905513 -9.36710935117e-05
v -0.0485064436521 -0.507493165415 0.00287713311271
f 337 339 341
f 337 341 340
f 337 340 342
f 337 342 339
f 338 341 339
f 338 340 341
f 338 342 340
f 338 339 342
v -0.047036010478 -0.507881722907 0.00104528463268
v -0.050023226364 -0.507605062012 0.00104528463268
v -0.0486671910797 -0.509228818262 0.00120207732758
v -0.0483920457623 -0.506257966657 0.000888491937775
v -0.0485440778901 -0.507899517002 -0.000446498210376
v -0.0485151589519 -0.507587267916 0.00253706747573
f 343 345 347
f 343 347 346
f 343 346 348
f 343 348 345
f 344 347 345
f 344 346 347
f 344 348 346
f 344 345 348
v -0.0470388159623 -0.507912014818 0.000697564737441
v -0.0500260318483 -0.507635353923 0.000697564737441
v -0.0486704173867 -0.50926365396 0.000802199448057
v -0.0483944304239 -0.506283714782 0.000592930026825
v -0.0485420733495 -0.507877873194 -0.000798781337948
v -0.0485227744611 -0.507669495548 0.00219391081283
f 349 351 353
f 349 353 352
f 349 352 354
f 349 354 351
f 350 353 351
f 350 352 353
f 350 354 352
f 350 351 354
v -0.0470405006213 -0.50793020474 0.000348994967025
v -0.0500277165073 -0.507653543845 0.000348994967025
v -0.0486723547445 -0.50928457237 0.000401344212079
v -0.0483958623841 -0.506299176215 0.000296645721971
v -0.0485389362273 -0.507844000458 -0.0011500912735
v -0.0485292809013 -0.507739748127 0.00184808120755
f 355 357 359
f 355 359 358
f 355 358 360
f 355 360 357
f 356 359 357
f 356 358 359
f 356 360 358
f 356 357 360
o rejected_candidates
usemtl rejected_marker
g rejected_candidates
v -0.0469816424346 -0.507294689878 -0.00164965768784
v -0.0499688583206 -0.507018028983 -0.00164965768784
v -0.0486114792747 -0.508627276113 -0.00191012995434
v -0.0483390214805 -0.505685442749 -0.00138918542134
v -0.0484512295475 -0.506896997133 -0.00312686931735
v -0.0484992712077 -0.507415721728 -0.000172446058318
f 361 363 365
f 361 365 364
f 361 364 366
f 361 366 363
f 362 365 363
f 362 364 365
f 362 366 364
f 362 363 366
v -0.0469758075229 -0.507231688055 -0.00197516106277
v -0.0499630234089 -0.50695502716 -0.00197516106277
v -0.0486047230611 -0.508554326633 -0.002287028599
v -0.0483341078707 -0.505632388581 -0.00166329352654
v -0.0484406549487 -0.506782819054 -0.00344238246387
v -0.0484981759831 -0.50740389616 -0.000507939661668
f 367 369 371
f 367 371 370
f 367 370 372
f 367 372 369
f 368 371 369
f 368 370 371
f 368 372 370
f 368 369 372
v -0.046968928552 -0.507157413115 -0.0022982580082
v -0.049956144438 -0.50688075222 -0.0022982580082
v -0.0485967579369 -0.508468324071 -0.0026611408516
v -0.0483283150531 -0.505569841264 -0.0019353751648
v -0.0484290713309 -0.506657746203 -0.00375370159761
v -0.048496001659 -0.507380419132 -0.000842814418783
f 373 375 377
f 373 377 376
f 373 376 378
f 373 378 375
f 374 377 375
f 374 376 377
f 374 378 376
f 374 375 378
v -0.0469610139028 -0.507071955552 -0.00261855488026
v -0.0499482297887 -0.506795294657 -0.00261855488026
v -0.0485875936062 -0.508369373209 -0.00303201091399
v -0.0483216500853 -0.505497877 -0.00220509884654
v -0.048416492807 -0.50652193096 -0.00406044742417
v -0.0484927508845 -0.507345319248 -0.00117666233635
f 379 381 383
f 379 383 382
f 379 382 384
f 379 384 381
f 380 383 381
f 380 382 383
f 380 384 382
f 380 381 384
v -0.046952073218 -0.506975419482 -0.00293566144656
v -0.049939289104 -0.506698758587 -0.00293566144656
v -0.0485772412344 -0.508257594601 -0.00339918693812
v -0.0483141210876 -0.505416583467 -0.002472135955
v -0.0484029347019 -0.506375538797 -0.004362246221
v -0.0484884276201 -0.507298639272 -0.00150907667212
f 385 387 389
f 385 389 388
f 385 388 390
f 385 390 387
f 386 389 387
f 386 388 389
f 386 390 388
f 386 387 390
v -0.0469421173906 -0.506867922519 -0.00324919136159
v -0.0499293332766 -0.506591261624 -0.00324919136159
v -0.0485657134342 -0.508133124434 -0.00376222157658
v -0.0483057372329 -0.505326059709 -0.00273616114661
v -0.0483884135341 -0.506218748069 -0.00465873029277
v -0.048483037133 -0.507240436074 -0.00183965243041
f 391 393 395
f 391 395 394
f 391 394 396
f 391 396 393
f 392 395 393
f 392 394 395
f 392 396 394
f 392 393 396
v -0.0469311585502 -0.506749595633 -0.00355876263745
v -0.0499183744361 -0.506472934738 -0.00355876263745
v -0.0485530242505 -0.507996114355 -0.00412067252758
v -0.0482965087357 -0.505226416016 -0.00299685274733
v -0.0483729469955 -0.506051749802 -0.0049495384193
v -0.0484765859908 -0.507170780569 -0.0021679868556
f 397 399 401
f 397 401 400
f 397 400 402
f 397 402 399
f 398 401 399
f 398 400 401
f 398 402 400
f 398 399 402
v -0.0469192100484 -0.506620582986 -0.00386399810922
v -0.0499064259343 -0.506343922091 -0.00386399810922
v -0.0485391891432 -0.50784673129 -0.00447410307383
v -0.0482864468395 -0.505117773786 -0.00325389314461
v -0.0483565539295 -0.505874747457 -0.00523431629568
v -0.0484690820531 -0.507089757619 -0.00249367992276
f 403 405 407
f 403 407 406
f 403 406 408
f 403 408 405
f 404 407 405
f 404 406 407
f 404 408 406
f 404 405 408
v -0.0469062864426 -0.50648104176 -0.0041645258945
v -0.0498935023285 -0.506204380865 -0.0041645258945
v -0.0485242249681 -0.507685157239 -0.00482208261468
v -0.048275563803 -0.505000265386 -0.00350696917431
v -0.0483392543087 -0.505687956685 -0.00551271696394
v -0.0484605344624 -0.506997465939 -0.00281633482505
f 409 411 413
f 409 413 412
f 409 412 414
f 409 414 411
f 410 413 411
f 410 412 413
f 410 414 412
f 410 411 414
v -0.0468924034783 -0.506331141964 -0.00445997984647
v -0.0498796193642 -0.50605448107 -0.00445997984647
v -0.0485081499568 -0.507511589055 -0.00516418719064
v -0.0482638728857 -0.504874033979 -0.00375577250229
v -0.04832106921 -0.505491605062 -0.00578440123575
v -0.0484509536326 -0.506894017972 -0.00313555845718
f 415 417 419
f 415 419 418
f 415 418 420
f 415 420 417
f 416 419 417
f 416 418 419
f 416 420 418
f 416 417 420
v -0.0468775780697 -0.50617106623 -0.00475
v -0.0498647939557 -0.505894405335 -0.00475
v -0.0484909836943 -0.507326238204 -0.0055
v -0.0482513883311 -0.50473923336 -0.004
v -0.048302020789 -0.505285931811 -0.00604903810568
v -0.0484403512364 -0.506779539754 -0.00345096189432
f 421 423 425
f 421 425 424
f 421 424 426
f 421 426 423
f 422 425 423
f 422 424 425
f 422 426 424
f 422 423 426
v -0.0468618282793 -0.506001009583 -0.00503423301022
v -0.0498490441653 -0.505724348688 -0.00503423301022
v -0.0484727470949 -0.507129330508 -0.00582911190657
v -0.0482381253498 -0.504596027763 -0.00423935411387
v -0.0482821322534 -0.505071187513 -0.00630630515445
v -0.0484287401912 -0.506654170758 -0.00376216086598
f 427 429 431
f 427 431 430
f 427 430 432
f 427 432 429
f 428 431 429
f 428 430 431
f 428 432 430
f 428 429 432
v -0.0468451732959 -0.505821179212 -0.00531233258297
v -0.0498323891818 -0.505544518318 -0.00531233258297
v -0.0484534623771 -0.506921105868 -0.00615112193818
v -0.0482241001005 -0.504444591662 -0.00447354322777
v -0.0482614278343 -0.504847633803 -0.0065558889418
v -0.0484161346433 -0.506518063727 -0.00406877622414
f 433 435 437
f 433 437 436
f 433 436 438
f 433 438 435
f 434 437 435
f 434 436 437
f 434 438 436
f 434 435 438
v -0.0468276334108 -0.505631794213 -0.00558395989678
v -0.0498148492967 -0.505355133318 -0.00558395989678
v -0.0484331530365 -0.506701817975 -0.00646563777522
v -0.048209329671 -0.504285109557 -0.00470228201834
v -0.0482399327568 -0.504615543044 -0.00679748538834
v -0.0484025499507 -0.506371384487 -0.00437043440522
f 439 441 443
f 439 443 442
f 439 442 444
f 439 444 441
f 440 443 441
f 440 442 443
f 440 444 442
f 440 441 444
v -0.0468092299938 -0.505433085322 -0.00584878401559
v -0.0497964458797 -0.505156424427 -0.00584878401559
v -0.0484118438169 -0.506471733996 -0.00677227622858
v -0.0481938320567 -0.504117775754 -0.00492529180261
v -0.0482176732094 -0.504375198005 -0.007030800146
v -0.0483880026641 -0.506214311745 -0.00466676788518
f 445 447 449
f 445 449 448
f 445 448 450
f 445 450 447
f 446 449 447
f 446 448 449
f 446 450 448
f 446 447 450
v -0.0467899854666 -0.505225294635 -0.00610648229202
v -0.0497772013526 -0.504948633741 -0.00610648229202
v -0.0483895606801 -0.506231134253 -0.00707066370655
v -0.048177626139 -0.503942794123 -0.00514230087749
v -0.048194676312 -0.504126891508 -0.0072555489567
v -0.0483725105072 -0.506047036867 -0.00495741562734
f 451 453 455
f 451 455 454
f 451 454 456
f 451 456 453
f 452 455 453
f 452 454 455
f 452 456 454
f 452 453 456
v -0.0467699232757 -0.505008675314 -0.00635674076041
v -0.0497571391616 -0.504732014419 -0.00635674076041
v -0.0483663307749 -0.50598031188 -0.00736043666995
v -0.0481607316625 -0.503760377852 -0.00535304485087
v -0.0481709700825 -0.503870926078 -0.00747145799863
v -0.0483560923548 -0.505869763655 -0.00524202352219
f 457 459 461
f 457 461 460
f 457 460 462
f 457 462 459
f 458 461 459
f 458 460 461
f 458 462 460
f 458 459 462
v -0.0467490678638 -0.504783491274 -0.00659925451936
v -0.0497362837497 -0.504506830379 -0.00659925451936
v -0.0483421824032 -0.505719572466 -0.00764124207505
v -0.0481431692103 -0.503570749187 -0.00555726696367
v -0.0481465834036 -0.503607613567 -0.00767826421987
v -0.0483387682099 -0.505682708087 -0.00552024481885
f 463 465 467
f 463 467 466
f 463 466 468
f 463 468 465
f 464 467 465
f 464 466 467
f 464 468 466
f 464 465 468
v -0.0467274446399 -0.504550016869 -0.00683372810322
v -0.0497146605259 -0.504273355975 -0.00683372810322
v -0.0483171449861 -0.505449233682 -0.00791273780373
v -0.0481249601797 -0.503374139162 -0.00575471840271
v -0.0481215459865 -0.503337274783 -0.00787571565891
v -0.0483205591793 -0.505486098061 -0.00579174054753
f 469 471 473
f 469 473 472
f 469 472 474
f 469 474 471
f 470 473 471
f 470 472 473
f 470 474 472
f 470 471 474
v -0.0467050799487 -0.504308536552 -0.00705987584204
v -0.0496922958347 -0.504031875657 -0.00705987584204
v -0.0482912490279 -0.505169624893 -0.00817459308025
v -0.0481061267556 -0.503170787316 -0.00594515860382
v -0.0480958883355 -0.50306023909 -0.00806357175157
v -0.0483014874479 -0.505280173118 -0.0060561799325
f 475 477 479
f 475 479 478
f 475 478 480
f 475 480 477
f 476 479 477
f 476 478 479
f 476 480 478
f 476 477 480
v -0.0466820010382 -0.504059344528 -0.00727742220963
v -0.0496692169241 -0.503782683633 -0.00727742220963
v -0.0482645260788 -0.50488108676 -0.00842648887431
v -0.0480866918835 -0.502960941401 -0.00612835554495
v -0.0480696417106 -0.502776844015 -0.00824160362416
v -0.0482815762517 -0.505065184145 -0.0063132407951
f 481 483 485
f 481 485 484
f 481 484 486
f 481 486 483
f 482 485 483
f 482 484 485
f 482 486 484
f 482 483 486
v -0.0466582360262 -0.503802744399 -0.00748610215926
v -0.0496454519122 -0.503526083504 -0.00748610215926
v -0.0482370086965 -0.504583970821 -0.00866811828967
v -0.0480666792419 -0.502744857082 -0.00630408602885
v -0.0480428380891 -0.502487434831 -0.00840959437225
v -0.0482608498493 -0.504841393072 -0.00656260994628
f 487 489 491
f 487 491 490
f 487 490 492
f 487 492 489
f 488 491 489
f 488 490 491
f 488 492 490
f 488 489 492
v -0.046633813867 -0.503539048794 -0.00768566144656
v -0.049621029753 -0.503262387899 -0.00768566144656
v -0.0482087304069 -0.504278639068 -0.00889918693812
v -0.0480461132131 -0.502522797625 -0.006472135955
v -0.0480155101272 -0.502192364138 -0.008567339325
v -0.0482393334928 -0.504609072556 -0.00680398356812
f 493 495 497
f 493 497 496
f 493 496 498
f 493 498 495
f 494 497 495
f 494 496 497
f 494 498 496
f 494 495 498
v -0.0466087643151 -0.503268578985 -0.00787585693927
v -0.0495959802011 -0.502991918091 -0.00787585693927
v -0.0481797256626 -0.5039654635 -0.00911941329811
v -0.0480250188536 -0.502295033576 -0.00663230058044
v -0.0479876911198 -0.501891991434 -0.00871464629448
v -0.0482170533964 -0.504368505641 -0.00703706758407
f 499 501 503
f 499 503 502
f 499 502 504
f 499 504 501
f 500 503 501
f 500 502 503
f 500 504 502
f 500 501 504
v -0.0465831178896 -0.502991664498 -0.00805645691349
v -0.0495703337755 -0.502715003603 -0.00805645691349
v -0.0481500298015 -0.503644825673 -0.00932852905772
v -0.0480034218637 -0.502061842428 -0.00678438476925
v -0.04795941496 -0.501586682678 -0.00885133580984
v -0.0481940367051 -0.504119985423 -0.00726157801714
f 505 507 509
f 505 509 508
f 505 508 510
f 505 510 507
f 506 509 507
f 506 508 509
f 506 510 508
f 506 507 510
v -0.0465569058366 -0.50270864271 -0.00822724133595
v -0.0495441217226 -0.502431981815 -0.00822724133595
v -0.0481196790033 -0.503317116234 -0.00952627944163
v -0.0479813485559 -0.501823508291 -0.00692820323028
v -0.047930716098 -0.501276809841 -0.00897724133595
v -0.0481703114611 -0.503863814685 -0.00747724133595
f 511 513 515
f 511 515 514
f 511 514 516
f 511 516 513
f 512 515 513
f 512 514 515
f 512 516 514
f 512 513 516
v -0.0465301600915 -0.50241985844 -0.00838800213216
v -0.0495173759775 -0.502143197546 -0.00838800213216
v -0.0480887102458 -0.502982734448 -0.00971242352145
v -0.0479588258232 -0.501580321538 -0.00706358074287
v -0.047901629499 -0.500962750455 -0.00909220947634
v -0.0481459065701 -0.503600305531 -0.00768379478798
f 517 519 521
f 517 521 520
f 517 520 522
f 517 522 519
f 518 521 519
f 518 520 521
f 518 522 520
f 518 519 522
v -0.04650291324 -0.502125663527 -0.00853854343984
v -0.0494901291259 -0.501849002633 -0.00853854343984
v -0.0480571612598 -0.502642087707 -0.00988673450929
v -0.0479358811061 -0.501332578453 -0.00719035237039
v -0.0478721906004 -0.500644887153 -0.00919610016003
v -0.0481208517655 -0.503329779007 -0.00788098671966
f 523 525 527
f 523 527 526
f 523 526 528
f 523 528 525
f 524 527 525
f 524 526 527
f 524 528 526
f 524 525 528
v -0.046475198478 -0.501826416403 -0.0086786818476
v -0.0494624143639 -0.501549755508 -0.0086786818476
v -0.0480250704828 -0.502295591036 -0.0100490000341
v -0.0479125423591 -0.501080580874 -0.00730836366114
v -0.0478424352691 -0.500323607203 -0.00928878681222
v -0.0480951775728 -0.503052564707 -0.00806857688299
f 529 531 533
f 529 533 532
f 529 532 534
f 529 534 531
f 530 533 531
f 530 532 533
f 530 534 532
f 530 531 534
v -0.0464470495717 -0.501522481652 -0.00880824661838
v -0.0494342654577 -0.501245820758 -0.00880824661838
v -0.0479924770124 -0.501943666589 -0.0101990224002
v -0.047888838017 -0.500824635822 -0.00741747083653
v -0.0478123997573 -0.499999302035 -0.00937015650851
v -0.0480689152721 -0.502769000375 -0.00824633672826
f 535 537 539
f 535 539 538
f 535 538 540
f 535 540 537
f 536 539 537
f 536 538 539
f 536 540 538
f 536 537 540
v -0.0464185008163 -0.501214229575 -0.00892707989747
v -0.0494057167023 -0.50093756868 -0.00892707989747
v -0.0479594205588 -0.50158674313 -0.0103366188286
v -0.0478647969599 -0.500565055125 -0.00751754096629
v -0.0477821206587 -0.499672366765 -0.00944011011245
v -0.04804209686 -0.50247943149 -0.00841404968248
f 541 543 545
f 541 545 544
f 541 544 546
f 541 546 543
f 542 545 543
f 542 544 545
f 542 546 544
f 542 543 546
v -0.0463895869941 -0.500902035727 -0.0090350369048
v -0.04937680288 -0.500625374832 -0.0090350369048
v -0.0479259413961 -0.501225255517 -0.0104616216792
v -0.047840448478 -0.500302155042 -0.00760845213036
v -0.0477516348636 -0.499343199713 -0.00949856239637
v -0.0480147550104 -0.502184210847 -0.00857151141324
f 547 549 551
f 547 551 550
f 547 550 552
f 547 552 549
f 548 551 549
f 548 550 551
f 548 552 550
f 548 549 552
v -0.0463603433319 -0.50058628047 -0.00913198611141
v -0.0493475592179 -0.500309619575 -0.00913198611141
v -0.0478920803137 -0.500859644166 -0.0105738786553
v -0.0478158222362 -0.500036255878 -0.00769009356751
v -0.0477209795145 -0.499012201918 -0.00954544214514
v -0.0479869230354 -0.501883698127 -0.00871853007769
f 553 555 557
f 553 557 556
f 553 556 558
f 553 558 555
f 554 557 555
f 554 556 557
f 554 558 556
f 554 555 558
v -0.0463308054589 -0.500267348502 -0.00921780939962
v -0.0493180213448 -0.499990687607 -0.00921780939962
v -0.0478578785659 -0.500490354519 -0.010673252989
v -0.0477909482378 -0.499767681589 -0.00776236581021
v -0.0476901919599 -0.49867977665 -0.00958069224302
v -0.0479586348438 -0.501578259458 -0.00885492655622
f 559 561 563
f 559 563 562
f 559 562 564
f 559 564 561
f 560 563 561
f 560 562 563
f 560 564 562
f 560 561 564
v -0.0463010093622 -0.499945628392 -0.00929240220697
v -0.0492882252481 -0.499668967497 -0.00929240220697
v -0.0478233778224 -0.500117836498 -0.0107596236081
v -0.047765856788 -0.499496759392 -0.00782518080587
v -0.0476593097099 -0.498346328919 -0.0096042697432
v -0.0479299249004 -0.501268266971 -0.00898053467074
f 565 567 569
f 565 569 568
f 565 568 570
f 565 570 567
f 566 569 567
f 566 568 569
f 566 570 568
f 566 567 570
v -0.0462709913439 -0.499621512108 -0.00935567365362
v -0.0492582072298 -0.499344851213 -0.00935567365362
v -0.0477886201169 -0.499742543958 -0.0108328852831
v -0.0477405784567 -0.499223819363 -0.0078784620241
v -0.0476283703898 -0.498012264978 -0.00961614592012
v -0.0479008281839 -0.500954098343 -0.00909520138712
f 571 573 575
f 571 575 574
f 571 574 576
f 571 576 573
f 572 575 573
f 572 574 575
f 572 576 574
f 572 573 576
v -0.0462407879762 -0.499295394535 -0.00940754665304
v -0.0492280038622 -0.49901873364 -0.00940754665304
v -0.0477536477965 -0.499364934136 -0.0108929487562
v -0.0477151440419 -0.498949194038 -0.00792214454993
v -0.0475974116942 -0.497677991834 -0.00961630630449
v -0.0478713801442 -0.500636136341 -0.0091987870016
f 577 579 581
f 577 581 580
f 577 580 582
f 577 582 579
f 578 581 579
f 578 580 581
f 578 582 580
f 578 579 582
v -0.0462104360574 -0.498967672997 -0.009447958006
v -0.0491976519434 -0.498691012102 -0.009447958006
v -0.0477185034695 -0.498985467092 -0.0109397408491
v -0.0476895845313 -0.498673218006 -0.00795617516295
v -0.0475664713417 -0.497343916747 -0.0096047507009
v -0.0478416166591 -0.500314768352 -0.0092911653111
f 583 585 587
f 583 587 586
f 583 586 588
f 583 588 585
f 584 587 585
f 584 586 587
f 584 588 586
f 584 585 588
v -0.0461799725666 -0.498638746771 -0.00947685847747
v -0.0491671884526 -0.498362085877 -0.00947685847747
v -0.0476832299538 -0.498604605147 -0.0109732045529
v -0.0476639310654 -0.498396227501 -0.00798051240208
v -0.0475355870282 -0.497010446735 -0.00958149318808
v -0.047811573991 -0.499990385913 -0.00937222376685
f 589 591 593
f 589 593 592
f 589 592 594
f 589 594 591
f 590 593 591
f 590 592 593
f 590 594 592
f 590 591 594
v -0.0461494346188 -0.498309016606 -0.00949421285668
v -0.0491366505048 -0.498032355711 -0.00949421285668
v -0.0476478702248 -0.498222812324 -0.0109932990972
v -0.0476382148988 -0.498118559993 -0.00799512661615
v -0.0475047963816 -0.496677988081 -0.00954656210174
v -0.047781288742 -0.499663384236 -0.00944186361163
f 595 597 599
f 595 599 598
f 595 598 600
f 595 600 597
f 596 599 597
f 596 598 599
f 596 600 598
f 596 597 600
v -0.0461188594199 -0.497978884224 -0.0095
v -0.0491060753058 -0.497702223329 -0.0095
v -0.0476124673628 -0.497840553777 -0.011
v -0.0476124673628 -0.497840553777 -0.008
v -0.0474741369155 -0.496346945834 -0.0095
v -0.0477507978102 -0.49933416172 -0.0095
f 601 603 605
f 601 605 604
f 601 604 606
f 601 606 603
f 602 605 603
f 602 604 605
f 602 606 604
f 602 603 606
v -0.0460882842209 -0.497648751843 -0.00949421285668
v -0.0490755001069 -0.497372090948 -0.00949421285668
v -0.0475770645009 -0.49745829523 -0.0109932990972
v -0.0475867198269 -0.497562547561 -0.00799512661615
v -0.0474436459837 -0.496017723318 -0.00944186361163
v -0.0477201383441 -0.499003119473 -0.00954656210174
f 607 609 611
f 607 611 610
f 607 610 612
f 607 612 609
f 608 611 609
f 608 610 611
f 608 612 610
f 608 609 612
v -0.0460577462731 -0.497319021677 -0.00947685847747
v -0.0490449621591 -0.497042360782 -0.00947685847747
v -0.0475417047719 -0.497076502406 -0.0109732045529
v -0.0475610036603 -0.497284880053 -0.00798051240208
v -0.0474133607347 -0.49569072164 -0.00937222376685
v -0.0476893476975 -0.498670660819 -0.00958149318808
f 613 615 617
f 613 617 616
f 613 616 618
f 613 618 615
f 614 617 615
f 614 616 617
f 614 618 616
f 614 615 618
v -0.0460272827823 -0.496990095452 -0.009447958006
v -0.0490144986683 -0.496713434557 -0.009447958006
v -0.0475064312562 -0.496695640461 -0.0109397408491
v -0.0475353501944 -0.497007889547 -0.00795617516295
v -0.0473833180666 -0.495366339202 -0.0092911653111
v -0.047658463384 -0.498337190807 -0.0096047507009
f 619 621 623
f 619 623 622
f 619 622 624
f 619 624 621
f 620 623 621
f 620 622 623
f 620 624 622
f 620 621 624
v -0.0459969308635 -0.496662373914 -0.00940754665304
v -0.0489841467495 -0.496385713019 -0.00940754665304
v -0.0474712869292 -0.496316173417 -0.0108929487562
v -0.0475097906838 -0.496731913515 -0.00792214454993
v -0.0473535545815 -0.495044971213 -0.0091987870016
v -0.0476275230315 -0.498003115719 -0.00961630630449
f 625 627 629
f 625 629 628
f 625 628 630
f 625 630 627
f 626 629 627
f 626 628 629
f 626 630 628
f 626 627 630
v -0.0459667274959 -0.49633625634 -0.00935567365362
v -0.0489539433818 -0.496059595446 -0.00935567365362
v -0.0474363146087 -0.495938563596 -0.0108328852831
v -0.047484356269 -0.49645728819 -0.0078784620241
v -0.0473241065418 -0.494727009211 -0.00909520138712
v -0.0475965643359 -0.497668842575 -0.00961614592012
f 631 633 635
f 631 635 634
f 631 634 636
f 631 636 633
f 632 635 633
f 632 634 635
f 632 636 634
f 632 633 636
v -0.0459367094775 -0.496012140056 -0.00929240220697
v -0.0489239253635 -0.495735479161 -0.00929240220697
v -0.0474015569033 -0.495563271056 -0.0107596236081
v -0.0474590779377 -0.496184348162 -0.00782518080587
v -0.0472950098253 -0.494412840583 -0.00898053467074
v -0.0475656250157 -0.497334778635 -0.0096042697432
f 637 639 641
f 637 641 640
f 637 640 642
f 637 642 639
f 638 641 639
f 638 640 641
f 638 642 640
f 638 639 642
v -0.0459069133809 -0.495690419947 -0.00921780939962
v -0.0488941292668 -0.495413759052 -0.00921780939962
v -0.0473670561598 -0.495190753035 -0.010673252989
v -0.0474339864879 -0.495913425964 -0.00776236581021
v -0.0472662998819 -0.494102848096 -0.00885492655622
v -0.0475347427658 -0.497001330903 -0.00958069224302
f 643 645 647
f 643 647 646
f 643 646 648
f 643 648 645
f 644 647 645
f 644 646 647
f 644 648 646
f 644 645 648
v -0.0458773755078 -0.495371487979 -0.00913198611141
v -0.0488645913938 -0.495094827084 -0.00913198611141
v -0.047332854412 -0.494821463387 -0.0105738786553
v -0.0474091124895 -0.495644851675 -0.00769009356751
v -0.0472380116903 -0.493797409427 -0.00871853007769
v -0.0475039552112 -0.496668905636 -0.00954544214514
f 649 651 653
f 649 653 652
f 649 652 654
f 649 654 651
f 650 653 651
f 650 652 653
f 650 654 652
f 650 651 654
v -0.0458481318457 -0.495055732721 -0.0090350369048
v -0.0488353477316 -0.494779071826 -0.0090350369048
v -0.0472989933296 -0.494455852036 -0.0104616216792
v -0.0473844862477 -0.495378952511 -0.00760845213036
v -0.0472101797153 -0.493496896707 -0.00857151141324
v -0.047473299862 -0.496337907841 -0.00949856239637
f 655 657 659
f 655 659 658
f 655 658 660
f 655 660 657
f 656 659 657
f 656 658 659
f 656 660 658
f 656 657 660
v -0.0458192180234 -0.494743538874 -0.00892707989747
v -0.0488064339094 -0.494466877979 -0.00892707989747
v -0.0472655141669 -0.494094364423 -0.0103366188286
v -0.0473601377658 -0.495116052429 -0.00751754096629
v -0.0471828378657 -0.493201676064 -0.00841404968248
v -0.047442814067 -0.496008740789 -0.00944011011245
f 661 663 665
f 661 665 664
f 661 664 666
f 661 666 663
f 662 665 663
f 662 664 665
f 662 666 664
f 662 663 666
v -0.045790669268 -0.494435286796 -0.00880824661838
v -0.048777885154 -0.494158625901 -0.00880824661838
v -0.0472324577133 -0.493737440965 -0.0101990224002
v -0.0473360967086 -0.494856471732 -0.00741747083653
v -0.0471560194536 -0.492912107179 -0.00824633672826
v -0.0474125349684 -0.495681805518 -0.00937015650851
f 667 669 671
f 667 671 670
f 667 670 672
f 667 672 669
f 668 671 669
f 668 670 671
f 668 672 670
f 668 669 672
v -0.0457625203618 -0.494131352046 -0.0086786818476
v -0.0487497362477 -0.493854691151 -0.0086786818476
v -0.0471998642429 -0.493385516518 -0.0100490000341
v -0.0473123923665 -0.494600526679 -0.00730836366114
v -0.0471297571529 -0.492628542847 -0.00806857688299
v -0.0473824994566 -0.49535750035 -0.00928878681222
f 673 675 677
f 673 677 676
f 673 676 678
f 673 678 675
f 674 677 675
f 674 676 677
f 674 678 676
f 674 675 678
v -0.0457348055998 -0.493832104921 -0.00853854343984
v -0.0487220214857 -0.493555444026 -0.00853854343984
v -0.0471677734659 -0.493039019847 -0.00988673450929
v -0.0472890536196 -0.4943485291 -0.00719035237039
v -0.0471040829602 -0.492351328547 -0.00788098671966
v -0.0473527441253 -0.4950362204 -0.00919610016003
f 679 681 683
f 679 683 682
f 679 682 684
f 679 684 681
f 680 683 681
f 680 682 683
f 680 684 682
f 680 681 684
v -0.0457075587482 -0.493537910008 -0.00838800213216
v -0.0486947746342 -0.493261249113 -0.00838800213216
v -0.0471362244799 -0.492698373105 -0.00971242352145
v -0.0472661089025 -0.494100786016 -0.00706358074287
v -0.0470790281556 -0.492080802023 -0.00768379478798
v -0.0473233052267 -0.494718357099 -0.00909220947634
f 685 687 689
f 685 689 688
f 685 688 690
f 685 690 687
f 686 689 687
f 686 688 689
f 686 690 688
f 686 687 690
v -0.0456808130031 -0.493249125738 -0.00822724133595
v -0.0486680288891 -0.492972464843 -0.00822724133595
v -0.0471052557224 -0.492363991319 -0.00952627944163
v -0.0472435861698 -0.493857599262 -0.00692820323028
v -0.0470546232646 -0.491817292869 -0.00747724133595
v -0.0472942186277 -0.494404297713 -0.00897724133595
f 691 693 695
f 691 695 694
f 691 694 696
f 691 696 693
f 692 695 693
f 692 694 695
f 692 696 694
f 692 693 696
v -0.0456546009502 -0.49296610395 -0.00805645691349
v -0.0486418168361 -0.492689443055 -0.00805645691349
v -0.0470749049242 -0.492036281881 -0.00932852905772
v -0.047221512862 -0.493619265125 -0.00678438476925
v -0.0470308980206 -0.49156112213 -0.00726157801714
v -0.0472655197657 -0.494094424875 -0.00885133580984
f 697 699 701
f 697 701 700
f 697 700 702
f 697 702 699
f 698 701 699
f 698 700 701
f 698 702 700
f 698 699 702
v -0.0456289545246 -0.492689189463 -0.00787585693927
v -0.0486161704106 -0.492412528568 -0.00787585693927
v -0.0470452090631 -0.491715644053 -0.00911941329811
v -0.0471999158721 -0.493386073978 -0.00663230058044
v -0.0470078813293 -0.491312601912 -0.00703706758407
v -0.0472372436059 -0.493789116119 -0.00871464629448
f 703 705 707
f 703 707 706
f 703 706 708
f 703 708 705
f 704 707 705
f 704 706 707
f 704 708 706
f 704 705 708
v -0.0456039049727 -0.492418719654 -0.00768566144656
v -0.0485911208587 -0.492142058759 -0.00768566144656
v -0.0470162043188 -0.491402468485 -0.00889918693812
v -0.0471788215126 -0.493158309928 -0.006472135955
v -0.0469856012329 -0.491072034998 -0.00680398356812
v -0.0472094245985 -0.493488743416 -0.008567339325
f 709 711 713
f 709 713 712
f 709 712 714
f 709 714 711
f 710 713 711
f 710 712 713
f 710 714 712
f 710 711 714
v -0.0455794828135 -0.492155024049 -0.00748610215926
v -0.0485666986994 -0.491878363154 -0.00748610215926
v -0.0469879260292 -0.491097136732 -0.00866811828967
v -0.0471582554838 -0.492936250472 -0.00630408602885
v -0.0469640848764 -0.490839714481 -0.00656260994628
v -0.0471820966366 -0.493193672723 -0.00840959437225
f 715 717 719
f 715 719 718
f 715 718 720
f 715 720 717
f 716 719 717
f 716 718 719
f 716 720 718
f 716 717 720
v -0.0455557178016 -0.491898423921 -0.00727742220963
v -0.0485429336875 -0.491621763026 -0.00727742220963
v -0.0469604086469 -0.490800020794 -0.00842648887431
v -0.0471382428422 -0.492720166153 -0.00612835554495
v -0.046943358474 -0.490615923409 -0.0063132407951
v -0.0471552930151 -0.492904263538 -0.00824160362416
f 721 723 725
f 721 725 724
f 721 724 726
f 721 726 723
f 722 725 723
f 722 724 725
f 722 726 724
f 722 723 726
v -0.045532638891 -0.491649231897 -0.00705987584204
v -0.0485198547769 -0.491372571002 -0.00705987584204
v -0.0469336856978 -0.490511482661 -0.00817459308025
v -0.0471188079701 -0.492510320238 -0.00594515860382
v -0.0469234472778 -0.490400934435 -0.0060561799325
v -0.0471290463901 -0.492620868463 -0.00806357175157
f 727 729 731
f 727 731 730
f 727 730 732
f 727 732 729
f 728 731 729
f 728 730 731
f 728 732 730
f 728 729 732
v -0.0455102741998 -0.491407751579 -0.00683372810322
v -0.0484974900858 -0.491131090684 -0.00683372810322
v -0.0469077897396 -0.490231873872 -0.00791273780373
v -0.0470999745459 -0.492306968391 -0.00575471840271
v -0.0469043755464 -0.490195009492 -0.00579174054753
v -0.0471033887392 -0.492343832771 -0.00787571565891
f 733 735 737
f 733 737 736
f 733 736 738
f 733 738 735
f 734 737 735
f 734 736 737
f 734 738 736
f 734 735 738
v -0.045488650976 -0.491174277174 -0.00659925451936
v -0.0484758668619 -0.490897616279 -0.00659925451936
v -0.0468827523225 -0.489961535087 -0.00764124207505
v -0.0470817655153 -0.492110358366 -0.00555726696367
v -0.0468861665158 -0.489998399467 -0.00552024481885
v -0.0470783513221 -0.492073493986 -0.00767826421987
f 739 741 743
f 739 743 742
f 739 742 744
f 739 744 741
f 740 743 741
f 740 742 743
f 740 744 742
f 740 741 744
v -0.045467795564 -0.490949093135 -0.00635674076041
v -0.04845501145 -0.49067243224 -0.00635674076041
v -0.0468586039508 -0.489700795673 -0.00736043666995
v -0.0470642030632 -0.491920729701 -0.00535304485087
v -0.0468688423709 -0.489811343899 -0.00524202352219
v -0.0470539646432 -0.491810181476 -0.00747145799863
f 745 747 749
f 745 749 748
f 745 748 750
f 745 750 747
f 746 749 747
f 746 748 749
f 746 750 748
f 746 747 750
v -0.0454477333731 -0.490732473813 -0.00610648229202
v -0.0484349492591 -0.490455812918 -0.00610648229202
v -0.0468353740456 -0.489449973301 -0.00707066370655
v -0.0470473085866 -0.491738313431 -0.00514230087749
v -0.0468524242185 -0.489634070686 -0.00495741562734
v -0.0470302584137 -0.491554216045 -0.0072555489567
f 751 753 755
f 751 755 754
f 751 754 756
f 751 756 753
f 752 755 753
f 752 754 755
f 752 756 754
f 752 753 756
v -0.0454284888459 -0.490524683126 -0.00584878401559
v -0.0484157047319 -0.490248022231 -0.00584878401559
v -0.0468130909088 -0.489209373558 -0.00677227622858
v -0.047031102669 -0.4915633318 -0.00492529180261
v -0.0468369320616 -0.489466795809 -0.00466676788518
v -0.0470072615162 -0.491305909549 -0.007030800146
f 757 759 761
f 757 761 760
f 757 760 762
f 757 762 759
f 758 761 759
f 758 760 761
f 758 762 760
f 758 759 762
v -0.0454100854289 -0.490325974235 -0.00558395989678
v -0.0483973013149 -0.49004931334 -0.00558395989678
v -0.0467917816891 -0.488979289579 -0.00646563777522
v -0.0470156050547 -0.491395997997 -0.00470228201834
v -0.046822384775 -0.489309723066 -0.00437043440522
v -0.0469850019688 -0.491065564509 -0.00679748538834
f 763 765 767
f 763 767 766
f 763 766 768
f 763 768 765
f 764 767 765
f 764 766 767
f 764 768 766
f 764 765 768
v -0.0453925455439 -0.490136589236 -0.00531233258297
v -0.0483797614298 -0.489859928341 -0.00531233258297
v -0.0467714723485 -0.488760001685 -0.00615112193818
v -0.0470008346252 -0.491236515892 -0.00447354322777
v -0.0468088000823 -0.489163043826 -0.00406877622414
v -0.0469635068914 -0.490833473751 -0.0065558889418
f 769 771 773
f 769 773 772
f 769 772 774
f 769 774 771
f 770 773 771
f 770 772 773
f 770 774 772
f 770 771 774
v -0.0453758905604 -0.489956758865 -0.00503423301022
v -0.0483631064463 -0.489680097971 -0.00503423301022
v -0.0467521876308 -0.488551777046 -0.00582911190657
v -0.0469868093759 -0.49108507979 -0.00423935411387
v -0.0467961945345 -0.489026936796 -0.00376216086598
v -0.0469428024723 -0.49060992004 -0.00630630515445
f 775 777 779
f 775 779 778
f 775 778 780
f 775 780 777
f 776 779 777
f 776 778 779
f 776 780 778
f 776 777 780
v -0.04536014077 -0.489786702219 -0.00475
v -0.048347356656 -0.489510041324 -0.00475
v -0.0467339510314 -0.488354869349 -0.0055
v -0.0469735463945 -0.490941874193 -0.004
v -0.0467845834893 -0.4889015678 -0.00345096189432
v -0.0469229139367 -0.490395175743 -0.00604903810568
f 781 783 785
f 781 785 784
f 781 784 786
f 781 786 783
f 782 785 783
f 782 784 785
f 782 786 784
f 782 783 786
v -0.0453453153614 -0.489626626484 -0.00445997984647
v -0.0483325312474 -0.489349965589 -0.00445997984647
v -0.0467167847689 -0.488169518499 -0.00516418719064
v -0.04696106184 -0.490807073575 -0.00375577250229
v -0.0467739810931 -0.488787089581 -0.00313555845718
v -0.0469038655157 -0.490189502492 -0.00578440123575
f 787 789 791
f 787 791 790
f 787 790 792
f 787 792 789
f 788 791 789
f 788 790 791
f 788 792 790
f 788 789 792
v -0.0453314323971 -0.489476726689 -0.0041645258945
v -0.0483186482831 -0.489200065794 -0.0041645258945
v -0.0467007097576 -0.487995950315 -0.00482208261468
v -0.0469493709227 -0.490680842168 -0.00350696917431
v -0.0467644002633 -0.488683641614 -0.00281633482505
v -0.046885680417 -0.489993150868 -0.00551271696394
f 793 795 797
f 793 797 796
f 793 796 798
f 793 798 795
f 794 797 795
f 794 796 797
f 794 798 796
f 794 795 798
v -0.0453185087914 -0.489337185463 -0.00386399810922
v -0.0483057246773 -0.489060524568 -0.00386399810922
v -0.0466857455825 -0.487834376264 -0.00447410307383
v -0.0469384878862 -0.490563333767 -0.00325389314461
v -0.0467558526726 -0.488591349935 -0.00249367992276
v -0.0468683807962 -0.489806360096 -0.00523431629568
f 799 801 803
f 799 803 802
f 799 802 804
f 799 804 801
f 800 803 801
f 800 802 803
f 800 804 802
f 800 801 804
v -0.0453065602896 -0.489208172816 -0.00355876263745
v -0.0482937761755 -0.488931511921 -0.00355876263745
v -0.0466719104751 -0.487684993198 -0.00412067252758
v -0.04692842599 -0.490454691538 -0.00299685274733
v -0.0467483487349 -0.488510326985 -0.0021679868556
v -0.0468519877302 -0.489629357752 -0.0049495384193
f 805 807 809
f 805 809 808
f 805 808 810
f 805 810 807
f 806 809 807
f 806 808 809
f 806 810 808
f 806 807 810
v -0.0452956014491 -0.489089845929 -0.00324919136159
v -0.0482828173351 -0.488813185034 -0.00324919136159
v -0.0466592212915 -0.487547983119 -0.00376222157658
v -0.0469191974928 -0.490355047844 -0.00273616114661
v -0.0467418975927 -0.488440671479 -0.00183965243041
v -0.0468365211916 -0.489462359485 -0.00465873029277
f 811 813 815
f 811 815 814
f 811 814 816
f 811 816 813
f 812 815 813
f 812 814 815
f 812 816 814
f 812 813 816
v -0.0452856456217 -0.488982348967 -0.00293566144656
v -0.0482728615077 -0.488705688072 -0.00293566144656
v -0.0466476934913 -0.487423512952 -0.00339918693812
v -0.0469108136381 -0.490264524086 -0.002472135955
v -0.0467365071056 -0.488382468282 -0.00150907667212
v -0.0468220000238 -0.489305568757 -0.004362246221
f 817 819 821
f 817 821 820
f 817 820 822
f 817 822 819
f 818 821 819
f 818 820 821
f 818 822 820
f 818 819 822
v -0.045276704937 -0.488885812897 -0.00261855488026
v -0.0482639208229 -0.488609152002 -0.00261855488026
v -0.0466373411195 -0.487311734345 -0.00303201091399
v -0.0469032846404 -0.490183230554 -0.00220509884654
v -0.0467321838412 -0.488335788305 -0.00117666233635
v -0.0468084419187 -0.489159176593 -0.00406044742417
f 823 825 827
f 823 827 826
f 823 826 828
f 823 828 825
f 824 827 825
f 824 826 827
f 824 828 826
f 824 825 828
v -0.0452687902877 -0.488800355333 -0.0022982580082
v -0.0482560061737 -0.488523694439 -0.0022982580082
v -0.0466281767888 -0.487212783482 -0.0026611408516
v -0.0468966196726 -0.49011126629 -0.0019353751648
v -0.0467289330667 -0.488300688421 -0.000842814418783
v -0.0467958633948 -0.489023361351 -0.00375370159761
f 829 831 833
f 829 833 832
f 829 832 834
f 829 834 831
f 830 833 831
f 830 832 833
f 830 834 832
f 830 831 834
v -0.0452619113168 -0.488726080394 -0.00197516106277
v -0.0482491272027 -0.488449419499 -0.00197516106277
v -0.0466202116646 -0.48712678092 -0.002287028599
v -0.046890826855 -0.490048718972 -0.00166329352654
v -0.0467267587426 -0.488277211393 -0.000507939661668
v -0.046784279777 -0.488898288499 -0.00344238246387
f 835 837 839
f 835 839 838
f 835 838 840
f 835 840 837
f 836 839 837
f 836 838 839
f 836 840 838
f 836 837 840
v -0.0452560764051 -0.48866307857 -0.00164965768784
v -0.0482432922911 -0.488386417675 -0.00164965768784
v -0.046613455451 -0.487053831441 -0.00191012995434
v -0.0468859132452 -0.489995664805 -0.00138918542134
v -0.046725663518 -0.488265385825 -0.000172446058318
v -0.0467737051782 -0.48878411042 -0.00312686931735
f 841 843 845
f 841 845 844
f 841 844 846
f 841 846 843
f 842 845 843
f 842 844 845
f 842 846 844
f 842 843 846
v -0.0452619113168 -0.488726080394 0.00197516106277
v -0.0482491272027 -0.488449419499 0.00197516106277
v -0.0466202116646 -0.48712678092 0.002287028599
v -0.046890826855 -0.490048718972 0.00166329352654
v -0.046784279777 -0.488898288499 0.00344238246387
v -0.0467267587426 -0.488277211393 0.000507939661668
f 847 849 851
f 847 851 850
f 847 850 852
f 847 852 849
f 848 851 849
f 848 850 851
f 848 852 850
f 848 849 852
v -0.0452687902877 -0.488800355333 0.0022982580082
v -0.0482560061737 -0.488523694439 0.0022982580082
v -0.0466281767888 -0.487212783482 0.0026611408516
v -0.0468966196726 -0.49011126629 0.0019353751648
v -0.0467958633948 -0.489023361351 0.00375370159761
v -0.0467289330667 -0.488300688421 0.000842814418783
f 853 855 857
f 853 857 856
f 853 856 858
f 853 858 855
f 854 857 855
f 854 856 857
f 854 858 856
f 854 855 858
v -0.045276704937 -0.488885812897 0.00261855488026
v -0.0482639208229 -0.488609152002 0.00261855488026
v -0.0466373411195 -0.487311734345 0.00303201091399
v -0.0469032846404 -0.490183230554 0.00220509884654
v -0.0468084419187 -0.489159176593 0.00406044742417
v -0.0467321838412 -0.488335788305 0.00117666233635
f 859 861 863
f 859 863 862
f 859 862 864
f 859 864 861
f 860 863 861
f 860 862 863
f 860 864 862
f 860 861 864
v -0.0452856456217 -0.488982348967 0.00293566144656
v -0.0482728615077 -0.488705688072 0.00293566144656
v -0.0466476934913 -0.487423512952 0.00339918693812
v -0.0469108136381 -0.490264524086 0.002472135955
v -0.0468220000238 -0.489305568757 0.004362246221
v -0.0467365071056 -0.488382468282 0.00150907667212
f 865 867 869
f 865 869 868
f 865 868 870
f 865 870 867
f 866 869 867
f 866 868 869
f 866 870 868
f 866 867 870
v -0.0452956014491 -0.489089845929 0.00324919136159
v -0.0482828173351 -0.488813185034 0.00324919136159
v -0.0466592212915 -0.487547983119 0.00376222157658
v -0.0469191974928 -0.490355047844 0.00273616114661
v -0.0468365211916 -0.489462359485 0.00465873029277
v -0.0467418975927 -0.488440671479 0.00183965243041
f 871 873 875
f 871 875 874
f 871 874 876
f 871 876 873
f 872 875 873
f 872 874 875
f 872 876 874
f 872 873 876
v -0.0453065602896 -0.489208172816 0.00355876263745
v -0.0482937761755 -0.488931511921 0.00355876263745
v -0.0466719104751 -0.487684993198 0.00412067252758
v -0.04692842599 -0.490454691538 0.00299685274733
v -0.0468519877302 -0.489629357752 0.0049495384193
v -0.0467483487349 -0.488510326985 0.0021679868556
f 877 879 881
f 877 881 880
f 877 880 882
f 877 882 879
f 878 881 879
f 878 880 881
f 878 882 880
f 878 879 882
v -0.0453185087914 -0.489337185463 0.00386399810922
v -0.0483057246773 -0.489060524568 0.00386399810922
v -0.0466857455825 -0.487834376264 0.00447410307383
v -0.0469384878862 -0.490563333767 0.00325389314461
v -0.0468683807962 -0.489806360096 0.00523431629568
v -0.0467558526726 -0.488591349935 0.00249367992276
f 883 885 887
f 883 887 886
f 883 886 888
f 883 888 885
f 884 887 885
f 884 886 887
f 884 888 886
f 884 885 888
v -0.0453314323971 -0.489476726689 0.0041645258945
v -0.0483186482831 -0.489200065794 0.0041645258945
v -0.0467007097576 -0.487995950315 0.00482208261468
v -0.0469493709227 -0.490680842168 0.00350696917431
v -0.046885680417 -0.489993150868 0.00551271696394
v -0.0467644002633 -0.488683641614 0.00281633482505
f 889 891 893
f 889 893 892
f 889 892 894
f 889 894 891
f 890 893 891
f 890 892 893
f 890 894 892
f 890 891 894
v -0.0453453153614 -0.489626626484 0.00445997984647
v -0.0483325312474 -0.489349965589 0.00445997984647
v -0.0467167847689 -0.488169518499 0.00516418719064
v -0.04696106184 -0.490807073575 0.00375577250229
v -0.0469038655157 -0.490189502492 0.00578440123575
v -0.0467739810931 -0.488787089581 0.00313555845718
f 895 897 899
f 895 899 898
f 895 898 900
f 895 900 897
f 896 899 897
f 896 898 899
f 896 900 898
f 896 897 900
v -0.04536014077 -0.489786702219 0.00475
v -0.048347356656 -0.489510041324 0.00475
v -0.0467339510314 -0.488354869349 0.0055
v -0.0469735463945 -0.490941874193 0.004
v -0.0469229139367 -0.490395175743 0.00604903810568
v -0.0467845834893 -0.4889015678 0.00345096189432
f 901 903 905
f 901 905 904
f 901 904 906
f 901 906 903
f 902 905 903
f 902 904 905
f 902 906 904
f 902 903 906
v -0.0453758905604 -0.489956758865 0.00503423301022
v -0.0483631064463 -0.489680097971 0.00503423301022
v -0.0467521876308 -0.488551777046 0.00582911190657
v -0.0469868093759 -0.49108507979 0.00423935411387
v -0.0469428024723 -0.49060992004 0.00630630515445
v -0.0467961945345 -0.489026936796 0.00376216086598
f 907 909 911
f 907 911 910
f 907 910 912
f 907 912 909
f 908 911 909
f 908 910 911
f 908 912 910
f 908 909 912
v -0.0453925455439 -0.490136589236 0.00531233258297
v -0.0483797614298 -0.489859928341 0.00531233258297
v -0.0467714723485 -0.488760001685 0.00615112193818
v -0.0470008346252 -0.491236515892 0.00447354322777
v -0.0469635068914 -0.490833473751 0.0065558889418
v -0.0468088000823 -0.489163043826 0.00406877622414
f 913 915 917
f 913 917 916
f 913 916 918
f 913 918 915
f 914 917 915
f 914 916 917
f 914 918 916
f 914 915 918
v -0.0454100854289 -0.490325974235 0.00558395989678
v -0.0483973013149 -0.49004931334 0.00558395989678
v -0.0467917816891 -0.488979289579 0.00646563777522
v -0.0470156050547 -0.491395997997 0.00470228201834
v -0.0469850019688 -0.491065564509 0.00679748538834
v -0.046822384775 -0.489309723066 0.00437043440522
f 919 921 923
f 919 923 922
f 919 922 924
f 919 924 921
f 920 923 921
f 920 922 923
f 920 924 922
f 920 921 924
v -0.0454284888459 -0.490524683126 0.00584878401559
v -0.0484157047319 -0.490248022231 0.00584878401559
v -0.0468130909088 -0.489209373558 0.00677227622858
v -0.047031102669 -0.4915633318 0.00492529180261
v -0.0470072615162 -0.491305909549 0.007030800146
v -0.0468369320616 -0.489466795809 0.00466676788518
f 925 927 929
f 925 929 928
f 925 928 930
f 925 930 927
f 926 929 927
f 926 928 929
f 926 930 928
f 926 927 930
v -0.0454477333731 -0.490732473813 0.00610648229202
v -0.0484349492591 -0.490455812918 0.00610648229202
v -0.0468353740456 -0.489449973301 0.00707066370655
v -0.0470473085866 -0.491738313431 0.00514230087749
v -0.0470302584137 -0.491554216045 0.0072555489567
v -0.0468524242185 -0.489634070686 0.00495741562734
f 931 933 935
f 931 935 934
f 931 934 936
f 931 936 933
f 932 935 933
f 932 934 935
f 932 936 934
f 932 933 936
v -0.045467795564 -0.490949093135 0.00635674076041
v -0.04845501145 -0.49067243224 0.00635674076041
v -0.0468586039508 -0.489700795673 0.00736043666995
v -0.0470642030632 -0.491920729701 0.00535304485087
v -0.0470539646432 -0.491810181476 0.00747145799863
v -0.0468688423709 -0.489811343899 0.00524202352219
f 937 939 941
f 937 941 940
f 937 940 942
f 937 942 939
f 938 941 939
f 938 940 941
f 938 942 940
f 938 939 942
v -0.045488650976 -0.491174277174 0.00659925451936
v -0.0484758668619 -0.490897616279 0.00659925451936
v -0.0468827523225 -0.489961535087 0.00764124207505
v -0.0470817655153 -0.492110358366 0.00555726696367
v -0.0470783513221 -0.492073493986 0.00767826421987
v -0.0468861665158 -0.489998399467 0.00552024481885
f 943 945 947
f 943 947 946
f 943 946 948
f 943 948 945
f 944 947 945
f 944 946 947
f 944 948 946
f 944 945 948
v -0.0455102741998 -0.491407751579 0.00683372810322
v -0.0484974900858 -0.491131090684 0.00683372810322
v -0.0469077897396 -0.490231873872 0.00791273780373
v -0.0470999745459 -0.492306968391 0.00575471840271
v -0.0471033887392 -0.492343832771 0.00787571565891
v -0.0469043755464 -0.490195009492 0.00579174054753
f 949 951 953
f 949 953 952
f 949 952 954
f 949 954 951
f 950 953 951
f 950 952 953
f 950 954 952
f 950 951 954
v -0.045532638891 -0.491649231897 0.00705987584204
v -0.0485198547769 -0.491372571002 0.00705987584204
v -0.0469336856978 -0.490511482661 0.00817459308025
v -0.0471188079701 -0.492510320238 0.00594515860382
v -0.0471290463901 -0.492620868463 0.00806357175157
v -0.0469234472778 -0.490400934435 0.0060561799325
f 955 957 959
f 955 959 958
f 955 958 960
f 955 960 957
f 956 959 957
f 956 958 959
f 956 960 958
f 956 957 960
v -0.0455557178016 -0.491898423921 0.00727742220963
v -0.0485429336875 -0.491621763026 0.00727742220963
v -0.0469604086469 -0.490800020794 0.00842648887431
v -0.0471382428422 -0.492720166153 0.00612835554495
v -0.0471552930151 -0.492904263538 0.00824160362416
v -0.046943358474 -0.490615923409 0.0063132407951
f 961 963 965
f 961 965 964
f 961 964 966
f 961 966 963
f 962 965 963
f 962 964 965
f 962 966 964
f 962 963 966
v -0.0455794828135 -0.492155024049 0.00748610215926
v -0.0485666986994 -0.491878363154 0.00748610215926
v -0.0469879260292 -0.491097136732 0.00866811828967
v -0.0471582554838 -0.492936250472 0.00630408602885
v -0.0471820966366 -0.493193672723 0.00840959437225
v -0.0469640848764 -0.490839714481 0.00656260994628
f 967 969 971
f 967 971 970
f 967 970 972
f 967 972 969
f 968 971 969
f 968 970 971
f 968 972 970
f 968 969 972
v -0.0456039049727 -0.492418719654 0.00768566144656
v -0.0485911208587 -0.492142058759 0.00768566144656
v -0.0470162043188 -0.491402468485 0.00889918693812
v -0.0471788215126 -0.493158309928 0.006472135955
v -0.0472094245985 -0.493488743416 0.008567339325
v -0.0469856012329 -0.491072034998 0.00680398356812
f 973 975 977
f 973 977 976
f 973 976 978
f 973 978 975
f 974 977 975
f 974 976 977
f 974 978 976
f 974 975 978
v -0.0456289545246 -0.492689189463 0.00787585693927
v -0.0486161704106 -0.492412528568 0.00787585693927
v -0.0470452090631 -0.491715644053 0.00911941329811
v -0.0471999158721 -0.493386073978 0.00663230058044
v -0.0472372436059 -0.493789116119 0.00871464629448
v -0.0470078813293 -0.491312601912 0.00703706758407
f 979 981 983
f 979 983 982
f 979 982 984
f 979 984 981
f 980 983 981
f 980 982 983
f 980 984 982
f 980 981 984
v -0.0456546009502 -0.49296610395 0.00805645691349
v -0.0486418168361 -0.492689443055 0.00805645691349
v -0.0470749049242 -0.492036281881 0.00932852905772
v -0.047221512862 -0.493619265125 0.00678438476925
v -0.0472655197657 -0.494094424875 0.00885133580984
v -0.0470308980206 -0.49156112213 0.00726157801714
f 985 987 989
f 985 989 988
f 985 988 990
f 985 990 987
f 986 989 987
f 986 988 989
f 986 990 988
f 986 987 990
v -0.0456808130031 -0.493249125738 0.00822724133595
v -0.0486680288891 -0.492972464843 0.00822724133595
v -0.0471052557224 -0.492363991319 0.00952627944163
v -0.0472435861698 -0.493857599262 0.00692820323028
v -0.0472942186277 -0.494404297713 0.00897724133595
v -0.0470546232646 -0.491817292869 0.00747724133595
f 991 993 995
f 991 995 994
f 991 994 996
f 991 996 993
f 992 995 993
f 992 994 995
f 992 996 994
f 992 993 996
v -0.0457075587482 -0.493537910008 0.00838800213216
v -0.0486947746342 -0.493261249113 0.00838800213216
v -0.0471362244799 -0.492698373105 0.00971242352145
v -0.0472661089025 -0.494100786016 0.00706358074287
v -0.0473233052267 -0.494718357099 0.00909220947634
v -0.0470790281556 -0.492080802023 0.00768379478798
f 997 999 1001
f 997 1001 1000
f 997 1000 1002
f 997 1002 999
f 998 1001 999
f 998 1000 1001
f 998 1002 1000
f 998 999 1002
v -0.0457348055998 -0.493832104921 0.00853854343984
v -0.0487220214857 -0.493555444026 0.00853854343984
v -0.0471677734659 -0.493039019847 0.00988673450929
v -0.0472890536196 -0.4943485291 0.00719035237039
v -0.0473527441253 -0.4950362204 0.00919610016003
v -0.0471040829602 -0.492351328547 0.00788098671966
f 1003 1005 1007
f 1003 1007 1006
f 1003 1006 1008
f 1003 1008 1005
f 1004 1007 1005
f 1004 1006 1007
f 1004 1008 1006
f 1004 1005 1008
v -0.0457625203618 -0.494131352046 0.0086786818476
v -0.0487497362477 -0.493854691151 0.0086786818476
v -0.0471998642429 -0.493385516518 0.0100490000341
v -0.0473123923665 -0.494600526679 0.00730836366114
v -0.0473824994566 -0.49535750035 0.00928878681222
v -0.0471297571529 -0.492628542847 0.00806857688299
f 1009 1011 1013
f 1009 1013 1012
f 1009 1012 1014
f 1009 1014 1011
f 1010 1013 1011
f 1010 1012 1013
f 1010 1014 1012
f 1010 1011 1014
v -0.045790669268 -0.494435286796 0.00880824661838
v -0.048777885154 -0.494158625901 0.00880824661838
v -0.0472324577133 -0.493737440965 0.0101990224002
v -0.0473360967086 -0.494856471732 0.00741747083653
v -0.0474125349684 -0.495681805518 0.00937015650851
v -0.0471560194536 -0.492912107179 0.00824633672826
f 1015 1017 1019
f 1015 1019 1018
f 1015 1018 1020
f 1015 1020 1017
f 1016 1019 1017
f 1016 1018 1019
f 1016 1020 1018
f 1016 1017 1020
v -0.0458192180234 -0.494743538874 0.00892707989747
v -0.0488064339094 -0.494466877979 0.00892707989747
v -0.0472655141669 -0.494094364423 0.0103366188286
v -0.0473601377658 -0.495116052429 0.00751754096629
v -0.047442814067 -0.496008740789 0.00944011011245
v -0.0471828378657 -0.493201676064 0.00841404968248
f 1021 1023 1025
f 1021 1025 1024
f 1021 1024 1026
f 1021 1026 1023
f 1022 1025 1023
f 1022 1024 1025
f 1022 1026 1024
f 1022 1023 1026
v -0.0458481318457 -0.495055732721 0.0090350369048
v -0.0488353477316 -0.494779071826 0.0090350369048
v -0.0472989933296 -0.494455852036 0.0104616216792
v -0.0473844862477 -0.495378952511 0.00760845213036
v -0.047473299862 -0.496337907841 0.00949856239637
v -0.0472101797153 -0.493496896707 0.00857151141324
f 1027 1029 1031
f 1027 1031 1030
f 1027 1030 1032
f 1027 1032 1029
f 1028 1031 1029
f 1028 1030 1031
f 1028 1032 1030
f 1028 1029 1032
v -0.0458773755078 -0.495371487979 0.00913198611141
v -0.0488645913938 -0.495094827084 0.00913198611141
v -0.047332854412 -0.494821463387 0.0105738786553
v -0.0474091124895 -0.495644851675 0.00769009356751
v -0.0475039552112 -0.496668905636 0.00954544214514
v -0.0472380116903 -0.493797409427 0.00871853007769
f 1033 1035 1037
f 1033 1037 1036
f 1033 1036 1038
f 1033 1038 1035
f 1034 1037 1035
f 1034 1036 1037
f 1034 1038 1036
f 1034 1035 1038
v -0.0459069133809 -0.495690419947 0.00921780939962
v -0.0488941292668 -0.495413759052 0.00921780939962
v -0.0473670561598 -0.495190753035 0.010673252989
v -0.0474339864879 -0.495913425964 0.00776236581021
v -0.0475347427658 -0.497001330903 0.00958069224302
v -0.0472662998819 -0.494102848096 0.00885492655622
f 1039 1041 1043
f 1039 1043 1042
f 1039 1042 1044
f 1039 1044 1041
f 1040 1043 1041
f 1040 1042 1043
f 1040 1044 1042
f 1040 1041 1044
v -0.0459367094775 -0.496012140056 0.00929240220697
v -0.0489239253635 -0.495735479161 0.00929240220697
v -0.0474015569033 -0.495563271056 0.0107596236081
v -0.0474590779377 -0.496184348162 0.00782518080587
v -0.0475656250157 -0.497334778635 0.0096042697432
v -0.0472950098253 -0.494412840583 0.00898053467074
f 1045 1047 1049
f 1045 1049 1048
f 1045 1048 1050
f 1045 1050 1047
f 1046 1049 1047
f 1046 1048 1049
f 1046 1050 1048
f 1046 1047 1050
v -0.0459667274959 -0.49633625634 0.00935567365362
v -0.0489539433818 -0.496059595446 0.00935567365362
v -0.0474363146087 -0.495938563596 0.0108328852831
v -0.047484356269 -0.49645728819 0.0078784620241
v -0.0475965643359 -0.497668842575 0.00961614592012
v -0.0473241065418 -0.494727009211 0.00909520138712
f 1051 1053 1055
f 1051 1055 1054
f 1051 1054 1056
f 1051 1056 1053
f 1052 1055 1053
f 1052 1054 1055
f 1052 1056 1054
f 1052 1053 1056
v -0.0459969308635 -0.496662373914 0.00940754665304
v -0.0489841467495 -0.496385713019 0.00940754665304
v -0.0474712869292 -0.496316173417 0.0108929487562
v -0.0475097906838 -0.496731913515 0.00792214454993
v -0.0476275230315 -0.498003115719 0.00961630630449
v -0.0473535545815 -0.495044971213 0.0091987870016
f 1057 1059 1061
f 1057 1061 1060
f 1057 1060 1062
f 1057 1062 1059
f 1058 1061 1059
f 1058 1060 1061
f 1058 1062 1060
f 1058 1059 1062
v -0.0460272827823 -0.496990095452 0.009447958006
v -0.0490144986683 -0.496713434557 0.009447958006
v -0.0475064312562 -0.496695640461 0.0109397408491
v -0.0475353501944 -0.497007889547 0.00795617516295
v -0.047658463384 -0.498337190807 0.0096047507009
v -0.0473833180666 -0.495366339202 0.0092911653111
f 1063 1065 1067
f 1063 1067 1066
f 1063 1066 1068
f 1063 1068 1065
f 1064 1067 1065
f 1064 1066 1067
f 1064 1068 1066
f 1064 1065 1068
v -0.0460577462731 -0.497319021677 0.00947685847747
v -0.0490449621591 -0.497042360782 0.00947685847747
v -0.0475417047719 -0.497076502406 0.0109732045529
v -0.0475610036603 -0.497284880053 0.00798051240208
v -0.0476893476975 -0.498670660819 0.00958149318808
v -0.0474133607347 -0.49569072164 0.00937222376685
f 1069 1071 1073
f 1069 1073 1072
f 1069 1072 1074
f 1069 1074 1071
f 1070 1073 1071
f 1070 1072 1073
f 1070 1074 1072
f 1070 1071 1074
v -0.0460882842209 -0.497648751843 0.00949421285668
v -0.0490755001069 -0.497372090948 0.00949421285668
v -0.0475770645009 -0.49745829523 0.0109932990972
v -0.0475867198269 -0.497562547561 0.00799512661615
v -0.0477201383441 -0.499003119473 0.00954656210174
v -0.0474436459837 -0.496017723318 0.00944186361163
f 1075 1077 1079
f 1075 1079 1078
f 1075 1078 1080
f 1075 1080 1077
f 1076 1079 1077
f 1076 1078 1079
f 1076 1080 1078
f 1076 1077 1080
v -0.0461188594199 -0.497978884224 0.0095
v -0.0491060753058 -0.497702223329 0.0095
v -0.0476124673628 -0.497840553777 0.011
v -0.0476124673628 -0.497840553777 0.008
v -0.0477507978102 -0.49933416172 0.0095
v -0.0474741369155 -0.496346945834 0.0095
f 1081 1083 1085
f 1081 1085 1084
f 1081 1084 1086
f 1081 1086 1083
f 1082 1085 1083
f 1082 1084 1085
f 1082 1086 1084
f 1082 1083 1086
v -0.0461494346188 -0.498309016606 0.00949421285668
v -0.0491366505048 -0.498032355711 0.00949421285668
v -0.0476478702248 -0.498222812324 0.0109932990972
v -0.0476382148988 -0.498118559993 0.00799512661615
v -0.047781288742 -0.499663384236 0.00944186361163
v -0.0475047963816 -0.496677988081 0.00954656210174
f 1087 1089 1091
f 1087 1091 1090
f 1087 1090 1092
f 1087 1092 1089
f 1088 1091 1089
f 1088 1090 1091
f 1088 1092 1090
f 1088 1089 1092
v -0.0461799725666 -0.498638746771 0.00947685847747
v -0.0491671884526 -0.498362085877 0.00947685847747
v -0.0476832299538 -0.498604605147 0.0109732045529
v -0.0476639310654 -0.498396227501 0.00798051240208
v -0.047811573991 -0.499990385913 0.00937222376685
v -0.0475355870282 -0.497010446735 0.00958149318808
f 1093 1095 1097
f 1093 1097 1096
f 1093 1096 1098
f 1093 1098 1095
f 1094 1097 1095
f 1094 1096 1097
f 1094 1098 1096
f 1094 1095 1098
v -0.0462104360574 -0.498967672997 0.009447958006
v -0.0491976519434 -0.498691012102 0.009447958006
v -0.0477185034695 -0.498985467092 0.0109397408491
v -0.0476895845313 -0.498673218006 0.00795617516295
v -0.0478416166591 -0.500314768352 0.0092911653111
v -0.0475664713417 -0.497343916747 0.0096047507009
f 1099 1101 1103
f 1099 1103 1102
f 1099 1102 1104
f 1099 1104 1101
f 1100 1103 1101
f 1100 1102 1103
f 1100 1104 1102
f 1100 1101 1104
v -0.0462407879762 -0.499295394535 0.00940754665304
v -0.0492280038622 -0.49901873364 0.00940754665304
v -0.0477536477965 -0.499364934136 0.0108929487562
v -0.0477151440419 -0.498949194038 0.00792214454993
v -0.0478713801442 -0.500636136341 0.0091987870016
v -0.0475974116942 -0.497677991834 0.00961630630449
f 1105 1107 1109
f 1105 1109 1108
f 1105 1108 1110
f 1105 1110 1107
f 1106 1109 1107
f 1106 1108 1109
f 1106 1110 1108
f 1106 1107 1110
v -0.0462709913439 -0.499621512108 0.00935567365362
v -0.0492582072298 -0.499344851213 0.00935567365362
v -0.0477886201169 -0.499742543958 0.0108328852831
v -0.0477405784567 -0.499223819363 0.0078784620241
v -0.0479008281839 -0.500954098343 0.00909520138712
v -0.0476283703898 -0.498012264978 0.00961614592012
f 1111 1113 1115
f 1111 1115 1114
f 1111 1114 1116
f 1111 1116 1113
f 1112 1115 1113
f 1112 1114 1115
f 1112 1116 1114
f 1112 1113 1116
v -0.0463010093622 -0.499945628392 0.00929240220697
v -0.0492882252481 -0.499668967497 0.00929240220697
v -0.0478233778224 -0.500117836498 0.0107596236081
v -0.047765856788 -0.499496759392 0.00782518080587
v -0.0479299249004 -0.501268266971 0.00898053467074
v -0.0476593097099 -0.498346328919 0.0096042697432
f 1117 1119 1121
f 1117 1121 1120
f 1117 1120 1122
f 1117 1122 1119
f 1118 1121 1119
f 1118 1120 1121
f 1118 1122 1120
f 1118 1119 1122
v -0.0463308054589 -0.500267348502 0.00921780939962
v -0.0493180213448 -0.499990687607 0.00921780939962
v -0.0478578785659 -0.500490354519 0.010673252989
v -0.0477909482378 -0.499767681589 0.00776236581021
v -0.0479586348438 -0.501578259458 0.00885492655622
v -0.0476901919599 -0.49867977665 0.00958069224302
f 1123 1125 1127
f 1123 1127 1126
f 1123 1126 1128
f 1123 1128 1125
f 1124 1127 1125
f 1124 1126 1127
f 1124 1128 1126
f 1124 1125 1128
v -0.0463603433319 -0.50058628047 0.00913198611141
v -0.0493475592179 -0.500309619575 0.00913198611141
v -0.0478920803137 -0.500859644166 0.0105738786553
v -0.0478158222362 -0.500036255878 0.00769009356751
v -0.0479869230354 -0.501883698127 0.00871853007769
v -0.0477209795145 -0.499012201918 0.00954544214514
f 1129 1131 1133
f 1129 1133 1132
f 1129 1132 1134
f 1129 1134 1131
f 1130 1133 1131
f 1130 1132 1133
f 1130 1134 1132
f 1130 1131 1134
v -0.0463895869941 -0.500902035727 0.0090350369048
v -0.04937680288 -0.500625374832 0.0090350369048
v -0.0479259413961 -0.501225255517 0.0104616216792
v -0.047840448478 -0.500302155042 0.00760845213036
v -0.0480147550104 -0.502184210847 0.00857151141324
v -0.0477516348636 -0.499343199713 0.00949856239637
f 1135 1137 1139
f 1135 1139 1138
f 1135 1138 1140
f 1135 1140 1137
f 1136 1139 1137
f 1136 1138 1139
f 1136 1140 1138
f 1136 1137 1140
v -0.0464185008163 -0.501214229575 0.00892707989747
v -0.0494057167023 -0.50093756868 0.00892707989747
v -0.0479594205588 -0.50158674313 0.0103366188286
v -0.0478647969599 -0.500565055125 0.00751754096629
v -0.04804209686 -0.50247943149 0.00841404968248
v -0.0477821206587 -0.499672366765 0.00944011011245
f 1141 1143 1145
f 1141 1145 1144
f 1141 1144 1146
f 1141 1146 1143
f 1142 1145 1143
f 1142 1144 1145
f 1142 1146 1144
f 1142 1143 1146
v -0.0464470495717 -0.501522481652 0.00880824661838
v -0.0494342654577 -0.501245820758 0.00880824661838
v -0.0479924770124 -0.501943666589 0.0101990224002
v -0.047888838017 -0.500824635822 0.00741747083653
v -0.0480689152721 -0.502769000375 0.00824633672826
v -0.0478123997573 -0.499999302035 0.00937015650851
f 1147 1149 1151
f 1147 1151 1150
f 1147 1150 1152
f 1147 1152 1149
f 1148 1151 1149
f 1148 1150 1151
f 1148 1152 1150
f 1148 1149 1152
v -0.046475198478 -0.501826416403 0.0086786818476
v -0.0494624143639 -0.501549755508 0.0086786818476
v -0.0480250704828 -0.502295591036 0.0100490000341
v -0.0479125423591 -0.501080580874 0.00730836366114
v -0.0480951775728 -0.503052564707 0.00806857688299
v -0.0478424352691 -0.500323607203 0.00928878681222
f 1153 1155 1157
f 1153 1157 1156
f 1153 1156 1158
f 1153 1158 1155
f 1154 1157 1155
f 1154 1156 1157
f 1154 1158 1156
f 1154 1155 1158
v -0.04650291324 -0.502125663527 0.00853854343984
v -0.0494901291259 -0.501849002633 0.00853854343984
v -0.0480571612598 -0.502642087707 0.00988673450929
v -0.0479358811061 -0.501332578453 0.00719035237039
v -0.0481208517655 -0.503329779007 0.00788098671966
v -0.0478721906004 -0.500644887153 0.00919610016003
f 1159 1161 1163
f 1159 1163 1162
f 1159 1162 1164
f 1159 1164 1161
f 1160 1163 1161
f 1160 1162 1163
f 1160 1164 1162
f 1160 1161 1164
v -0.0465301600915 -0.50241985844 0.00838800213216
v -0.0495173759775 -0.502143197546 0.00838800213216
v -0.0480887102458 -0.502982734448 0.00971242352145
v -0.0479588258232 -0.501580321538 0.00706358074287
v -0.0481459065701 -0.503600305531 0.00768379478798
v -0.047901629499 -0.500962750455 0.00909220947634
f 1165 1167 1169
f 1165 1169 1168
f 1165 1168 1170
f 1165 1170 1167
f 1166 1169 1167
f 1166 1168 1169
f 1166 1170 1168
f 1166 1167 1170
v -0.0465569058366 -0.50270864271 0.00822724133595
v -0.0495441217226 -0.502431981815 0.00822724133595
v -0.0481196790033 -0.503317116234 0.00952627944163
v -0.0479813485559 -0.501823508291 0.00692820323028
v -0.0481703114611 -0.503863814685 0.00747724133595
v -0.047930716098 -0.501276809841 0.00897724133595
f 1171 1173 1175
f 1171 1175 1174
f 1171 1174 1176
f 1171 1176 1173
f 1172 1175 1173
f 1172 1174 1175
f 1172 1176 1174
f 1172 1173 1176
v -0.0465831178896 -0.502991664498 0.00805645691349
v -0.0495703337755 -0.502715003603 0.00805645691349
v -0.0481500298015 -0.503644825673 0.00932852905772
v -0.0480034218637 -0.502061842428 0.00678438476925
v -0.0481940367051 -0.504119985423 0.00726157801714
v -0.04795941496 -0.501586682678 0.00885133580984
f 1177 1179 1181
f 1177 1181 1180
f 1177 1180 1182
f 1177 1182 1179
f 1178 1181 1179
f 1178 1180 1181
f 1178 1182 1180
f 1178 1179 1182
v -0.0466087643151 -0.503268578985 0.00787585693927
v -0.0495959802011 -0.502991918091 0.00787585693927
v -0.0481797256626 -0.5039654635 0.00911941329811
v -0.0480250188536 -0.502295033576 0.00663230058044
v -0.0482170533964 -0.504368505641 0.00703706758407
v -0.0479876911198 -0.501891991434 0.00871464629448
f 1183 1185 1187
f 1183 1187 1186
f 1183 1186 1188
f 1183 1188 1185
f 1184 1187 1185
f 1184 1186 1187
f 1184 1188 1186
f 1184 1185 1188
v -0.046633813867 -0.503539048794 0.00768566144656
v -0.049621029753 -0.503262387899 0.00768566144656
v -0.0482087304069 -0.504278639068 0.00889918693812
v -0.0480461132131 -0.502522797625 0.006472135955
v -0.0482393334928 -0.504609072556 0.00680398356812
v -0.0480155101272 -0.502192364138 0.008567339325
f 1189 1191 1193
f 1189 1193 1192
f 1189 1192 1194
f 1189 1194 1191
f 1190 1193 1191
f 1190 1192 1193
f 1190 1194 1192
f 1190 1191 1194
v -0.0466582360262 -0.503802744399 0.00748610215926
v -0.0496454519122 -0.503526083504 0.00748610215926
v -0.0482370086965 -0.504583970821 0.00866811828967
v -0.0480666792419 -0.502744857082 0.00630408602885
v -0.0482608498493 -0.504841393072 0.00656260994628
v -0.0480428380891 -0.502487434831 0.00840959437225
f 1195 1197 1199
f 1195 1199 1198
f 1195 1198 1200
f 1195 1200 1197
f 1196 1199 1197
f 1196 1198 1199
f 1196 1200 1198
f 1196 1197 1200
v -0.0466820010382 -0.504059344528 0.00727742220963
v -0.0496692169241 -0.503782683633 0.00727742220963
v -0.0482645260788 -0.50488108676 0.00842648887431
v -0.0480866918835 -0.502960941401 0.00612835554495
v -0.0482815762517 -0.505065184145 0.0063132407951
v -0.0480696417106 -0.502776844015 0.00824160362416
f 1201 1203 1205
f 1201 1205 1204
f 1201 1204 1206
f 1201 1206 1203
f 1202 1205 1203
f 1202 1204 1205
f 1202 1206 1204
f 1202 1203 1206
v -0.0467050799487 -0.504308536552 0.00705987584204
v -0.0496922958347 -0.504031875657 0.00705987584204
v -0.0482912490279 -0.505169624893 0.00817459308025
v -0.0481061267556 -0.503170787316 0.00594515860382
v -0.0483014874479 -0.505280173118 0.0060561799325
v -0.0480958883355 -0.50306023909 0.00806357175157
f 1207 1209 1211
f 1207 1211 1210
f 1207 1210 1212
f 1207 1212 1209
f 1208 1211 1209
f 1208 1210 1211
f 1208 1212 1210
f 1208 1209 1212
v -0.0467274446399 -0.504550016869 0.00683372810322
v -0.0497146605259 -0.504273355975 0.00683372810322
v -0.0483171449861 -0.505449233682 0.00791273780373
v -0.0481249601797 -0.503374139162 0.00575471840271
v -0.0483205591793 -0.505486098061 0.00579174054753
v -0.0481215459865 -0.503337274783 0.00787571565891
f 1213 1215 1217
f 1213 1217 1216
f 1213 1216 1218
f 1213 1218 1215
f 1214 1217 1215
f 1214 1216 1217
f 1214 1218 1216
f 1214 1215 1218
v -0.0467490678638 -0.504783491274 0.00659925451936
v -0.0497362837497 -0.504506830379 0.00659925451936
v -0.0483421824032 -0.505719572466 0.00764124207505
v -0.0481431692103 -0.503570749187 0.00555726696367
v -0.0483387682099 -0.505682708087 0.00552024481885
v -0.0481465834036 -0.503607613567 0.00767826421987
f 1219 1221 1223
f 1219 1223 1222
f 1219 1222 1224
f 1219 1224 1221
f 1220 1223 1221
f 1220 1222 1223
f 1220 1224 1222
f 1220 1221 1224
v -0.0467699232757 -0.505008675314 0.00635674076041
v -0.0497571391616 -0.504732014419 0.00635674076041
v -0.0483663307749 -0.50598031188 0.00736043666995
v -0.0481607316625 -0.503760377852 0.00535304485087
v -0.0483560923548 -0.505869763655 0.00524202352219
v -0.0481709700825 -0.503870926078 0.00747145799863
f 1225 1227 1229
f 1225 1229 1228
f 1225 1228 1230
f 1225 1230 1227
f 1226 1229 1227
f 1226 1228 1229
f 1226 1230 1228
f 1226 1227 1230
v -0.0467899854666 -0.505225294635 0.00610648229202
v -0.0497772013526 -0.504948633741 0.00610648229202
v -0.0483895606801 -0.506231134253 0.00707066370655
v -0.048177626139 -0.503942794123 0.00514230087749
v -0.0483725105072 -0.506047036867 0.00495741562734
v -0.048194676312 -0.504126891508 0.0072555489567
f 1231 1233 1235
f 1231 1235 1234
f 1231 1234 1236
f 1231 1236 1233
f 1232 1235 1233
f 1232 1234 1235
f 1232 1236 1234
f 1232 1233 1236
v -0.0468092299938 -0.505433085322 0.00584878401559
v -0.0497964458797 -0.505156424427 0.00584878401559
v -0.0484118438169 -0.506471733996 0.00677227622858
v -0.0481938320567 -0.504117775754 0.00492529180261
v -0.0483880026641 -0.506214311745 0.00466676788518
v -0.0482176732094 -0.504375198005 0.007030800146
f 1237 1239 1241
f 1237 1241 1240
f 1237 1240 1242
f 1237 1242 1239
f 1238 1241 1239
f 1238 1240 1241
f 1238 1242 1240
f 1238 1239 1242
v -0.0468276334108 -0.505631794213 0.00558395989678
v -0.0498148492967 -0.505355133318 0.00558395989678
v -0.0484331530365 -0.506701817975 0.00646563777522
v -0.048209329671 -0.504285109557 0.00470228201834
v -0.0484025499507 -0.506371384487 0.00437043440522
v -0.0482399327568 -0.504615543044 0.00679748538834
f 1243 1245 1247
f 1243 1247 1246
f 1243 1246 1248
f 1243 1248 1245
f 1244 1247 1245
f 1244 1246 1247
f 1244 1248 1246
f 1244 1245 1248
v -0.0468451732959 -0.505821179212 0.00531233258297
v -0.0498323891818 -0.505544518318 0.00531233258297
v -0.0484534623771 -0.506921105868 0.00615112193818
v -0.0482241001005 -0.504444591662 0.00447354322777
v -0.0484161346433 -0.506518063727 0.00406877622414
v -0.0482614278343 -0.504847633803 0.0065558889418
f 1249 1251 1253
f 1249 1253 1252
f 1249 1252 1254
f 1249 1254 1251
f 1250 1253 1251
f 1250 1252 1253
f 1250 1254 1252
f 1250 1251 1254
v -0.0468618282793 -0.506001009583 0.00503423301022
v -0.0498490441653 -0.505724348688 0.00503423301022
v -0.0484727470949 -0.507129330508 0.00582911190657
v -0.0482381253498 -0.504596027763 0.00423935411387
v -0.0484287401912 -0.506654170758 0.00376216086598
v -0.0482821322534 -0.505071187513 0.00630630515445
f 1255 1257 1259
f 1255 1259 1258
f 1255 1258 1260
f 1255 1260 1257
f 1256 1259 1257
f 1256 1258 1259
f 1256 1260 1258
f 1256 1257 1260
v -0.0468775780697 -0.50617106623 0.00475
v -0.0498647939557 -0.505894405335 0.00475
v -0.0484909836943 -0.507326238204 0.0055
v -0.0482513883311 -0.50473923336 0.004
v -0.0484403512364 -0.506779539754 0.00345096189432
v -0.048302020789 -0.505285931811 0.00604903810568
f 1261 1263 1265
f 1261 1265 1264
f 1261 1264 1266
f 1261 1266 1263
f 1262 1265 1263
f 1262 1264 1265
f 1262 1266 1264
f 1262 1263 1266
v -0.0468924034783 -0.506331141964 0.00445997984647
v -0.0498796193642 -0.50605448107 0.00445997984647
v -0.0485081499568 -0.507511589055 0.00516418719064
v -0.0482638728857 -0.504874033979 0.00375577250229
v -0.0484509536326 -0.506894017972 0.00313555845718
v -0.04832106921 -0.505491605062 0.00578440123575
f 1267 1269 1271
f 1267 1271 1270
f 1267 1270 1272
f 1267 1272 1269
f 1268 1271 1269
f 1268 1270 1271
f 1268 1272 1270
f 1268 1269 1272
v -0.0469062864426 -0.50648104176 0.0041645258945
v -0.0498935023285 -0.506204380865 0.0041645258945
v -0.0485242249681 -0.507685157239 0.00482208261468
v -0.048275563803 -0.505000265386 0.00350696917431
v -0.0484605344624 -0.506997465939 0.00281633482505
v -0.0483392543087 -0.505687956685 0.00551271696394
f 1273 1275 1277
f 1273 1277 1276
f 1273 1276 1278
f 1273 1278 1275
f 1274 1277 1275
f 1274 1276 1277
f 1274 1278 1276
f 1274 1275 1278
v -0.0469192100484 -0.506620582986 0.00386399810922
v -0.0499064259343 -0.506343922091 0.00386399810922
v -0.0485391891432 -0.50784673129 0.00447410307383
v -0.0482864468395 -0.505117773786 0.00325389314461
v -0.0484690820531 -0.507089757619 0.00249367992276
v -0.0483565539295 -0.505874747457 0.00523431629568
f 1279 1281 1283
f 1279 1283 1282
f 1279 1282 1284
f 1279 1284 1281
f 1280 1283 1281
f 1280 1282 1283
f 1280 1284 1282
f 1280 1281 1284
v -0.0469311585502 -0.506749595633 0.00355876263745
v -0.0499183744361 -0.506472934738 0.00355876263745
v -0.0485530242505 -0.507996114355 0.00412067252758
v -0.0482965087357 -0.505226416016 0.00299685274733
v -0.0484765859908 -0.507170780569 0.0021679868556
v -0.0483729469955 -0.506051749802 0.0049495384193
f 1285 1287 1289
f 1285 1289 1288
f 1285 1288 1290
f 1285 1290 1287
f 1286 1289 1287
f 1286 1288 1289
f 1286 1290 1288
f 1286 1287 1290
v -0.0469421173906 -0.506867922519 0.00324919136159
v -0.0499293332766 -0.506591261624 0.00324919136159
v -0.0485657134342 -0.508133124434 0.00376222157658
v -0.0483057372329 -0.505326059709 0.00273616114661
v -0.048483037133 -0.507240436074 0.00183965243041
v -0.0483884135341 -0.506218748069 0.00465873029277
f 1291 1293 1295
f 1291 1295 1294
f 1291 1294 1296
f 1291 1296 1293
f 1292 1295 1293
f 1292 1294 1295
f 1292 1296 1294
f 1292 1293 1296
v -0.046952073218 -0.506975419482 0.00293566144656
v -0.049939289104 -0.506698758587 0.00293566144656
v -0.0485772412344 -0.508257594601 0.00339918693812
v -0.0483141210876 -0.505416583467 0.002472135955
v -0.0484884276201 -0.507298639272 0.00150907667212
v -0.0484029347019 -0.506375538797 0.004362246221
f 1297 1299 1301
f 1297 1301 1300
f 1297 1300 1302
f 1297 1302 1299
f 1298 1301 1299
f 1298 1300 1301
f 1298 1302 1300
f 1298 1299 1302
v -0.0469610139028 -0.507071955552 0.00261855488026
v -0.0499482297887 -0.506795294657 0.00261855488026
v -0.0485875936062 -0.508369373209 0.00303201091399
v -0.0483216500853 -0.505497877 0.00220509884654
v -0.0484927508845 -0.507345319248 0.00117666233635
v -0.048416492807 -0.50652193096 0.00406044742417
f 1303 1305 1307
f 1303 1307 1306
f 1303 1306 1308
f 1303 1308 1305
f 1304 1307 1305
f 1304 1306 1307
f 1304 1308 1306
f 1304 1305 1308
v -0.046968928552 -0.507157413115 0.0022982580082
v -0.049956144438 -0.50688075222 0.0022982580082
v -0.0485967579369 -0.508468324071 0.0026611408516
v -0.0483283150531 -0.505569841264 0.0019353751648
v -0.048496001659 -0.507380419132 0.000842814418783
v -0.0484290713309 -0.506657746203 0.00375370159761
f 1309 1311 1313
f 1309 1313 1312
f 1309 1312 1314
f 1309 1314 1311
f 1310 1313 1311
f 1310 1312 1313
f 1310 1314 1312
f 1310 1311 1314
v -0.0469758075229 -0.507231688055 0.00197516106277
v -0.0499630234089 -0.50695502716 0.00197516106277
v -0.0486047230611 -0.508554326633 0.002287028599
v -0.0483341078707 -0.505632388581 0.00166329352654
v -0.0484981759831 -0.50740389616 0.000507939661668
v -0.0484406549487 -0.506782819054 0.00344238246387
f 1315 1317 1319
f 1315 1319 1318
f 1315 1318 1320
f 1315 1320 1317
f 1316 1319 1317
f 1316 1318 1319
f 1316 1320 1318
f 1316 1317 1320
v -0.0470043472508 -0.507539842659 -0.00169306973225
v -0.0499915631368 -0.507263181764 -0.00169306973225
v -0.0486341840908 -0.508872428893 -0.00195354199875
v -0.0483617262967 -0.505930595529 -0.00143259746575
v -0.0484739343637 -0.507142149914 -0.00317028136177
v -0.0485219760239 -0.507660874509 -0.000215858102734
f 1321 1323 1325
f 1321 1325 1324
f 1321 1324 1326
f 1321 1326 1323
f 1322 1325 1323
f 1322 1324 1325
f 1322 1326 1324
f 1322 1323 1326
v -0.0469983587888 -0.507475182892 -0.00202713898547
v -0.0499855746748 -0.507198521997 -0.00202713898547
v -0.048627274327 -0.508797821471 -0.0023390065217
v -0.0483566591366 -0.505875883419 -0.00171527144925
v -0.0484632062146 -0.507026313892 -0.00349436038657
v -0.048520727249 -0.507647390998 -0.000559917584372
f 1327 1329 1331
f 1327 1331 1330
f 1327 1330 1332
f 1327 1332 1329
f 1328 1331 1329
f 1328 1330 1331
f 1328 1332 1330
f 1328 1329 1332
v -0.0469912987923 -0.507398953349 -0.0023587384821
v -0.0499785146783 -0.507122292454 -0.0023587384821
v -0.0486191281772 -0.508709864305 -0.0027216213255
v -0.0483506852934 -0.505811381498 -0.0019958556387
v -0.0484514415712 -0.506899286437 -0.00381418207151
v -0.0485183718993 -0.507621959366 -0.000903294892683
f 1333 1335 1337
f 1333 1337 1336
f 1333 1336 1338
f 1333 1338 1335
f 1334 1337 1335
f 1334 1336 1337
f 1334 1338 1336
f 1334 1335 1338
v -0.0469831758628 -0.507311246902 -0.00268746421922
v -0.0499703917488 -0.507034586008 -0.00268746421922
v -0.0486097555663 -0.508608664559 -0.00310092025294
v -0.0483438120454 -0.505737168351 -0.00227400818549
v -0.0484386547671 -0.506761222311 -0.00412935676312
v -0.0485149128446 -0.507584610599 -0.00124557167531
f 1339 1341 1343
f 1339 1343 1342
f 1339 1342 1344
f 1339 1344 1341
f 1340 1343 1341
f 1340 1342 1343
f 1340 1344 1342
f 1340 1341 1344
v -0.0469739998969 -0.507212170409 -0.00301291569516
v -0.0499612157829 -0.506935509515 -0.00301291569516
v -0.0485991679133 -0.508494345529 -0.00347644118672
v -0.0483360477665 -0.505653334395 -0.00254939020359
v -0.0484248613808 -0.506612289725 -0.0044395004696
v -0.048510354299 -0.507535390199 -0.00158633092071
f 1345 1347 1349
f 1345 1349 1348
f 1345 1348 1350
f 1345 1350 1347
f 1346 1349 1347
f 1346 1348 1349
f 1346 1350 1348
f 1346 1347 1350
v -0.046963782074 -0.50710184458 -0.00333469639743
v -0.04995099796 -0.506825183685 -0.00333469639743
v -0.0485873781177 -0.508367046495 -0.00384772661241
v -0.0483274019164 -0.50555998177 -0.00282166618244
v -0.0484100782176 -0.506452670129 -0.0047442353286
v -0.0485047018165 -0.507474358135 -0.00192515746625
f 1351 1353 1355
f 1351 1355 1354
f 1351 1354 1356
f 1351 1356 1353
f 1352 1355 1353
f 1352 1354 1355
f 1352 1356 1354
f 1352 1353 1356
v -0.0469525348431 -0.506980403828 -0.00365241428581
v -0.049939750729 -0.506703742933 -0.00365241428581
v -0.0485744005434 -0.50822692255 -0.00421432417593
v -0.0483178850286 -0.505457224211 -0.00309050439568
v -0.0483943232884 -0.506282557997 -0.00504319006766
v -0.0484979622837 -0.507401588764 -0.00226163850395
f 1357 1359 1361
f 1357 1361 1360
f 1357 1360 1362
f 1357 1362 1359
f 1358 1361 1359
f 1358 1360 1361
f 1358 1362 1360
f 1358 1359 1362
v -0.046940271907 -0.506847996111 -0.00396568226999
v -0.0499274877929 -0.506571335216 -0.00396568226999
v -0.0485602510018 -0.508074144415 -0.0045757872346
v -0.0483075086981 -0.505345186912 -0.00335557730538
v -0.0483776157882 -0.506102160583 -0.00533600045645
v -0.0484901439118 -0.507317170744 -0.00259536408353
f 1363 1365 1367
f 1363 1367 1366
f 1363 1366 1368
f 1363 1368 1365
f 1364 1367 1365
f 1364 1366 1367
f 1364 1368 1366
f 1364 1365 1368
v -0.0469270082063 -0.506704782747 -0.00427411868119
v -0.0499142240923 -0.506428121853 -0.00427411868119
v -0.0485449467319 -0.507908898227 -0.00493167540138
v -0.0482962855668 -0.505224006373 -0.00361656196101
v -0.0483599760725 -0.505911697673 -0.00562230975064
v -0.0484812562262 -0.507221206927 -0.00292592761174
f 1369 1371 1373
f 1369 1373 1372
f 1369 1372 1374
f 1369 1374 1371
f 1370 1373 1371
f 1370 1372 1373
f 1370 1374 1372
f 1370 1371 1374
v -0.0469127599009 -0.506550938221 -0.00457734773716
v -0.0498999757868 -0.506274277326 -0.00457734773716
v -0.0485285063794 -0.507731385311 -0.00528155508134
v -0.0482842293083 -0.505093830235 -0.00387314039298
v -0.0483414256325 -0.505711401318 -0.00590176912645
v -0.0484713100552 -0.507113814228 -0.00325292634787
f 1375 1377 1379
f 1375 1379 1378
f 1375 1378 1380
f 1375 1380 1377
f 1376 1379 1377
f 1376 1378 1379
f 1376 1380 1378
f 1376 1377 1380
v -0.04689754435 -0.506386649967 -0.004875
v -0.0498847602359 -0.506109989072 -0.004875
v -0.0485109499745 -0.507541821941 -0.005625
v -0.0482713546114 -0.504954817097 -0.004125
v -0.0483219870693 -0.505501515548 -0.00617403810568
v -0.0484603175167 -0.506995123491 -0.00357596189432
f 1381 1383 1385
f 1381 1385 1384
f 1381 1384 1386
f 1381 1386 1383
f 1382 1385 1383
f 1382 1384 1385
f 1382 1386 1384
f 1382 1383 1386
v -0.0468813800914 -0.506212118145 -0.00516671282627
v -0.0498685959774 -0.50593545725 -0.00516671282627
v -0.048492298907 -0.50734043907 -0.00596159172262
v -0.0482576771619 -0.504807136325 -0.00437183392992
v -0.0483016840655 -0.505282296075 -0.00643878497051
v -0.0484482920033 -0.50686527932 -0.00389464068204
f 1387 1389 1391
f 1387 1391 1390
f 1387 1390 1392
f 1387 1392 1389
f 1388 1391 1389
f 1388 1390 1391
f 1388 1392 1390
f 1388 1389 1392
v -0.0468642868189 -0.506027555396 -0.00545213080884
v -0.0498515027049 -0.505750894501 -0.00545213080884
v -0.0484725759002 -0.507127482052 -0.00629092016405
v -0.0482432136236 -0.504650967845 -0.00461334145363
v -0.0482805413574 -0.505054009987 -0.00669568716767
v -0.0484352481664 -0.506724439911 -0.00420857445001
f 1393 1395 1397
f 1393 1397 1396
f 1393 1396 1398
f 1393 1398 1395
f 1394 1397 1395
f 1394 1396 1397
f 1394 1398 1396
f 1394 1395 1398
v -0.0468462853579 -0.505833186581 -0.00573090620985
v -0.0498335012439 -0.505556525687 -0.00573090620985
v -0.0484518049837 -0.506903210343 -0.00661258408829
v -0.0482279816181 -0.504486501925 -0.00484922833141
v -0.048258584704 -0.504816935412 -0.00694443170141
v -0.0484212018978 -0.506572776856 -0.00451738071829
f 1399 1401 1403
f 1399 1403 1402
f 1399 1402 1404
f 1399 1404 1401
f 1400 1403 1401
f 1400 1402 1403
f 1400 1404 1402
f 1400 1401 1404
v -0.0468273976405 -0.505629248509 -0.00600269938443
v -0.0498146135264 -0.505352587614 -0.00600269938443
v -0.0484300114635 -0.506667897182 -0.00692619159741
v -0.0482119997034 -0.504313938941 -0.00507920717144
v -0.0482358408561 -0.504571361192 -0.00718471551484
v -0.0484061703108 -0.506410474931 -0.00482068325402
f 1405 1407 1409
f 1405 1409 1408
f 1405 1408 1410
f 1405 1410 1407
f 1406 1409 1407
f 1406 1408 1409
f 1406 1410 1408
f 1406 1407 1410
v -0.0468076466784 -0.505415989646 -0.00626717919444
v -0.0497948625643 -0.505139328751 -0.00626717919444
v -0.0484072218919 -0.506421829264 -0.00723136060897
v -0.0481952873508 -0.504133489134 -0.00530299777991
v -0.0482123375237 -0.504317586519 -0.00741624585912
v -0.048390171719 -0.506237731878 -0.00511811252977
f 1411 1413 1415
f 1411 1415 1414
f 1411 1414 1416
f 1411 1416 1413
f 1412 1415 1413
f 1412 1414 1415
f 1412 1416 1414
f 1412 1413 1416
v -0.0467870565351 -0.505193669816 -0.006524023412
v -0.049774272421 -0.504917008921 -0.006524023412
v -0.0483834640342 -0.506165306383 -0.00752771932154
v -0.0481778649219 -0.503945372354 -0.00552032750246
v -0.0481881033419 -0.50405592058 -0.00763874065021
v -0.0483732256142 -0.506054758157 -0.00540930617378
f 1417 1419 1421
f 1417 1421 1420
f 1417 1420 1422
f 1417 1422 1419
f 1418 1421 1419
f 1418 1420 1421
f 1418 1422 1420
f 1418 1419 1422
v -0.0467656522965 -0.504962559881 -0.00677291911198
v -0.0497528681825 -0.504685898986 -0.00677291911198
v -0.0483587668359 -0.505898641073 -0.00781490666766
v -0.0481597536431 -0.503749817794 -0.00573093155629
v -0.0481631678363 -0.503786682174 -0.00785192881248
v -0.0483553526426 -0.505861776693 -0.00569390941147
f 1423 1425 1427
f 1423 1427 1426
f 1423 1426 1428
f 1423 1428 1425
f 1424 1427 1425
f 1424 1426 1427
f 1424 1428 1426
f 1424 1425 1428
v -0.0467434600405 -0.504722941413 -0.0070135630533
v -0.0497306759264 -0.504446280518 -0.0070135630533
v -0.0483331603866 -0.505622158225 -0.00809257275381
v -0.0481409755803 -0.503547063706 -0.00593455335279
v -0.048137561387 -0.503510199326 -0.00805555060899
v -0.0483365745798 -0.505659022605 -0.00597157549761
f 1429 1431 1433
f 1429 1433 1432
f 1429 1432 1434
f 1429 1434 1431
f 1430 1433 1431
f 1430 1432 1433
f 1430 1434 1432
f 1430 1431 1434
v -0.0467205068048 -0.50447510635 -0.0072456620484
v -0.0497077226907 -0.504198445455 -0.0072456620484
v -0.0483066758839 -0.505336194691 -0.00836037928662
v -0.0481215536116 -0.503337357114 -0.00613094481019
v -0.0481113151916 -0.503226808888 -0.00824935795794
v -0.0483169143039 -0.505446742916 -0.00624196613887
f 1435 1437 1439
f 1435 1439 1438
f 1435 1438 1440
f 1435 1440 1437
f 1436 1439 1437
f 1436 1438 1439
f 1436 1440 1438
f 1436 1437 1440
v -0.0466968205544 -0.504219356641 -0.00746893332041
v -0.0496840364404 -0.503942695746 -0.00746893332041
v -0.048279345595 -0.505041098873 -0.00861799998509
v -0.0481015113998 -0.503120953514 -0.00631986665573
v -0.0480844612269 -0.502936856128 -0.00843311473494
v -0.0482963957679 -0.505225196258 -0.00650475190588
f 1441 1443 1445
f 1441 1445 1444
f 1441 1444 1446
f 1441 1446 1443
f 1442 1445 1443
f 1442 1444 1445
f 1442 1446 1444
f 1442 1443 1446
v -0.0466724301475 -0.503956003877 -0.00768310484767
v -0.0496596460334 -0.503679342983 -0.00768310484767
v -0.0482512028178 -0.5047372303 -0.00886512097808
v -0.0480808733631 -0.50289811656 -0.00650108871726
v -0.0480570322103 -0.502640694309 -0.00860659706065
v -0.0482750439705 -0.504994652551 -0.00675961263468
f 1447 1449 1451
f 1447 1451 1450
f 1447 1450 1452
f 1447 1452 1449
f 1448 1451 1449
f 1448 1450 1451
f 1448 1452 1450
f 1448 1449 1452
v -0.0466473652998 -0.503685368914 -0.00788791569516
v -0.0496345811858 -0.50340870802 -0.00788791569516
v -0.0482222818397 -0.504424959189 -0.00910144118672
v -0.0480596646459 -0.502669117746 -0.00667439020359
v -0.04802906156 -0.502338684258 -0.00876959357359
v -0.0482528849256 -0.504755392676 -0.00700623781672
f 1453 1455 1457
f 1453 1457 1456
f 1453 1456 1458
f 1453 1458 1455
f 1454 1457 1455
f 1454 1456 1457
f 1454 1458 1456
f 1454 1455 1458
v -0.0466216565492 -0.503407781479 -0.00808311633241
v -0.0496088724352 -0.503131120584 -0.00808311633241
v -0.0481926178967 -0.504104665994 -0.00932667269124
v -0.0480379110877 -0.502434236069 -0.00683955997358
v -0.0480005833539 -0.502031193928 -0.00892190568762
v -0.0482299456305 -0.504507708135 -0.00724432697721
f 1459 1461 1463
f 1459 1463 1462
f 1459 1462 1464
f 1459 1464 1461
f 1460 1463 1461
f 1460 1462 1463
f 1460 1464 1462
f 1460 1461 1464
v -0.0465953352177 -0.503123579768 -0.00826846893753
v -0.0495825511037 -0.502846918874 -0.00826846893753
v -0.0481622471296 -0.503776740943 -0.00954054108176
v -0.0480156391918 -0.502193757699 -0.00699639679329
v -0.0479716322882 -0.501718597949 -0.00906334783387
v -0.0482062540333 -0.504251900693 -0.00747359004118
f 1465 1467 1469
f 1465 1469 1468
f 1465 1468 1470
f 1465 1470 1467
f 1466 1469 1467
f 1466 1468 1469
f 1466 1470 1468
f 1466 1467 1470
v -0.0465684333739 -0.502833110039 -0.0084437476869
v -0.0495556492598 -0.502556449144 -0.0084437476869
v -0.0481312065406 -0.503441583563 -0.00974278579257
v -0.0479928760932 -0.50194797562 -0.00714470958122
v -0.0479422436353 -0.50140127717 -0.0091937476869
v -0.0481818389984 -0.503988282013 -0.0076937476869
f 1471 1473 1475
f 1471 1475 1474
f 1471 1474 1476
f 1471 1476 1473
f 1472 1475 1473
f 1472 1474 1475
f 1472 1476 1474
f 1472 1473 1476
v -0.0465409837934 -0.502536726183 -0.00860873903037
v -0.0495281996794 -0.502260065288 -0.00860873903037
v -0.0480995339477 -0.503099602191 -0.00993316041966
v -0.0479696495251 -0.50169718928 -0.00728431764109
v -0.0479124532009 -0.501079618198 -0.00931294637455
v -0.0481567302719 -0.503717173273 -0.0079045316862
f 1477 1479 1481
f 1477 1481 1480
f 1477 1480 1482
f 1477 1482 1479
f 1478 1481 1479
f 1478 1480 1481
f 1478 1482 1480
f 1478 1479 1482
v -0.0465130199194 -0.502234789298 -0.00876324195142
v -0.0495002358054 -0.501958128404 -0.00876324195142
v -0.0480672679393 -0.502751213478 -0.0101114330209
v -0.0479459877856 -0.501441704224 -0.00741505088197
v -0.0478822972799 -0.500754012924 -0.0094207986716
v -0.048130958445 -0.503438904778 -0.00810568523123
f 1483 1485 1487
f 1483 1487 1486
f 1483 1486 1488
f 1483 1488 1485
f 1484 1487 1485
f 1484 1486 1487
f 1484 1488 1486
f 1484 1485 1488
v -0.0464845758216 -0.501927667249 -0.00890706821202
v -0.0494717917076 -0.501651006355 -0.00890706821202
v -0.0480344478264 -0.502396841883 -0.0102773863985
v -0.0479219197028 -0.501181831721 -0.00753675002555
v -0.0478518126127 -0.50042485805 -0.00951717317663
v -0.0481045549165 -0.503153815554 -0.0082969632474
f 1489 1491 1493
f 1489 1493 1492
f 1489 1492 1494
f 1489 1494 1491
f 1490 1493 1491
f 1490 1492 1493
f 1490 1494 1492
f 1490 1491 1494
v -0.0464556861547 -0.501615734216 -0.00904004258203
v -0.0494429020406 -0.501339073322 -0.00904004258203
v -0.0480011135953 -0.502036919152 -0.0104308183639
v -0.0478974746 -0.500917888386 -0.00764926680018
v -0.0478210363402 -0.500092554599 -0.00960195247215
v -0.0480775518551 -0.502862252939 -0.0084781326919
f 1495 1497 1499
f 1495 1499 1498
f 1495 1498 1500
f 1495 1500 1497
f 1496 1499 1497
f 1496 1498 1499
f 1496 1500 1498
f 1496 1497 1500
v -0.0464263861162 -0.501299370242 -0.00916200305266
v -0.0494136020022 -0.501022709347 -0.00916200305266
v -0.0479673058587 -0.501671883797 -0.0105715419838
v -0.0478726822598 -0.500650195792 -0.00775246412148
v -0.0477900059586 -0.499757507432 -0.00967503326765
v -0.0480499821599 -0.502564572157 -0.00864897283767
f 1501 1503 1505
f 1501 1505 1504
f 1501 1504 1506
f 1501 1506 1503
f 1502 1505 1503
f 1502 1504 1505
f 1502 1506 1504
f 1502 1503 1506
v -0.0463967114039 -0.500978960767 -0.00927280103388
v -0.0493839272899 -0.500702299872 -0.00927280103388
v -0.047933065806 -0.501302180557 -0.0106993858083
v -0.0478475728878 -0.500379080082 -0.00784621625944
v -0.0477587592735 -0.499420124752 -0.00973632652544
v -0.0480218794203 -0.502261135886 -0.00880927554232
f 1507 1509 1511
f 1507 1511 1510
f 1507 1510 1512
f 1507 1512 1509
f 1508 1511 1509
f 1508 1510 1511
f 1508 1512 1510
f 1508 1509 1512
v -0.0463666981717 -0.50065489616 -0.0093723015354
v -0.0493539140577 -0.500378235266 -0.0093723015354
v -0.0478984351534 -0.500928259857 -0.0108141940793
v -0.047822177076 -0.500104871569 -0.00793040899149
v -0.0477273343542 -0.499080817609 -0.00978575756912
v -0.0479932778752 -0.501952313817 -0.00895884550167
f 1513 1515 1517
f 1513 1517 1516
f 1513 1516 1518
f 1513 1518 1515
f 1514 1517 1515
f 1514 1516 1517
f 1514 1518 1516
f 1514 1515 1518
v -0.0463363829862 -0.500327571246 -0.00946038333119
v -0.0493235988722 -0.500050910351 -0.00946038333119
v -0.0478634560932 -0.500550577263 -0.0109158269206
v -0.0477965257651 -0.499827904333 -0.00800493974178
v -0.0476957694873 -0.498739999394 -0.00982326617459
v -0.0479642123711 -0.501638482202 -0.00909750048779
f 1519 1521 1523
f 1519 1523 1522
f 1519 1522 1524
f 1519 1524 1521
f 1520 1523 1521
f 1520 1522 1523
f 1520 1524 1522
f 1520 1521 1524
v -0.0463058027817 -0.499997384818 -0.00953693910715
v -0.0492930186677 -0.499720723923 -0.00953693910715
v -0.0478281712419 -0.500169592923 -0.0110041605083
v -0.0477706502075 -0.499548515817 -0.00806971770605
v -0.0476641031295 -0.498398085344 -0.00984880664338
v -0.0479347183199 -0.501320023396 -0.00922507157093
f 1525 1527 1529
f 1525 1529 1528
f 1525 1528 1530
f 1525 1530 1527
f 1526 1529 1527
f 1526 1528 1529
f 1526 1530 1528
f 1526 1527 1530
v -0.0462749948155 -0.499664739158 -0.00960187559187
v -0.0492622107015 -0.499388078263 -0.00960187559187
v -0.0477926235886 -0.499785771008 -0.0110790872214
v -0.0477445819284 -0.499267046413 -0.00812466396235
v -0.0476323738615 -0.498055492028 -0.00986234785837
v -0.0479048316556 -0.500997325392 -0.00934140332537
f 1531 1533 1535
f 1531 1535 1534
f 1531 1534 1536
f 1531 1536 1533
f 1532 1535 1533
f 1532 1534 1535
f 1532 1536 1534
f 1532 1533 1536
v -0.0462439966224 -0.499330039543 -0.00965511367023
v -0.0492312125084 -0.499053378648 -0.00965511367023
v -0.0477568564427 -0.499399579145 -0.0111405157733
v -0.0477183526881 -0.498983839047 -0.00816971156712
v -0.0476006203404 -0.497712636842 -0.00986387332167
v -0.0478745887904 -0.500670781349 -0.00944635401879
f 1537 1539 1541
f 1537 1541 1540
f 1537 1540 1542
f 1537 1542 1539
f 1538 1541 1539
f 1538 1540 1541
f 1538 1542 1540
f 1538 1539 1542
v -0.0462128459689 -0.498993693754 -0.00969658847984
v -0.0492000618549 -0.498717032859 -0.00969658847984
v -0.047720913381 -0.499011487849 -0.0111883713229
v -0.0476919944428 -0.498699238763 -0.00820480563679
v -0.0475688812532 -0.497369937504 -0.00985338117474
v -0.0478440265706 -0.500340789109 -0.00953979578494
f 1543 1545 1547
f 1543 1547 1546
f 1543 1546 1548
f 1543 1548 1545
f 1544 1547 1545
f 1544 1546 1547
f 1544 1548 1546
f 1544 1545 1548
v -0.0461815808073 -0.498656111575 -0.00972624949003
v -0.0491687966933 -0.498379450681 -0.00972624949003
v -0.0476848381945 -0.498621969951 -0.0112225955654
v -0.0476655393061 -0.498413592305 -0.00822990341464
v -0.0475371952689 -0.497027811539 -0.00983088420065
v -0.0478131822317 -0.500007750717 -0.00962161477942
f 1549 1551 1553
f 1549 1553 1552
f 1549 1552 1554
f 1549 1554 1551
f 1550 1553 1551
f 1550 1552 1553
f 1550 1554 1552
f 1550 1551 1554
v -0.0461502392293 -0.4983177043 -0.00974406056344
v -0.0491374551153 -0.498041043405 -0.00974406056344
v -0.0476486748353 -0.498231500018 -0.011243146804
v -0.0476390195093 -0.498127247687 -0.00824497432291
v -0.0475056009921 -0.496686675775 -0.00979640980849
v -0.0477820933525 -0.49967207193 -0.00969171131838
f 1555 1557 1559
f 1555 1559 1558
f 1555 1558 1560
f 1555 1560 1557
f 1556 1559 1557
f 1556 1558 1559
f 1556 1560 1558
f 1556 1557 1560
v -0.0461188594199 -0.497978884224 -0.00975
v -0.0491060753058 -0.497702223329 -0.00975
v -0.0476124673628 -0.497840553777 -0.01125
v -0.0476124673628 -0.497840553777 -0.00825
v -0.0474741369155 -0.496346945834 -0.00975
v -0.0477507978102 -0.49933416172 -0.00975
f 1561 1563 1565
f 1561 1565 1564
f 1561 1564 1566
f 1561 1566 1563
f 1562 1565 1563
f 1562 1564 1565
f 1562 1566 1564
f 1562 1563 1566
v -0.0460874796104 -0.497640064149 -0.00974406056344
v -0.0490746954964 -0.497363403254 -0.00974406056344
v -0.0475762598904 -0.497449607536 -0.011243146804
v -0.0475859152164 -0.497553859867 -0.00824497432291
v -0.0474428413732 -0.496009035624 -0.00969171131838
v -0.0477193337336 -0.498994431779 -0.00979640980849
f 1567 1569 1571
f 1567 1571 1570
f 1567 1570 1572
f 1567 1572 1569
f 1568 1571 1569
f 1568 1570 1571
f 1568 1572 1570
f 1568 1569 1572
v -0.0460561380324 -0.497301656873 -0.00972624949003
v -0.0490433539184 -0.497024995978 -0.00972624949003
v -0.0475400965312 -0.497059137602 -0.0112225955654
v -0.0475593954196 -0.497267515249 -0.00822990341464
v -0.047411752494 -0.495673356837 -0.00962161477942
v -0.0476877394568 -0.498653296015 -0.00983088420065
f 1573 1575 1577
f 1573 1577 1576
f 1573 1576 1578
f 1573 1578 1575
f 1574 1577 1575
f 1574 1576 1577
f 1574 1578 1576
f 1574 1575 1578
v -0.0460248728708 -0.496964074695 -0.00969658847984
v -0.0490120887567 -0.4966874138 -0.00969658847984
v -0.0475040213447 -0.496669619704 -0.0111883713229
v -0.0475329402829 -0.49698186879 -0.00820480563679
v -0.047380908155 -0.495340318445 -0.00953979578494
v -0.0476560534725 -0.49831117005 -0.00985338117474
f 1579 1581 1583
f 1579 1583 1582
f 1579 1582 1584
f 1579 1584 1581
f 1580 1583 1581
f 1580 1582 1583
f 1580 1584 1582
f 1580 1581 1584
v -0.0459937222173 -0.496627728905 -0.00965511367023
v -0.0489809381032 -0.496351068011 -0.00965511367023
v -0.0474680782829 -0.496281528409 -0.0111405157733
v -0.0475065820376 -0.496697268507 -0.00816971156712
v -0.0473503459353 -0.495010326205 -0.00944635401879
v -0.0476243143852 -0.497968470711 -0.00986387332167
f 1585 1587 1589
f 1585 1589 1588
f 1585 1588 1590
f 1585 1590 1587
f 1586 1589 1587
f 1586 1588 1589
f 1586 1590 1588
f 1586 1587 1590
v -0.0459627240242 -0.496293029291 -0.00960187559187
v -0.0489499399101 -0.496016368396 -0.00960187559187
v -0.0474323111371 -0.495895336546 -0.0110790872214
v -0.0474803527973 -0.496414061141 -0.00812466396235
v -0.0473201030701 -0.494683782161 -0.00934140332537
v -0.0475925608642 -0.497625615526 -0.00986234785837
f 1591 1593 1595
f 1591 1595 1594
f 1591 1594 1596
f 1591 1596 1593
f 1592 1595 1593
f 1592 1594 1595
f 1592 1596 1594
f 1592 1593 1596
v -0.045931916058 -0.495960383631 -0.00953693910715
v -0.048919131944 -0.495683722736 -0.00953693910715
v -0.0473967634838 -0.49551151463 -0.0110041605083
v -0.0474542845182 -0.496132591736 -0.00806971770605
v -0.0472902164058 -0.494361084157 -0.00922507157093
v -0.0475608315962 -0.497283022209 -0.00984880664338
f 1597 1599 1601
f 1597 1601 1600
f 1597 1600 1602
f 1597 1602 1599
f 1598 1601 1599
f 1598 1600 1601
f 1598 1602 1600
f 1598 1599 1602
v -0.0459013358535 -0.495630197203 -0.00946038333119
v -0.0488885517395 -0.495353536308 -0.00946038333119
v -0.0473614786325 -0.49513053029 -0.0109158269206
v -0.0474284089606 -0.49585320322 -0.00800493974178
v -0.0472607223546 -0.494042625351 -0.00909750048779
v -0.0475291652384 -0.496941108159 -0.00982326617459
f 1603 1605 1607
f 1603 1607 1606
f 1603 1606 1608
f 1603 1608 1605
f 1604 1607 1605
f 1604 1606 1607
f 1604 1608 1606
f 1604 1605 1608
v -0.045871020668 -0.495302872288 -0.0093723015354
v -0.048858236554 -0.495026211393 -0.0093723015354
v -0.0473264995722 -0.494752847697 -0.0108141940793
v -0.0474027576497 -0.495576235985 -0.00793040899149
v -0.0472316568505 -0.493728793736 -0.00895884550167
v -0.0474976003714 -0.496600289945 -0.00978575756912
f 1609 1611 1613
f 1609 1613 1612
f 1609 1612 1614
f 1609 1614 1611
f 1610 1613 1611
f 1610 1612 1613
f 1610 1614 1612
f 1610 1611 1614
v -0.0458410074358 -0.494978807682 -0.00927280103388
v -0.0488282233218 -0.494702146787 -0.00927280103388
v -0.0472918689197 -0.494378926997 -0.0106993858083
v -0.0473773618379 -0.495302027472 -0.00784621625944
v -0.0472030553054 -0.493419971667 -0.00880927554232
v -0.0474661754522 -0.496260982801 -0.00973632652544
f 1615 1617 1619
f 1615 1619 1618
f 1615 1618 1620
f 1615 1620 1617
f 1616 1619 1617
f 1616 1618 1619
f 1616 1620 1618
f 1616 1617 1620
v -0.0458113327235 -0.494658398206 -0.00916200305266
v -0.0487985486094 -0.494381737312 -0.00916200305266
v -0.047257628867 -0.494009223756 -0.0105715419838
v -0.0473522524659 -0.495030911762 -0.00775246412148
v -0.0471749525658 -0.493116535397 -0.00864897283767
v -0.0474349287671 -0.495923600121 -0.00967503326765
f 1621 1623 1625
f 1621 1625 1624
f 1621 1624 1626
f 1621 1626 1623
f 1622 1625 1623
f 1622 1624 1625
f 1622 1626 1624
f 1622 1623 1626
v -0.0457820326851 -0.494342034232 -0.00904004258203
v -0.048769248571 -0.494065373337 -0.00904004258203
v -0.0472238211304 -0.493644188401 -0.0104308183639
v -0.0473274601257 -0.494763219168 -0.00764926680018
v -0.0471473828706 -0.492818854615 -0.0084781326919
v -0.0474038983855 -0.495588552954 -0.00960195247215
f 1627 1629 1631
f 1627 1631 1630
f 1627 1630 1632
f 1627 1632 1629
f 1628 1631 1629
f 1628 1630 1631
f 1628 1632 1630
f 1628 1629 1632
v -0.0457531430181 -0.494030101199 -0.00890706821202
v -0.0487403589041 -0.493753440304 -0.00890706821202
v -0.0471904868993 -0.493284265671 -0.0102773863985
v -0.0473030150229 -0.494499275832 -0.00753675002555
v -0.0471203798092 -0.492527292 -0.0082969632474
v -0.047373122113 -0.495256249503 -0.00951717317663
f 1633 1635 1637
f 1633 1637 1636
f 1633 1636 1638
f 1633 1638 1635
f 1634 1637 1635
f 1634 1636 1637
f 1634 1638 1636
f 1634 1635 1638
v -0.0457246989203 -0.49372297915 -0.00876324195142
v -0.0487119148062 -0.493446318255 -0.00876324195142
v -0.0471576667864 -0.492929894076 -0.0101114330209
v -0.0472789469401 -0.494239403329 -0.00741505088197
v -0.0470939762807 -0.492242202776 -0.00810568523123
v -0.0473426374458 -0.494927094629 -0.0094207986716
f 1639 1641 1643
f 1639 1643 1642
f 1639 1642 1644
f 1639 1644 1641
f 1640 1643 1641
f 1640 1642 1643
f 1640 1644 1642
f 1640 1641 1644
v -0.0456967350463 -0.493421042266 -0.00860873903037
v -0.0486839509323 -0.493144381371 -0.00860873903037
v -0.047125400778 -0.492581505363 -0.00993316041966
v -0.0472552852006 -0.493983918273 -0.00728431764109
v -0.0470682044537 -0.49196393428 -0.0079045316862
v -0.0473124815248 -0.494601489356 -0.00931294637455
f 1645 1647 1649
f 1645 1649 1648
f 1645 1648 1650
f 1645 1650 1647
f 1646 1649 1647
f 1646 1648 1649
f 1646 1650 1648
f 1646 1647 1650
v -0.0456692854659 -0.493124658409 -0.0084437476869
v -0.0486565013518 -0.492847997515 -0.0084437476869
v -0.0470937281851 -0.492239523991 -0.00974278579257
v -0.0472320586325 -0.493733131934 -0.00714470958122
v -0.0470430957273 -0.49169282554 -0.0076937476869
v -0.0472826910904 -0.494279830384 -0.0091937476869
f 1651 1653 1655
f 1651 1655 1654
f 1651 1654 1656
f 1651 1656 1653
f 1652 1655 1653
f 1652 1654 1655
f 1652 1656 1654
f 1652 1653 1656
v -0.045642383622 -0.49283418868 -0.00826846893753
v -0.048629599508 -0.492557527785 -0.00826846893753
v -0.0470626875961 -0.49190436661 -0.00954054108176
v -0.0472092955339 -0.493487349855 -0.00699639679329
v -0.0470186806924 -0.49142920686 -0.00747359004118
v -0.0472533024375 -0.493962509605 -0.00906334783387
f 1657 1659 1661
f 1657 1661 1660
f 1657 1660 1662
f 1657 1662 1659
f 1658 1661 1659
f 1658 1660 1661
f 1658 1662 1660
f 1658 1659 1662
v -0.0456160622905 -0.492549986969 -0.00808311633241
v -0.0486032781765 -0.492273326075 -0.00808311633241
v -0.047032316829 -0.49157644156 -0.00932667269124
v -0.047187023638 -0.493246871484 -0.00683955997358
v -0.0469949890952 -0.491173399419 -0.00724432697721
v -0.0472243513718 -0.493649913625 -0.00892190568762
f 1663 1665 1667
f 1663 1667 1666
f 1663 1666 1668
f 1663 1668 1665
f 1664 1667 1665
f 1664 1666 1667
f 1664 1668 1666
f 1664 1665 1668
v -0.0455903535399 -0.492272399534 -0.00788791569516
v -0.0485775694259 -0.491995738639 -0.00788791569516
v -0.047002652886 -0.491256148365 -0.00910144118672
v -0.0471652700798 -0.493011989808 -0.00667439020359
v -0.0469720498001 -0.490925714878 -0.00700623781672
v -0.0471958731657 -0.493342423295 -0.00876959357359
f 1669 1671 1673
f 1669 1673 1672
f 1669 1672 1674
f 1669 1674 1671
f 1670 1673 1671
f 1670 1672 1673
f 1670 1674 1672
f 1670 1671 1674
v -0.0455652886923 -0.492001764571 -0.00768310484767
v -0.0485525045782 -0.491725103676 -0.00768310484767
v -0.0469737319079 -0.490943877254 -0.00886512097808
v -0.0471440613626 -0.492782990993 -0.00650108871726
v -0.0469498907552 -0.490686455003 -0.00675961263468
v -0.0471679025153 -0.493040413244 -0.00860659706065
f 1675 1677 1679
f 1675 1679 1678
f 1675 1678 1680
f 1675 1680 1677
f 1676 1679 1677
f 1676 1678 1679
f 1676 1680 1678
f 1676 1677 1680
v -0.0455408982853 -0.491738411808 -0.00746893332041
v -0.0485281141713 -0.491461750913 -0.00746893332041
v -0.0469455891307 -0.490640008681 -0.00861799998509
v -0.0471234233259 -0.49256015404 -0.00631986665573
v -0.0469285389578 -0.490455911295 -0.00650475190588
v -0.0471404734988 -0.492744251425 -0.00843311473494
f 1681 1683 1685
f 1681 1685 1684
f 1681 1684 1686
f 1681 1686 1683
f 1682 1685 1683
f 1682 1684 1685
f 1682 1686 1684
f 1682 1683 1686
v -0.045517212035 -0.491482662099 -0.0072456620484
v -0.0485044279209 -0.491206001204 -0.0072456620484
v -0.0469182588418 -0.490344912863 -0.00836037928662
v -0.0471033811141 -0.49234375044 -0.00613094481019
v -0.0469080204218 -0.490234364637 -0.00624196613887
v -0.0471136195341 -0.492454298665 -0.00824935795794
f 1687 1689 1691
f 1687 1691 1690
f 1687 1690 1692
f 1687 1692 1689
f 1688 1691 1689
f 1688 1690 1691
f 1688 1692 1690
f 1688 1689 1692
v -0.0454942587993 -0.491234827036 -0.0070135630533
v -0.0484814746852 -0.490958166141 -0.0070135630533
v -0.0468917743391 -0.490058949328 -0.00809257275381
v -0.0470839591454 -0.492134043848 -0.00593455335279
v -0.0468883601458 -0.490022084949 -0.00597157549761
v -0.0470873733387 -0.492170908228 -0.00805555060899
f 1693 1695 1697
f 1693 1697 1696
f 1693 1696 1698
f 1693 1698 1695
f 1694 1697 1695
f 1694 1696 1697
f 1694 1698 1696
f 1694 1695 1698
v -0.0454720665432 -0.490995208568 -0.00677291911198
v -0.0484592824292 -0.490718547673 -0.00677291911198
v -0.0468661678898 -0.489782466481 -0.00781490666766
v -0.0470651810826 -0.49193128976 -0.00573093155629
v -0.046869582083 -0.48981933086 -0.00569390941147
v -0.0470617668894 -0.49189442538 -0.00785192881248
f 1699 1701 1703
f 1699 1703 1702
f 1699 1702 1704
f 1699 1704 1701
f 1700 1703 1701
f 1700 1702 1703
f 1700 1704 1702
f 1700 1701 1704
v -0.0454506623047 -0.490764098632 -0.006524023412
v -0.0484378781906 -0.490487437738 -0.006524023412
v -0.0468414706915 -0.489515801171 -0.00752771932154
v -0.0470470698038 -0.491735735199 -0.00552032750246
v -0.0468517091115 -0.489626349396 -0.00540930617378
v -0.0470368313838 -0.491625186974 -0.00763874065021
f 1705 1707 1709
f 1705 1709 1708
f 1705 1708 1710
f 1705 1710 1707
f 1706 1709 1707
f 1706 1708 1709
f 1706 1710 1708
f 1706 1707 1710
v -0.0454300721614 -0.490541778802 -0.00626717919444
v -0.0484172880473 -0.490265117907 -0.00626717919444
v -0.0468177128338 -0.48925927829 -0.00723136060897
v -0.0470296473749 -0.49154761842 -0.00530299777991
v -0.0468347630067 -0.489443375675 -0.00511811252977
v -0.047012597202 -0.491363521034 -0.00741624585912
f 1711 1713 1715
f 1711 1715 1714
f 1711 1714 1716
f 1711 1716 1713
f 1712 1715 1713
f 1712 1714 1715
f 1712 1716 1714
f 1712 1713 1716
v -0.0454103211993 -0.490328519939 -0.00600269938443
v -0.0483975370852 -0.490051859045 -0.00600269938443
v -0.0467949232621 -0.489013210371 -0.00692619159741
v -0.0470129350223 -0.491367168613 -0.00507920717144
v -0.0468187644149 -0.489270632622 -0.00482068325402
v -0.0469890938696 -0.491109746362 -0.00718471551484
f 1717 1719 1721
f 1717 1721 1720
f 1717 1720 1722
f 1717 1722 1719
f 1718 1721 1719
f 1718 1720 1721
f 1718 1722 1720
f 1718 1719 1722
v -0.0453914334818 -0.490124581867 -0.00573090620985
v -0.0483786493678 -0.489847920972 -0.00573090620985
v -0.046773129742 -0.488777897211 -0.00661258408829
v -0.0469969531076 -0.491194605628 -0.00484922833141
v -0.0468037328279 -0.489108330698 -0.00451738071829
v -0.0469663500217 -0.490864172141 -0.00694443170141
f 1723 1725 1727
f 1723 1727 1726
f 1723 1726 1728
f 1723 1728 1725
f 1724 1727 1725
f 1724 1726 1727
f 1724 1728 1726
f 1724 1725 1728
v -0.0453734320208 -0.489930213052 -0.00545213080884
v -0.0483606479068 -0.489653552157 -0.00545213080884
v -0.0467523588255 -0.488553625501 -0.00629092016405
v -0.0469817211021 -0.491030139708 -0.00461334145363
v -0.0467896865593 -0.488956667642 -0.00420857445001
v -0.0469443933683 -0.490627097567 -0.00669568716767
f 1729 1731 1733
f 1729 1733 1732
f 1729 1732 1734
f 1729 1734 1731
f 1730 1733 1731
f 1730 1732 1733
f 1730 1734 1732
f 1730 1731 1734
v -0.0453563387483 -0.489745650303 -0.00516671282627
v -0.0483435546343 -0.489468989408 -0.00516671282627
v -0.0467326358187 -0.488340668483 -0.00596159172262
v -0.0469672575638 -0.490873971228 -0.00437183392992
v -0.0467766427224 -0.488815828234 -0.00389464068204
v -0.0469232506602 -0.490398811478 -0.00643878497051
f 1735 1737 1739
f 1735 1739 1738
f 1735 1738 1740
f 1735 1740 1737
f 1736 1739 1737
f 1736 1738 1739
f 1736 1740 1738
f 1736 1737 1740
v -0.0453401744898 -0.489571118482 -0.004875
v -0.0483273903757 -0.489294457587 -0.004875
v -0.0467139847512 -0.488139285612 -0.005625
v -0.0469535801143 -0.490726290456 -0.004125
v -0.046764617209 -0.488685984063 -0.00357596189432
v -0.0469029476564 -0.490179592006 -0.00617403810568
f 1741 1743 1745
f 1741 1745 1744
f 1741 1744 1746
f 1741 1746 1743
f 1742 1745 1743
f 1742 1744 1745
f 1742 1746 1744
f 1742 1743 1746
v -0.0453249589388 -0.489406830228 -0.00457734773716
v -0.0483121748248 -0.489130169333 -0.00457734773716
v -0.0466964283463 -0.487949722242 -0.00528155508134
v -0.0469407054174 -0.490587277318 -0.00387314039298
v -0.0467536246705 -0.488567293325 -0.00325292634787
v -0.0468835090931 -0.489969706235 -0.00590176912645
f 1747 1749 1751
f 1747 1751 1750
f 1747 1750 1752
f 1747 1752 1749
f 1748 1751 1749
f 1748 1750 1751
f 1748 1752 1750
f 1748 1749 1752
v -0.0453107106334 -0.489252985701 -0.00427411868119
v -0.0482979265193 -0.488976324806 -0.00427411868119
v -0.0466799879938 -0.487772209327 -0.00493167540138
v -0.0469286491589 -0.49045710118 -0.00361656196101
v -0.0467436784995 -0.488459900627 -0.00292592761174
v -0.0468649586532 -0.48976940988 -0.00562230975064
f 1753 1755 1757
f 1753 1757 1756
f 1753 1756 1758
f 1753 1758 1755
f 1754 1757 1755
f 1754 1756 1757
f 1754 1758 1756
f 1754 1755 1758
v -0.0452974469327 -0.489109772337 -0.00396568226999
v -0.0482846628187 -0.488833111443 -0.00396568226999
v -0.0466646837239 -0.487606963138 -0.0045757872346
v -0.0469174260276 -0.490335920642 -0.00335557730538
v -0.0467347908139 -0.488363936809 -0.00259536408353
v -0.0468473189375 -0.489578946971 -0.00533600045645
f 1759 1761 1763
f 1759 1763 1762
f 1759 1762 1764
f 1759 1764 1761
f 1760 1763 1761
f 1760 1762 1763
f 1760 1764 1762
f 1760 1761 1764
v -0.0452851839967 -0.488977364621 -0.00365241428581
v -0.0482723998826 -0.488700703726 -0.00365241428581
v -0.0466505341822 -0.487454185003 -0.00421432417593
v -0.0469070496971 -0.490223883343 -0.00309050439568
v -0.046726972442 -0.48827951879 -0.00226163850395
v -0.0468306114373 -0.489398549557 -0.00504319006766
f 1765 1767 1769
f 1765 1769 1768
f 1765 1768 1770
f 1765 1770 1767
f 1766 1769 1767
f 1766 1768 1769
f 1766 1770 1768
f 1766 1767 1770
v -0.0452739367657 -0.488855923869 -0.00333469639743
v -0.0482611526517 -0.488579262974 -0.00333469639743
v -0.046637556608 -0.487314061059 -0.00384772661241
v -0.0468975328093 -0.490121125784 -0.00282166618244
v -0.0467202329092 -0.488206749419 -0.00192515746625
v -0.0468148565081 -0.489228437424 -0.0047442353286
f 1771 1773 1775
f 1771 1775 1774
f 1771 1774 1776
f 1771 1776 1773
f 1772 1775 1773
f 1772 1774 1775
f 1772 1776 1774
f 1772 1773 1776
v -0.0452637189428 -0.488745598039 -0.00301291569516
v -0.0482509348288 -0.488468937144 -0.00301291569516
v -0.0466257668124 -0.487186762025 -0.00347644118672
v -0.0468888869592 -0.490027773159 -0.00254939020359
v -0.0467145804267 -0.488145717354 -0.00158633092071
v -0.0468000733449 -0.489068817829 -0.0044395004696
f 1777 1779 1781
f 1777 1781 1780
f 1777 1780 1782
f 1777 1782 1779
f 1778 1781 1779
f 1778 1780 1781
f 1778 1782 1780
f 1778 1779 1782
v -0.0452545429769 -0.488646521546 -0.00268746421922
v -0.0482417588629 -0.488369860651 -0.00268746421922
v -0.0466151791594 -0.487072442994 -0.00310092025294
v -0.0468811226803 -0.489943939203 -0.00227400818549
v -0.0467100218811 -0.488096496955 -0.00124557167531
v -0.0467862799586 -0.488919885243 -0.00412935676312
f 1783 1785 1787
f 1783 1787 1786
f 1783 1786 1788
f 1783 1788 1785
f 1784 1787 1785
f 1784 1786 1787
f 1784 1788 1786
f 1784 1785 1788
v -0.0452464200474 -0.488558815099 -0.0023587384821
v -0.0482336359334 -0.488282154205 -0.0023587384821
v -0.0466058065485 -0.486971243248 -0.0027216213255
v -0.0468742494323 -0.489869726056 -0.0019958556387
v -0.0467065628263 -0.488059148187 -0.000903294892683
v -0.0467734931544 -0.488781821117 -0.00381418207151
f 1789 1791 1793
f 1789 1793 1792
f 1789 1792 1794
f 1789 1794 1791
f 1790 1793 1791
f 1790 1792 1793
f 1790 1794 1792
f 1790 1791 1794
v -0.0452393600509 -0.488482585556 -0.00202713898547
v -0.0482265759369 -0.488205924661 -0.00202713898547
v -0.0465976603987 -0.486883286083 -0.0023390065217
v -0.0468682755891 -0.489805224135 -0.00171527144925
v -0.0467042074767 -0.488033716556 -0.000559917584372
v -0.0467617285111 -0.488654793662 -0.00349436038657
f 1795 1797 1799
f 1795 1799 1798
f 1795 1798 1800
f 1795 1800 1797
f 1796 1799 1797
f 1796 1798 1799
f 1796 1800 1798
f 1796 1797 1800
v -0.0452333715889 -0.48841792579 -0.00169306973225
v -0.0482205874749 -0.488141264895 -0.00169306973225
v -0.0465907506348 -0.48680867866 -0.00195354199875
v -0.046863208429 -0.489750512025 -0.00143259746575
v -0.0467029587018 -0.488020233045 -0.000215858102734
v -0.046751000362 -0.48853895764 -0.00317028136177
f 1801 1803 1805
f 1801 1805 1804
f 1801 1804 1806
f 1801 1806 1803
f 1802 1805 1803
f 1802 1804 1805
f 1802 1806 1804
f 1802 1803 1806
v -0.0452393600509 -0.488482585556 0.00202713898547
v -0.0482265759369 -0.488205924661 0.00202713898547
v -0.0465976603987 -0.486883286083 0.0023390065217
v -0.0468682755891 -0.489805224135 0.00171527144925
v -0.0467617285111 -0.488654793662 0.00349436038657
v -0.0467042074767 -0.488033716556 0.000559917584372
f 1807 1809 1811
f 1807 1811 1810
f 1807 1810 1812
f 1807 1812 1809
f 1808 1811 1809
f 1808 1810 1811
f 1808 1812 1810
f 1808 1809 1812
v -0.0452464200474 -0.488558815099 0.0023587384821
v -0.0482336359334 -0.488282154205 0.0023587384821
v -0.0466058065485 -0.486971243248 0.0027216213255
v -0.0468742494323 -0.489869726056 0.0019958556387
v -0.0467734931544 -0.488781821117 0.00381418207151
v -0.0467065628263 -0.488059148187 0.000903294892683
f 1813 1815 1817
f 1813 1817 1816
f 1813 1816 1818
f 1813 1818 1815
f 1814 1817 1815
f 1814 1816 1817
f 1814 1818 1816
f 1814 1815 1818
v -0.0452545429769 -0.488646521546 0.00268746421922
v -0.0482417588629 -0.488369860651 0.00268746421922
v -0.0466151791594 -0.487072442994 0.00310092025294
v -0.0468811226803 -0.489943939203 0.00227400818549
v -0.0467862799586 -0.488919885243 0.00412935676312
v -0.0467100218811 -0.488096496955 0.00124557167531
f 1819 1821 1823
f 1819 1823 1822
f 1819 1822 1824
f 1819 1824 1821
f 1820 1823 1821
f 1820 1822 1823
f 1820 1824 1822
f 1820 1821 1824
v -0.0452637189428 -0.488745598039 0.00301291569516
v -0.0482509348288 -0.488468937144 0.00301291569516
v -0.0466257668124 -0.487186762025 0.00347644118672
v -0.0468888869592 -0.490027773159 0.00254939020359
v -0.0468000733449 -0.489068817829 0.0044395004696
v -0.0467145804267 -0.488145717354 0.00158633092071
f 1825 1827 1829
f 1825 1829 1828
f 1825 1828 1830
f 1825 1830 1827
f 1826 1829 1827
f 1826 1828 1829
f 1826 1830 1828
f 1826 1827 1830
v -0.0452739367657 -0.488855923869 0.00333469639743
v -0.0482611526517 -0.488579262974 0.00333469639743
v -0.046637556608 -0.487314061059 0.00384772661241
v -0.0468975328093 -0.490121125784 0.00282166618244
v -0.0468148565081 -0.489228437424 0.0047442353286
v -0.0467202329092 -0.488206749419 0.00192515746625
f 1831 1833 1835
f 1831 1835 1834
f 1831 1834 1836
f 1831 1836 1833
f 1832 1835 1833
f 1832 1834 1835
f 1832 1836 1834
f 1832 1833 1836
v -0.0452851839967 -0.488977364621 0.00365241428581
v -0.0482723998826 -0.488700703726 0.00365241428581
v -0.0466505341822 -0.487454185003 0.00421432417593
v -0.0469070496971 -0.490223883343 0.00309050439568
v -0.0468306114373 -0.489398549557 0.00504319006766
v -0.046726972442 -0.48827951879 0.00226163850395
f 1837 1839 1841
f 1837 1841 1840
f 1837 1840 1842
f 1837 1842 1839
f 1838 1841 1839
f 1838 1840 1841
f 1838 1842 1840
f 1838 1839 1842
v -0.0452974469327 -0.489109772337 0.00396568226999
v -0.0482846628187 -0.488833111443 0.00396568226999
v -0.0466646837239 -0.487606963138 0.0045757872346
v -0.0469174260276 -0.490335920642 0.00335557730538
v -0.0468473189375 -0.489578946971 0.00533600045645
v -0.0467347908139 -0.488363936809 0.00259536408353
f 1843 1845 1847
f 1843 1847 1846
f 1843 1846 1848
f 1843 1848 1845
f 1844 1847 1845
f 1844 1846 1847
f 1844 1848 1846
f 1844 1845 1848
v -0.0453107106334 -0.489252985701 0.00427411868119
v -0.0482979265193 -0.488976324806 0.00427411868119
v -0.0466799879938 -0.487772209327 0.00493167540138
v -0.0469286491589 -0.49045710118 0.00361656196101
v -0.0468649586532 -0.48976940988 0.00562230975064
v -0.0467436784995 -0.488459900627 0.00292592761174
f 1849 1851 1853
f 1849 1853 1852
f 1849 1852 1854
f 1849 1854 1851
f 1850 1853 1851
f 1850 1852 1853
f 1850 1854 1852
f 1850 1851 1854
v -0.0453249589388 -0.489406830228 0.00457734773716
v -0.0483121748248 -0.489130169333 0.00457734773716
v -0.0466964283463 -0.487949722242 0.00528155508134
v -0.0469407054174 -0.490587277318 0.00387314039298
v -0.0468835090931 -0.489969706235 0.00590176912645
v -0.0467536246705 -0.488567293325 0.00325292634787
f 1855 1857 1859
f 1855 1859 1858
f 1855 1858 1860
f 1855 1860 1857
f 1856 1859 1857
f 1856 1858 1859
f 1856 1860 1858
f 1856 1857 1860
v -0.0453401744898 -0.489571118482 0.004875
v -0.0483273903757 -0.489294457587 0.004875
v -0.0467139847512 -0.488139285612 0.005625
v -0.0469535801143 -0.490726290456 0.004125
v -0.0469029476564 -0.490179592006 0.00617403810568
v -0.046764617209 -0.488685984063 0.00357596189432
f 1861 1863 1865
f 1861 1865 1864
f 1861 1864 1866
f 1861 1866 1863
f 1862 1865 1863
f 1862 1864 1865
f 1862 1866 1864
f 1862 1863 1866
v -0.0453563387483 -0.489745650303 0.00516671282627
v -0.0483435546343 -0.489468989408 0.00516671282627
v -0.0467326358187 -0.488340668483 0.00596159172262
v -0.0469672575638 -0.490873971228 0.00437183392992
v -0.0469232506602 -0.490398811478 0.00643878497051
v -0.0467766427224 -0.488815828234 0.00389464068204
f 1867 1869 1871
f 1867 1871 1870
f 1867 1870 1872
f 1867 1872 1869
f 1868 1871 1869
f 1868 1870 1871
f 1868 1872 1870
f 1868 1869 1872
v -0.0453734320208 -0.489930213052 0.00545213080884
v -0.0483606479068 -0.489653552157 0.00545213080884
v -0.0467523588255 -0.488553625501 0.00629092016405
v -0.0469817211021 -0.491030139708 0.00461334145363
v -0.0469443933683 -0.490627097567 0.00669568716767
v -0.0467896865593 -0.488956667642 0.00420857445001
f 1873 1875 1877
f 1873 1877 1876
f 1873 1876 1878
f 1873 1878 1875
f 1874 1877 1875
f 1874 1876 1877
f 1874 1878 1876
f 1874 1875 1878
v -0.0453914334818 -0.490124581867 0.00573090620985
v -0.0483786493678 -0.489847920972 0.00573090620985
v -0.046773129742 -0.488777897211 0.00661258408829
v -0.0469969531076 -0.491194605628 0.00484922833141
v -0.0469663500217 -0.490864172141 0.00694443170141
v -0.0468037328279 -0.489108330698 0.00451738071829
f 1879 1881 1883
f 1879 1883 1882
f 1879 1882 1884
f 1879 1884 1881
f 1880 1883 1881
f 1880 1882 1883
f 1880 1884 1882
f 1880 1881 1884
v -0.0454103211993 -0.490328519939 0.00600269938443
v -0.0483975370852 -0.490051859045 0.00600269938443
v -0.0467949232621 -0.489013210371 0.00692619159741
v -0.0470129350223 -0.491367168613 0.00507920717144
v -0.0469890938696 -0.491109746362 0.00718471551484
v -0.0468187644149 -0.489270632622 0.00482068325402
f 1885 1887 1889
f 1885 1889 1888
f 1885 1888 1890
f 1885 1890 1887
f 1886 1889 1887
f 1886 1888 1889
f 1886 1890 1888
f 1886 1887 1890
v -0.0454300721614 -0.490541778802 0.00626717919444
v -0.0484172880473 -0.490265117907 0.00626717919444
v -0.0468177128338 -0.48925927829 0.00723136060897
v -0.0470296473749 -0.49154761842 0.00530299777991
v -0.047012597202 -0.491363521034 0.00741624585912
v -0.0468347630067 -0.489443375675 0.00511811252977
f 1891 1893 1895
f 1891 1895 1894
f 1891 1894 1896
f 1891 1896 1893
f 1892 1895 1893
f 1892 1894 1895
f 1892 1896 1894
f 1892 1893 1896
v -0.0454506623047 -0.490764098632 0.006524023412
v -0.0484378781906 -0.490487437738 0.006524023412
v -0.0468414706915 -0.489515801171 0.00752771932154
v -0.0470470698038 -0.491735735199 0.00552032750246
v -0.0470368313838 -0.491625186974 0.00763874065021
v -0.0468517091115 -0.489626349396 0.00540930617378
f 1897 1899 1901
f 1897 1901 1900
f 1897 1900 1902
f 1897 1902 1899
f 1898 1901 1899
f 1898 1900 1901
f 1898 1902 1900
f 1898 1899 1902
v -0.0454720665432 -0.490995208568 0.00677291911198
v -0.0484592824292 -0.490718547673 0.00677291911198
v -0.0468661678898 -0.489782466481 0.00781490666766
v -0.0470651810826 -0.49193128976 0.00573093155629
v -0.0470617668894 -0.49189442538 0.00785192881248
v -0.046869582083 -0.48981933086 0.00569390941147
f 1903 1905 1907
f 1903 1907 1906
f 1903 1906 1908
f 1903 1908 1905
f 1904 1907 1905
f 1904 1906 1907
f 1904 1908 1906
f 1904 1905 1908
v -0.0454942587993 -0.491234827036 0.0070135630533
v -0.0484814746852 -0.490958166141 0.0070135630533
v -0.0468917743391 -0.490058949328 0.00809257275381
v -0.0470839591454 -0.492134043848 0.00593455335279
v -0.0470873733387 -0.492170908228 0.00805555060899
v -0.0468883601458 -0.490022084949 0.00597157549761
f 1909 1911 1913
f 1909 1913 1912
f 1909 1912 1914
f 1909 1914 1911
f 1910 1913 1911
f 1910 1912 1913
f 1910 1914 1912
f 1910 1911 1914
v -0.045517212035 -0.491482662099 0.0072456620484
v -0.0485044279209 -0.491206001204 0.0072456620484
v -0.0469182588418 -0.490344912863 0.00836037928662
v -0.0471033811141 -0.49234375044 0.00613094481019
v -0.0471136195341 -0.492454298665 0.00824935795794
v -0.0469080204218 -0.490234364637 0.00624196613887
f 1915 1917 1919
f 1915 1919 1918
f 1915 1918 1920
f 1915 1920 1917
f 1916 1919 1917
f 1916 1918 1919
f 1916 1920 1918
f 1916 1917 1920
v -0.0455408982853 -0.491738411808 0.00746893332041
v -0.0485281141713 -0.491461750913 0.00746893332041
v -0.0469455891307 -0.490640008681 0.00861799998509
v -0.0471234233259 -0.49256015404 0.00631986665573
v -0.0471404734988 -0.492744251425 0.00843311473494
v -0.0469285389578 -0.490455911295 0.00650475190588
f 1921 1923 1925
f 1921 1925 1924
f 1921 1924 1926
f 1921 1926 1923
f 1922 1925 1923
f 1922 1924 1925
f 1922 1926 1924
f 1922 1923 1926
v -0.0455652886923 -0.492001764571 0.00768310484767
v -0.0485525045782 -0.491725103676 0.00768310484767
v -0.0469737319079 -0.490943877254 0.00886512097808
v -0.0471440613626 -0.492782990993 0.00650108871726
v -0.0471679025153 -0.493040413244 0.00860659706065
v -0.0469498907552 -0.490686455003 0.00675961263468
f 1927 1929 1931
f 1927 1931 1930
f 1927 1930 1932
f 1927 1932 1929
f 1928 1931 1929
f 1928 1930 1931
f 1928 1932 1930
f 1928 1929 1932
v -0.0455903535399 -0.492272399534 0.00788791569516
v -0.0485775694259 -0.491995738639 0.00788791569516
v -0.047002652886 -0.491256148365 0.00910144118672
v -0.0471652700798 -0.493011989808 0.00667439020359
v -0.0471958731657 -0.493342423295 0.00876959357359
v -0.0469720498001 -0.490925714878 0.00700623781672
f 1933 1935 1937
f 1933 1937 1936
f 1933 1936 1938
f 1933 1938 1935
f 1934 1937 1935
f 1934 1936 1937
f 1934 1938 1936
f 1934 1935 1938
v -0.0456160622905 -0.492549986969 0.00808311633241
v -0.0486032781765 -0.492273326075 0.00808311633241
v -0.047032316829 -0.49157644156 0.00932667269124
v -0.047187023638 -0.493246871484 0.00683955997358
v -0.0472243513718 -0.493649913625 0.00892190568762
v -0.0469949890952 -0.491173399419 0.00724432697721
f 1939 1941 1943
f 1939 1943 1942
f 1939 1942 1944
f 1939 1944 1941
f 1940 1943 1941
f 1940 1942 1943
f 1940 1944 1942
f 1940 1941 1944
v -0.045642383622 -0.49283418868 0.00826846893753
v -0.048629599508 -0.492557527785 0.00826846893753
v -0.0470626875961 -0.49190436661 0.00954054108176
v -0.0472092955339 -0.493487349855 0.00699639679329
v -0.0472533024375 -0.493962509605 0.00906334783387
v -0.0470186806924 -0.49142920686 0.00747359004118
f 1945 1947 1949
f 1945 1949 1948
f 1945 1948 1950
f 1945 1950 1947
f 1946 1949 1947
f 1946 1948 1949
f 1946 1950 1948
f 1946 1947 1950
v -0.0456692854659 -0.493124658409 0.0084437476869
v -0.0486565013518 -0.492847997515 0.0084437476869
v -0.0470937281851 -0.492239523991 0.00974278579257
v -0.0472320586325 -0.493733131934 0.00714470958122
v -0.0472826910904 -0.494279830384 0.0091937476869
v -0.0470430957273 -0.49169282554 0.0076937476869
f 1951 1953 1955
f 1951 1955 1954
f 1951 1954 1956
f 1951 1956 1953
f 1952 1955 1953
f 1952 1954 1955
f 1952 1956 1954
f 1952 1953 1956
v -0.0456967350463 -0.493421042266 0.00860873903037
v -0.0486839509323 -0.493144381371 0.00860873903037
v -0.047125400778 -0.492581505363 0.00993316041966
v -0.0472552852006 -0.493983918273 0.00728431764109
v -0.0473124815248 -0.494601489356 0.00931294637455
v -0.0470682044537 -0.49196393428 0.0079045316862
f 1957 1959 1961
f 1957 1961 1960
f 1957 1960 1962
f 1957 1962 1959
f 1958 1961 1959
f 1958 1960 1961
f 1958 1962 1960
f 1958 1959 1962
v -0.0457246989203 -0.49372297915 0.00876324195142
v -0.0487119148062 -0.493446318255 0.00876324195142
v -0.0471576667864 -0.492929894076 0.0101114330209
v -0.0472789469401 -0.494239403329 0.00741505088197
v -0.0473426374458 -0.494927094629 0.0094207986716
v -0.0470939762807 -0.492242202776 0.00810568523123
f 1963 1965 1967
f 1963 1967 1966
f 1963 1966 1968
f 1963 1968 1965
f 1964 1967 1965
f 1964 1966 1967
f 1964 1968 1966
f 1964 1965 1968
v -0.0457531430181 -0.494030101199 0.00890706821202
v -0.0487403589041 -0.493753440304 0.00890706821202
v -0.0471904868993 -0.493284265671 0.0102773863985
v -0.0473030150229 -0.494499275832 0.00753675002555
v -0.047373122113 -0.495256249503 0.00951717317663
v -0.0471203798092 -0.492527292 0.0082969632474
f 1969 1971 1973
f 1969 1973 1972
f 1969 1972 1974
f 1969 1974 1971
f 1970 1973 1971
f 1970 1972 1973
f 1970 1974 1972
f 1970 1971 1974
v -0.0457820326851 -0.494342034232 0.00904004258203
v -0.048769248571 -0.494065373337 0.00904004258203
v -0.0472238211304 -0.493644188401 0.0104308183639
v -0.0473274601257 -0.494763219168 0.00764926680018
v -0.0474038983855 -0.495588552954 0.00960195247215
v -0.0471473828706 -0.492818854615 0.0084781326919
f 1975 1977 1979
f 1975 1979 1978
f 1975 1978 1980
f 1975 1980 1977
f 1976 1979 1977
f 1976 1978 1979
f 1976 1980 1978
f 1976 1977 1980
v -0.0458113327235 -0.494658398206 0.00916200305266
v -0.0487985486094 -0.494381737312 0.00916200305266
v -0.047257628867 -0.494009223756 0.0105715419838
v -0.0473522524659 -0.495030911762 0.00775246412148
v -0.0474349287671 -0.495923600121 0.00967503326765
v -0.0471749525658 -0.493116535397 0.00864897283767
f 1981 1983 1985
f 1981 1985 1984
f 1981 1984 1986
f 1981 1986 1983
f 1982 1985 1983
f 1982 1984 1985
f 1982 1986 1984
f 1982 1983 1986
v -0.0458410074358 -0.494978807682 0.00927280103388
v -0.0488282233218 -0.494702146787 0.00927280103388
v -0.0472918689197 -0.494378926997 0.0106993858083
v -0.0473773618379 -0.495302027472 0.00784621625944
v -0.0474661754522 -0.496260982801 0.00973632652544
v -0.0472030553054 -0.493419971667 0.00880927554232
f 1987 1989 1991
f 1987 1991 1990
f 1987 1990 1992
f 1987 1992 1989
f 1988 1991 1989
f 1988 1990 1991
f 1988 1992 1990
f 1988 1989 1992
v -0.045871020668 -0.495302872288 0.0093723015354
v -0.048858236554 -0.495026211393 0.0093723015354
v -0.0473264995722 -0.494752847697 0.0108141940793
v -0.0474027576497 -0.495576235985 0.00793040899149
v -0.0474976003714 -0.496600289945 0.00978575756912
v -0.0472316568505 -0.493728793736 0.00895884550167
f 1993 1995 1997
f 1993 1997 1996
f 1993 1996 1998
f 1993 1998 1995
f 1994 1997 1995
f 1994 1996 1997
f 1994 1998 1996
f 1994 1995 1998
v -0.0459013358535 -0.495630197203 0.00946038333119
v -0.0488885517395 -0.495353536308 0.00946038333119
v -0.0473614786325 -0.49513053029 0.0109158269206
v -0.0474284089606 -0.49585320322 0.00800493974178
v -0.0475291652384 -0.496941108159 0.00982326617459
v -0.0472607223546 -0.494042625351 0.00909750048779
f 1999 2001 2003
f 1999 2003 2002
f 1999 2002 2004
f 1999 2004 2001
f 2000 2003 2001
f 2000 2002 2003
f 2000 2004 2002
f 2000 2001 2004
v -0.045931916058 -0.495960383631 0.00953693910715
v -0.048919131944 -0.495683722736 0.00953693910715
v -0.0473967634838 -0.49551151463 0.0110041605083
v -0.0474542845182 -0.496132591736 0.00806971770605
v -0.0475608315962 -0.497283022209 0.00984880664338
v -0.0472902164058 -0.494361084157 0.00922507157093
f 2005 2007 2009
f 2005 2009 2008
f 2005 2008 2010
f 2005 2010 2007
f 2006 2009 2007
f 2006 2008 2009
f 2006 2010 2008
f 2006 2007 2010
v -0.0459627240242 -0.496293029291 0.00960187559187
v -0.0489499399101 -0.496016368396 0.00960187559187
v -0.0474323111371 -0.495895336546 0.0110790872214
v -0.0474803527973 -0.496414061141 0.00812466396235
v -0.0475925608642 -0.497625615526 0.00986234785837
v -0.0473201030701 -0.494683782161 0.00934140332537
f 2011 2013 2015
f 2011 2015 2014
f 2011 2014 2016
f 2011 2016 2013
f 2012 2015 2013
f 2012 2014 2015
f 2012 2016 2014
f 2012 2013 2016
v -0.0459937222173 -0.496627728905 0.00965511367023
v -0.0489809381032 -0.496351068011 0.00965511367023
v -0.0474680782829 -0.496281528409 0.0111405157733
v -0.0475065820376 -0.496697268507 0.00816971156712
v -0.0476243143852 -0.497968470711 0.00986387332167
v -0.0473503459353 -0.495010326205 0.00944635401879
f 2017 2019 2021
f 2017 2021 2020
f 2017 2020 2022
f 2017 2022 2019
f 2018 2021 2019
f 2018 2020 2021
f 2018 2022 2020
f 2018 2019 2022
v -0.0460248728708 -0.496964074695 0.00969658847984
v -0.0490120887567 -0.4966874138 0.00969658847984
v -0.0475040213447 -0.496669619704 0.0111883713229
v -0.0475329402829 -0.49698186879 0.00820480563679
v -0.0476560534725 -0.49831117005 0.00985338117474
v -0.047380908155 -0.495340318445 0.00953979578494
f 2023 2025 2027
f 2023 2027 2026
f 2023 2026 2028
f 2023 2028 2025
f 2024 2027 2025
f 2024 2026 2027
f 2024 2028 2026
f 2024 2025 2028
v -0.0460561380324 -0.497301656873 0.00972624949003
v -0.0490433539184 -0.497024995978 0.00972624949003
v -0.0475400965312 -0.497059137602 0.0112225955654
v -0.0475593954196 -0.497267515249 0.00822990341464
v -0.0476877394568 -0.498653296015 0.00983088420065
v -0.047411752494 -0.495673356837 0.00962161477942
f 2029 2031 2033
f 2029 2033 2032
f 2029 2032 2034
f 2029 2034 2031
f 2030 2033 2031
f 2030 2032 2033
f 2030 2034 2032
f 2030 2031 2034
v -0.0460874796104 -0.497640064149 0.00974406056344
v -0.0490746954964 -0.497363403254 0.00974406056344
v -0.0475762598904 -0.497449607536 0.011243146804
v -0.0475859152164 -0.497553859867 0.00824497432291
v -0.0477193337336 -0.498994431779 0.00979640980849
v -0.0474428413732 -0.496009035624 0.00969171131838
f 2035 2037 2039
f 2035 2039 2038
f 2035 2038 2040
f 2035 2040 2037
f 2036 2039 2037
f 2036 2038 2039
f 2036 2040 2038
f 2036 2037 2040
v -0.0461188594199 -0.497978884224 0.00975
v -0.0491060753058 -0.497702223329 0.00975
v -0.0476124673628 -0.497840553777 0.01125
v -0.0476124673628 -0.497840553777 0.00825
v -0.0477507978102 -0.49933416172 0.00975
v -0.0474741369155 -0.496346945834 0.00975
f 2041 2043 2045
f 2041 2045 2044
f 2041 2044 2046
f 2041 2046 2043
f 2042 2045 2043
f 2042 2044 2045
f 2042 2046 2044
f 2042 2043 2046
v -0.0461502392293 -0.4983177043 0.00974406056344
v -0.0491374551153 -0.498041043405 0.00974406056344
v -0.0476486748353 -0.498231500018 0.011243146804
v -0.0476390195093 -0.498127247687 0.00824497432291
v -0.0477820933525 -0.49967207193 0.00969171131838
v -0.0475056009921 -0.496686675775 0.00979640980849
f 2047 2049 2051
f 2047 2051 2050
f 2047 2050 2052
f 2047 2052 2049
f 2048 2051 2049
f 2048 2050 2051
f 2048 2052 2050
f 2048 2049 2052
v -0.0461815808073 -0.498656111575 0.00972624949003
v -0.0491687966933 -0.498379450681 0.00972624949003
v -0.0476848381945 -0.498621969951 0.0112225955654
v -0.0476655393061 -0.498413592305 0.00822990341464
v -0.0478131822317 -0.500007750717 0.00962161477942
v -0.0475371952689 -0.497027811539 0.00983088420065
f 2053 2055 2057
f 2053 2057 2056
f 2053 2056 2058
f 2053 2058 2055
f 2054 2057 2055
f 2054 2056 2057
f 2054 2058 2056
f 2054 2055 2058
v -0.0462128459689 -0.498993693754 0.00969658847984
v -0.0492000618549 -0.498717032859 0.00969658847984
v -0.047720913381 -0.499011487849 0.0111883713229
v -0.0476919944428 -0.498699238763 0.00820480563679
v -0.0478440265706 -0.500340789109 0.00953979578494
v -0.0475688812532 -0.497369937504 0.00985338117474
f 2059 2061 2063
f 2059 2063 2062
f 2059 2062 2064
f 2059 2064 2061
f 2060 2063 2061
f 2060 2062 2063
f 2060 2064 2062
f 2060 2061 2064
v -0.0462439966224 -0.499330039543 0.00965511367023
v -0.0492312125084 -0.499053378648 0.00965511367023
v -0.0477568564427 -0.499399579145 0.0111405157733
v -0.0477183526881 -0.498983839047 0.00816971156712
v -0.0478745887904 -0.500670781349 0.00944635401879
v -0.0476006203404 -0.497712636842 0.00986387332167
f 2065 2067 2069
f 2065 2069 2068
f 2065 2068 2070
f 2065 2070 2067
f 2066 2069 2067
f 2066 2068 2069
f 2066 2070 2068
f 2066 2067 2070
v -0.0462749948155 -0.499664739158 0.00960187559187
v -0.0492622107015 -0.499388078263 0.00960187559187
v -0.0477926235886 -0.499785771008 0.0110790872214
v -0.0477445819284 -0.499267046413 0.00812466396235
v -0.0479048316556 -0.500997325392 0.00934140332537
v -0.0476323738615 -0.498055492028 0.00986234785837
f 2071 2073 2075
f 2071 2075 2074
f 2071 2074 2076
f 2071 2076 2073
f 2072 2075 2073
f 2072 2074 2075
f 2072 2076 2074
f 2072 2073 2076
v -0.0463058027817 -0.499997384818 0.00953693910715
v -0.0492930186677 -0.499720723923 0.00953693910715
v -0.0478281712419 -0.500169592923 0.0110041605083
v -0.0477706502075 -0.499548515817 0.00806971770605
v -0.0479347183199 -0.501320023396 0.00922507157093
v -0.0476641031295 -0.498398085344 0.00984880664338
f 2077 2079 2081
f 2077 2081 2080
f 2077 2080 2082
f 2077 2082 2079
f 2078 2081 2079
f 2078 2080 2081
f 2078 2082 2080
f 2078 2079 2082
v -0.0463363829862 -0.500327571246 0.00946038333119
v -0.0493235988722 -0.500050910351 0.00946038333119
v -0.0478634560932 -0.500550577263 0.0109158269206
v -0.0477965257651 -0.499827904333 0.00800493974178
v -0.0479642123711 -0.501638482202 0.00909750048779
v -0.0476957694873 -0.498739999394 0.00982326617459
f 2083 2085 2087
f 2083 2087 2086
f 2083 2086 2088
f 2083 2088 2085
f 2084 2087 2085
f 2084 2086 2087
f 2084 2088 2086
f 2084 2085 2088
v -0.0463666981717 -0.50065489616 0.0093723015354
v -0.0493539140577 -0.500378235266 0.0093723015354
v -0.0478984351534 -0.500928259857 0.0108141940793
v -0.047822177076 -0.500104871569 0.00793040899149
v -0.0479932778752 -0.501952313817 0.00895884550167
v -0.0477273343542 -0.499080817609 0.00978575756912
f 2089 2091 2093
f 2089 2093 2092
f 2089 2092 2094
f 2089 2094 2091
f 2090 2093 2091
f 2090 2092 2093
f 2090 2094 2092
f 2090 2091 2094
v -0.0463967114039 -0.500978960767 0.00927280103388
v -0.0493839272899 -0.500702299872 0.00927280103388
v -0.047933065806 -0.501302180557 0.0106993858083
v -0.0478475728878 -0.500379080082 0.00784621625944
v -0.0480218794203 -0.502261135886 0.00880927554232
v -0.0477587592735 -0.499420124752 0.00973632652544
f 2095 2097 2099
f 2095 2099 2098
f 2095 2098 2100
f 2095 2100 2097
f 2096 2099 2097
f 2096 2098 2099
f 2096 2100 2098
f 2096 2097 2100
v -0.0464263861162 -0.501299370242 0.00916200305266
v -0.0494136020022 -0.501022709347 0.00916200305266
v -0.0479673058587 -0.501671883797 0.0105715419838
v -0.0478726822598 -0.500650195792 0.00775246412148
v -0.0480499821599 -0.502564572157 0.00864897283767
v -0.0477900059586 -0.499757507432 0.00967503326765
f 2101 2103 2105
f 2101 2105 2104
f 2101 2104 2106
f 2101 2106 2103
f 2102 2105 2103
f 2102 2104 2105
f 2102 2106 2104
f 2102 2103 2106
v -0.0464556861547 -0.501615734216 0.00904004258203
v -0.0494429020406 -0.501339073322 0.00904004258203
v -0.0480011135953 -0.502036919152 0.0104308183639
v -0.0478974746 -0.500917888386 0.00764926680018
v -0.0480775518551 -0.502862252939 0.0084781326919
v -0.0478210363402 -0.500092554599 0.00960195247215
f 2107 2109 2111
f 2107 2111 2110
f 2107 2110 2112
f 2107 2112 2109
f 2108 2111 2109
f 2108 2110 2111
f 2108 2112 2110
f 2108 2109 2112
v -0.0464845758216 -0.501927667249 0.00890706821202
v -0.0494717917076 -0.501651006355 0.00890706821202
v -0.0480344478264 -0.502396841883 0.0102773863985
v -0.0479219197028 -0.501181831721 0.00753675002555
v -0.0481045549165 -0.503153815554 0.0082969632474
v -0.0478518126127 -0.50042485805 0.00951717317663
f 2113 2115 2117
f 2113 2117 2116
f 2113 2116 2118
f 2113 2118 2115
f 2114 2117 2115
f 2114 2116 2117
f 2114 2118 2116
f 2114 2115 2118
v -0.0465130199194 -0.502234789298 0.00876324195142
v -0.0495002358054 -0.501958128404 0.00876324195142
v -0.0480672679393 -0.502751213478 0.0101114330209
v -0.0479459877856 -0.501441704224 0.00741505088197
v -0.048130958445 -0.503438904778 0.00810568523123
v -0.0478822972799 -0.500754012924 0.0094207986716
f 2119 2121 2123
f 2119 2123 2122
f 2119 2122 2124
f 2119 2124 2121
f 2120 2123 2121
f 2120 2122 2123
f 2120 2124 2122
f 2120 2121 2124
v -0.0465409837934 -0.502536726183 0.00860873903037
v -0.0495281996794 -0.502260065288 0.00860873903037
v -0.0480995339477 -0.503099602191 0.00993316041966
v -0.0479696495251 -0.50169718928 0.00728431764109
v -0.0481567302719 -0.503717173273 0.0079045316862
v -0.0479124532009 -0.501079618198 0.00931294637455
f 2125 2127 2129
f 2125 2129 2128
f 2125 2128 2130
f 2125 2130 2127
f 2126 2129 2127
f 2126 2128 2129
f 2126 2130 2128
f 2126 2127 2130
v -0.0465684333739 -0.502833110039 0.0084437476869
v -0.0495556492598 -0.502556449144 0.0084437476869
v -0.0481312065406 -0.503441583563 0.00974278579257
v -0.0479928760932 -0.50194797562 0.00714470958122
v -0.0481818389984 -0.503988282013 0.0076937476869
v -0.0479422436353 -0.50140127717 0.0091937476869
f 2131 2133 2135
f 2131 2135 2134
f 2131 2134 2136
f 2131 2136 2133
f 2132 2135 2133
f 2132 2134 2135
f 2132 2136 2134
f 2132 2133 2136
v -0.0465953352177 -0.503123579768 0.00826846893753
v -0.0495825511037 -0.502846918874 0.00826846893753
v -0.0481622471296 -0.503776740943 0.00954054108176
v -0.0480156391918 -0.502193757699 0.00699639679329
v -0.0482062540333 -0.504251900693 0.00747359004118
v -0.0479716322882 -0.501718597949 0.00906334783387
f 2137 2139 2141
f 2137 2141 2140
f 2137 2140 2142
f 2137 2142 2139
f 2138 2141 2139
f 2138 2140 2141
f 2138 2142 2140
f 2138 2139 2142
v -0.0466216565492 -0.503407781479 0.00808311633241
v -0.0496088724352 -0.503131120584 0.00808311633241
v -0.0481926178967 -0.504104665994 0.00932667269124
v -0.0480379110877 -0.502434236069 0.00683955997358
v -0.0482299456305 -0.504507708135 0.00724432697721
v -0.0480005833539 -0.502031193928 0.00892190568762
f 2143 2145 2147
f 2143 2147 2146
f 2143 2146 2148
f 2143 2148 2145
f 2144 2147 2145
f 2144 2146 2147
f 2144 2148 2146
f 2144 2145 2148
v -0.0466473652998 -0.503685368914 0.00788791569516
v -0.0496345811858 -0.50340870802 0.00788791569516
v -0.0482222818397 -0.504424959189 0.00910144118672
v -0.0480596646459 -0.502669117746 0.00667439020359
v -0.0482528849256 -0.504755392676 0.00700623781672
v -0.04802906156 -0.502338684258 0.00876959357359
f 2149 2151 2153
f 2149 2153 2152
f 2149 2152 2154
f 2149 2154 2151
f 2150 2153 2151
f 2150 2152 2153
f 2150 2154 2152
f 2150 2151 2154
v -0.0466724301475 -0.503956003877 0.00768310484767
v -0.0496596460334 -0.503679342983 0.00768310484767
v -0.0482512028178 -0.5047372303 0.00886512097808
v -0.0480808733631 -0.50289811656 0.00650108871726
v -0.0482750439705 -0.504994652551 0.00675961263468
v -0.0480570322103 -0.502640694309 0.00860659706065
f 2155 2157 2159
f 2155 2159 2158
f 2155 2158 2160
f 2155 2160 2157
f 2156 2159 2157
f 2156 2158 2159
f 2156 2160 2158
f 2156 2157 2160
v -0.0466968205544 -0.504219356641 0.00746893332041
v -0.0496840364404 -0.503942695746 0.00746893332041
v -0.048279345595 -0.505041098873 0.00861799998509
v -0.0481015113998 -0.503120953514 0.00631986665573
v -0.0482963957679 -0.505225196258 0.00650475190588
v -0.0480844612269 -0.502936856128 0.00843311473494
f 2161 2163 2165
f 2161 2165 2164
f 2161 2164 2166
f 2161 2166 2163
f 2162 2165 2163
f 2162 2164 2165
f 2162 2166 2164
f 2162 2163 2166
v -0.0467205068048 -0.50447510635 0.0072456620484
v -0.0497077226907 -0.504198445455 0.0072456620484
v -0.0483066758839 -0.505336194691 0.00836037928662
v -0.0481215536116 -0.503337357114 0.00613094481019
v -0.0483169143039 -0.505446742916 0.00624196613887
v -0.0481113151916 -0.503226808888 0.00824935795794
f 2167 2169 2171
f 2167 2171 2170
f 2167 2170 2172
f 2167 2172 2169
f 2168 2171 2169
f 2168 2170 2171
f 2168 2172 2170
f 2168 2169 2172
v -0.0467434600405 -0.504722941413 0.0070135630533
v -0.0497306759264 -0.504446280518 0.0070135630533
v -0.0483331603866 -0.505622158225 0.00809257275381
v -0.0481409755803 -0.503547063706 0.00593455335279
v -0.0483365745798 -0.505659022605 0.00597157549761
v -0.048137561387 -0.503510199326 0.00805555060899
f 2173 2175 2177
f 2173 2177 2176
f 2173 2176 2178
f 2173 2178 2175
f 2174 2177 2175
f 2174 2176 2177
f 2174 2178 2176
f 2174 2175 2178
v -0.0467656522965 -0.504962559881 0.00677291911198
v -0.0497528681825 -0.504685898986 0.00677291911198
v -0.0483587668359 -0.505898641073 0.00781490666766
v -0.0481597536431 -0.503749817794 0.00573093155629
v -0.0483553526426 -0.505861776693 0.00569390941147
v -0.0481631678363 -0.503786682174 0.00785192881248
f 2179 2181 2183
f 2179 2183 2182
f 2179 2182 2184
f 2179 2184 2181
f 2180 2183 2181
f 2180 2182 2183
f 2180 2184 2182
f 2180 2181 2184
v -0.0467870565351 -0.505193669816 0.006524023412
v -0.049774272421 -0.504917008921 0.006524023412
v -0.0483834640342 -0.506165306383 0.00752771932154
v -0.0481778649219 -0.503945372354 0.00552032750246
v -0.0483732256142 -0.506054758157 0.00540930617378
v -0.0481881033419 -0.50405592058 0.00763874065021
f 2185 2187 2189
f 2185 2189 2188
f 2185 2188 2190
f 2185 2190 2187
f 2186 2189 2187
f 2186 2188 2189
f 2186 2190 2188
f 2186 2187 2190
v -0.0468076466784 -0.505415989646 0.00626717919444
v -0.0497948625643 -0.505139328751 0.00626717919444
v -0.0484072218919 -0.506421829264 0.00723136060897
v -0.0481952873508 -0.504133489134 0.00530299777991
v -0.048390171719 -0.506237731878 0.00511811252977
v -0.0482123375237 -0.504317586519 0.00741624585912
f 2191 2193 2195
f 2191 2195 2194
f 2191 2194 2196
f 2191 2196 2193
f 2192 2195 2193
f 2192 2194 2195
f 2192 2196 2194
f 2192 2193 2196
v -0.0468273976405 -0.505629248509 0.00600269938443
v -0.0498146135264 -0.505352587614 0.00600269938443
v -0.0484300114635 -0.506667897182 0.00692619159741
v -0.0482119997034 -0.504313938941 0.00507920717144
v -0.0484061703108 -0.506410474931 0.00482068325402
v -0.0482358408561 -0.504571361192 0.00718471551484
f 2197 2199 2201
f 2197 2201 2200
f 2197 2200 2202
f 2197 2202 2199
f 2198 2201 2199
f 2198 2200 2201
f 2198 2202 2200
f 2198 2199 2202
v -0.0468462853579 -0.505833186581 0.00573090620985
v -0.0498335012439 -0.505556525687 0.00573090620985
v -0.0484518049837 -0.506903210343 0.00661258408829
v -0.0482279816181 -0.504486501925 0.00484922833141
v -0.0484212018978 -0.506572776856 0.00451738071829
v -0.048258584704 -0.504816935412 0.00694443170141
f 2203 2205 2207
f 2203 2207 2206
f 2203 2206 2208
f 2203 2208 2205
f 2204 2207 2205
f 2204 2206 2207
f 2204 2208 2206
f 2204 2205 2208
v -0.0468642868189 -0.506027555396 0.00545213080884
v -0.0498515027049 -0.505750894501 0.00545213080884
v -0.0484725759002 -0.507127482052 0.00629092016405
v -0.0482432136236 -0.504650967845 0.00461334145363
v -0.0484352481664 -0.506724439911 0.00420857445001
v -0.0482805413574 -0.505054009987 0.00669568716767
f 2209 2211 2213
f 2209 2213 2212
f 2209 2212 2214
f 2209 2214 2211
f 2210 2213 2211
f 2210 2212 2213
f 2210 2214 2212
f 2210 2211 2214
v -0.0468813800914 -0.506212118145 0.00516671282627
v -0.0498685959774 -0.50593545725 0.00516671282627
v -0.048492298907 -0.50734043907 0.00596159172262
v -0.0482576771619 -0.504807136325 0.00437183392992
v -0.0484482920033 -0.50686527932 0.00389464068204
v -0.0483016840655 -0.505282296075 0.00643878497051
f 2215 2217 2219
f 2215 2219 2218
f 2215 2218 2220
f 2215 2220 2217
f 2216 2219 2217
f 2216 2218 2219
f 2216 2220 2218
f 2216 2217 2220
v -0.04689754435 -0.506386649967 0.004875
v -0.0498847602359 -0.506109989072 0.004875
v -0.0485109499745 -0.507541821941 0.005625
v -0.0482713546114 -0.504954817097 0.004125
v -0.0484603175167 -0.506995123491 0.00357596189432
v -0.0483219870693 -0.505501515548 0.00617403810568
f 2221 2223 2225
f 2221 2225 2224
f 2221 2224 2226
f 2221 2226 2223
f 2222 2225 2223
f 2222 2224 2225
f 2222 2226 2224
f 2222 2223 2226
v -0.0469127599009 -0.506550938221 0.00457734773716
v -0.0498999757868 -0.506274277326 0.00457734773716
v -0.0485285063794 -0.507731385311 0.00528155508134
v -0.0482842293083 -0.505093830235 0.00387314039298
v -0.0484713100552 -0.507113814228 0.00325292634787
v -0.0483414256325 -0.505711401318 0.00590176912645
f 2227 2229 2231
f 2227 2231 2230
f 2227 2230 2232
f 2227 2232 2229
f 2228 2231 2229
f 2228 2230 2231
f 2228 2232 2230
f 2228 2229 2232
v -0.0469270082063 -0.506704782747 0.00427411868119
v -0.0499142240923 -0.506428121853 0.00427411868119
v -0.0485449467319 -0.507908898227 0.00493167540138
v -0.0482962855668 -0.505224006373 0.00361656196101
v -0.0484812562262 -0.507221206927 0.00292592761174
v -0.0483599760725 -0.505911697673 0.00562230975064
f 2233 2235 2237
f 2233 2237 2236
f 2233 2236 2238
f 2233 2238 2235
f 2234 2237 2235
f 2234 2236 2237
f 2234 2238 2236
f 2234 2235 2238
v -0.046940271907 -0.506847996111 0.00396568226999
v -0.0499274877929 -0.506571335216 0.00396568226999
v -0.0485602510018 -0.508074144415 0.0045757872346
v -0.0483075086981 -0.505345186912 0.00335557730538
v -0.0484901439118 -0.507317170744 0.00259536408353
v -0.0483776157882 -0.506102160583 0.00533600045645
f 2239 2241 2243
f 2239 2243 2242
f 2239 2242 2244
f 2239 2244 2241
f 2240 2243 2241
f 2240 2242 2243
f 2240 2244 2242
f 2240 2241 2244
v -0.0469525348431 -0.506980403828 0.00365241428581
v -0.049939750729 -0.506703742933 0.00365241428581
v -0.0485744005434 -0.50822692255 0.00421432417593
v -0.0483178850286 -0.505457224211 0.00309050439568
v -0.0484979622837 -0.507401588764 0.00226163850395
v -0.0483943232884 -0.506282557997 0.00504319006766
f 2245 2247 2249
f 2245 2249 2248
f 2245 2248 2250
f 2245 2250 2247
f 2246 2249 2247
f 2246 2248 2249
f 2246 2250 2248
f 2246 2247 2250
v -0.046963782074 -0.50710184458 0.00333469639743
v -0.04995099796 -0.506825183685 0.00333469639743
v -0.0485873781177 -0.508367046495 0.00384772661241
v -0.0483274019164 -0.50555998177 0.00282166618244
v -0.0485047018165 -0.507474358135 0.00192515746625
v -0.0484100782176 -0.506452670129 0.0047442353286
f 2251 2253 2255
f 2251 2255 2254
f 2251 2254 2256
f 2251 2256 2253
f 2252 2255 2253
f 2252 2254 2255
f 2252 2256 2254
f 2252 2253 2256
v -0.0469739998969 -0.507212170409 0.00301291569516
v -0.0499612157829 -0.506935509515 0.00301291569516
v -0.0485991679133 -0.508494345529 0.00347644118672
v -0.0483360477665 -0.505653334395 0.00254939020359
v -0.048510354299 -0.507535390199 0.00158633092071
v -0.0484248613808 -0.506612289725 0.0044395004696
f 2257 2259 2261
f 2257 2261 2260
f 2257 2260 2262
f 2257 2262 2259
f 2258 2261 2259
f 2258 2260 2261
f 2258 2262 2260
f 2258 2259 2262
v -0.0469831758628 -0.507311246902 0.00268746421922
v -0.0499703917488 -0.507034586008 0.00268746421922
v -0.0486097555663 -0.508608664559 0.00310092025294
v -0.0483438120454 -0.505737168351 0.00227400818549
v -0.0485149128446 -0.507584610599 0.00124557167531
v -0.0484386547671 -0.506761222311 0.00412935676312
f 2263 2265 2267
f 2263 2267 2266
f 2263 2266 2268
f 2263 2268 2265
f 2264 2267 2265
f 2264 2266 2267
f 2264 2268 2266
f 2264 2265 2268
v -0.0469912987923 -0.507398953349 0.0023587384821
v -0.0499785146783 -0.507122292454 0.0023587384821
v -0.0486191281772 -0.508709864305 0.0027216213255
v -0.0483506852934 -0.505811381498 0.0019958556387
v -0.0485183718993 -0.507621959366 0.000903294892683
v -0.0484514415712 -0.506899286437 0.00381418207151
f 2269 2271 2273
f 2269 2273 2272
f 2269 2272 2274
f 2269 2274 2271
f 2270 2273 2271
f 2270 2272 2273
f 2270 2274 2272
f 2270 2271 2274
v -0.0469983587888 -0.507475182892 0.00202713898547
v -0.0499855746748 -0.507198521997 0.00202713898547
v -0.048627274327 -0.508797821471 0.0023390065217
v -0.0483566591366 -0.505875883419 0.00171527144925
v -0.048520727249 -0.507647390998 0.000559917584372
v -0.0484632062146 -0.507026313892 0.00349436038657
f 2275 2277 2279
f 2275 2279 2278
f 2275 2278 2280
f 2275 2280 2277
f 2276 2279 2277
f 2276 2278 2279
f 2276 2280 2278
f 2276 2277 2280
v -0.0470320875864 -0.507839365912 -0.0013917310096
v -0.0500193034724 -0.507562705017 -0.0013917310096
v -0.0486626797544 -0.509180107718 -0.00160049066104
v -0.0483887113044 -0.506221963211 -0.00118297135816
v -0.0485064436521 -0.507493165415 -0.00287713311271
v -0.0485449474067 -0.507908905513 9.36710935117e-05
f 2281 2283 2285
f 2281 2285 2284
f 2281 2284 2286
f 2281 2286 2283
f 2282 2285 2283
f 2282 2284 2285
f 2282 2286 2284
f 2282 2283 2286
v -0.047027052067 -0.507784995439 -0.00173648177667
v -0.0500142679529 -0.507508334544 -0.00173648177667
v -0.048656888907 -0.509117581674 -0.00199695404317
v -0.0483844311129 -0.506175748309 -0.00147600951017
v -0.0484966391798 -0.507387302694 -0.00321369340619
v -0.0485446808401 -0.507906027289 -0.000259270147151
f 2287 2289 2291
f 2287 2291 2290
f 2287 2290 2292
f 2287 2292 2289
f 2288 2291 2289
f 2288 2290 2291
f 2288 2292 2290
f 2288 2289 2292
v -0.0470209100547 -0.50771867773 -0.00207911690818
v -0.0500081259406 -0.507442016835 -0.00207911690818
v -0.0486498255929 -0.509041316308 -0.0023909844444
v -0.0483792104024 -0.506119378257 -0.00176724937195
v -0.0484857574804 -0.50726980873 -0.00354633830928
v -0.0485432785149 -0.507890885835 -0.000611895507077
f 2293 2295 2297
f 2293 2297 2296
f 2293 2296 2298
f 2293 2298 2295
f 2294 2297 2295
f 2294 2296 2297
f 2294 2298 2296
f 2294 2295 2298
v -0.0470136690326 -0.507640493583 -0.002419218956
v -0.0500008849186 -0.507363832688 -0.002419218956
v -0.0486414984175 -0.508951404539 -0.0027821017994
v -0.0483730555337 -0.506052921732 -0.0020563361126
v -0.0484738118116 -0.507140826671 -0.00387466254541
v -0.0485407421397 -0.5078634996 -0.000963775366583
f 2299 2301 2303
f 2299 2303 2302
f 2299 2302 2304
f 2299 2304 2301
f 2300 2303 2301
f 2300 2302 2303
f 2300 2304 2302
f 2300 2301 2304
v -0.0470053378229 -0.507550538253 -0.00275637355817
v -0.0499925537089 -0.507273877358 -0.00275637355817
v -0.0486319175263 -0.50884795591 -0.0031698295919
v -0.0483659740054 -0.505976459701 -0.00234291752444
v -0.0484608167271 -0.507000513662 -0.00419826610208
v -0.0485370748046 -0.50782390195 -0.00131448101426
f 2305 2307 2309
f 2305 2309 2308
f 2305 2308 2310
f 2305 2310 2307
f 2306 2309 2307
f 2306 2308 2309
f 2306 2310 2308
f 2306 2307 2310
v -0.0469959265758 -0.507448921337 -0.00309016994375
v -0.0499831424618 -0.507172260442 -0.00309016994375
v -0.0486210945922 -0.508731096457 -0.00355369543531
v -0.0483579744454 -0.505890085323 -0.00262664445219
v -0.0484467880597 -0.506849040653 -0.00451675471819
v -0.0485322809779 -0.507772141127 -0.00166358516931
f 2311 2313 2315
f 2311 2315 2314
f 2311 2314 2316
f 2311 2316 2313
f 2312 2315 2313
f 2312 2314 2315
f 2312 2316 2314
f 2312 2313 2316
v -0.0469854467575 -0.50733576664 -0.00342020143326
v -0.0499726626434 -0.507059105745 -0.00342020143326
v -0.0486090428011 -0.508600968555 -0.00393323164825
v -0.0483490665998 -0.50579390383 -0.00290717121827
v -0.048431742901 -0.50668659219 -0.00482974036444
v -0.0485263664999 -0.507708280195 -0.00201066250208
f 2317 2319 2321
f 2317 2321 2320
f 2317 2320 2322
f 2317 2322 2319
f 2318 2321 2319
f 2318 2320 2321
f 2318 2322 2320
f 2318 2319 2322
v -0.046973911136 -0.507211212023 -0.00374606593416
v -0.0499611270219 -0.506934551128 -0.00374606593416
v -0.0485957768364 -0.508457730745 -0.00430797582428
v -0.0483392613215 -0.505688032406 -0.00318415604404
v -0.0484156995813 -0.506513366192 -0.00513684171601
v -0.0485193385766 -0.507632396959 -0.00235529015231
f 2323 2325 2327
f 2323 2327 2326
f 2323 2326 2328
f 2323 2328 2325
f 2324 2327 2325
f 2324 2326 2327
f 2324 2328 2326
f 2324 2325 2328
v -0.0469613337656 -0.507075409236 -0.00406736643076
v -0.0499485496516 -0.506798748341 -0.00406736643076
v -0.0485813128605 -0.508301557541 -0.00467747139537
v -0.0483285705568 -0.505572600037 -0.00345726146614
v -0.0483986776468 -0.506329573708 -0.00543768461722
v -0.0485112057704 -0.50754458387 -0.00269704824429
f 2329 2331 2333
f 2329 2333 2332
f 2329 2332 2334
f 2329 2334 2331
f 2330 2333 2331
f 2330 2332 2333
f 2330 2334 2332
f 2330 2331 2334
v -0.0469477299701 -0.506928523735 -0.00438371146789
v -0.0499349458561 -0.50665186284 -0.00438371146789
v -0.0485656684956 -0.508132639214 -0.00504126818807
v -0.0483170073305 -0.505447747361 -0.00372615474771
v -0.0483806978362 -0.506135438661 -0.00573190253734
v -0.0485019779899 -0.507444947915 -0.00303552039844
f 2335 2337 2339
f 2335 2339 2338
f 2335 2338 2340
f 2335 2340 2337
f 2336 2339 2337
f 2336 2338 2339
f 2336 2340 2338
f 2336 2337 2340
v -0.0469331163235 -0.506770734477 -0.00469471562786
v -0.0499203322094 -0.506494073582 -0.00469471562786
v -0.048548862802 -0.507951181568 -0.00539892297204
v -0.0483045857309 -0.505313626492 -0.00399050828368
v -0.0483617820551 -0.505931197574 -0.00601913701715
v -0.0484916664778 -0.507333610485 -0.00337029423857
f 2341 2343 2345
f 2341 2345 2344
f 2341 2344 2346
f 2341 2346 2343
f 2342 2345 2343
f 2342 2344 2345
f 2342 2346 2344
f 2342 2343 2346
v -0.0469175106302 -0.506602233704 -0.005
v -0.0499047265162 -0.506325572809 -0.005
v -0.0485309162548 -0.507757405678 -0.00575
v -0.0482913208917 -0.505170400834 -0.00425
v -0.0483419533495 -0.505717099285 -0.00629903810568
v -0.0484802837969 -0.507210707228 -0.00370096189432
f 2347 2349 2351
f 2347 2351 2350
f 2347 2350 2352
f 2347 2352 2349
f 2348 2351 2349
f 2348 2350 2351
f 2348 2352 2350
f 2348 2349 2352
v -0.0469009319035 -0.506423226707 -0.00529919264233
v -0.0498881477895 -0.506146565812 -0.00529919264233
v -0.0485118507191 -0.507551547632 -0.00609407153868
v -0.048277228974 -0.505018244887 -0.00450431374598
v -0.0483212358776 -0.505493404638 -0.00657126478657
v -0.0484678438154 -0.507076387882 -0.0040271204981
f 2353 2355 2357
f 2353 2357 2356
f 2353 2356 2358
f 2353 2358 2355
f 2354 2357 2355
f 2354 2356 2357
f 2354 2358 2356
f 2354 2355 2358
v -0.046883400342 -0.50623393158 -0.00559192903471
v -0.0498706162279 -0.505957270685 -0.00559192903471
v -0.0484916894232 -0.507333858236 -0.00643071838991
v -0.0482623271466 -0.504857344029 -0.0047531396795
v -0.0482996548804 -0.50526038617 -0.00683548539354
v -0.0484543616894 -0.506930816095 -0.00434837267587
f 2359 2361 2363
f 2359 2363 2362
f 2359 2362 2364
f 2359 2364 2361
f 2360 2363 2361
f 2360 2362 2363
f 2360 2364 2362
f 2360 2361 2364
v -0.046864937305 -0.50603457895 -0.00587785252292
v -0.049852153191 -0.505757918055 -0.00587785252292
v -0.0484704569308 -0.507104602711 -0.00675953040136
v -0.0482466335652 -0.504687894293 -0.00499617464449
v -0.0482772366511 -0.505018327781 -0.00709137801449
v -0.0484398538449 -0.506774169224 -0.00466432703136
f 2365 2367 2369
f 2365 2369 2368
f 2365 2368 2370
f 2365 2370 2367
f 2366 2369 2367
f 2366 2368 2369
f 2366 2370 2368
f 2366 2367 2370
v -0.0468455652872 -0.505825411696 -0.00615661475326
v -0.0498327811731 -0.505548750801 -0.00615661475326
v -0.0484481791102 -0.506864060369 -0.00708010696625
v -0.04823016735 -0.504510102128 -0.00523312254027
v -0.0482540085028 -0.504767524379 -0.00733863088367
v -0.0484243379575 -0.506606638118 -0.00497459862285
f 2371 2373 2375
f 2371 2375 2374
f 2371 2374 2376
f 2371 2376 2373
f 2372 2375 2373
f 2372 2374 2375
f 2372 2376 2374
f 2372 2373 2376
v -0.0468253078901 -0.505606684657 -0.00642787609687
v -0.0498125237761 -0.505330023762 -0.00642787609687
v -0.0484248831036 -0.506612524274 -0.0073920575114
v -0.0482129485626 -0.504324184145 -0.00546369468234
v -0.0482299987355 -0.50450828153 -0.00757694276154
v -0.0484078329307 -0.506428426889 -0.00527880943219
f 2377 2379 2381
f 2377 2381 2380
f 2377 2380 2382
f 2377 2382 2379
f 2378 2381 2379
f 2378 2380 2381
f 2378 2382 2380
f 2378 2379 2382
v -0.0468041897944 -0.505378664318 -0.00669130606359
v -0.0497914056804 -0.505102003423 -0.00669130606359
v -0.0484005972936 -0.506350300885 -0.00769500197313
v -0.0481949981812 -0.504130366857 -0.00568761015405
v -0.0482052366013 -0.504240915082 -0.0078060233018
v -0.0483903588735 -0.506239752659 -0.00557658882537
f 2383 2385 2387
f 2383 2387 2386
f 2383 2386 2388
f 2383 2388 2385
f 2384 2387 2385
f 2384 2386 2387
f 2384 2388 2386
f 2384 2385 2388
v -0.0467822367292 -0.505141628487 -0.00694658370459
v -0.0497694526152 -0.504864967593 -0.00694658370459
v -0.0483753512686 -0.50607770968 -0.00798857126028
v -0.0481763380758 -0.503928886401 -0.0059045961489
v -0.048179752269 -0.50396575078 -0.0080255934051
v -0.0483719370754 -0.5060408453 -0.00586757400408
f 2389 2391 2393
f 2389 2393 2392
f 2389 2392 2394
f 2389 2394 2391
f 2390 2393 2391
f 2390 2392 2393
f 2390 2394 2392
f 2390 2391 2394
v -0.046759475441 -0.504895865956 -0.00719339800339
v -0.0497466913269 -0.504619205061 -0.00719339800339
v -0.0483491757871 -0.505795082768 -0.00827240770389
v -0.0481569909808 -0.503719988249 -0.00611438830288
v -0.0481535767876 -0.503683123869 -0.00823538555908
v -0.0483525899804 -0.505831947148 -0.0061514104477
f 2395 2397 2399
f 2395 2399 2398
f 2395 2398 2400
f 2395 2400 2397
f 2396 2399 2397
f 2396 2398 2399
f 2396 2400 2398
f 2396 2397 2400
v -0.0467359336608 -0.504641676148 -0.00743144825477
v -0.0497231495468 -0.504365015253 -0.00743144825477
v -0.0483221027399 -0.505502764489 -0.00854616549299
v -0.0481369804676 -0.503503926912 -0.00631673101656
v -0.0481267420476 -0.503393378686 -0.00843514416431
v -0.04833234116 -0.505613312715 -0.00642775234524
f 2401 2403 2405
f 2401 2405 2404
f 2401 2404 2406
f 2401 2406 2403
f 2402 2405 2403
f 2402 2404 2405
f 2402 2406 2404
f 2402 2403 2406
v -0.0467116400707 -0.504379368754 -0.00766044443119
v -0.0496988559566 -0.504102707859 -0.00766044443119
v -0.0482941651113 -0.505201110986 -0.00880951109587
v -0.048116330916 -0.503280965627 -0.00651137776651
v -0.0480992807431 -0.503096868242 -0.00862462584572
v -0.0483112152842 -0.505385208372 -0.00669626301666
f 2407 2409 2411
f 2407 2411 2410
f 2407 2410 2412
f 2407 2412 2409
f 2408 2411 2409
f 2408 2410 2411
f 2408 2412 2410
f 2408 2409 2412
v -0.0466866242687 -0.504109263356 -0.00788010753607
v -0.0496738401546 -0.503832602461 -0.00788010753607
v -0.048265396939 -0.504890489778 -0.00906212366648
v -0.0480950674843 -0.503051376039 -0.00669809140566
v -0.0480712263316 -0.502793953788 -0.00880359974906
v -0.0482892380918 -0.505147912029 -0.00695661532308
f 2413 2415 2417
f 2413 2417 2416
f 2413 2416 2418
f 2413 2418 2415
f 2414 2417 2415
f 2414 2416 2417
f 2414 2418 2416
f 2414 2415 2418
v -0.0466609167327 -0.503831689035 -0.00809016994375
v -0.0496481326186 -0.50355502814 -0.00809016994375
v -0.0482358332726 -0.504571279309 -0.00930369543531
v -0.0480732160787 -0.502815437866 -0.00687664445219
v -0.0480426129929 -0.502485004379 -0.00897184782219
v -0.0482664363584 -0.504901712796 -0.00720849206531
f 2419 2421 2423
f 2419 2423 2422
f 2419 2422 2424
f 2419 2424 2421
f 2420 2423 2421
f 2420 2422 2423
f 2420 2424 2422
f 2420 2421 2424
v -0.0466345487833 -0.503546983973 -0.00829037572555
v -0.0496217646692 -0.503270323078 -0.00829037572555
v -0.0482055101308 -0.504243868488 -0.00953393208438
v -0.0480508033218 -0.502573438563 -0.00704681936672
v -0.048013475588 -0.502170396422 -0.00912916508076
v -0.0482428378646 -0.504646910629 -0.00745158637034
f 2425 2427 2429
f 2425 2429 2428
f 2425 2428 2430
f 2425 2430 2427
f 2426 2429 2427
f 2426 2428 2429
f 2426 2430 2428
f 2426 2427 2430
v -0.0466075525459 -0.503255495039 -0.00848048096156
v -0.0495947684318 -0.502978834144 -0.00848048096156
v -0.0481744644578 -0.503908656214 -0.0097525531058
v -0.04802785652 -0.502325672969 -0.00720840881733
v -0.0479838496163 -0.501850513219 -0.00927535985791
v -0.0482184713614 -0.504383815964 -0.00768560206521
f 2431 2433 2435
f 2431 2435 2434
f 2431 2434 2436
f 2431 2436 2433
f 2432 2435 2433
f 2432 2434 2435
f 2432 2436 2434
f 2432 2433 2436
v -0.0465799609112 -0.502957577367 -0.00866025403784
v -0.0495671767971 -0.502680916473 -0.00866025403784
v -0.0481427340778 -0.503566050892 -0.00995929214352
v -0.0480044036304 -0.502072442949 -0.00736121593217
v -0.0479537711726 -0.501525744498 -0.00941025403784
v -0.0481933665357 -0.504112749342 -0.00791025403784
f 2437 2439 2441
f 2437 2441 2440
f 2437 2440 2442
f 2437 2442 2439
f 2438 2441 2439
f 2438 2440 2441
f 2438 2442 2440
f 2438 2439 2442
v -0.0465518074953 -0.502653593925 -0.00882947592859
v -0.0495390233813 -0.502376933031 -0.00882947592859
v -0.0481103576496 -0.503216469933 -0.0101538973179
v -0.047980473227 -0.501814057023 -0.0075050545393
v -0.0479232769027 -0.50119648594 -0.00953368327277
v -0.0481675539738 -0.503834041016 -0.00812526858441
f 2443 2445 2447
f 2443 2447 2446
f 2443 2446 2448
f 2443 2448 2445
f 2444 2447 2445
f 2444 2446 2447
f 2444 2448 2446
f 2444 2445 2448
v -0.0465231265989 -0.50234391507 -0.00898794046299
v -0.0495103424849 -0.502067254175 -0.00898794046299
v -0.0480773746188 -0.502860339249 -0.0103361315324
v -0.047956094465 -0.501550829995 -0.00763974939354
v -0.0478924039594 -0.500863138696 -0.00964549718318
v -0.0481410651244 -0.503548030549 -0.00833038374281
f 2449 2451 2453
f 2449 2453 2452
f 2449 2452 2454
f 2449 2454 2451
f 2450 2453 2451
f 2450 2452 2453
f 2450 2454 2452
f 2450 2451 2454
v -0.0464939531652 -0.502028918096 -0.00913545457643
v -0.0494811690512 -0.501752257201 -0.00913545457643
v -0.04804382517 -0.50249809273 -0.0105057727629
v -0.0479312970464 -0.501283082568 -0.00776513638996
v -0.0478611899564 -0.500526108897 -0.00974555954104
v -0.0481139322601 -0.503255066401 -0.00852534961181
f 2455 2457 2459
f 2455 2459 2458
f 2455 2458 2460
f 2455 2460 2457
f 2456 2459 2457
f 2456 2458 2459
f 2456 2460 2458
f 2456 2457 2460
v -0.0464643227376 -0.50170898678 -0.00927183854567
v -0.0494515386236 -0.501432325886 -0.00927183854567
v -0.0480097501783 -0.502130171716 -0.0106626143275
v -0.0479061111829 -0.501011140949 -0.00788106276382
v -0.0478296729232 -0.500185807163 -0.00983374843579
v -0.048086188438 -0.502955505503 -0.00870992865554
f 2461 2463 2465
f 2461 2465 2464
f 2461 2464 2466
f 2461 2466 2463
f 2462 2465 2463
f 2462 2464 2465
f 2462 2466 2464
f 2462 2463 2466
v -0.0464342714161 -0.501384510909 -0.00939692620786
v -0.0494214873021 -0.501107850014 -0.00939692620786
v -0.0479751911586 -0.501757024464 -0.010806465139
v -0.0478805675597 -0.500735336459 -0.00798738727668
v -0.0477978912585 -0.499842648099 -0.00990995642285
v -0.0480578674598 -0.502649712824 -0.00888389599287
f 2467 2469 2471
f 2467 2471 2470
f 2467 2470 2472
f 2467 2472 2469
f 2468 2471 2469
f 2468 2470 2471
f 2468 2472 2470
f 2468 2469 2472
v -0.0464038358138 -0.501055885806 -0.00951056516295
v -0.0493910516997 -0.500779224911 -0.00951056516295
v -0.0479401902158 -0.501379105596 -0.0109371499374
v -0.0478546972976 -0.500456005122 -0.00808398038851
v -0.0477658836833 -0.499497049792 -0.00997409065451
v -0.0480290038301 -0.502338060926 -0.00904703967139
f 2473 2475 2477
f 2473 2477 2476
f 2473 2476 2478
f 2473 2478 2475
f 2474 2477 2475
f 2474 2476 2477
f 2474 2478 2476
f 2474 2475 2478
v -0.0463730530115 -0.500723511851 -0.00961261695938
v -0.0493602688975 -0.500446850956 -0.00961261695938
v -0.0479047899932 -0.500996875548 -0.0110545095033
v -0.0478285319157 -0.50017348726 -0.00817072441548
v -0.047733689194 -0.499149433299 -0.0100260729931
v -0.0479996327149 -0.502020929508 -0.00919916092566
f 2479 2481 2483
f 2479 2483 2482
f 2479 2482 2484
f 2479 2484 2481
f 2480 2483 2481
f 2480 2482 2483
f 2480 2484 2482
f 2480 2481 2484
v -0.0463419605135 -0.50038779399 -0.00970295726276
v -0.0493291763995 -0.500111133095 -0.00970295726276
v -0.0478690336206 -0.500610800007 -0.0111584008522
v -0.0478021032925 -0.499888127078 -0.00824751367335
v -0.0477013470146 -0.498800222139 -0.0100658401062
v -0.0479697898984 -0.501698704946 -0.00934007441936
f 2485 2487 2489
f 2485 2489 2488
f 2485 2488 2490
f 2485 2490 2487
f 2486 2489 2487
f 2486 2488 2489
f 2486 2490 2488
f 2486 2487 2490
v -0.0463105962013 -0.500049141243 -0.00978147600734
v -0.0492978120872 -0.499772480348 -0.00978147600734
v -0.0478329646614 -0.500221349349 -0.0112486974084
v -0.047775443627 -0.499600272243 -0.00831425460624
v -0.047668896549 -0.49844984177 -0.0100933435436
v -0.0479395117395 -0.501371779822 -0.00946960847111
f 2491 2493 2495
f 2491 2495 2494
f 2491 2494 2496
f 2491 2496 2493
f 2492 2495 2493
f 2492 2494 2495
f 2492 2496 2494
f 2492 2493 2496
v -0.0462789982872 -0.499707966207 -0.00984807753012
v -0.0492662141732 -0.499431305312 -0.00984807753012
v -0.0477966270603 -0.499828998057 -0.0113252891596
v -0.0477485854001 -0.499310273462 -0.0083708659006
v -0.0476363773331 -0.498098719078 -0.0101085497966
v -0.0479088351273 -0.501040552442 -0.00958760526362
f 2497 2499 2501
f 2497 2501 2500
f 2497 2500 2502
f 2497 2502 2499
f 2498 2501 2499
f 2498 2500 2501
f 2498 2502 2500
f 2498 2499 2502
v -0.0462472052687 -0.499364684551 -0.00990268068742
v -0.0492344211546 -0.499088023656 -0.00990268068742
v -0.047760065089 -0.499434224153 -0.0113880827905
v -0.0477215613343 -0.499018484055 -0.0084172785843
v -0.0476038289867 -0.497747281851 -0.0101114403389
v -0.0478777974366 -0.500705426357 -0.00969392103598
f 2503 2505 2507
f 2503 2507 2506
f 2503 2506 2508
f 2503 2508 2505
f 2504 2507 2505
f 2504 2506 2507
f 2504 2508 2506
f 2504 2505 2508
v -0.0462152558805 -0.499019714511 -0.00994521895368
v -0.0492024717664 -0.498743053616 -0.00994521895368
v -0.0477233232925 -0.499037508606 -0.0114370017967
v -0.0476944043543 -0.49872525952 -0.00845343611063
v -0.0475712911647 -0.497395958261 -0.0101020116486
v -0.0478464364822 -0.500366809866 -0.00978842625878
f 2509 2511 2513
f 2509 2513 2512
f 2509 2512 2514
f 2509 2514 2511
f 2510 2513 2511
f 2510 2512 2513
f 2510 2514 2512
f 2510 2511 2514
v -0.046183189048 -0.498673476379 -0.0099756405026
v -0.049170404934 -0.498396815484 -0.0099756405026
v -0.0476864464352 -0.498639334755 -0.011471986578
v -0.0476671475468 -0.498430957109 -0.00847929442721
v -0.0475388035096 -0.497045176343 -0.0100802752132
v -0.0478147904724 -0.500025115521 -0.00987100579198
f 2515 2517 2519
f 2515 2519 2518
f 2515 2518 2520
f 2515 2520 2517
f 2516 2519 2517
f 2516 2518 2519
f 2516 2520 2518
f 2516 2517 2520
v -0.0461510438398 -0.498326391994 -0.00999390827019
v -0.0491382597258 -0.498049731099 -0.00999390827019
v -0.0476494794458 -0.498240187712 -0.0114929945107
v -0.0476398241198 -0.498135935381 -0.00849482202966
v -0.0475064056026 -0.496695363469 -0.0100462575152
v -0.047782897963 -0.499680759624 -0.00994155902514
f 2521 2523 2525
f 2521 2525 2524
f 2521 2524 2526
f 2521 2526 2523
f 2522 2525 2523
f 2522 2524 2525
f 2522 2526 2524
f 2522 2523 2526
v -0.0461188594199 -0.497978884224 -0.01
v -0.0491060753058 -0.497702223329 -0.01
v -0.0476124673628 -0.497840553777 -0.0115
v -0.0476124673628 -0.497840553777 -0.0085
v -0.0474741369155 -0.496346945834 -0.01
v -0.0477507978102 -0.49933416172 -0.01
f 2527 2529 2531
f 2527 2531 2530
f 2527 2530 2532
f 2527 2532 2529
f 2528 2531 2529
f 2528 2530 2531
f 2528 2532 2530
f 2528 2529 2532
v -0.0460866749999 -0.497631376454 -0.00999390827019
v -0.0490738908859 -0.49735471556 -0.00999390827019
v -0.0475754552799 -0.497440919841 -0.0114929945107
v -0.0475851106059 -0.497545172172 -0.00849482202966
v -0.0474420367627 -0.49600034793 -0.00994155902514
v -0.0477185291231 -0.498985744084 -0.0100462575152
f 2533 2535 2537
f 2533 2537 2536
f 2533 2536 2538
f 2533 2538 2535
f 2534 2537 2535
f 2534 2536 2537
f 2534 2538 2536
f 2534 2535 2538
v -0.0460545297917 -0.497284292069 -0.0099756405026
v -0.0490417456777 -0.497007631174 -0.0099756405026
v -0.0475384882905 -0.497041772798 -0.011471986578
v -0.0475577871789 -0.497250150445 -0.00847929442721
v -0.0474101442533 -0.495655992033 -0.00987100579198
v -0.0476861312161 -0.498635931211 -0.0100802752132
f 2539 2541 2543
f 2539 2543 2542
f 2539 2542 2544
f 2539 2544 2541
f 2540 2543 2541
f 2540 2542 2543
f 2540 2544 2542
f 2540 2541 2544
v -0.0460224629593 -0.496938053937 -0.00994521895368
v -0.0490096788452 -0.496661393043 -0.00994521895368
v -0.0475016114332 -0.496643598947 -0.0114370017967
v -0.0475305303713 -0.496955848033 -0.00845343611063
v -0.0473784982435 -0.495314297688 -0.00978842625878
v -0.047653643561 -0.498285149292 -0.0101020116486
f 2545 2547 2549
f 2545 2549 2548
f 2545 2548 2550
f 2545 2550 2547
f 2546 2549 2547
f 2546 2548 2549
f 2546 2550 2548
f 2546 2547 2550
v -0.0459905135711 -0.496593083897 -0.00990268068742
v -0.048977729457 -0.496316423002 -0.00990268068742
v -0.0474648696367 -0.496246883401 -0.0113880827905
v -0.0475033733914 -0.496662623499 -0.0084172785843
v -0.0473471372891 -0.494975681197 -0.00969392103598
v -0.047621105739 -0.497933825703 -0.0101114403389
f 2551 2553 2555
f 2551 2555 2554
f 2551 2554 2556
f 2551 2556 2553
f 2552 2555 2553
f 2552 2554 2555
f 2552 2556 2554
f 2552 2553 2556
v -0.0459587205525 -0.496249802241 -0.00984807753012
v -0.0489459364385 -0.495973141346 -0.00984807753012
v -0.0474283076654 -0.495852109496 -0.0113252891596
v -0.0474763493256 -0.496370834091 -0.0083708659006
v -0.0473160995984 -0.494640555112 -0.00958760526362
v -0.0475885573925 -0.497582388476 -0.0101085497966
f 2557 2559 2561
f 2557 2561 2560
f 2557 2560 2562
f 2557 2562 2559
f 2558 2561 2559
f 2558 2560 2561
f 2558 2562 2560
f 2558 2559 2562
v -0.0459271226385 -0.495908627205 -0.00978147600734
v -0.0489143385244 -0.49563196631 -0.00978147600734
v -0.0473919700642 -0.495459758205 -0.0112486974084
v -0.0474494910987 -0.496080835311 -0.00831425460624
v -0.0472854229862 -0.494309327732 -0.00946960847111
v -0.0475560381767 -0.497231265784 -0.0100933435436
f 2563 2565 2567
f 2563 2567 2566
f 2563 2566 2568
f 2563 2568 2565
f 2564 2567 2565
f 2564 2566 2567
f 2564 2568 2566
f 2564 2565 2568
v -0.0458957583262 -0.495569974459 -0.00970295726276
v -0.0488829742121 -0.495293313564 -0.00970295726276
v -0.0473559011051 -0.495070307546 -0.0111584008522
v -0.0474228314332 -0.495792980476 -0.00824751367335
v -0.0472551448273 -0.493982402607 -0.00934007441936
v -0.0475235877111 -0.496880885415 -0.0100658401062
f 2569 2571 2573
f 2569 2573 2572
f 2569 2572 2574
f 2569 2574 2571
f 2570 2573 2571
f 2570 2572 2573
f 2570 2574 2572
f 2570 2571 2574
v -0.0458646658282 -0.495234256597 -0.00961261695938
v -0.0488518817142 -0.494957595703 -0.00961261695938
v -0.0473201447324 -0.494684232006 -0.0110545095033
v -0.0473964028099 -0.495507620294 -0.00817072441548
v -0.0472253020107 -0.493660178046 -0.00919916092566
v -0.0474912455317 -0.496531674254 -0.0100260729931
f 2575 2577 2579
f 2575 2579 2578
f 2575 2578 2580
f 2575 2580 2577
f 2576 2579 2577
f 2576 2578 2579
f 2576 2580 2578
f 2576 2577 2580
v -0.045833883026 -0.494901882642 -0.00951056516295
v -0.0488210989119 -0.494625221747 -0.00951056516295
v -0.0472847445099 -0.494302001957 -0.0109371499374
v -0.047370237428 -0.495225102432 -0.00808398038851
v -0.0471959308956 -0.493343046628 -0.00904703967139
v -0.0474590510424 -0.496184057762 -0.00997409065451
f 2581 2583 2585
f 2581 2585 2584
f 2581 2584 2586
f 2581 2586 2583
f 2582 2585 2583
f 2582 2584 2585
f 2582 2586 2584
f 2582 2583 2586
v -0.0458034474236 -0.494573257539 -0.00939692620786
v -0.0487906633095 -0.494296596645 -0.00939692620786
v -0.0472497435671 -0.493924083089 -0.010806465139
v -0.047344367166 -0.494945771095 -0.00798738727668
v -0.0471670672659 -0.49303139473 -0.00888389599287
v -0.0474270434672 -0.495838459454 -0.00990995642285
f 2587 2589 2591
f 2587 2591 2590
f 2587 2590 2592
f 2587 2592 2589
f 2588 2591 2589
f 2588 2590 2591
f 2588 2592 2590
f 2588 2589 2592
v -0.0457733961021 -0.494248781668 -0.00927183854567
v -0.0487606119881 -0.493972120773 -0.00927183854567
v -0.0472151845474 -0.493550935837 -0.0106626143275
v -0.0473188235428 -0.494669966604 -0.00788106276382
v -0.0471387462877 -0.492725602051 -0.00870992865554
v -0.0473952618025 -0.49549530039 -0.00983374843579
f 2593 2595 2597
f 2593 2597 2596
f 2593 2596 2598
f 2593 2598 2595
f 2594 2597 2595
f 2594 2596 2597
f 2594 2598 2596
f 2594 2595 2598
v -0.0457437656745 -0.493928850352 -0.00913545457643
v -0.0487309815604 -0.493652189457 -0.00913545457643
v -0.0471811095557 -0.493183014824 -0.0105057727629
v -0.0472936376793 -0.494398024986 -0.00776513638996
v -0.0471110024656 -0.492426041153 -0.00852534961181
v -0.0473637447693 -0.495154998657 -0.00974555954104
f 2599 2601 2603
f 2599 2603 2602
f 2599 2602 2604
f 2599 2604 2601
f 2600 2603 2601
f 2600 2602 2603
f 2600 2604 2602
f 2600 2601 2604
v -0.0457145922408 -0.493613853379 -0.00898794046299
v -0.0487018081268 -0.493337192484 -0.00898794046299
v -0.0471475601069 -0.492820768305 -0.0103361315324
v -0.0472688402607 -0.494130277558 -0.00763974939354
v -0.0470838696013 -0.492133077005 -0.00833038374281
v -0.0473325307663 -0.494817968858 -0.00964549718318
f 2605 2607 2609
f 2605 2609 2608
f 2605 2608 2610
f 2605 2610 2607
f 2606 2609 2607
f 2606 2608 2609
f 2606 2610 2608
f 2606 2607 2610
v -0.0456859113444 -0.493304174523 -0.00882947592859
v -0.0486731272304 -0.493027513628 -0.00882947592859
v -0.0471145770761 -0.49246463762 -0.0101538973179
v -0.0472444614987 -0.493867050531 -0.0075050545393
v -0.0470573807519 -0.491847066538 -0.00812526858441
v -0.0473016578229 -0.494484621614 -0.00953368327277
f 2611 2613 2615
f 2611 2615 2614
f 2611 2614 2616
f 2611 2616 2613
f 2612 2615 2613
f 2612 2614 2615
f 2612 2616 2614
f 2612 2613 2616
v -0.0456577579286 -0.493000191081 -0.00866025403784
v -0.0486449738145 -0.492723530186 -0.00866025403784
v -0.0470822006479 -0.492115056662 -0.00995929214352
v -0.0472205310952 -0.493608664605 -0.00736121593217
v -0.04703156819 -0.491568358212 -0.00791025403784
v -0.0472711635531 -0.494155363055 -0.00941025403784
f 2617 2619 2621
f 2617 2621 2620
f 2617 2620 2622
f 2617 2622 2619
f 2618 2621 2619
f 2618 2620 2621
f 2618 2622 2620
f 2618 2619 2622
v -0.0456301662939 -0.49270227341 -0.00848048096156
v -0.0486173821798 -0.492425612515 -0.00848048096156
v -0.0470504702679 -0.49177245134 -0.0097525531058
v -0.0471970782057 -0.493355434584 -0.00720840881733
v -0.0470064633643 -0.49129729159 -0.00768560206521
v -0.0472410851094 -0.493830594335 -0.00927535985791
f 2623 2625 2627
f 2623 2627 2626
f 2623 2626 2628
f 2623 2628 2625
f 2624 2627 2625
f 2624 2626 2627
f 2624 2628 2626
f 2624 2625 2628
v -0.0456031700564 -0.492410784476 -0.00829037572555
v -0.0485903859424 -0.492134123581 -0.00829037572555
v -0.0470194245949 -0.491437239066 -0.00953393208438
v -0.0471741314039 -0.493107668991 -0.00704681936672
v -0.0469820968611 -0.491034196925 -0.00745158637034
v -0.0472114591377 -0.493510711132 -0.00912916508076
f 2629 2631 2633
f 2629 2633 2632
f 2629 2632 2634
f 2629 2634 2631
f 2630 2633 2631
f 2630 2632 2633
f 2630 2634 2632
f 2630 2631 2634
v -0.0455768021071 -0.492126079414 -0.00809016994375
v -0.048564017993 -0.491849418519 -0.00809016994375
v -0.0469891014531 -0.491109828245 -0.00930369543531
v -0.047151718647 -0.492865669688 -0.00687664445219
v -0.0469584983673 -0.490779394757 -0.00720849206531
v -0.0471823217328 -0.493196103175 -0.00897184782219
f 2635 2637 2639
f 2635 2639 2638
f 2635 2638 2640
f 2635 2640 2637
f 2636 2639 2637
f 2636 2638 2639
f 2636 2640 2638
f 2636 2637 2640
v -0.0455510945711 -0.491848505093 -0.00788010753607
v -0.048538310457 -0.491571844198 -0.00788010753607
v -0.0469595377867 -0.490790617776 -0.00906212366648
v -0.0471298672414 -0.492629731515 -0.00669809140566
v -0.0469356966339 -0.490533195524 -0.00695661532308
v -0.0471537083941 -0.492887153766 -0.00880359974906
f 2641 2643 2645
f 2641 2645 2644
f 2641 2644 2646
f 2641 2646 2643
f 2642 2645 2643
f 2642 2644 2645
f 2642 2646 2644
f 2642 2643 2646
v -0.045526078769 -0.491578399694 -0.00766044443119
v -0.048513294655 -0.4913017388 -0.00766044443119
v -0.0469307696144 -0.490479996567 -0.00880951109587
v -0.0471086038096 -0.492400141926 -0.00651137776651
v -0.0469137194415 -0.490295899182 -0.00669626301666
v -0.0471256539826 -0.492584239312 -0.00862462584572
f 2647 2649 2651
f 2647 2651 2650
f 2647 2650 2652
f 2647 2652 2649
f 2648 2651 2649
f 2648 2650 2651
f 2648 2652 2650
f 2648 2649 2652
v -0.0455017851789 -0.491316092301 -0.00743144825477
v -0.0484890010649 -0.491039431406 -0.00743144825477
v -0.0469028319858 -0.490178343065 -0.00854616549299
v -0.0470879542581 -0.492177180642 -0.00631673101656
v -0.0468925935657 -0.490067794839 -0.00642775234524
v -0.0470981926781 -0.492287728867 -0.00843514416431
f 2653 2655 2657
f 2653 2657 2656
f 2653 2656 2658
f 2653 2658 2655
f 2654 2657 2655
f 2654 2656 2657
f 2654 2658 2656
f 2654 2655 2658
v -0.0454782433987 -0.491061902492 -0.00719339800339
v -0.0484654592847 -0.490785241598 -0.00719339800339
v -0.0468757589386 -0.489886024785 -0.00827240770389
v -0.0470679437449 -0.491961119305 -0.00611438830288
v -0.0468723447453 -0.489849160405 -0.0061514104477
v -0.0470713579381 -0.491997983684 -0.00823538555908
f 2659 2661 2663
f 2659 2663 2662
f 2659 2662 2664
f 2659 2664 2661
f 2660 2663 2661
f 2660 2662 2663
f 2660 2664 2662
f 2660 2661 2664
v -0.0454554821105 -0.490816139961 -0.00694658370459
v -0.0484426979965 -0.490539479066 -0.00694658370459
v -0.0468495834571 -0.489603397874 -0.00798857126028
v -0.0470485966499 -0.491752221153 -0.0059045961489
v -0.0468529976503 -0.489640262254 -0.00586757400408
v -0.0470451824566 -0.491715356773 -0.0080255934051
f 2665 2667 2669
f 2665 2669 2668
f 2665 2668 2670
f 2665 2670 2667
f 2666 2669 2667
f 2666 2668 2669
f 2666 2670 2668
f 2666 2667 2670
v -0.0454335290453 -0.49057910413 -0.00669130606359
v -0.0484207449313 -0.490302443235 -0.00669130606359
v -0.0468243374321 -0.489330806669 -0.00769500197313
v -0.0470299365445 -0.491550740697 -0.00568761015405
v -0.0468345758522 -0.489441354894 -0.00557658882537
v -0.0470196981244 -0.491440192471 -0.0078060233018
f 2671 2673 2675
f 2671 2675 2674
f 2671 2674 2676
f 2671 2676 2673
f 2672 2675 2673
f 2672 2674 2675
f 2672 2676 2674
f 2672 2673 2676
v -0.0454124109496 -0.490351083791 -0.00642787609687
v -0.0483996268356 -0.490074422897 -0.00642787609687
v -0.0468000516221 -0.489068583279 -0.0073920575114
v -0.0470119861631 -0.491356923409 -0.00546369468234
v -0.046817101795 -0.489252680665 -0.00527880943219
v -0.0469949359902 -0.491172826023 -0.00757694276154
f 2677 2679 2681
f 2677 2681 2680
f 2677 2680 2682
f 2677 2682 2679
f 2678 2681 2679
f 2678 2680 2681
f 2678 2682 2680
f 2678 2679 2682
v -0.0453921535526 -0.490132356753 -0.00615661475326
v -0.0483793694385 -0.489855695858 -0.00615661475326
v -0.0467767556155 -0.488817047184 -0.00708010696625
v -0.0469947673756 -0.491171005426 -0.00523312254027
v -0.0468005967682 -0.489074469435 -0.00497459862285
v -0.0469709262229 -0.490913583175 -0.00733863088367
f 2683 2685 2687
f 2683 2687 2686
f 2683 2686 2688
f 2683 2688 2685
f 2684 2687 2685
f 2684 2686 2687
f 2684 2688 2686
f 2684 2685 2688
v -0.0453727815347 -0.489923189499 -0.00587785252292
v -0.0483599974206 -0.489646528604 -0.00587785252292
v -0.0467544777949 -0.488576504843 -0.00675953040136
v -0.0469783011604 -0.49099321326 -0.00499617464449
v -0.0467850808807 -0.48890693833 -0.00466432703136
v -0.0469476980746 -0.490662779773 -0.00709137801449
f 2689 2691 2693
f 2689 2693 2692
f 2689 2692 2694
f 2689 2694 2691
f 2690 2693 2691
f 2690 2692 2693
f 2690 2694 2692
f 2690 2691 2694
v -0.0453543184978 -0.489723836868 -0.00559192903471
v -0.0483415343837 -0.489447175973 -0.00559192903471
v -0.0467332453024 -0.488347249317 -0.00643071838991
v -0.0469626075791 -0.490823763524 -0.0047531396795
v -0.0467705730362 -0.488750291459 -0.00434837267587
v -0.0469252798453 -0.490420721383 -0.00683548539354
f 2695 2697 2699
f 2695 2699 2698
f 2695 2698 2700
f 2695 2700 2697
f 2696 2699 2697
f 2696 2698 2699
f 2696 2700 2698
f 2696 2697 2700
v -0.0453367869362 -0.489534541741 -0.00529919264233
v -0.0483240028222 -0.489257880846 -0.00529919264233
v -0.0467130840066 -0.488129559921 -0.00609407153868
v -0.0469477057517 -0.490662862666 -0.00450431374598
v -0.0467570909103 -0.488604719672 -0.0040271204981
v -0.0469036988481 -0.490187702916 -0.00657126478657
f 2701 2703 2705
f 2701 2705 2704
f 2701 2704 2706
f 2701 2706 2703
f 2702 2705 2703
f 2702 2704 2705
f 2702 2706 2704
f 2702 2703 2706
v -0.0453202082095 -0.489355534745 -0.005
v -0.0483074240955 -0.48907887385 -0.005
v -0.0466940184709 -0.487923701875 -0.00575
v -0.046933613834 -0.490510706719 -0.00425
v -0.0467446509288 -0.488470400326 -0.00370096189432
v -0.0468829813762 -0.489964008269 -0.00629903810568
f 2707 2709 2711
f 2707 2711 2710
f 2707 2710 2712
f 2707 2712 2709
f 2708 2711 2709
f 2708 2710 2711
f 2708 2712 2710
f 2708 2709 2712
v -0.0453046025163 -0.489187033971 -0.00469471562786
v -0.0482918184022 -0.488910373077 -0.00469471562786
v -0.0466760719237 -0.487729925986 -0.00539892297204
v -0.0469203489948 -0.490367481062 -0.00399050828368
v -0.0467332682479 -0.488347497069 -0.00337029423857
v -0.0468631526706 -0.489749909979 -0.00601913701715
f 2713 2715 2717
f 2713 2717 2716
f 2713 2716 2718
f 2713 2718 2715
f 2714 2717 2715
f 2714 2716 2717
f 2714 2718 2716
f 2714 2715 2718
v -0.0452899888696 -0.489029244713 -0.00438371146789
v -0.0482772047556 -0.488752583818 -0.00438371146789
v -0.0466592662301 -0.487548468339 -0.00504126818807
v -0.0469079273951 -0.490233360192 -0.00372615474771
v -0.0467229567358 -0.488236159639 -0.00303552039844
v -0.0468442368895 -0.489545668893 -0.00573190253734
f 2719 2721 2723
f 2719 2723 2722
f 2719 2722 2724
f 2719 2724 2721
f 2720 2723 2721
f 2720 2722 2723
f 2720 2724 2722
f 2720 2721 2724
v -0.0452763850741 -0.488882359212 -0.00406736643076
v -0.04826360096 -0.488605698317 -0.00406736643076
v -0.0466436218652 -0.487379550013 -0.00467747139537
v -0.0468963641689 -0.490108507517 -0.00345726146614
v -0.0467137289553 -0.488136523684 -0.00269704824429
v -0.0468262570789 -0.489351533846 -0.00543768461722
f 2725 2727 2729
f 2725 2729 2728
f 2725 2728 2730
f 2725 2730 2727
f 2726 2729 2727
f 2726 2728 2729
f 2726 2730 2728
f 2726 2727 2730
v -0.0452638077038 -0.488746556426 -0.00374606593416
v -0.0482510235897 -0.488469895531 -0.00374606593416
v -0.0466291578893 -0.487223376808 -0.00430797582428
v -0.0468856734042 -0.489993075148 -0.00318415604404
v -0.0467055961491 -0.488048710595 -0.00235529015231
v -0.0468092351444 -0.489167741362 -0.00513684171601
f 2731 2733 2735
f 2731 2735 2734
f 2731 2734 2736
f 2731 2736 2733
f 2732 2735 2733
f 2732 2734 2735
f 2732 2736 2734
f 2732 2733 2736
v -0.0452522720823 -0.488622001808 -0.00342020143326
v -0.0482394879682 -0.488345340914 -0.00342020143326
v -0.0466158919246 -0.487080138999 -0.00393323164825
v -0.0468758681259 -0.489887203723 -0.00290717121827
v -0.0466985682258 -0.487972827358 -0.00201066250208
v -0.0467931918247 -0.488994515364 -0.00482974036444
f 2737 2739 2741
f 2737 2741 2740
f 2737 2740 2742
f 2737 2742 2739
f 2738 2741 2739
f 2738 2740 2741
f 2738 2742 2740
f 2738 2739 2742
v -0.0452417922639 -0.488508847111 -0.00309016994375
v -0.0482290081499 -0.488232186216 -0.00309016994375
v -0.0466038401335 -0.486950011097 -0.00355369543531
v -0.0468669602803 -0.489791022231 -0.00262664445219
v -0.0466926537478 -0.487908966426 -0.00166358516931
v -0.046778146666 -0.488832066901 -0.00451675471819
f 2743 2745 2747
f 2743 2747 2746
f 2743 2746 2748
f 2743 2748 2745
f 2744 2747 2745
f 2744 2746 2747
f 2744 2748 2746
f 2744 2745 2748
v -0.0452323810168 -0.488407230195 -0.00275637355817
v -0.0482195969028 -0.488130569301 -0.00275637355817
v -0.0465930171993 -0.486833151644 -0.0031698295919
v -0.0468589607203 -0.489704647852 -0.00234291752444
v -0.0466878599211 -0.487857205604 -0.00131448101426
v -0.0467641179985 -0.488680593892 -0.00419826610208
f 2749 2751 2753
f 2749 2753 2752
f 2749 2752 2754
f 2749 2754 2751
f 2750 2753 2751
f 2750 2752 2753
f 2750 2754 2752
f 2750 2751 2754
v -0.0452240498071 -0.488317274865 -0.002419218956
v -0.0482112656931 -0.488040613971 -0.002419218956
v -0.0465834363082 -0.486729703014 -0.0027821017994
v -0.046851879192 -0.489628185822 -0.0020563361126
v -0.046684192586 -0.487817607953 -0.000963775366583
v -0.0467511229141 -0.488540280883 -0.00387466254541
f 2755 2757 2759
f 2755 2759 2758
f 2755 2758 2760
f 2755 2760 2757
f 2756 2759 2757
f 2756 2758 2759
f 2756 2760 2758
f 2756 2757 2760
v -0.0452168087851 -0.488239090718 -0.00207911690818
v -0.048204024671 -0.487962429824 -0.00207911690818
v -0.0465751091328 -0.486639791245 -0.0023909844444
v -0.0468457243233 -0.489561729297 -0.00176724937195
v -0.0466816562108 -0.487790221718 -0.000611895507077
v -0.0467391772452 -0.488411298824 -0.00354633830928
f 2761 2763 2765
f 2761 2765 2764
f 2761 2764 2766
f 2761 2766 2763
f 2762 2765 2763
f 2762 2764 2765
f 2762 2766 2764
f 2762 2763 2766
v -0.0452106667728 -0.488172773009 -0.00173648177667
v -0.0481978826587 -0.487896112115 -0.00173648177667
v -0.0465680458187 -0.48656352588 -0.00199695404317
v -0.0468405036128 -0.489505359244 -0.00147600951017
v -0.0466802538856 -0.487775080265 -0.000259270147151
v -0.0467282955458 -0.48829380486 -0.00321369340619
f 2767 2769 2771
f 2767 2771 2770
f 2767 2770 2772
f 2767 2772 2769
f 2768 2771 2769
f 2768 2770 2771
f 2768 2772 2770
f 2768 2769 2772
v -0.0452168087851 -0.488239090718 0.00207911690818
v -0.048204024671 -0.487962429824 0.00207911690818
v -0.0465751091328 -0.486639791245 0.0023909844444
v -0.0468457243233 -0.489561729297 0.00176724937195
v -0.0467391772452 -0.488411298824 0.00354633830928
v -0.0466816562108 -0.487790221718 0.000611895507077
f 2773 2775 2777
f 2773 2777 2776
f 2773 2776 2778
f 2773 2778 2775
f 2774 2777 2775
f 2774 2776 2777
f 2774 2778 2776
f 2774 2775 2778
v -0.0452240498071 -0.488317274865 0.002419218956
v -0.0482112656931 -0.488040613971 0.002419218956
v -0.0465834363082 -0.486729703014 0.0027821017994
v -0.046851879192 -0.489628185822 0.0020563361126
v -0.0467511229141 -0.488540280883 0.00387466254541
v -0.046684192586 -0.487817607953 0.000963775366583
f 2779 2781 2783
f 2779 2783 2782
f 2779 2782 2784
f 2779 2784 2781
f 2780 2783 2781
f 2780 2782 2783
f 2780 2784 2782
f 2780 2781 2784
v -0.0452323810168 -0.488407230195 0.00275637355817
v -0.0482195969028 -0.488130569301 0.00275637355817
v -0.0465930171993 -0.486833151644 0.0031698295919
v -0.0468589607203 -0.489704647852 0.00234291752444
v -0.0467641179985 -0.488680593892 0.00419826610208
v -0.0466878599211 -0.487857205604 0.00131448101426
f 2785 2787 2789
f 2785 2789 2788
f 2785 2788 2790
f 2785 2790 2787
f 2786 2789 2787
f 2786 2788 2789
f 2786 2790 2788
f 2786 2787 2790
v -0.0452417922639 -0.488508847111 0.00309016994375
v -0.0482290081499 -0.488232186216 0.00309016994375
v -0.0466038401335 -0.486950011097 0.00355369543531
v -0.0468669602803 -0.489791022231 0.00262664445219
v -0.046778146666 -0.488832066901 0.00451675471819
v -0.0466926537478 -0.487908966426 0.00166358516931
f 2791 2793 2795
f 2791 2795 2794
f 2791 2794 2796
f 2791 2796 2793
f 2792 2795 2793
f 2792 2794 2795
f 2792 2796 2794
f 2792 2793 2796
v -0.0452522720823 -0.488622001808 0.00342020143326
v -0.0482394879682 -0.488345340914 0.00342020143326
v -0.0466158919246 -0.487080138999 0.00393323164825
v -0.0468758681259 -0.489887203723 0.00290717121827
v -0.0467931918247 -0.488994515364 0.00482974036444
v -0.0466985682258 -0.487972827358 0.00201066250208
f 2797 2799 2801
f 2797 2801 2800
f 2797 2800 2802
f 2797 2802 2799
f 2798 2801 2799
f 2798 2800 2801
f 2798 2802 2800
f 2798 2799 2802
v -0.0452638077038 -0.488746556426 0.00374606593416
v -0.0482510235897 -0.488469895531 0.00374606593416
v -0.0466291578893 -0.487223376808 0.00430797582428
v -0.0468856734042 -0.489993075148 0.00318415604404
v -0.0468092351444 -0.489167741362 0.00513684171601
v -0.0467055961491 -0.488048710595 0.00235529015231
f 2803 2805 2807
f 2803 2807 2806
f 2803 2806 2808
f 2803 2808 2805
f 2804 2807 2805
f 2804 2806 2807
f 2804 2808 2806
f 2804 2805 2808
v -0.0452763850741 -0.488882359212 0.00406736643076
v -0.04826360096 -0.488605698317 0.00406736643076
v -0.0466436218652 -0.487379550013 0.00467747139537
v -0.0468963641689 -0.490108507517 0.00345726146614
v -0.0468262570789 -0.489351533846 0.00543768461722
v -0.0467137289553 -0.488136523684 0.00269704824429
f 2809 2811 2813
f 2809 2813 2812
f 2809 2812 2814
f 2809 2814 2811
f 2810 2813 2811
f 2810 2812 2813
f 2810 2814 2812
f 2810 2811 2814
v -0.0452899888696 -0.489029244713 0.00438371146789
v -0.0482772047556 -0.488752583818 0.00438371146789
v -0.0466592662301 -0.487548468339 0.00504126818807
v -0.0469079273951 -0.490233360192 0.00372615474771
v -0.0468442368895 -0.489545668893 0.00573190253734
v -0.0467229567358 -0.488236159639 0.00303552039844
f 2815 2817 2819
f 2815 2819 2818
f 2815 2818 2820
f 2815 2820 2817
f 2816 2819 2817
f 2816 2818 2819
f 2816 2820 2818
f 2816 2817 2820
v -0.0453046025163 -0.489187033971 0.00469471562786
v -0.0482918184022 -0.488910373077 0.00469471562786
v -0.0466760719237 -0.487729925986 0.00539892297204
v -0.0469203489948 -0.490367481062 0.00399050828368
v -0.0468631526706 -0.489749909979 0.00601913701715
v -0.0467332682479 -0.488347497069 0.00337029423857
f 2821 2823 2825
f 2821 2825 2824
f 2821 2824 2826
f 2821 2826 2823
f 2822 2825 2823
f 2822 2824 2825
f 2822 2826 2824
f 2822 2823 2826
v -0.0453202082095 -0.489355534745 0.005
v -0.0483074240955 -0.48907887385 0.005
v -0.0466940184709 -0.487923701875 0.00575
v -0.046933613834 -0.490510706719 0.00425
v -0.0468829813762 -0.489964008269 0.00629903810568
v -0.0467446509288 -0.488470400326 0.00370096189432
f 2827 2829 2831
f 2827 2831 2830
f 2827 2830 2832
f 2827 2832 2829
f 2828 2831 2829
f 2828 2830 2831
f 2828 2832 2830
f 2828 2829 2832
v -0.0453367869362 -0.489534541741 0.00529919264233
v -0.0483240028222 -0.489257880846 0.00529919264233
v -0.0467130840066 -0.488129559921 0.00609407153868
v -0.0469477057517 -0.490662862666 0.00450431374598
v -0.0469036988481 -0.490187702916 0.00657126478657
v -0.0467570909103 -0.488604719672 0.0040271204981
f 2833 2835 2837
f 2833 2837 2836
f 2833 2836 2838
f 2833 2838 2835
f 2834 2837 2835
f 2834 2836 2837
f 2834 2838 2836
f 2834 2835 2838
v -0.0453543184978 -0.489723836868 0.00559192903471
v -0.0483415343837 -0.489447175973 0.00559192903471
v -0.0467332453024 -0.488347249317 0.00643071838991
v -0.0469626075791 -0.490823763524 0.0047531396795
v -0.0469252798453 -0.490420721383 0.00683548539354
v -0.0467705730362 -0.488750291459 0.00434837267587
f 2839 2841 2843
f 2839 2843 2842
f 2839 2842 2844
f 2839 2844 2841
f 2840 2843 2841
f 2840 2842 2843
f 2840 2844 2842
f 2840 2841 2844
v -0.0453727815347 -0.489923189499 0.00587785252292
v -0.0483599974206 -0.489646528604 0.00587785252292
v -0.0467544777949 -0.488576504843 0.00675953040136
v -0.0469783011604 -0.49099321326 0.00499617464449
v -0.0469476980746 -0.490662779773 0.00709137801449
v -0.0467850808807 -0.48890693833 0.00466432703136
f 2845 2847 2849
f 2845 2849 2848
f 2845 2848 2850
f 2845 2850 2847
f 2846 2849 2847
f 2846 2848 2849
f 2846 2850 2848
f 2846 2847 2850
v -0.0453921535526 -0.490132356753 0.00615661475326
v -0.0483793694385 -0.489855695858 0.00615661475326
v -0.0467767556155 -0.488817047184 0.00708010696625
v -0.0469947673756 -0.491171005426 0.00523312254027
v -0.0469709262229 -0.490913583175 0.00733863088367
v -0.0468005967682 -0.489074469435 0.00497459862285
f 2851 2853 2855
f 2851 2855 2854
f 2851 2854 2856
f 2851 2856 2853
f 2852 2855 2853
f 2852 2854 2855
f 2852 2856 2854
f 2852 2853 2856
v -0.0454124109496 -0.490351083791 0.00642787609687
v -0.0483996268356 -0.490074422897 0.00642787609687
v -0.0468000516221 -0.489068583279 0.0073920575114
v -0.0470119861631 -0.491356923409 0.00546369468234
v -0.0469949359902 -0.491172826023 0.00757694276154
v -0.046817101795 -0.489252680665 0.00527880943219
f 2857 2859 2861
f 2857 2861 2860
f 2857 2860 2862
f 2857 2862 2859
f 2858 2861 2859
f 2858 2860 2861
f 2858 2862 2860
f 2858 2859 2862
v -0.0454335290453 -0.49057910413 0.00669130606359
v -0.0484207449313 -0.490302443235 0.00669130606359
v -0.0468243374321 -0.489330806669 0.00769500197313
v -0.0470299365445 -0.491550740697 0.00568761015405
v -0.0470196981244 -0.491440192471 0.0078060233018
v -0.0468345758522 -0.489441354894 0.00557658882537
f 2863 2865 2867
f 2863 2867 2866
f 2863 2866 2868
f 2863 2868 2865
f 2864 2867 2865
f 2864 2866 2867
f 2864 2868 2866
f 2864 2865 2868
v -0.0454554821105 -0.490816139961 0.00694658370459
v -0.0484426979965 -0.490539479066 0.00694658370459
v -0.0468495834571 -0.489603397874 0.00798857126028
v -0.0470485966499 -0.491752221153 0.0059045961489
v -0.0470451824566 -0.491715356773 0.0080255934051
v -0.0468529976503 -0.489640262254 0.00586757400408
f 2869 2871 2873
f 2869 2873 2872
f 2869 2872 2874
f 2869 2874 2871
f 2870 2873 2871
f 2870 2872 2873
f 2870 2874 2872
f 2870 2871 2874
v -0.0454782433987 -0.491061902492 0.00719339800339
v -0.0484654592847 -0.490785241598 0.00719339800339
v -0.0468757589386 -0.489886024785 0.00827240770389
v -0.0470679437449 -0.491961119305 0.00611438830288
v -0.0470713579381 -0.491997983684 0.00823538555908
v -0.0468723447453 -0.489849160405 0.0061514104477
f 2875 2877 2879
f 2875 2879 2878
f 2875 2878 2880
f 2875 2880 2877
f 2876 2879 2877
f 2876 2878 2879
f 2876 2880 2878
f 2876 2877 2880
v -0.0455017851789 -0.491316092301 0.00743144825477
v -0.0484890010649 -0.491039431406 0.00743144825477
v -0.0469028319858 -0.490178343065 0.00854616549299
v -0.0470879542581 -0.492177180642 0.00631673101656
v -0.0470981926781 -0.492287728867 0.00843514416431
v -0.0468925935657 -0.490067794839 0.00642775234524
f 2881 2883 2885
f 2881 2885 2884
f 2881 2884 2886
f 2881 2886 2883
f 2882 2885 2883
f 2882 2884 2885
f 2882 2886 2884
f 2882 2883 2886
v -0.045526078769 -0.491578399694 0.00766044443119
v -0.048513294655 -0.4913017388 0.00766044443119
v -0.0469307696144 -0.490479996567 0.00880951109587
v -0.0471086038096 -0.492400141926 0.00651137776651
v -0.0471256539826 -0.492584239312 0.00862462584572
v -0.0469137194415 -0.490295899182 0.00669626301666
f 2887 2889 2891
f 2887 2891 2890
f 2887 2890 2892
f 2887 2892 2889
f 2888 2891 2889
f 2888 2890 2891
f 2888 2892 2890
f 2888 2889 2892
v -0.0455510945711 -0.491848505093 0.00788010753607
v -0.048538310457 -0.491571844198 0.00788010753607
v -0.0469595377867 -0.490790617776 0.00906212366648
v -0.0471298672414 -0.492629731515 0.00669809140566
v -0.0471537083941 -0.492887153766 0.00880359974906
v -0.0469356966339 -0.490533195524 0.00695661532308
f 2893 2895 2897
f 2893 2897 2896
f 2893 2896 2898
f 2893 2898 2895
f 2894 2897 2895
f 2894 2896 2897
f 2894 2898 2896
f 2894 2895 2898
v -0.0455768021071 -0.492126079414 0.00809016994375
v -0.048564017993 -0.491849418519 0.00809016994375
v -0.0469891014531 -0.491109828245 0.00930369543531
v -0.047151718647 -0.492865669688 0.00687664445219
v -0.0471823217328 -0.493196103175 0.00897184782219
v -0.0469584983673 -0.490779394757 0.00720849206531
f 2899 2901 2903
f 2899 2903 2902
f 2899 2902 2904
f 2899 2904 2901
f 2900 2903 2901
f 2900 2902 2903
f 2900 2904 2902
f 2900 2901 2904
v -0.0456031700564 -0.492410784476 0.00829037572555
v -0.0485903859424 -0.492134123581 0.00829037572555
v -0.0470194245949 -0.491437239066 0.00953393208438
v -0.0471741314039 -0.493107668991 0.00704681936672
v -0.0472114591377 -0.493510711132 0.00912916508076
v -0.0469820968611 -0.491034196925 0.00745158637034
f 2905 2907 2909
f 2905 2909 2908
f 2905 2908 2910
f 2905 2910 2907
f 2906 2909 2907
f 2906 2908 2909
f 2906 2910 2908
f 2906 2907 2910
v -0.0456301662939 -0.49270227341 0.00848048096156
v -0.0486173821798 -0.492425612515 0.00848048096156
v -0.0470504702679 -0.49177245134 0.0097525531058
v -0.0471970782057 -0.493355434584 0.00720840881733
v -0.0472410851094 -0.493830594335 0.00927535985791
v -0.0470064633643 -0.49129729159 0.00768560206521
f 2911 2913 2915
f 2911 2915 2914
f 2911 2914 2916
f 2911 2916 2913
f 2912 2915 2913
f 2912 2914 2915
f 2912 2916 2914
f 2912 2913 2916
v -0.0456577579286 -0.493000191081 0.00866025403784
v -0.0486449738145 -0.492723530186 0.00866025403784
v -0.0470822006479 -0.492115056662 0.00995929214352
v -0.0472205310952 -0.493608664605 0.00736121593217
v -0.0472711635531 -0.494155363055 0.00941025403784
v -0.04703156819 -0.491568358212 0.00791025403784
f 2917 2919 2921
f 2917 2921 2920
f 2917 2920 2922
f 2917 2922 2919
f 2918 2921 2919
f 2918 2920 2921
f 2918 2922 2920
f 2918 2919 2922
v -0.0456859113444 -0.493304174523 0.00882947592859
v -0.0486731272304 -0.493027513628 0.00882947592859
v -0.0471145770761 -0.49246463762 0.0101538973179
v -0.0472444614987 -0.493867050531 0.0075050545393
v -0.0473016578229 -0.494484621614 0.00953368327277
v -0.0470573807519 -0.491847066538 0.00812526858441
f 2923 2925 2927
f 2923 2927 2926
f 2923 2926 2928
f 2923 2928 2925
f 2924 2927 2925
f 2924 2926 2927
f 2924 2928 2926
f 2924 2925 2928
v -0.0457145922408 -0.493613853379 0.00898794046299
v -0.0487018081268 -0.493337192484 0.00898794046299
v -0.0471475601069 -0.492820768305 0.0103361315324
v -0.0472688402607 -0.494130277558 0.00763974939354
v -0.0473325307663 -0.494817968858 0.00964549718318
v -0.0470838696013 -0.492133077005 0.00833038374281
f 2929 2931 2933
f 2929 2933 2932
f 2929 2932 2934
f 2929 2934 2931
f 2930 2933 2931
f 2930 2932 2933
f 2930 2934 2932
f 2930 2931 2934
v -0.0457437656745 -0.493928850352 0.00913545457643
v -0.0487309815604 -0.493652189457 0.00913545457643
v -0.0471811095557 -0.493183014824 0.0105057727629
v -0.0472936376793 -0.494398024986 0.00776513638996
v -0.0473637447693 -0.495154998657 0.00974555954104
v -0.0471110024656 -0.492426041153 0.00852534961181
f 2935 2937 2939
f 2935 2939 2938
f 2935 2938 2940
f 2935 2940 2937
f 2936 2939 2937
f 2936 2938 2939
f 2936 2940 2938
f 2936 2937 2940
v -0.0457733961021 -0.494248781668 0.00927183854567
v -0.0487606119881 -0.493972120773 0.00927183854567
v -0.0472151845474 -0.493550935837 0.0106626143275
v -0.0473188235428 -0.494669966604 0.00788106276382
v -0.0473952618025 -0.49549530039 0.00983374843579
v -0.0471387462877 -0.492725602051 0.00870992865554
f 2941 2943 2945
f 2941 2945 2944
f 2941 2944 2946
f 2941 2946 2943
f 2942 2945 2943
f 2942 2944 2945
f 2942 2946 2944
f 2942 2943 2946
v -0.0458034474236 -0.494573257539 0.00939692620786
v -0.0487906633095 -0.494296596645 0.00939692620786
v -0.0472497435671 -0.493924083089 0.010806465139
v -0.047344367166 -0.494945771095 0.00798738727668
v -0.0474270434672 -0.495838459454 0.00990995642285
v -0.0471670672659 -0.49303139473 0.00888389599287
f 2947 2949 2951
f 2947 2951 2950
f 2947 2950 2952
f 2947 2952 2949
f 2948 2951 2949
f 2948 2950 2951
f 2948 2952 2950
f 2948 2949 2952
v -0.045833883026 -0.494901882642 0.00951056516295
v -0.0488210989119 -0.494625221747 0.00951056516295
v -0.0472847445099 -0.494302001957 0.0109371499374
v -0.047370237428 -0.495225102432 0.00808398038851
v -0.0474590510424 -0.496184057762 0.00997409065451
v -0.0471959308956 -0.493343046628 0.00904703967139
f 2953 2955 2957
f 2953 2957 2956
f 2953 2956 2958
f 2953 2958 2955
f 2954 2957 2955
f 2954 2956 2957
f 2954 2958 2956
f 2954 2955 2958
v -0.0458646658282 -0.495234256597 0.00961261695938
v -0.0488518817142 -0.494957595703 0.00961261695938
v -0.0473201447324 -0.494684232006 0.0110545095033
v -0.0473964028099 -0.495507620294 0.00817072441548
v -0.0474912455317 -0.496531674254 0.0100260729931
v -0.0472253020107 -0.493660178046 0.00919916092566
f 2959 2961 2963
f 2959 2963 2962
f 2959 2962 2964
f 2959 2964 2961
f 2960 2963 2961
f 2960 2962 2963
f 2960 2964 2962
f 2960 2961 2964
v -0.0458957583262 -0.495569974459 0.00970295726276
v -0.0488829742121 -0.495293313564 0.00970295726276
v -0.0473559011051 -0.495070307546 0.0111584008522
v -0.0474228314332 -0.495792980476 0.00824751367335
v -0.0475235877111 -0.496880885415 0.0100658401062
v -0.0472551448273 -0.493982402607 0.00934007441936
f 2965 2967 2969
f 2965 2969 2968
f 2965 2968 2970
f 2965 2970 2967
f 2966 2969 2967
f 2966 2968 2969
f 2966 2970 2968
f 2966 2967 2970
v -0.0459271226385 -0.495908627205 0.00978147600734
v -0.0489143385244 -0.49563196631 0.00978147600734
v -0.0473919700642 -0.495459758205 0.0112486974084
v -0.0474494910987 -0.496080835311 0.00831425460624
v -0.0475560381767 -0.497231265784 0.0100933435436
v -0.0472854229862 -0.494309327732 0.00946960847111
f 2971 2973 2975
f 2971 2975 2974
f 2971 2974 2976
f 2971 2976 2973
f 2972 2975 2973
f 2972 2974 2975
f 2972 2976 2974
f 2972 2973 2976
v -0.0459587205525 -0.496249802241 0.00984807753012
v -0.0489459364385 -0.495973141346 0.00984807753012
v -0.0474283076654 -0.495852109496 0.0113252891596
v -0.0474763493256 -0.496370834091 0.0083708659006
v -0.0475885573925 -0.497582388476 0.0101085497966
v -0.0473160995984 -0.494640555112 0.00958760526362
f 2977 2979 2981
f 2977 2981 2980
f 2977 2980 2982
f 2977 2982 2979
f 2978 2981 2979
f 2978 2980 2981
f 2978 2982 2980
f 2978 2979 2982
v -0.0459905135711 -0.496593083897 0.00990268068742
v -0.048977729457 -0.496316423002 0.00990268068742
v -0.0474648696367 -0.496246883401 0.0113880827905
v -0.0475033733914 -0.496662623499 0.0084172785843
v -0.047621105739 -0.497933825703 0.0101114403389
v -0.0473471372891 -0.494975681197 0.00969392103598
f 2983 2985 2987
f 2983 2987 2986
f 2983 2986 2988
f 2983 2988 2985
f 2984 2987 2985
f 2984 2986 2987
f 2984 2988 2986
f 2984 2985 2988
v -0.0460224629593 -0.496938053937 0.00994521895368
v -0.0490096788452 -0.496661393043 0.00994521895368
v -0.0475016114332 -0.496643598947 0.0114370017967
v -0.0475305303713 -0.496955848033 0.00845343611063
v -0.047653643561 -0.498285149292 0.0101020116486
v -0.0473784982435 -0.495314297688 0.00978842625878
f 2989 2991 2993
f 2989 2993 2992
f 2989 2992 2994
f 2989 2994 2991
f 2990 2993 2991
f 2990 2992 2993
f 2990 2994 2992
f 2990 2991 2994
v -0.0460545297917 -0.497284292069 0.0099756405026
v -0.0490417456777 -0.497007631174 0.0099756405026
v -0.0475384882905 -0.497041772798 0.011471986578
v -0.0475577871789 -0.497250150445 0.00847929442721
v -0.0476861312161 -0.498635931211 0.0100802752132
v -0.0474101442533 -0.495655992033 0.00987100579198
f 2995 2997 2999
f 2995 2999 2998
f 2995 2998 3000
f 2995 3000 2997
f 2996 2999 2997
f 2996 2998 2999
f 2996 3000 2998
f 2996 2997 3000
v -0.0460866749999 -0.497631376454 0.00999390827019
v -0.0490738908859 -0.49735471556 0.00999390827019
v -0.0475754552799 -0.497440919841 0.0114929945107
v -0.0475851106059 -0.497545172172 0.00849482202966
v -0.0477185291231 -0.498985744084 0.0100462575152
v -0.0474420367627 -0.49600034793 0.00994155902514
f 3001 3003 3005
f 3001 3005 3004
f 3001 3004 3006
f 3001 3006 3003
f 3002 3005 3003
f 3002 3004 3005
f 3002 3006 3004
f 3002 3003 3006
v -0.0461188594199 -0.497978884224 0.01
v -0.0491060753058 -0.497702223329 0.01
v -0.0476124673628 -0.497840553777 0.0115
v -0.0476124673628 -0.497840553777 0.0085
v -0.0477507978102 -0.49933416172 0.01
v -0.0474741369155 -0.496346945834 0.01
f 3007 3009 3011
f 3007 3011 3010
f 3007 3010 3012
f 3007 3012 3009
f 3008 3011 3009
f 3008 3010 3011
f 3008 3012 3010
f 3008 3009 3012
v -0.0461510438398 -0.498326391994 0.00999390827019
v -0.0491382597258 -0.498049731099 0.00999390827019
v -0.0476494794458 -0.498240187712 0.0114929945107
v -0.0476398241198 -0.498135935381 0.00849482202966
v -0.047782897963 -0.499680759624 0.00994155902514
v -0.0475064056026 -0.496695363469 0.0100462575152
f 3013 3015 3017
f 3013 3017 3016
f 3013 3016 3018
f 3013 3018 3015
f 3014 3017 3015
f 3014 3016 3017
f 3014 3018 3016
f 3014 3015 3018
v -0.046183189048 -0.498673476379 0.0099756405026
v -0.049170404934 -0.498396815484 0.0099756405026
v -0.0476864464352 -0.498639334755 0.011471986578
v -0.0476671475468 -0.498430957109 0.00847929442721
v -0.0478147904724 -0.500025115521 0.00987100579198
v -0.0475388035096 -0.497045176343 0.0100802752132
f 3019 3021 3023
f 3019 3023 3022
f 3019 3022 3024
f 3019 3024 3021
f 3020 3023 3021
f 3020 3022 3023
f 3020 3024 3022
f 3020 3021 3024
v -0.0462152558805 -0.499019714511 0.00994521895368
v -0.0492024717664 -0.498743053616 0.00994521895368
v -0.0477233232925 -0.499037508606 0.0114370017967
v -0.0476944043543 -0.49872525952 0.00845343611063
v -0.0478464364822 -0.500366809866 0.00978842625878
v -0.0475712911647 -0.497395958261 0.0101020116486
f 3025 3027 3029
f 3025 3029 3028
f 3025 3028 3030
f 3025 3030 3027
f 3026 3029 3027
f 3026 3028 3029
f 3026 3030 3028
f 3026 3027 3030
v -0.0462472052687 -0.499364684551 0.00990268068742
v -0.0492344211546 -0.499088023656 0.00990268068742
v -0.047760065089 -0.499434224153 0.0113880827905
v -0.0477215613343 -0.499018484055 0.0084172785843
v -0.0478777974366 -0.500705426357 0.00969392103598
v -0.0476038289867 -0.497747281851 0.0101114403389
f 3031 3033 3035
f 3031 3035 3034
f 3031 3034 3036
f 3031 3036 3033
f 3032 3035 3033
f 3032 3034 3035
f 3032 3036 3034
f 3032 3033 3036
v -0.0462789982872 -0.499707966207 0.00984807753012
v -0.0492662141732 -0.499431305312 0.00984807753012
v -0.0477966270603 -0.499828998057 0.0113252891596
v -0.0477485854001 -0.499310273462 0.0083708659006
v -0.0479088351273 -0.501040552442 0.00958760526362
v -0.0476363773331 -0.498098719078 0.0101085497966
f 3037 3039 3041
f 3037 3041 3040
f 3037 3040 3042
f 3037 3042 3039
f 3038 3041 3039
f 3038 3040 3041
f 3038 3042 3040
f 3038 3039 3042
v -0.0463105962013 -0.500049141243 0.00978147600734
v -0.0492978120872 -0.499772480348 0.00978147600734
v -0.0478329646614 -0.500221349349 0.0112486974084
v -0.047775443627 -0.499600272243 0.00831425460624
v -0.0479395117395 -0.501371779822 0.00946960847111
v -0.047668896549 -0.49844984177 0.0100933435436
f 3043 3045 3047
f 3043 3047 3046
f 3043 3046 3048
f 3043 3048 3045
f 3044 3047 3045
f 3044 3046 3047
f 3044 3048 3046
f 3044 3045 3048
v -0.0463419605135 -0.50038779399 0.00970295726276
v -0.0493291763995 -0.500111133095 0.00970295726276
v -0.0478690336206 -0.500610800007 0.0111584008522
v -0.0478021032925 -0.499888127078 0.00824751367335
v -0.0479697898984 -0.501698704946 0.00934007441936
v -0.0477013470146 -0.498800222139 0.0100658401062
f 3049 3051 3053
f 3049 3053 3052
f 3049 3052 3054
f 3049 3054 3051
f 3050 3053 3051
f 3050 3052 3053
f 3050 3054 3052
f 3050 3051 3054
v -0.0463730530115 -0.500723511851 0.00961261695938
v -0.0493602688975 -0.500446850956 0.00961261695938
v -0.0479047899932 -0.500996875548 0.0110545095033
v -0.0478285319157 -0.50017348726 0.00817072441548
v -0.0479996327149 -0.502020929508 0.00919916092566
v -0.047733689194 -0.499149433299 0.0100260729931
f 3055 3057 3059
f 3055 3059 3058
f 3055 3058 3060
f 3055 3060 3057
f 3056 3059 3057
f 3056 3058 3059
f 3056 3060 3058
f 3056 3057 3060
v -0.0464038358138 -0.501055885806 0.00951056516295
v -0.0493910516997 -0.500779224911 0.00951056516295
v -0.0479401902158 -0.501379105596 0.0109371499374
v -0.0478546972976 -0.500456005122 0.00808398038851
v -0.0480290038301 -0.502338060926 0.00904703967139
v -0.0477658836833 -0.499497049792 0.00997409065451
f 3061 3063 3065
f 3061 3065 3064
f 3061 3064 3066
f 3061 3066 3063
f 3062 3065 3063
f 3062 3064 3065
f 3062 3066 3064
f 3062 3063 3066
v -0.0464342714161 -0.501384510909 0.00939692620786
v -0.0494214873021 -0.501107850014 0.00939692620786
v -0.0479751911586 -0.501757024464 0.010806465139
v -0.0478805675597 -0.500735336459 0.00798738727668
v -0.0480578674598 -0.502649712824 0.00888389599287
v -0.0477978912585 -0.499842648099 0.00990995642285
f 3067 3069 3071
f 3067 3071 3070
f 3067 3070 3072
f 3067 3072 3069
f 3068 3071 3069
f 3068 3070 3071
f 3068 3072 3070
f 3068 3069 3072
v -0.0464643227376 -0.50170898678 0.00927183854567
v -0.0494515386236 -0.501432325886 0.00927183854567
v -0.0480097501783 -0.502130171716 0.0106626143275
v -0.0479061111829 -0.501011140949 0.00788106276382
v -0.048086188438 -0.502955505503 0.00870992865554
v -0.0478296729232 -0.500185807163 0.00983374843579
f 3073 3075 3077
f 3073 3077 3076
f 3073 3076 3078
f 3073 3078 3075
f 3074 3077 3075
f 3074 3076 3077
f 3074 3078 3076
f 3074 3075 3078
v -0.0464939531652 -0.502028918096 0.00913545457643
v -0.0494811690512 -0.501752257201 0.00913545457643
v -0.04804382517 -0.50249809273 0.0105057727629
v -0.0479312970464 -0.501283082568 0.00776513638996
v -0.0481139322601 -0.503255066401 0.00852534961181
v -0.0478611899564 -0.500526108897 0.00974555954104
f 3079 3081 3083
f 3079 3083 3082
f 3079 3082 3084
f 3079 3084 3081
f 3080 3083 3081
f 3080 3082 3083
f 3080 3084 3082
f 3080 3081 3084
v -0.0465231265989 -0.50234391507 0.00898794046299
v -0.0495103424849 -0.502067254175 0.00898794046299
v -0.0480773746188 -0.502860339249 0.0103361315324
v -0.047956094465 -0.501550829995 0.00763974939354
v -0.0481410651244 -0.503548030549 0.00833038374281
v -0.0478924039594 -0.500863138696 0.00964549718318
f 3085 3087 3089
f 3085 3089 3088
f 3085 3088 3090
f 3085 3090 3087
f 3086 3089 3087
f 3086 3088 3089
f 3086 3090 3088
f 3086 3087 3090
v -0.0465518074953 -0.502653593925 0.00882947592859
v -0.0495390233813 -0.502376933031 0.00882947592859
v -0.0481103576496 -0.503216469933 0.0101538973179
v -0.047980473227 -0.501814057023 0.0075050545393
v -0.0481675539738 -0.503834041016 0.00812526858441
v -0.0479232769027 -0.50119648594 0.00953368327277
f 3091 3093 3095
f 3091 3095 3094
f 3091 3094 3096
f 3091 3096 3093
f 3092 3095 3093
f 3092 3094 3095
f 3092 3096 3094
f 3092 3093 3096
v -0.0465799609112 -0.502957577367 0.00866025403784
v -0.0495671767971 -0.502680916473 0.00866025403784
v -0.0481427340778 -0.503566050892 0.00995929214352
v -0.0480044036304 -0.502072442949 0.00736121593217
v -0.0481933665357 -0.504112749342 0.00791025403784
v -0.0479537711726 -0.501525744498 0.00941025403784
f 3097 3099 3101
f 3097 3101 3100
f 3097 3100 3102
f 3097 3102 3099
f 3098 3101 3099
f 3098 3100 3101
f 3098 3102 3100
f 3098 3099 3102
v -0.0466075525459 -0.503255495039 0.00848048096156
v -0.0495947684318 -0.502978834144 0.00848048096156
v -0.0481744644578 -0.503908656214 0.0097525531058
v -0.04802785652 -0.502325672969 0.00720840881733
v -0.0482184713614 -0.504383815964 0.00768560206521
v -0.0479838496163 -0.501850513219 0.00927535985791
f 3103 3105 3107
f 3103 3107 3106
f 3103 3106 3108
f 3103 3108 3105
f 3104 3107 3105
f 3104 3106 3107
f 3104 3108 3106
f 3104 3105 3108
v -0.0466345487833 -0.503546983973 0.00829037572555
v -0.0496217646692 -0.503270323078 0.00829037572555
v -0.0482055101308 -0.504243868488 0.00953393208438
v -0.0480508033218 -0.502573438563 0.00704681936672
v -0.0482428378646 -0.504646910629 0.00745158637034
v -0.048013475588 -0.502170396422 0.00912916508076
f 3109 3111 3113
f 3109 3113 3112
f 3109 3112 3114
f 3109 3114 3111
f 3110 3113 3111
f 3110 3112 3113
f 3110 3114 3112
f 3110 3111 3114
v -0.0466609167327 -0.503831689035 0.00809016994375
v -0.0496481326186 -0.50355502814 0.00809016994375
v -0.0482358332726 -0.504571279309 0.00930369543531
v -0.0480732160787 -0.502815437866 0.00687664445219
v -0.0482664363584 -0.504901712796 0.00720849206531
v -0.0480426129929 -0.502485004379 0.00897184782219
f 3115 3117 3119
f 3115 3119 3118
f 3115 3118 3120
f 3115 3120 3117
f 3116 3119 3117
f 3116 3118 3119
f 3116 3120 3118
f 3116 3117 3120
v -0.0466866242687 -0.504109263356 0.00788010753607
v -0.0496738401546 -0.503832602461 0.00788010753607
v -0.048265396939 -0.504890489778 0.00906212366648
v -0.0480950674843 -0.503051376039 0.00669809140566
v -0.0482892380918 -0.505147912029 0.00695661532308
v -0.0480712263316 -0.502793953788 0.00880359974906
f 3121 3123 3125
f 3121 3125 3124
f 3121 3124 3126
f 3121 3126 3123
f 3122 3125 3123
f 3122 3124 3125
f 3122 3126 3124
f 3122 3123 3126
v -0.0467116400707 -0.504379368754 0.00766044443119
v -0.0496988559566 -0.504102707859 0.00766044443119
v -0.0482941651113 -0.505201110986 0.00880951109587
v -0.048116330916 -0.503280965627 0.00651137776651
v -0.0483112152842 -0.505385208372 0.00669626301666
v -0.0480992807431 -0.503096868242 0.00862462584572
f 3127 3129 3131
f 3127 3131 3130
f 3127 3130 3132
f 3127 3132 3129
f 3128 3131 3129
f 3128 3130 3131
f 3128 3132 3130
f 3128 3129 3132
v -0.0467359336608 -0.504641676148 0.00743144825477
v -0.0497231495468 -0.504365015253 0.00743144825477
v -0.0483221027399 -0.505502764489 0.00854616549299
v -0.0481369804676 -0.503503926912 0.00631673101656
v -0.04833234116 -0.505613312715 0.00642775234524
v -0.0481267420476 -0.503393378686 0.00843514416431
f 3133 3135 3137
f 3133 3137 3136
f 3133 3136 3138
f 3133 3138 3135
f 3134 3137 3135
f 3134 3136 3137
f 3134 3138 3136
f 3134 3135 3138
v -0.046759475441 -0.504895865956 0.00719339800339
v -0.0497466913269 -0.504619205061 0.00719339800339
v -0.0483491757871 -0.505795082768 0.00827240770389
v -0.0481569909808 -0.503719988249 0.00611438830288
v -0.0483525899804 -0.505831947148 0.0061514104477
v -0.0481535767876 -0.503683123869 0.00823538555908
f 3139 3141 3143
f 3139 3143 3142
f 3139 3142 3144
f 3139 3144 3141
f 3140 3143 3141
f 3140 3142 3143
f 3140 3144 3142
f 3140 3141 3144
v -0.0467822367292 -0.505141628487 0.00694658370459
v -0.0497694526152 -0.504864967593 0.00694658370459
v -0.0483753512686 -0.50607770968 0.00798857126028
v -0.0481763380758 -0.503928886401 0.0059045961489
v -0.0483719370754 -0.5060408453 0.00586757400408
v -0.048179752269 -0.50396575078 0.0080255934051
f 3145 3147 3149
f 3145 3149 3148
f 3145 3148 3150
f 3145 3150 3147
f 3146 3149 3147
f 3146 3148 3149
f 3146 3150 3148
f 3146 3147 3150
v -0.0468041897944 -0.505378664318 0.00669130606359
v -0.0497914056804 -0.505102003423 0.00669130606359
v -0.0484005972936 -0.506350300885 0.00769500197313
v -0.0481949981812 -0.504130366857 0.00568761015405
v -0.0483903588735 -0.506239752659 0.00557658882537
v -0.0482052366013 -0.504240915082 0.0078060233018
f 3151 3153 3155
f 3151 3155 3154
f 3151 3154 3156
f 3151 3156 3153
f 3152 3155 3153
f 3152 3154 3155
f 3152 3156 3154
f 3152 3153 3156
v -0.0468253078901 -0.505606684657 0.00642787609687
v -0.0498125237761 -0.505330023762 0.00642787609687
v -0.0484248831036 -0.506612524274 0.0073920575114
v -0.0482129485626 -0.504324184145 0.00546369468234
v -0.0484078329307 -0.506428426889 0.00527880943219
v -0.0482299987355 -0.50450828153 0.00757694276154
f 3157 3159 3161
f 3157 3161 3160
f 3157 3160 3162
f 3157 3162 3159
f 3158 3161 3159
f 3158 3160 3161
f 3158 3162 3160
f 3158 3159 3162
v -0.0468455652872 -0.505825411696 0.00615661475326
v -0.0498327811731 -0.505548750801 0.00615661475326
v -0.0484481791102 -0.506864060369 0.00708010696625
v -0.04823016735 -0.504510102128 0.00523312254027
v -0.0484243379575 -0.506606638118 0.00497459862285
v -0.0482540085028 -0.504767524379 0.00733863088367
f 3163 3165 3167
f 3163 3167 3166
f 3163 3166 3168
f 3163 3168 3165
f 3164 3167 3165
f 3164 3166 3167
f 3164 3168 3166
f 3164 3165 3168
v -0.046864937305 -0.50603457895 0.00587785252292
v -0.049852153191 -0.505757918055 0.00587785252292
v -0.0484704569308 -0.507104602711 0.00675953040136
v -0.0482466335652 -0.504687894293 0.00499617464449
v -0.0484398538449 -0.506774169224 0.00466432703136
v -0.0482772366511 -0.505018327781 0.00709137801449
f 3169 3171 3173
f 3169 3173 3172
f 3169 3172 3174
f 3169 3174 3171
f 3170 3173 3171
f 3170 3172 3173
f 3170 3174 3172
f 3170 3171 3174
v -0.046883400342 -0.50623393158 0.00559192903471
v -0.0498706162279 -0.505957270685 0.00559192903471
v -0.0484916894232 -0.507333858236 0.00643071838991
v -0.0482623271466 -0.504857344029 0.0047531396795
v -0.0484543616894 -0.506930816095 0.00434837267587
v -0.0482996548804 -0.50526038617 0.00683548539354
f 3175 3177 3179
f 3175 3179 3178
f 3175 3178 3180
f 3175 3180 3177
f 3176 3179 3177
f 3176 3178 3179
f 3176 3180 3178
f 3176 3177 3180
v -0.0469009319035 -0.506423226707 0.00529919264233
v -0.0498881477895 -0.506146565812 0.00529919264233
v -0.0485118507191 -0.507551547632 0.00609407153868
v -0.048277228974 -0.505018244887 0.00450431374598
v -0.0484678438154 -0.507076387882 0.0040271204981
v -0.0483212358776 -0.505493404638 0.00657126478657
f 3181 3183 3185
f 3181 3185 3184
f 3181 3184 3186
f 3181 3186 3183
f 3182 3185 3183
f 3182 3184 3185
f 3182 3186 3184
f 3182 3183 3186
v -0.0469175106302 -0.506602233704 0.005
v -0.0499047265162 -0.506325572809 0.005
v -0.0485309162548 -0.507757405678 0.00575
v -0.0482913208917 -0.505170400834 0.00425
v -0.0484802837969 -0.507210707228 0.00370096189432
v -0.0483419533495 -0.505717099285 0.00629903810568
f 3187 3189 3191
f 3187 3191 3190
f 3187 3190 3192
f 3187 3192 3189
f 3188 3191 3189
f 3188 3190 3191
f 3188 3192 3190
f 3188 3189 3192
v -0.0469331163235 -0.506770734477 0.00469471562786
v -0.0499203322094 -0.506494073582 0.00469471562786
v -0.048548862802 -0.507951181568 0.00539892297204
v -0.0483045857309 -0.505313626492 0.00399050828368
v -0.0484916664778 -0.507333610485 0.00337029423857
v -0.0483617820551 -0.505931197574 0.00601913701715
f 3193 3195 3197
f 3193 3197 3196
f 3193 3196 3198
f 3193 3198 3195
f 3194 3197 3195
f 3194 3196 3197
f 3194 3198 3196
f 3194 3195 3198
v -0.0469477299701 -0.506928523735 0.00438371146789
v -0.0499349458561 -0.50665186284 0.00438371146789
v -0.0485656684956 -0.508132639214 0.00504126818807
v -0.0483170073305 -0.505447747361 0.00372615474771
v -0.0485019779899 -0.507444947915 0.00303552039844
v -0.0483806978362 -0.506135438661 0.00573190253734
f 3199 3201 3203
f 3199 3203 3202
f 3199 3202 3204
f 3199 3204 3201
f 3200 3203 3201
f 3200 3202 3203
f 3200 3204 3202
f 3200 3201 3204
v -0.0469613337656 -0.507075409236 0.00406736643076
v -0.0499485496516 -0.506798748341 0.00406736643076
v -0.0485813128605 -0.508301557541 0.00467747139537
v -0.0483285705568 -0.505572600037 0.00345726146614
v -0.0485112057704 -0.50754458387 0.00269704824429
v -0.0483986776468 -0.506329573708 0.00543768461722
f 3205 3207 3209
f 3205 3209 3208
f 3205 3208 3210
f 3205 3210 3207
f 3206 3209 3207
f 3206 3208 3209
f 3206 3210 3208
f 3206 3207 3210
v -0.046973911136 -0.507211212023 0.00374606593416
v -0.0499611270219 -0.506934551128 0.00374606593416
v -0.0485957768364 -0.508457730745 0.00430797582428
v -0.0483392613215 -0.505688032406 0.00318415604404
v -0.0485193385766 -0.507632396959 0.00235529015231
v -0.0484156995813 -0.506513366192 0.00513684171601
f 3211 3213 3215
f 3211 3215 3214
f 3211 3214 3216
f 3211 3216 3213
f 3212 3215 3213
f 3212 3214 3215
f 3212 3216 3214
f 3212 3213 3216
v -0.0469854467575 -0.50733576664 0.00342020143326
v -0.0499726626434 -0.507059105745 0.00342020143326
v -0.0486090428011 -0.508600968555 0.00393323164825
v -0.0483490665998 -0.50579390383 0.00290717121827
v -0.0485263664999 -0.507708280195 0.00201066250208
v -0.048431742901 -0.50668659219 0.00482974036444
f 3217 3219 3221
f 3217 3221 3220
f 3217 3220 3222
f 3217 3222 3219
f 3218 3221 3219
f 3218 3220 3221
f 3218 3222 3220
f 3218 3219 3222
v -0.0469959265758 -0.507448921337 0.00309016994375
v -0.0499831424618 -0.507172260442 0.00309016994375
v -0.0486210945922 -0.508731096457 0.00355369543531
v -0.0483579744454 -0.505890085323 0.00262664445219
v -0.0485322809779 -0.507772141127 0.00166358516931
v -0.0484467880597 -0.506849040653 0.00451675471819
f 3223 3225 3227
f 3223 3227 3226
f 3223 3226 3228
f 3223 3228 3225
f 3224 3227 3225
f 3224 3226 3227
f 3224 3228 3226
f 3224 3225 3228
v -0.0470053378229 -0.507550538253 0.00275637355817
v -0.0499925537089 -0.507273877358 0.00275637355817
v -0.0486319175263 -0.50884795591 0.0031698295919
v -0.0483659740054 -0.505976459701 0.00234291752444
v -0.0485370748046 -0.50782390195 0.00131448101426
v -0.0484608167271 -0.507000513662 0.00419826610208
f 3229 3231 3233
f 3229 3233 3232
f 3229 3232 3234
f 3229 3234 3231
f 3230 3233 3231
f 3230 3232 3233
f 3230 3234 3232
f 3230 3231 3234
v -0.0470136690326 -0.507640493583 0.002419218956
v -0.0500008849186 -0.507363832688 0.002419218956
v -0.0486414984175 -0.508951404539 0.0027821017994
v -0.0483730555337 -0.506052921732 0.0020563361126
v -0.0485407421397 -0.5078634996 0.000963775366583
v -0.0484738118116 -0.507140826671 0.00387466254541
f 3235 3237 3239
f 3235 3239 3238
f 3235 3238 3240
f 3235 3240 3237
f 3236 3239 3237
f 3236 3238 3239
f 3236 3240 3238
f 3236 3237 3240
v -0.0470209100547 -0.50771867773 0.00207911690818
v -0.0500081259406 -0.507442016835 0.00207911690818
v -0.0486498255929 -0.509041316308 0.0023909844444
v -0.0483792104024 -0.506119378257 0.00176724937195
v -0.0485432785149 -0.507890885835 0.000611895507077
v -0.0484857574804 -0.50726980873 0.00354633830928
f 3241 3243 3245
f 3241 3245 3244
f 3241 3244 3246
f 3241 3246 3243
f 3242 3245 3243
f 3242 3244 3245
f 3242 3246 3244
f 3242 3243 3246
o local_feasible_arc
usemtl feasible_arc
g local_feasible_arc
v -0.0485346703454 -0.507797940063 0
v -0.0485341085643 -0.507791874293 -0.000348994967025
v -0.0485324239053 -0.507773684371 -0.000697564737441
v -0.048529618421 -0.507743392459 -0.00104528463268
v -0.0466992391963 -0.487980072089 -0.0013917310096
v -0.0466953163047 -0.487937715094 -0.00104528463268
v -0.0466925108204 -0.487907423183 -0.000697564737441
v -0.0466908261614 -0.487889233261 -0.000348994967025
v -0.0466902643803 -0.48788316749 -1.22464679915e-18
v -0.0466908261614 -0.487889233261 0.000348994967025
v -0.0466925108204 -0.487907423183 0.000697564737441
v -0.0466953163047 -0.487937715094 0.00104528463268
v -0.0466992391963 -0.487980072089 0.0013917310096
v -0.0467042747157 -0.488034442562 0.00173648177667
v -0.04852066001 -0.507646664991 0.00173648177667
v -0.0485256955294 -0.507701035464 0.0013917310096
v -0.048529618421 -0.507743392459 0.00104528463268
v -0.0485324239053 -0.507773684371 0.000697564737441
v -0.0485341085643 -0.507791874293 0.000348994967025
l 3247 3248
l 3248 3249
l 3249 3250
l 3251 3252
l 3252 3253
l 3253 3254
l 3254 3255
l 3255 3256
l 3256 3257
l 3257 3258
l 3258 3259
l 3259 3260
l 3261 3262
l 3262 3263
l 3263 3264
l 3264 3265
l 3265 3247
